source,target
0,1
0,2
0,3
0,4
0,5
0,6
0,7
0,8
0,9
0,10
0,11
0,12
0,13
0,14
0,15
0,16
0,17
0,18
0,19
0,20
0,21
0,22
0,23
0,24
0,25
0,26
0,27
0,28
0,29
0,30
0,31
0,32
1,7
1,25
1,30
1,39
1,40
1,41
1,42
1,43
1,44
1,45
1,46
1,47
1,48
1,49
1,50
1,51
1,52
1,53
1,54
1,55
1,56
1,57
1,58
1,59
1,60
1,61
1,62
1,63
1,64
1,65
1,66
1,67
1,68
1,69
1,70
1,71
1,72
1,73
1,74
1,75
1,76
1,77
1,78
2,33
2,36
2,38
2,40
2,48
2,79
2,80
2,81
2,82
2,83
2,84
2,85
2,86
2,87
2,88
2,89
2,90
2,91
2,92
2,93
3,90
3,95
4,7
4,21
4,25
4,31
4,35
4,36
4,38
4,49
4,50
4,81
4,83
4,88
4,90
4,102
4,105
4,113
4,120
4,121
4,122
4,123
4,124
4,125
4,126
4,127
4,128
4,129
4,130
4,131
4,132
4,133
4,134
4,135
4,136
5,3
5,7
5,36
5,37
5,83
5,96
5,98
5,100
5,102
5,103
5,105
5,108
5,115
5,130
5,131
5,137
5,138
5,139
5,140
5,141
5,142
6,1
6,7
6,9
6,11
6,15
6,19
6,21
6,22
6,23
6,24
6,29
6,31
6,40
6,41
6,44
6,46
6,48
6,50
6,51
6,54
6,57
6,59
6,66
6,70
6,77
6,81
6,83
6,96
6,97
6,98
6,101
6,102
6,105
6,107
6,108
6,109
6,114
6,116
6,122
6,123
6,143
6,148
6,149
6,151
6,163
6,170
6,171
6,174
6,175
6,177
6,179
6,180
6,181
6,182
6,183
6,184
6,185
6,186
6,187
6,188
6,189
6,190
6,191
6,192
6,193
6,194
6,195
6,196
6,197
6,198
6,199
6,200
6,201
6,202
6,203
6,204
6,205
6,206
6,207
6,208
6,209
6,210
6,211
6,212
6,213
6,214
6,215
6,216
6,217
6,218
6,219
6,220
6,221
6,222
6,223
6,224
6,225
6,226
6,227
6,228
6,229
6,230
6,231
6,232
6,233
6,234
7,1
7,5
7,13
7,15
7,21
7,23
7,25
7,26
7,33
7,36
7,40
7,44
7,48
7,50
7,51
7,52
7,54
7,55
7,58
7,59
7,60
7,71
7,75
7,77
7,81
7,85
7,96
7,100
7,104
7,105
7,106
7,111
7,112
7,113
7,114
7,115
7,116
7,122
7,123
7,126
7,130
7,144
7,145
7,146
7,147
7,156
7,166
7,174
7,180
7,181
7,198
7,208
7,209
7,210
7,217
7,220
7,228
7,229
7,230
7,233
7,235
7,236
7,237
7,238
7,239
7,240
7,241
7,242
7,243
7,244
7,245
7,246
7,247
7,248
7,249
7,250
7,251
7,252
7,253
7,254
7,255
7,256
7,257
7,258
7,259
7,260
7,261
7,262
7,263
8,7
8,31
8,37
8,50
8,73
8,74
8,83
8,96
8,102
8,103
8,105
8,106
8,112
8,114
8,116
8,123
8,127
8,129
8,131
8,144
8,170
8,171
8,173
8,174
8,191
8,195
8,199
8,204
8,267
8,268
8,269
8,270
8,271
8,272
8,273
9,16
9,19
9,21
9,24
9,30
9,31
9,38
9,56
9,97
9,99
9,128
9,136
9,152
9,169
9,171
9,176
9,177
9,191
9,194
9,195
9,218
9,232
9,274
9,275
9,276
9,277
9,278
9,279
9,280
9,281
9,282
9,283
9,284
9,285
9,286
9,287
9,288
9,289
9,290
9,291
9,292
9,293
9,294
9,295
10,26
10,74
10,136
10,160
10,168
10,169
10,170
10,204
10,208
10,249
10,299
10,300
10,301
10,302
10,303
10,304
10,305
10,306
10,307
10,308
10,309
10,310
10,311
10,312
10,313
10,314
10,315
10,316
10,317
10,318
10,319
10,320
11,16
11,108
11,136
11,265
11,286
11,292
11,321
11,322
12,8
12,21
12,171
12,177
12,266
12,323
12,324
12,325
12,326
12,327
12,328
13,75
13,210
13,252
13,254
13,329
13,330
13,331
13,332
13,333
14,334
14,335
14,336
14,337
15,2
15,6
15,7
15,11
15,12
15,16
15,19
15,21
15,38
15,45
15,46
15,48
15,51
15,54
15,70
15,74
15,81
15,83
15,86
15,91
15,98
15,100
15,101
15,104
15,105
15,106
15,108
15,109
15,110
15,112
15,114
15,123
15,126
15,130
15,134
15,137
15,140
15,141
15,145
15,146
15,159
15,162
15,170
15,174
15,175
15,177
15,180
15,182
15,188
15,191
15,195
15,197
15,199
15,202
15,205
15,212
15,224
15,232
15,239
15,265
15,275
15,283
15,285
15,294
15,302
15,339
15,341
15,342
15,349
15,360
15,361
15,362
15,363
15,364
15,365
15,366
15,367
15,368
15,369
15,370
15,371
15,372
15,373
15,374
15,375
15,376
15,377
16,2
16,9
16,11
16,15
16,19
16,21
16,31
16,38
16,44
16,46
16,54
16,83
16,86
16,96
16,103
16,105
16,106
16,109
16,114
16,117
16,123
16,128
16,136
16,139
16,140
16,159
16,169
16,170
16,174
16,177
16,179
16,182
16,187
16,191
16,194
16,195
16,198
16,199
16,201
16,202
16,204
16,205
16,273
16,289
16,298
16,347
16,355
16,367
16,369
16,370
16,375
16,378
17,253
17,261
17,343
17,375
17,379
17,380
18,25
18,33
18,36
18,76
18,168
18,210
18,234
18,243
18,329
18,381
18,382
18,383
18,384
19,11
19,16
19,24
19,29
19,31
19,49
19,88
19,160
19,165
19,169
19,182
19,194
19,195
19,203
19,204
19,205
19,235
19,273
19,283
19,296
19,305
19,385
19,386
20,0
20,31
20,96
20,125
20,134
20,181
20,191
20,204
20,232
20,247
20,259
20,266
20,354
20,380
20,387
20,388
20,389
20,390
20,391
20,392
20,393
20,394
20,395
21,6
21,7
21,10
21,12
21,15
21,16
21,31
21,35
21,37
21,42
21,50
21,59
21,86
21,88
21,96
21,97
21,100
21,102
21,103
21,105
21,108
21,111
21,112
21,116
21,126
21,127
21,128
21,135
21,140
21,146
21,159
21,161
21,174
21,175
21,180
21,182
21,190
21,199
21,202
21,203
21,204
21,205
21,276
21,283
21,296
21,346
21,370
21,374
21,385
21,396
21,397
21,398
21,399
22,23
22,24
22,25
22,29
22,46
22,53
22,74
22,75
22,96
22,114
22,182
22,194
22,205
22,206
22,207
22,270
22,283
22,285
22,286
22,297
22,304
22,324
22,340
22,349
22,353
22,374
22,400
22,407
22,412
23,6
23,7
23,22
23,25
23,31
23,44
23,54
23,57
23,63
23,66
23,75
23,78
23,91
23,98
23,105
23,108
23,119
23,124
23,174
23,195
23,208
23,210
23,216
23,223
23,225
23,229
23,232
23,247
23,258
23,261
23,272
23,286
23,288
23,321
23,353
23,358
23,372
23,374
23,401
23,413
23,414
23,415
23,416
23,417
23,418
23,419
23,420
23,421
24,11
24,16
24,19
24,22
24,25
24,49
24,74
24,160
24,174
24,191
24,199
24,202
24,204
24,205
24,206
24,208
24,247
24,271
24,273
24,304
24,343
24,345
24,347
24,349
24,358
24,385
24,408
24,428
24,429
25,0
25,1
25,3
25,4
25,6
25,7
25,8
25,9
25,10
25,15
25,19
25,21
25,22
25,23
25,24
25,31
25,33
25,37
25,38
25,39
25,40
25,41
25,42
25,44
25,46
25,48
25,49
25,50
25,51
25,52
25,54
25,56
25,65
25,70
25,76
25,80
25,82
25,92
25,97
25,98
25,99
25,101
25,108
25,114
25,115
25,117
25,121
25,122
25,125
25,128
25,131
25,132
25,134
25,136
25,145
25,149
25,151
25,162
25,165
25,166
25,173
25,174
25,177
25,179
25,181
25,182
25,190
25,193
25,194
25,195
25,196
25,201
25,203
25,204
25,207
25,208
25,210
25,222
25,224
25,225
25,232
25,233
25,235
25,243
25,246
25,247
25,257
25,258
25,268
25,273
25,276
25,277
25,282
25,283
25,284
25,285
25,289
25,302
25,305
25,324
25,345
25,346
25,349
25,352
25,353
25,354
25,359
25,360
25,363
25,368
25,378
25,387
25,394
25,400
25,417
25,418
25,428
25,433
25,434
25,435
25,436
25,437
25,438
25,439
25,440
25,441
25,442
25,443
25,444
25,445
25,446
25,447
25,448
25,449
25,450
25,451
25,452
25,453
25,454
25,455
25,456
25,457
25,458
26,0
26,10
26,40
26,44
26,52
26,54
26,58
26,148
26,152
26,206
26,208
26,212
26,218
26,238
26,258
26,261
26,265
26,271
26,281
26,288
26,294
26,325
26,339
26,416
26,422
26,435
26,456
26,459
26,460
26,461
26,462
27,0
27,30
27,76
27,165
27,211
27,243
27,255
27,257
27,270
27,348
27,350
27,361
27,422
27,425
27,457
27,464
27,465
27,466
27,467
27,468
27,469
27,470
27,471
27,472
27,473
27,474
27,475
27,476
27,477
27,478
27,479
27,480
28,0
28,489
29,0
29,19
29,22
29,30
29,76
29,195
29,206
29,207
29,211
29,222
29,286
29,294
29,296
29,299
29,325
29,353
29,449
29,490
29,491
30,0
30,1
30,27
30,29
30,51
30,55
30,56
30,59
30,63
30,70
30,76
30,124
30,158
30,177
30,206
30,222
30,223
30,228
30,229
30,232
30,240
30,243
30,246
30,251
30,253
30,257
30,258
30,259
30,261
30,262
30,263
30,281
30,285
30,295
30,332
30,340
30,348
30,350
30,356
30,372
30,373
30,408
30,415
30,436
30,465
30,471
30,478
30,494
30,495
30,496
30,497
30,498
30,499
30,500
30,501
30,502
30,503
30,504
30,505
30,506
30,507
31,0
31,3
31,4
31,5
31,6
31,7
31,8
31,9
31,10
31,16
31,19
31,20
31,21
31,22
31,23
31,24
31,25
31,37
31,38
31,48
31,49
31,51
31,54
31,59
31,73
31,97
31,99
31,101
31,109
31,110
31,117
31,120
31,123
31,129
31,130
31,131
31,134
31,136
31,150
31,151
31,161
31,162
31,165
31,173
31,174
31,177
31,180
31,188
31,190
31,193
31,194
31,199
31,201
31,204
31,208
31,210
31,247
31,271
31,273
31,276
31,277
31,285
31,289
31,298
31,299
31,303
31,304
31,305
31,322
31,338
31,341
31,344
31,354
31,368
31,375
31,391
31,402
31,410
31,414
31,429
31,490
31,519
31,529
31,530
31,531
31,532
31,533
31,534
32,0
32,42
32,46
32,47
32,50
32,52
32,54
32,81
32,87
32,90
32,95
32,105
32,111
32,113
32,119
32,125
32,146
32,156
32,159
32,163
32,171
32,204
32,209
32,221
32,223
32,232
32,234
32,255
32,256
32,260
32,261
32,289
32,308
32,346
32,348
32,379
32,383
32,393
32,405
32,453
32,454
32,457
32,484
32,492
32,515
32,540
32,541
32,542
32,543
32,544
32,545
32,546
32,547
32,548
32,549
32,550
32,551
32,552
32,553
32,554
32,555
32,556
32,557
32,558
32,559
32,560
32,561
32,562
32,563
32,564
32,565
32,566
33,41
33,42
33,44
33,46
33,90
33,98
33,113
33,123
33,198
33,572
33,573
33,574
33,575
33,576
34,33
34,88
35,40
36,40
36,50
36,81
36,98
36,138
36,148
36,158
36,198
37,4
37,5
37,25
37,31
37,99
37,102
37,114
37,116
37,117
37,127
37,129
37,143
37,146
37,152
37,159
37,184
37,364
37,365
37,521
37,577
38,94
38,117
38,190
38,204
38,273
38,338
38,339
38,345
38,347
38,364
38,522
38,579
38,595
39,1
39,40
39,45
39,53
39,74
39,86
39,88
39,110
39,178
39,180
39,189
39,255
39,280
39,321
39,347
39,374
39,386
39,387
39,433
39,478
39,496
39,498
39,503
39,562
39,594
39,597
39,598
39,599
39,600
39,601
39,602
39,603
39,604
39,605
39,606
39,607
39,608
39,609
39,610
39,611
39,612
39,613
39,614
39,615
39,616
39,617
40,1
40,2
40,6
40,26
40,35
40,36
40,38
40,39
40,41
40,46
40,71
40,90
40,93
40,96
40,98
40,100
40,104
40,105
40,111
40,113
40,140
40,146
40,274
40,580
40,592
40,619
41,1
41,6
41,25
41,33
41,42
41,95
41,98
41,100
41,104
41,106
41,107
41,110
41,159
41,179
41,180
41,182
41,201
41,235
41,289
41,321
41,349
41,401
41,410
41,451
41,538
41,572
41,574
41,577
41,620
41,621
41,622
42,1
42,21
42,32
42,33
42,41
42,43
42,85
42,86
42,90
42,98
42,110
42,140
42,166
42,174
42,186
42,189
42,195
42,198
42,201
42,209
42,211
42,235
42,246
42,307
42,326
42,334
42,355
42,363
42,371
42,384
42,426
42,440
42,469
42,517
42,534
42,553
42,573
42,587
42,613
42,623
42,624
42,625
42,626
42,627
42,628
42,629
42,630
42,631
42,632
42,633
42,634
42,635
42,636
42,637
42,638
42,639
42,640
42,641
42,642
42,643
42,644
42,645
42,646
42,647
42,648
42,649
42,650
42,651
42,652
42,653
42,654
42,655
42,656
42,657
42,658
42,659
42,660
43,42
43,46
43,67
43,97
43,125
43,207
43,215
43,221
43,255
43,259
43,270
43,279
43,307
43,309
43,314
43,317
43,318
43,334
43,335
43,346
43,348
43,350
43,360
43,378
43,380
43,403
43,446
43,475
43,484
43,488
43,543
43,565
43,592
43,611
43,627
43,661
43,662
43,663
43,664
43,665
43,666
43,667
43,668
43,669
43,670
43,671
43,672
43,673
43,674
43,675
43,676
43,677
43,678
43,679
43,680
43,681
43,682
43,683
43,684
43,685
43,686
43,687
43,688
43,689
43,690
44,1
44,6
44,23
44,25
44,26
44,31
44,33
44,42
44,74
44,80
44,86
44,96
44,97
44,98
44,100
44,105
44,110
44,116
44,120
44,121
44,122
44,124
44,126
44,127
44,128
44,136
44,146
44,191
44,274
44,339
44,408
44,572
44,573
44,595
44,660
44,691
44,692
45,1
45,6
45,11
45,12
45,14
45,15
45,21
45,24
45,25
45,30
45,31
45,33
45,38
45,39
45,43
45,51
45,54
45,56
45,57
45,68
45,69
45,70
45,74
45,76
45,77
45,78
45,80
45,86
45,88
45,101
45,103
45,105
45,108
45,109
45,110
45,117
45,118
45,123
45,125
45,136
45,143
45,148
45,150
45,162
45,166
45,169
45,173
45,175
45,179
45,181
45,182
45,193
45,197
45,198
45,206
45,211
45,218
45,232
45,234
45,235
45,237
45,239
45,243
45,247
45,251
45,256
45,265
45,270
45,273
45,276
45,280
45,285
45,295
45,296
45,305
45,306
45,309
45,314
45,315
45,321
45,323
45,325
45,333
45,340
45,349
45,354
45,361
45,362
45,372
45,373
45,382
45,388
45,390
45,406
45,409
45,427
45,431
45,446
45,448
45,462
45,466
45,468
45,471
45,480
45,500
45,538
45,542
45,552
45,561
45,565
45,572
45,588
45,594
45,605
45,612
45,614
45,616
45,618
45,620
45,627
45,628
45,636
45,638
45,642
45,644
45,645
45,655
45,667
45,673
45,682
45,686
45,689
45,693
45,694
45,695
45,696
45,697
45,698
45,699
45,700
45,701
45,702
45,703
45,704
45,705
45,706
45,707
45,708
45,709
45,710
45,711
45,712
45,713
45,714
45,715
45,716
45,717
45,718
45,719
45,720
45,721
45,722
45,723
45,724
45,725
45,726
45,727
45,728
45,729
45,730
45,731
45,732
45,733
45,734
45,735
45,736
45,737
45,738
45,739
45,740
45,741
45,742
45,743
45,744
45,745
45,746
45,747
45,748
45,749
45,750
45,751
45,752
45,753
45,754
45,755
45,756
45,757
45,758
45,759
45,760
45,761
45,762
45,763
45,764
45,765
45,766
45,767
45,768
45,769
45,770
45,771
45,772
45,773
45,774
45,775
45,776
45,777
45,778
45,779
45,780
45,781
45,782
46,1
46,11
46,16
46,22
46,27
46,32
46,33
46,40
46,43
46,81
46,95
46,113
46,117
46,145
46,170
46,176
46,185
46,193
46,194
46,199
46,201
46,204
46,205
46,215
46,224
46,258
46,273
46,284
46,285
46,297
46,345
46,349
46,353
46,356
46,369
46,370
46,407
46,408
46,411
46,430
46,444
46,447
46,451
46,460
46,491
46,526
46,528
46,566
46,600
46,696
47,1
47,11
48,1
48,2
48,6
48,7
48,8
48,15
48,23
48,30
48,35
48,38
48,40
48,42
48,49
48,50
48,54
48,57
48,58
48,59
48,60
48,65
48,66
48,69
48,70
48,75
48,77
48,78
48,80
48,81
48,83
48,86
48,88
48,91
48,92
48,93
48,95
48,98
48,99
48,102
48,113
48,115
48,116
48,130
48,132
48,134
48,146
48,148
48,149
48,159
48,164
48,173
48,180
48,198
48,200
48,206
48,216
48,219
48,223
48,225
48,228
48,247
48,248
48,251
48,252
48,258
48,259
48,261
48,274
48,278
48,283
48,287
48,289
48,295
48,300
48,321
48,325
48,331
48,332
48,366
48,369
48,381
48,402
48,404
48,422
48,435
48,462
48,465
48,496
48,540
48,563
48,573
48,574
48,579
48,580
48,587
48,596
48,601
48,662
48,677
48,681
48,783
48,784
48,785
48,786
48,787
48,788
48,789
48,790
48,791
48,792
48,793
48,794
49,370
49,535
49,684
49,796
49,797
49,798
49,799
50,1
50,4
50,6
50,7
50,8
50,16
50,21
50,25
50,32
50,38
50,40
50,45
50,48
50,54
50,73
50,82
50,83
50,85
50,88
50,90
50,91
50,99
50,103
50,104
50,107
50,111
50,113
50,126
50,127
50,129
50,139
50,140
50,141
50,148
50,149
50,150
50,153
50,156
50,167
50,175
50,176
50,185
50,190
50,197
50,198
50,204
50,208
50,246
50,276
50,381
50,410
50,434
50,529
50,579
50,580
50,592
50,596
51,1
51,4
51,11
51,15
51,19
51,25
51,30
51,61
51,83
51,99
51,101
51,108
51,109
51,124
51,128
51,135
51,150
51,155
51,156
51,171
51,173
51,180
51,184
51,194
51,204
51,222
51,224
51,232
51,240
51,243
51,258
51,281
51,283
51,286
51,297
51,334
51,339
51,343
51,347
51,356
51,410
51,465
51,501
52,1
52,24
52,25
52,26
52,32
52,53
52,55
52,131
52,176
52,206
52,242
52,243
52,294
52,324
52,413
52,443
52,449
52,452
52,567
52,803
53,22
53,76
53,108
53,127
53,201
53,205
53,206
53,240
53,247
53,273
53,350
53,441
53,481
54,1
54,6
54,7
54,15
54,16
54,19
54,23
54,26
54,31
54,32
54,38
54,42
54,49
54,52
54,56
54,59
54,60
54,61
54,66
54,67
54,70
54,75
54,76
54,80
54,90
54,95
54,105
54,108
54,110
54,111
54,118
54,122
54,124
54,125
54,126
54,129
54,130
54,171
54,172
54,176
54,178
54,181
54,197
54,209
54,210
54,211
54,221
54,222
54,224
54,225
54,226
54,227
54,229
54,230
54,232
54,235
54,244
54,246
54,247
54,249
54,250
54,251
54,252
54,254
54,256
54,257
54,258
54,259
54,268
54,271
54,279
54,287
54,289
54,307
54,309
54,317
54,319
54,325
54,327
54,346
54,350
54,352
54,356
54,378
54,379
54,383
54,394
54,403
54,404
54,405
54,406
54,408
54,413
54,415
54,417
54,427
54,428
54,440
54,448
54,453
54,462
54,465
54,467
54,468
54,471
54,473
54,475
54,479
54,485
54,490
54,495
54,526
54,528
54,529
54,553
54,554
54,563
54,565
54,566
54,567
54,570
54,576
54,577
54,586
54,591
54,600
54,603
54,605
54,611
54,613
54,616
54,617
54,621
54,626
54,627
54,629
54,630
54,633
54,637
54,638
54,640
54,642
54,644
54,645
54,648
54,649
54,650
54,653
54,654
54,655
54,668
54,676
54,677
54,678
54,679
54,687
54,691
54,692
54,696
54,715
54,716
54,719
54,739
54,753
54,755
54,757
54,760
54,762
54,770
54,777
54,788
54,789
54,791
54,801
54,804
54,809
54,810
54,811
54,812
54,813
54,814
54,815
54,816
54,817
54,818
54,819
54,820
54,821
54,822
54,823
54,824
54,825
54,826
54,827
54,828
54,829
54,830
54,831
54,832
54,833
54,834
54,835
54,836
54,837
54,838
54,839
54,840
54,841
54,842
54,843
54,844
54,845
54,846
54,847
54,848
54,849
54,850
54,851
54,852
54,853
54,854
54,855
54,856
54,857
54,858
54,859
54,860
54,861
54,862
54,863
54,864
54,865
54,866
54,867
54,868
54,869
54,870
54,871
54,872
54,873
54,874
54,875
54,876
54,877
54,878
54,879
54,880
54,881
54,882
54,883
54,884
54,885
54,886
54,887
54,888
54,889
54,890
54,891
54,892
54,893
54,894
54,895
54,896
54,897
54,898
54,899
54,900
54,901
54,902
54,903
54,904
54,905
54,906
54,907
54,908
54,909
54,910
54,911
54,912
55,0
55,1
55,23
55,28
55,30
55,52
55,66
55,101
55,117
55,125
55,174
55,181
55,195
55,203
55,207
55,210
55,223
55,225
55,232
55,243
55,246
55,247
55,248
55,252
55,258
55,261
55,281
55,303
55,322
55,355
55,394
55,401
55,405
55,538
55,587
55,701
55,791
55,917
55,918
55,919
56,0
56,1
56,7
56,8
56,9
56,11
56,16
56,19
56,21
56,25
56,30
56,41
56,42
56,43
56,45
56,48
56,52
56,53
56,54
56,58
56,60
56,65
56,66
56,67
56,68
56,73
56,75
56,92
56,99
56,101
56,108
56,109
56,110
56,115
56,122
56,136
56,137
56,144
56,156
56,159
56,165
56,167
56,179
56,180
56,181
56,195
56,199
56,200
56,203
56,205
56,207
56,209
56,211
56,217
56,220
56,222
56,225
56,226
56,232
56,234
56,243
56,244
56,247
56,252
56,253
56,255
56,256
56,257
56,262
56,270
56,273
56,279
56,281
56,282
56,283
56,285
56,289
56,296
56,299
56,303
56,309
56,327
56,341
56,346
56,350
56,352
56,353
56,354
56,355
56,356
56,362
56,369
56,378
56,379
56,382
56,384
56,392
56,394
56,403
56,407
56,408
56,412
56,415
56,425
56,426
56,428
56,437
56,439
56,445
56,449
56,450
56,453
56,454
56,465
56,468
56,470
56,471
56,473
56,475
56,478
56,494
56,498
56,501
56,510
56,511
56,526
56,528
56,553
56,554
56,555
56,562
56,567
56,572
56,574
56,583
56,587
56,600
56,623
56,624
56,629
56,630
56,666
56,668
56,669
56,670
56,675
56,677
56,678
56,679
56,680
56,681
56,684
56,687
56,689
56,702
56,708
56,750
56,785
56,789
56,793
56,920
56,921
56,922
56,923
56,924
56,925
56,926
56,927
56,928
56,929
56,930
56,931
56,932
56,933
56,934
56,935
56,936
56,937
56,938
56,939
56,940
56,941
56,942
56,943
56,944
57,206
57,254
57,416
58,26
58,463
59,1
59,5
59,6
59,7
59,21
59,30
59,31
59,35
59,48
59,53
59,54
59,60
59,66
59,69
59,70
59,72
59,75
59,76
59,77
59,78
59,80
59,109
59,116
59,119
59,122
59,123
59,126
59,136
59,149
59,156
59,158
59,170
59,173
59,174
59,182
59,191
59,204
59,207
59,208
59,209
59,211
59,213
59,215
59,217
59,218
59,219
59,223
59,224
59,225
59,227
59,230
59,232
59,239
59,248
59,252
59,253
59,259
59,260
59,261
59,276
59,285
59,294
59,296
59,303
59,325
59,366
59,369
59,380
59,394
59,408
59,417
59,442
59,496
59,497
59,542
59,568
59,597
59,678
59,681
59,789
59,792
59,793
59,817
59,948
59,949
59,950
59,951
59,952
59,953
59,954
59,955
60,1
60,65
60,69
60,74
60,77
60,78
60,124
60,149
60,156
60,203
60,209
60,216
60,226
60,231
60,232
60,233
60,243
60,245
60,252
60,257
60,258
60,261
60,294
60,331
60,333
60,356
60,415
60,418
60,421
60,442
60,454
60,492
60,501
60,505
60,506
60,570
60,588
60,644
60,662
60,810
60,816
60,956
60,957
60,958
60,959
60,960
60,961
61,210
62,1
62,26
62,70
62,152
62,172
62,211
62,234
62,256
62,310
62,336
62,350
62,359
62,386
62,406
62,467
62,478
62,525
62,549
62,563
62,605
62,607
62,622
62,695
62,712
62,729
62,732
62,738
62,744
62,751
62,759
62,766
62,767
62,771
62,774
62,812
62,816
62,843
62,853
62,869
62,886
62,935
62,938
62,962
62,963
62,964
62,965
62,966
62,967
62,968
62,969
62,970
62,971
62,972
63,23
63,230
63,243
63,346
63,458
64,149
64,254
64,426
64,437
64,597
64,666
64,976
65,0
65,11
65,22
65,23
65,51
65,52
65,53
65,56
65,57
65,58
65,60
65,70
65,75
65,80
65,92
65,101
65,114
65,119
65,124
65,173
65,177
65,180
65,203
65,207
65,208
65,210
65,216
65,223
65,224
65,225
65,228
65,230
65,232
65,247
65,251
65,252
65,253
65,258
65,259
65,281
65,284
65,287
65,295
65,299
65,309
65,330
65,332
65,353
65,356
65,360
65,373
65,415
65,417
65,420
65,421
65,422
65,439
65,445
65,497
65,526
65,662
65,703
65,719
65,809
65,937
65,946
65,951
65,977
65,978
65,979
66,23
66,149
66,212
66,217
66,223
66,248
66,253
66,258
66,294
66,323
66,372
66,463
66,677
67,43
67,178
67,216
67,259
67,269
67,337
67,448
67,532
67,554
67,559
67,570
67,668
67,677
67,719
67,804
67,831
67,929
67,943
67,980
67,981
67,982
67,983
67,984
67,985
67,986
67,987
67,988
67,989
68,11
68,76
68,149
68,160
68,295
68,356
68,389
68,392
68,415
68,428
68,485
68,528
68,594
68,600
68,676
68,704
68,919
68,990
69,59
69,60
69,77
69,211
69,222
69,250
69,256
69,270
69,289
69,308
69,333
69,335
69,387
69,473
69,479
69,525
69,549
69,554
69,566
69,574
69,600
69,679
69,689
69,705
69,709
69,717
69,719
69,922
69,924
69,927
69,991
69,992
69,993
69,994
70,15
70,19
70,75
70,110
70,165
70,179
70,205
70,211
70,215
70,225
70,244
70,255
70,278
70,348
70,356
70,361
70,397
70,400
70,412
70,568
70,583
70,669
70,673
70,684
70,729
70,943
70,986
70,996
70,997
70,998
70,999
70,1000
70,1001
70,1002
70,1003
70,1004
71,40
71,80
71,206
71,217
71,225
71,248
71,497
71,681
72,119
72,591
73,1
73,8
73,31
73,33
73,42
73,50
73,56
73,58
73,75
73,77
73,83
73,90
73,94
73,98
73,113
73,115
73,122
73,136
73,166
73,171
73,172
73,200
73,207
73,209
73,211
73,215
73,221
73,239
73,247
73,250
73,256
73,257
73,259
73,260
73,261
73,269
73,300
73,303
73,308
73,309
73,321
73,337
73,355
73,356
73,361
73,412
73,416
73,422
73,432
73,435
73,437
73,451
73,462
73,466
73,468
73,473
73,478
73,490
73,493
73,509
73,525
73,532
73,535
73,572
73,573
73,587
73,600
73,606
73,608
73,612
73,613
73,614
73,617
73,630
73,633
73,636
73,638
73,640
73,644
73,647
73,656
73,677
73,678
73,679
73,708
73,713
73,716
73,735
73,738
73,742
73,743
73,745
73,746
73,747
73,750
73,752
73,755
73,762
73,763
73,769
73,770
73,777
73,778
73,779
73,780
73,790
73,793
73,801
73,804
73,810
73,812
73,827
73,838
73,839
73,843
73,852
73,857
73,875
73,876
73,877
73,894
73,897
73,923
73,926
73,929
73,955
73,967
73,974
73,978
73,992
73,995
73,1005
73,1011
73,1012
73,1013
73,1014
73,1015
73,1016
73,1017
73,1018
73,1019
73,1020
73,1021
73,1022
73,1023
73,1024
73,1025
73,1026
73,1027
73,1028
73,1029
73,1030
73,1031
73,1032
73,1033
73,1034
73,1035
73,1036
73,1037
73,1038
73,1039
73,1040
73,1041
73,1042
73,1043
73,1044
73,1045
73,1046
73,1047
73,1048
73,1049
73,1050
73,1051
73,1052
73,1053
73,1054
73,1055
73,1056
73,1057
73,1058
73,1059
73,1060
73,1061
73,1062
73,1063
73,1064
73,1065
73,1066
73,1067
73,1068
73,1069
73,1070
73,1071
73,1072
73,1073
73,1074
74,1
74,8
74,10
74,15
74,22
74,25
74,37
74,39
74,44
74,48
74,51
74,62
74,67
74,73
74,86
74,109
74,128
74,134
74,136
74,145
74,150
74,152
74,162
74,166
74,169
74,170
74,172
74,174
74,193
74,196
74,197
74,198
74,203
74,204
74,213
74,216
74,232
74,235
74,245
74,264
74,267
74,269
74,272
74,276
74,277
74,279
74,297
74,298
74,316
74,319
74,321
74,322
74,325
74,339
74,362
74,370
74,373
74,374
74,375
74,380
74,386
74,403
74,409
74,428
74,429
74,439
74,441
74,478
74,487
74,489
74,491
74,511
74,514
74,515
74,525
74,546
74,563
74,594
74,602
74,606
74,607
74,611
74,612
74,614
74,615
74,617
74,620
74,622
74,625
74,630
74,660
74,663
74,724
74,727
74,728
74,731
74,733
74,737
74,738
74,747
74,749
74,750
74,755
74,759
74,774
74,777
74,793
74,800
74,801
74,807
74,817
74,829
74,831
74,832
74,833
74,839
74,843
74,846
74,870
74,886
74,906
74,913
74,952
74,953
74,974
74,1003
74,1005
74,1012
74,1020
74,1022
74,1034
74,1046
74,1074
74,1075
74,1076
74,1077
74,1078
74,1079
74,1080
74,1081
74,1082
74,1083
74,1084
74,1085
74,1086
74,1087
74,1088
74,1089
74,1090
74,1091
74,1092
74,1093
74,1094
74,1095
74,1096
74,1097
74,1098
74,1099
74,1100
74,1101
74,1102
74,1103
74,1104
74,1105
74,1106
74,1107
74,1108
74,1109
74,1110
74,1111
74,1112
74,1113
74,1114
75,22
75,23
75,70
75,77
75,124
75,201
75,225
75,230
75,231
75,248
75,257
75,352
75,601
75,661
76,1
76,11
76,18
76,27
76,29
76,30
76,53
76,97
76,150
76,152
76,172
76,182
76,225
76,228
76,232
76,253
76,257
76,273
76,278
76,300
76,335
76,346
76,354
76,485
76,498
76,516
76,567
76,735
77,59
77,60
77,69
77,75
77,76
77,80
77,180
77,221
77,226
77,250
77,251
77,253
77,260
77,261
77,289
77,399
77,403
77,457
77,489
77,570
77,607
77,701
77,738
77,795
77,810
77,818
77,919
77,1093
77,1116
77,1117
77,1118
77,1119
77,1120
77,1121
77,1122
77,1123
77,1124
77,1125
77,1126
77,1127
77,1128
78,23
78,75
78,76
78,200
78,394
78,496
78,537
78,952
79,2
79,485
79,489
79,573
79,991
79,994
80,2
80,4
80,7
80,9
80,10
80,21
80,25
80,33
80,43
80,44
80,52
80,59
80,65
80,71
80,77
80,88
80,114
80,115
80,116
80,124
80,128
80,143
80,152
80,162
80,165
80,170
80,182
80,196
80,199
80,200
80,205
80,207
80,208
80,211
80,212
80,213
80,217
80,224
80,225
80,232
80,240
80,243
80,247
80,250
80,256
80,257
80,265
80,270
80,271
80,281
80,285
80,288
80,289
80,294
80,295
80,299
80,305
80,325
80,339
80,352
80,369
80,408
80,410
80,415
80,442
80,454
80,456
80,512
80,517
80,519
80,537
80,545
80,568
80,625
80,913
80,957
80,1129
81,2
81,6
81,7
81,15
81,32
81,36
81,46
81,79
81,83
81,85
81,88
81,90
81,93
81,95
81,96
81,98
81,103
81,104
81,105
81,108
81,111
81,113
81,114
81,121
81,123
81,127
81,138
81,144
81,146
81,153
81,174
81,191
81,321
81,450
81,531
81,595
81,618
82,148
82,540
82,573
83,2
83,4
83,5
83,16
83,37
83,48
83,50
83,51
83,81
83,91
83,95
83,96
83,98
83,103
83,105
83,106
83,109
83,111
83,112
83,140
83,146
83,152
83,156
83,173
83,176
83,188
83,191
83,204
83,224
83,339
83,361
83,374
83,375
84,2
84,311
84,574
85,2
85,42
85,48
85,81
85,91
85,96
85,98
85,105
85,108
85,112
85,128
85,460
85,535
86,1
86,6
86,7
86,8
86,10
86,15
86,16
86,21
86,30
86,36
86,39
86,42
86,44
86,45
86,46
86,48
86,60
86,73
86,74
86,78
86,90
86,91
86,95
86,96
86,98
86,99
86,100
86,101
86,102
86,105
86,108
86,110
86,111
86,113
86,122
86,124
86,126
86,127
86,136
86,140
86,148
86,152
86,156
86,157
86,162
86,166
86,169
86,170
86,171
86,172
86,173
86,174
86,198
86,203
86,204
86,205
86,207
86,211
86,215
86,228
86,229
86,234
86,235
86,240
86,251
86,252
86,256
86,257
86,258
86,259
86,260
86,270
86,273
86,274
86,276
86,285
86,297
86,300
86,306
86,309
86,320
86,321
86,326
86,334
86,337
86,339
86,348
86,350
86,354
86,355
86,366
86,369
86,373
86,374
86,378
86,382
86,408
86,412
86,415
86,421
86,425
86,431
86,435
86,437
86,453
86,454
86,455
86,457
86,464
86,471
86,473
86,478
86,479
86,484
86,485
86,492
86,497
86,498
86,499
86,503
86,505
86,506
86,508
86,516
86,528
86,555
86,558
86,562
86,565
86,566
86,567
86,573
86,579
86,581
86,587
86,600
86,604
86,605
86,609
86,611
86,615
86,620
86,669
86,677
86,701
86,708
86,716
86,722
86,747
86,796
86,834
86,929
86,937
86,938
86,974
86,1003
86,1019
86,1023
86,1078
86,1079
86,1083
86,1131
86,1132
86,1133
86,1134
86,1135
86,1136
86,1137
86,1138
86,1139
86,1140
86,1141
86,1142
86,1143
86,1144
86,1145
86,1146
86,1147
87,1
87,2
87,9
87,32
87,40
87,104
87,123
87,124
87,159
87,166
87,179
87,197
87,198
87,225
87,234
87,273
87,274
87,325
87,328
87,334
87,355
87,368
87,369
87,392
87,394
87,412
87,525
87,553
87,576
87,599
87,604
87,617
87,621
87,643
87,660
87,665
87,666
87,712
87,749
87,754
87,828
87,845
87,868
87,872
87,885
87,890
87,894
87,919
87,968
87,1058
87,1066
87,1070
87,1141
87,1148
87,1149
87,1150
87,1151
87,1152
87,1153
87,1154
87,1155
87,1156
87,1157
87,1158
87,1159
87,1160
87,1161
87,1162
87,1163
87,1164
87,1165
87,1166
87,1167
87,1168
87,1169
87,1170
87,1171
88,2
88,4
88,5
88,19
88,21
88,50
88,53
88,81
88,102
88,104
88,106
88,114
88,177
88,273
88,276
88,344
88,523
88,594
88,595
89,0
89,2
89,15
89,26
89,44
89,52
89,53
89,74
89,88
89,110
89,123
89,159
89,175
89,194
89,223
89,295
89,301
90,1
90,2
90,3
90,32
90,33
90,37
90,38
90,40
90,42
90,44
90,50
90,54
90,73
90,79
90,81
90,86
90,94
90,98
90,104
90,105
90,111
90,113
90,114
90,115
90,116
90,121
90,126
90,127
90,130
90,140
90,146
90,150
90,172
90,175
90,191
90,198
90,274
90,364
90,431
90,433
90,477
90,494
90,522
90,577
90,600
90,794
90,827
90,964
90,1173
90,1174
90,1175
90,1176
90,1177
91,1
91,2
91,5
91,6
91,7
91,9
91,15
91,16
91,20
91,21
91,23
91,36
91,40
91,44
91,46
91,48
91,50
91,74
91,81
91,83
91,86
91,88
91,93
91,96
91,99
91,100
91,101
91,102
91,103
91,105
91,106
91,107
91,109
91,111
91,112
91,113
91,114
91,115
91,122
91,123
91,126
91,128
91,129
91,134
91,135
91,146
91,147
91,148
91,153
91,156
91,157
91,166
91,167
91,169
91,170
91,173
91,174
91,177
91,182
91,184
91,187
91,188
91,191
91,194
91,198
91,204
91,208
91,224
91,238
91,269
91,276
91,283
91,296
91,303
91,321
91,324
91,341
91,354
91,355
91,361
91,364
91,366
91,369
91,370
91,374
91,381
91,408
91,427
91,430
91,435
91,521
91,529
91,540
91,587
91,595
91,694
91,1178
91,1179
92,2
92,33
92,36
92,40
92,65
92,78
92,177
92,250
92,505
92,572
92,642
92,862
92,1023
92,1069
92,1180
92,1181
92,1182
92,1183
92,1184
92,1185
92,1186
92,1187
92,1188
93,2
93,40
93,81
94,38
94,73
94,90
94,115
94,128
94,148
94,152
94,159
94,166
94,321
94,535
94,1162
95,32
95,41
95,46
95,48
95,54
95,83
95,86
95,96
95,98
95,100
95,101
95,102
95,103
95,104
95,106
95,108
95,109
95,121
95,123
95,124
95,125
95,130
95,132
95,148
95,165
95,166
95,235
95,350
95,360
95,361
95,437
95,477
95,574
95,789
96,4
96,5
96,6
96,8
96,16
96,20
96,21
96,22
96,37
96,40
96,81
96,83
96,85
96,86
96,91
96,97
96,98
96,99
96,100
96,102
96,103
96,105
96,108
96,111
96,112
96,114
96,116
96,127
96,129
96,130
96,132
96,134
96,140
96,144
96,146
96,156
96,170
96,174
96,177
96,180
96,182
96,184
96,191
96,198
96,204
96,224
96,271
96,274
96,299
96,300
96,339
96,370
96,373
96,374
96,381
96,396
96,408
96,473
97,2
97,21
97,31
97,33
97,43
97,44
97,96
97,151
97,162
97,193
97,202
97,206
97,303
97,322
97,339
97,358
97,398
97,436
97,531
97,573
97,698
97,1189
97,1190
98,6
98,7
98,15
98,23
98,32
98,33
98,36
98,40
98,42
98,44
98,46
98,81
98,83
98,85
98,86
98,90
98,95
98,96
98,100
98,102
98,103
98,104
98,105
98,106
98,108
98,109
98,111
98,113
98,115
98,120
98,121
98,126
98,130
98,132
98,139
98,140
98,144
98,146
98,153
98,156
98,175
98,182
98,274
98,374
98,396
98,408
98,450
98,460
98,572
98,587
98,595
98,693
99,6
99,31
99,37
99,40
99,44
99,45
99,50
99,51
99,56
99,59
99,74
99,81
99,86
99,95
99,96
99,98
99,100
99,102
99,103
99,104
99,105
99,106
99,108
99,109
99,110
99,112
99,116
99,139
99,140
99,141
99,143
99,156
99,165
99,170
99,173
99,174
99,177
99,181
99,187
99,188
99,191
99,194
99,202
99,224
99,232
99,235
99,239
99,247
99,271
99,297
99,347
99,354
99,360
99,361
99,374
99,397
99,402
99,730
99,807
99,1237
100,1
100,2
100,5
100,7
100,15
100,21
100,35
100,37
100,40
100,41
100,44
100,86
100,91
100,95
100,96
100,98
100,101
100,102
100,103
100,104
100,105
100,106
100,109
100,110
100,112
100,113
100,116
100,123
100,126
100,129
100,140
100,146
100,147
100,148
100,154
100,159
100,165
100,166
100,179
100,181
100,197
100,361
100,362
100,540
100,572
100,573
100,580
100,748
100,781
100,1162
100,1246
100,1247
100,1248
100,1249
100,1250
100,1251
100,1252
100,1253
100,1254
100,1255
100,1256
100,1257
100,1258
100,1259
100,1260
100,1261
100,1262
101,0
101,5
101,8
101,10
101,11
101,15
101,19
101,24
101,25
101,27
101,28
101,30
101,37
101,44
101,45
101,51
101,54
101,67
101,70
101,81
101,83
101,86
101,91
101,95
101,98
101,99
101,100
101,102
101,104
101,105
101,108
101,109
101,110
101,111
101,112
101,114
101,120
101,124
101,126
101,128
101,134
101,136
101,141
101,146
101,150
101,152
101,155
101,156
101,159
101,165
101,166
101,170
101,171
101,174
101,177
101,179
101,180
101,182
101,184
101,191
101,194
101,195
101,199
101,203
101,205
101,222
101,226
101,232
101,243
101,247
101,251
101,252
101,257
101,260
101,261
101,262
101,263
101,273
101,280
101,281
101,285
101,286
101,289
101,296
101,297
101,300
101,325
101,339
101,340
101,346
101,349
101,352
101,353
101,354
101,355
101,356
101,361
101,370
101,374
101,375
101,377
101,382
101,394
101,400
101,404
101,407
101,408
101,415
101,426
101,457
101,483
101,484
101,492
101,498
101,499
101,501
101,505
101,506
101,507
101,516
101,517
101,528
101,538
101,566
101,580
101,675
101,816
101,961
101,1115
101,1148
101,1242
101,1243
101,1244
101,1263
101,1264
102,5
102,6
102,7
102,10
102,21
102,36
102,37
102,88
102,95
102,96
102,103
102,104
102,105
102,106
102,108
102,109
102,112
102,116
102,120
102,123
102,126
102,127
102,129
102,130
102,132
102,138
102,139
102,144
102,148
102,156
102,159
102,173
102,174
102,175
102,179
102,180
102,181
102,191
102,193
102,198
102,284
102,297
102,350
102,355
102,358
102,410
102,521
102,523
102,579
102,587
103,8
103,15
103,21
103,36
103,37
103,45
103,50
103,81
103,83
103,91
103,95
103,96
103,98
103,99
103,100
103,102
103,104
103,105
103,106
103,108
103,109
103,112
103,113
103,123
103,126
103,127
103,129
103,131
103,134
103,139
103,141
103,146
103,150
103,152
103,153
103,181
103,184
103,185
103,201
103,239
103,355
103,381
103,450
103,579
103,595
104,2
104,7
104,8
104,15
104,31
104,36
104,37
104,40
104,41
104,42
104,48
104,50
104,81
104,87
104,88
104,90
104,95
104,98
104,99
104,100
104,101
104,102
104,103
104,105
104,106
104,107
104,108
104,110
104,111
104,112
104,113
104,123
104,124
104,126
104,129
104,144
104,146
104,159
104,166
104,181
104,197
104,239
104,264
104,355
104,361
104,374
104,381
104,397
104,410
104,521
104,535
104,587
104,595
104,1130
104,1265
105,4
105,5
105,6
105,7
105,8
105,15
105,16
105,21
105,23
105,25
105,32
105,33
105,36
105,37
105,38
105,40
105,45
105,50
105,54
105,81
105,83
105,85
105,86
105,90
105,91
105,96
105,98
105,99
105,100
105,101
105,102
105,103
105,104
105,108
105,109
105,110
105,111
105,113
105,114
105,121
105,122
105,123
105,126
105,127
105,134
105,137
105,141
105,144
105,146
105,148
105,156
105,165
105,173
105,180
105,191
105,208
105,239
105,268
105,274
105,298
105,361
105,366
105,396
105,435
105,457
105,460
105,520
105,521
105,540
105,595
105,618
105,1267
106,5
106,7
106,8
106,15
106,16
106,33
106,35
106,40
106,41
106,42
106,48
106,49
106,83
106,91
106,95
106,98
106,99
106,100
106,102
106,103
106,104
106,109
106,112
106,113
106,114
106,120
106,122
106,123
106,126
106,127
106,132
106,140
106,144
106,145
106,147
106,148
106,159
106,171
106,174
106,184
106,208
106,235
106,238
106,259
106,271
106,275
106,283
106,321
106,350
106,355
106,362
106,365
106,367
106,374
106,397
106,410
106,574
106,587
106,595
106,618
106,621
106,692
107,6
107,7
107,21
107,36
107,40
107,41
107,42
107,48
107,50
107,95
107,100
107,102
107,104
107,106
107,109
107,110
107,113
107,123
107,126
107,137
107,159
107,180
107,182
107,235
107,274
107,362
107,397
107,580
107,910
107,1166
107,1180
107,1260
107,1261
107,1268
107,1269
107,1270
107,1271
107,1272
107,1273
107,1274
107,1275
107,1276
107,1277
107,1278
107,1279
107,1280
107,1281
107,1282
107,1283
107,1284
107,1285
107,1286
107,1287
108,5
108,6
108,11
108,15
108,19
108,21
108,23
108,24
108,25
108,29
108,37
108,44
108,45
108,46
108,51
108,53
108,54
108,56
108,81
108,85
108,86
108,89
108,91
108,95
108,96
108,98
108,99
108,101
108,102
108,103
108,105
108,109
108,110
108,120
108,122
108,123
108,127
108,129
108,136
108,140
108,143
108,147
108,156
108,159
108,170
108,181
108,182
108,189
108,192
108,194
108,198
108,200
108,201
108,203
108,204
108,205
108,225
108,233
108,235
108,240
108,242
108,246
108,247
108,258
108,273
108,281
108,286
108,296
108,303
108,330
108,349
108,352
108,355
108,356
108,360
108,361
108,374
108,381
108,396
108,400
108,401
108,404
108,408
108,415
108,444
108,446
108,461
108,522
108,544
108,579
108,591
108,735
109,2
109,4
109,5
109,6
109,7
109,15
109,16
109,31
109,35
109,37
109,38
109,40
109,45
109,49
109,51
109,54
109,59
109,74
109,83
109,85
109,90
109,91
109,95
109,97
109,98
109,99
109,100
109,101
109,102
109,103
109,105
109,106
109,107
109,108
109,110
109,112
109,113
109,114
109,116
109,123
109,126
109,127
109,129
109,130
109,132
109,134
109,137
109,140
109,143
109,144
109,146
109,147
109,148
109,151
109,152
109,153
109,155
109,156
109,157
109,159
109,166
109,167
109,171
109,173
109,180
109,181
109,182
109,184
109,187
109,188
109,196
109,197
109,198
109,201
109,229
109,232
109,239
109,268
109,274
109,275
109,276
109,285
109,297
109,321
109,354
109,355
109,361
109,362
109,366
109,367
109,373
109,374
109,378
109,396
109,410
109,429
109,435
109,521
109,522
109,523
109,529
109,570
109,582
109,587
109,594
109,697
109,785
109,1288
109,1289
109,1290
110,0
110,2
110,6
110,7
110,10
110,12
110,15
110,16
110,19
110,23
110,24
110,28
110,31
110,33
110,34
110,36
110,37
110,39
110,40
110,41
110,42
110,43
110,54
110,56
110,60
110,65
110,67
110,70
110,74
110,77
110,80
110,81
110,82
110,86
110,89
110,93
110,97
110,98
110,99
110,100
110,101
110,104
110,105
110,107
110,108
110,109
110,111
110,112
110,113
110,114
110,121
110,122
110,124
110,126
110,128
110,132
110,137
110,148
110,151
110,152
110,156
110,172
110,179
110,181
110,182
110,184
110,188
110,189
110,190
110,200
110,201
110,207
110,211
110,216
110,232
110,235
110,243
110,247
110,251
110,253
110,255
110,256
110,259
110,260
110,261
110,264
110,266
110,269
110,270
110,276
110,279
110,280
110,282
110,285
110,289
110,303
110,308
110,309
110,311
110,314
110,319
110,321
110,324
110,335
110,336
110,337
110,340
110,348
110,349
110,350
110,352
110,354
110,356
110,360
110,361
110,362
110,368
110,369
110,370
110,373
110,374
110,377
110,378
110,379
110,381
110,387
110,391
110,393
110,397
110,403
110,404
110,406
110,409
110,410
110,412
110,424
110,437
110,446
110,453
110,454
110,465
110,466
110,467
110,470
110,471
110,472
110,475
110,479
110,492
110,494
110,498
110,499
110,503
110,505
110,506
110,516
110,517
110,529
110,532
110,551
110,552
110,554
110,558
110,562
110,565
110,574
110,580
110,583
110,586
110,594
110,605
110,626
110,630
110,633
110,663
110,672
110,673
110,675
110,677
110,678
110,680
110,683
110,685
110,689
110,710
110,716
110,722
110,735
110,739
110,741
110,755
110,757
110,763
110,801
110,805
110,807
110,808
110,810
110,812
110,823
110,831
110,877
110,924
110,928
110,930
110,932
110,936
110,938
110,943
110,944
110,948
110,980
110,986
110,995
110,1001
110,1003
110,1004
110,1016
110,1023
110,1079
110,1096
110,1130
110,1136
110,1140
110,1142
110,1144
110,1151
110,1173
110,1185
110,1193
110,1243
110,1264
110,1291
110,1292
110,1293
110,1294
110,1295
110,1296
110,1297
110,1298
110,1299
110,1300
110,1301
110,1302
110,1303
110,1304
110,1305
110,1306
110,1307
110,1308
110,1309
110,1310
110,1311
110,1312
110,1313
110,1314
110,1315
110,1316
110,1317
111,7
111,21
111,32
111,40
111,50
111,54
111,81
111,86
111,90
111,95
111,96
111,101
111,104
111,105
111,113
111,114
111,121
111,126
111,140
111,144
111,166
111,187
111,361
111,460
111,583
112,5
112,7
112,8
112,21
112,37
112,42
112,48
112,50
112,51
112,81
112,83
112,85
112,91
112,96
112,98
112,99
112,100
112,101
112,102
112,103
112,104
112,106
112,109
112,113
112,120
112,122
112,123
112,126
112,127
112,128
112,129
112,136
112,140
112,144
112,146
112,147
112,148
112,150
112,151
112,156
112,159
112,165
112,173
112,175
112,176
112,180
112,181
112,184
112,187
112,191
112,198
112,204
112,224
112,239
112,281
112,283
112,321
112,355
112,360
112,368
112,369
112,374
112,381
112,396
112,448
112,536
112,587
112,596
112,630
113,2
113,4
113,7
113,32
113,33
113,40
113,46
113,48
113,50
113,54
113,73
113,81
113,83
113,86
113,90
113,92
113,98
113,100
113,103
113,104
113,105
113,106
113,107
113,110
113,111
113,112
113,114
113,126
113,140
113,146
113,152
113,166
113,246
113,460
113,578
113,580
114,0
114,7
114,8
114,9
114,10
114,15
114,16
114,22
114,25
114,26
114,29
114,48
114,52
114,53
114,81
114,83
114,90
114,96
114,97
114,98
114,99
114,101
114,102
114,103
114,105
114,111
114,113
114,116
114,123
114,126
114,129
114,130
114,134
114,144
114,155
114,156
114,173
114,174
114,175
114,177
114,182
114,184
114,194
114,201
114,203
114,204
114,205
114,206
114,207
114,210
114,221
114,235
114,243
114,247
114,248
114,258
114,271
114,273
114,285
114,294
114,300
114,303
114,304
114,324
114,396
114,411
114,415
114,439
114,444
114,511
114,523
114,528
114,573
115,3
115,7
115,25
115,37
115,42
115,54
115,56
115,68
115,73
115,75
115,77
115,90
115,91
115,94
115,98
115,101
115,116
115,122
115,124
115,131
115,141
115,148
115,149
115,158
115,166
115,171
115,180
115,193
115,194
115,239
115,246
115,256
115,257
115,280
115,289
115,312
115,361
115,362
115,368
115,382
115,397
115,409
115,410
115,412
115,435
115,440
115,450
115,485
115,493
115,497
115,553
115,575
115,587
115,599
115,607
115,613
115,616
115,621
115,646
115,648
115,650
115,653
115,655
115,656
115,677
115,716
115,725
115,737
115,746
115,777
115,807
115,829
115,838
115,839
115,845
115,848
115,860
115,861
115,866
115,868
115,870
115,872
115,875
115,877
115,889
115,921
115,928
115,945
115,953
115,955
115,963
115,1002
115,1018
115,1024
115,1025
115,1030
115,1032
115,1036
115,1040
115,1046
115,1049
115,1051
115,1060
115,1065
115,1078
115,1098
115,1112
115,1130
115,1152
115,1162
115,1197
115,1200
115,1202
115,1209
115,1210
115,1215
115,1221
115,1223
115,1227
115,1233
115,1237
115,1263
115,1318
115,1319
115,1320
115,1321
115,1322
115,1323
115,1324
115,1325
115,1326
115,1327
115,1328
115,1329
115,1330
115,1331
115,1332
115,1333
115,1334
115,1335
115,1336
115,1337
115,1338
115,1339
115,1340
115,1341
115,1342
115,1343
115,1344
115,1345
115,1346
115,1347
115,1348
115,1349
115,1350
115,1351
115,1352
115,1353
115,1354
116,5
116,6
116,7
116,8
116,16
116,18
116,21
116,24
116,25
116,44
116,48
116,50
116,55
116,80
116,83
116,90
116,96
116,99
116,100
116,102
116,105
116,109
116,115
116,121
116,126
116,137
116,138
116,139
116,140
116,141
116,143
116,144
116,146
116,149
116,157
116,167
116,170
116,173
116,174
116,180
116,187
116,191
116,198
116,204
116,205
116,271
116,273
116,274
116,283
116,289
116,300
116,339
116,366
116,435
116,511
116,522
116,584
117,3
117,5
117,6
117,16
117,31
117,35
117,36
117,37
117,38
117,40
117,46
117,53
117,54
117,85
117,88
117,90
117,107
117,109
117,114
117,116
117,121
117,127
117,152
117,158
117,159
117,166
117,175
117,191
117,195
117,201
117,206
117,210
117,239
117,258
117,288
117,330
117,339
117,350
117,372
117,398
117,400
117,415
117,456
117,461
117,497
117,531
117,577
117,593
117,701
117,803
117,1189
117,1355
117,1356
118,165
118,210
118,222
118,223
118,234
118,251
118,257
118,382
118,386
118,394
118,416
118,468
118,505
118,506
118,678
118,702
118,748
118,804
118,886
118,1143
118,1357
119,9
119,23
119,32
119,59
119,65
119,72
119,228
119,331
119,417
120,2
120,26
120,44
120,48
120,81
120,98
120,100
120,101
120,102
120,106
120,108
120,123
120,124
120,126
120,128
120,140
120,156
120,175
120,215
120,336
120,380
120,598
120,703
120,719
120,833
120,1358
120,1359
121,6
121,36
121,44
121,90
121,95
121,111
121,116
121,130
121,137
121,143
121,146
121,156
121,175
121,182
121,198
121,396
121,595
122,8
122,25
122,27
122,37
122,44
122,51
122,52
122,53
122,56
122,59
122,60
122,75
122,83
122,84
122,101
122,105
122,106
122,108
122,115
122,120
122,124
122,125
122,127
122,134
122,143
122,146
122,156
122,159
122,175
122,177
122,180
122,198
122,205
122,207
122,209
122,210
122,211
122,215
122,216
122,218
122,224
122,228
122,234
122,239
122,245
122,252
122,256
122,257
122,258
122,259
122,262
122,273
122,281
122,282
122,285
122,306
122,309
122,332
122,333
122,346
122,350
122,356
122,375
122,378
122,379
122,381
122,408
122,417
122,422
122,425
122,426
122,431
122,437
122,439
122,454
122,457
122,465
122,468
122,473
122,475
122,477
122,478
122,479
122,481
122,483
122,484
122,485
122,488
122,494
122,498
122,499
122,501
122,506
122,519
122,543
122,545
122,546
122,565
122,567
122,574
122,600
122,676
122,679
122,681
122,684
122,702
122,708
122,712
122,716
122,794
122,823
122,928
122,933
122,937
122,945
122,964
122,991
122,1176
122,1194
122,1245
122,1360
122,1361
122,1362
122,1363
122,1364
123,1
123,3
123,6
123,7
123,11
123,15
123,16
123,25
123,33
123,51
123,69
123,81
123,87
123,95
123,96
123,100
123,102
123,104
123,105
123,106
123,107
123,108
123,109
123,112
123,115
123,117
123,120
123,125
123,144
123,146
123,149
123,150
123,153
123,155
123,156
123,159
123,163
123,165
123,166
123,170
123,171
123,175
123,178
123,191
123,192
123,193
123,197
123,211
123,215
123,232
123,234
123,281
123,283
123,297
123,306
123,312
123,313
123,323
123,347
123,355
123,361
123,362
123,368
123,373
123,382
123,386
123,399
123,410
123,412
123,415
123,428
123,429
123,439
123,440
123,466
123,490
123,493
123,495
123,503
123,509
123,525
123,526
123,528
123,535
123,543
123,546
123,592
123,599
123,603
123,604
123,609
123,612
123,613
123,614
123,628
123,633
123,640
123,643
123,648
123,651
123,655
123,663
123,684
123,692
123,693
123,706
123,716
123,729
123,735
123,738
123,739
123,746
123,747
123,757
123,758
123,762
123,763
123,764
123,777
123,780
123,782
123,796
123,797
123,807
123,812
123,830
123,831
123,832
123,834
123,838
123,839
123,840
123,848
123,852
123,861
123,866
123,868
123,870
123,875
123,876
123,877
123,878
123,882
123,892
123,893
123,896
123,904
123,908
123,909
123,910
123,921
123,929
123,938
123,955
123,968
123,1002
123,1014
123,1020
123,1024
123,1025
123,1030
123,1033
123,1037
123,1040
123,1041
123,1043
123,1045
123,1048
123,1051
123,1052
123,1057
123,1058
123,1067
123,1071
123,1072
123,1081
123,1082
123,1097
123,1101
123,1118
123,1126
123,1130
123,1144
123,1150
123,1157
123,1161
123,1162
123,1163
123,1164
123,1165
123,1168
123,1169
123,1170
123,1180
123,1182
123,1186
123,1195
123,1200
123,1203
123,1208
123,1214
123,1215
123,1220
123,1223
123,1227
123,1228
123,1235
123,1247
123,1248
123,1252
123,1253
123,1254
123,1255
123,1257
123,1260
123,1261
123,1262
123,1268
123,1269
123,1274
123,1275
123,1279
123,1282
123,1283
123,1285
123,1286
123,1295
123,1315
123,1319
123,1323
123,1325
123,1327
123,1329
123,1331
123,1340
123,1341
123,1343
123,1344
123,1345
123,1349
123,1350
123,1365
123,1366
123,1367
123,1368
123,1369
123,1370
123,1371
123,1372
123,1373
123,1374
123,1375
123,1376
123,1377
123,1378
123,1379
123,1380
123,1381
123,1382
123,1383
123,1384
123,1385
123,1386
123,1387
123,1388
123,1389
123,1390
123,1391
123,1392
123,1393
123,1394
123,1395
123,1396
123,1397
123,1398
123,1399
123,1400
123,1401
123,1402
123,1403
123,1404
123,1405
123,1406
123,1407
123,1408
123,1409
123,1410
123,1411
123,1412
123,1413
123,1414
123,1415
123,1416
123,1417
123,1418
123,1419
123,1420
123,1421
123,1422
123,1423
123,1424
123,1425
123,1426
123,1427
123,1428
123,1429
123,1430
123,1431
123,1432
123,1433
123,1434
123,1435
123,1436
123,1437
123,1438
123,1439
123,1440
123,1441
123,1442
123,1443
123,1444
123,1445
123,1446
123,1447
123,1448
123,1449
123,1450
123,1451
123,1452
123,1453
123,1454
123,1455
123,1456
123,1457
123,1458
123,1459
123,1460
123,1461
123,1462
123,1463
123,1464
123,1465
123,1466
123,1467
123,1468
123,1469
123,1470
123,1471
123,1472
123,1473
123,1474
123,1475
123,1476
123,1477
123,1478
123,1479
123,1480
123,1481
123,1482
123,1483
123,1484
123,1485
123,1486
123,1487
123,1488
123,1489
123,1490
123,1491
123,1492
123,1493
123,1494
123,1495
123,1496
123,1497
123,1498
123,1499
123,1500
123,1501
123,1502
123,1503
123,1504
123,1505
123,1506
123,1507
123,1508
123,1509
123,1510
123,1511
123,1512
123,1513
123,1514
123,1515
123,1516
123,1517
123,1518
123,1519
123,1520
123,1521
123,1522
123,1523
123,1524
123,1525
123,1526
123,1527
123,1528
123,1529
123,1530
123,1531
123,1532
123,1533
123,1534
123,1535
123,1536
123,1537
123,1538
123,1539
123,1540
123,1541
123,1542
123,1543
123,1544
123,1545
123,1546
123,1547
123,1548
123,1549
123,1550
123,1551
123,1552
123,1553
123,1554
123,1555
123,1556
123,1557
123,1558
123,1559
123,1560
123,1561
123,1562
123,1563
123,1564
123,1565
123,1566
123,1567
123,1568
123,1569
123,1570
123,1571
123,1572
123,1573
123,1574
123,1575
123,1576
123,1577
123,1578
123,1579
123,1580
123,1581
123,1582
123,1583
123,1584
123,1585
123,1586
123,1587
123,1588
123,1589
123,1590
123,1591
123,1592
123,1593
123,1594
123,1595
123,1596
123,1597
123,1598
123,1599
123,1600
123,1601
123,1602
123,1603
123,1604
123,1605
123,1606
123,1607
123,1608
123,1609
123,1610
123,1611
123,1612
123,1613
123,1614
123,1615
124,5
124,6
124,23
124,30
124,33
124,44
124,51
124,52
124,54
124,57
124,60
124,75
124,83
124,86
124,91
124,95
124,101
124,104
124,112
124,115
124,120
124,122
124,127
124,128
124,130
124,140
124,156
124,173
124,181
124,182
124,194
124,195
124,197
124,198
124,200
124,207
124,210
124,222
124,224
124,226
124,228
124,229
124,232
124,233
124,234
124,247
124,251
124,252
124,257
124,258
124,261
124,271
124,274
124,280
124,281
124,283
124,285
124,294
124,295
124,300
124,325
124,330
124,353
124,356
124,361
124,366
124,373
124,374
124,375
124,394
124,399
124,405
124,408
124,415
124,422
124,443
124,457
124,465
124,482
124,495
124,496
124,498
124,499
124,505
124,506
124,547
124,703
124,791
124,921
124,978
124,1115
124,1239
124,1293
124,1370
124,1616
124,1617
124,1618
125,25
125,32
125,43
125,45
125,55
125,70
125,95
125,122
125,123
125,152
125,159
125,172
125,175
125,179
125,180
125,181
125,206
125,211
125,215
125,223
125,234
125,248
125,255
125,256
125,257
125,259
125,265
125,270
125,281
125,317
125,350
125,359
125,379
125,380
125,383
125,390
125,392
125,393
125,409
125,427
125,437
125,454
125,465
125,471
125,484
125,561
125,565
125,568
125,629
125,669
125,676
125,681
125,701
125,750
125,795
125,816
125,827
125,924
125,935
125,1214
125,1310
125,1619
125,1620
125,1621
125,1622
125,1623
125,1624
125,1625
125,1626
125,1627
125,1628
126,7
126,21
126,33
126,44
126,50
126,54
126,73
126,85
126,86
126,89
126,90
126,91
126,98
126,100
126,101
126,102
126,103
126,104
126,105
126,109
126,110
126,111
126,112
126,113
126,114
126,120
126,130
126,140
126,143
126,146
126,150
126,156
126,175
126,180
126,182
126,184
126,191
126,274
126,374
126,1629
127,1
127,5
127,6
127,7
127,8
127,9
127,11
127,15
127,19
127,22
127,24
127,27
127,37
127,41
127,44
127,46
127,53
127,80
127,81
127,86
127,88
127,90
127,96
127,99
127,102
127,106
127,108
127,111
127,112
127,114
127,116
127,117
127,120
127,126
127,140
127,150
127,153
127,157
127,159
127,165
127,174
127,175
127,176
127,180
127,182
127,190
127,191
127,194
127,195
127,198
127,201
127,202
127,204
127,205
127,206
127,207
127,222
127,226
127,239
127,240
127,242
127,247
127,274
127,281
127,283
127,285
127,299
127,304
127,306
127,322
127,346
127,349
127,350
127,352
127,353
127,355
127,364
127,376
127,396
127,407
127,408
127,409
127,445
127,482
127,522
127,539
127,584
127,587
127,691
127,806
127,923
127,1630
128,4
128,9
128,11
128,16
128,21
128,25
128,44
128,49
128,51
128,74
128,80
128,82
128,85
128,91
128,94
128,101
128,112
128,120
128,146
128,166
128,170
128,174
128,179
128,182
128,192
128,194
128,195
128,197
128,204
128,205
128,207
128,226
128,235
128,244
128,276
128,281
128,283
128,285
128,286
128,321
128,345
128,361
128,362
128,374
128,402
128,408
128,449
128,493
128,528
128,553
128,568
128,581
128,587
128,594
128,613
128,619
128,754
128,782
128,829
128,861
128,892
128,922
128,1052
128,1067
128,1122
128,1200
128,1222
128,1229
128,1235
128,1248
128,1252
128,1325
128,1331
128,1343
128,1390
128,1433
128,1443
128,1458
128,1465
128,1466
128,1467
128,1477
128,1530
128,1537
128,1633
128,1634
128,1635
128,1636
128,1637
128,1638
128,1639
128,1640
128,1641
128,1642
128,1643
128,1644
128,1645
128,1646
128,1647
128,1648
128,1649
128,1650
128,1651
128,1652
129,4
129,50
129,96
129,100
129,102
129,103
129,104
129,106
129,108
129,109
129,112
129,114
129,121
129,134
129,150
129,175
129,184
129,269
129,283
129,374
129,586
130,4
130,5
130,48
130,54
130,90
130,96
130,105
130,121
130,126
130,127
130,153
130,245
130,396
130,430
130,1653
131,5
131,8
131,31
131,37
131,90
131,103
131,112
131,130
131,132
131,134
131,139
131,152
131,175
131,396
132,4
132,6
132,48
132,90
132,95
132,96
132,98
132,103
132,105
132,109
132,112
132,114
132,127
132,131
132,134
132,141
132,142
132,156
132,159
132,162
132,169
132,176
132,185
132,294
132,363
132,398
132,410
132,786
133,289
133,343
133,404
134,15
134,20
134,96
134,114
134,129
134,176
134,300
134,785
135,23
135,190
135,306
135,310
135,315
135,316
135,360
135,420
135,436
135,574
135,673
135,679
135,681
135,794
135,938
135,1654
136,4
136,9
136,10
136,11
136,12
136,14
136,16
136,25
136,31
136,38
136,44
136,45
136,56
136,59
136,67
136,69
136,70
136,73
136,74
136,83
136,86
136,101
136,108
136,112
136,152
136,156
136,160
136,162
136,166
136,169
136,170
136,174
136,177
136,178
136,179
136,184
136,185
136,190
136,191
136,193
136,194
136,195
136,197
136,200
136,204
136,208
136,211
136,215
136,216
136,226
136,239
136,256
136,257
136,269
136,273
136,280
136,281
136,285
136,297
136,303
136,309
136,317
136,320
136,339
136,346
136,354
136,355
136,358
136,360
136,362
136,372
136,373
136,383
136,388
136,402
136,403
136,406
136,409
136,412
136,415
136,454
136,460
136,466
136,467
136,471
136,487
136,488
136,493
136,503
136,506
136,522
136,532
136,549
136,553
136,563
136,572
136,575
136,587
136,604
136,606
136,608
136,610
136,611
136,616
136,620
136,622
136,630
136,636
136,655
136,666
136,677
136,678
136,679
136,681
136,692
136,693
136,702
136,704
136,708
136,716
136,724
136,735
136,738
136,741
136,747
136,755
136,759
136,767
136,777
136,780
136,789
136,801
136,804
136,807
136,812
136,829
136,831
136,832
136,833
136,840
136,843
136,868
136,869
136,894
136,917
136,926
136,934
136,936
136,937
136,938
136,946
136,974
136,981
136,1005
136,1014
136,1015
136,1023
136,1046
136,1054
136,1058
136,1078
136,1081
136,1083
136,1089
136,1093
136,1098
136,1102
136,1117
136,1143
136,1178
136,1200
136,1315
136,1370
136,1372
136,1624
136,1625
136,1655
136,1656
136,1657
136,1658
136,1659
136,1660
136,1661
136,1662
136,1663
136,1664
136,1665
136,1666
136,1667
136,1668
136,1669
136,1670
136,1671
137,116
138,5
138,36
138,73
138,81
138,85
138,116
138,396
138,595
139,16
139,33
139,50
139,99
139,102
139,103
139,116
139,131
139,140
139,159
139,170
139,174
139,181
139,185
139,198
139,204
139,208
139,274
139,584
140,0
140,5
140,7
140,10
140,11
140,15
140,16
140,19
140,21
140,22
140,24
140,25
140,35
140,37
140,40
140,42
140,44
140,46
140,50
140,52
140,54
140,68
140,70
140,81
140,83
140,85
140,86
140,90
140,96
140,97
140,98
140,99
140,100
140,105
140,106
140,108
140,109
140,111
140,112
140,113
140,114
140,116
140,120
140,122
140,123
140,124
140,126
140,127
140,129
140,135
140,139
140,149
140,150
140,153
140,156
140,160
140,165
140,166
140,170
140,173
140,174
140,180
140,184
140,188
140,194
140,195
140,196
140,198
140,201
140,204
140,205
140,208
140,224
140,239
140,242
140,243
140,247
140,258
140,271
140,272
140,273
140,283
140,285
140,286
140,297
140,299
140,303
140,338
140,347
140,349
140,350
140,353
140,355
140,358
140,366
140,369
140,373
140,378
140,385
140,387
140,396
140,400
140,402
140,453
140,508
140,570
140,589
140,595
140,618
140,791
140,1192
140,1290
141,4
141,5
141,7
141,48
141,50
141,105
141,116
141,130
141,402
141,1673
142,5
142,99
142,132
143,6
143,44
143,105
143,108
143,116
143,121
143,126
143,127
143,144
143,146
143,159
143,238
144,44
144,48
144,54
144,90
144,96
144,104
144,105
144,106
144,111
144,112
144,146
144,153
144,181
144,191
144,582
145,106
146,7
146,15
146,21
146,32
146,37
146,40
146,44
146,48
146,83
146,90
146,91
146,96
146,98
146,100
146,103
146,104
146,105
146,109
146,112
146,113
146,114
146,116
146,121
146,123
146,128
146,137
146,143
146,144
146,148
146,153
146,180
146,186
146,191
146,194
146,197
146,201
146,274
146,321
146,350
146,361
146,374
146,396
146,408
146,529
146,531
146,540
146,582
146,592
146,1266
147,7
147,106
147,112
147,121
147,175
147,595
148,6
148,16
148,26
148,36
148,38
148,40
148,46
148,50
148,54
148,82
148,85
148,86
148,94
148,95
148,100
148,102
148,105
148,110
148,115
148,137
148,149
148,165
148,237
148,274
148,321
148,361
148,374
148,531
148,535
149,6
149,7
149,16
149,48
149,50
149,52
149,53
149,60
149,64
149,66
149,69
149,99
149,106
149,112
149,116
149,123
149,140
149,144
149,146
149,148
149,159
149,180
149,225
149,232
149,233
149,234
149,252
149,253
149,254
149,258
149,281
149,295
149,301
149,367
149,497
149,499
149,504
149,522
149,595
149,598
149,894
149,1201
149,1674
149,1675
149,1676
150,31
150,37
150,50
150,54
150,74
150,103
150,112
150,114
150,123
150,127
150,129
150,140
150,144
150,146
150,152
150,175
150,268
150,374
150,381
150,392
150,396
151,44
151,82
151,114
151,127
151,173
151,339
151,573
152,5
152,6
152,7
152,10
152,11
152,16
152,19
152,21
152,25
152,26
152,30
152,36
152,37
152,38
152,39
152,42
152,48
152,49
152,51
152,53
152,56
152,57
152,60
152,62
152,65
152,71
152,74
152,75
152,76
152,80
152,81
152,86
152,94
152,98
152,99
152,101
152,103
152,105
152,109
152,110
152,111
152,113
152,114
152,116
152,117
152,122
152,123
152,124
152,125
152,126
152,130
152,132
152,134
152,137
152,141
152,156
152,160
152,170
152,174
152,175
152,177
152,179
152,180
152,182
152,203
152,205
152,207
152,208
152,209
152,212
152,213
152,214
152,215
152,221
152,228
152,232
152,233
152,234
152,235
152,237
152,239
152,243
152,250
152,252
152,253
152,255
152,256
152,257
152,258
152,259
152,260
152,261
152,264
152,270
152,279
152,280
152,281
152,282
152,286
152,287
152,293
152,303
152,309
152,320
152,321
152,325
152,333
152,339
152,341
152,348
152,355
152,356
152,357
152,359
152,362
152,367
152,368
152,373
152,375
152,381
152,382
152,390
152,396
152,406
152,410
152,415
152,428
152,435
152,436
152,455
152,457
152,458
152,459
152,460
152,463
152,467
152,471
152,473
152,477
152,478
152,479
152,482
152,483
152,492
152,503
152,505
152,506
152,508
152,516
152,517
152,521
152,524
152,525
152,529
152,532
152,534
152,555
152,562
152,563
152,583
152,584
152,587
152,607
152,608
152,613
152,615
152,616
152,617
152,630
152,633
152,638
152,643
152,646
152,651
152,655
152,656
152,669
152,684
152,692
152,693
152,702
152,703
152,708
152,712
152,716
152,718
152,727
152,729
152,730
152,732
152,735
152,747
152,752
152,753
152,755
152,757
152,763
152,765
152,775
152,780
152,787
152,797
152,801
152,806
152,809
152,812
152,818
152,823
152,827
152,861
152,868
152,869
152,873
152,877
152,890
152,909
152,921
152,974
152,988
152,996
152,1001
152,1019
152,1023
152,1025
152,1040
152,1051
152,1058
152,1065
152,1066
152,1067
152,1070
152,1072
152,1078
152,1081
152,1084
152,1098
152,1103
152,1113
152,1114
152,1140
152,1159
152,1160
152,1164
152,1170
152,1182
152,1183
152,1186
152,1194
152,1202
152,1205
152,1206
152,1210
152,1222
152,1227
152,1293
152,1294
152,1295
152,1304
152,1306
152,1307
152,1312
152,1327
152,1331
152,1332
152,1337
152,1343
152,1345
152,1346
152,1352
152,1365
152,1383
152,1388
152,1390
152,1409
152,1414
152,1415
152,1416
152,1421
152,1430
152,1431
152,1433
152,1437
152,1444
152,1450
152,1489
152,1625
152,1630
152,1631
152,1657
152,1677
152,1678
152,1679
152,1680
152,1681
152,1682
152,1683
152,1684
152,1685
152,1686
152,1687
152,1688
152,1689
152,1690
152,1691
152,1692
152,1693
152,1694
152,1695
152,1696
152,1697
152,1698
152,1699
152,1700
152,1701
152,1702
152,1703
152,1704
152,1705
152,1706
152,1707
152,1708
152,1709
152,1710
152,1711
152,1712
152,1713
152,1714
152,1715
152,1716
152,1717
152,1718
153,50
153,81
153,91
153,103
153,111
153,127
153,130
153,140
153,144
153,146
153,156
153,166
153,460
154,100
154,580
155,5
155,7
155,11
155,40
155,42
155,44
155,51
155,54
155,99
155,101
155,102
155,106
155,115
155,123
155,128
155,159
155,170
155,171
155,180
155,181
155,187
155,192
155,193
155,203
155,239
155,257
155,280
155,287
155,302
155,303
155,312
155,334
155,357
155,362
155,375
155,404
155,405
155,412
155,435
155,436
155,437
155,442
155,509
155,526
155,540
155,558
155,612
155,635
155,648
155,651
155,656
155,659
155,663
155,684
155,690
155,716
155,729
155,730
155,732
155,762
155,777
155,778
155,807
155,819
155,868
155,877
155,889
155,896
155,904
155,928
155,955
155,999
155,1013
155,1024
155,1038
155,1039
155,1048
155,1057
155,1070
155,1130
155,1162
155,1166
155,1169
155,1181
155,1182
155,1186
155,1201
155,1203
155,1208
155,1215
155,1236
155,1247
155,1248
155,1252
155,1263
155,1329
155,1331
155,1338
155,1339
155,1342
155,1343
155,1344
155,1345
155,1346
155,1349
155,1404
155,1414
155,1423
155,1426
155,1431
155,1436
155,1443
155,1449
155,1450
155,1453
155,1456
155,1458
155,1462
155,1470
155,1482
155,1484
155,1508
155,1524
155,1537
155,1561
155,1566
155,1570
155,1712
155,1715
155,1716
155,1719
155,1720
155,1721
155,1722
155,1723
155,1724
155,1725
155,1726
155,1727
155,1728
155,1729
155,1730
155,1731
155,1732
155,1733
155,1734
155,1735
155,1736
155,1737
155,1738
155,1739
155,1740
155,1741
155,1742
155,1743
155,1744
155,1745
155,1746
155,1747
155,1748
155,1749
155,1750
156,1
156,3
156,5
156,6
156,7
156,8
156,15
156,22
156,24
156,25
156,30
156,32
156,33
156,36
156,37
156,50
156,51
156,52
156,54
156,56
156,59
156,60
156,65
156,70
156,71
156,75
156,81
156,83
156,85
156,86
156,95
156,96
156,99
156,101
156,105
156,108
156,109
156,110
156,111
156,112
156,113
156,114
156,116
156,120
156,121
156,122
156,123
156,124
156,126
156,127
156,128
156,129
156,132
156,136
156,137
156,140
156,141
156,143
156,144
156,145
156,152
156,160
156,162
156,166
156,170
156,171
156,174
156,175
156,177
156,180
156,182
156,185
156,191
156,193
156,195
156,198
156,199
156,200
156,203
156,205
156,207
156,208
156,209
156,212
156,215
156,232
156,234
156,238
156,239
156,243
156,244
156,246
156,247
156,248
156,249
156,252
156,256
156,257
156,258
156,259
156,260
156,261
156,273
156,274
156,280
156,281
156,283
156,285
156,294
156,296
156,299
156,302
156,303
156,321
156,324
156,325
156,333
156,339
156,341
156,346
156,353
156,356
156,360
156,361
156,366
156,370
156,373
156,382
156,396
156,398
156,399
156,400
156,402
156,409
156,412
156,435
156,457
156,482
156,484
156,492
156,501
156,505
156,506
156,524
156,566
156,587
156,594
156,595
156,623
156,663
156,701
156,702
156,703
156,795
156,809
156,810
156,924
156,954
156,1178
156,1214
156,1244
156,1264
156,1365
156,1366
156,1618
156,1673
156,1674
156,1751
156,1752
156,1753
156,1754
157,116
158,2
158,156
159,3
159,5
159,7
159,15
159,16
159,18
159,21
159,32
159,33
159,35
159,36
159,37
159,38
159,40
159,41
159,42
159,44
159,49
159,54
159,56
159,73
159,82
159,87
159,88
159,94
159,98
159,100
159,101
159,102
159,103
159,104
159,106
159,107
159,108
159,109
159,112
159,113
159,114
159,115
159,122
159,123
159,125
159,127
159,138
159,139
159,143
159,144
159,147
159,149
159,150
159,156
159,157
159,165
159,167
159,174
159,180
159,184
159,191
159,196
159,197
159,232
159,235
159,238
159,239
159,244
159,246
159,247
159,281
159,284
159,321
159,354
159,355
159,360
159,361
159,362
159,363
159,369
159,374
159,378
159,392
159,397
159,410
159,429
159,460
159,540
159,570
159,572
159,573
159,577
159,586
159,587
159,594
159,595
159,621
159,630
159,693
159,894
159,1130
159,1237
159,1238
159,1266
159,1267
159,1500
160,10
160,19
160,38
160,136
160,177
160,202
160,382
160,822
160,1756
161,7
161,21
161,31
161,36
161,37
161,44
161,54
161,83
161,102
161,103
161,120
161,123
161,126
161,130
161,138
161,143
161,144
161,147
161,156
161,285
162,15
162,25
162,74
162,97
162,117
162,136
162,137
162,170
162,194
162,272
162,369
162,596
163,32
163,260
163,308
163,316
163,368
163,429
163,432
163,454
163,467
163,552
163,560
163,561
163,587
163,603
163,679
163,681
163,731
163,744
163,757
163,758
163,759
163,821
163,877
163,940
163,1004
163,1100
163,1114
163,1744
164,355
165,1
165,7
165,15
165,27
165,31
165,42
165,45
165,51
165,54
165,56
165,70
165,80
165,83
165,91
165,95
165,96
165,100
165,101
165,102
165,105
165,109
165,110
165,112
165,113
165,115
165,118
165,120
165,122
165,127
165,136
165,140
165,141
165,156
165,159
165,166
165,174
165,177
165,179
165,181
165,182
165,191
165,197
165,203
165,205
165,217
165,233
165,239
165,243
165,252
165,264
165,277
165,281
165,283
165,297
165,302
165,325
165,340
165,348
165,352
165,356
165,367
165,369
165,397
165,404
165,410
165,412
165,457
165,459
165,478
165,488
165,498
165,506
165,536
165,570
165,573
165,594
165,596
165,603
165,621
165,648
165,653
165,684
165,724
165,727
165,762
165,782
165,807
165,808
165,868
165,874
165,943
165,961
165,974
165,999
165,1004
165,1013
165,1052
165,1078
165,1207
165,1236
165,1246
165,1263
165,1636
165,1757
165,1758
165,1759
166,6
166,8
166,10
166,25
166,30
166,42
166,73
166,87
166,91
166,94
166,99
166,100
166,101
166,111
166,113
166,115
166,120
166,121
166,126
166,128
166,136
166,140
166,146
166,147
166,152
166,155
166,159
166,163
166,170
166,177
166,178
166,179
166,191
166,197
166,198
166,256
166,260
166,280
166,285
166,309
166,333
166,350
166,361
166,362
166,368
166,373
166,374
166,381
166,386
166,406
166,410
166,412
166,429
166,435
166,437
166,460
166,478
166,479
166,488
166,493
166,525
166,526
166,571
166,581
166,603
166,608
166,609
166,612
166,613
166,616
166,617
166,631
166,640
166,642
166,643
166,649
166,653
166,655
166,684
166,692
166,693
166,712
166,716
166,724
166,729
166,730
166,735
166,738
166,744
166,747
166,759
166,762
166,771
166,777
166,796
166,807
166,812
166,818
166,829
166,857
166,863
166,865
166,868
166,872
166,874
166,875
166,877
166,896
166,898
166,905
166,909
166,921
166,928
166,963
166,1013
166,1018
166,1024
166,1026
166,1039
166,1046
166,1048
166,1051
166,1052
166,1057
166,1058
166,1059
166,1067
166,1070
166,1078
166,1098
166,1130
166,1161
166,1162
166,1197
166,1200
166,1202
166,1207
166,1208
166,1215
166,1222
166,1223
166,1229
166,1237
166,1252
166,1257
166,1263
166,1311
166,1322
166,1344
166,1346
166,1348
166,1350
166,1352
166,1371
166,1385
166,1390
166,1408
166,1410
166,1418
166,1427
166,1435
166,1449
166,1450
166,1452
166,1458
166,1462
166,1463
166,1469
166,1470
166,1484
166,1500
166,1659
166,1660
166,1686
166,1689
166,1699
166,1706
166,1715
166,1735
166,1760
166,1761
166,1762
166,1763
166,1764
166,1765
166,1766
166,1767
166,1768
166,1769
166,1770
166,1771
166,1772
166,1773
166,1774
167,50
167,56
167,109
167,116
167,138
167,381
167,579
167,596
167,692
168,10
169,10
169,16
169,132
169,136
169,170
169,190
169,194
169,201
169,204
169,276
169,285
169,301
169,321
169,354
169,369
169,436
169,542
170,10
170,16
170,74
170,99
170,169
170,198
170,201
170,202
170,204
170,242
170,272
170,301
170,347
170,350
170,372
171,0
171,8
171,9
171,12
171,32
171,42
171,44
171,45
171,51
171,101
171,109
171,115
171,155
171,162
171,170
171,177
171,192
171,224
171,245
171,281
171,282
171,286
171,289
171,297
171,325
171,362
171,368
171,375
171,397
171,402
171,440
171,490
171,495
171,522
171,524
171,546
171,554
171,599
171,606
171,633
171,634
171,640
171,646
171,654
171,749
171,762
171,782
171,816
171,848
171,857
171,866
171,867
171,868
171,887
171,889
171,895
171,896
171,897
171,905
171,969
171,1025
171,1038
171,1058
171,1060
171,1065
171,1070
171,1098
171,1162
171,1163
171,1165
171,1172
171,1209
171,1233
171,1250
171,1254
171,1323
171,1325
171,1327
171,1328
171,1329
171,1338
171,1339
171,1342
171,1343
171,1344
171,1348
171,1370
171,1371
171,1384
171,1391
171,1411
171,1428
171,1434
171,1435
171,1436
171,1443
171,1446
171,1449
171,1450
171,1452
171,1455
171,1456
171,1457
171,1470
171,1475
171,1486
171,1636
171,1726
171,1741
171,1759
171,1773
171,1776
171,1777
171,1778
171,1779
171,1780
171,1781
171,1782
171,1783
171,1784
171,1785
171,1786
171,1787
171,1788
171,1789
171,1790
171,1791
172,62
172,76
172,125
172,178
172,244
172,270
172,300
172,322
172,335
172,355
172,378
172,409
172,419
172,425
172,467
172,473
172,485
172,495
172,525
172,541
172,570
172,677
172,683
172,708
172,710
172,712
172,722
172,801
172,828
172,861
172,876
172,885
172,894
172,974
172,1023
172,1136
172,1202
172,1310
172,1363
172,1393
172,1408
172,1758
172,1792
172,1793
172,1794
172,1795
172,1796
172,1797
173,5
173,7
173,8
173,31
173,37
173,51
173,59
173,83
173,96
173,99
173,105
173,116
173,117
173,122
173,126
173,144
173,149
173,151
173,152
173,174
173,184
173,191
173,248
173,331
173,339
173,366
173,598
174,6
174,7
174,8
174,11
174,15
174,16
174,19
174,21
174,24
174,40
174,42
174,46
174,48
174,74
174,81
174,96
174,99
174,102
174,103
174,106
174,114
174,116
174,127
174,128
174,136
174,139
174,140
174,159
174,170
174,173
174,175
174,177
174,184
174,188
174,191
174,193
174,198
174,199
174,201
174,204
174,205
174,242
174,268
174,273
174,298
174,321
174,339
174,349
174,350
174,356
174,402
174,408
174,460
174,493
174,524
175,6
175,15
175,21
175,24
175,49
175,50
175,93
175,112
175,121
175,123
175,125
175,126
175,131
175,134
175,144
175,147
175,156
175,177
175,180
175,241
175,301
175,349
175,411
175,584
176,52
176,83
176,134
176,206
176,224
176,248
176,258
176,284
176,324
176,325
176,415
176,463
176,517
176,528
176,537
176,795
176,1289
176,1752
177,2
177,12
177,15
177,16
177,46
177,88
177,92
177,106
177,112
177,126
177,136
177,170
177,171
177,174
177,175
177,191
177,202
177,204
177,246
177,286
177,298
177,301
177,345
177,347
177,350
177,369
177,380
177,397
177,403
177,460
178,39
178,67
178,69
178,70
178,75
178,172
178,209
178,234
178,245
178,253
178,257
178,258
178,259
178,260
178,261
178,269
178,270
178,319
178,320
178,332
178,335
178,360
178,378
178,383
178,406
178,409
178,412
178,437
178,442
178,466
178,478
178,484
178,488
178,503
178,525
178,532
178,587
178,605
178,606
178,611
178,616
178,630
178,655
178,663
178,668
178,677
178,689
178,701
178,712
178,724
178,727
178,738
178,739
178,812
178,827
178,843
178,886
178,894
178,917
178,925
178,936
178,939
178,945
178,953
178,989
178,1003
178,1013
178,1016
178,1018
178,1021
178,1081
178,1102
178,1140
178,1243
178,1245
178,1311
178,1370
178,1625
178,1754
178,1794
178,1798
178,1799
178,1800
178,1801
178,1802
179,6
179,15
179,16
179,19
179,23
179,25
179,40
179,44
179,45
179,54
179,56
179,70
179,76
179,87
179,98
179,100
179,101
179,102
179,110
179,121
179,125
179,128
179,130
179,132
179,136
179,143
179,148
179,151
179,152
179,166
179,169
179,175
179,180
179,181
179,182
179,184
179,196
179,197
179,201
179,211
179,216
179,226
179,232
179,234
179,237
179,244
179,247
179,255
179,258
179,259
179,260
179,273
179,276
179,282
179,284
179,289
179,297
179,308
179,309
179,311
179,315
179,321
179,339
179,346
179,348
179,349
179,352
179,354
179,360
179,361
179,369
179,374
179,378
179,392
179,397
179,400
179,403
179,409
179,437
179,446
179,451
179,454
179,460
179,465
179,481
179,513
179,532
179,535
179,545
179,546
179,549
179,553
179,554
179,568
179,573
179,582
179,585
179,592
179,630
179,663
179,669
179,673
179,677
179,680
179,687
179,689
179,707
179,710
179,715
179,716
179,717
179,718
179,719
179,722
179,726
179,735
179,739
179,755
179,809
179,810
179,828
179,913
179,930
179,937
179,938
179,939
179,942
179,943
179,986
179,1011
179,1130
179,1148
179,1150
179,1214
179,1266
179,1291
179,1295
179,1300
179,1304
179,1306
179,1308
179,1356
179,1363
179,1370
179,1621
179,1628
179,1674
179,1804
179,1805
179,1806
179,1807
179,1808
179,1809
179,1810
179,1811
180,3
180,6
180,7
180,15
180,21
180,23
180,25
180,33
180,39
180,41
180,48
180,53
180,54
180,55
180,56
180,59
180,60
180,65
180,68
180,74
180,75
180,77
180,80
180,81
180,86
180,88
180,96
180,101
180,102
180,105
180,107
180,109
180,110
180,112
180,113
180,114
180,116
180,117
180,122
180,123
180,124
180,126
180,127
180,140
180,146
180,149
180,156
180,157
180,166
180,175
180,191
180,195
180,208
180,210
180,211
180,212
180,221
180,223
180,224
180,226
180,228
180,229
180,231
180,232
180,233
180,234
180,236
180,243
180,245
180,246
180,247
180,249
180,250
180,251
180,258
180,260
180,262
180,273
180,274
180,281
180,289
180,296
180,309
180,321
180,331
180,332
180,333
180,335
180,340
180,345
180,353
180,354
180,373
180,403
180,405
180,408
180,412
180,443
180,449
180,458
180,464
180,465
180,496
180,498
180,499
180,501
180,504
180,521
180,524
180,587
180,620
180,662
180,681
180,686
180,701
180,719
180,810
180,919
180,926
180,937
180,948
180,955
180,960
180,1011
180,1151
180,1243
180,1357
180,1812
181,5
181,6
181,7
181,10
181,11
181,20
181,24
181,25
181,27
181,42
181,45
181,46
181,48
181,51
181,54
181,55
181,56
181,63
181,70
181,76
181,95
181,99
181,100
181,101
181,102
181,103
181,104
181,108
181,109
181,110
181,112
181,115
181,123
181,124
181,125
181,139
181,144
181,148
181,155
181,163
181,165
181,173
181,179
181,182
181,189
181,193
181,195
181,197
181,200
181,202
181,232
181,235
181,239
181,246
181,250
181,254
181,256
181,257
181,260
181,264
181,266
181,281
181,282
181,289
181,295
181,302
181,306
181,308
181,309
181,321
181,339
181,346
181,348
181,352
181,354
181,368
181,373
181,378
181,382
181,389
181,390
181,391
181,393
181,397
181,401
181,402
181,403
181,404
181,410
181,412
181,424
181,425
181,426
181,436
181,437
181,443
181,448
181,454
181,465
181,468
181,471
181,472
181,475
181,478
181,479
181,485
181,499
181,500
181,501
181,505
181,526
181,532
181,555
181,560
181,562
181,563
181,565
181,566
181,569
181,573
181,594
181,600
181,603
181,662
181,663
181,667
181,668
181,673
181,701
181,717
181,730
181,791
181,808
181,877
181,913
181,919
181,924
181,926
181,928
181,932
181,937
181,951
181,980
181,990
181,996
181,999
181,1013
181,1130
181,1148
181,1173
181,1264
181,1296
181,1299
181,1300
181,1621
181,1674
181,1813
181,1814
181,1815
181,1816
181,1817
181,1818
181,1819
181,1820
182,15
182,16
182,19
182,21
182,22
182,25
182,40
182,41
182,45
182,51
182,59
182,76
182,91
182,95
182,96
182,98
182,101
182,105
182,106
182,110
182,114
182,124
182,126
182,127
182,128
182,145
182,146
182,151
182,152
182,156
182,165
182,170
182,172
182,179
182,181
182,184
182,197
182,201
182,205
182,207
182,210
182,224
182,226
182,235
182,247
182,265
182,273
182,276
182,285
182,289
182,305
182,321
182,322
182,338
182,339
182,340
182,346
182,348
182,354
182,355
182,360
182,361
182,369
182,372
182,374
182,397
182,400
182,404
182,409
182,410
182,436
182,459
182,492
182,579
182,621
182,1263
182,1266
183,2
184,5
184,6
184,31
184,37
184,51
184,60
184,91
184,96
184,99
184,100
184,103
184,106
184,109
184,114
184,116
184,126
184,129
184,132
184,136
184,140
184,150
184,159
184,173
184,182
184,186
184,194
184,197
184,198
184,223
184,268
184,269
184,275
184,305
184,325
184,347
184,350
184,366
184,369
184,375
184,381
184,394
184,521
184,523
184,529
184,587
184,1629
185,48
185,50
185,136
185,216
185,355
186,146
186,305
186,369
187,6
187,10
187,16
187,38
187,49
187,91
187,112
187,204
187,321
187,488
187,1821
188,83
188,174
188,224
188,276
188,285
188,303
188,402
189,108
189,181
189,293
189,295
189,389
189,390
189,443
189,562
189,663
189,664
189,680
189,717
189,795
189,802
189,842
189,951
189,1631
189,1816
190,21
190,38
190,50
190,136
190,169
190,204
191,5
191,7
191,8
191,15
191,16
191,20
191,21
191,37
191,38
191,44
191,46
191,51
191,74
191,83
191,90
191,96
191,99
191,102
191,112
191,116
191,123
191,126
191,127
191,129
191,135
191,136
191,143
191,144
191,146
191,159
191,166
191,169
191,170
191,171
191,173
191,174
191,176
191,177
191,188
191,190
191,194
191,199
191,200
191,204
191,206
191,208
191,224
191,233
191,271
191,274
191,276
191,283
191,286
191,297
191,298
191,301
191,302
191,303
191,339
191,344
191,350
191,357
191,358
191,372
191,373
191,402
191,519
191,526
191,531
191,595
191,691
191,1751
191,1755
192,10
192,170
192,171
192,191
192,362
192,378
192,406
192,440
192,468
192,658
192,663
192,716
192,732
192,733
192,778
192,887
192,904
192,909
192,1040
192,1069
192,1070
192,1071
192,1109
192,1161
192,1185
192,1186
192,1236
192,1331
192,1339
192,1343
192,1344
192,1349
192,1394
192,1409
192,1422
192,1426
192,1436
192,1441
192,1448
192,1450
192,1455
192,1456
192,1466
192,1470
192,1537
192,1616
192,1641
192,1774
192,1822
192,1823
192,1824
192,1825
192,1826
192,1827
193,24
193,31
193,46
193,97
193,136
193,174
193,194
193,205
193,234
193,301
193,352
193,493
193,499
193,525
193,526
193,581
193,596
193,652
193,1069
193,1150
193,1168
193,1180
193,1216
193,1252
193,1255
193,1268
193,1279
193,1389
193,1390
193,1474
193,1477
193,1482
193,1491
193,1492
193,1496
193,1503
193,1506
193,1526
193,1528
193,1530
193,1537
193,1610
193,1646
193,1648
193,1651
193,1700
193,1828
193,1829
193,1830
193,1831
193,1832
193,1833
193,1834
193,1835
193,1836
193,1837
193,1838
194,6
194,9
194,15
194,16
194,19
194,21
194,22
194,25
194,31
194,40
194,46
194,51
194,83
194,86
194,89
194,91
194,96
194,97
194,99
194,101
194,105
194,108
194,111
194,112
194,114
194,115
194,116
194,124
194,126
194,127
194,128
194,129
194,130
194,134
194,136
194,140
194,146
194,148
194,156
194,160
194,162
194,169
194,170
194,177
194,184
194,191
194,197
194,201
194,204
194,205
194,208
194,216
194,243
194,247
194,271
194,273
194,274
194,276
194,281
194,282
194,284
194,285
194,289
194,296
194,304
194,306
194,321
194,341
194,346
194,348
194,349
194,354
194,360
194,361
194,367
194,368
194,369
194,372
194,374
194,383
194,396
194,401
194,408
194,409
194,535
194,579
194,595
194,596
194,763
194,791
194,1266
195,117
196,6
196,7
196,9
196,44
196,82
196,103
196,106
196,109
196,111
196,116
196,143
196,159
196,179
196,345
196,396
196,1755
197,2
197,5
197,6
197,7
197,11
197,15
197,18
197,19
197,28
197,30
197,53
197,54
197,55
197,58
197,70
197,74
197,75
197,77
197,82
197,83
197,87
197,93
197,100
197,101
197,104
197,109
197,123
197,124
197,128
197,136
197,146
197,147
197,149
197,152
197,156
197,158
197,159
197,166
197,170
197,173
197,179
197,181
197,182
197,187
197,193
197,205
197,207
197,235
197,243
197,257
197,281
197,284
197,285
197,299
197,303
197,305
197,306
197,321
197,340
197,343
197,346
197,353
197,355
197,361
197,362
197,366
197,367
197,368
197,369
197,374
197,397
197,399
197,400
197,410
197,414
197,415
197,428
197,432
197,433
197,436
197,442
197,451
197,493
197,509
197,515
197,526
197,534
197,566
197,570
197,584
197,586
197,594
197,620
197,643
197,649
197,658
197,684
197,693
197,701
197,714
197,716
197,730
197,746
197,782
197,798
197,866
197,870
197,877
197,986
197,1002
197,1015
197,1024
197,1025
197,1046
197,1048
197,1054
197,1057
197,1058
197,1060
197,1066
197,1070
197,1071
197,1153
197,1162
197,1166
197,1180
197,1185
197,1186
197,1208
197,1215
197,1220
197,1223
197,1247
197,1280
197,1295
197,1307
197,1322
197,1338
197,1343
197,1345
197,1347
197,1381
197,1389
197,1391
197,1392
197,1398
197,1402
197,1409
197,1410
197,1412
197,1416
197,1424
197,1430
197,1438
197,1443
197,1449
197,1463
197,1472
197,1500
197,1528
197,1538
197,1570
197,1671
197,1689
197,1711
197,1712
197,1716
197,1725
197,1732
197,1736
197,1737
197,1738
197,1741
197,1745
197,1749
197,1766
197,1782
197,1785
197,1786
197,1840
197,1841
197,1842
197,1843
197,1844
197,1845
197,1846
197,1847
197,1848
197,1849
197,1850
197,1851
197,1852
197,1853
197,1854
197,1855
197,1856
197,1857
197,1858
197,1859
197,1860
197,1861
197,1862
197,1863
197,1864
197,1865
197,1866
197,1867
197,1868
197,1869
198,33
198,36
198,50
198,74
198,96
198,108
198,140
198,205
198,206
198,229
198,272
198,339
198,341
198,347
198,349
198,369
198,435
198,508
198,695
199,8
199,16
199,171
199,174
199,177
199,203
199,322
200,56
200,73
200,75
200,78
200,80
200,108
200,124
200,215
200,225
200,226
200,228
200,243
200,257
200,270
200,294
200,323
200,327
200,331
200,350
200,356
200,382
200,401
200,412
200,460
200,465
200,478
200,484
200,583
200,587
200,622
200,669
200,677
200,678
200,684
200,719
200,724
200,739
200,741
200,938
200,939
200,961
200,1016
200,1020
200,1023
200,1093
200,1098
200,1151
200,1311
200,1661
200,1807
200,1870
200,1871
200,1872
201,6
201,16
201,24
201,25
201,31
201,33
201,42
201,44
201,46
201,53
201,75
201,98
201,103
201,105
201,108
201,109
201,110
201,117
201,127
201,146
201,169
201,170
201,174
201,182
201,194
201,204
201,205
201,206
201,235
201,276
201,284
201,285
201,304
201,306
201,339
201,357
201,358
201,367
201,399
201,408
201,428
201,436
202,15
202,16
202,21
202,24
202,49
202,97
202,99
202,127
202,160
202,170
202,177
202,181
202,204
202,205
202,272
202,343
202,369
202,375
203,74
203,273
203,305
203,359
203,1873
204,6
204,8
204,10
204,11
204,16
204,19
204,20
204,21
204,24
204,25
204,31
204,32
204,38
204,44
204,48
204,49
204,50
204,51
204,54
204,59
204,70
204,74
204,83
204,89
204,99
204,108
204,109
204,112
204,114
204,116
204,128
204,134
204,136
204,139
204,140
204,145
204,160
204,162
204,169
204,170
204,172
204,174
204,177
204,187
204,190
204,191
204,195
204,199
204,201
204,202
204,203
204,205
204,206
204,208
204,224
204,232
204,247
204,268
204,271
204,276
204,285
204,296
204,303
204,305
204,325
204,339
204,354
204,361
204,366
204,367
204,368
204,370
204,372
204,385
204,386
204,402
204,429
204,441
204,448
204,519
204,521
204,522
204,529
204,584
204,596
204,696
204,800
204,913
205,19
205,22
205,53
205,174
205,175
205,182
205,186
205,194
205,198
205,201
205,202
205,203
205,204
205,206
205,271
205,273
205,284
205,305
205,343
205,375
205,385
205,398
205,1190
205,1263
206,22
206,24
206,26
206,29
206,30
206,52
206,53
206,57
206,71
206,97
206,117
206,176
206,198
206,201
206,219
206,248
206,262
206,283
206,380
206,405
206,412
206,449
206,458
206,480
206,526
206,537
206,567
206,568
206,785
206,886
206,923
206,973
206,1874
207,6
207,10
207,22
207,25
207,29
207,33
207,59
207,86
207,96
207,101
207,114
207,122
207,128
207,174
207,176
207,182
207,194
207,195
207,205
207,226
207,229
207,266
207,283
207,285
207,296
207,303
207,309
207,324
207,333
207,334
207,339
207,341
207,354
207,355
207,360
207,368
207,422
207,517
207,676
207,810
207,839
207,1875
208,7
208,10
208,23
208,24
208,26
208,37
208,48
208,50
208,54
208,58
208,59
208,66
208,80
208,91
208,105
208,106
208,130
208,136
208,139
208,140
208,141
208,156
208,173
208,177
208,180
208,191
208,194
208,199
208,204
208,225
208,232
208,233
208,252
208,258
208,272
208,273
208,295
208,339
208,380
208,394
208,789
208,816
208,913
208,1000
209,32
209,59
209,60
209,211
209,223
209,234
209,321
209,346
209,356
209,392
209,415
209,454
209,499
209,526
209,555
209,562
209,565
209,623
209,624
209,662
209,678
209,705
209,809
209,1752
210,23
210,89
210,117
210,118
210,149
210,180
210,182
210,195
210,207
210,225
210,240
210,286
210,294
210,295
210,296
210,330
210,422
210,446
210,490
210,511
210,515
210,517
210,526
210,1189
210,1876
211,0
211,27
211,29
211,30
211,38
211,45
211,56
211,62
211,69
211,70
211,73
211,80
211,97
211,125
211,152
211,160
211,169
211,170
211,179
211,180
211,190
211,200
211,209
211,212
211,215
211,216
211,232
211,235
211,244
211,245
211,255
211,256
211,259
211,264
211,266
211,270
211,279
211,280
211,281
211,285
211,289
211,300
211,303
211,309
211,346
211,350
211,354
211,355
211,356
211,358
211,360
211,361
211,373
211,378
211,386
211,403
211,409
211,412
211,415
211,422
211,429
211,432
211,437
211,446
211,454
211,466
211,471
211,472
211,475
211,477
211,479
211,480
211,492
211,532
211,553
211,554
211,559
211,560
211,562
211,566
211,570
211,574
211,583
211,586
211,587
211,592
211,600
211,624
211,655
211,663
211,669
211,673
211,678
211,679
211,681
211,689
211,712
211,713
211,722
211,735
211,819
211,827
211,877
211,926
211,932
211,934
211,937
211,938
211,944
211,945
211,951
211,957
211,964
211,965
211,1042
211,1080
211,1141
211,1175
211,1238
211,1300
211,1303
211,1305
211,1312
211,1370
211,1570
211,1674
211,1796
211,1808
211,1816
211,1877
211,1878
211,1879
212,15
212,26
212,66
212,68
212,80
212,95
212,99
212,159
212,179
212,180
212,181
212,200
212,211
212,235
212,242
212,244
212,252
212,256
212,257
212,270
212,281
212,309
212,332
212,335
212,346
212,354
212,355
212,356
212,359
212,360
212,382
212,432
212,500
212,528
212,554
212,555
212,566
212,587
212,599
212,630
212,677
212,701
212,709
212,759
212,791
212,877
212,926
212,937
212,1577
212,1752
212,1808
212,1880
213,293
213,295
213,379
213,481
213,555
213,666
214,38
214,339
214,918
214,973
215,43
215,57
215,58
215,59
215,70
215,75
215,117
215,125
215,189
215,200
215,211
215,216
215,217
215,225
215,226
215,243
215,244
215,252
215,253
215,256
215,265
215,266
215,270
215,271
215,281
215,283
215,307
215,309
215,333
215,334
215,379
215,388
215,403
215,406
215,412
215,418
215,425
215,429
215,465
215,477
215,479
215,483
215,484
215,485
215,507
215,517
215,549
215,556
215,587
215,617
215,621
215,625
215,629
215,655
215,673
215,676
215,677
215,686
215,689
215,712
215,731
215,738
215,759
215,818
215,914
215,924
215,937
215,957
215,974
215,998
215,1034
215,1078
215,1081
215,1094
215,1255
215,1268
215,1289
215,1358
215,1364
215,1370
215,1499
215,1582
215,1881
215,1882
215,1883
215,1884
215,1885
215,1886
215,1887
215,1888
215,1889
215,1890
215,1891
215,1892
216,6
216,7
216,21
216,23
216,41
216,48
216,63
216,65
216,67
216,74
216,80
216,110
216,152
216,185
216,194
216,197
216,215
216,222
216,226
216,232
216,259
216,289
216,321
216,355
216,356
216,361
216,373
216,374
216,388
216,405
216,525
216,542
216,553
216,563
216,587
216,592
216,594
216,608
216,611
216,612
216,614
216,620
216,621
216,693
216,695
216,712
216,719
216,723
216,731
216,735
216,741
216,749
216,750
216,751
216,755
216,759
216,810
216,812
216,842
216,843
216,850
216,852
216,871
216,926
216,929
216,965
216,1014
216,1034
216,1041
216,1046
216,1070
216,1141
216,1196
216,1197
216,1237
216,1311
216,1372
216,1631
216,1893
216,1894
216,1895
216,1896
216,1897
216,1898
217,0
217,71
217,78
217,80
217,243
217,253
217,271
217,286
217,287
217,295
217,481
217,570
217,795
217,1116
217,1899
218,26
218,219
218,226
218,295
218,379
218,405
218,413
218,415
218,416
218,448
218,496
218,517
218,627
218,919
218,957
218,962
218,1754
218,1900
218,1901
219,0
219,195
219,206
219,542
219,789
219,973
219,1902
220,222
220,367
220,415
220,454
220,479
220,567
220,621
220,1903
221,26
221,32
221,43
221,59
221,76
221,77
221,80
221,176
221,180
221,192
221,210
221,217
221,226
221,243
221,253
221,271
221,295
221,383
221,415
221,462
221,480
221,509
221,538
221,539
221,606
221,615
221,746
221,791
221,801
221,846
221,918
221,957
221,1032
221,1112
221,1666
221,1896
221,1904
221,1905
221,1906
222,29
222,30
222,51
222,80
222,117
222,118
222,124
222,203
222,216
222,224
222,225
222,229
222,232
222,243
222,251
222,253
222,257
222,258
222,260
222,261
222,278
222,281
222,282
222,325
222,332
222,340
222,421
222,465
222,483
222,492
222,498
222,499
222,501
222,505
222,506
222,516
222,547
222,628
222,701
222,703
222,1618
222,1907
222,1908
223,23
223,30
223,32
223,59
223,219
223,222
223,247
223,248
223,261
223,286
223,295
223,427
223,468
223,623
223,790
223,1909
224,15
224,19
224,51
224,59
224,80
224,83
224,92
224,124
224,165
224,171
224,176
224,182
224,188
224,204
224,217
224,218
224,219
224,222
224,225
224,226
224,232
224,233
224,242
224,243
224,247
224,252
224,258
224,259
224,286
224,298
224,309
224,321
224,352
224,361
224,387
224,400
224,402
224,415
224,421
224,453
224,456
224,503
224,523
224,566
224,586
224,597
224,804
225,1
225,56
225,59
225,65
225,70
225,71
225,75
225,76
225,77
225,80
225,149
225,217
225,229
225,230
225,248
225,251
225,254
225,261
225,263
225,324
225,335
225,359
225,417
225,422
225,454
225,569
225,588
225,666
225,704
225,791
225,793
225,816
225,978
225,996
225,1174
225,1293
225,1359
226,0
226,1
226,9
226,11
226,20
226,25
226,46
226,55
226,56
226,60
226,75
226,77
226,99
226,101
226,124
226,127
226,128
226,136
226,179
226,180
226,182
226,189
226,195
226,199
226,200
226,207
226,215
226,216
226,218
226,221
226,224
226,228
226,230
226,232
226,243
226,247
226,251
226,252
226,253
226,255
226,257
226,258
226,260
226,262
226,263
226,271
226,279
226,289
226,295
226,296
226,300
226,308
226,309
226,321
226,330
226,333
226,335
226,340
226,346
226,349
226,358
226,372
226,379
226,403
226,405
226,410
226,414
226,415
226,422
226,441
226,443
226,457
226,465
226,473
226,480
226,482
226,483
226,492
226,501
226,506
226,507
226,516
226,517
226,528
226,532
226,535
226,542
226,549
226,560
226,561
226,565
226,592
226,662
226,685
226,701
226,712
226,719
226,789
226,793
226,809
226,810
226,923
226,924
226,930
226,954
226,989
226,1115
226,1116
226,1160
226,1242
226,1366
226,1908
226,1910
226,1911
226,1912
226,1913
227,59
227,75
227,279
227,818
228,30
228,76
228,200
228,229
228,234
228,251
228,261
228,262
228,309
228,333
228,356
228,465
228,495
228,498
228,504
228,506
228,588
228,701
228,1239
229,3
229,23
229,26
229,30
229,124
229,180
229,198
229,207
229,222
229,225
229,228
229,232
229,234
229,253
229,258
229,262
229,309
229,331
229,332
229,356
229,369
229,394
229,415
229,421
229,507
229,662
229,701
229,703
230,63
230,75
230,261
230,279
231,60
231,75
231,180
231,200
231,217
231,251
231,568
231,1875
232,1
232,5
232,6
232,7
232,8
232,9
232,10
232,12
232,15
232,16
232,19
232,20
232,21
232,23
232,25
232,30
232,32
232,37
232,45
232,51
232,52
232,53
232,54
232,55
232,56
232,57
232,59
232,60
232,65
232,70
232,72
232,74
232,75
232,76
232,77
232,80
232,88
232,91
232,97
232,99
232,101
232,102
232,105
232,106
232,109
232,110
232,112
232,117
232,123
232,124
232,133
232,134
232,149
232,150
232,152
232,156
232,159
232,166
232,168
232,170
232,173
232,174
232,175
232,177
232,179
232,180
232,181
232,182
232,184
232,191
232,193
232,195
232,197
232,198
232,199
232,202
232,204
232,205
232,207
232,208
232,211
232,213
232,216
232,217
232,219
232,222
232,224
232,225
232,226
232,227
232,228
232,229
232,233
232,235
232,239
232,246
232,247
232,251
232,252
232,253
232,258
232,260
232,261
232,270
232,271
232,273
232,274
232,276
232,278
232,281
232,283
232,284
232,285
232,289
232,294
232,297
232,299
232,302
232,306
232,321
232,322
232,325
232,333
232,335
232,339
232,340
232,341
232,346
232,349
232,352
232,353
232,354
232,355
232,356
232,358
232,361
232,372
232,373
232,374
232,375
232,386
232,398
232,404
232,405
232,408
232,415
232,417
232,420
232,421
232,422
232,428
232,429
232,439
232,442
232,445
232,457
232,465
232,483
232,492
232,494
232,495
232,496
232,497
232,498
232,499
232,505
232,507
232,531
232,540
232,542
232,546
232,549
232,587
232,588
232,600
232,618
232,668
232,673
232,681
232,686
232,701
232,719
232,735
232,785
232,789
232,791
232,810
232,916
232,937
232,961
232,965
232,1011
232,1115
232,1129
232,1241
232,1300
232,1620
232,1752
232,1910
232,1914
233,71
233,165
233,197
233,208
233,210
233,224
233,225
233,232
233,243
233,251
233,257
233,289
233,300
233,405
233,408
233,422
233,428
233,461
233,481
233,489
233,568
233,791
234,13
234,23
234,32
234,60
234,76
234,78
234,119
234,149
234,193
234,225
234,228
234,229
234,240
234,243
234,251
234,253
234,257
234,261
234,262
234,287
234,325
234,331
234,332
234,351
234,359
234,373
234,383
234,384
234,415
234,494
234,495
234,496
234,497
234,498
234,500
234,501
234,503
234,515
234,517
234,521
234,543
234,546
234,600
234,601
234,662
234,668
234,701
234,703
234,719
234,791
234,813
234,816
234,937
234,948
234,959
234,960
234,990
234,1241
234,1243
234,1359
234,1360
234,1616
234,1617
234,1618
234,1656
234,1915
234,1916
234,1917
235,19
235,33
235,41
235,42
235,43
235,69
235,74
235,86
235,95
235,102
235,108
235,110
235,114
235,128
235,170
235,176
235,179
235,181
235,182
235,197
235,232
235,252
235,284
235,308
235,339
235,361
235,369
235,386
235,405
235,418
235,429
235,441
235,447
235,557
235,573
235,615
235,647
235,741
235,743
235,749
235,774
235,807
235,1094
235,1347
235,1420
235,1801
235,1918
235,1919
236,71
236,580
237,7
237,45
237,148
237,152
237,179
237,361
237,877
238,26
238,35
238,48
239,7
239,10
239,44
239,73
239,99
239,103
239,104
239,105
239,109
239,132
239,136
239,140
239,165
239,181
239,195
239,257
239,278
239,309
239,333
239,347
239,355
239,362
239,412
239,466
239,484
239,505
239,506
239,507
239,590
239,594
239,693
239,877
239,1130
240,11
240,51
240,53
240,108
240,200
240,210
240,234
240,258
240,259
240,269
240,286
240,336
240,337
240,340
240,356
240,359
240,360
240,378
240,386
240,442
240,449
240,454
240,484
240,490
240,501
240,506
240,584
240,604
240,605
240,622
240,678
240,767
240,846
240,953
240,974
240,982
240,983
240,1003
240,1004
240,1019
240,1078
240,1079
240,1083
240,1118
240,1141
240,1143
240,1301
240,1317
240,1370
240,1672
240,1920
240,1921
240,1922
241,53
241,195
241,376
241,441
242,28
242,52
242,116
242,203
242,212
242,247
242,281
242,288
242,301
242,325
242,359
242,375
242,517
242,717
242,795
242,951
242,957
242,1924
243,0
243,27
243,30
243,52
243,55
243,60
243,63
243,80
243,152
243,194
243,200
243,215
243,217
243,221
243,222
243,226
243,233
243,253
243,261
243,270
243,286
243,295
243,309
243,324
243,346
243,356
243,361
243,415
243,449
243,451
243,458
243,475
243,478
243,566
243,584
243,611
243,896
243,961
243,1291
244,19
244,56
244,70
244,75
244,106
244,128
244,172
244,179
244,181
244,195
244,212
244,215
244,258
244,264
244,270
244,273
244,281
244,284
244,317
244,324
244,337
244,359
244,361
244,378
244,386
244,409
244,412
244,428
244,429
244,433
244,443
244,490
244,524
244,570
244,592
244,611
244,622
244,673
244,678
244,689
244,724
244,834
244,983
244,1080
244,1106
244,1118
244,1142
244,1151
244,1363
244,1370
244,1632
244,1636
244,1793
244,1794
244,1839
244,1879
244,1920
245,10
245,12
245,23
245,26
245,57
245,60
245,69
245,78
245,89
245,122
245,130
245,171
245,180
245,211
245,217
245,253
245,257
245,258
245,281
245,317
245,332
245,334
245,346
245,379
245,383
245,421
245,447
245,453
245,464
245,483
245,506
245,517
245,530
245,564
245,586
245,588
245,592
245,665
245,681
245,790
245,953
245,982
245,1133
245,1243
245,1245
245,1264
245,1815
245,1828
245,1925
245,1926
245,1927
246,13
246,25
246,30
246,42
246,44
246,50
246,51
246,53
246,58
246,108
246,113
246,115
246,156
246,172
246,177
246,195
246,224
246,245
246,257
246,258
246,261
246,282
246,284
246,286
246,287
246,349
246,352
246,370
246,413
246,444
246,454
246,517
246,528
246,568
246,592
246,923
246,991
247,9
247,15
247,19
247,20
247,23
247,24
247,25
247,31
247,46
247,53
247,55
247,56
247,58
247,64
247,65
247,73
247,80
247,99
247,101
247,108
247,110
247,114
247,124
247,160
247,175
247,179
247,181
247,182
247,194
247,204
247,223
247,224
247,229
247,230
247,242
247,250
247,254
247,271
247,273
247,281
247,284
247,289
247,349
247,352
247,353
247,354
247,376
247,401
247,404
247,407
247,408
247,413
247,453
247,511
247,547
247,677
247,686
247,810
247,937
247,1116
247,1369
247,1912
248,71
248,75
248,125
248,173
248,176
248,206
248,223
248,225
248,250
248,282
248,422
248,788
249,10
249,11
249,180
249,335
249,464
249,492
249,555
249,570
249,1928
250,69
250,80
250,248
250,383
250,460
250,528
250,566
250,644
250,701
250,816
250,891
250,916
250,924
250,960
250,1876
251,3
251,65
251,76
251,77
251,89
251,222
251,225
251,226
251,228
251,231
251,232
251,233
251,257
251,258
251,286
251,287
251,300
251,330
251,346
251,351
251,352
251,356
251,360
251,373
251,415
251,418
251,422
251,465
251,478
251,483
251,494
251,498
251,499
251,505
251,506
251,516
251,562
251,566
251,600
251,662
251,668
251,924
251,1242
252,59
252,78
252,124
252,208
252,224
252,226
252,253
252,270
252,295
252,307
252,332
252,346
252,360
252,379
252,383
252,412
252,422
252,426
252,442
252,454
252,483
252,565
252,678
252,735
252,1929
252,1930
253,17
253,30
253,66
253,76
253,178
253,217
253,226
253,228
253,229
253,243
253,252
253,261
253,287
253,380
253,463
253,498
253,503
253,506
253,515
253,961
253,1881
254,57
254,64
254,225
254,247
254,267
254,394
254,426
254,1006
254,1136
254,1296
254,1623
255,27
255,32
255,69
255,70
255,75
255,125
255,152
255,189
255,211
255,226
255,270
255,279
255,286
255,317
255,360
255,373
255,378
255,380
255,403
255,405
255,471
255,542
255,562
255,565
255,566
255,592
255,629
255,636
255,668
255,669
255,673
255,677
255,685
255,687
255,713
255,722
255,810
255,812
255,828
255,916
255,922
255,948
255,964
255,986
255,1002
255,1008
255,1116
255,1135
255,1214
255,1363
255,1631
255,1674
255,1796
255,1816
256,0
256,32
256,69
256,75
256,125
256,228
256,234
256,258
256,266
256,300
256,333
256,336
256,350
256,360
256,375
256,384
256,426
256,431
256,457
256,473
256,478
256,479
256,484
256,494
256,506
256,515
256,553
256,563
256,574
256,668
256,674
256,679
256,719
256,934
256,1086
256,1238
256,1368
256,1931
257,27
257,30
257,57
257,60
257,70
257,74
257,75
257,76
257,77
257,124
257,173
257,200
257,203
257,207
257,222
257,223
257,226
257,228
257,233
257,234
257,248
257,251
257,258
257,259
257,260
257,261
257,281
257,329
257,333
257,356
257,382
257,384
257,412
257,415
257,421
257,422
257,424
257,464
257,505
257,506
257,507
257,509
257,526
257,528
257,552
257,555
257,566
257,623
257,703
257,708
257,808
257,816
258,0
258,22
258,23
258,26
258,30
258,60
258,69
258,124
258,149
258,176
258,205
258,222
258,224
258,226
258,228
258,229
258,232
258,244
258,251
258,261
258,281
258,331
258,332
258,356
258,379
258,412
258,421
258,424
258,453
258,497
258,501
258,505
258,506
258,508
258,528
258,588
258,810
258,958
258,1243
258,1752
259,0
259,20
259,30
259,43
259,51
259,59
259,65
259,67
259,73
259,106
259,122
259,125
259,149
259,178
259,211
259,212
259,216
259,224
259,225
259,245
259,257
259,270
259,279
259,303
259,309
259,346
259,350
259,360
259,373
259,378
259,383
259,388
259,406
259,412
259,422
259,437
259,442
259,448
259,460
259,479
259,488
259,505
259,532
259,558
259,565
259,668
259,669
259,673
259,684
259,707
259,709
259,712
259,723
259,777
259,801
259,826
259,827
259,938
259,943
259,965
259,1118
259,1141
259,1143
259,1194
259,1301
259,1314
259,1356
259,1370
259,1933
259,1934
259,1935
260,32
260,59
260,77
260,80
260,163
260,222
260,232
260,257
260,350
260,377
260,412
260,422
260,454
260,467
260,471
260,483
260,492
260,496
260,517
260,551
260,555
260,556
260,557
260,623
260,669
260,702
260,804
260,817
260,1214
260,1294
260,1933
260,1936
261,0
261,17
261,25
261,27
261,30
261,32
261,53
261,54
261,55
261,59
261,60
261,66
261,73
261,75
261,77
261,96
261,101
261,106
261,110
261,122
261,124
261,156
261,178
261,198
261,199
261,207
261,210
261,217
261,222
261,223
261,225
261,228
261,230
261,232
261,234
261,243
261,246
261,253
261,257
261,258
261,262
261,282
261,303
261,333
261,340
261,346
261,353
261,356
261,380
261,382
261,412
261,421
261,471
261,496
261,498
261,500
261,501
261,503
261,505
261,506
261,507
261,517
261,535
261,542
261,549
261,566
261,626
261,662
261,678
261,804
261,953
261,961
261,979
261,1078
261,1149
261,1243
261,1618
261,1814
261,1881
261,1917
261,1937
262,9
262,30
262,206
262,228
262,229
262,234
262,356
262,468
262,499
262,1618
263,225
263,340
263,505
263,506
264,54
264,110
264,211
264,215
264,244
264,252
264,337
264,360
264,378
264,429
264,453
264,483
264,492
264,503
264,506
264,570
264,580
264,669
264,673
264,681
264,710
264,717
264,741
264,841
264,1002
264,1008
264,1031
264,1137
264,1140
264,1141
264,1151
264,1289
264,1309
264,1310
264,1314
264,1796
264,1938
265,11
265,26
265,80
265,272
265,291
265,295
265,324
265,330
265,358
265,401
265,416
265,458
265,463
265,514
265,542
265,591
265,1619
266,20
266,30
266,207
266,211
266,215
266,256
266,348
266,388
266,431
266,454
266,473
266,479
266,555
266,560
266,562
266,565
266,665
266,673
266,676
266,680
266,689
266,717
266,859
266,926
266,929
266,932
266,934
266,938
266,957
266,1306
267,74
267,254
267,370
267,403
267,460
267,480
267,562
267,611
267,615
267,616
267,626
267,677
267,690
267,742
267,744
267,749
267,767
267,795
267,962
267,1034
267,1720
267,1812
267,1883
267,1939
267,1940
267,1941
267,1942
268,6
268,8
268,25
268,54
268,105
268,109
268,123
268,127
268,143
268,150
268,174
268,204
268,396
268,523
269,6
269,8
269,23
269,37
269,48
269,49
269,51
269,52
269,54
269,67
269,96
269,127
269,129
269,130
269,134
269,164
269,178
269,184
269,245
269,259
269,275
269,320
269,332
269,336
269,365
269,374
269,381
269,383
269,435
269,447
269,489
269,490
269,554
269,605
269,607
269,620
269,678
269,681
269,717
269,727
269,728
269,729
269,739
269,759
269,825
269,831
269,929
269,938
269,966
269,974
269,983
269,1003
269,1020
269,1078
269,1081
269,1140
269,1144
269,1191
269,1307
269,1310
269,1315
269,1370
269,1800
269,1943
269,1944
269,1945
270,8
270,20
270,22
270,27
270,30
270,43
270,45
270,53
270,56
270,64
270,69
270,80
270,110
270,125
270,172
270,178
270,200
270,211
270,215
270,232
270,243
270,244
270,252
270,254
270,255
270,256
270,259
270,260
270,289
270,355
270,360
270,373
270,374
270,378
270,379
270,403
270,425
270,437
270,444
270,446
270,465
270,467
270,479
270,480
270,532
270,535
270,553
270,560
270,561
270,565
270,566
270,567
270,583
270,600
270,622
270,625
270,668
270,673
270,679
270,688
270,689
270,712
270,713
270,739
270,812
270,819
270,934
270,937
270,938
270,945
270,1042
270,1106
270,1140
270,1243
270,1621
270,1756
270,1819
270,1946
270,1947
270,1948
270,1949
271,8
271,24
271,26
271,54
271,80
271,96
271,99
271,106
271,114
271,130
271,140
271,191
271,205
271,217
271,226
271,247
271,278
271,288
271,394
271,415
271,456
271,691
271,788
271,957
271,1950
272,8
272,23
272,116
272,162
272,198
272,202
272,265
272,341
272,372
272,579
272,606
272,613
272,636
272,642
272,654
272,744
272,746
272,775
272,872
272,899
272,1040
272,1112
272,1114
272,1152
272,1328
272,1797
272,1951
272,1952
272,1953
273,8
273,10
273,11
273,16
273,19
273,22
273,24
273,25
273,31
273,38
273,46
273,53
273,56
273,75
273,88
273,101
273,108
273,114
273,116
273,136
273,160
273,174
273,182
273,194
273,195
273,199
273,202
273,203
273,204
273,205
273,232
273,240
273,247
273,277
273,282
273,283
273,284
273,299
273,304
273,306
273,332
273,340
273,341
273,349
273,352
273,358
273,369
273,370
273,372
273,375
273,385
273,408
273,412
273,441
273,444
273,528
273,532
273,619
273,699
273,1148
274,40
274,44
274,86
274,87
274,96
274,116
274,146
274,180
275,15
275,150
275,153
275,269
275,381
275,1343
275,1472
275,1504
275,1831
275,1955
275,1956
276,21
276,25
276,26
276,31
276,37
276,38
276,44
276,74
276,88
276,91
276,110
276,128
276,169
276,175
276,182
276,184
276,186
276,188
276,191
276,194
276,201
276,204
276,224
276,232
276,300
276,321
276,338
276,339
276,347
276,354
276,361
276,369
276,374
276,410
276,430
276,523
276,532
276,697
277,9
277,31
277,38
277,165
277,197
277,224
277,273
277,289
277,436
278,3
278,30
278,70
278,76
278,222
278,232
278,455
278,482
278,495
278,498
278,532
278,646
278,1098
279,9
279,43
279,56
279,74
279,110
279,211
279,226
279,227
279,230
279,255
279,259
279,289
279,295
279,317
279,334
279,388
279,403
279,410
279,411
279,418
279,454
279,553
279,560
279,583
279,618
279,681
279,757
279,810
279,964
279,994
279,1238
279,1298
279,1363
279,1756
279,1912
279,1957
280,9
280,39
280,42
280,45
280,77
280,92
280,107
280,124
280,133
280,149
280,152
280,155
280,163
280,166
280,193
280,197
280,281
280,312
280,333
280,339
280,362
280,368
280,373
280,383
280,428
280,432
280,435
280,440
280,466
280,493
280,499
280,509
280,526
280,535
280,581
280,596
280,599
280,615
280,621
280,632
280,637
280,638
280,639
280,640
280,643
280,645
280,648
280,655
280,656
280,696
280,701
280,712
280,716
280,724
280,729
280,730
280,731
280,737
280,738
280,747
280,752
280,760
280,762
280,766
280,782
280,796
280,798
280,799
280,807
280,808
280,812
280,829
280,852
280,854
280,866
280,868
280,877
280,885
280,888
280,889
280,896
280,904
280,910
280,912
280,917
280,921
280,935
280,955
280,963
280,999
280,1014
280,1015
280,1016
280,1027
280,1033
280,1039
280,1040
280,1046
280,1051
280,1052
280,1057
280,1058
280,1060
280,1067
280,1070
280,1073
280,1075
280,1082
280,1092
280,1106
280,1120
280,1126
280,1127
280,1130
280,1150
280,1152
280,1157
280,1162
280,1163
280,1166
280,1168
280,1173
280,1180
280,1199
280,1200
280,1201
280,1202
280,1203
280,1207
280,1208
280,1211
280,1214
280,1215
280,1216
280,1221
280,1222
280,1223
280,1236
280,1247
280,1250
280,1253
280,1255
280,1257
280,1258
280,1259
280,1260
280,1261
280,1263
280,1268
280,1270
280,1271
280,1273
280,1274
280,1276
280,1279
280,1282
280,1283
280,1285
280,1295
280,1319
280,1322
280,1337
280,1338
280,1341
280,1343
280,1344
280,1345
280,1346
280,1350
280,1369
280,1379
280,1387
280,1390
280,1392
280,1396
280,1400
280,1404
280,1407
280,1416
280,1420
280,1425
280,1427
280,1430
280,1433
280,1435
280,1436
280,1440
280,1441
280,1442
280,1444
280,1445
280,1450
280,1458
280,1461
280,1462
280,1463
280,1464
280,1466
280,1467
280,1473
280,1474
280,1476
280,1478
280,1482
280,1484
280,1485
280,1487
280,1490
280,1492
280,1493
280,1495
280,1499
280,1500
280,1501
280,1502
280,1503
280,1504
280,1506
280,1509
280,1510
280,1511
280,1512
280,1515
280,1519
280,1521
280,1524
280,1525
280,1526
280,1528
280,1529
280,1530
280,1531
280,1533
280,1534
280,1536
280,1537
280,1538
280,1539
280,1540
280,1542
280,1548
280,1549
280,1550
280,1551
280,1553
280,1554
280,1555
280,1556
280,1559
280,1561
280,1562
280,1564
280,1566
280,1567
280,1569
280,1570
280,1571
280,1572
280,1577
280,1579
280,1580
280,1582
280,1583
280,1584
280,1586
280,1587
280,1588
280,1591
280,1592
280,1593
280,1594
280,1595
280,1601
280,1603
280,1604
280,1606
280,1608
280,1610
280,1611
280,1612
280,1613
280,1614
280,1616
280,1621
280,1633
280,1640
280,1643
280,1646
280,1651
280,1660
280,1668
280,1686
280,1694
280,1695
280,1703
280,1706
280,1709
280,1711
280,1715
280,1723
280,1724
280,1728
280,1733
280,1735
280,1737
280,1742
280,1746
280,1749
280,1750
280,1764
280,1765
280,1769
280,1771
280,1772
280,1774
280,1779
280,1782
280,1820
280,1825
280,1830
280,1833
280,1835
280,1836
280,1843
280,1851
280,1852
280,1855
280,1883
280,1890
280,1894
280,1958
280,1959
280,1960
280,1961
280,1962
280,1963
280,1964
280,1965
280,1966
280,1967
280,1968
280,1969
280,1970
280,1971
280,1972
280,1973
280,1974
280,1975
280,1976
280,1977
280,1978
280,1979
280,1980
280,1981
280,1982
280,1983
280,1984
280,1985
280,1986
280,1987
280,1988
280,1989
280,1990
280,1991
280,1992
280,1993
280,1994
280,1995
280,1996
280,1997
280,1998
280,1999
280,2000
280,2001
280,2002
280,2003
280,2004
280,2005
280,2006
280,2007
280,2008
280,2009
280,2010
280,2011
280,2012
280,2013
280,2014
280,2015
280,2016
280,2017
280,2018
280,2019
280,2020
280,2021
280,2022
280,2023
280,2024
280,2025
280,2026
280,2027
280,2028
280,2029
280,2030
280,2031
280,2032
280,2033
280,2034
280,2035
280,2036
280,2037
280,2038
280,2039
280,2040
280,2041
280,2042
280,2043
280,2044
280,2045
280,2046
280,2047
280,2048
280,2049
280,2050
280,2051
280,2052
280,2053
280,2054
280,2055
280,2056
280,2057
280,2058
280,2059
280,2060
280,2061
280,2062
280,2063
280,2064
280,2065
280,2066
280,2067
280,2068
280,2069
280,2070
280,2071
280,2072
280,2073
280,2074
280,2075
280,2076
280,2077
280,2078
280,2079
280,2080
280,2081
280,2082
280,2083
280,2084
280,2085
280,2086
280,2087
280,2088
280,2089
280,2090
280,2091
280,2092
280,2093
280,2094
280,2095
280,2096
280,2097
280,2098
281,4
281,6
281,7
281,9
281,12
281,16
281,19
281,21
281,22
281,24
281,25
281,26
281,36
281,37
281,48
281,51
281,55
281,65
281,66
281,80
281,83
281,101
281,102
281,108
281,109
281,112
281,114
281,124
281,126
281,127
281,128
281,149
281,156
281,159
281,170
281,171
281,174
281,176
281,193
281,195
281,198
281,199
281,203
281,207
281,210
281,211
281,222
281,225
281,232
281,235
281,239
281,240
281,242
281,244
281,247
281,248
281,257
281,258
281,259
281,271
281,275
281,283
281,285
281,286
281,288
281,296
281,297
281,299
281,303
281,324
281,329
281,340
281,349
281,350
281,351
281,353
281,361
281,362
281,408
281,428
281,444
281,450
281,451
281,482
281,490
281,492
281,517
281,537
281,543
281,570
281,586
281,623
281,785
281,791
281,995
281,1365
281,1753
282,6
282,9
282,15
282,16
282,19
282,21
282,22
282,23
282,24
282,25
282,26
282,31
282,37
282,38
282,41
282,44
282,49
282,51
282,75
282,83
282,97
282,101
282,110
282,116
282,117
282,122
282,127
282,133
282,160
282,166
282,170
282,171
282,172
282,173
282,177
282,179
282,181
282,190
282,191
282,195
282,196
282,197
282,204
282,205
282,208
282,209
282,213
282,245
282,246
282,247
282,248
282,258
282,273
282,276
282,277
282,285
282,299
282,303
282,305
282,308
282,338
282,339
282,343
282,345
282,349
282,353
282,354
282,363
282,368
282,398
282,400
282,404
282,405
282,410
282,412
282,417
282,436
282,478
282,519
282,563
282,673
282,785
282,913
283,7
283,9
283,15
283,19
283,22
283,37
283,56
283,101
283,103
283,106
283,111
283,112
283,116
283,126
283,128
283,129
283,130
283,140
283,143
283,156
283,206
283,207
283,238
283,239
283,273
283,281
283,286
283,349
283,353
283,374
283,452
283,463
283,511
284,102
284,159
284,176
284,177
284,194
284,201
284,244
284,246
284,247
284,273
284,289
284,321
284,345
284,349
284,354
284,391
284,418
284,810
285,11
285,19
285,22
285,24
285,25
285,30
285,56
285,76
285,101
285,114
285,128
285,136
285,140
285,169
285,182
285,188
285,193
285,194
285,197
285,201
285,204
285,205
285,206
285,207
285,240
285,273
285,321
285,330
285,344
285,349
285,369
285,372
285,373
285,385
285,399
285,400
285,407
285,408
285,591
285,977
285,1023
286,9
286,11
286,22
286,23
286,29
286,51
286,152
286,171
286,177
286,210
286,217
286,223
286,224
286,240
286,243
286,255
286,281
286,283
286,298
286,321
286,350
286,352
286,408
286,412
286,416
286,441
286,482
286,528
286,597
286,686
286,1228
287,195
287,217
287,253
287,668
288,0
288,9
288,23
288,26
288,80
288,117
288,169
288,242
288,271
288,281
288,294
288,299
288,461
288,514
288,517
288,536
288,587
288,678
288,791
288,803
288,1291
288,2100
288,2101
289,0
289,1
289,9
289,16
289,19
289,31
289,32
289,41
289,55
289,56
289,64
289,69
289,75
289,80
289,101
289,114
289,115
289,116
289,133
289,171
289,179
289,180
289,181
289,182
289,194
289,207
289,211
289,213
289,216
289,225
289,226
289,230
289,232
289,233
289,235
289,247
289,270
289,277
289,279
289,282
289,284
289,305
289,306
289,339
289,346
289,352
289,354
289,356
289,361
289,382
289,384
289,394
289,397
289,403
289,404
289,405
289,410
289,418
289,437
289,441
289,457
289,487
289,495
289,501
289,507
289,511
289,516
289,549
289,569
289,621
289,624
289,704
289,806
289,810
289,904
289,1116
289,1164
289,1243
289,1306
289,1809
290,516
291,265
292,9
292,11
292,293
292,893
292,1038
292,1052
292,1060
292,1170
292,1409
292,1876
292,1903
292,1979
292,2102
292,2103
293,9
293,189
293,213
293,286
293,292
293,517
293,742
294,9
294,26
294,29
294,52
294,66
294,132
294,200
294,210
294,412
294,677
294,808
294,1291
295,9
295,30
295,31
295,65
295,68
295,72
295,80
295,124
295,189
295,210
295,213
295,217
295,218
295,221
295,223
295,226
295,243
295,265
295,271
295,279
295,303
295,306
295,323
295,324
295,340
295,346
295,352
295,356
295,401
295,415
295,436
295,498
295,542
295,566
295,591
295,677
295,700
295,704
295,755
295,808
295,810
295,919
295,1116
295,1876
296,19
296,21
296,111
296,180
296,204
296,210
296,215
296,225
296,226
296,281
296,309
296,369
296,403
296,460
296,507
296,553
296,677
297,5
297,7
297,19
297,21
297,22
297,24
297,46
297,51
297,54
297,74
297,86
297,99
297,101
297,102
297,107
297,109
297,115
297,123
297,126
297,129
297,130
297,136
297,140
297,156
297,159
297,165
297,170
297,171
297,177
297,179
297,187
297,191
297,193
297,197
297,199
297,204
297,232
297,239
297,272
297,281
297,302
297,346
297,354
297,355
297,374
297,378
297,429
297,519
297,531
297,698
297,786
298,16
298,74
298,174
298,177
298,224
298,286
298,321
298,381
298,523
299,10
299,273
299,528
300,10
300,30
300,69
300,76
300,116
300,124
300,134
300,150
300,172
300,222
300,233
300,251
300,256
300,340
300,453
300,457
300,460
300,478
300,480
300,492
300,498
300,504
300,505
300,506
300,516
300,924
300,952
300,1240
300,1875
301,7
301,10
301,37
301,51
301,99
301,103
301,106
301,126
301,127
301,152
301,159
301,169
301,170
301,242
301,305
301,372
301,913
302,15
302,165
302,181
302,191
303,10
303,14
303,15
303,43
303,55
303,66
303,76
303,89
303,97
303,136
303,140
303,175
303,180
303,188
303,191
303,196
303,197
303,204
303,207
303,208
303,259
303,261
303,282
303,307
303,309
303,327
303,336
303,350
303,368
303,378
303,384
303,403
303,437
303,465
303,473
303,475
303,488
303,492
303,503
303,506
303,534
303,662
303,687
303,764
303,828
303,944
303,986
303,1194
303,1243
303,1289
303,1298
303,1806
303,2105
303,2106
304,10
304,22
304,24
304,31
304,194
304,201
304,407
304,668
305,10
305,16
305,31
305,116
305,186
305,203
305,282
305,339
305,385
305,584
306,32
306,135
306,194
306,201
306,264
306,273
306,360
306,430
306,488
306,527
306,559
306,608
306,673
306,720
306,965
307,43
307,215
307,252
307,303
307,309
307,310
307,336
307,383
307,403
307,442
307,457
307,475
307,479
307,488
307,553
307,555
307,564
307,565
307,583
307,669
307,673
307,679
307,746
307,750
307,789
307,804
307,843
307,982
307,1004
307,1009
307,1083
307,1092
307,1110
307,1242
307,1301
307,1362
307,1370
307,1661
307,1925
307,1930
307,1958
307,2107
307,2108
307,2109
307,2110
308,1
308,32
308,69
308,73
308,76
308,163
308,179
308,181
308,187
308,189
308,226
308,235
308,293
308,332
308,346
308,387
308,403
308,412
308,418
308,445
308,457
308,471
308,542
308,547
308,549
308,562
308,566
308,587
308,602
308,677
308,712
308,809
308,810
308,1004
308,1011
308,1116
308,1194
308,1240
308,1363
308,1665
308,1794
308,2111
309,1
309,9
309,14
309,30
309,41
309,43
309,45
309,52
309,56
309,57
309,60
309,64
309,65
309,68
309,71
309,75
309,78
309,89
309,118
309,124
309,152
309,155
309,195
309,207
309,210
309,211
309,212
309,213
309,215
309,219
309,220
309,226
309,228
309,229
309,230
309,243
309,250
309,251
309,252
309,256
309,259
309,262
309,280
309,287
309,289
309,294
309,295
309,296
309,300
309,303
309,307
309,308
309,325
309,333
309,334
309,336
309,348
309,350
309,360
309,378
309,379
309,382
309,384
309,391
309,394
309,403
309,412
309,415
309,417
309,425
309,426
309,433
309,437
309,439
309,453
309,454
309,457
309,461
309,465
309,466
309,471
309,472
309,473
309,475
309,478
309,479
309,483
309,484
309,494
309,495
309,498
309,499
309,501
309,503
309,504
309,505
309,506
309,507
309,517
309,521
309,532
309,553
309,554
309,555
309,563
309,566
309,567
309,568
309,570
309,600
309,601
309,621
309,623
309,625
309,627
309,628
309,668
309,673
309,675
309,677
309,678
309,679
309,681
309,684
309,685
309,689
309,691
309,694
309,701
309,708
309,711
309,712
309,750
309,755
309,757
309,788
309,809
309,810
309,819
309,823
309,919
309,924
309,925
309,932
309,933
309,935
309,937
309,947
309,974
309,979
309,990
309,1023
309,1136
309,1149
309,1194
309,1214
309,1240
309,1241
309,1264
309,1291
309,1296
309,1364
309,1370
309,1570
309,1617
309,1657
309,1679
309,1818
309,1825
309,1923
309,1931
309,1948
309,2112
309,2113
309,2114
309,2115
309,2116
310,135
310,307
310,335
310,484
310,684
310,715
310,1793
311,335
311,794
311,828
311,939
311,1793
312,442
312,493
312,563
312,599
312,741
312,762
312,763
312,818
312,999
312,1038
312,1078
312,1274
312,1349
312,1460
312,1509
312,1523
312,1524
312,1530
312,1545
312,1552
312,1557
312,1564
312,1566
312,1571
312,1572
312,1651
312,1837
312,1861
312,2018
312,2030
312,2034
312,2081
312,2117
312,2118
312,2119
312,2120
312,2121
313,310
313,488
313,493
313,499
313,596
313,915
313,1126
313,1150
313,1180
313,1216
313,1252
313,1255
313,1258
313,1337
313,1427
313,1433
313,1446
313,1448
313,1457
313,1459
313,1466
313,1467
313,1468
313,1469
313,1471
313,1472
313,1477
313,1484
313,1499
313,1503
313,1504
313,1507
313,1508
313,1530
313,1533
313,1648
313,1651
313,1724
313,1735
313,1747
313,1774
313,1830
313,1886
313,1888
313,2008
313,2018
313,2022
313,2031
313,2122
313,2123
313,2124
313,2125
313,2126
313,2127
314,10
314,163
314,315
314,488
314,583
314,944
315,10
315,135
315,314
315,393
315,503
315,668
315,938
315,1806
315,1948
315,2105
316,135
316,178
316,334
316,335
316,614
316,622
316,668
316,673
316,676
316,679
316,681
316,689
316,827
316,833
316,980
316,1020
316,1083
316,1090
316,1105
316,1144
316,2128
317,245
317,255
317,279
317,314
317,327
317,378
317,437
317,516
317,668
317,719
317,789
317,944
317,984
317,1137
317,1870
317,2129
317,2130
317,2131
318,10
318,717
318,831
318,1965
319,10
319,178
319,475
319,559
319,663
319,724
319,726
319,831
319,849
319,953
319,1087
319,1169
319,1669
320,10
320,178
320,831
320,929
320,1004
320,1091
320,2132
321,11
321,23
321,40
321,41
321,45
321,52
321,81
321,85
321,86
321,91
321,94
321,106
321,110
321,112
321,121
321,123
321,128
321,146
321,148
321,156
321,159
321,169
321,174
321,179
321,182
321,187
321,197
321,210
321,216
321,224
321,226
321,273
321,276
321,285
321,286
321,298
321,299
321,322
321,345
321,354
321,361
321,367
321,369
321,392
321,397
321,403
321,415
321,508
321,517
321,547
321,595
321,625
321,755
321,781
321,1266
321,2133
322,11
322,74
322,97
322,172
322,182
322,199
322,359
323,52
323,200
323,295
323,325
323,397
323,428
323,440
323,525
323,553
323,608
323,630
323,643
323,659
323,692
323,713
323,758
323,779
323,780
323,781
323,782
323,829
323,861
323,890
323,897
323,908
323,917
323,926
323,1002
323,1032
323,1160
323,1166
323,1200
323,1208
323,1225
323,1228
323,1232
323,1266
323,1329
323,1331
323,1348
323,1352
323,1394
323,1398
323,1399
323,1432
323,1435
323,1676
323,1680
323,1687
323,1696
323,1711
323,1733
323,1784
323,1852
323,1881
323,2104
323,2134
323,2135
323,2136
324,22
324,52
324,91
324,176
324,194
324,207
324,225
324,243
324,265
324,295
324,340
324,415
324,445
324,446
324,542
324,699
325,26
325,29
325,52
325,54
325,59
325,87
325,91
325,101
325,124
325,171
325,176
325,197
325,204
325,222
325,225
325,232
325,242
325,369
325,415
325,523
325,568
325,691
325,1149
325,1369
325,1917
326,912
327,200
327,317
327,378
327,406
327,409
327,437
327,477
327,488
327,592
327,659
327,673
327,678
327,682
327,686
327,935
327,937
327,938
327,941
327,944
327,991
327,1136
327,1307
327,1314
327,1370
327,1808
327,2106
328,87
328,482
328,907
328,1141
328,1151
329,394
329,1899
330,13
330,117
330,124
330,210
330,265
330,415
330,568
330,623
331,13
331,60
331,200
331,229
331,234
331,258
331,333
331,662
331,676
331,958
331,979
331,1145
332,13
332,30
332,122
332,212
332,229
332,258
332,273
332,424
332,489
332,495
332,496
332,662
333,60
333,69
333,207
333,228
333,256
333,257
333,261
333,331
333,457
333,467
333,473
333,498
333,506
333,556
333,570
333,598
333,636
333,662
333,675
333,701
333,703
333,933
333,1240
333,1293
333,1304
333,1367
333,1937
334,14
334,43
334,115
334,130
334,245
334,256
334,260
334,279
334,281
334,287
334,303
334,331
334,346
334,356
334,382
334,383
334,384
334,392
334,424
334,437
334,454
334,465
334,467
334,477
334,505
334,555
334,572
334,615
334,678
334,679
334,719
334,755
334,818
334,943
334,944
334,945
334,996
334,1032
334,1080
334,1313
334,1678
334,1935
334,2137
334,2138
335,14
335,24
335,43
335,69
335,76
335,172
335,212
335,225
335,249
335,310
335,311
335,316
335,384
335,418
335,431
335,454
335,470
335,482
335,496
335,530
335,574
335,624
335,625
335,675
335,676
335,719
335,804
335,823
335,977
335,993
335,994
335,1362
335,1809
335,2114
335,2139
335,2140
336,14
336,30
336,110
336,124
336,125
336,225
336,240
336,256
336,289
336,303
336,307
336,337
336,348
336,382
336,394
336,437
336,465
336,478
336,479
336,488
336,528
336,543
336,549
336,587
336,621
336,622
336,672
336,675
336,678
336,707
336,708
336,717
336,790
336,806
336,935
336,985
336,1019
336,1300
336,1310
336,1356
336,1632
336,2099
336,2141
337,14
337,67
337,244
337,264
337,336
337,378
337,484
337,554
337,559
337,563
337,711
337,938
337,943
337,1003
337,1004
337,1019
337,1094
337,1143
337,1151
337,1292
337,1311
337,1315
337,1762
338,38
338,199
338,698
339,26
339,38
339,44
339,74
339,83
339,116
339,117
339,136
339,151
339,152
339,153
339,170
339,171
339,174
339,192
339,198
339,201
339,204
339,305
339,397
339,398
339,402
339,522
339,531
339,1340
340,11
340,22
340,30
340,165
340,182
340,226
340,252
340,261
340,295
340,324
340,346
340,356
340,360
340,373
340,439
340,477
340,478
340,497
340,503
340,505
340,506
340,517
340,543
340,547
340,563
340,668
340,677
340,729
340,735
340,804
340,932
340,938
340,943
340,952
340,961
340,1306
340,1314
340,1870
341,11
341,16
341,19
341,31
341,198
341,208
341,273
341,274
341,354
341,529
342,343
343,202
344,31
344,198
344,285
345,38
345,177
345,347
346,9
346,15
346,25
346,43
346,56
346,63
346,65
346,74
346,76
346,101
346,136
346,163
346,179
346,181
346,182
346,189
346,194
346,197
346,203
346,209
346,211
346,212
346,226
346,232
346,243
346,245
346,251
346,252
346,259
346,261
346,263
346,272
346,289
346,295
346,297
346,308
346,317
346,333
346,334
346,348
346,349
346,350
346,359
346,368
346,373
346,378
346,380
346,382
346,383
346,392
346,397
346,404
346,416
346,422
346,425
346,428
346,429
346,448
346,454
346,464
346,465
346,468
346,475
346,479
346,484
346,499
346,501
346,505
346,506
346,542
346,555
346,556
346,562
346,565
346,566
346,567
346,568
346,625
346,663
346,664
346,668
346,705
346,710
346,714
346,819
346,924
346,954
346,982
346,1013
346,1135
346,1214
346,1264
346,1674
346,1820
346,1875
347,16
347,24
347,38
347,39
347,49
347,51
347,99
347,123
347,140
347,170
347,177
347,195
347,198
347,239
347,276
347,345
347,355
347,366
347,367
347,368
347,402
347,418
347,482
347,516
347,584
347,621
347,1172
347,1179
348,27
348,32
348,70
348,152
348,156
348,165
348,179
348,181
348,182
348,189
348,266
348,309
348,346
348,361
348,379
348,382
348,391
348,393
348,397
348,401
348,403
348,425
348,426
348,446
348,457
348,465
348,467
348,472
348,473
348,476
348,479
348,484
348,505
348,539
348,566
348,579
348,701
348,729
348,730
348,819
348,951
348,1621
348,1674
349,22
349,24
349,25
349,41
349,175
349,194
349,198
349,205
349,247
349,273
349,283
349,284
349,376
349,400
349,401
349,408
349,409
349,411
349,450
349,451
349,921
350,0
350,1
350,6
350,8
350,12
350,21
350,25
350,27
350,30
350,32
350,42
350,43
350,48
350,49
350,51
350,53
350,54
350,56
350,60
350,62
350,81
350,86
350,95
350,96
350,97
350,98
350,99
350,101
350,102
350,106
350,110
350,114
350,121
350,122
350,124
350,125
350,127
350,140
350,146
350,149
350,156
350,166
350,170
350,171
350,174
350,177
350,180
350,191
350,200
350,203
350,207
350,210
350,211
350,234
350,239
350,241
350,246
350,251
350,252
350,253
350,256
350,257
350,258
350,259
350,260
350,271
350,273
350,281
350,286
350,294
350,300
350,303
350,309
350,310
350,314
350,325
350,333
350,339
350,346
350,354
350,356
350,359
350,360
350,376
350,378
350,379
350,382
350,384
350,404
350,415
350,421
350,425
350,426
350,431
350,435
350,437
350,439
350,454
350,457
350,465
350,468
350,471
350,472
350,473
350,475
350,478
350,479
350,482
350,483
350,484
350,488
350,492
350,494
350,505
350,506
350,516
350,535
350,542
350,548
350,553
350,555
350,567
350,572
350,600
350,663
350,668
350,677
350,678
350,679
350,681
350,684
350,685
350,702
350,709
350,794
350,823
350,924
350,933
350,934
350,937
350,963
350,974
350,991
350,1004
350,1018
350,1143
350,1173
350,1194
350,1245
350,1296
350,1306
350,1360
350,1618
350,1631
350,1674
350,1678
350,1825
350,1916
350,2142
351,76
351,251
351,253
351,306
351,483
351,1408
352,9
352,25
352,26
352,75
352,80
352,108
352,165
352,179
352,181
352,224
352,228
352,247
352,251
352,286
352,289
352,295
352,355
352,361
352,406
352,411
352,412
352,441
352,528
352,537
352,668
352,1875
353,22
353,23
353,24
353,37
353,114
353,127
353,145
353,203
353,247
353,283
353,387
353,991
354,6
354,11
354,19
354,20
354,25
354,46
354,62
354,76
354,86
354,91
354,99
354,102
354,109
354,110
354,136
354,159
354,160
354,169
354,179
354,181
354,182
354,194
354,197
354,200
354,205
354,207
354,208
354,209
354,211
354,212
354,228
354,232
354,247
354,253
354,284
354,285
354,289
354,321
354,341
354,346
354,348
354,350
354,352
354,361
354,369
354,392
354,397
354,403
354,404
354,410
354,426
354,429
354,457
354,506
354,542
354,564
354,594
354,621
354,625
354,663
354,810
354,932
354,1162
354,1306
354,1363
355,4
355,5
355,10
355,11
355,15
355,16
355,22
355,24
355,25
355,27
355,38
355,42
355,48
355,51
355,56
355,67
355,69
355,73
355,76
355,86
355,87
355,91
355,96
355,101
355,102
355,103
355,104
355,106
355,107
355,108
355,109
355,112
355,114
355,120
355,123
355,127
355,134
355,136
355,140
355,143
355,146
355,147
355,148
355,159
355,164
355,172
355,173
355,182
355,185
355,194
355,198
355,200
355,202
355,203
355,207
355,211
355,212
355,215
355,216
355,217
355,232
355,235
355,239
355,242
355,245
355,246
355,247
355,253
355,255
355,256
355,259
355,262
355,264
355,270
355,273
355,281
355,284
355,285
355,296
355,297
355,306
355,307
355,309
355,337
355,344
355,346
355,347
355,348
355,350
355,352
355,356
355,360
355,361
355,362
355,369
355,374
355,375
355,378
355,379
355,382
355,384
355,386
355,393
355,404
355,406
355,412
355,437
355,444
355,466
355,471
355,477
355,478
355,479
355,485
355,532
355,535
355,553
355,555
355,566
355,567
355,582
355,587
355,602
355,608
355,621
355,623
355,655
355,668
355,669
355,673
355,676
355,677
355,683
355,689
355,701
355,715
355,723
355,727
355,735
355,825
355,827
355,924
355,931
355,937
355,938
355,943
355,982
355,1015
355,1096
355,1142
355,1150
355,1310
355,1314
355,1363
355,1370
355,1408
355,1621
355,1625
355,1635
355,1753
355,1814
355,1887
355,2116
355,2143
356,0
356,11
356,30
356,46
356,51
356,56
356,60
356,65
356,70
356,75
356,80
356,124
356,149
356,152
356,158
356,174
356,200
356,207
356,210
356,211
356,216
356,218
356,225
356,228
356,229
356,232
356,240
356,243
356,251
356,252
356,253
356,257
356,258
356,261
356,262
356,294
356,295
356,332
356,340
356,351
356,415
356,421
356,443
356,458
356,465
356,481
356,483
356,492
356,495
356,501
356,505
356,524
356,528
356,542
356,543
356,547
356,561
356,568
356,678
356,685
356,701
356,712
356,791
356,793
356,809
356,810
356,1241
356,1244
356,1300
356,1875
356,1916
357,155
357,201
357,203
357,412
357,519
357,778
357,909
357,1061
357,1072
357,1183
357,1332
357,1342
357,1343
357,1348
357,1410
357,1416
357,1712
357,1733
357,1850
357,2144
357,2145
357,2146
358,11
358,23
358,97
358,160
358,201
358,226
358,265
358,273
358,294
358,379
358,385
359,203
359,233
359,240
359,242
359,265
359,325
359,528
359,816
360,6
360,7
360,9
360,10
360,15
360,16
360,18
360,21
360,25
360,30
360,31
360,37
360,38
360,43
360,45
360,46
360,51
360,52
360,55
360,65
360,70
360,80
360,83
360,95
360,97
360,99
360,101
360,108
360,109
360,110
360,112
360,113
360,114
360,122
360,126
360,135
360,136
360,146
360,156
360,159
360,160
360,166
360,170
360,174
360,177
360,178
360,179
360,180
360,181
360,182
360,184
360,189
360,191
360,193
360,194
360,204
360,205
360,207
360,208
360,209
360,211
360,217
360,224
360,235
360,240
360,247
360,251
360,252
360,255
360,256
360,259
360,260
360,264
360,270
360,273
360,275
360,276
360,281
360,283
360,284
360,285
360,296
360,303
360,306
360,309
360,313
360,327
360,333
360,340
360,346
360,348
360,350
360,353
360,354
360,355
360,356
360,367
360,369
360,372
360,373
360,374
360,378
360,381
360,382
360,387
360,392
360,400
360,402
360,403
360,408
360,409
360,412
360,415
360,425
360,435
360,436
360,437
360,457
360,460
360,465
360,467
360,477
360,488
360,492
360,503
360,513
360,517
360,528
360,532
360,542
360,553
360,555
360,565
360,566
360,567
360,570
360,574
360,583
360,586
360,587
360,600
360,603
360,604
360,624
360,628
360,644
360,668
360,673
360,676
360,677
360,678
360,679
360,681
360,688
360,689
360,701
360,702
360,710
360,714
360,716
360,719
360,722
360,724
360,784
360,794
360,825
360,928
360,937
360,938
360,943
360,944
360,992
360,1136
360,1142
360,1289
360,1303
360,1311
360,1314
360,1356
360,1365
360,1370
360,1617
360,1632
360,1678
360,1793
360,1796
360,2099
360,2147
360,2148
360,2149
361,0
361,3
361,6
361,7
361,9
361,12
361,15
361,16
361,18
361,19
361,21
361,22
361,24
361,27
361,35
361,38
361,40
361,42
361,44
361,45
361,48
361,51
361,52
361,54
361,58
361,67
361,68
361,70
361,71
361,73
361,75
361,78
361,82
361,83
361,91
361,95
361,99
361,100
361,101
361,104
361,105
361,108
361,109
361,110
361,111
361,115
361,117
361,121
361,123
361,124
361,128
361,137
361,138
361,144
361,145
361,146
361,148
361,151
361,156
361,157
361,159
361,165
361,166
361,169
361,170
361,171
361,177
361,178
361,179
361,180
361,182
361,186
361,189
361,191
361,194
361,197
361,200
361,203
361,204
361,205
361,206
361,207
361,210
361,211
361,216
361,224
361,225
361,228
361,230
361,232
361,233
361,235
361,237
361,239
361,243
361,244
361,252
361,255
361,256
361,260
361,264
361,265
361,271
361,273
361,276
361,279
361,280
361,281
361,285
361,286
361,289
361,294
361,296
361,304
361,305
361,309
361,312
361,315
361,321
361,323
361,332
361,336
361,340
361,341
361,346
361,348
361,352
361,353
361,354
361,355
361,356
361,366
361,368
361,369
361,373
361,374
361,393
361,395
361,397
361,399
361,402
361,403
361,404
361,409
361,410
361,412
361,415
361,418
361,429
361,433
361,435
361,436
361,437
361,442
361,443
361,446
361,451
361,454
361,457
361,460
361,462
361,466
361,467
361,478
361,479
361,481
361,482
361,492
361,493
361,498
361,499
361,503
361,509
361,521
361,524
361,525
361,553
361,556
361,558
361,560
361,566
361,568
361,572
361,579
361,580
361,582
361,587
361,591
361,594
361,599
361,601
361,602
361,606
361,608
361,611
361,612
361,613
361,615
361,617
361,618
361,620
361,630
361,632
361,640
361,642
361,643
361,645
361,648
361,655
361,658
361,659
361,660
361,664
361,668
361,677
361,678
361,679
361,680
361,684
361,689
361,693
361,696
361,708
361,709
361,712
361,716
361,723
361,724
361,725
361,726
361,729
361,730
361,732
361,735
361,738
361,742
361,743
361,747
361,748
361,752
361,755
361,756
361,757
361,758
361,760
361,763
361,777
361,778
361,780
361,782
361,789
361,798
361,801
361,802
361,807
361,808
361,810
361,825
361,829
361,840
361,844
361,861
361,866
361,868
361,870
361,872
361,877
361,895
361,896
361,904
361,921
361,927
361,932
361,938
361,948
361,955
361,961
361,963
361,980
361,988
361,989
361,999
361,1002
361,1013
361,1014
361,1023
361,1024
361,1025
361,1026
361,1035
361,1037
361,1041
361,1046
361,1049
361,1051
361,1054
361,1055
361,1057
361,1058
361,1060
361,1067
361,1069
361,1070
361,1071
361,1076
361,1078
361,1084
361,1089
361,1090
361,1093
361,1098
361,1109
361,1115
361,1118
361,1130
361,1151
361,1152
361,1154
361,1164
361,1166
361,1170
361,1173
361,1192
361,1197
361,1200
361,1202
361,1207
361,1208
361,1212
361,1214
361,1215
361,1216
361,1221
361,1227
361,1229
361,1236
361,1237
361,1245
361,1246
361,1247
361,1257
361,1261
361,1266
361,1292
361,1293
361,1294
361,1304
361,1306
361,1307
361,1308
361,1310
361,1311
361,1314
361,1327
361,1329
361,1337
361,1345
361,1346
361,1347
361,1348
361,1350
361,1352
361,1354
361,1361
361,1363
361,1370
361,1371
361,1372
361,1385
361,1390
361,1392
361,1403
361,1408
361,1412
361,1416
361,1418
361,1420
361,1425
361,1426
361,1433
361,1435
361,1438
361,1449
361,1452
361,1458
361,1486
361,1499
361,1617
361,1631
361,1660
361,1661
361,1674
361,1681
361,1683
361,1686
361,1689
361,1690
361,1711
361,1715
361,1718
361,1725
361,1729
361,1731
361,1733
361,1736
361,1737
361,1756
361,1758
361,1764
361,1765
361,1766
361,1769
361,1778
361,1780
361,1782
361,1793
361,1809
361,1870
361,1871
361,1885
361,1894
361,1896
361,1905
361,1917
361,1918
361,1958
361,1960
361,1961
361,1982
361,2010
361,2104
361,2150
361,2151
361,2152
361,2153
361,2154
361,2155
361,2156
361,2157
361,2158
361,2159
361,2160
361,2161
361,2162
361,2163
361,2164
361,2165
361,2166
361,2167
361,2168
362,5
362,15
362,45
362,107
362,152
362,155
362,159
362,166
362,239
362,340
362,355
362,373
362,406
362,435
362,470
362,478
362,526
362,535
362,553
362,571
362,621
362,632
362,643
362,645
362,655
362,656
362,659
362,684
362,692
362,693
362,712
362,716
362,726
362,729
362,730
362,739
362,750
362,766
362,781
362,782
362,798
362,812
362,818
362,826
362,829
362,838
362,841
362,847
362,866
362,877
362,882
362,885
362,896
362,897
362,906
362,911
362,928
362,943
362,974
362,1013
362,1024
362,1026
362,1030
362,1035
362,1039
362,1049
362,1051
362,1060
362,1065
362,1069
362,1070
362,1081
362,1103
362,1130
362,1150
362,1152
362,1166
362,1184
362,1186
362,1200
362,1202
362,1206
362,1207
362,1208
362,1214
362,1215
362,1257
362,1258
362,1295
362,1306
362,1311
362,1343
362,1344
362,1349
362,1377
362,1385
362,1390
362,1394
362,1398
362,1399
362,1403
362,1408
362,1420
362,1425
362,1426
362,1427
362,1430
362,1433
362,1434
362,1435
362,1439
362,1441
362,1443
362,1445
362,1449
362,1450
362,1451
362,1452
362,1457
362,1458
362,1462
362,1469
362,1470
362,1473
362,1482
362,1483
362,1550
362,1577
362,1660
362,1668
362,1712
362,1719
362,1725
362,1732
362,1737
362,1745
362,1759
362,1773
362,1780
362,1785
362,1797
362,1802
362,1819
362,1830
362,1842
362,1846
362,1870
362,1898
362,1981
362,2010
362,2031
362,2169
362,2170
362,2171
362,2172
362,2173
362,2174
362,2175
362,2176
362,2177
362,2178
362,2179
362,2180
363,4
363,15
363,44
363,48
363,51
363,132
363,137
363,150
363,175
363,396
363,570
363,1915
364,37
364,38
364,127
364,699
365,37
366,347
367,106
367,201
367,321
367,339
367,524
367,600
368,15
368,51
368,115
368,163
368,185
368,260
368,266
368,334
368,346
368,347
368,362
368,415
368,454
368,493
368,526
368,535
368,560
368,575
368,603
368,642
368,643
368,653
368,656
368,679
368,681
368,716
368,732
368,782
368,806
368,812
368,829
368,866
368,906
368,931
368,937
368,1023
368,1051
368,1063
368,1067
368,1070
368,1114
368,1150
368,1160
368,1161
368,1169
368,1207
368,1216
368,1223
368,1235
368,1236
368,1250
368,1257
368,1326
368,1343
368,1344
368,1349
368,1350
368,1390
368,1396
368,1417
368,1433
368,1434
368,1435
368,1444
368,1449
368,1450
368,1451
368,1455
368,1462
368,1463
368,1472
368,1481
368,1528
368,1699
368,1709
368,1711
368,1716
368,1718
368,1733
368,1738
368,1741
368,1744
368,1745
368,1766
368,1785
368,1842
368,1952
368,1988
368,2137
368,2161
368,2184
368,2185
368,2186
368,2187
368,2188
368,2189
368,2190
369,15
369,16
369,22
369,31
369,46
369,56
369,70
369,86
369,91
369,140
369,162
369,165
369,169
369,177
369,179
369,182
369,184
369,186
369,194
369,195
369,197
369,198
369,202
369,203
369,205
369,229
369,273
369,276
369,284
369,285
369,296
369,321
369,325
369,354
369,355
369,374
369,397
369,579
369,584
369,691
370,16
370,46
370,49
370,74
370,246
370,267
370,369
371,170
372,0
372,23
372,117
372,174
372,194
372,226
372,272
372,273
372,286
372,291
372,301
372,322
372,325
372,375
372,532
372,1178
373,1
373,9
373,15
373,30
373,48
373,49
373,59
373,60
373,74
373,77
373,106
373,109
373,110
373,117
373,122
373,123
373,124
373,136
373,137
373,152
373,156
373,158
373,166
373,170
373,173
373,177
373,180
373,193
373,199
373,203
373,205
373,211
373,216
373,223
373,224
373,232
373,234
373,243
373,251
373,252
373,255
373,258
373,259
373,270
373,279
373,280
373,281
373,285
373,306
373,307
373,321
373,340
373,346
373,353
373,356
373,361
373,362
373,384
373,401
373,406
373,408
373,436
373,437
373,455
373,465
373,467
373,471
373,478
373,484
373,497
373,499
373,502
373,503
373,505
373,513
373,525
373,532
373,580
373,587
373,588
373,602
373,612
373,614
373,639
373,653
373,684
373,712
373,716
373,724
373,732
373,735
373,741
373,751
373,753
373,757
373,829
373,832
373,843
373,865
373,877
373,924
373,938
373,948
373,965
373,979
373,1001
373,1003
373,1015
373,1023
373,1034
373,1040
373,1046
373,1058
373,1145
373,1311
373,1313
373,1314
373,1366
373,1657
373,1772
373,1782
373,1800
373,1884
373,2191
373,2192
373,2193
374,2
374,6
374,7
374,9
374,11
374,12
374,15
374,19
374,21
374,22
374,23
374,24
374,25
374,28
374,29
374,33
374,35
374,36
374,37
374,39
374,40
374,41
374,44
374,48
374,51
374,53
374,60
374,61
374,62
374,63
374,67
374,73
374,74
374,83
374,86
374,88
374,90
374,91
374,95
374,96
374,98
374,99
374,101
374,104
374,106
374,108
374,109
374,110
374,112
374,114
374,117
374,121
374,122
374,123
374,124
374,125
374,126
374,128
374,129
374,133
374,134
374,137
374,138
374,144
374,146
374,147
374,148
374,149
374,150
374,156
374,159
374,160
374,162
374,166
374,167
374,168
374,169
374,170
374,177
374,178
374,179
374,180
374,182
374,184
374,188
374,189
374,191
374,194
374,195
374,197
374,200
374,204
374,205
374,207
374,208
374,211
374,212
374,213
374,215
374,216
374,217
374,224
374,228
374,232
374,235
374,239
374,240
374,243
374,245
374,247
374,251
374,256
374,257
374,259
374,260
374,269
374,270
374,271
374,272
374,273
374,276
374,280
374,283
374,284
374,289
374,291
374,294
374,296
374,297
374,299
374,300
374,301
374,302
374,303
374,306
374,307
374,308
374,309
374,310
374,312
374,317
374,320
374,327
374,334
374,339
374,340
374,346
374,347
374,348
374,349
374,352
374,355
374,356
374,358
374,360
374,361
374,366
374,368
374,369
374,370
374,373
374,377
374,378
374,381
374,386
374,401
374,402
374,403
374,404
374,405
374,406
374,408
374,409
374,412
374,415
374,416
374,428
374,435
374,436
374,437
374,444
374,448
374,455
374,457
374,460
374,464
374,478
374,479
374,482
374,489
374,490
374,491
374,493
374,498
374,503
374,505
374,507
374,512
374,519
374,525
374,532
374,533
374,534
374,540
374,542
374,547
374,552
374,553
374,554
374,561
374,564
374,566
374,574
374,581
374,583
374,586
374,587
374,588
374,600
374,602
374,603
374,604
374,605
374,609
374,611
374,612
374,613
374,615
374,616
374,617
374,620
374,623
374,629
374,630
374,633
374,634
374,640
374,642
374,644
374,651
374,663
374,668
374,670
374,672
374,674
374,675
374,677
374,678
374,679
374,681
374,689
374,693
374,695
374,696
374,706
374,712
374,716
374,722
374,724
374,727
374,728
374,731
374,733
374,735
374,736
374,737
374,739
374,742
374,744
374,747
374,748
374,749
374,750
374,752
374,755
374,756
374,757
374,759
374,763
374,764
374,766
374,770
374,771
374,777
374,779
374,780
374,785
374,788
374,796
374,797
374,802
374,804
374,807
374,808
374,812
374,816
374,818
374,825
374,827
374,831
374,832
374,834
374,837
374,839
374,840
374,843
374,849
374,858
374,868
374,871
374,872
374,875
374,886
374,903
374,929
374,932
374,936
374,937
374,943
374,947
374,953
374,957
374,972
374,974
374,975
374,981
374,982
374,983
374,989
374,991
374,999
374,1001
374,1003
374,1005
374,1010
374,1016
374,1017
374,1019
374,1020
374,1022
374,1023
374,1026
374,1029
374,1032
374,1033
374,1034
374,1037
374,1038
374,1042
374,1043
374,1045
374,1046
374,1076
374,1078
374,1079
374,1080
374,1081
374,1084
374,1087
374,1090
374,1093
374,1094
374,1095
374,1096
374,1098
374,1100
374,1103
374,1108
374,1109
374,1112
374,1114
374,1118
374,1135
374,1140
374,1143
374,1147
374,1152
374,1190
374,1194
374,1196
374,1197
374,1198
374,1200
374,1201
374,1202
374,1203
374,1207
374,1208
374,1214
374,1240
374,1242
374,1266
374,1289
374,1290
374,1305
374,1307
374,1310
374,1311
374,1315
374,1338
374,1361
374,1370
374,1373
374,1374
374,1427
374,1623
374,1625
374,1627
374,1630
374,1634
374,1637
374,1657
374,1658
374,1660
374,1669
374,1680
374,1683
374,1686
374,1758
374,1760
374,1761
374,1776
374,1800
374,1819
374,1821
374,1828
374,1882
374,1893
374,1894
374,1896
374,1905
374,1921
374,1934
374,1959
374,1961
374,2141
374,2155
374,2191
374,2194
374,2195
374,2196
374,2197
374,2198
374,2199
374,2200
374,2201
374,2202
374,2203
374,2204
374,2205
374,2206
374,2207
374,2208
374,2209
374,2210
374,2211
374,2212
374,2213
374,2214
374,2215
374,2216
374,2217
374,2218
374,2219
374,2220
374,2221
374,2222
374,2223
375,15
375,48
375,74
375,171
375,202
375,205
375,242
375,273
375,410
376,247
376,349
377,53
377,260
377,336
377,382
377,437
377,492
377,551
377,555
377,562
377,607
377,622
377,701
377,993
377,1292
377,2224
378,1
378,6
378,10
378,16
378,25
378,43
378,45
378,54
378,55
378,56
378,86
378,109
378,110
378,115
378,122
378,127
378,128
378,140
378,152
378,159
378,172
378,177
378,178
378,179
378,181
378,189
378,192
378,197
378,208
378,209
378,211
378,235
378,240
378,244
378,255
378,257
378,259
378,260
378,264
378,270
378,294
378,297
378,303
378,308
378,309
378,317
378,327
378,333
378,334
378,339
378,346
378,350
378,354
378,355
378,360
378,363
378,368
378,374
378,379
378,382
378,383
378,393
378,403
378,405
378,410
378,412
378,426
378,429
378,437
378,447
378,454
378,465
378,467
378,473
378,477
378,488
378,492
378,507
378,513
378,532
378,542
378,553
378,565
378,567
378,583
378,601
378,602
378,611
378,668
378,669
378,673
378,676
378,677
378,678
378,679
378,687
378,689
378,714
378,718
378,719
378,810
378,820
378,827
378,938
378,944
378,986
378,1002
378,1016
378,1148
378,1173
378,1214
378,1240
378,1245
378,1301
378,1303
378,1363
378,1370
378,1625
378,1627
378,1674
378,2106
378,2225
379,32
379,56
379,122
379,125
379,203
379,213
379,215
379,218
379,226
379,245
379,255
379,258
379,348
379,358
379,382
379,389
379,393
379,413
379,425
379,426
379,437
379,454
379,465
379,468
379,471
379,473
379,479
379,480
379,494
379,497
379,516
379,543
379,552
379,561
379,565
379,574
379,668
379,702
379,705
379,810
379,938
379,945
379,954
379,976
379,1178
379,1214
379,1296
379,1360
379,1621
379,1754
379,1947
380,17
380,59
380,125
380,177
380,206
380,253
380,255
380,261
380,390
380,392
380,403
380,426
380,454
380,471
380,482
380,504
380,559
380,560
380,561
380,662
380,664
380,795
380,838
380,961
380,1242
380,1292
380,1880
381,16
381,48
381,50
381,96
381,103
381,108
381,112
381,114
381,126
381,128
381,150
381,167
381,269
381,275
381,298
381,374
381,579
381,784
381,785
381,2227
382,77
382,118
382,152
382,200
382,222
382,238
382,261
382,289
382,309
382,334
382,348
382,350
382,377
382,379
382,418
382,457
382,468
382,471
382,484
382,492
382,494
382,495
382,501
382,505
382,516
382,530
382,547
382,552
382,555
382,624
382,663
382,705
382,810
382,937
382,951
382,1133
382,1264
382,1369
382,2230
383,32
383,125
383,178
383,194
383,234
383,245
383,250
383,252
383,259
383,269
383,281
383,307
383,346
383,378
383,412
383,483
383,490
383,508
383,514
383,532
383,549
383,559
383,560
383,587
383,588
383,613
383,614
383,678
383,696
383,753
383,810
383,819
383,827
383,837
383,926
383,939
383,1003
383,1106
383,1194
383,1214
383,1222
383,1238
383,1699
383,1734
383,1921
383,1973
383,2102
383,2231
383,2232
383,2233
383,2234
383,2235
383,2236
383,2237
383,2238
384,234
384,256
384,289
384,334
384,335
384,433
384,437
384,465
384,492
384,516
384,532
384,601
384,621
384,676
384,932
384,1111
384,1313
384,1621
385,19
385,199
385,205
385,273
385,305
385,358
385,698
386,19
386,244
386,587
386,724
386,738
386,826
386,831
386,834
386,935
386,938
386,974
386,1083
386,1796
386,2214
386,2239
387,20
387,39
387,69
387,210
387,391
387,403
387,455
387,479
387,488
387,503
387,833
387,984
387,1004
387,1115
387,1194
387,1957
388,20
388,215
388,216
388,259
388,266
388,279
388,403
388,455
388,465
388,479
388,532
388,543
388,560
388,566
388,612
388,620
388,665
388,669
388,671
388,689
388,728
388,731
388,732
388,738
388,739
388,827
388,871
388,929
388,942
388,953
388,983
388,998
388,1034
388,1245
388,1311
388,1657
388,1680
388,1815
388,1893
388,1958
388,2197
388,2240
388,2241
389,20
389,68
389,189
389,379
389,390
389,427
389,468
389,495
389,557
389,559
389,564
389,623
389,630
389,663
389,680
389,779
389,842
389,951
389,1366
389,1674
389,1816
389,1817
390,189
390,488
390,555
390,562
390,795
390,1819
391,0
391,20
391,181
391,284
391,348
391,390
391,519
391,549
391,555
391,565
391,804
392,20
392,56
392,68
392,87
392,125
392,150
392,179
392,201
392,209
392,321
392,334
392,346
392,380
392,428
392,465
392,468
392,473
392,482
392,560
392,566
392,624
392,701
392,962
392,1002
392,1148
392,1151
392,1363
392,1621
393,20
393,125
393,207
393,315
393,348
393,378
393,379
393,468
393,478
393,479
393,495
393,532
393,562
393,565
393,600
393,673
393,689
393,795
393,932
393,937
393,962
393,1122
393,1261
393,1283
393,1370
393,1555
393,1556
393,1569
393,1603
393,1608
393,1818
393,1836
393,1865
393,1867
393,2060
393,2067
393,2116
393,2177
393,2242
394,59
394,75
394,222
394,254
394,284
394,356
394,412
394,443
394,444
394,663
394,820
394,924
395,20
396,21
396,96
396,108
396,121
396,127
396,130
396,138
396,145
396,146
396,150
396,156
396,268
397,21
397,38
397,54
397,70
397,82
397,99
397,104
397,106
397,110
397,112
397,115
397,159
397,165
397,171
397,177
397,179
397,181
397,182
397,193
397,228
397,257
397,264
397,289
397,310
397,321
397,323
397,339
397,346
397,348
397,354
397,361
397,362
397,369
397,403
397,406
397,410
397,416
397,429
397,470
397,471
397,472
397,478
397,479
397,526
397,562
397,566
397,567
397,579
397,587
397,594
397,599
397,602
397,612
397,617
397,637
397,640
397,643
397,654
397,659
397,663
397,668
397,680
397,684
397,707
397,712
397,716
397,729
397,732
397,735
397,752
397,755
397,781
397,782
397,866
397,868
397,879
397,906
397,907
397,963
397,999
397,1002
397,1035
397,1070
397,1162
397,1207
397,1208
397,1215
397,1246
397,1250
397,1257
397,1266
397,1295
397,1300
397,1306
397,1363
397,1385
397,1401
397,1408
397,1412
397,1417
397,1418
397,1420
397,1449
397,1528
397,1550
397,1689
397,1725
397,1728
397,1731
397,1736
397,1739
397,1759
397,1785
397,1809
397,1843
397,1859
397,1879
397,1961
397,2104
397,2187
397,2243
397,2244
397,2245
397,2246
397,2247
397,2248
398,97
398,170
399,201
399,1578
399,1862
399,2126
399,2249
399,2250
399,2251
399,2252
400,22
400,70
400,101
400,117
400,179
400,182
400,349
400,352
400,401
401,23
401,41
401,55
401,195
401,200
401,265
401,295
401,348
401,349
401,373
401,400
401,406
401,408
401,411
401,451
401,481
401,508
401,509
401,575
401,587
401,608
401,612
401,630
401,632
401,638
401,713
401,750
401,755
401,759
401,764
401,776
401,777
401,869
401,937
401,1029
401,1033
401,1034
401,1040
401,1042
401,1046
401,1081
401,1316
401,1885
401,1963
401,2216
401,2221
401,2253
401,2254
402,31
402,99
402,128
402,136
402,174
402,188
402,190
402,224
402,339
402,347
403,1
403,23
403,43
403,56
403,69
403,74
403,77
403,78
403,117
403,124
403,152
403,173
403,176
403,177
403,179
403,181
403,207
403,211
403,215
403,223
403,224
403,225
403,226
403,228
403,231
403,235
403,247
403,255
403,256
403,257
403,258
403,266
403,267
403,270
403,279
403,282
403,289
403,295
403,296
403,303
403,307
403,308
403,309
403,321
403,327
403,336
403,348
403,354
403,360
403,361
403,378
403,379
403,380
403,382
403,387
403,388
403,390
403,397
403,406
403,411
403,412
403,418
403,421
403,425
403,444
403,454
403,457
403,462
403,465
403,468
403,471
403,477
403,478
403,483
403,484
403,488
403,498
403,501
403,532
403,535
403,542
403,553
403,567
403,583
403,668
403,669
403,670
403,673
403,679
403,680
403,681
403,686
403,687
403,689
403,701
403,710
403,712
403,715
403,717
403,727
403,735
403,770
403,789
403,794
403,810
403,812
403,922
403,930
403,932
403,934
403,937
403,938
403,997
403,1011
403,1116
403,1133
403,1148
403,1214
403,1266
403,1298
403,1300
403,1306
403,1363
403,1618
403,1621
403,1622
403,1683
403,1893
403,1912
403,1947
403,1954
404,133
404,182
404,195
404,247
404,354
404,1797
405,32
405,75
405,124
405,180
405,182
405,203
405,206
405,217
405,218
405,226
405,255
405,284
405,325
405,412
405,415
405,442
405,512
405,539
405,597
405,787
406,45
406,62
406,67
406,136
406,152
406,166
406,178
406,192
406,215
406,259
406,327
406,352
406,355
406,362
406,373
406,374
406,397
406,401
406,403
406,409
406,435
406,460
406,478
406,503
406,525
406,549
406,587
406,588
406,602
406,605
406,606
406,612
406,614
406,617
406,621
406,659
406,673
406,683
406,684
406,689
406,712
406,716
406,719
406,720
406,724
406,725
406,735
406,738
406,739
406,744
406,745
406,747
406,755
406,759
406,777
406,782
406,812
406,816
406,818
406,830
406,832
406,839
406,843
406,849
406,934
406,937
406,938
406,965
406,974
406,982
406,1001
406,1003
406,1005
406,1012
406,1014
406,1022
406,1023
406,1034
406,1043
406,1046
406,1078
406,1079
406,1081
406,1088
406,1112
406,1140
406,1145
406,1197
406,1198
406,1208
406,1311
406,1370
406,1627
406,1658
406,1669
406,1680
406,1683
406,1686
406,1712
406,1713
406,1723
406,1764
406,1843
406,1885
406,1893
406,1896
406,1898
406,2154
406,2183
406,2256
406,2257
406,2258
407,22
407,101
407,195
407,304
408,16
408,22
408,24
408,25
408,29
408,30
408,55
408,74
408,101
408,108
408,117
408,128
408,174
408,193
408,194
408,199
408,201
408,203
408,205
408,210
408,215
408,225
408,232
408,233
408,235
408,241
408,246
408,247
408,273
408,281
408,284
408,285
408,286
408,288
408,321
408,324
408,349
408,353
408,358
408,372
408,373
408,374
408,375
408,376
408,400
408,401
408,415
408,441
408,442
408,444
408,446
408,451
408,459
408,490
408,528
408,588
408,595
408,619
408,691
408,698
408,785
408,803
408,1291
408,1752
408,1820
409,125
409,172
409,178
409,182
409,194
409,211
409,244
409,327
409,360
409,386
409,406
409,442
409,460
409,467
409,555
409,583
409,592
409,610
409,689
409,719
409,727
409,812
409,831
409,936
409,938
409,943
409,951
409,953
409,975
409,998
409,1002
409,1083
409,1118
409,1140
409,1142
409,1151
409,1621
409,1626
409,1627
409,1935
409,2131
410,9
410,25
410,41
410,42
410,48
410,50
410,51
410,52
410,70
410,76
410,80
410,95
410,101
410,102
410,104
410,106
410,109
410,110
410,114
410,115
410,123
410,124
410,126
410,132
410,152
410,155
410,156
410,159
410,163
410,165
410,166
410,173
410,180
410,181
410,182
410,195
410,197
410,211
410,222
410,226
410,237
410,239
410,251
410,259
410,266
410,276
410,279
410,281
410,289
410,312
410,317
410,339
410,354
410,362
410,368
410,375
410,378
410,382
410,412
410,415
410,429
410,448
410,454
410,456
410,457
410,461
410,465
410,467
410,471
410,483
410,484
410,492
410,493
410,495
410,501
410,506
410,555
410,560
410,594
410,603
410,618
410,633
410,634
410,640
410,650
410,653
410,665
410,678
410,682
410,686
410,689
410,697
410,702
410,703
410,712
410,716
410,735
410,747
410,749
410,762
410,777
410,791
410,807
410,815
410,819
410,829
410,867
410,870
410,906
410,928
410,933
410,967
410,969
410,978
410,993
410,1051
410,1096
410,1158
410,1163
410,1166
410,1202
410,1208
410,1210
410,1215
410,1235
410,1243
410,1246
410,1293
410,1338
410,1349
410,1368
410,1414
410,1677
410,1693
410,1780
410,1781
410,1793
410,1843
410,1931
410,1948
410,2108
410,2134
410,2192
410,2195
410,2259
410,2260
410,2261
410,2262
410,2263
410,2264
411,279
411,352
411,401
411,418
411,495
411,547
411,810
411,961
411,2265
412,11
412,22
412,56
412,58
412,64
412,69
412,70
412,73
412,87
412,115
412,128
412,136
412,152
412,155
412,166
412,171
412,172
412,197
412,200
412,206
412,207
412,211
412,239
412,244
412,249
412,256
412,257
412,258
412,260
412,261
412,273
412,280
412,286
412,294
412,307
412,308
412,309
412,337
412,341
412,351
412,352
412,360
412,361
412,362
412,383
412,394
412,405
412,428
412,432
412,435
412,475
412,478
412,492
412,493
412,535
412,581
412,587
412,599
412,600
412,603
412,613
412,615
412,617
412,621
412,629
412,633
412,637
412,638
412,640
412,645
412,649
412,651
412,653
412,655
412,656
412,657
412,658
412,668
412,677
412,678
412,679
412,684
412,724
412,737
412,747
412,762
412,764
412,770
412,777
412,778
412,780
412,807
412,810
412,829
412,838
412,843
412,852
412,854
412,861
412,865
412,866
412,868
412,872
412,873
412,877
412,886
412,892
412,897
412,899
412,905
412,906
412,907
412,917
412,926
412,933
412,948
412,963
412,967
412,969
412,984
412,1011
412,1013
412,1016
412,1023
412,1024
412,1032
412,1037
412,1041
412,1045
412,1046
412,1051
412,1057
412,1058
412,1060
412,1065
412,1070
412,1071
412,1113
412,1130
412,1154
412,1155
412,1158
412,1159
412,1163
412,1169
412,1189
412,1200
412,1202
412,1206
412,1208
412,1209
412,1211
412,1215
412,1216
412,1229
412,1231
412,1233
412,1236
412,1243
412,1307
412,1322
412,1329
412,1331
412,1338
412,1340
412,1342
412,1345
412,1348
412,1350
412,1370
412,1390
412,1394
412,1396
412,1397
412,1420
412,1433
412,1434
412,1439
412,1456
412,1462
412,1475
412,1497
412,1548
412,1667
412,1671
412,1687
412,1693
412,1695
412,1698
412,1699
412,1701
412,1705
412,1736
412,1745
412,1780
412,1782
412,1825
412,1856
412,1885
412,1970
412,1972
412,2117
412,2153
412,2190
412,2219
412,2266
412,2267
412,2268
412,2269
412,2270
412,2271
412,2272
412,2273
413,23
413,52
413,53
413,218
413,243
413,247
413,379
413,1820
413,2274
414,0
414,23
415,1
415,9
415,10
415,11
415,16
415,19
415,20
415,22
415,23
415,24
415,28
415,30
415,38
415,46
415,53
415,54
415,65
415,68
415,70
415,71
415,73
415,76
415,80
415,101
415,108
415,117
415,124
415,136
415,152
415,170
415,176
415,180
415,189
415,210
415,211
415,217
415,218
415,219
415,221
415,223
415,226
415,229
415,232
415,243
415,245
415,249
415,251
415,252
415,253
415,258
415,260
415,271
415,277
415,282
415,283
415,284
415,295
415,324
415,325
415,330
415,349
415,350
415,352
415,353
415,356
415,360
415,367
415,408
415,409
415,441
415,452
415,463
415,490
415,498
415,508
415,517
415,528
415,537
415,538
415,561
415,567
415,588
415,589
415,591
415,623
415,625
415,665
415,701
415,788
415,808
415,816
415,916
415,989
415,1264
415,1753
415,1840
415,1876
415,1950
416,23
416,26
416,118
416,218
416,265
416,286
416,502
416,512
416,517
416,922
417,23
417,59
417,119
417,225
417,420
417,455
417,2255
418,6
418,23
418,25
418,44
418,60
418,66
418,70
418,124
418,130
418,193
418,209
418,235
418,251
418,253
418,260
418,279
418,284
418,289
418,308
418,335
418,339
418,347
418,382
418,403
418,411
418,427
418,457
418,467
418,495
418,497
418,501
418,505
418,530
418,549
418,551
418,561
418,570
418,666
418,685
418,719
418,738
418,804
418,810
418,814
418,838
418,1019
418,1243
418,1370
418,1812
418,1814
418,1937
418,2275
419,23
419,172
419,608
419,620
419,877
419,955
420,23
420,417
420,2276
421,23
421,60
421,76
421,173
421,208
421,229
421,257
421,258
421,261
421,263
421,331
421,350
421,356
421,380
421,390
421,426
421,464
421,467
421,492
421,555
421,586
421,793
421,1133
421,1194
421,1245
421,1927
422,26
422,248
422,793
423,623
424,257
424,258
424,332
424,334
424,379
424,390
424,421
424,426
424,454
424,494
424,539
424,557
424,567
424,629
424,913
424,937
424,1214
424,1674
424,1818
424,1880
425,27
425,160
425,172
425,181
425,215
425,270
425,309
425,333
425,346
425,348
425,379
425,403
425,426
425,437
425,457
425,471
425,472
425,473
425,479
425,494
425,586
425,600
425,924
425,937
425,976
425,1304
425,1370
426,56
426,64
426,254
426,348
426,378
426,379
426,380
426,424
426,425
426,437
426,446
426,454
426,457
426,465
426,467
426,471
426,475
426,484
426,495
426,565
426,567
426,976
426,1297
426,2114
426,2277
426,2278
426,2279
427,125
427,223
427,389
427,418
427,467
427,532
427,623
427,629
427,951
427,1004
427,2280
427,2281
428,68
428,197
428,201
428,232
428,233
428,244
428,323
428,346
428,392
428,412
428,721
428,752
428,891
428,924
428,926
428,1057
428,1322
428,1449
428,1455
428,1492
428,1511
428,1529
428,1554
428,1856
428,1984
428,2013
428,2018
428,2136
428,2190
428,2282
428,2283
428,2284
428,2285
429,24
429,31
429,74
429,109
429,123
429,159
429,163
429,211
429,215
429,232
429,235
429,239
429,244
429,264
429,317
429,346
429,354
429,378
429,394
429,397
429,409
429,410
429,432
429,433
429,443
429,454
429,470
429,516
429,560
429,603
429,606
429,621
429,673
429,679
429,684
429,704
429,724
429,816
429,829
429,833
429,868
429,925
429,929
429,983
429,1029
429,1035
429,1114
429,1130
429,1151
429,1212
429,1237
429,1363
429,1500
429,1636
429,1757
429,2286
429,2287
430,31
430,46
430,276
430,306
431,256
431,266
431,335
431,447
431,465
431,473
431,565
431,570
431,600
431,629
431,676
431,1175
432,73
432,163
432,211
432,280
432,412
432,459
432,535
432,587
432,677
432,810
432,847
433,39
433,69
433,70
433,73
433,76
433,90
433,244
433,256
433,278
433,296
433,309
433,311
433,317
433,346
433,367
433,373
433,382
433,384
433,429
433,432
433,437
433,454
433,472
433,478
433,482
433,488
433,504
433,528
433,532
433,547
433,553
433,554
433,570
433,575
433,583
433,599
433,600
433,612
433,621
433,643
433,676
433,680
433,688
433,702
433,731
433,738
433,789
433,796
433,843
433,845
433,868
433,907
433,928
433,935
433,1001
433,1002
433,1019
433,1043
433,1046
433,1078
433,1091
433,1136
433,1212
433,1246
433,1261
433,1300
433,1314
433,1344
433,1363
433,1370
433,1371
433,1628
433,1634
433,1839
433,2114
433,2259
433,2288
433,2289
434,50
435,26
435,105
435,106
435,159
435,166
435,198
435,387
435,406
435,581
435,613
435,631
435,633
435,639
435,646
435,714
435,716
435,746
435,780
435,797
435,807
435,868
435,872
435,907
435,967
435,1023
435,1033
435,1051
435,1065
435,1163
435,1170
435,1200
435,1208
435,1215
435,1236
435,1326
435,1345
435,1490
435,1503
435,1504
435,1509
435,1565
435,1621
435,1699
435,1835
435,1953
435,2030
435,2147
435,2154
435,2164
435,2270
435,2290
435,2291
435,2292
436,97
436,190
436,198
436,339
436,896
436,1398
436,1410
436,1416
436,1977
436,2293
437,0
437,20
437,25
437,30
437,42
437,51
437,52
437,55
437,56
437,60
437,64
437,69
437,73
437,95
437,101
437,118
437,122
437,124
437,125
437,156
437,172
437,178
437,179
437,180
437,181
437,195
437,205
437,207
437,209
437,211
437,217
437,224
437,228
437,233
437,240
437,244
437,252
437,256
437,257
437,258
437,259
437,260
437,261
437,270
437,278
437,281
437,283
437,289
437,300
437,303
437,309
437,317
437,327
437,331
437,333
437,334
437,336
437,346
437,349
437,350
437,355
437,356
437,360
437,361
437,373
437,376
437,378
437,379
437,382
437,384
437,412
437,425
437,426
437,433
437,442
437,444
437,453
437,454
437,467
437,468
437,470
437,471
437,475
437,478
437,479
437,483
437,484
437,492
437,493
437,494
437,498
437,505
437,516
437,543
437,553
437,554
437,555
437,567
437,587
437,600
437,623
437,668
437,673
437,677
437,678
437,687
437,688
437,689
437,701
437,702
437,703
437,705
437,708
437,710
437,712
437,729
437,735
437,739
437,804
437,813
437,928
437,933
437,935
437,937
437,938
437,948
437,991
437,1000
437,1023
437,1135
437,1140
437,1141
437,1194
437,1244
437,1289
437,1298
437,1310
437,1314
437,1370
437,1632
437,1674
437,1678
437,1807
437,1878
437,1908
437,1931
437,2226
437,2243
437,2294
437,2295
438,123
438,177
438,297
438,956
439,11
439,30
439,56
439,122
439,174
439,203
439,308
439,317
439,340
439,437
439,500
439,574
439,676
439,701
439,937
439,1143
439,1303
439,2296
440,115
440,171
440,203
440,240
440,302
440,323
440,546
440,612
440,866
440,1102
440,1152
440,1180
440,1250
440,1370
440,1390
440,1424
440,1434
440,1450
440,1457
440,1463
440,1470
440,1475
440,1788
440,1789
440,1790
440,1826
440,1920
440,2021
440,2297
441,9
441,53
441,233
441,273
441,289
441,352
442,240
442,252
442,307
442,479
442,615
442,617
442,622
442,833
442,886
442,1079
442,1331
442,1657
442,1669
442,1775
443,52
443,189
443,244
443,542
443,808
444,53
444,207
444,240
444,270
444,273
444,281
444,443
444,460
445,308
445,324
446,24
446,69
446,211
446,270
446,279
446,324
446,426
446,465
446,468
446,528
446,563
446,566
446,689
447,431
447,485
447,679
447,709
447,727
448,0
448,45
448,67
448,88
448,111
448,181
448,218
448,259
448,346
448,454
448,479
448,488
448,534
448,572
448,603
448,612
448,628
448,633
448,636
448,648
448,653
448,658
448,688
448,709
448,712
448,716
448,722
448,727
448,777
448,807
448,816
448,831
448,865
448,881
448,882
448,885
448,888
448,893
448,898
448,907
448,937
448,938
448,965
448,1014
448,1029
448,1034
448,1046
448,1051
448,1052
448,1067
448,1074
448,1112
448,1118
448,1141
448,1142
448,1194
448,1214
448,1316
448,1344
448,1345
448,1846
448,1964
448,2298
448,2299
448,2300
448,2301
449,26
449,29
449,56
449,128
449,195
449,203
449,206
449,240
449,243
449,375
449,805
449,915
449,923
450,81
450,115
450,430
450,514
451,41
451,118
451,243
451,349
451,401
451,508
451,528
452,52
452,283
453,0
453,56
453,61
453,68
453,209
453,247
453,258
453,300
453,309
453,353
453,379
453,382
453,451
453,454
453,465
453,467
453,468
453,470
453,471
453,501
453,505
453,528
453,555
453,557
453,559
453,564
453,565
453,623
453,663
453,705
453,828
453,1000
453,1093
453,1148
453,1264
453,1908
453,1947
454,32
454,56
454,80
454,110
454,125
454,163
454,179
454,209
454,211
454,225
454,240
454,246
454,260
454,279
454,334
454,335
454,350
454,378
454,379
454,380
454,426
454,429
454,448
454,453
454,465
454,479
454,484
454,495
454,553
454,555
454,556
454,561
454,562
454,565
454,566
454,567
454,570
454,603
454,627
454,679
454,708
454,791
454,962
454,1212
454,2137
454,2195
454,2280
455,278
455,373
455,387
455,388
455,415
455,417
455,753
455,825
455,938
455,965
455,979
455,1143
455,1310
455,1315
455,1870
455,1935
456,26
456,80
456,117
456,271
457,27
457,32
457,52
457,124
457,203
457,256
457,289
457,300
457,307
457,333
457,339
457,348
457,382
457,426
457,495
457,555
457,588
457,789
457,1291
457,1367
458,63
458,119
458,206
458,243
458,265
458,787
459,26
459,182
459,225
459,241
459,247
459,281
459,407
459,444
459,816
459,923
460,0
460,26
460,46
460,85
460,113
460,124
460,136
460,152
460,153
460,159
460,166
460,170
460,177
460,179
460,180
460,191
460,197
460,200
460,207
460,250
460,256
460,259
460,267
460,296
460,300
460,317
460,361
460,362
460,370
460,388
460,406
460,409
460,478
460,488
460,490
460,503
460,524
460,583
460,587
460,592
460,602
460,605
460,608
460,609
460,612
460,614
460,668
460,669
460,693
460,712
460,722
460,724
460,725
460,735
460,737
460,741
460,744
460,751
460,757
460,759
460,770
460,775
460,778
460,789
460,801
460,812
460,816
460,827
460,829
460,832
460,834
460,840
460,843
460,844
460,849
460,851
460,914
460,974
460,1003
460,1004
460,1012
460,1023
460,1026
460,1032
460,1034
460,1037
460,1046
460,1058
460,1091
460,1096
460,1102
460,1112
460,1114
460,1118
460,1140
460,1196
460,1309
460,1356
460,1370
460,1632
460,1669
460,1712
460,1776
460,1846
460,1895
460,1896
460,1951
460,1958
460,1990
460,2000
460,2110
460,2213
460,2256
460,2299
460,2306
460,2307
460,2308
461,26
461,117
461,214
461,233
461,1023
462,26
463,58
463,152
463,176
463,253
463,265
463,415
464,27
464,180
464,209
464,245
464,249
464,346
464,421
464,465
464,468
464,484
464,552
464,555
464,624
464,663
464,705
464,708
464,1133
464,1815
464,1927
464,2310
465,27
465,30
465,51
465,56
465,124
465,125
465,165
465,179
465,181
465,200
465,215
465,222
465,226
465,228
465,232
465,251
465,263
465,270
465,303
465,309
465,334
465,336
465,346
465,348
465,350
465,356
465,373
465,384
465,388
465,392
465,403
465,426
465,431
465,446
465,454
465,464
465,468
465,471
465,492
465,495
465,496
465,501
465,565
465,566
465,629
465,668
465,673
465,677
465,810
465,924
465,931
465,932
465,948
465,1365
465,1617
465,1674
466,9
466,19
466,22
466,27
466,30
466,31
466,39
466,41
466,42
466,52
466,55
466,66
466,71
466,73
466,75
466,76
466,78
466,87
466,89
466,101
466,110
466,115
466,124
466,125
466,136
466,143
466,175
466,176
466,177
466,178
466,189
466,193
466,194
466,195
466,200
466,207
466,211
466,216
466,224
466,231
466,235
466,239
466,247
466,251
466,253
466,255
466,256
466,257
466,259
466,260
466,261
466,262
466,265
466,269
466,280
466,281
466,282
466,286
466,289
466,291
466,292
466,293
466,296
466,300
466,303
466,309
466,313
466,323
466,325
466,330
466,332
466,334
466,335
466,336
466,340
466,353
466,355
466,356
466,360
466,361
466,362
466,371
466,373
466,382
466,383
466,386
466,390
466,392
466,405
466,406
466,407
466,409
466,422
466,424
466,425
466,432
466,435
466,439
466,446
466,458
466,461
466,462
466,473
466,478
466,479
466,480
466,481
466,489
466,492
466,493
466,495
466,498
466,499
466,500
466,501
466,503
466,504
466,505
466,509
466,513
466,516
466,525
466,526
466,532
466,534
466,535
466,541
466,542
466,544
466,545
466,549
466,554
466,555
466,556
466,559
466,561
466,562
466,563
466,566
466,581
466,582
466,587
466,590
466,594
466,596
466,599
466,603
466,604
466,607
466,608
466,609
466,611
466,612
466,616
466,619
466,620
466,624
466,627
466,629
466,632
466,636
466,642
466,645
466,651
466,655
466,656
466,658
466,662
466,672
466,673
466,675
466,678
466,679
466,686
466,693
466,696
466,700
466,701
466,702
466,709
466,713
466,716
466,719
466,723
466,724
466,725
466,727
466,728
466,730
466,732
466,735
466,738
466,739
466,741
466,744
466,748
466,749
466,751
466,755
466,757
466,759
466,760
466,763
466,764
466,766
466,774
466,776
466,777
466,778
466,780
466,782
466,797
466,804
466,807
466,810
466,814
466,820
466,827
466,829
466,836
466,850
466,852
466,857
466,858
466,859
466,861
466,865
466,868
466,869
466,872
466,877
466,882
466,889
466,896
466,905
466,917
466,921
466,924
466,927
466,928
466,929
466,934
466,936
466,950
466,965
466,981
466,982
466,983
466,986
466,987
466,994
466,1014
466,1015
466,1020
466,1025
466,1026
466,1030
466,1034
466,1039
466,1040
466,1051
466,1058
466,1066
466,1067
466,1070
466,1076
466,1078
466,1079
466,1080
466,1082
466,1084
466,1096
466,1098
466,1102
466,1106
466,1113
466,1118
466,1130
466,1135
466,1140
466,1143
466,1149
466,1150
466,1154
466,1156
466,1159
466,1160
466,1162
466,1163
466,1164
466,1165
466,1173
466,1175
466,1183
466,1185
466,1186
466,1197
466,1200
466,1202
466,1203
466,1204
466,1205
466,1207
466,1208
466,1214
466,1215
466,1216
466,1217
466,1220
466,1223
466,1227
466,1252
466,1253
466,1257
466,1279
466,1292
466,1293
466,1294
466,1298
466,1304
466,1305
466,1309
466,1311
466,1312
466,1331
466,1336
466,1337
466,1338
466,1339
466,1342
466,1343
466,1344
466,1345
466,1346
466,1348
466,1350
466,1352
466,1353
466,1360
466,1366
466,1371
466,1372
466,1385
466,1389
466,1390
466,1395
466,1405
466,1406
466,1416
466,1417
466,1418
466,1420
466,1426
466,1427
466,1429
466,1430
466,1431
466,1433
466,1435
466,1437
466,1444
466,1445
466,1453
466,1458
466,1462
466,1463
466,1466
466,1469
466,1470
466,1471
466,1473
466,1476
466,1477
466,1478
466,1480
466,1482
466,1483
466,1484
466,1485
466,1487
466,1489
466,1493
466,1496
466,1499
466,1500
466,1503
466,1528
466,1529
466,1530
466,1532
466,1537
466,1539
466,1571
466,1577
466,1616
466,1617
466,1622
466,1623
466,1628
466,1631
466,1646
466,1659
466,1660
466,1661
466,1662
466,1666
466,1667
466,1694
466,1695
466,1699
466,1700
466,1702
466,1703
466,1705
466,1707
466,1711
466,1713
466,1723
466,1733
466,1735
466,1742
466,1746
466,1766
466,1772
466,1775
466,1782
466,1785
466,1793
466,1810
466,1819
466,1826
466,1828
466,1830
466,1835
466,1842
466,1844
466,1850
466,1859
466,1876
466,1881
466,1893
466,1900
466,1918
466,1923
466,1935
466,1940
466,1962
466,1969
466,1974
466,1975
466,1980
466,1985
466,1986
466,2004
466,2006
466,2010
466,2012
466,2016
466,2022
466,2032
466,2048
466,2064
466,2099
466,2101
466,2103
466,2107
466,2119
466,2136
466,2141
466,2143
466,2161
466,2178
466,2188
466,2191
466,2202
466,2203
466,2206
466,2207
466,2225
466,2230
466,2243
466,2255
466,2262
466,2265
466,2280
466,2283
466,2285
466,2295
466,2299
466,2302
466,2303
466,2306
466,2312
466,2313
466,2314
466,2315
466,2316
466,2317
466,2318
466,2319
466,2320
466,2321
466,2322
466,2323
466,2324
466,2325
466,2326
466,2327
466,2328
466,2329
466,2330
466,2331
466,2332
466,2333
466,2334
466,2335
466,2336
466,2337
466,2338
466,2339
466,2340
466,2341
466,2342
466,2343
466,2344
466,2345
466,2346
466,2347
467,27
467,172
467,333
467,360
467,426
467,427
467,453
467,477
467,552
467,623
467,669
467,710
467,807
467,1136
467,1915
468,27
468,56
468,223
468,307
468,346
468,356
468,379
468,392
468,446
468,464
468,495
468,503
468,562
468,565
468,567
468,623
468,710
468,930
468,937
468,961
468,962
468,1264
468,1927
468,2137
468,2348
469,27
469,473
469,676
469,707
469,709
470,27
470,335
470,473
470,479
470,821
470,931
471,0
471,27
471,30
471,56
471,69
471,125
471,149
471,210
471,211
471,252
471,255
471,260
471,261
471,350
471,359
471,360
471,379
471,380
471,393
471,397
471,403
471,425
471,426
471,453
471,454
471,465
471,472
471,475
471,484
471,494
471,542
471,555
471,561
471,562
471,564
471,625
471,626
471,629
471,668
471,676
471,679
471,687
471,701
471,794
471,928
471,932
471,937
471,956
471,1151
471,1300
471,1303
471,1312
471,1363
471,1621
471,1908
471,1939
472,27
472,315
472,348
472,397
472,425
472,433
472,471
472,475
472,487
472,600
472,621
472,676
472,709
472,926
472,935
473,27
473,135
473,172
473,266
473,333
473,379
473,392
473,425
473,431
473,469
473,494
473,561
473,570
473,600
473,671
473,962
473,976
473,1014
473,1194
473,1304
473,1757
473,1900
474,27
475,20
475,27
475,56
475,70
475,211
475,243
475,256
475,300
475,309
475,319
475,378
475,424
475,426
475,433
475,454
475,469
475,470
475,471
475,472
475,473
475,485
475,546
475,553
475,554
475,600
475,629
475,675
475,676
475,679
475,707
475,716
475,823
475,877
475,931
475,933
475,980
475,1078
475,1151
475,1214
475,1312
475,1757
475,1825
475,2279
476,27
476,334
476,348
476,485
476,794
477,27
477,152
477,360
477,378
477,467
477,473
477,478
477,574
477,668
477,686
477,688
477,710
477,828
477,1008
477,1301
477,1364
477,1678
477,1793
477,1903
477,2349
478,6
478,9
478,27
478,30
478,33
478,39
478,48
478,51
478,52
478,57
478,58
478,59
478,62
478,65
478,66
478,74
478,75
478,76
478,78
478,80
478,86
478,95
478,100
478,117
478,122
478,124
478,145
478,152
478,166
478,178
478,180
478,181
478,195
478,200
478,207
478,213
478,219
478,224
478,228
478,233
478,243
478,248
478,251
478,252
478,256
478,257
478,262
478,264
478,278
478,281
478,282
478,283
478,285
478,286
478,291
478,294
478,295
478,296
478,299
478,300
478,306
478,309
478,317
478,320
478,333
478,336
478,340
478,348
478,350
478,353
478,355
478,360
478,361
478,362
478,368
478,373
478,374
478,379
478,386
478,388
478,391
478,393
478,395
478,400
478,401
478,403
478,406
478,407
478,412
478,420
478,422
478,425
478,428
478,433
478,435
478,439
478,444
478,460
478,467
478,468
478,477
478,479
478,482
478,489
478,493
478,498
478,501
478,503
478,513
478,517
478,529
478,542
478,543
478,553
478,568
478,587
478,594
478,600
478,602
478,605
478,607
478,608
478,609
478,612
478,613
478,614
478,615
478,616
478,617
478,649
478,655
478,662
478,669
478,678
478,679
478,692
478,701
478,706
478,709
478,712
478,714
478,716
478,728
478,730
478,735
478,737
478,738
478,739
478,744
478,746
478,747
478,748
478,749
478,750
478,751
478,755
478,759
478,764
478,766
478,767
478,777
478,780
478,781
478,789
478,792
478,797
478,812
478,818
478,826
478,827
478,829
478,839
478,844
478,849
478,852
478,868
478,875
478,883
478,913
478,914
478,919
478,921
478,924
478,925
478,942
478,943
478,947
478,948
478,957
478,962
478,979
478,982
478,988
478,996
478,998
478,999
478,1001
478,1005
478,1014
478,1016
478,1019
478,1022
478,1023
478,1034
478,1037
478,1038
478,1046
478,1058
478,1076
478,1078
478,1089
478,1093
478,1103
478,1105
478,1109
478,1112
478,1114
478,1115
478,1118
478,1143
478,1145
478,1146
478,1152
478,1156
478,1194
478,1195
478,1197
478,1198
478,1208
478,1240
478,1314
478,1348
478,1371
478,1374
478,1375
478,1430
478,1550
478,1620
478,1630
478,1634
478,1659
478,1660
478,1661
478,1667
478,1678
478,1681
478,1684
478,1687
478,1712
478,1720
478,1722
478,1752
478,1776
478,1819
478,1871
478,1875
478,1898
478,1902
478,1905
478,1908
478,1923
478,1949
478,1958
478,2109
478,2114
478,2118
478,2119
478,2143
478,2154
478,2155
478,2170
478,2182
478,2192
478,2202
478,2211
478,2217
478,2256
478,2298
478,2299
478,2328
478,2329
478,2330
478,2350
478,2351
478,2352
478,2353
478,2354
478,2355
478,2356
478,2357
478,2358
478,2359
478,2360
478,2361
478,2362
478,2363
479,27
479,69
479,122
479,211
479,215
479,256
479,259
479,266
479,270
479,307
479,309
479,346
479,348
479,350
479,355
479,379
479,387
479,388
479,393
479,397
479,425
479,437
479,442
479,454
479,466
479,470
479,492
479,554
479,556
479,567
479,600
479,684
479,689
479,922
479,924
479,932
479,935
479,1134
479,1300
479,1306
479,1363
479,1793
480,27
480,45
480,206
480,221
480,226
480,267
480,270
480,300
480,379
480,473
480,479
480,494
480,501
480,505
480,506
480,924
480,1631
480,1875
481,53
481,122
481,213
481,401
481,482
481,962
482,278
482,286
482,335
482,351
482,380
482,392
482,481
482,506
482,917
482,1115
482,1907
482,2364
482,2365
483,222
483,226
483,251
483,260
483,300
483,332
483,351
483,356
483,498
483,504
483,507
483,513
483,552
483,685
483,703
483,960
483,961
483,1115
483,1812
483,2228
484,8
484,21
484,24
484,25
484,27
484,30
484,32
484,37
484,43
484,44
484,48
484,51
484,53
484,60
484,75
484,101
484,102
484,122
484,124
484,125
484,149
484,152
484,165
484,170
484,174
484,177
484,180
484,200
484,207
484,209
484,212
484,228
484,235
484,239
484,240
484,246
484,251
484,253
484,256
484,257
484,258
484,259
484,260
484,262
484,289
484,306
484,309
484,313
484,337
484,348
484,350
484,353
484,356
484,373
484,378
484,382
484,402
484,403
484,410
484,412
484,426
484,435
484,437
484,454
484,457
484,464
484,468
484,471
484,479
484,497
484,498
484,501
484,503
484,505
484,506
484,516
484,521
484,548
484,562
484,567
484,570
484,600
484,670
484,673
484,680
484,681
484,692
484,701
484,702
484,703
484,708
484,829
484,921
484,929
484,933
484,942
484,948
484,964
484,991
484,1000
484,1016
484,1018
484,1019
484,1023
484,1198
484,1317
484,1360
484,1370
484,1678
484,1793
484,1948
484,2106
484,2244
485,27
485,68
485,172
485,447
485,476
485,727
485,820
485,1825
485,2115
486,484
486,488
486,687
486,889
486,1105
486,1463
486,1806
487,289
487,574
487,825
487,831
487,886
487,1087
487,1118
487,2147
488,9
488,43
488,80
488,234
488,247
488,253
488,307
488,314
488,356
488,360
488,378
488,394
488,403
488,416
488,439
488,479
488,486
488,501
488,545
488,597
488,611
488,673
488,679
488,681
488,710
488,719
488,788
488,831
488,937
488,952
488,978
488,994
488,1115
488,1302
488,1304
489,28
489,269
489,332
489,491
489,607
489,614
489,616
489,830
489,1105
489,1923
489,2368
490,29
490,31
490,73
490,123
490,152
490,171
490,178
490,193
490,244
490,269
490,277
490,281
490,317
490,336
490,383
490,386
490,442
490,450
490,493
490,532
490,546
490,553
490,575
490,587
490,606
490,611
490,612
490,614
490,615
490,622
490,640
490,668
490,678
490,690
490,691
490,722
490,726
490,727
490,738
490,759
490,801
490,827
490,834
490,841
490,889
490,968
490,982
490,983
490,1003
490,1009
490,1021
490,1022
490,1026
490,1096
490,1099
490,1103
490,1141
490,1201
490,1303
490,1318
490,1370
490,1567
490,1634
490,1658
490,1666
490,2256
490,2369
490,2370
491,29
491,489
491,632
491,1112
491,1114
491,1291
491,2368
492,0
492,9
492,32
492,33
492,60
492,68
492,70
492,77
492,180
492,211
492,219
492,222
492,226
492,228
492,232
492,242
492,244
492,248
492,249
492,250
492,252
492,257
492,258
492,260
492,281
492,295
492,300
492,303
492,333
492,334
492,350
492,356
492,377
492,382
492,384
492,421
492,428
492,441
492,479
492,483
492,495
492,501
492,503
492,505
492,547
492,555
492,562
492,566
492,627
492,705
492,807
492,991
492,1078
492,1292
492,1908
492,1916
492,2224
492,2275
493,9
493,30
493,42
493,67
493,73
493,115
493,123
493,128
493,136
493,166
493,211
493,247
493,257
493,264
493,280
493,281
493,312
493,361
493,362
493,368
493,373
493,382
493,386
493,410
493,412
493,415
493,428
493,437
493,457
493,466
493,467
493,478
493,479
493,490
493,498
493,499
493,509
493,525
493,526
493,532
493,535
493,559
493,563
493,587
493,594
493,602
493,605
493,613
493,630
493,645
493,647
493,648
493,649
493,655
493,669
493,673
493,684
493,688
493,705
493,708
493,712
493,714
493,716
493,719
493,724
493,725
493,732
493,735
493,737
493,738
493,747
493,748
493,752
493,755
493,762
493,763
493,777
493,779
493,780
493,782
493,796
493,829
493,840
493,859
493,860
493,868
493,896
493,907
493,921
493,928
493,959
493,1002
493,1014
493,1016
493,1019
493,1023
493,1025
493,1030
493,1039
493,1046
493,1049
493,1051
493,1058
493,1065
493,1067
493,1070
493,1078
493,1109
493,1114
493,1130
493,1145
493,1150
493,1162
493,1166
493,1169
493,1197
493,1202
493,1208
493,1217
493,1236
493,1249
493,1252
493,1255
493,1258
493,1263
493,1298
493,1311
493,1317
493,1319
493,1331
493,1340
493,1344
493,1349
493,1351
493,1375
493,1412
493,1424
493,1426
493,1433
493,1444
493,1450
493,1451
493,1461
493,1476
493,1477
493,1478
493,1479
493,1482
493,1485
493,1489
493,1490
493,1493
493,1496
493,1500
493,1503
493,1511
493,1528
493,1530
493,1533
493,1537
493,1539
493,1570
493,1577
493,1583
493,1593
493,1616
493,1646
493,1649
493,1705
493,1728
493,1749
493,1764
493,1797
493,1836
493,1837
493,1854
493,1860
493,1871
493,1894
493,1935
493,1942
493,2005
493,2008
493,2012
493,2014
493,2016
493,2017
493,2026
493,2119
493,2126
493,2156
493,2176
493,2179
493,2285
493,2292
493,2310
493,2371
493,2372
493,2373
493,2374
493,2375
493,2376
493,2377
493,2378
493,2379
493,2380
493,2381
494,30
494,56
494,69
494,122
494,149
494,158
494,251
494,256
494,257
494,258
494,350
494,379
494,382
494,424
494,425
494,469
494,471
494,473
494,480
494,505
494,507
494,516
494,532
494,551
494,554
494,555
494,574
494,600
494,624
494,676
494,680
494,717
494,794
494,823
494,827
494,994
494,1194
494,1293
494,1299
494,1370
494,1654
494,1877
495,30
495,63
495,124
495,171
495,172
495,228
495,232
495,234
495,253
495,278
495,289
495,309
495,332
495,356
495,382
495,389
495,393
495,405
495,410
495,411
495,418
495,426
495,454
495,457
495,465
495,468
495,489
495,492
495,497
495,501
495,507
495,525
495,542
495,545
495,549
495,627
495,668
495,701
495,703
495,793
495,842
495,924
495,937
495,952
495,961
495,978
495,1875
495,2194
495,2316
496,30
496,53
496,59
496,78
496,218
496,223
496,253
496,258
496,260
496,261
496,331
496,332
496,335
496,465
496,662
496,979
497,30
497,59
497,69
497,71
497,117
497,258
497,340
497,495
497,501
497,957
497,1115
497,1293
497,1357
497,2382
498,30
498,56
498,76
498,165
498,180
498,222
498,228
498,253
498,261
498,278
498,295
498,300
498,333
498,415
498,483
498,499
498,501
498,504
498,505
498,507
498,547
498,669
498,709
498,1363
498,1878
499,30
499,75
499,122
499,124
499,149
499,180
499,207
499,222
499,232
499,251
499,262
499,280
499,300
499,346
499,348
499,373
499,412
499,422
499,483
499,498
499,505
499,507
499,509
499,526
499,685
499,701
499,816
499,877
499,950
499,1040
499,1067
499,1122
499,1127
499,1150
499,1243
499,1252
499,1259
499,1268
499,1273
499,1274
499,1275
499,1279
499,1282
499,1285
499,1433
499,1474
499,1476
499,1478
499,1479
499,1482
499,1487
499,1489
499,1499
499,1503
499,1504
499,1506
499,1522
499,1528
499,1530
499,1533
499,1538
499,1545
499,1551
499,1553
499,1556
499,1557
499,1564
499,1569
499,1571
499,1572
499,1576
499,1590
499,1591
499,1592
499,1595
499,1603
499,1604
499,1608
499,1611
499,1695
499,1719
499,1837
499,1875
499,1999
499,2012
499,2030
499,2032
499,2037
499,2044
499,2053
499,2058
499,2060
499,2067
499,2126
499,2160
499,2242
499,2379
499,2383
499,2384
499,2385
499,2386
499,2387
499,2388
499,2389
499,2390
499,2391
499,2392
499,2393
499,2394
500,30
500,261
500,502
500,507
501,30
501,60
501,222
501,234
501,240
501,253
501,261
501,289
501,356
501,382
501,403
501,465
501,480
501,488
501,495
501,497
501,498
501,500
501,505
501,506
501,516
501,549
501,566
501,681
501,810
501,816
501,949
501,961
501,999
501,1243
502,416
502,500
503,30
503,38
503,53
503,110
503,136
503,178
503,217
503,224
503,234
503,253
503,261
503,264
503,303
503,315
503,360
503,361
503,374
503,387
503,406
503,460
503,478
503,505
503,525
503,532
503,535
503,553
503,554
503,587
503,602
503,609
503,611
503,643
503,673
503,722
503,735
503,743
503,759
503,767
503,832
503,836
503,854
503,938
503,986
503,1015
503,1026
503,1038
503,1074
503,1078
503,1096
503,1135
503,1292
503,1313
503,1690
503,1870
503,1882
503,1895
503,2253
503,2355
503,2395
504,149
504,300
504,380
504,483
504,498
504,743
504,961
504,1240
505,30
505,48
505,51
505,53
505,59
505,60
505,76
505,110
505,118
505,124
505,152
505,209
505,222
505,228
505,232
505,234
505,239
505,246
505,251
505,253
505,257
505,258
505,259
505,260
505,261
505,263
505,273
505,300
505,306
505,332
505,340
505,346
505,348
505,350
505,356
505,373
505,382
505,415
505,437
505,453
505,456
505,461
505,483
505,492
505,498
505,499
505,501
505,503
505,506
505,507
505,516
505,535
505,547
505,562
505,566
505,588
505,596
505,626
505,662
505,701
505,703
505,804
505,816
505,961
505,1096
505,1115
505,1357
505,1367
505,1618
505,1812
505,1875
505,1908
505,1916
505,1932
505,2228
505,2275
505,2396
505,2397
506,122
506,213
506,228
506,240
506,245
506,253
506,257
506,258
506,261
506,263
506,300
506,303
506,333
506,335
506,340
506,382
506,442
506,480
506,482
506,483
506,498
506,501
506,504
506,505
506,507
506,516
506,546
506,574
506,588
506,719
506,810
506,816
506,1241
506,1243
506,1370
506,1908
506,1916
506,1937
506,2113
506,2365
506,2396
507,229
507,261
507,483
507,498
507,499
507,500
507,505
507,506
507,559
507,668
507,677
507,703
507,816
507,961
507,1908
507,1927
508,175
508,198
508,225
508,401
508,451
508,490
508,645
508,660
508,1039
508,1840
509,62
509,155
509,187
509,192
509,257
509,312
509,399
509,401
509,432
509,435
509,466
509,493
509,499
509,526
509,563
509,581
509,614
509,622
509,637
509,716
509,753
509,762
509,772
509,780
509,782
509,839
509,846
509,896
509,921
509,1040
509,1067
509,1078
509,1082
509,1097
509,1150
509,1155
509,1169
509,1186
509,1200
509,1225
509,1257
509,1259
509,1260
509,1268
509,1269
509,1272
509,1273
509,1274
509,1276
509,1279
509,1282
509,1285
509,1319
509,1322
509,1344
509,1345
509,1346
509,1350
509,1396
509,1400
509,1407
509,1409
509,1426
509,1433
509,1437
509,1445
509,1461
509,1479
509,1480
509,1483
509,1486
509,1488
509,1490
509,1495
509,1496
509,1499
509,1500
509,1502
509,1503
509,1506
509,1507
509,1509
509,1515
509,1519
509,1521
509,1522
509,1523
509,1524
509,1526
509,1528
509,1529
509,1530
509,1532
509,1533
509,1537
509,1538
509,1539
509,1549
509,1551
509,1552
509,1553
509,1554
509,1555
509,1556
509,1557
509,1562
509,1564
509,1565
509,1566
509,1568
509,1569
509,1570
509,1571
509,1572
509,1577
509,1580
509,1582
509,1584
509,1588
509,1591
509,1592
509,1593
509,1600
509,1603
509,1610
509,1614
509,1616
509,1638
509,1646
509,1651
509,1687
509,1706
509,1735
509,1746
509,1769
509,1773
509,1774
509,1835
509,1836
509,1837
509,1866
509,1975
509,1998
509,2008
509,2016
509,2017
509,2018
509,2019
509,2022
509,2028
509,2030
509,2035
509,2037
509,2046
509,2048
509,2052
509,2053
509,2072
509,2080
509,2096
509,2126
509,2203
509,2242
509,2375
509,2379
509,2389
509,2390
509,2391
509,2399
509,2400
509,2401
509,2402
509,2403
509,2404
509,2405
509,2406
509,2407
509,2408
509,2409
509,2410
509,2411
509,2412
509,2413
509,2414
509,2415
509,2416
509,2417
509,2418
509,2419
509,2420
509,2421
509,2422
509,2423
510,198
510,203
511,116
511,198
511,210
511,283
511,289
511,305
511,802
511,1800
512,405
512,416
513,178
513,306
513,373
513,428
513,478
513,483
513,503
513,562
513,608
513,741
513,760
513,781
513,917
513,1014
513,2424
513,2425
514,194
514,265
514,383
514,450
514,528
515,30
515,32
515,210
515,253
515,817
515,952
515,2204
516,76
516,152
516,222
516,234
516,251
516,289
516,290
516,300
516,317
516,382
516,384
516,429
516,437
516,484
516,494
516,498
516,501
516,505
516,506
516,507
516,528
516,547
516,555
516,566
516,588
516,937
516,1074
516,1135
516,1264
516,1369
516,1631
516,1752
516,2113
516,2315
517,117
517,176
517,218
517,1620
518,228
518,1297
519,31
519,44
519,53
519,143
519,146
519,191
519,195
520,36
520,37
520,98
520,114
520,130
521,16
521,38
521,53
521,68
521,92
521,104
521,106
521,109
521,118
521,130
521,145
521,159
521,173
521,225
521,234
521,239
521,332
521,339
521,585
521,703
521,1093
521,1820
522,38
522,108
522,127
522,165
522,171
522,173
522,396
522,570
522,786
523,26
523,35
523,38
523,47
523,49
523,50
523,54
523,88
523,90
523,102
523,114
523,116
523,127
523,171
523,224
523,268
523,298
523,325
523,366
523,522
523,577
523,697
524,174
525,69
525,74
525,172
525,178
525,323
525,406
525,493
525,495
525,503
525,602
525,759
525,1081
525,1109
525,1111
525,1311
525,1356
525,2111
525,2215
525,2232
526,55
526,56
526,65
526,123
526,206
526,210
526,257
526,280
526,397
526,493
526,499
526,509
526,730
526,778
526,829
526,859
526,907
526,931
526,1039
526,1067
526,1070
526,1130
526,1150
526,1157
526,1185
526,1203
526,1209
526,1229
526,1236
526,1254
526,1255
526,1257
526,1260
526,1276
526,1277
526,1279
526,1281
526,1284
526,1291
526,1336
526,1344
526,1349
526,1350
526,1424
526,1433
526,1440
526,1441
526,1450
526,1456
526,1461
526,1463
526,1464
526,1474
526,1480
526,1482
526,1486
526,1492
526,1508
526,1511
526,1515
526,1534
526,1540
526,1561
526,1565
526,1572
526,1584
526,1588
526,1648
526,1709
526,1729
526,1732
526,1747
526,1771
526,1772
526,1830
526,1835
526,1953
526,1970
526,1981
526,1982
526,2002
526,2008
526,2014
526,2018
526,2043
526,2051
526,2053
526,2060
526,2061
526,2125
526,2151
526,2176
526,2179
526,2376
526,2379
526,2384
526,2426
526,2427
526,2428
526,2429
526,2430
526,2431
526,2432
526,2433
526,2434
526,2435
526,2436
526,2437
526,2438
527,58
527,2277
528,0
528,10
528,24
528,27
528,52
528,56
528,68
528,69
528,70
528,80
528,125
528,128
528,176
528,189
528,206
528,212
528,226
528,243
528,246
528,247
528,248
528,250
528,256
528,257
528,258
528,273
528,286
528,294
528,295
528,299
528,306
528,308
528,315
528,330
528,333
528,336
528,340
528,352
528,356
528,359
528,360
528,372
528,400
528,416
528,433
528,446
528,447
528,450
528,451
528,453
528,454
528,465
528,472
528,514
528,527
528,538
528,591
528,620
528,621
528,676
528,701
528,709
528,717
528,755
528,806
528,808
528,822
528,924
528,995
528,1238
528,1620
528,1621
528,1877
528,2440
529,1
529,7
529,31
529,37
529,46
529,50
529,51
529,54
529,65
529,98
529,103
529,112
529,113
529,124
529,129
529,131
529,146
529,156
529,167
529,184
529,204
529,222
529,239
529,258
529,332
529,456
529,521
529,596
529,601
529,1812
530,335
530,382
530,506
530,749
530,937
530,961
531,31
531,38
531,81
531,97
531,148
531,299
531,339
532,0
532,1
532,6
532,11
532,24
532,27
532,31
532,42
532,43
532,51
532,52
532,53
532,58
532,64
532,67
532,69
532,71
532,75
532,80
532,101
532,110
532,117
532,118
532,124
532,125
532,128
532,136
532,149
532,152
532,174
532,178
532,179
532,181
532,189
532,194
532,205
532,211
532,216
532,224
532,225
532,226
532,229
532,230
532,231
532,233
532,235
532,243
532,247
532,249
532,250
532,251
532,252
532,253
532,255
532,256
532,257
532,262
532,265
532,270
532,273
532,276
532,278
532,280
532,305
532,307
532,309
532,315
532,331
532,332
532,333
532,334
532,335
532,336
532,355
532,358
532,360
532,364
532,369
532,373
532,374
532,378
532,380
532,382
532,383
532,384
532,388
532,391
532,393
532,395
532,403
532,406
532,407
532,409
532,416
532,422
532,427
532,428
532,433
532,449
532,457
532,461
532,465
532,466
532,468
532,469
532,470
532,472
532,473
532,476
532,483
532,485
532,488
532,490
532,492
532,493
532,494
532,497
532,498
532,503
532,504
532,507
532,516
532,517
532,525
532,526
532,542
532,546
532,551
532,552
532,553
532,554
532,555
532,557
532,559
532,560
532,561
532,562
532,564
532,568
532,583
532,586
532,587
532,600
532,601
532,602
532,608
532,618
532,623
532,624
532,644
532,655
532,661
532,663
532,668
532,669
532,673
532,675
532,677
532,678
532,679
532,689
532,700
532,701
532,702
532,703
532,709
532,710
532,726
532,728
532,738
532,755
532,757
532,793
532,794
532,801
532,804
532,816
532,830
532,831
532,843
532,857
532,877
532,886
532,913
532,917
532,919
532,923
532,927
532,929
532,937
532,945
532,957
532,974
532,982
532,987
532,991
532,998
532,1014
532,1016
532,1034
532,1078
532,1079
532,1081
532,1088
532,1093
532,1098
532,1103
532,1107
532,1135
532,1140
532,1163
532,1196
532,1241
532,1303
532,1304
532,1311
532,1361
532,1620
532,1621
532,1632
532,1634
532,1638
532,1657
532,1665
532,1680
532,1681
532,1800
532,1816
532,1819
532,1820
532,1875
532,1903
532,1932
532,1948
532,2116
532,2143
532,2229
532,2243
532,2308
532,2325
532,2397
533,717
533,2150
533,2319
534,633
534,644
534,646
534,654
534,658
534,696
534,754
534,882
534,890
534,911
534,1014
534,1023
534,1051
534,1060
534,1061
534,1170
534,1181
534,1214
534,1218
534,1337
534,1345
534,1409
534,1420
534,1979
534,2161
534,2164
534,2264
534,2303
534,2371
534,2442
534,2443
535,1
535,49
535,69
535,73
535,74
535,85
535,104
535,110
535,148
535,179
535,200
535,212
535,226
535,259
535,261
535,270
535,280
535,285
535,300
535,350
535,355
535,361
535,362
535,403
535,412
535,425
535,432
535,435
535,466
535,479
535,493
535,499
535,503
535,505
535,509
535,517
535,526
535,528
535,587
535,612
535,618
535,629
535,637
535,643
535,644
535,645
535,651
535,655
535,656
535,658
535,684
535,696
535,716
535,732
535,735
535,755
535,760
535,762
535,766
535,781
535,790
535,794
535,796
535,797
535,798
535,847
535,861
535,877
535,896
535,915
535,917
535,926
535,963
535,974
535,999
535,1002
535,1016
535,1025
535,1030
535,1039
535,1043
535,1051
535,1053
535,1054
535,1058
535,1064
535,1066
535,1067
535,1070
535,1075
535,1122
535,1130
535,1159
535,1165
535,1169
535,1186
535,1200
535,1202
535,1203
535,1208
535,1210
535,1211
535,1215
535,1216
535,1220
535,1222
535,1233
535,1235
535,1250
535,1251
535,1255
535,1257
535,1258
535,1259
535,1260
535,1268
535,1273
535,1276
535,1295
535,1319
535,1333
535,1337
535,1342
535,1344
535,1345
535,1348
535,1350
535,1365
535,1380
535,1394
535,1402
535,1407
535,1415
535,1416
535,1417
535,1418
535,1424
535,1426
535,1431
535,1439
535,1443
535,1445
535,1450
535,1455
535,1459
535,1462
535,1464
535,1466
535,1472
535,1476
535,1479
535,1480
535,1484
535,1485
535,1486
535,1487
535,1489
535,1496
535,1499
535,1501
535,1502
535,1503
535,1507
535,1518
535,1525
535,1528
535,1530
535,1532
535,1537
535,1539
535,1571
535,1577
535,1616
535,1621
535,1643
535,1646
535,1651
535,1668
535,1681
535,1689
535,1703
535,1706
535,1711
535,1712
535,1715
535,1735
535,1741
535,1773
535,1774
535,1797
535,1829
535,1830
535,1849
535,1859
535,1885
535,1975
535,1978
535,1981
535,1986
535,1996
535,2005
535,2010
535,2014
535,2026
535,2030
535,2039
535,2041
535,2052
535,2081
535,2119
535,2124
535,2144
535,2145
535,2146
535,2176
535,2186
535,2188
535,2190
535,2270
535,2302
535,2306
535,2335
535,2345
535,2346
535,2358
535,2376
535,2400
535,2407
535,2412
535,2444
535,2445
535,2446
535,2447
535,2448
535,2449
535,2450
535,2451
535,2452
535,2453
536,112
536,165
536,203
536,288
536,459
536,816
537,78
537,80
537,176
537,206
537,293
537,306
537,352
537,457
537,591
537,816
537,1193
537,1752
538,9
538,41
538,45
538,165
538,200
538,209
538,223
538,226
538,281
538,283
538,308
538,309
538,325
538,346
538,415
538,528
538,537
538,539
538,566
538,570
538,789
538,808
538,809
539,348
539,424
540,32
540,48
540,82
540,105
540,146
541,37
541,172
541,248
541,797
541,848
541,1109
541,1227
541,2454
542,32
542,169
542,189
542,219
542,226
542,251
542,255
542,261
542,265
542,295
542,324
542,346
542,443
542,464
542,587
542,668
542,681
542,735
542,755
542,810
543,32
543,43
543,234
543,336
543,340
543,584
543,604
543,672
543,929
543,943
543,1004
543,1078
543,1141
543,1370
544,32
545,32
545,495
545,679
545,961
546,32
546,76
546,179
546,223
546,229
546,232
546,234
546,257
546,289
546,339
546,440
546,497
546,506
546,562
546,575
546,598
546,659
546,677
546,701
546,749
546,774
546,816
546,990
546,1005
546,1026
546,1098
546,1136
546,1662
546,1893
546,2275
547,32
547,308
547,340
547,356
547,382
547,505
547,516
547,549
547,755
547,816
547,1243
547,1631
547,1939
547,2265
547,2275
548,32
548,483
548,505
548,2455
549,30
549,32
549,62
549,69
549,213
549,215
549,226
549,253
549,258
549,261
549,279
549,289
549,308
549,336
549,377
549,383
549,391
549,406
549,418
549,495
549,500
549,501
549,506
549,547
549,561
549,566
549,588
549,712
549,719
549,810
549,894
549,924
549,1116
549,1240
549,1243
549,1908
549,2265
550,32
550,1366
551,32
551,220
551,377
551,467
551,468
551,483
551,492
551,562
551,567
551,804
551,951
551,990
551,1244
551,2348
552,32
552,45
552,379
552,382
552,464
552,467
552,483
552,623
552,705
552,1244
553,20
553,30
553,32
553,42
553,56
553,57
553,69
553,77
553,87
553,115
553,118
553,124
553,128
553,152
553,163
553,180
553,189
553,195
553,207
553,209
553,211
553,216
553,221
553,243
553,253
553,255
553,256
553,257
553,258
553,270
553,278
553,279
553,281
553,289
553,300
553,303
553,307
553,309
553,315
553,323
553,325
553,335
553,340
553,346
553,350
553,351
553,355
553,360
553,361
553,362
553,378
553,382
553,394
553,403
553,405
553,414
553,423
553,425
553,433
553,437
553,446
553,454
553,457
553,467
553,468
553,473
553,475
553,478
553,479
553,483
553,490
553,492
553,498
553,501
553,503
553,506
553,517
553,527
553,532
553,534
553,542
553,549
553,555
553,556
553,561
553,566
553,582
553,592
553,602
553,605
553,608
553,613
553,614
553,616
553,623
553,626
553,630
553,631
553,633
553,636
553,638
553,642
553,644
553,645
553,649
553,650
553,651
553,653
553,654
553,656
553,658
553,659
553,666
553,668
553,673
553,677
553,678
553,679
553,689
553,692
553,707
553,708
553,712
553,713
553,716
553,719
553,727
553,737
553,744
553,746
553,748
553,749
553,751
553,757
553,766
553,769
553,770
553,777
553,780
553,789
553,793
553,795
553,812
553,816
553,819
553,820
553,827
553,841
553,849
553,851
553,852
553,854
553,867
553,869
553,876
553,883
553,885
553,892
553,894
553,899
553,903
553,917
553,924
553,926
553,935
553,941
553,945
553,947
553,962
553,964
553,968
553,969
553,986
553,990
553,1000
553,1005
553,1023
553,1026
553,1029
553,1030
553,1033
553,1034
553,1037
553,1041
553,1043
553,1046
553,1052
553,1053
553,1058
553,1070
553,1096
553,1105
553,1106
553,1109
553,1112
553,1113
553,1148
553,1152
553,1159
553,1197
553,1214
553,1238
553,1245
553,1246
553,1293
553,1303
553,1306
553,1367
553,1370
553,1632
553,1634
553,1665
553,1674
553,1786
553,1816
553,1846
553,1882
553,1883
553,1893
553,1894
553,1896
553,1904
553,1906
553,1917
553,1942
553,1947
553,1948
553,2104
553,2141
553,2153
553,2208
553,2219
553,2225
553,2294
553,2315
553,2456
553,2457
553,2458
553,2459
553,2460
553,2461
553,2462
553,2463
553,2464
554,32
554,67
554,69
554,207
554,317
554,333
554,337
554,433
554,437
554,442
554,475
554,477
554,479
554,494
554,503
554,570
554,611
554,666
554,672
554,674
554,675
554,676
554,679
554,681
554,689
554,719
554,727
554,1362
554,1619
554,1796
554,1798
554,2129
555,32
555,209
555,213
555,249
555,251
555,260
555,266
555,307
555,334
555,382
555,399
555,409
555,454
555,457
555,464
555,467
555,468
555,471
555,492
555,494
555,497
555,506
555,516
555,532
555,562
555,564
555,623
555,624
555,663
555,679
555,702
555,705
555,877
555,928
555,937
555,951
555,1000
555,1134
555,1151
555,1214
555,1657
555,1936
556,32
556,200
556,223
556,260
556,333
556,475
556,479
556,664
556,708
556,712
556,934
557,32
557,1264
557,1818
558,32
558,163
558,172
558,361
558,454
558,483
558,485
558,596
558,678
558,725
558,829
558,852
558,934
558,953
558,964
558,1003
558,1004
558,1079
558,1111
558,1408
558,1991
558,2465
559,32
559,67
559,223
559,306
559,334
559,337
559,380
559,383
559,389
559,473
559,493
559,507
559,562
559,681
559,719
559,836
559,938
559,965
559,1141
559,1621
559,1947
559,2466
559,2467
560,32
560,226
560,266
560,270
560,279
560,380
560,388
560,390
560,392
560,410
560,429
560,532
560,561
560,566
560,665
560,679
560,689
560,719
560,929
560,1214
560,1242
561,32
561,125
561,163
561,270
561,356
561,379
561,380
561,418
561,454
561,465
561,466
561,471
561,473
561,560
561,564
561,677
561,795
561,810
561,1243
561,1368
562,189
562,209
562,211
562,251
562,255
562,266
562,267
562,306
562,309
562,377
562,390
562,393
562,468
562,471
562,484
562,488
562,492
562,505
562,513
562,542
562,546
562,555
562,559
562,663
562,669
562,679
562,689
562,719
562,998
562,1312
562,1817
562,1936
563,175
563,216
563,256
563,309
563,331
563,337
563,393
563,446
563,466
563,587
563,612
563,617
563,642
563,649
563,689
563,690
563,695
563,712
563,726
563,739
563,746
563,747
563,750
563,777
563,816
563,829
563,842
563,846
563,852
563,897
563,935
563,1005
563,1014
563,1023
563,1037
563,1043
563,1046
563,1058
563,1076
563,1081
563,1101
563,1106
563,1139
563,1152
563,1237
563,1311
563,1660
563,1661
563,1666
563,1905
563,1911
563,1935
563,1959
563,2148
563,2182
563,2469
563,2470
563,2471
564,307
564,389
564,471
564,555
564,561
564,842
564,951
564,1816
565,43
565,125
565,209
565,252
565,255
565,266
565,270
565,307
565,334
565,378
565,379
565,391
565,393
565,426
565,431
565,454
565,465
565,468
565,555
565,567
565,663
565,679
565,704
565,810
565,932
565,947
565,1148
565,1297
565,1299
565,1621
565,1803
565,1818
565,2138
566,32
566,69
566,211
566,224
566,243
566,250
566,251
566,255
566,257
566,260
566,261
566,262
566,263
566,270
566,280
566,295
566,308
566,309
566,332
566,333
566,346
566,348
566,352
566,388
566,392
566,397
566,415
566,422
566,446
566,465
566,467
566,470
566,483
566,492
566,500
566,501
566,505
566,516
566,538
566,549
566,553
566,555
566,560
566,568
566,569
566,581
566,588
566,663
566,669
566,701
566,703
566,810
566,819
566,872
566,932
566,937
566,961
566,1032
566,1042
566,1109
566,1244
566,1264
566,1300
566,1618
566,1621
566,1631
566,1674
567,52
567,76
567,206
567,270
567,335
567,346
567,378
567,403
567,415
567,424
567,426
567,454
567,468
567,479
567,488
567,551
567,627
567,663
567,669
567,795
567,820
567,994
567,1151
567,2114
568,128
568,206
568,325
568,330
568,1291
568,1752
569,195
569,225
570,9
570,77
570,109
570,122
570,159
570,172
570,217
570,244
570,264
570,281
570,309
570,333
570,360
570,363
570,429
570,431
570,433
570,484
570,508
570,662
570,681
570,701
570,790
570,831
570,942
570,943
570,1000
570,1004
570,1019
570,1173
570,1214
570,1303
570,1312
570,1757
570,1923
570,2140
570,2472
571,638
571,858
571,1038
571,1203
571,1382
571,2473
571,2474
572,27
572,33
572,41
572,56
572,70
572,100
572,266
572,334
572,395
572,448
572,603
572,676
572,943
572,1162
572,1295
572,1799
572,1825
573,82
574,33
574,47
574,56
574,69
574,84
574,95
574,135
574,211
574,256
574,257
574,335
574,379
574,431
574,439
574,447
574,477
574,487
574,494
574,506
574,627
574,676
574,679
574,709
574,821
574,964
574,976
574,994
574,1621
574,1654
575,457
575,532
575,546
575,605
575,615
575,738
575,775
575,843
575,991
575,1007
575,1019
575,1022
575,1026
575,1041
575,1093
575,1100
575,1103
575,1104
575,1118
575,1152
575,1160
575,1775
575,1871
575,1887
575,2017
575,2155
575,2169
575,2197
575,2308
575,2355
575,2475
576,33
576,87
576,212
576,394
576,428
576,433
576,575
576,605
576,621
576,643
576,653
576,725
576,727
576,777
576,780
576,797
576,829
576,845
576,847
576,848
576,849
576,852
576,866
576,871
576,883
576,914
576,1032
576,1035
576,1041
576,1063
576,1152
576,1162
576,1166
576,1347
576,1378
576,1570
576,1896
576,1961
576,1981
576,2143
576,2198
576,2361
576,2362
576,2476
576,2477
576,2478
576,2479
577,41
577,90
578,36
578,98
578,111
578,113
578,114
579,5
579,38
579,50
579,167
579,348
579,369
579,381
579,397
579,596
579,619
579,806
580,38
580,40
580,50
580,154
580,236
580,264
580,593
580,1265
581,58
581,70
581,128
581,233
581,383
581,416
581,435
581,483
581,499
581,509
581,526
581,566
581,653
581,686
581,732
581,752
581,796
581,822
581,829
581,878
581,910
581,1067
581,1082
581,1130
581,1200
581,1216
581,1251
581,1258
581,1263
581,1273
581,1390
581,1416
581,1433
581,1444
581,1462
581,1469
581,1476
581,1477
581,1482
581,1487
581,1491
581,1503
581,1506
581,1528
581,1530
581,1533
581,1539
581,1638
581,1646
581,1651
581,1698
581,1711
581,1733
581,1765
581,1769
581,1773
581,1832
581,1835
581,1837
581,1859
581,1962
581,1981
581,2001
581,2012
581,2013
581,2017
581,2022
581,2030
581,2094
581,2125
581,2135
581,2177
581,2262
581,2338
581,2379
581,2480
581,2481
581,2482
581,2483
581,2484
582,3
582,6
582,7
582,54
582,62
582,69
582,90
582,91
582,95
582,96
582,105
582,106
582,121
582,130
582,144
582,146
582,147
582,159
582,166
582,179
582,191
582,334
582,355
582,361
582,403
582,447
582,475
582,484
582,553
582,635
582,655
582,663
582,673
582,679
582,719
582,777
582,847
582,883
582,894
582,896
582,938
582,1038
582,1122
582,1126
582,1203
582,1214
582,1216
582,1221
582,1298
582,1336
582,1476
582,1482
582,1490
582,1521
582,1522
582,1530
582,1621
582,1827
582,1860
582,1887
582,1893
582,1991
582,2029
582,2032
582,2040
582,2041
582,2126
582,2143
582,2474
582,2485
582,2486
583,12
583,56
583,70
583,86
583,110
583,111
583,141
583,148
583,152
583,166
583,197
583,200
583,211
583,256
583,264
583,270
583,279
583,307
583,314
583,360
583,362
583,403
583,409
583,455
583,460
583,478
583,501
583,532
583,586
583,594
583,604
583,608
583,620
583,668
583,670
583,673
583,677
583,678
583,688
583,689
583,707
583,710
583,712
583,719
583,725
583,735
583,755
583,812
583,825
583,830
583,934
583,937
583,943
583,974
583,986
583,1004
583,1016
583,1079
583,1084
583,1136
583,1140
583,1142
583,1311
583,1370
583,1626
583,1870
583,2297
583,2308
583,2487
584,22
584,116
584,347
584,369
584,543
584,1265
585,165
585,179
586,5
586,7
586,37
586,42
586,54
586,98
586,110
586,124
586,147
586,159
586,166
586,180
586,224
586,249
586,281
586,334
586,362
586,412
586,421
586,425
586,492
586,532
586,575
586,732
586,812
586,875
586,889
586,975
586,1078
586,1081
586,1476
586,1477
586,1482
586,1486
586,1537
586,1786
586,2376
586,2428
586,2488
587,12
587,24
587,42
587,44
587,48
587,55
587,56
587,58
587,67
587,73
587,74
587,86
587,90
587,91
587,96
587,98
587,102
587,104
587,106
587,109
587,112
587,115
587,122
587,127
587,128
587,136
587,152
587,159
587,166
587,177
587,178
587,180
587,184
587,193
587,195
587,200
587,211
587,212
587,215
587,216
587,235
587,241
587,247
587,255
587,264
587,265
587,280
587,306
587,307
587,308
587,309
587,317
587,334
587,339
587,355
587,360
587,361
587,373
587,374
587,383
587,386
587,397
587,401
587,406
587,412
587,419
587,432
587,435
587,437
587,460
587,478
587,489
587,490
587,503
587,525
587,532
587,534
587,535
587,542
587,549
587,563
587,602
587,616
587,655
587,677
587,684
587,690
587,693
587,712
587,716
587,724
587,727
587,729
587,735
587,738
587,753
587,755
587,759
587,804
587,812
587,825
587,833
587,834
587,840
587,841
587,843
587,868
587,886
587,904
587,917
587,938
587,939
587,953
587,974
587,996
587,1003
587,1004
587,1014
587,1015
587,1016
587,1019
587,1023
587,1034
587,1045
587,1088
587,1091
587,1095
587,1098
587,1102
587,1106
587,1118
587,1141
587,1208
587,1292
587,1307
587,1311
587,1314
587,1315
587,1316
587,1370
587,1408
587,1657
587,1669
587,1680
587,1816
587,1893
587,1899
587,1923
587,2199
587,2306
587,2467
588,45
588,60
588,225
588,228
588,232
588,258
588,332
588,373
588,383
588,406
588,415
588,457
588,460
588,482
588,489
588,505
588,506
588,516
588,549
588,566
588,592
588,665
588,702
588,739
588,770
588,824
588,834
588,961
588,1083
588,1084
588,1098
588,1191
588,1241
588,1301
588,1618
588,1752
588,1754
588,1908
588,1921
589,248
589,405
589,2455
590,1428
590,2103
590,2117
591,52
591,72
591,295
591,528
592,40
592,43
592,50
592,146
592,216
592,244
592,245
592,246
592,255
592,327
592,409
592,460
592,553
592,588
592,611
592,668
592,678
592,712
592,719
592,767
592,827
592,982
592,1021
592,1079
592,1098
592,1191
592,1820
592,2351
593,580
594,39
594,41
594,45
594,68
594,74
594,88
594,109
594,110
594,128
594,129
594,152
594,165
594,181
594,197
594,216
594,239
594,306
594,354
594,361
594,362
594,397
594,410
594,454
594,466
594,513
594,576
594,604
594,608
594,643
594,651
594,659
594,678
594,684
594,748
594,750
594,840
594,877
594,943
594,988
594,1002
594,1208
594,1246
594,1247
594,1628
594,1661
594,1802
594,2275
594,2490
595,25
595,38
595,81
595,88
595,90
595,103
595,105
595,115
595,121
595,138
595,147
595,149
595,191
595,236
595,396
595,408
595,520
595,946
596,50
596,165
596,167
596,428
596,579
596,1254
596,1257
596,1433
596,1518
596,1574
596,2125
596,2126
596,2284
596,2345
596,2491
597,26
597,39
597,52
597,64
597,92
597,233
597,249
597,286
597,295
597,405
597,719
598,6
598,33
598,35
598,82
598,115
598,173
598,175
598,333
598,804
599,87
599,115
599,397
599,433
599,807
599,828
599,861
599,896
599,1160
599,1164
599,1165
599,1166
599,1168
599,1170
599,1231
599,1484
599,1696
599,1784
599,1844
599,1973
599,1990
599,2165
599,2443
599,2458
599,2492
599,2493
599,2494
599,2495
600,39
600,56
600,69
600,73
600,152
600,181
600,232
600,270
600,309
600,350
600,393
600,425
600,431
600,433
600,437
600,472
600,473
600,475
600,478
600,479
600,484
600,494
600,661
600,673
600,748
600,791
600,1194
600,1312
600,2105
601,60
601,75
601,234
601,309
601,331
601,384
601,598
601,623
601,701
602,39
602,308
602,373
602,378
602,397
602,406
602,460
602,478
602,503
602,525
602,532
602,587
602,606
602,630
602,640
602,655
602,659
602,668
602,677
602,716
602,744
602,754
602,782
602,796
602,840
602,943
602,974
602,1034
602,1035
602,1114
602,1142
602,1168
602,1200
602,1202
602,1316
602,1349
602,1372
602,1696
602,1871
602,1896
602,1951
602,2111
602,2217
602,2309
602,2313
602,2353
602,2358
602,2496
603,33
603,39
603,77
603,163
603,165
603,233
603,256
603,264
603,334
603,336
603,429
603,442
603,448
603,454
603,613
603,621
603,633
603,642
603,679
603,727
603,746
603,797
603,807
603,847
603,913
603,914
603,959
603,968
603,1015
603,1078
603,1086
603,1210
603,1786
603,2159
603,2225
603,2300
603,2441
604,39
604,68
604,172
604,240
604,426
604,437
604,488
604,511
604,543
604,583
604,620
604,631
604,678
604,724
604,725
604,796
604,831
604,868
604,937
604,1016
604,1019
604,1081
604,1083
604,1212
604,1237
604,1307
604,1371
604,1611
604,1632
604,1761
604,2489
604,2497
605,62
605,178
605,269
605,278
605,419
605,442
605,448
605,484
605,489
605,490
605,493
605,553
605,575
605,606
605,609
605,612
605,614
605,616
605,617
605,620
605,621
605,633
605,677
605,693
605,727
605,737
605,738
605,744
605,748
605,755
605,759
605,763
605,766
605,770
605,772
605,774
605,777
605,797
605,841
605,845
605,849
605,851
605,853
605,868
605,869
605,903
605,914
605,968
605,998
605,1003
605,1029
605,1031
605,1032
605,1036
605,1041
605,1047
605,1058
605,1076
605,1081
605,1098
605,1100
605,1103
605,1109
605,1114
605,1152
605,1156
605,1207
605,1311
605,1320
605,1626
605,1636
605,1659
605,1691
605,1882
605,1895
605,1896
605,1951
605,2157
605,2170
605,2217
605,2218
605,2299
605,2352
605,2355
605,2362
605,2498
605,2499
605,2500
605,2501
605,2502
605,2503
606,171
606,178
606,272
606,380
606,386
606,406
606,490
606,602
606,609
606,613
606,616
606,617
606,640
606,690
606,717
606,727
606,732
606,742
606,749
606,801
606,812
606,818
606,825
606,846
606,868
606,894
606,940
606,1003
606,1025
606,1032
606,1034
606,1044
606,1046
606,1096
606,1102
606,1221
606,1374
606,1663
606,1720
606,1896
606,1904
606,1921
606,2156
606,2199
606,2211
606,2241
606,2308
606,2459
607,43
607,124
607,225
607,257
607,269
607,483
607,489
607,506
607,598
607,610
607,615
607,663
607,666
607,675
607,681
607,742
607,749
607,1098
607,1662
607,1874
607,1917
607,2368
607,2475
608,216
608,264
608,306
608,323
608,331
608,355
608,361
608,401
608,460
608,478
608,513
608,553
608,563
608,583
608,594
608,630
608,636
608,643
608,644
608,647
608,651
608,658
608,728
608,741
608,747
608,748
608,755
608,759
608,768
608,774
608,777
608,780
608,781
608,812
608,829
608,833
608,891
608,897
608,917
608,939
608,1001
608,1030
608,1037
608,1142
608,1197
608,1201
608,1307
608,1311
608,1326
608,1371
608,1660
608,1726
608,1816
608,1895
608,1905
608,1951
608,2273
608,2323
608,2362
608,2504
609,39
609,478
609,503
609,606
609,608
609,628
609,662
609,677
609,730
609,731
609,739
609,832
609,917
609,945
609,987
609,1038
609,1098
609,1142
609,1316
609,1636
609,2199
610,33
610,320
610,409
610,607
610,636
610,728
610,753
610,886
610,982
610,1004
610,1018
610,1089
610,1194
610,1636
611,43
611,178
611,216
611,243
611,244
611,267
611,378
611,488
611,490
611,503
611,575
611,612
611,742
611,746
611,816
611,834
611,841
611,843
611,989
611,1005
611,1032
611,1034
611,1065
611,1099
611,1370
611,1666
611,1802
611,1820
611,1883
611,1941
611,2213
612,155
612,215
612,216
612,264
612,278
612,336
612,373
612,388
612,397
612,406
612,440
612,448
612,490
612,493
612,525
612,546
612,558
612,563
612,599
612,605
612,606
612,611
612,615
612,616
612,617
612,621
612,630
612,642
612,706
612,712
612,733
612,738
612,740
612,743
612,744
612,746
612,748
612,749
612,755
612,757
612,758
612,777
612,780
612,816
612,834
612,839
612,843
612,844
612,868
612,898
612,907
612,914
612,926
612,939
612,946
612,955
612,1022
612,1023
612,1029
612,1032
612,1034
612,1040
612,1041
612,1046
612,1050
612,1058
612,1076
612,1078
612,1096
612,1097
612,1098
612,1100
612,1102
612,1103
612,1107
612,1111
612,1114
612,1152
612,1153
612,1197
612,1200
612,1237
612,1266
612,1311
612,1312
612,1630
612,1633
612,1638
612,1660
612,1661
612,1666
612,1681
612,1763
612,1776
612,1800
612,1839
612,1845
612,1893
612,1972
612,2169
612,2182
612,2208
612,2214
612,2218
612,2239
612,2256
612,2267
612,2307
612,2467
612,2505
613,383
613,553
613,603
613,633
613,645
613,650
613,653
613,655
613,696
613,727
613,739
613,760
613,763
613,766
613,797
613,812
613,843
613,850
613,860
613,868
613,869
613,870
613,890
613,903
613,907
613,911
613,917
613,967
613,998
613,1046
613,1047
613,1055
613,1081
613,1098
613,1202
613,1231
613,1345
613,1347
613,1633
613,1720
613,1843
613,1904
613,1969
613,2234
613,2304
613,2464
613,2477
613,2494
613,2506
614,216
614,489
614,741
614,759
614,777
614,998
614,1034
614,1254
614,2217
615,267
615,334
615,731
615,830
615,1022
615,1112
615,2368
616,178
616,212
616,267
616,489
616,615
616,617
616,672
616,743
616,745
616,748
616,770
616,1022
616,1103
616,1104
616,1105
616,1108
616,1110
616,1112
616,1114
616,1141
616,1151
616,1152
616,1872
616,1906
617,406
617,442
617,563
617,606
617,612
617,616
617,690
617,731
617,737
617,745
617,749
617,816
617,831
617,844
617,894
617,1019
617,1022
617,1046
617,1098
617,1105
617,1111
617,1112
617,1630
617,1883
617,2241
617,2332
617,2510
618,45
618,106
618,110
618,361
618,410
618,535
618,1246
619,40
620,41
620,45
620,216
620,225
620,240
620,269
620,320
620,336
620,388
620,419
620,519
620,583
620,604
620,605
620,728
620,739
620,818
620,827
620,831
620,953
620,975
620,1004
620,1020
620,1081
620,1083
620,1103
620,1184
620,1340
620,1343
620,1346
620,1348
620,1349
620,1422
620,1658
620,1714
620,1734
620,1834
620,1844
620,2323
620,2511
621,33
621,41
621,54
621,65
621,71
621,102
621,106
621,159
621,182
621,197
621,216
621,220
621,280
621,289
621,300
621,305
621,309
621,317
621,328
621,336
621,345
621,347
621,355
621,382
621,384
621,406
621,433
621,457
621,468
621,472
621,483
621,493
621,528
621,546
621,551
621,575
621,576
621,587
621,603
621,605
621,625
621,676
621,719
621,749
621,759
621,765
621,770
621,828
621,850
621,872
621,879
621,906
621,919
621,925
621,927
621,935
621,939
621,970
621,972
621,992
621,1032
621,1036
621,1038
621,1041
621,1077
621,1093
621,1141
621,1149
621,1152
621,1160
621,1197
621,1212
621,1237
621,1300
621,1321
621,1500
621,1759
621,1777
621,1896
621,1932
621,2218
621,2226
621,2269
621,2299
621,2441
621,2478
621,2512
622,62
622,200
622,240
622,244
622,270
622,316
622,336
622,377
622,442
622,490
622,672
622,767
622,1003
622,1012
622,1081
622,1090
622,1822
622,1880
622,1935
622,1940
622,2192
622,2513
623,209
623,223
623,257
623,260
623,330
623,415
623,423
623,427
623,467
623,468
623,552
623,601
623,951
623,961
623,1244
623,1293
624,335
624,392
624,464
624,555
624,951
625,203
625,270
625,335
625,672
625,1625
626,42
626,261
626,267
626,471
626,505
626,627
626,679
627,80
627,189
627,218
627,454
627,492
627,495
627,552
627,567
627,574
627,626
627,663
627,708
627,814
627,924
627,1132
627,1133
627,1245
627,1297
627,1304
627,1623
627,1757
627,2114
627,2138
628,360
628,632
628,639
628,648
628,701
628,716
628,750
628,924
628,955
628,1106
628,1661
628,1784
628,1842
628,1905
628,1948
628,2170
629,56
629,125
629,215
629,255
629,424
629,427
629,431
629,456
629,465
629,471
629,475
629,535
629,627
629,760
629,1067
629,1194
629,1210
629,1214
629,1370
629,1621
629,1674
629,1696
629,2234
629,2303
630,12
630,56
630,74
630,136
630,178
630,264
630,323
630,361
630,389
630,401
630,432
630,505
630,525
630,534
630,553
630,563
630,602
630,608
630,612
630,616
630,635
630,644
630,651
630,680
630,695
630,716
630,735
630,737
630,738
630,739
630,746
630,747
630,748
630,750
630,752
630,759
630,763
630,766
630,767
630,776
630,777
630,779
630,780
630,801
630,804
630,812
630,818
630,833
630,840
630,852
630,854
630,892
630,926
630,974
630,1005
630,1014
630,1023
630,1034
630,1046
630,1047
630,1052
630,1054
630,1078
630,1113
630,1197
630,1266
630,1311
630,1320
630,1387
630,1667
630,1683
630,1713
630,1809
630,1816
630,1897
630,1904
630,1942
630,1954
630,1958
630,2245
630,2253
630,2267
630,2269
630,2277
630,2323
630,2461
630,2463
630,2464
630,2471
630,2505
630,2514
630,2515
631,554
631,604
631,724
631,752
631,796
631,929
631,1797
631,2516
632,306
632,491
632,628
632,650
632,894
632,1306
632,1963
632,2150
633,149
633,328
633,448
633,534
633,549
633,553
633,603
633,605
633,613
633,638
633,646
633,649
633,713
633,727
633,746
633,747
633,748
633,760
633,776
633,777
633,780
633,797
633,807
633,846
633,851
633,859
633,865
633,867
633,870
633,872
633,903
633,907
633,912
633,987
633,1002
633,1023
633,1032
633,1034
633,1046
633,1066
633,1152
633,1153
633,1160
633,1197
633,1210
633,1214
633,1311
633,1332
633,1344
633,1383
633,1399
633,1621
633,1660
633,1691
633,1846
633,1896
633,2134
633,2155
633,2159
633,2216
633,2253
633,2303
633,2355
633,2491
633,2503
633,2517
634,892
634,1049
634,1381
634,2141
634,2515
635,639
635,650
635,903
635,1052
636,45
636,235
636,255
636,272
636,307
636,333
636,448
636,608
636,610
636,647
636,728
636,755
636,757
636,766
636,768
636,774
636,972
636,1020
636,1032
636,1034
636,1043
636,1109
636,1311
636,1631
636,1660
636,1709
636,1782
636,1918
636,2218
636,2254
636,2273
636,2293
636,2313
637,1051
637,1186
637,1224
637,1231
637,1233
637,1332
637,1393
637,1439
637,1723
637,2519
638,571
638,614
638,633
638,639
638,642
638,644
638,746
638,767
638,772
638,777
638,859
638,1053
638,1667
638,2520
638,2521
638,2522
638,2523
638,2524
639,642
639,647
639,651
639,653
639,655
639,760
639,851
639,859
639,862
639,1010
639,1052
639,1204
639,1207
639,1685
639,1797
639,2111
639,2516
639,2524
639,2525
639,2526
640,11
640,19
640,21
640,73
640,166
640,171
640,397
640,435
640,490
640,543
640,602
640,606
640,632
640,645
640,646
640,648
640,654
640,655
640,712
640,754
640,758
640,759
640,762
640,777
640,780
640,782
640,807
640,812
640,839
640,847
640,865
640,867
640,870
640,877
640,897
640,906
640,912
640,969
640,986
640,1013
640,1021
640,1035
640,1051
640,1065
640,1070
640,1078
640,1081
640,1165
640,1200
640,1202
640,1207
640,1214
640,1215
640,1233
640,1236
640,1246
640,1342
640,1345
640,1406
640,1688
640,1796
640,1841
640,1898
640,1904
640,2153
640,2303
640,2330
640,2333
640,2443
640,2479
640,2494
640,2527
640,2528
641,2076
641,2529
642,33
642,45
642,92
642,272
642,409
642,435
642,553
642,603
642,636
642,638
642,639
642,645
642,647
642,651
642,655
642,656
642,686
642,752
642,764
642,765
642,770
642,775
642,777
642,780
642,797
642,801
642,851
642,852
642,872
642,883
642,892
642,894
642,896
642,941
642,968
642,1016
642,1025
642,1039
642,1042
642,1044
642,1050
642,1052
642,1053
642,1067
642,1076
642,1077
642,1107
642,1156
642,1157
642,1203
642,1306
642,1311
642,1644
642,1659
642,1667
642,1712
642,1739
642,1786
642,1797
642,1895
642,1952
642,2269
642,2459
642,2460
642,2464
642,2530
642,2531
643,33
643,49
643,62
643,87
643,107
643,152
643,155
643,212
643,264
643,312
643,323
643,357
643,428
643,433
643,435
643,436
643,443
643,447
643,448
643,503
643,526
643,534
643,535
643,546
643,571
643,576
643,581
643,594
643,602
643,603
643,604
643,605
643,606
643,608
643,613
643,614
643,621
643,630
643,631
643,632
643,635
643,638
643,639
643,640
643,642
643,644
643,645
643,647
643,648
643,651
643,653
643,655
643,656
643,657
643,658
643,659
643,679
643,684
643,692
643,695
643,696
643,701
643,706
643,727
643,729
643,730
643,731
643,746
643,747
643,752
643,757
643,758
643,760
643,762
643,766
643,768
643,769
643,770
643,771
643,773
643,777
643,778
643,780
643,781
643,782
643,797
643,798
643,812
643,829
643,846
643,847
643,849
643,850
643,852
643,866
643,867
643,868
643,870
643,872
643,873
643,874
643,883
643,887
643,888
643,889
643,892
643,893
643,894
643,896
643,897
643,899
643,903
643,905
643,906
643,908
643,909
643,911
643,915
643,921
643,931
643,942
643,955
643,963
643,993
643,999
643,1002
643,1013
643,1024
643,1026
643,1030
643,1032
643,1033
643,1035
643,1037
643,1038
643,1039
643,1040
643,1041
643,1043
643,1044
643,1046
643,1048
643,1049
643,1051
643,1055
643,1058
643,1059
643,1060
643,1063
643,1070
643,1072
643,1073
643,1075
643,1076
643,1082
643,1126
643,1130
643,1152
643,1154
643,1157
643,1158
643,1159
643,1162
643,1163
643,1164
643,1166
643,1167
643,1169
643,1180
643,1184
643,1186
643,1197
643,1200
643,1202
643,1203
643,1204
643,1207
643,1208
643,1209
643,1210
643,1211
643,1213
643,1214
643,1215
643,1216
643,1219
643,1220
643,1221
643,1223
643,1227
643,1229
643,1230
643,1233
643,1235
643,1237
643,1246
643,1247
643,1250
643,1252
643,1254
643,1255
643,1256
643,1257
643,1258
643,1261
643,1262
643,1263
643,1266
643,1295
643,1319
643,1320
643,1322
643,1325
643,1327
643,1330
643,1331
643,1334
643,1337
643,1338
643,1342
643,1343
643,1344
643,1345
643,1346
643,1348
643,1350
643,1352
643,1354
643,1380
643,1385
643,1386
643,1388
643,1389
643,1391
643,1392
643,1393
643,1398
643,1404
643,1406
643,1407
643,1408
643,1410
643,1411
643,1412
643,1414
643,1416
643,1418
643,1420
643,1423
643,1424
643,1425
643,1426
643,1433
643,1434
643,1435
643,1436
643,1440
643,1441
643,1442
643,1443
643,1445
643,1448
643,1449
643,1453
643,1455
643,1457
643,1458
643,1460
643,1461
643,1462
643,1463
643,1464
643,1465
643,1466
643,1469
643,1470
643,1471
643,1472
643,1473
643,1475
643,1476
643,1477
643,1478
643,1479
643,1481
643,1483
643,1485
643,1491
643,1497
643,1500
643,1502
643,1503
643,1508
643,1525
643,1528
643,1529
643,1533
643,1537
643,1550
643,1570
643,1571
643,1577
643,1592
643,1610
643,1645
643,1646
643,1659
643,1660
643,1667
643,1676
643,1683
643,1686
643,1702
643,1705
643,1706
643,1711
643,1712
643,1715
643,1716
643,1720
643,1724
643,1725
643,1728
643,1730
643,1731
643,1733
643,1735
643,1736
643,1743
643,1744
643,1750
643,1759
643,1764
643,1766
643,1768
643,1770
643,1771
643,1772
643,1773
643,1774
643,1777
643,1785
643,1797
643,1825
643,1830
643,1842
643,1843
643,1845
643,1849
643,1851
643,1852
643,1854
643,1855
643,1859
643,1885
643,1886
643,1889
643,1896
643,1897
643,1905
643,1906
643,1942
643,1951
643,1958
643,1959
643,1960
643,1961
643,1963
643,1965
643,1968
643,1969
643,1970
643,1972
643,1974
643,1975
643,1976
643,1981
643,1983
643,1984
643,1985
643,1986
643,1987
643,1988
643,1991
643,1994
643,1998
643,1999
643,2000
643,2006
643,2007
643,2010
643,2015
643,2021
643,2026
643,2032
643,2081
643,2124
643,2125
643,2134
643,2136
643,2143
643,2145
643,2154
643,2156
643,2157
643,2159
643,2163
643,2164
643,2169
643,2171
643,2174
643,2177
643,2180
643,2183
643,2187
643,2189
643,2190
643,2220
643,2245
643,2246
643,2247
643,2258
643,2261
643,2263
643,2269
643,2270
643,2272
643,2284
643,2285
643,2287
643,2298
643,2300
643,2303
643,2327
643,2338
643,2346
643,2358
643,2378
643,2385
643,2399
643,2425
643,2450
643,2478
643,2479
643,2481
643,2482
643,2494
643,2504
643,2522
643,2529
643,2532
643,2533
643,2534
643,2535
643,2536
643,2537
643,2538
643,2539
643,2540
643,2541
643,2542
643,2543
643,2544
643,2545
643,2546
643,2547
643,2548
643,2549
643,2550
643,2551
643,2552
643,2553
643,2554
643,2555
643,2556
643,2557
643,2558
643,2559
643,2560
643,2561
643,2562
643,2563
644,45
644,60
644,212
644,250
644,253
644,294
644,303
644,435
644,503
644,534
644,535
644,553
644,602
644,608
644,630
644,634
644,638
644,646
644,651
644,655
644,742
644,748
644,763
644,776
644,777
644,809
644,816
644,854
644,867
644,882
644,885
644,892
644,926
644,1014
644,1026
644,1051
644,1055
644,1058
644,1070
644,1153
644,1202
644,1207
644,1374
644,1637
644,1681
644,1686
644,1775
644,1842
644,2141
644,2209
644,2312
644,2471
645,571
645,613
645,636
645,640
645,642
645,643
645,646
645,653
645,655
645,656
645,757
645,763
645,770
645,771
645,776
645,777
645,780
645,829
645,858
645,862
645,882
645,890
645,891
645,892
645,894
645,907
645,1041
645,1045
645,1066
645,1159
645,1344
645,1387
645,1388
645,1686
645,1763
645,1786
645,1797
645,1846
645,2183
645,2184
645,2223
645,2253
645,2254
645,2300
645,2464
645,2516
645,2530
645,2564
645,2565
645,2566
646,256
646,534
646,633
646,640
646,645
646,708
646,742
646,754
646,848
646,912
646,957
646,1081
646,1345
646,1791
646,1960
646,1979
646,2425
646,2567
647,608
647,636
647,639
647,732
647,752
647,874
647,1786
647,1811
648,163
648,448
648,640
648,643
648,656
648,741
648,757
648,765
648,771
648,777
648,778
648,861
648,883
648,910
648,969
648,1048
648,1058
648,1170
648,1186
648,1216
648,1227
648,1327
648,1339
648,1343
648,1412
648,1420
648,1484
648,1702
648,1850
648,1852
648,2164
648,2174
648,2300
648,2359
648,2373
648,2460
648,2519
648,2522
648,2568
649,128
649,493
649,563
649,633
649,639
649,645
649,772
649,869
649,894
649,931
649,1033
649,1045
649,1202
649,1207
649,1326
649,1637
649,2303
650,613
650,632
650,645
650,653
650,656
650,660
650,883
650,1002
650,2300
650,2539
651,639
651,642
651,645
651,769
651,801
651,849
651,854
651,872
651,892
651,903
651,1042
651,1255
651,1685
651,1961
651,2162
651,2180
651,2189
651,2264
651,2298
651,2519
651,2529
651,2535
652,1801
652,2102
653,19
653,311
653,448
653,581
653,613
653,632
653,633
653,639
653,645
653,650
653,654
653,655
653,656
653,692
653,757
653,778
653,867
653,874
653,882
653,883
653,885
653,894
653,898
653,906
653,926
653,1002
653,1023
653,1037
653,1051
653,1063
653,1066
653,1154
653,1306
653,1322
653,1344
653,1671
653,1797
653,1843
653,1904
653,2108
653,2134
653,2184
653,2234
653,2471
653,2539
653,2541
653,2569
653,2570
654,53
654,171
654,172
654,272
654,534
654,640
654,653
654,655
654,894
654,896
654,897
654,898
654,1038
654,1164
654,1170
654,1209
654,1210
654,1695
654,1696
654,1786
654,1844
654,2184
654,2371
654,2464
654,2524
655,45
655,152
655,163
655,178
655,211
655,409
655,454
655,465
655,467
655,478
655,532
655,535
655,560
655,587
655,602
655,613
655,639
655,640
655,642
655,653
655,677
655,679
655,713
655,747
655,760
655,766
655,801
655,831
655,843
655,892
655,912
655,917
655,943
655,945
655,965
655,1023
655,1046
655,1051
655,1058
655,1076
655,1142
655,1152
655,1153
655,1159
655,1170
655,1178
655,1207
655,1208
655,1222
655,1388
655,1409
655,1470
655,1691
655,1905
655,1961
655,2111
655,2219
655,2330
655,2527
656,517
656,631
656,638
656,642
656,645
656,650
656,653
656,852
656,859
656,881
656,894
656,1025
656,1066
656,1154
656,1170
656,1183
656,1211
656,1230
656,1345
656,1416
656,1644
656,1727
656,2464
656,2549
656,2571
656,2572
657,632
657,870
657,871
657,892
657,1210
657,1236
657,1952
657,2471
657,2573
657,2574
657,2575
658,192
658,448
658,534
658,706
658,760
658,776
658,782
658,798
658,829
658,870
658,885
658,892
658,917
658,1025
658,1130
658,1200
658,1217
658,1222
658,1223
658,1236
658,1328
658,1348
658,1406
658,1416
658,1417
658,1432
658,1436
658,1438
658,1442
658,1445
658,1449
658,1486
658,1487
658,1725
658,1738
658,1786
658,1831
658,1858
658,2159
658,2167
658,2190
658,2551
658,2552
658,2576
658,2577
659,155
659,323
659,362
659,397
659,406
659,602
659,643
659,684
659,730
659,732
659,752
659,868
659,904
659,906
659,929
659,1030
659,1032
659,1109
659,1130
659,1166
659,1186
659,1215
659,1219
659,1225
659,1306
659,1342
659,1396
659,1404
659,1689
659,1705
659,1712
659,1725
659,1759
659,1852
659,1882
659,2010
659,2245
659,2358
659,2519
659,2578
660,650
660,801
660,1340
660,1982
660,2285
660,2579
661,75
661,195
661,1819
661,2302
662,60
662,209
662,229
662,234
662,251
662,261
662,332
662,380
662,496
662,609
662,701
662,979
663,189
663,389
663,464
663,495
663,551
663,555
663,556
663,565
663,627
663,702
663,717
663,750
663,821
663,945
663,962
663,1245
663,2129
664,189
664,380
664,556
664,951
664,1370
664,1927
665,180
665,245
665,266
665,335
665,388
665,394
665,413
665,560
665,588
665,681
665,689
665,719
665,929
665,935
665,1142
665,1214
665,1245
665,1300
665,1370
666,64
666,213
666,300
666,418
666,554
666,607
666,719
666,780
666,821
666,828
666,976
666,1077
666,1149
666,1237
666,2129
666,2203
666,2228
667,468
667,729
667,932
668,43
668,56
668,67
668,178
668,181
668,232
668,234
668,245
668,255
668,256
668,270
668,287
668,304
668,315
668,317
668,334
668,335
668,340
668,346
668,352
668,355
668,360
668,378
668,379
668,383
668,397
668,403
668,412
668,437
668,439
668,460
668,465
668,467
668,477
668,495
668,497
668,507
668,553
668,567
668,583
668,592
668,602
668,669
668,673
668,677
668,678
668,680
668,687
668,688
668,689
668,708
668,712
668,719
668,726
668,810
668,819
668,827
668,937
668,938
668,986
668,1143
668,1266
668,1304
668,1306
668,1356
668,1370
668,1879
668,1895
668,2191
668,2580
669,43
669,70
669,125
669,179
669,200
669,255
669,259
669,260
669,264
669,307
669,328
669,378
669,388
669,403
669,460
669,467
669,478
669,498
669,532
669,562
669,566
669,567
669,668
669,673
669,683
669,689
669,710
669,719
669,720
669,722
669,726
669,794
669,827
669,877
669,937
669,943
669,986
669,992
669,1002
669,1137
669,1141
669,1142
669,1304
669,1307
669,1314
669,1622
669,1627
669,1796
669,1807
669,1811
669,1933
669,2151
669,2288
670,43
670,403
670,484
670,1306
671,388
671,473
671,2142
672,336
672,543
672,554
672,622
672,625
672,719
672,741
672,766
672,998
672,1058
672,1079
672,1136
672,1141
672,1143
672,1310
672,1679
672,1846
672,1895
672,1935
673,43
673,110
673,135
673,179
673,211
673,215
673,244
673,255
673,264
673,266
673,270
673,306
673,307
673,309
673,327
673,360
673,378
673,393
673,403
673,437
673,465
673,484
673,488
673,503
673,532
673,554
673,583
673,600
673,668
673,669
673,677
673,680
673,681
673,683
673,689
673,707
673,719
673,755
673,789
673,937
673,943
673,949
673,963
673,997
673,1303
673,1313
673,1314
673,1363
673,1370
673,1657
673,1793
673,1816
673,1825
673,1893
673,2142
673,2194
673,2243
673,2315
674,554
674,1012
674,1032
675,256
675,333
675,335
675,336
675,475
675,554
675,1173
675,1825
675,2319
676,125
676,215
676,256
676,266
676,282
676,331
676,335
676,378
676,384
676,431
676,469
676,471
676,472
676,494
676,517
676,554
676,621
676,679
676,709
676,823
676,965
676,1018
676,1194
676,1213
676,1300
676,1657
676,1877
676,2137
676,2319
676,2366
677,0
677,9
677,10
677,11
677,22
677,23
677,43
677,56
677,57
677,58
677,62
677,64
677,66
677,67
677,69
677,71
677,73
677,86
677,115
677,124
677,149
677,172
677,178
677,179
677,193
677,195
677,200
677,201
677,207
677,211
677,212
677,215
677,217
677,228
677,230
677,240
677,243
677,245
677,247
677,252
677,253
677,255
677,256
677,257
677,258
677,266
677,267
677,271
677,281
677,287
677,294
677,295
677,296
677,308
677,309
677,315
677,320
677,331
677,332
677,333
677,340
677,343
677,349
677,350
677,352
677,353
677,360
677,361
677,374
677,378
677,379
677,383
677,387
677,388
677,391
677,394
677,395
677,400
677,403
677,407
677,409
677,412
677,416
677,417
677,432
677,435
677,437
677,441
677,442
677,451
677,465
677,467
677,468
677,470
677,473
677,478
677,482
677,483
677,488
677,490
677,500
677,505
677,506
677,507
677,508
677,509
677,529
677,532
677,539
677,542
677,544
677,546
677,549
677,553
677,561
677,563
677,570
677,586
677,587
677,599
677,600
677,602
677,605
677,607
677,609
677,615
677,616
677,617
677,627
677,629
677,655
677,670
677,673
677,675
677,678
677,679
677,690
677,693
677,701
677,711
677,712
677,714
677,716
677,724
677,725
677,731
677,737
677,738
677,739
677,755
677,757
677,759
677,770
677,788
677,803
677,812
677,818
677,827
677,830
677,832
677,834
677,840
677,843
677,886
677,913
677,919
677,953
677,957
677,974
677,989
677,992
677,994
677,995
677,998
677,1013
677,1014
677,1017
677,1023
677,1034
677,1078
677,1079
677,1080
677,1084
677,1096
677,1104
677,1106
677,1110
677,1112
677,1114
677,1133
677,1174
677,1203
677,1214
677,1264
677,1300
677,1304
677,1307
677,1370
677,1618
677,1620
677,1669
677,1794
677,1796
677,1815
677,1872
677,1902
677,1905
677,1921
677,1943
677,2114
677,2198
677,2202
677,2203
677,2323
677,2467
677,2532
678,1
678,52
678,58
678,59
678,67
678,118
678,165
678,195
678,200
678,211
678,233
678,240
678,244
678,252
678,253
678,269
678,317
678,319
678,331
678,335
678,336
678,340
678,352
678,356
678,360
678,377
678,378
678,409
678,415
678,437
678,439
678,467
678,478
678,479
678,490
678,532
678,554
678,563
678,592
678,604
678,668
678,674
678,677
678,701
678,724
678,740
678,767
678,777
678,804
678,827
678,830
678,831
678,833
678,836
678,934
678,937
678,938
678,947
678,982
678,983
678,984
678,1003
678,1004
678,1022
678,1078
678,1083
678,1084
678,1098
678,1102
678,1139
678,1143
678,1144
678,1169
678,1200
678,1292
678,1310
678,1370
678,1636
678,1669
678,2191
678,2324
678,2581
679,10
679,43
679,56
679,69
679,135
679,163
679,234
679,256
679,257
679,258
679,260
679,294
679,307
679,309
679,316
679,350
679,356
679,360
679,368
679,382
679,403
679,410
679,412
679,429
679,447
679,454
679,466
679,475
679,478
679,492
679,501
679,506
679,509
679,528
679,532
679,545
679,554
679,555
679,560
679,562
679,565
679,568
679,574
679,603
679,626
679,642
679,655
679,676
679,689
679,705
679,708
679,719
679,763
679,765
679,768
679,789
679,791
679,829
679,858
679,913
679,937
679,948
679,1000
679,1130
679,1151
679,1173
679,1203
679,1246
679,1311
679,1312
679,1363
679,1370
679,1635
679,1786
679,1877
679,2114
679,2157
679,2159
679,2269
679,2531
679,2582
680,43
680,189
680,389
680,484
680,494
680,668
680,673
680,681
680,819
680,934
680,963
680,1298
680,1301
680,1793
680,2244
680,2348
681,43
681,56
681,59
681,71
681,125
681,135
681,253
681,256
681,279
681,307
681,309
681,313
681,316
681,350
681,360
681,403
681,484
681,488
681,501
681,554
681,673
681,680
681,689
681,719
681,721
681,735
681,795
681,810
681,827
681,935
681,945
681,997
681,1135
681,1369
681,1678
681,1911
681,1923
681,2129
682,43
682,317
682,327
682,563
682,1003
682,1370
682,1793
682,2106
683,43
683,172
683,378
683,447
683,625
683,669
683,673
683,748
683,913
683,1136
683,1825
684,9
684,43
684,49
684,70
684,100
684,152
684,155
684,165
684,189
684,259
684,310
684,323
684,328
684,331
684,334
684,340
684,350
684,361
684,362
684,368
684,373
684,383
684,397
684,404
684,406
684,429
684,435
684,437
684,470
684,479
684,488
684,493
684,503
684,526
684,534
684,535
684,546
684,581
684,587
684,594
684,602
684,616
684,617
684,620
684,637
684,643
684,645
684,649
684,655
684,656
684,657
684,658
684,659
684,688
684,689
684,693
684,696
684,716
684,724
684,729
684,730
684,732
684,735
684,759
684,760
684,762
684,781
684,782
684,797
684,798
684,799
684,807
684,812
684,816
684,840
684,861
684,868
684,873
684,877
684,880
684,881
684,889
684,895
684,896
684,898
684,906
684,908
684,943
684,999
684,1002
684,1013
684,1023
684,1025
684,1040
684,1049
684,1051
684,1054
684,1057
684,1058
684,1060
684,1067
684,1070
684,1071
684,1072
684,1074
684,1082
684,1105
684,1111
684,1130
684,1153
684,1156
684,1159
684,1162
684,1163
684,1164
684,1168
684,1186
684,1194
684,1200
684,1201
684,1202
684,1207
684,1208
684,1210
684,1213
684,1215
684,1216
684,1217
684,1223
684,1227
684,1233
684,1235
684,1236
684,1237
684,1242
684,1246
684,1247
684,1252
684,1257
684,1259
684,1295
684,1298
684,1306
684,1314
684,1316
684,1319
684,1322
684,1327
684,1331
684,1340
684,1343
684,1344
684,1345
684,1346
684,1347
684,1349
684,1350
684,1352
684,1374
684,1380
684,1385
684,1386
684,1389
684,1391
684,1394
684,1401
684,1409
684,1410
684,1412
684,1414
684,1415
684,1418
684,1420
684,1422
684,1426
684,1427
684,1433
684,1434
684,1436
684,1437
684,1439
684,1440
684,1441
684,1443
684,1445
684,1448
684,1449
684,1451
684,1453
684,1462
684,1470
684,1472
684,1473
684,1477
684,1478
684,1484
684,1487
684,1489
684,1490
684,1491
684,1499
684,1511
684,1515
684,1530
684,1550
684,1570
684,1577
684,1592
684,1613
684,1616
684,1634
684,1639
684,1656
684,1671
684,1676
684,1683
684,1689
684,1691
684,1699
684,1703
684,1705
684,1707
684,1710
684,1711
684,1712
684,1715
684,1716
684,1725
684,1727
684,1729
684,1730
684,1731
684,1732
684,1733
684,1736
684,1738
684,1739
684,1745
684,1749
684,1759
684,1767
684,1768
684,1771
684,1773
684,1774
684,1780
684,1781
684,1782
684,1793
684,1824
684,1830
684,1837
684,1843
684,1849
684,1850
684,1851
684,1852
684,1853
684,1855
684,1859
684,1870
684,1938
684,1942
684,1960
684,1966
684,1967
684,1968
684,1969
684,1970
684,1972
684,1975
684,1982
684,1983
684,1984
684,1985
684,2000
684,2010
684,2018
684,2040
684,2111
684,2112
684,2135
684,2136
684,2144
684,2145
684,2174
684,2180
684,2243
684,2246
684,2248
684,2270
684,2302
684,2336
684,2341
684,2345
684,2346
684,2373
684,2385
684,2398
684,2425
684,2442
684,2450
684,2462
684,2481
684,2495
684,2527
684,2548
684,2549
684,2551
684,2552
684,2554
684,2557
684,2582
684,2584
684,2585
684,2586
684,2587
684,2588
684,2589
684,2590
684,2591
684,2592
684,2593
684,2594
684,2595
684,2596
684,2597
684,2598
684,2599
684,2600
684,2601
684,2602
684,2603
684,2604
685,255
685,356
685,944
685,1293
685,1298
686,180
686,286
686,477
686,1761
686,1792
686,2583
687,43
687,76
687,255
687,378
687,467
687,471
687,486
687,600
687,668
687,685
687,789
687,828
687,935
687,943
687,944
687,984
687,1008
687,1301
687,1364
687,1806
687,2105
687,2205
687,2583
688,270
688,477
688,941
688,942
688,1009
688,1356
688,1370
689,43
689,45
689,56
689,64
689,69
689,178
689,211
689,215
689,244
689,254
689,266
689,270
689,309
689,315
689,316
689,317
689,360
689,361
689,378
689,388
689,393
689,403
689,406
689,409
689,437
689,446
689,455
689,477
689,479
689,532
689,553
689,554
689,560
689,562
689,563
689,583
689,628
689,665
689,668
689,669
689,673
689,679
689,681
689,684
689,690
689,716
689,929
689,938
689,943
689,1002
689,1018
689,1139
689,1296
689,1303
689,1363
689,1370
689,1628
689,1674
689,1948
690,267
690,412
690,606
690,617
690,672
690,689
690,842
690,998
690,1099
690,1145
690,1666
690,2200
690,2605
690,2606
691,0
691,8
691,9
691,19
691,24
691,25
691,30
691,32
691,33
691,46
691,51
691,54
691,85
691,86
691,101
691,103
691,111
691,114
691,115
691,116
691,121
691,126
691,128
691,130
691,141
691,146
691,158
691,160
691,165
691,170
691,177
691,191
691,203
691,210
691,225
691,238
691,239
691,240
691,258
691,271
691,296
691,303
691,325
691,353
691,369
691,373
691,375
691,408
691,438
691,490
691,514
691,580
691,875
691,919
692,442
692,632
692,653
692,709
692,747
692,777
692,807
692,874
692,1046
692,1058
692,1059
692,1060
692,1207
692,1332
692,1846
693,2
693,3
693,5
693,6
693,35
693,36
693,37
693,69
693,70
693,95
693,98
693,102
693,103
693,152
693,159
693,166
693,178
693,216
693,308
693,309
693,320
693,327
693,340
693,355
693,374
693,383
693,386
693,437
693,460
693,498
693,563
693,580
693,587
693,604
693,612
693,617
693,684
693,716
693,724
693,731
693,738
693,742
693,770
693,801
693,813
693,818
693,832
693,843
693,868
693,875
693,894
693,926
693,929
693,1003
693,1005
693,1014
693,1015
693,1019
693,1022
693,1023
693,1034
693,1046
693,1074
693,1078
693,1082
693,1098
693,1103
693,1110
693,1114
693,1118
693,1146
693,1163
693,1194
693,1237
693,1657
693,1661
693,1662
693,1663
693,1671
693,1680
693,1681
693,1776
693,1821
693,1883
693,1921
693,2306
694,74
695,62
695,189
695,195
695,198
695,216
695,264
695,563
695,630
695,643
695,735
695,749
695,751
695,757
695,774
695,781
695,851
695,917
695,1026
695,1037
695,1197
695,1311
695,1371
695,1375
695,1661
695,1666
695,1906
695,2253
696,38
696,46
696,155
696,264
696,383
696,534
696,613
696,871
696,906
696,912
696,988
696,1038
696,1055
696,1060
696,1163
696,1208
696,1210
696,1211
696,1236
696,1306
696,1689
696,1845
696,1852
696,1969
696,2010
696,2159
696,2607
697,116
697,396
698,97
699,273
699,324
699,364
700,295
701,49
701,117
701,180
701,187
701,222
701,225
701,226
701,228
701,229
701,232
701,234
701,250
701,251
701,281
701,348
701,355
701,356
701,394
701,495
701,499
701,566
701,601
701,628
701,662
701,678
701,755
701,809
701,816
701,949
701,1141
701,1365
701,1668
701,1917
702,118
702,122
702,260
702,379
702,506
702,555
702,588
702,663
702,814
702,1214
703,222
703,229
703,333
703,483
703,495
703,507
703,566
704,68
704,209
704,225
704,295
704,415
704,429
704,557
704,565
704,703
704,819
705,69
705,209
705,346
705,379
705,382
705,420
705,552
705,555
705,562
705,679
705,938
705,1194
706,76
706,80
706,454
706,478
706,605
706,658
706,755
706,766
706,789
706,816
706,937
706,1038
706,1991
707,397
707,469
707,475
707,615
707,663
707,673
707,748
707,757
707,944
707,1002
707,1846
708,92
708,172
708,223
708,435
708,464
708,493
708,557
708,627
708,639
708,668
708,679
708,732
708,770
708,874
708,876
708,892
708,896
708,897
708,912
708,928
708,1038
708,1039
708,1048
708,1049
708,1052
708,1053
708,1067
708,1070
708,1094
708,1159
708,1165
708,1168
708,1202
708,1207
708,1209
708,1210
708,1213
708,1218
708,1220
708,1230
708,1232
708,1327
708,1329
708,1330
708,1334
708,1340
708,1342
708,1349
708,1399
708,1405
708,1409
708,1410
708,1418
708,1420
708,1439
708,1441
708,1449
708,1458
708,1470
708,1475
708,1486
708,1656
708,1682
708,1686
708,1708
708,1715
708,1725
708,1782
708,1786
708,1853
708,2005
708,2293
708,2305
708,2463
708,2527
708,2592
708,2608
708,2609
708,2610
709,447
709,676
709,692
709,938
709,2440
710,172
710,264
710,437
710,467
710,468
710,477
710,669
710,715
710,722
710,834
710,843
710,938
710,942
710,1313
710,1314
710,1370
710,1632
710,1793
710,1808
710,1933
710,2367
711,14
711,337
711,554
711,2611
712,9
712,45
712,62
712,67
712,87
712,125
712,172
712,178
712,192
712,193
712,211
712,215
712,216
712,226
712,245
712,259
712,264
712,270
712,280
712,300
712,308
712,309
712,311
712,334
712,356
712,361
712,362
712,373
712,386
712,388
712,403
712,406
712,409
712,437
712,439
712,448
712,460
712,478
712,493
712,517
712,525
712,549
712,553
712,556
712,563
712,583
712,587
712,592
712,612
712,617
712,633
712,640
712,668
712,695
712,701
712,716
712,726
712,727
712,731
712,737
712,738
712,739
712,743
712,744
712,745
712,747
712,750
712,755
712,757
712,759
712,777
712,780
712,782
712,804
712,812
712,816
712,827
712,842
712,844
712,883
712,894
712,936
712,939
712,943
712,972
712,974
712,983
712,998
712,1005
712,1014
712,1022
712,1023
712,1032
712,1042
712,1046
712,1078
712,1087
712,1100
712,1107
712,1109
712,1111
712,1112
712,1114
712,1152
712,1156
712,1194
712,1197
712,1198
712,1200
712,1208
712,1266
712,1306
712,1308
712,1311
712,1315
712,1361
712,1370
712,1373
712,1374
712,1375
712,1630
712,1633
712,1659
712,1660
712,1661
712,1665
712,1674
712,1720
712,1794
712,1802
712,1809
712,1893
712,1894
712,1895
712,1896
712,1942
712,1960
712,2109
712,2299
712,2360
712,2397
712,2500
712,2524
712,2526
712,2612
712,2613
713,251
713,255
713,323
713,393
713,401
713,435
713,655
713,663
713,719
713,727
713,746
713,750
713,759
713,761
713,777
713,816
713,869
713,889
713,894
713,1010
713,1032
713,1303
713,1781
713,2303
713,2524
714,373
714,829
714,1098
715,310
715,517
715,710
715,720
715,929
715,938
715,944
715,947
715,997
715,1080
715,1137
715,1138
715,1632
715,2295
715,2367
715,2614
716,45
716,245
716,320
716,336
716,360
716,362
716,406
716,426
716,435
716,440
716,448
716,460
716,478
716,509
716,525
716,526
716,535
716,554
716,563
716,571
716,587
716,599
716,602
716,614
716,628
716,632
716,645
716,649
716,655
716,657
716,668
716,679
716,684
716,689
716,696
716,712
716,732
716,760
716,766
716,767
716,777
716,780
716,782
716,801
716,804
716,812
716,829
716,846
716,852
716,859
716,868
716,870
716,873
716,874
716,877
716,886
716,896
716,905
716,928
716,940
716,943
716,955
716,967
716,969
716,974
716,1015
716,1018
716,1019
716,1023
716,1026
716,1046
716,1051
716,1055
716,1067
716,1070
716,1084
716,1109
716,1114
716,1150
716,1155
716,1159
716,1164
716,1200
716,1214
716,1252
716,1295
716,1311
716,1327
716,1337
716,1344
716,1345
716,1349
716,1389
716,1390
716,1422
716,1427
716,1433
716,1443
716,1450
716,1455
716,1457
716,1513
716,1538
716,1551
716,1566
716,1616
716,1625
716,1651
716,1667
716,1671
716,1712
716,1717
716,1718
716,1729
716,1734
716,1786
716,1842
716,1859
716,1886
716,1894
716,1903
716,1904
716,1971
716,2018
716,2039
716,2050
716,2064
716,2117
716,2126
716,2164
716,2198
716,2323
716,2346
716,2411
716,2556
716,2574
716,2584
716,2615
716,2616
716,2617
716,2618
716,2619
716,2620
716,2621
716,2622
716,2623
716,2624
716,2625
716,2626
717,14
717,23
717,45
717,69
717,163
717,179
717,189
717,217
717,242
717,264
717,266
717,284
717,294
717,318
717,328
717,334
717,336
717,494
717,663
717,815
717,924
717,951
717,1082
717,1102
717,1310
717,1795
717,1810
717,2122
717,2627
718,378
719,65
719,67
719,69
719,179
719,180
719,200
719,216
719,226
719,232
719,234
719,256
719,289
719,317
719,334
719,335
719,360
719,378
719,391
719,406
719,409
719,418
719,488
719,493
719,505
719,506
719,517
719,549
719,554
719,559
719,560
719,562
719,567
719,583
719,592
719,621
719,665
719,666
719,668
719,669
719,672
719,673
719,676
719,679
719,681
719,713
719,791
719,924
719,929
719,984
719,1002
719,1098
719,1151
719,1289
719,1301
719,1363
719,1370
719,2351
720,306
720,669
720,715
720,2367
721,428
721,681
721,964
721,1004
722,172
722,255
722,317
722,503
722,669
722,710
722,836
722,938
722,943
722,992
722,1008
722,1009
722,1140
722,1143
722,1796
723,216
723,259
723,628
723,741
723,965
723,1200
723,2509
724,70
724,165
724,244
724,386
724,406
724,489
724,678
724,759
724,841
724,1023
724,1058
724,1081
724,1096
724,1657
724,1662
725,406
725,759
725,836
725,1004
725,1081
725,2628
726,45
726,70
726,319
726,409
726,532
726,563
726,668
726,669
726,712
726,939
726,1311
726,1621
726,1809
726,1943
726,2306
727,178
727,269
727,409
727,485
727,490
727,606
727,613
727,712
727,713
727,782
727,812
727,827
727,841
727,938
727,943
727,1310
727,1315
727,1318
727,1370
727,1763
727,2099
727,2198
727,2217
728,45
728,388
728,608
728,610
728,616
728,620
728,636
728,688
728,738
728,759
728,917
728,942
728,1003
728,1098
728,1102
728,1105
728,1662
729,7
729,42
729,51
729,62
729,102
729,109
729,143
729,152
729,155
729,166
729,179
729,197
729,235
729,239
729,251
729,269
729,280
729,281
729,333
729,336
729,340
729,348
729,354
729,355
729,361
729,362
729,368
729,373
729,390
729,397
729,437
729,489
729,492
729,509
729,522
729,563
729,572
729,581
729,587
729,602
729,613
729,643
729,659
729,667
729,684
729,724
729,732
729,735
729,739
729,746
729,747
729,749
729,777
729,782
729,791
729,807
729,829
729,846
729,852
729,868
729,889
729,931
729,937
729,1024
729,1035
729,1039
729,1049
729,1070
729,1071
729,1075
729,1078
729,1098
729,1103
729,1130
729,1162
729,1169
729,1200
729,1246
729,1247
729,1261
729,1263
729,1311
729,1314
729,1335
729,1350
729,1352
729,1398
729,1410
729,1449
729,1470
729,1526
729,1550
729,1699
729,1716
729,1730
729,1736
729,1765
729,1771
729,1982
729,2010
729,2104
729,2218
729,2293
729,2300
729,2313
729,2432
729,2491
730,152
730,155
730,166
730,181
730,280
730,348
730,352
730,361
730,362
730,451
730,478
730,526
730,609
730,643
730,648
730,651
730,659
730,684
730,798
730,807
730,812
730,829
730,830
730,904
730,928
730,1130
730,1165
730,1166
730,1186
730,1200
730,1207
730,1208
730,1216
730,1227
730,1229
730,1331
730,1335
730,1338
730,1345
730,1371
730,1385
730,1398
730,1402
730,1410
730,1414
730,1418
730,1420
730,1435
730,1621
730,1659
730,1715
730,1716
730,1725
730,1749
730,1759
730,1846
730,2111
730,2144
730,2551
730,2552
731,388
731,607
731,615
731,617
731,738
731,749
731,750
731,968
731,1007
731,1023
731,1105
731,1820
732,45
732,62
732,152
732,155
732,256
732,306
732,362
732,373
732,388
732,397
732,415
732,435
732,457
732,466
732,508
732,571
732,581
732,586
732,606
732,620
732,646
732,647
732,652
732,658
732,690
732,708
732,741
732,751
732,760
732,763
732,778
732,873
732,888
732,906
732,909
732,928
732,1040
732,1049
732,1054
732,1067
732,1070
732,1164
732,1185
732,1201
732,1207
732,1216
732,1218
732,1219
732,1227
732,1236
732,1325
732,1326
732,1331
732,1332
732,1336
732,1339
732,1345
732,1346
732,1348
732,1349
732,1394
732,1414
732,1416
732,1422
732,1424
732,1425
732,1429
732,1434
732,1435
732,1436
732,1438
732,1441
732,1444
732,1451
732,1470
732,1472
732,1484
732,1486
732,1570
732,1616
732,1667
732,1668
732,1687
732,1705
732,1711
732,1712
732,1717
732,1718
732,1729
732,1733
732,1737
732,1785
732,1825
732,1895
732,2040
732,2126
732,2144
732,2156
732,2323
732,2335
732,2496
732,2555
732,2629
732,2630
732,2631
732,2632
732,2633
732,2634
732,2635
733,612
733,816
733,818
733,1102
733,1666
734,45
734,1681
734,2253
735,45
735,52
735,69
735,76
735,108
735,118
735,124
735,152
735,179
735,211
735,216
735,232
735,243
735,252
735,255
735,256
735,309
735,333
735,340
735,350
735,355
735,362
735,374
735,393
735,397
735,403
735,406
735,419
735,437
735,460
735,466
735,467
735,478
735,479
735,483
735,493
735,503
735,506
735,525
735,535
735,542
735,553
735,563
735,583
735,587
735,602
735,608
735,612
735,614
735,616
735,620
735,630
735,668
735,678
735,681
735,684
735,687
735,689
735,695
735,712
735,716
735,727
735,729
735,737
735,739
735,744
735,746
735,749
735,750
735,751
735,753
735,755
735,774
735,812
735,816
735,829
735,928
735,938
735,965
735,1014
735,1019
735,1023
735,1034
735,1043
735,1078
735,1079
735,1096
735,1140
735,1152
735,1163
735,1197
735,1306
735,1311
735,1315
735,1370
735,1621
735,1626
735,1680
735,1796
735,1846
735,1883
735,1895
735,2636
736,490
736,612
736,616
736,617
736,727
736,749
736,750
736,839
736,843
736,844
736,969
736,983
736,1043
736,1083
736,1103
736,1106
736,1375
736,1630
736,1658
736,1720
736,1895
736,2210
736,2211
736,2353
737,45
737,617
737,630
737,731
737,747
737,748
737,842
737,998
737,1112
737,1114
737,1883
737,1905
737,2637
738,77
738,178
738,215
738,386
738,388
738,406
738,478
738,490
738,575
738,605
738,693
738,728
738,731
738,737
738,744
738,749
738,809
738,816
738,841
738,843
738,852
738,886
738,914
738,917
738,968
738,998
738,1005
738,1034
738,1088
738,1098
738,1099
738,1103
738,1106
738,1112
738,1114
738,1145
738,1238
738,1665
738,1905
738,1958
738,2132
738,2192
738,2203
738,2289
738,2532
738,2564
738,2581
739,45
739,70
739,178
739,179
739,200
739,269
739,270
739,315
739,340
739,356
739,362
739,388
739,393
739,406
739,466
739,478
739,532
739,545
739,587
739,588
739,606
739,609
739,613
739,620
739,630
739,677
739,678
739,684
739,689
739,701
739,707
739,712
739,726
739,729
739,735
739,741
739,782
739,801
739,818
739,832
739,840
739,886
739,926
739,937
739,938
739,1003
739,1018
739,1054
739,1084
739,1130
739,1140
739,1142
739,1300
739,1307
739,1316
739,1363
739,1370
739,1821
739,2353
740,489
740,843
740,1100
740,1821
741,200
741,216
741,235
741,257
741,264
741,303
741,320
741,373
741,460
741,500
741,583
741,608
741,614
741,648
741,672
741,723
741,739
741,744
741,748
741,751
741,755
741,763
741,767
741,774
741,816
741,839
741,844
741,942
741,965
741,1014
741,1036
741,1041
741,1043
741,1078
741,1197
741,1379
741,1633
741,1681
741,1764
741,1839
741,1895
741,1935
741,2138
741,2207
741,2214
741,2247
741,2306
741,2638
741,2639
742,267
742,293
742,611
742,744
742,1034
742,1311
742,1666
743,503
743,504
743,616
743,746
743,748
743,1032
743,1180
743,1197
743,1589
743,1893
743,2040
744,62
744,163
744,267
744,272
744,478
744,553
744,602
744,612
744,738
744,741
744,748
744,749
744,750
744,751
744,755
744,757
744,812
744,841
744,843
744,844
744,883
744,903
744,988
744,1025
744,1032
744,1034
744,1043
744,1100
744,1112
744,1114
744,1197
744,1257
744,1311
744,1660
744,1666
744,1883
744,1895
744,1897
744,1906
744,1941
744,2211
744,2219
744,2640
745,616
745,617
745,829
745,968
745,998
745,1022
745,1958
745,2368
746,307
746,517
746,606
746,1031
746,2211
747,69
747,216
747,307
747,320
747,406
747,478
747,493
747,630
747,633
747,636
747,645
747,655
747,712
747,716
747,729
747,730
747,731
747,737
747,748
747,759
747,777
747,780
747,801
747,812
747,829
747,850
747,852
747,858
747,869
747,877
747,882
747,892
747,955
747,1014
747,1044
747,1045
747,1046
747,1052
747,1096
747,1100
747,1109
747,1246
747,1311
747,1439
747,1628
747,1712
747,1846
747,1896
747,1905
747,1959
747,2211
747,2217
747,2273
747,2330
747,2641
748,118
748,600
748,616
748,644
748,663
748,683
748,707
748,737
748,741
748,743
748,744
748,747
748,751
748,757
748,842
748,846
748,913
748,917
748,926
748,1036
748,1108
748,1112
748,1152
748,1197
748,1893
748,2211
748,2332
749,216
749,267
749,530
749,606
749,612
749,617
749,736
749,738
749,744
749,763
749,785
749,816
749,853
749,1034
749,1078
749,1107
749,1145
749,1152
749,1372
749,1666
749,1821
749,1877
749,1958
749,2211
750,125
750,216
750,307
750,401
750,467
750,563
750,628
750,663
750,713
750,735
750,744
750,753
750,756
750,757
750,818
750,839
750,842
750,843
750,844
750,1032
750,1100
750,1114
750,1197
750,1198
750,1374
750,1375
750,1666
750,1764
750,1894
750,2132
750,2211
750,2240
750,2308
750,2470
750,2644
750,2645
751,62
751,216
751,695
751,741
751,744
751,748
751,752
751,758
751,852
751,1029
751,1032
751,1041
751,1112
751,1197
751,1311
751,1905
752,631
752,632
752,642
752,647
752,751
752,899
752,1053
752,1344
753,455
753,509
753,610
753,750
753,830
753,843
753,884
753,938
753,1018
753,1021
753,1022
753,1028
753,1112
753,1145
753,1194
753,1198
753,1893
753,1895
753,1906
753,2200
753,2216
753,2303
753,2496
754,87
754,128
754,534
754,602
754,637
754,640
754,646
754,778
754,807
754,812
754,859
754,865
754,967
754,1023
754,1072
754,1158
754,1160
754,1170
754,1181
754,1183
754,1210
754,1216
754,1217
754,1220
754,1227
754,1228
754,1229
754,1231
754,1232
754,1233
754,1234
754,1236
754,1327
754,1329
754,1331
754,1332
754,1333
754,1343
754,1656
754,1687
754,1695
754,1699
754,1727
754,1784
754,1846
754,1919
754,1952
754,1968
754,1970
754,2103
754,2263
754,2305
754,2335
754,2572
754,2575
754,2576
754,2578
754,2590
754,2609
754,2616
754,2646
754,2647
754,2648
755,45
755,73
755,135
755,179
755,216
755,295
755,309
755,334
755,361
755,401
755,406
755,466
755,478
755,493
755,532
755,535
755,542
755,563
755,583
755,587
755,605
755,612
755,636
755,655
755,673
755,677
755,706
755,735
755,738
755,741
755,744
755,751
755,752
755,757
755,759
755,764
755,775
755,780
755,812
755,825
755,842
755,852
755,877
755,917
755,929
755,938
755,956
755,965
755,1005
755,1014
755,1025
755,1041
755,1058
755,1083
755,1101
755,1106
755,1107
755,1212
755,1237
755,1296
755,1311
755,1481
755,1630
755,1660
755,1681
755,1876
755,1893
755,1895
755,1942
755,1959
755,2110
755,2156
755,2213
755,2216
755,2232
755,2309
755,2457
755,2467
755,2470
755,2475
755,2505
756,45
756,985
756,1821
757,45
757,279
757,373
757,612
757,707
757,744
757,748
757,750
757,755
757,782
757,834
757,982
757,1025
757,1214
757,1390
757,1905
758,45
758,163
758,323
758,525
758,751
758,1038
758,1871
759,9
759,33
759,62
759,163
759,178
759,212
759,215
759,216
759,269
759,320
759,401
759,406
759,426
759,478
759,489
759,503
759,525
759,575
759,583
759,587
759,604
759,605
759,614
759,617
759,621
759,630
759,640
759,712
759,724
759,725
759,728
759,731
759,738
759,745
759,747
759,767
759,777
759,797
759,816
759,843
759,868
759,914
759,968
759,974
759,986
759,1004
759,1014
759,1019
759,1020
759,1023
759,1032
759,1034
759,1046
759,1078
759,1081
759,1093
759,1096
759,1107
759,1113
759,1237
759,1656
759,1660
759,1722
759,1780
759,1894
759,1958
759,2169
759,2222
759,2232
759,2639
759,2649
760,45
760,513
760,613
760,629
760,639
760,655
760,658
760,772
760,1002
760,1063
760,1384
760,2159
760,2216
760,2303
761,45
761,451
761,605
761,713
761,746
761,766
761,853
761,857
761,860
761,873
761,1047
761,1061
761,1191
761,1709
761,1904
761,1945
762,155
762,171
762,212
762,334
762,435
762,493
762,499
762,525
762,534
762,576
762,637
762,639
762,640
762,645
762,651
762,653
762,655
762,727
762,743
762,769
762,777
762,780
762,781
762,782
762,847
762,868
762,870
762,872
762,874
762,883
762,887
762,893
762,897
762,908
762,921
762,999
762,1025
762,1038
762,1039
762,1040
762,1041
762,1055
762,1066
762,1092
762,1120
762,1126
762,1130
762,1168
762,1169
762,1170
762,1201
762,1202
762,1203
762,1207
762,1208
762,1215
762,1228
762,1233
762,1236
762,1247
762,1253
762,1259
762,1260
762,1268
762,1273
762,1279
762,1282
762,1325
762,1327
762,1332
762,1342
762,1345
762,1401
762,1427
762,1442
762,1445
762,1449
762,1453
762,1460
762,1470
762,1475
762,1479
762,1492
762,1493
762,1501
762,1503
762,1504
762,1506
762,1507
762,1514
762,1515
762,1518
762,1519
762,1524
762,1525
762,1528
762,1529
762,1530
762,1531
762,1541
762,1544
762,1551
762,1554
762,1555
762,1564
762,1566
762,1570
762,1571
762,1577
762,1591
762,1592
762,1616
762,1651
762,1668
762,1706
762,1724
762,1725
762,1726
762,1738
762,1749
762,1774
762,1829
762,1833
762,1836
762,1897
762,1961
762,1981
762,2012
762,2026
762,2028
762,2029
762,2034
762,2037
762,2040
762,2044
762,2046
762,2052
762,2126
762,2242
762,2263
762,2341
762,2381
762,2385
762,2403
762,2407
762,2408
762,2524
762,2650
762,2651
762,2652
762,2653
762,2654
762,2655
762,2656
762,2657
763,168
763,194
763,312
763,373
763,409
763,448
763,467
763,468
763,605
763,630
763,679
763,738
763,741
763,749
763,759
763,764
763,766
763,780
763,797
763,807
763,816
763,849
763,955
763,1078
763,1106
763,1109
763,2183
763,2217
763,2659
764,45
764,401
764,571
764,636
764,642
764,755
764,763
764,766
764,768
764,769
764,770
764,771
764,779
764,780
764,797
764,848
764,849
764,850
764,852
764,854
764,869
764,1005
764,1010
764,1045
764,1070
764,1344
764,1370
764,1377
764,1660
764,1786
764,1846
764,1853
764,1958
764,1959
764,2156
764,2222
764,2269
764,2331
764,2355
764,2471
764,2526
764,2660
764,2661
765,642
765,648
765,968
766,62
766,605
766,636
766,672
766,761
766,763
766,780
766,801
766,849
766,850
766,968
766,1040
766,1203
766,1328
766,1378
766,2183
766,2268
766,2331
766,2615
767,240
767,267
767,503
767,592
767,622
767,678
767,741
767,934
767,983
767,1004
767,1140
767,1152
767,1292
767,1315
767,2198
767,2222
767,2330
767,2497
768,636
768,764
768,849
768,2219
768,2662
769,651
769,797
769,1038
769,2222
769,2253
770,45
770,437
770,460
770,553
770,588
770,605
770,607
770,615
770,616
770,621
770,642
770,645
770,653
770,677
770,678
770,679
770,693
770,759
770,764
770,801
770,812
770,840
770,851
770,869
770,872
770,892
770,897
770,963
770,974
770,1007
770,1014
770,1041
770,1077
770,1152
770,1292
770,1307
770,1311
770,1313
770,1331
770,1660
770,1931
770,2366
770,2478
770,2514
770,2518
770,2564
771,62
771,323
771,503
771,517
771,563
771,642
771,648
771,763
771,853
771,854
771,1002
771,1005
771,1076
771,1764
771,2000
771,2253
772,638
772,760
772,1045
772,2520
773,45
773,643
773,750
773,774
773,911
773,1039
773,1660
773,1961
773,1991
774,45
774,546
774,636
774,735
774,779
774,797
774,1113
774,2213
774,2273
774,2499
774,2663
775,45
775,575
775,606
775,642
775,755
775,1112
775,1203
775,2211
775,2290
776,45
776,401
776,645
776,658
776,854
776,870
776,903
776,1203
776,1320
776,1326
776,2503
777,14
777,33
777,45
777,216
777,243
777,256
777,259
777,264
777,308
777,315
777,320
777,334
777,373
777,388
777,406
777,435
777,442
777,448
777,478
777,487
777,490
777,493
777,503
777,525
777,553
777,575
777,605
777,607
777,608
777,609
777,612
777,614
777,615
777,630
777,638
777,640
777,642
777,678
777,684
777,692
777,712
777,713
777,716
777,729
777,731
777,743
777,744
777,746
777,747
777,749
777,750
777,753
777,755
777,759
777,778
777,780
777,797
777,812
777,826
777,831
777,834
777,843
777,846
777,849
777,852
777,854
777,858
777,860
777,868
777,991
777,1001
777,1007
777,1014
777,1023
777,1025
777,1026
777,1031
777,1034
777,1042
777,1046
777,1054
777,1065
777,1070
777,1078
777,1081
777,1089
777,1093
777,1094
777,1096
777,1098
777,1100
777,1102
777,1105
777,1109
777,1113
777,1151
777,1197
777,1200
777,1203
777,1216
777,1237
777,1311
777,1312
777,1358
777,1361
777,1373
777,1374
777,1494
777,1623
777,1644
777,1657
777,1660
777,1666
777,1667
777,1669
777,1670
777,1682
777,1683
777,1709
777,1712
777,1775
777,1793
777,1821
777,1822
777,1846
777,1871
777,1904
777,1905
777,1942
777,1958
777,2099
777,2102
777,2118
777,2140
777,2170
777,2221
777,2303
777,2330
777,2500
777,2658
777,2664
777,2665
778,192
778,357
778,526
778,648
778,651
778,653
778,656
778,754
778,777
778,797
778,909
778,1038
778,1040
778,1164
778,1170
778,1215
778,1227
778,1343
778,1390
778,1408
778,1455
778,1707
778,1718
778,1738
778,1744
778,1847
778,1972
778,2578
779,323
779,389
779,624
779,630
779,663
779,764
779,807
779,854
779,859
779,1046
779,1214
779,1237
779,1667
779,1846
779,1895
779,2267
779,2331
780,45
780,73
780,323
780,435
780,447
780,509
780,525
780,553
780,563
780,571
780,576
780,628
780,630
780,631
780,640
780,642
780,645
780,651
780,746
780,747
780,755
780,759
780,762
780,766
780,776
780,797
780,801
780,812
780,849
780,852
780,854
780,856
780,859
780,868
780,869
780,872
780,877
780,897
780,911
780,917
780,963
780,967
780,1040
780,1043
780,1045
780,1046
780,1081
780,1092
780,1130
780,1157
780,1166
780,1203
780,1266
780,1379
780,1382
780,1660
780,1667
780,1686
780,1726
780,1801
780,1959
780,1961
780,1974
780,2203
780,2225
780,2245
780,2267
780,2666
780,2667
781,45
781,100
781,121
781,250
781,323
781,397
781,435
781,478
781,513
781,608
781,613
781,618
781,640
781,656
781,695
781,716
781,735
781,747
781,762
781,763
781,782
781,812
781,829
781,853
781,866
781,879
781,904
781,906
781,907
781,909
781,955
781,1002
781,1018
781,1046
781,1060
781,1154
781,1166
781,1207
781,1215
781,1217
781,1247
781,1266
781,1295
781,1325
781,1342
781,1348
781,1350
781,1392
781,1394
781,1404
781,1412
781,1414
781,1466
781,1499
781,1730
781,1733
781,1749
781,1759
781,1894
781,1897
781,1942
781,2000
781,2006
781,2257
781,2405
781,2446
781,2600
781,2607
781,2645
782,45
782,163
782,165
782,171
782,312
782,323
782,362
782,397
782,406
782,435
782,440
782,493
782,526
782,602
782,613
782,616
782,620
782,640
782,643
782,658
782,659
782,684
782,712
782,727
782,729
782,739
782,749
782,752
782,757
782,762
782,781
782,798
782,829
782,847
782,896
782,900
782,904
782,907
782,909
782,1002
782,1030
782,1034
782,1035
782,1048
782,1057
782,1058
782,1059
782,1070
782,1130
782,1162
782,1180
782,1186
782,1207
782,1208
782,1215
782,1216
782,1219
782,1228
782,1235
782,1236
782,1247
782,1252
782,1254
782,1295
782,1325
782,1327
782,1329
782,1331
782,1333
782,1342
782,1344
782,1346
782,1350
782,1385
782,1390
782,1394
782,1398
782,1401
782,1402
782,1405
782,1409
782,1410
782,1411
782,1412
782,1416
782,1418
782,1429
782,1433
782,1435
782,1442
782,1448
782,1449
782,1450
782,1456
782,1459
782,1460
782,1462
782,1464
782,1469
782,1470
782,1475
782,1487
782,1489
782,1499
782,1638
782,1645
782,1648
782,1676
782,1711
782,1725
782,1728
782,1734
782,1741
782,1745
782,1759
782,1784
782,1785
782,1790
782,1831
782,1842
782,1958
782,1975
782,2122
782,2158
782,2167
782,2177
782,2178
782,2238
782,2304
782,2491
782,2550
782,2648
782,2659
782,2668
782,2669
782,2670
782,2671
782,2672
782,2673
783,44
784,37
784,130
784,381
785,134
785,206
786,49
787,0
787,458
788,248
789,0
789,95
789,219
789,223
789,226
789,307
789,317
789,457
789,473
789,478
789,570
789,673
789,679
789,687
789,807
789,816
789,827
789,1388
789,1793
789,1923
790,223
790,336
790,570
790,831
790,1032
790,1182
790,1224
790,1328
790,1332
790,1342
790,1372
790,1418
790,1938
791,46
791,57
791,60
791,124
791,149
791,163
791,172
791,177
791,181
791,212
791,221
791,225
791,233
791,246
791,248
791,252
791,258
791,281
791,288
791,321
791,334
791,346
791,356
791,410
791,415
791,442
791,454
791,484
791,600
791,681
791,719
791,731
791,1100
791,1938
792,331
792,701
793,26
793,59
793,225
793,226
793,422
793,495
793,810
794,311
794,471
794,476
794,494
794,532
794,669
794,932
794,2114
794,2206
795,77
795,125
795,176
795,189
795,217
795,242
795,267
795,380
795,390
795,393
795,561
795,567
795,681
795,1361
796,49
796,602
796,604
796,830
796,838
796,1019
796,1098
797,49
797,642
797,852
797,1722
797,2192
797,2218
798,49
798,155
798,362
798,535
798,639
798,640
798,643
798,658
798,730
798,877
798,907
798,999
798,1002
798,1042
798,1049
798,1051
798,1070
798,1130
798,1166
798,1187
798,1215
798,1235
798,1246
798,1322
798,1343
798,1385
798,1418
798,1442
798,1443
798,1508
798,1529
798,1668
798,1689
798,1759
798,1825
798,1856
798,2223
798,2378
798,2424
798,2600
799,45
799,49
799,393
799,904
799,1240
799,2345
799,2431
799,2598
800,204
800,339
800,2512
801,73
801,74
801,163
801,172
801,213
801,215
801,256
801,259
801,267
801,300
801,306
801,307
801,316
801,327
801,334
801,460
801,489
801,490
801,516
801,525
801,532
801,545
801,547
801,575
801,587
801,606
801,617
801,642
801,651
801,655
801,693
801,709
801,716
801,731
801,739
801,747
801,749
801,766
801,770
801,774
801,780
801,840
801,851
801,895
801,896
801,898
801,963
801,983
801,1020
801,1044
801,1046
801,1081
801,1096
801,1212
801,1310
801,1379
801,1395
801,1705
801,1786
801,1979
801,2183
801,2263
801,2290
801,2462
801,2674
802,189
802,195
802,409
802,511
802,831
803,52
803,117
803,989
804,67
804,73
804,118
804,224
804,247
804,260
804,261
804,307
804,335
804,340
804,391
804,415
804,418
804,437
804,469
804,551
804,598
804,678
804,815
804,819
804,828
804,943
804,1077
804,1086
804,1135
804,1310
804,1752
804,2191
805,0
805,52
805,242
805,449
805,517
805,973
806,336
806,394
807,75
807,165
807,253
807,383
807,417
807,448
807,492
807,499
807,534
807,603
807,613
807,615
807,633
807,653
807,663
807,679
807,685
807,722
807,724
807,748
807,759
807,763
807,779
807,804
807,831
807,859
807,865
807,868
807,872
807,878
807,883
807,908
807,928
807,986
807,1014
807,1051
807,1060
807,1074
807,1095
807,1096
807,1200
807,1212
807,1236
807,1320
807,1322
807,1690
807,1699
807,1771
807,1953
807,1970
807,2164
807,2246
807,2264
807,2493
807,2524
807,2540
807,2660
807,2675
808,210
808,280
808,294
808,295
808,415
808,443
808,538
808,1259
808,1273
808,1282
808,1556
808,1706
808,1753
808,2081
808,2381
808,2388
809,308
809,1661
810,60
810,77
810,156
810,179
810,207
810,215
810,216
810,222
810,223
810,226
810,232
810,247
810,255
810,258
810,279
810,289
810,295
810,308
810,324
810,354
810,356
810,361
810,379
810,382
810,383
810,391
810,403
810,405
810,411
810,412
810,418
810,432
810,458
810,465
810,471
810,501
810,506
810,542
810,547
810,549
810,561
810,565
810,566
810,668
810,681
810,719
810,788
810,793
810,926
810,960
810,961
810,1116
810,1238
810,1243
810,1370
810,1616
810,1674
810,1912
811,1661
812,45
812,62
812,73
812,74
812,136
812,152
812,166
812,178
812,211
812,216
812,252
812,255
812,264
812,270
812,280
812,340
812,362
812,368
812,373
812,383
812,403
812,406
812,409
812,460
812,478
812,503
812,513
812,525
812,532
812,553
812,583
812,586
812,587
812,606
812,608
812,613
812,630
812,635
812,640
812,643
812,645
812,667
812,677
812,684
812,716
812,727
812,730
812,731
812,735
812,737
812,738
812,744
812,747
812,754
812,755
812,770
812,777
812,780
812,781
812,782
812,804
812,810
812,846
812,868
812,869
812,872
812,898
812,937
812,938
812,939
812,940
812,942
812,955
812,965
812,983
812,1014
812,1018
812,1023
812,1026
812,1034
812,1037
812,1040
812,1046
812,1055
812,1072
812,1078
812,1089
812,1096
812,1098
812,1103
812,1106
812,1130
812,1153
812,1165
812,1170
812,1195
812,1197
812,1200
812,1202
812,1213
812,1214
812,1216
812,1229
812,1314
812,1327
812,1328
812,1338
812,1342
812,1343
812,1345
812,1348
812,1371
812,1390
812,1405
812,1409
812,1414
812,1418
812,1484
812,1656
812,1657
812,1658
812,1669
812,1677
812,1712
812,1727
812,1759
812,1771
812,1782
812,1791
812,1796
812,1844
812,1846
812,1889
812,1894
812,1906
812,1935
812,1942
812,1979
812,2118
812,2269
812,2362
812,2373
812,2494
812,2511
812,2524
812,2586
812,2599
812,2660
812,2676
813,437
814,390
814,627
814,702
815,717
815,804
816,52
816,60
816,62
816,101
816,125
816,127
816,171
816,208
816,225
816,234
816,250
816,257
816,352
816,359
816,406
816,415
816,448
816,459
816,460
816,499
816,501
816,505
816,506
816,507
816,536
816,537
816,546
816,547
816,553
816,563
816,611
816,617
816,701
816,713
816,733
816,736
816,738
816,741
816,759
816,763
816,809
816,841
816,893
816,978
816,983
816,1034
816,1078
816,1085
816,1101
816,1106
816,1114
816,1152
816,1254
816,1656
816,1713
816,1893
816,2148
816,2211
817,260
817,515
817,922
818,227
818,312
818,334
818,352
818,406
818,731
818,733
818,739
818,750
818,913
818,968
818,1022
818,1078
818,1096
818,1098
818,1106
818,1114
818,1194
818,1636
818,2219
819,75
819,155
819,228
819,270
819,334
819,346
819,348
819,352
819,383
819,479
819,557
819,565
819,566
819,668
819,680
819,704
819,804
819,1151
819,1300
819,1363
819,1621
819,1895
819,1959
820,485
821,470
821,574
821,666
821,2469
822,160
822,581
822,919
823,335
823,488
823,494
823,663
823,676
824,588
824,940
824,1004
824,2232
825,336
825,455
825,467
825,487
825,583
825,606
825,672
825,1008
825,2306
826,68
826,386
826,483
826,517
826,575
826,750
826,777
826,914
826,1032
826,1041
826,1570
826,1896
826,2148
826,2217
826,2298
826,2600
826,2677
827,23
827,125
827,152
827,178
827,259
827,378
827,383
827,388
827,460
827,478
827,494
827,553
827,592
827,668
827,669
827,678
827,681
827,701
827,727
827,789
827,836
827,843
827,997
827,1078
827,1102
827,1118
827,1143
827,1151
827,1310
827,1314
827,1315
827,1356
827,1364
827,1624
827,1680
827,1806
827,1878
827,1921
827,1935
828,43
828,172
828,255
828,303
828,311
828,477
828,575
828,599
828,621
828,666
828,687
828,804
828,843
828,1141
828,1635
828,1791
828,1795
828,2108
828,2679
829,49
829,128
829,149
829,155
829,166
829,207
829,243
829,323
829,357
829,362
829,373
829,382
829,386
829,429
829,433
829,460
829,466
829,467
829,478
829,484
829,493
829,526
829,563
829,581
829,616
829,620
829,623
829,637
829,643
829,645
829,656
829,658
829,659
829,660
829,686
829,693
829,714
829,716
829,729
829,730
829,737
829,745
829,747
829,748
829,765
829,766
829,774
829,780
829,781
829,782
829,789
829,790
829,798
829,847
829,848
829,859
829,861
829,866
829,868
829,896
829,906
829,910
829,914
829,928
829,943
829,1013
829,1023
829,1024
829,1025
829,1046
829,1051
829,1058
829,1059
829,1067
829,1070
829,1071
829,1078
829,1081
829,1103
829,1108
829,1112
829,1130
829,1141
829,1152
829,1165
829,1169
829,1184
829,1194
829,1197
829,1207
829,1212
829,1215
829,1216
829,1220
829,1221
829,1222
829,1228
829,1229
829,1232
829,1233
829,1236
829,1257
829,1329
829,1330
829,1331
829,1333
829,1337
829,1345
829,1346
829,1349
829,1350
829,1371
829,1390
829,1408
829,1409
829,1410
829,1412
829,1414
829,1416
829,1435
829,1451
829,1621
829,1659
829,1686
829,1705
829,1711
829,1737
829,1749
829,1759
829,1764
829,1809
829,1882
829,1903
829,1968
829,2184
829,2225
829,2270
829,2299
829,2335
829,2368
829,2504
829,2548
829,2550
829,2564
829,2569
829,2576
829,2680
829,2681
829,2682
829,2683
830,406
830,489
830,532
830,583
830,586
830,615
830,622
830,668
830,678
830,730
830,731
830,753
830,796
830,934
830,938
830,974
830,1021
830,1046
830,1087
830,1114
830,1140
830,1292
830,1316
830,1893
830,1905
830,1922
830,2132
831,67
831,264
831,269
831,318
831,319
831,320
831,359
831,386
831,409
831,448
831,471
831,487
831,488
831,570
831,604
831,605
831,617
831,678
831,790
831,807
831,836
831,929
831,940
831,1004
831,1012
831,1019
831,1020
831,1022
831,1079
831,1083
831,1935
831,2099
831,2199
831,2380
832,320
832,503
832,609
832,1065
832,1084
832,1095
833,316
833,387
833,442
833,947
833,1098
833,1102
833,1306
834,244
834,386
834,588
834,611
834,612
834,710
834,842
834,843
834,1020
834,1065
834,1085
834,1112
834,1665
834,2496
834,2684
835,1081
836,503
836,559
836,722
836,725
836,827
836,831
836,1019
836,1083
836,1085
836,1141
837,1763
837,1776
837,1822
837,2686
838,275
838,380
838,418
838,634
838,796
838,843
838,926
838,963
838,1036
838,1130
838,1195
838,1328
838,1402
838,1412
838,1420
838,1577
838,1733
838,1846
838,1851
838,1920
838,2019
839,406
839,612
839,640
839,736
839,741
839,750
839,843
839,1014
839,1175
839,1198
839,1361
839,1372
840,460
840,468
840,489
840,503
840,532
840,602
840,616
840,677
840,737
840,739
840,770
840,801
840,829
840,1058
840,1196
840,1197
840,1311
840,1374
840,1398
840,1504
840,1670
840,1681
840,1882
840,2687
841,264
841,490
841,553
841,605
841,611
841,724
841,727
841,738
841,740
841,744
841,746
841,816
841,843
841,845
841,926
841,974
841,1022
841,1034
841,1058
841,1094
841,1112
841,1184
841,1303
841,1662
841,1872
841,1882
841,2490
841,2688
842,189
842,216
842,389
842,495
842,564
842,690
842,737
842,748
842,750
842,834
842,951
842,1005
842,1031
842,1034
842,1114
842,1145
842,1148
842,1197
842,1311
842,1666
842,1802
842,1893
842,1913
842,2109
842,2110
842,2459
842,2470
842,2496
842,2532
843,178
843,216
843,307
843,320
843,339
843,406
843,409
843,432
843,435
843,467
843,532
843,567
843,575
843,605
843,611
843,612
843,613
843,615
843,616
843,617
843,634
843,710
843,725
843,727
843,738
843,740
843,744
843,750
843,751
843,753
843,759
843,827
843,828
843,834
843,839
843,841
843,842
843,847
843,934
843,939
843,994
843,998
843,1005
843,1012
843,1015
843,1022
843,1025
843,1046
843,1065
843,1078
843,1081
843,1093
843,1099
843,1103
843,1105
843,1110
843,1112
843,1114
843,1145
843,1173
843,1196
843,1237
843,1238
843,1363
843,1666
843,1670
843,1721
843,1834
843,1872
843,1893
843,1895
843,1920
843,1941
843,1958
843,2232
843,2258
843,2289
843,2323
843,2353
843,2496
843,2677
843,2684
844,617
844,736
844,741
844,744
844,750
844,839
844,1021
844,1032
844,1034
844,1110
844,1112
844,1197
844,1375
844,1883
844,1895
844,2211
844,2496
844,2532
845,575
845,576
845,605
845,621
845,841
845,903
845,1032
845,1152
845,1871
846,606
846,748
847,289
847,409
847,428
847,432
847,535
847,576
847,582
847,596
847,599
847,603
847,633
847,636
847,640
847,642
847,643
847,655
847,696
847,716
847,743
847,760
847,762
847,773
847,777
847,780
847,782
847,829
847,843
847,857
847,861
847,870
847,872
847,889
847,895
847,906
847,907
847,931
847,1013
847,1026
847,1035
847,1039
847,1130
847,1165
847,1200
847,1202
847,1208
847,1254
847,1258
847,1308
847,1319
847,1322
847,1344
847,1346
847,1349
847,1376
847,1398
847,1401
847,1412
847,1435
847,1449
847,1458
847,1459
847,1461
847,1469
847,1472
847,1477
847,1479
847,1481
847,1489
847,1501
847,1503
847,1528
847,1529
847,1534
847,1577
847,1649
847,1728
847,1733
847,1737
847,1759
847,1762
847,1764
847,1765
847,1766
847,1784
847,1842
847,1888
847,1992
847,1994
847,1995
847,2026
847,2151
847,2153
847,2160
847,2180
847,2190
847,2258
847,2285
847,2479
847,2543
847,2550
847,2603
847,2683
847,2689
847,2690
848,646
848,764
848,861
848,890
848,896
848,914
848,969
848,1023
848,1036
848,1160
848,1170
848,1207
848,1217
848,1228
848,1231
848,1233
848,1323
848,1420
848,1782
848,1898
848,1979
848,2102
848,2164
848,2273
848,2460
848,2658
849,319
849,406
849,553
849,605
849,651
849,763
849,766
849,768
849,777
849,780
849,850
849,851
849,853
849,869
849,887
849,903
849,955
849,1036
849,1041
849,1043
849,1045
849,1081
849,1102
849,1152
849,1905
849,1959
849,2218
849,2221
849,2331
849,2372
849,2477
849,2641
849,2659
849,2691
849,2692
850,216
850,605
850,766
850,849
850,1038
850,1905
850,2182
850,2183
850,2245
850,2592
850,2693
851,605
851,642
851,801
851,1311
851,2158
851,2694
852,216
852,563
852,614
852,630
852,642
852,643
852,731
852,738
852,747
852,751
852,755
852,777
852,780
852,797
852,846
852,859
852,877
852,931
852,1032
852,1034
852,1059
852,1106
852,1163
852,1311
852,1407
852,1660
852,1791
852,1844
852,1959
852,2106
852,2223
852,2384
853,62
853,163
853,605
853,617
853,727
853,746
853,749
853,761
853,781
853,849
853,955
853,1076
853,1666
853,1717
853,1823
853,1839
853,1893
853,1896
853,1913
853,2155
853,2169
854,651
854,764
854,776
854,970
854,1010
854,1042
854,1043
854,1204
854,1667
854,1686
854,2137
854,2298
854,2503
854,2504
854,2521
854,2695
855,1063
855,1844
856,766
856,780
856,869
857,166
857,761
857,847
857,863
857,1013
857,1016
857,1667
857,2183
857,2489
858,571
858,1316
858,1846
858,2222
859,266
859,379
859,395
859,526
859,554
859,633
859,638
859,639
859,754
859,764
859,779
859,780
859,807
859,1047
859,1061
859,1217
859,1218
859,1227
859,1230
859,1232
859,1289
859,1329
859,1656
859,1686
859,1708
859,1723
859,1785
859,2163
859,2177
859,2222
859,2471
859,2474
859,2534
859,2576
859,2615
859,2696
859,2697
860,900
860,917
860,1052
860,1684
861,535
861,599
861,642
861,645
861,648
861,655
861,848
861,868
861,926
861,1002
861,1025
861,1040
861,1049
861,1058
861,1160
861,1162
861,1164
861,1170
861,1202
861,1207
861,1211
861,1214
861,1215
861,1247
861,1322
861,1345
861,1348
861,1390
861,1394
861,1397
861,1401
861,1402
861,1472
861,1696
861,1699
861,1784
861,1969
861,2134
861,2494
861,2570
861,2698
862,639
862,645
862,1952
862,2516
863,857
863,1166
863,1759
864,882
864,2462
865,380
865,448
865,640
865,754
865,807
865,870
865,907
865,912
865,1026
865,1029
865,1032
865,1040
865,1051
865,1349
865,1384
865,1630
865,1845
865,2169
865,2262
865,2332
865,2462
865,2699
866,440
866,525
866,576
866,643
866,770
866,773
866,906
866,928
866,969
866,1039
866,1130
866,1166
866,1200
866,1215
866,1236
866,1247
866,1335
866,1386
866,1398
866,1424
866,1425
866,1435
866,1440
866,1449
866,1486
866,1709
866,1717
866,1718
866,1770
866,1859
866,1968
866,1982
866,1983
866,2134
866,2167
866,2287
866,2478
866,2674
867,633
867,640
867,644
867,653
867,752
867,868
867,898
867,969
867,1749
867,2234
868,3
868,163
868,428
868,493
868,575
868,606
868,612
868,613
868,630
868,643
868,655
868,656
868,690
868,724
868,728
868,748
868,749
868,759
868,760
868,762
868,780
868,828
868,829
868,866
868,867
868,904
868,908
868,926
868,1003
868,1020
868,1023
868,1081
868,1090
868,1154
868,1207
868,1261
868,1391
868,1398
868,1660
868,1662
868,1667
868,1763
868,1834
868,1844
868,2017
868,2169
868,2203
868,2269
868,2298
868,2414
868,2477
868,2491
868,2700
869,62
869,264
869,435
869,526
869,553
869,605
869,613
869,639
869,645
869,649
869,651
869,692
869,713
869,744
869,746
869,747
869,749
869,750
869,761
869,763
869,764
869,767
869,769
869,770
869,777
869,778
869,780
869,797
869,816
869,846
869,849
869,852
869,856
869,859
869,860
869,887
869,892
869,897
869,903
869,967
869,1010
869,1016
869,1026
869,1034
869,1038
869,1040
869,1047
869,1059
869,1107
869,1201
869,1358
869,1667
869,1686
869,1726
869,1786
869,1834
869,1839
869,1846
869,1896
869,1904
869,1906
869,1952
869,1963
869,2110
869,2148
869,2270
869,2303
869,2330
869,2516
869,2526
869,2540
869,2701
869,2702
870,74
870,115
870,383
870,410
870,525
870,606
870,613
870,630
870,631
870,632
870,633
870,639
870,645
870,649
870,651
870,657
870,658
870,716
870,752
870,762
870,776
870,780
870,847
870,852
870,865
870,868
870,874
870,878
870,882
870,892
870,897
870,903
870,911
870,1032
870,1034
870,1043
870,1044
870,1046
870,1047
870,1107
870,1157
870,1160
870,1169
870,1200
870,1201
870,1202
870,1207
870,1236
870,1320
870,1349
870,1382
870,1387
870,1388
870,1391
870,1470
870,1570
870,1661
870,1784
870,1964
870,1975
870,2102
870,2154
870,2245
870,2512
870,2534
870,2538
870,2565
870,2703
870,2704
871,216
871,388
871,657
871,696
871,1306
871,1802
871,1821
871,1893
872,87
872,166
872,272
872,405
872,435
872,457
872,566
872,599
872,621
872,642
872,651
872,654
872,666
872,762
872,770
872,780
872,807
872,812
872,899
872,907
872,926
872,1055
872,1190
872,1319
872,1632
872,1660
872,1782
872,1834
872,1885
872,1991
872,2707
872,2708
873,334
873,653
873,716
873,732
873,1040
873,1060
873,1063
873,1159
873,1170
873,1222
873,1325
873,1343
873,1349
873,1388
873,1644
873,1693
873,1779
873,1846
873,1969
873,2635
873,2699
873,2709
873,2710
874,647
874,653
874,876
874,882
874,885
874,898
874,1489
874,2613
875,54
875,115
875,166
875,586
875,648
875,716
875,904
875,1030
875,1046
875,1052
875,1060
875,1061
875,1158
875,1159
875,1161
875,1329
875,1332
875,1339
875,1344
875,1388
875,1436
875,1450
875,1525
875,1548
875,1724
875,1904
875,1913
875,2175
875,2374
875,2464
875,2670
876,898
876,1726
877,53
877,110
877,115
877,118
877,122
877,124
877,152
877,155
877,163
877,180
877,181
877,189
877,195
877,211
877,215
877,218
877,239
877,256
877,264
877,278
877,280
877,281
877,313
877,323
877,340
877,352
877,355
877,361
877,362
877,368
877,373
877,382
877,386
877,410
877,412
877,419
877,423
877,454
877,466
877,467
877,468
877,483
877,499
877,505
877,506
877,509
877,526
877,535
877,555
877,562
877,563
877,594
877,612
877,615
877,616
877,617
877,637
877,640
877,651
877,656
877,659
877,662
877,663
877,669
877,678
877,684
877,685
877,686
877,688
877,701
877,708
877,712
877,716
877,727
877,730
877,737
877,739
877,743
877,747
877,749
877,757
877,762
877,770
877,774
877,777
877,780
877,782
877,798
877,816
877,825
877,844
877,852
877,868
877,891
877,906
877,915
877,926
877,928
877,939
877,965
877,999
877,1015
877,1023
877,1026
877,1035
877,1039
877,1040
877,1044
877,1046
877,1050
877,1051
877,1057
877,1058
877,1070
877,1078
877,1096
877,1103
877,1146
877,1150
877,1159
877,1162
877,1163
877,1167
877,1186
877,1200
877,1201
877,1206
877,1208
877,1222
877,1236
877,1252
877,1255
877,1268
877,1273
877,1279
877,1293
877,1327
877,1337
877,1343
877,1404
877,1408
877,1409
877,1414
877,1427
877,1428
877,1433
877,1435
877,1441
877,1445
877,1453
877,1470
877,1471
877,1472
877,1473
877,1476
877,1477
877,1481
877,1482
877,1483
877,1489
877,1492
877,1493
877,1496
877,1500
877,1503
877,1504
877,1507
877,1519
877,1525
877,1526
877,1528
877,1529
877,1533
877,1537
877,1610
877,1646
877,1651
877,1660
877,1690
877,1693
877,1711
877,1712
877,1732
877,1756
877,1765
877,1773
877,1774
877,1830
877,1837
877,1842
877,1849
877,1850
877,1855
877,1894
877,1904
877,1908
877,1960
877,1982
877,2012
877,2013
877,2112
877,2118
877,2180
877,2184
877,2203
877,2207
877,2320
877,2379
877,2390
877,2401
877,2462
877,2529
877,2555
877,2682
877,2711
877,2712
878,888
878,1184
878,1186
878,1352
878,1433
878,1443
878,1451
878,1469
878,2032
878,2160
878,2409
878,2414
878,2623
878,2713
878,2714
878,2715
878,2716
878,2717
878,2718
878,2719
879,222
879,234
879,397
879,501
879,621
879,643
879,781
879,1035
879,1162
879,1322
879,1406
879,1759
879,2285
880,1692
880,2443
880,2675
881,2524
882,250
882,383
882,448
882,534
882,632
882,644
882,645
882,648
882,650
882,653
882,655
882,858
882,868
882,870
882,873
882,874
882,880
882,881
882,888
882,891
882,892
882,898
882,903
882,917
882,931
882,967
882,1052
882,1060
882,1159
882,1205
882,1322
882,1657
882,1671
882,1687
882,1693
882,1694
882,1969
882,2184
882,2234
882,2303
882,2332
882,2463
882,2539
882,2720
883,642
883,650
883,653
883,712
883,744
883,807
883,907
883,1013
883,1039
883,1055
883,1765
883,1898
883,2184
883,2269
884,614
884,653
884,746
884,753
884,816
884,898
884,1032
884,1687
884,1893
884,1906
884,1951
884,2217
884,2357
885,653
885,658
885,898
886,62
886,118
886,206
886,442
886,489
886,610
886,677
886,731
886,738
886,739
886,900
886,932
886,974
886,1087
886,1088
886,1231
886,1356
886,2182
886,2203
887,71
887,761
887,849
887,910
887,969
887,1038
887,1170
887,1183
887,1391
887,1395
887,1725
887,1786
887,1920
887,2161
888,448
888,653
888,732
888,878
888,882
888,898
888,1157
888,2540
888,2721
889,1
889,45
889,52
889,67
889,155
889,171
889,228
889,251
889,280
889,332
889,362
889,382
889,383
889,418
889,433
889,486
889,503
889,509
889,554
889,575
889,599
889,616
889,643
889,647
889,653
889,656
889,659
889,663
889,672
889,678
889,684
889,688
889,708
889,713
889,716
889,727
889,730
889,732
889,743
889,752
889,766
889,770
889,777
889,780
889,781
889,797
889,828
889,829
889,847
889,861
889,866
889,868
889,877
889,885
889,912
889,926
889,963
889,983
889,1020
889,1023
889,1024
889,1032
889,1057
889,1060
889,1070
889,1098
889,1109
889,1150
889,1156
889,1157
889,1159
889,1160
889,1165
889,1169
889,1174
889,1186
889,1207
889,1208
889,1236
889,1243
889,1250
889,1254
889,1255
889,1256
889,1264
889,1320
889,1331
889,1344
889,1351
889,1394
889,1401
889,1413
889,1430
889,1440
889,1445
889,1449
889,1463
889,1470
889,1471
889,1472
889,1477
889,1482
889,1484
889,1500
889,1501
889,1508
889,1510
889,1511
889,1515
889,1532
889,1550
889,1632
889,1646
889,1651
889,1662
889,1668
889,1689
889,1711
889,1716
889,1731
889,1737
889,1749
889,1758
889,1762
889,1793
889,1809
889,1821
889,1824
889,1850
889,1852
889,1856
889,1903
889,1984
889,1987
889,2018
889,2164
889,2166
889,2168
889,2180
889,2187
889,2188
889,2190
889,2275
889,2299
889,2300
889,2303
889,2449
889,2481
889,2491
889,2543
889,2551
889,2648
889,2722
889,2723
889,2724
890,87
890,323
890,534
890,613
890,631
890,645
890,848
890,867
890,899
890,1025
890,1051
890,1159
890,1160
890,1163
890,1200
890,1205
890,1213
890,1218
890,1228
890,1289
890,1342
890,1345
890,1390
890,1398
890,1418
890,1621
890,1644
890,1696
890,1699
890,1725
890,1768
890,1844
890,1952
890,2102
890,2184
890,2262
890,2263
890,2270
890,2301
890,2302
890,2494
890,2590
890,2725
890,2726
890,2727
891,250
891,608
891,631
891,639
891,645
891,882
891,2273
891,2503
891,2516
891,2576
891,2686
892,634
892,642
892,643
892,644
892,645
892,651
892,657
892,658
892,770
892,882
892,903
892,1067
892,1201
892,1236
892,1289
892,2728
893,292
893,448
893,816
893,1063
893,1066
893,1068
893,1207
893,1975
893,2355
893,2494
893,2571
894,45
894,67
894,74
894,117
894,172
894,178
894,197
894,308
894,387
894,549
894,553
894,563
894,606
894,617
894,632
894,634
894,639
894,642
894,645
894,649
894,653
894,656
894,657
894,693
894,712
894,713
894,731
894,737
894,738
894,750
894,770
894,796
894,812
894,830
894,852
894,876
894,885
894,1010
894,1018
894,1023
894,1117
894,1306
894,1373
894,1662
894,1686
894,1952
894,2184
894,2192
894,2306
894,2363
894,2516
895,801
895,897
895,898
895,1693
895,1779
895,1964
895,2290
895,2675
896,243
896,642
896,848
896,1055
896,1207
896,1216
896,1329
896,1344
896,1348
896,1415
896,1711
896,1733
896,1851
896,2729
897,323
897,383
897,435
897,525
897,640
897,760
897,762
897,770
897,780
897,807
897,865
897,870
897,928
897,1047
897,1060
897,1066
897,1166
897,1323
897,1331
897,1340
897,1394
897,1660
897,1699
897,1784
897,1786
897,1842
897,2000
897,2263
897,2264
897,2285
897,2443
897,2725
898,448
898,653
898,654
898,801
898,867
898,874
898,876
898,881
898,882
898,884
898,885
898,888
898,895
898,899
898,969
898,1066
898,1157
898,1170
898,1671
898,1692
898,1695
898,1703
898,1952
898,1964
898,1969
898,2024
898,2134
898,2135
898,2171
898,2220
898,2262
898,2284
898,2290
898,2524
898,2538
898,2573
898,2700
898,2711
898,2720
898,2730
898,2731
899,752
899,890
899,898
899,1200
899,1306
899,1786
899,2666
900,2102
900,2234
900,2732
901,967
901,2234
902,1217
902,1717
903,605
903,613
903,633
903,635
903,651
903,744
903,776
903,845
903,849
903,892
903,900
903,931
903,1032
903,1104
903,1152
903,1306
903,2223
903,2565
904,38
904,53
904,115
904,155
904,159
904,192
904,289
904,312
904,334
904,362
904,383
904,429
904,432
904,435
904,493
904,499
904,509
904,526
904,587
904,648
904,659
904,660
904,679
904,730
904,743
904,762
904,780
904,782
904,798
904,829
904,852
904,873
904,889
904,909
904,921
904,980
904,1013
904,1015
904,1030
904,1039
904,1049
904,1056
904,1057
904,1060
904,1070
904,1120
904,1122
904,1123
904,1124
904,1126
904,1130
904,1150
904,1164
904,1166
904,1186
904,1199
904,1203
904,1208
904,1247
904,1252
904,1253
904,1260
904,1272
904,1274
904,1281
904,1284
904,1310
904,1329
904,1339
904,1340
904,1342
904,1350
904,1385
904,1398
904,1402
904,1404
904,1407
904,1409
904,1416
904,1419
904,1422
904,1426
904,1433
904,1435
904,1438
904,1439
904,1440
904,1449
904,1450
904,1451
904,1452
904,1453
904,1457
904,1458
904,1461
904,1463
904,1464
904,1465
904,1466
904,1469
904,1470
904,1472
904,1475
904,1477
904,1482
904,1485
904,1486
904,1499
904,1519
904,1520
904,1522
904,1525
904,1529
904,1530
904,1537
904,1539
904,1544
904,1552
904,1560
904,1564
904,1569
904,1570
904,1574
904,1577
904,1588
904,1603
904,1640
904,1641
904,1648
904,1665
904,1695
904,1703
904,1705
904,1709
904,1723
904,1724
904,1728
904,1729
904,1733
904,1734
904,1735
904,1738
904,1739
904,1741
904,1742
904,1745
904,1750
904,1768
904,1770
904,1772
904,1781
904,1785
904,1830
904,1849
904,1859
904,1867
904,1898
904,1920
904,1981
904,1994
904,2010
904,2018
904,2019
904,2050
904,2078
904,2081
904,2091
904,2107
904,2125
904,2163
904,2164
904,2177
904,2189
904,2242
904,2388
904,2392
904,2417
904,2431
904,2433
904,2446
904,2551
904,2555
904,2600
904,2619
904,2625
904,2650
904,2682
904,2707
904,2733
904,2734
904,2735
904,2736
904,2737
904,2738
904,2739
904,2740
904,2741
904,2742
904,2743
904,2744
904,2745
904,2746
904,2747
905,660
905,1222
905,1223
905,1251
905,1402
905,1446
905,1450
905,1452
905,1455
905,1456
905,1459
905,1589
905,1718
905,1786
905,1831
905,2303
905,2555
905,2648
905,2670
905,2748
905,2749
906,397
906,621
906,640
906,643
906,644
906,659
906,684
906,696
906,732
906,752
906,770
906,781
906,838
906,847
906,866
906,892
906,905
906,908
906,1014
906,1054
906,1073
906,1162
906,1165
906,1197
906,1207
906,1215
906,1221
906,1236
906,1324
906,1330
906,1347
906,1392
906,1398
906,1405
906,1412
906,1451
906,1676
906,1691
906,1715
906,1759
906,2145
906,2285
906,2551
907,62
907,165
907,264
907,328
907,397
907,433
907,435
907,448
907,493
907,525
907,612
907,613
907,631
907,633
907,634
907,643
907,645
907,653
907,655
907,657
907,658
907,706
907,730
907,748
907,752
907,781
907,782
907,797
907,798
907,865
907,872
907,883
907,885
907,891
907,904
907,908
907,911
907,928
907,966
907,1038
907,1039
907,1051
907,1054
907,1055
907,1059
907,1060
907,1063
907,1145
907,1161
907,1210
907,1215
907,1345
907,1376
907,1390
907,1409
907,1453
907,1695
907,1760
907,1777
907,1786
907,1877
907,1896
907,1942
907,2108
907,2164
907,2269
907,2270
907,2271
907,2493
907,2519
907,2527
907,2564
907,2607
907,2750
907,2751
908,323
908,655
908,762
908,807
908,906
908,907
908,1465
908,1505
909,357
909,656
909,732
909,778
909,781
909,904
909,963
909,1025
909,1040
909,1056
909,1058
909,1061
909,1067
909,1227
909,1236
909,1247
909,1342
909,1345
909,1348
909,1350
909,1398
909,1409
909,1414
909,1420
909,1431
909,1449
909,1711
909,1733
909,1734
909,1739
909,1771
909,1852
909,2136
909,2335
909,2373
909,2495
909,2552
909,2576
909,2609
909,2739
909,2752
909,2753
910,648
910,1153
910,1842
910,2699
911,534
911,571
911,613
911,630
911,642
911,649
911,651
911,658
911,762
911,773
911,776
911,780
911,826
911,870
911,898
911,907
911,960
911,1052
911,1231
911,1331
911,1340
911,1346
911,1382
911,1959
911,2182
911,2323
911,2508
911,2541
911,2666
912,613
912,633
912,640
912,646
912,655
912,656
912,696
912,967
912,1025
912,1048
912,1052
912,1055
912,1159
912,1210
912,1325
912,1621
912,1684
912,1696
912,1786
912,1919
912,1969
912,2108
912,2164
912,2263
912,2264
912,2572
912,2675
912,2754
913,204
913,424
913,679
913,683
913,2138
914,605
914,738
914,759
914,1152
914,2169
914,2637
915,1252
915,1336
915,1353
915,1402
915,1443
915,1446
915,1455
915,1650
915,1772
915,1773
915,1774
915,1983
915,2418
915,2749
915,2755
915,2756
916,24
916,250
916,255
916,415
917,178
917,306
917,323
917,448
917,482
917,513
917,532
917,535
917,553
917,587
917,609
917,612
917,613
917,630
917,642
917,648
917,655
917,658
917,695
917,726
917,728
917,738
917,748
917,752
917,755
917,832
917,860
917,892
917,897
917,965
917,998
917,1014
917,1034
917,1051
917,1063
917,1146
917,1196
917,1212
917,1237
917,1311
917,1389
917,1489
917,1621
917,1671
917,1802
917,1845
917,2017
917,2197
917,2264
917,2350
917,2467
917,2573
918,214
919,68
919,218
919,295
919,524
919,822
919,935
919,1408
920,48
921,1122
921,1126
921,1161
921,1258
921,1433
921,1487
921,1491
921,1504
921,1537
921,1546
921,1565
921,1579
921,1600
921,1868
921,2687
921,2757
921,2758
921,2759
921,2760
921,2761
921,2762
922,56
922,128
922,255
922,261
922,416
923,57
923,206
923,449
924,56
924,69
924,71
924,125
924,181
924,210
924,226
924,250
924,251
924,300
924,333
924,346
924,379
924,394
924,428
924,465
924,480
924,495
924,549
924,627
924,681
924,719
924,961
924,2468
925,178
925,296
925,429
925,470
925,478
925,575
925,576
925,587
925,621
925,663
925,796
925,849
925,868
925,935
925,1103
925,1149
925,1238
925,1636
925,1802
925,2478
926,70
926,73
926,115
926,211
926,212
926,213
926,216
926,256
926,257
926,266
926,323
926,383
926,412
926,428
926,432
926,472
926,489
926,490
926,535
926,553
926,606
926,630
926,644
926,653
926,679
926,693
926,738
926,739
926,748
926,810
926,838
926,841
926,861
926,872
926,877
926,889
926,1059
926,1078
926,1084
926,1096
926,1106
926,1114
926,1238
926,1319
926,1322
926,1905
926,2190
926,2579
927,468
928,42
928,56
928,122
928,310
928,348
928,362
928,373
928,433
928,471
928,493
928,555
928,562
928,684
928,708
928,730
928,732
928,798
928,866
928,877
928,897
928,907
928,1057
928,1161
928,1166
928,1200
928,1325
928,1331
928,1344
928,1345
928,1352
928,1390
928,1412
928,1425
928,1426
928,1436
928,1458
928,1472
928,1699
928,1703
928,1709
928,1710
928,1717
928,1718
928,1734
928,1759
928,1771
928,1772
928,2104
928,2135
928,2550
929,67
929,216
929,266
929,388
929,429
929,484
929,488
929,532
929,535
929,543
929,560
929,631
929,659
929,665
929,689
929,715
929,719
929,831
929,968
929,981
929,983
929,984
929,991
929,1003
929,1081
929,1086
929,1315
929,1377
929,2104
929,2129
929,2231
930,226
930,403
930,468
930,1297
931,465
931,470
931,475
931,526
931,649
931,852
931,1038
931,1170
931,1201
931,1207
931,1386
931,1504
931,1787
932,266
932,340
932,373
932,384
932,393
932,403
932,465
932,479
932,565
932,566
932,668
932,794
932,886
932,1408
932,1674
933,57
933,333
933,475
933,484
934,69
934,256
934,266
934,270
934,394
934,403
934,406
934,425
934,479
934,556
934,563
934,583
934,680
934,767
934,806
934,830
934,831
934,843
934,938
934,1019
934,1292
934,1798
934,2192
934,2198
934,2231
934,2440
934,2441
935,56
935,433
935,472
935,475
935,479
935,563
935,621
935,688
935,919
935,939
935,943
935,1008
935,1817
935,2115
936,178
936,337
936,624
936,997
936,1004
936,1141
937,30
937,52
937,56
937,60
937,61
937,65
937,180
937,211
937,215
937,232
937,243
937,247
937,249
937,252
937,253
937,270
937,293
937,303
937,309
937,317
937,327
937,340
937,360
937,362
937,382
937,393
937,401
937,405
937,406
937,409
937,412
937,421
937,424
937,425
937,437
937,439
937,465
937,468
937,471
937,473
937,488
937,492
937,494
937,495
937,500
937,501
937,516
937,530
937,542
937,555
937,557
937,563
937,564
937,566
937,583
937,604
937,668
937,669
937,673
937,678
937,679
937,688
937,706
937,739
937,790
937,812
937,818
937,825
937,938
937,943
937,964
937,1016
937,1022
937,1086
937,1143
937,1151
937,1178
937,1214
937,1315
937,1356
937,1370
937,1657
937,1807
937,1818
937,1825
937,1875
937,1911
937,1923
938,62
938,89
938,135
938,179
938,200
938,211
938,252
938,253
938,259
938,266
938,269
938,270
938,315
938,327
938,337
938,340
938,355
938,360
938,373
938,379
938,386
938,403
938,406
938,409
938,437
938,448
938,455
938,464
938,468
938,503
938,559
938,668
938,678
938,679
938,689
938,705
938,709
938,710
938,715
938,716
938,722
938,739
938,753
938,755
938,810
938,812
938,830
938,934
938,964
938,965
938,975
938,981
938,982
938,992
938,1003
938,1083
938,1140
938,1143
938,1194
938,1301
938,1309
938,1312
938,1313
938,1315
938,1356
938,1363
938,1616
938,1806
938,1808
938,1819
938,1931
938,2116
938,2196
939,165
939,178
939,311
939,383
939,608
939,712
939,726
939,812
939,843
939,917
939,1005
939,1096
939,1311
939,1870
940,264
940,317
940,688
940,716
940,719
940,812
940,824
940,831
940,942
940,1004
940,1043
940,1141
940,1151
940,1309
940,1369
940,1625
940,2369
941,307
941,327
941,487
941,668
941,688
941,942
941,944
941,1077
941,2106
942,388
942,484
942,570
942,688
942,710
942,741
942,763
942,1303
942,1304
942,1356
942,1662
943,43
943,70
943,178
943,264
943,317
943,337
943,360
943,386
943,387
943,409
943,477
943,543
943,570
943,583
943,602
943,655
943,668
943,669
943,678
943,684
943,687
943,689
943,716
943,722
943,727
943,804
943,938
943,1008
943,1016
943,1096
943,1136
943,1314
943,1626
943,1632
943,1806
943,2104
943,2105
943,2226
944,125
944,314
944,317
944,327
944,334
944,335
944,360
944,378
944,685
944,687
944,707
944,715
944,941
944,986
944,1136
944,1307
944,1314
944,1625
944,2367
945,211
945,270
945,379
945,609
945,655
945,681
945,963
945,1008
945,1201
945,1223
945,1233
945,1329
945,1340
945,1348
945,1349
945,1644
945,1687
945,1741
945,1772
945,1786
945,2425
945,2632
945,2763
945,2764
946,595
947,565
947,715
947,2128
948,234
948,255
948,373
948,422
948,465
949,501
949,701
950,253
951,65
951,189
951,242
951,249
951,348
951,382
951,389
951,390
951,409
951,427
951,467
951,551
951,564
951,623
951,624
951,663
951,664
951,717
951,842
951,1214
951,1370
951,1817
951,1946
951,2316
951,2765
952,59
952,340
953,178
953,200
953,240
953,245
953,261
953,388
953,558
953,620
953,1078
953,1096
953,1118
953,1135
953,1243
953,1669
953,2128
953,2191
953,2664
954,379
955,58
955,59
955,234
955,506
955,612
955,746
955,849
955,852
955,1201
955,1247
955,1895
956,60
956,471
956,1370
957,80
957,218
957,242
957,497
958,331
959,75
959,234
960,60
960,250
960,383
960,483
960,507
960,810
961,60
961,165
961,200
961,243
961,253
961,261
961,340
961,380
961,411
961,468
961,483
961,495
961,501
961,504
961,505
961,507
961,530
961,545
961,566
961,588
961,623
961,702
961,703
961,810
961,924
961,962
961,1293
961,1631
961,1932
962,62
962,218
962,234
962,267
962,392
962,393
962,454
962,468
962,473
962,481
962,663
962,708
962,961
963,397
963,488
963,535
963,636
963,645
963,673
963,680
963,801
963,838
963,850
963,909
963,1048
963,1052
963,1065
963,1164
963,1207
963,1212
963,1325
963,1328
963,1339
963,1340
963,1343
963,1348
963,1349
963,1398
963,1413
963,1414
963,1426
963,1436
963,1437
963,1451
963,1644
963,1667
963,1676
963,1717
963,1718
963,1733
963,1786
963,1787
963,1859
963,1980
963,2166
963,2183
963,2244
963,2464
963,2491
963,2555
963,2609
963,2749
963,2766
964,84
964,279
964,306
964,484
964,574
964,680
964,709
964,1303
964,1921
965,59
965,62
965,211
965,216
965,232
965,306
965,373
965,406
965,409
965,437
965,448
965,455
965,559
965,614
965,630
965,655
965,676
965,709
965,716
965,723
965,725
965,735
965,741
965,755
965,774
965,796
965,804
965,812
965,820
965,843
965,917
965,938
965,986
965,1003
965,1019
965,1023
965,1046
965,1078
965,1079
965,1106
965,1107
965,1118
965,1142
965,1145
965,1151
965,1187
965,1312
965,1313
965,1370
965,2148
965,2306
965,2664
965,2767
966,1600
966,2125
967,62
967,754
967,901
967,912
967,1111
967,1170
967,1210
967,1643
967,1691
967,1779
967,1786
967,1967
967,1969
967,2234
968,87
968,228
968,320
968,525
968,541
968,567
968,599
968,603
968,605
968,642
968,731
968,737
968,738
968,745
968,757
968,759
968,765
968,766
968,797
968,1041
968,1047
968,1096
968,1098
968,1101
968,1102
968,1103
968,1112
968,1114
968,1141
968,1150
968,1151
968,1152
968,1157
968,1203
968,1379
968,1625
968,1626
968,1775
968,1793
968,1821
968,2143
968,2203
968,2445
968,2508
968,2649
969,62
969,171
969,383
969,603
969,629
969,634
969,640
969,648
969,716
969,797
969,801
969,866
969,867
969,876
969,882
969,887
969,895
969,898
969,900
969,1021
969,1040
969,1047
969,1381
969,1687
969,1693
969,1695
969,1696
969,1779
969,1904
969,1975
969,2158
969,2161
969,2216
969,2234
969,2262
969,2515
969,2720
970,62
970,621
970,854
970,2722
971,62
971,972
972,62
972,621
972,636
972,751
972,816
972,967
972,971
972,1032
972,1038
972,1152
972,2329
973,9
973,52
973,206
973,214
973,219
973,294
974,43
974,73
974,165
974,172
974,215
974,240
974,264
974,269
974,308
974,309
974,316
974,362
974,386
974,406
974,442
974,460
974,473
974,532
974,583
974,602
974,612
974,617
974,630
974,672
974,712
974,716
974,724
974,731
974,733
974,759
974,770
974,825
974,830
974,841
974,886
974,998
974,1034
974,1058
974,1079
974,1081
974,1084
974,1089
974,1102
974,1106
974,1140
974,1208
974,1292
974,1311
974,1312
974,1315
974,1370
974,1398
974,1680
974,1764
974,1905
974,2582
975,172
975,240
975,267
975,336
975,340
975,409
975,586
975,620
975,750
975,938
975,1004
975,1019
975,1020
975,1078
975,1140
975,1151
975,1878
975,1940
975,2323
976,64
976,379
976,425
976,426
976,473
976,574
976,666
976,2177
977,335
977,1151
978,26
978,225
978,488
978,495
978,816
979,30
979,261
979,331
979,373
979,455
979,496
979,662
979,1004
980,266
980,316
980,336
980,391
980,465
980,468
980,471
980,475
980,600
980,668
980,772
980,913
980,941
980,993
980,1173
980,1621
980,1880
981,67
981,503
981,827
981,839
981,938
982,67
982,240
982,245
982,307
982,610
982,904
982,938
982,1356
982,2116
982,2226
983,67
983,163
983,388
983,429
983,607
983,767
983,929
983,1920
984,67
984,178
984,317
984,387
984,678
984,687
984,719
984,929
984,1143
984,1301
985,67
985,336
985,1143
985,1315
986,67
986,255
986,378
986,387
986,503
986,553
986,583
986,640
986,668
986,669
986,685
986,759
986,944
986,998
986,1004
986,1315
986,1356
986,1816
986,2198
987,67
987,532
987,609
987,1084
988,1289
988,1696
988,2470
989,53
989,67
989,178
989,409
989,611
989,677
989,728
989,803
989,1081
989,1087
989,1090
989,1093
989,1098
990,68
990,217
990,551
990,625
990,701
990,1828
990,2456
991,69
991,437
991,484
991,1635
992,69
992,306
992,420
992,669
992,722
992,938
992,1089
992,1311
992,1313
992,1356
992,2128
992,2369
992,2592
992,2768
993,69
993,155
993,335
993,468
993,495
993,794
993,896
993,980
993,994
993,1339
993,1363
993,1437
993,1793
993,2134
993,2169
994,335
995,73
995,416
995,451
996,1015
997,243
997,488
997,673
997,681
997,715
997,827
997,936
997,1008
997,1303
997,1880
998,70
998,215
998,306
998,388
998,409
998,478
998,532
998,562
998,605
998,613
998,614
998,672
998,677
998,690
998,712
998,737
998,738
998,745
998,843
998,917
998,974
998,986
998,1106
998,1196
998,1297
998,1366
998,1372
998,1661
998,1762
998,1935
998,2325
999,77
999,107
999,155
999,280
999,312
999,393
999,397
999,478
999,493
999,499
999,501
999,526
999,535
999,581
999,639
999,645
999,655
999,684
999,716
999,762
999,798
999,807
999,808
999,877
999,1008
999,1015
999,1027
999,1070
999,1071
999,1092
999,1114
999,1150
999,1155
999,1162
999,1166
999,1169
999,1200
999,1254
999,1263
999,1268
999,1271
999,1273
999,1274
999,1279
999,1280
999,1282
999,1284
999,1285
999,1295
999,1319
999,1325
999,1341
999,1344
999,1427
999,1430
999,1433
999,1438
999,1440
999,1441
999,1461
999,1462
999,1465
999,1501
999,1502
999,1504
999,1507
999,1509
999,1514
999,1519
999,1526
999,1528
999,1529
999,1530
999,1536
999,1538
999,1539
999,1541
999,1545
999,1547
999,1553
999,1554
999,1555
999,1562
999,1564
999,1568
999,1570
999,1571
999,1583
999,1584
999,1588
999,1592
999,1593
999,1604
999,1606
999,1608
999,1612
999,1621
999,1668
999,1699
999,1705
999,1706
999,1719
999,1745
999,1746
999,1765
999,1774
999,1829
999,1833
999,1836
999,1854
999,1981
999,1995
999,1996
999,2005
999,2010
999,2012
999,2018
999,2021
999,2030
999,2031
999,2037
999,2044
999,2046
999,2050
999,2052
999,2054
999,2065
999,2067
999,2084
999,2094
999,2097
999,2098
999,2242
999,2284
999,2390
999,2392
999,2401
999,2414
999,2417
999,2421
999,2437
999,2653
999,2769
999,2770
999,2771
999,2772
999,2773
999,2774
999,2775
999,2776
999,2777
999,2778
999,2779
999,2780
999,2781
1000,70
1000,555
1000,570
1000,2195
1001,70
1001,525
1001,982
1001,1311
1001,1376
1002,70
1002,179
1002,255
1002,264
1002,323
1002,378
1002,392
1002,397
1002,409
1002,433
1002,435
1002,535
1002,594
1002,599
1002,602
1002,633
1002,643
1002,653
1002,669
1002,684
1002,689
1002,707
1002,719
1002,726
1002,739
1002,748
1002,760
1002,762
1002,773
1002,777
1002,781
1002,782
1002,798
1002,861
1002,1042
1002,1165
1002,1166
1002,1205
1002,1212
1002,1215
1002,1221
1002,1246
1002,1247
1002,1308
1002,1363
1002,1383
1002,1398
1002,1402
1002,1449
1002,1462
1002,1499
1002,1621
1002,1681
1002,1729
1002,1784
1002,1905
1002,1991
1002,2000
1002,2446
1002,2520
1002,2666
1003,70
1003,178
1003,269
1003,337
1003,373
1003,406
1003,558
1003,583
1003,586
1003,604
1003,605
1003,606
1003,610
1003,622
1003,678
1003,682
1003,721
1003,725
1003,727
1003,728
1003,807
1003,929
1003,938
1003,1004
1003,1079
1003,1081
1003,1083
1003,1084
1003,1307
1003,1310
1003,1314
1003,1943
1003,2498
1004,73
1004,307
1004,336
1004,337
1004,427
1004,570
1004,583
1004,610
1004,678
1004,725
1004,759
1004,767
1004,813
1004,824
1004,831
1004,979
1004,1019
1004,1022
1004,1139
1004,2115
1004,2199
1004,2244
1004,2497
1005,58
1005,406
1005,546
1005,553
1005,563
1005,611
1005,630
1005,693
1005,712
1005,731
1005,738
1005,755
1005,771
1005,842
1005,843
1005,939
1005,1034
1005,1065
1005,1099
1005,1112
1005,1114
1005,1147
1005,1311
1005,1660
1005,1666
1005,1821
1005,1895
1006,3
1006,254
1007,575
1007,1093
1008,477
1008,722
1008,1136
1009,307
1009,490
1009,688
1009,722
1009,1315
1010,639
1010,713
1010,764
1010,854
1010,894
1010,899
1010,1052
1010,1289
1010,2245
1010,2269
1010,2565
1010,2782
1011,179
1011,232
1011,253
1011,308
1011,332
1011,403
1011,405
1011,412
1011,418
1011,489
1011,506
1011,516
1011,549
1011,719
1011,2224
1011,2637
1012,209
1012,622
1012,674
1012,831
1012,1032
1012,1107
1013,155
1013,178
1013,312
1013,334
1013,606
1013,608
1013,640
1013,643
1013,653
1013,677
1013,680
1013,710
1013,730
1013,753
1013,773
1013,847
1013,857
1013,883
1013,907
1013,1014
1013,1046
1013,1051
1013,1057
1013,1063
1013,1200
1013,1246
1013,1427
1013,1435
1013,1453
1013,1500
1013,2183
1014,200
1014,216
1014,406
1014,448
1014,473
1014,478
1014,534
1014,547
1014,563
1014,587
1014,606
1014,608
1014,611
1014,617
1014,630
1014,644
1014,648
1014,658
1014,659
1014,693
1014,716
1014,726
1014,731
1014,735
1014,746
1014,747
1014,748
1014,752
1014,755
1014,759
1014,762
1014,773
1014,777
1014,781
1014,807
1014,812
1014,834
1014,839
1014,865
1014,868
1014,870
1014,871
1014,882
1014,891
1014,892
1014,906
1014,917
1014,1002
1014,1013
1014,1040
1014,1046
1014,1142
1014,1143
1014,1201
1014,1204
1014,1210
1014,1212
1014,1222
1014,1257
1014,1292
1014,1344
1014,1372
1014,1376
1014,1383
1014,1390
1014,1671
1014,1691
1014,1834
1014,1904
1014,2443
1014,2471
1014,2662
1014,2783
1014,2784
1015,996
1015,2705
1015,2785
1016,484
1016,583
1016,1142
1016,1933
1017,1318
1018,125
1018,383
1018,484
1018,525
1018,610
1018,653
1018,676
1018,689
1018,727
1018,737
1018,739
1018,744
1018,753
1018,777
1018,781
1018,812
1018,849
1018,909
1018,1021
1018,1023
1018,1025
1018,1051
1018,1058
1018,1165
1018,1202
1018,1205
1018,1207
1018,1210
1018,1214
1018,1225
1018,1344
1018,1398
1018,1399
1018,1402
1018,1409
1018,1499
1018,1696
1018,1733
1018,1904
1018,2272
1018,2284
1018,2301
1018,2302
1018,2303
1018,2751
1019,336
1019,337
1019,484
1019,831
1019,836
1019,1004
1019,1408
1020,316
1020,620
1020,831
1020,834
1020,889
1020,1081
1020,1090
1020,1144
1020,1311
1020,1636
1021,178
1021,336
1021,386
1021,451
1021,490
1021,586
1021,592
1021,606
1021,610
1021,611
1021,615
1021,616
1021,640
1021,717
1021,724
1021,727
1021,753
1021,807
1021,824
1021,830
1021,844
1021,868
1021,1018
1021,1044
1021,1081
1021,1099
1021,1106
1021,1113
1021,1114
1021,1118
1021,1200
1021,1308
1021,1636
1021,1811
1021,1822
1021,1845
1021,1906
1021,1922
1021,1943
1021,2306
1021,2352
1021,2497
1021,2786
1022,532
1022,615
1022,616
1022,617
1022,678
1022,731
1022,745
1022,753
1022,818
1022,831
1022,841
1022,843
1022,937
1022,1004
1022,1032
1022,1105
1022,1666
1022,1906
1022,2017
1022,2201
1022,2307
1023,92
1023,172
1023,195
1023,200
1023,257
1023,282
1023,309
1023,360
1023,363
1023,373
1023,380
1023,406
1023,412
1023,426
1023,437
1023,460
1023,461
1023,478
1023,484
1023,488
1023,493
1023,534
1023,587
1023,612
1023,613
1023,630
1023,633
1023,653
1023,655
1023,656
1023,677
1023,693
1023,712
1023,731
1023,735
1023,754
1023,759
1023,777
1023,812
1023,848
1023,882
1023,892
1023,1018
1023,1034
1023,1037
1023,1043
1023,1046
1023,1078
1023,1081
1023,1096
1023,1112
1023,1114
1023,1181
1023,1206
1023,1233
1023,1236
1023,1310
1023,1345
1023,1370
1023,1634
1023,1680
1023,1712
1023,1850
1023,1885
1023,1960
1023,1970
1023,2184
1023,2264
1023,2524
1023,2572
1023,2659
1024,362
1024,526
1024,620
1024,757
1024,798
1024,829
1024,866
1024,880
1024,904
1024,928
1024,963
1024,1057
1024,1058
1024,1067
1024,1070
1024,1103
1024,1109
1024,1152
1024,1160
1024,1163
1024,1216
1024,1343
1024,1344
1024,1346
1024,1351
1024,1417
1024,1422
1024,1433
1024,1434
1024,1436
1024,1438
1024,1439
1024,1450
1024,1462
1024,1473
1024,1577
1024,1579
1024,1717
1024,1786
1024,1970
1024,1982
1024,1992
1024,2040
1024,2600
1024,2633
1025,69
1025,115
1025,171
1025,493
1025,525
1025,535
1025,606
1025,640
1025,642
1025,646
1025,656
1025,658
1025,716
1025,737
1025,744
1025,755
1025,757
1025,777
1025,861
1025,890
1025,904
1025,909
1025,912
1025,1018
1025,1021
1025,1034
1025,1038
1025,1058
1025,1169
1025,1170
1025,1200
1025,1201
1025,1206
1025,1207
1025,1208
1025,1210
1025,1211
1025,1214
1025,1218
1025,1221
1025,1227
1025,1228
1025,1231
1025,1233
1025,1235
1025,1311
1025,1323
1025,1327
1025,1329
1025,1342
1025,1345
1025,1348
1025,1354
1025,1400
1025,1409
1025,1418
1025,1453
1025,1577
1025,1671
1025,1727
1025,1774
1025,1784
1025,1823
1025,1849
1025,1895
1025,2108
1025,2136
1025,2216
1025,2270
1025,2335
1025,2355
1025,2372
1025,2446
1025,2517
1025,2566
1025,2646
1025,2704
1026,503
1026,546
1026,939
1026,1112
1027,1254
1027,1469
1027,1479
1027,2402
1028,753
1028,2787
1029,448
1029,751
1029,1043
1029,1104
1029,1112
1029,2500
1030,553
1030,608
1030,633
1030,643
1030,644
1030,659
1030,749
1030,760
1030,774
1030,778
1030,782
1030,852
1030,897
1030,904
1030,1026
1030,1059
1030,1070
1030,1197
1030,1201
1030,1202
1030,1348
1030,1577
1030,1691
1030,1782
1030,2395
1030,2642
1031,264
1031,746
1031,842
1031,2110
1032,323
1032,334
1032,468
1032,575
1032,605
1032,606
1032,611
1032,612
1032,636
1032,674
1032,743
1032,744
1032,750
1032,751
1032,759
1032,774
1032,790
1032,844
1032,845
1032,884
1032,903
1032,1012
1032,1021
1032,1022
1032,1034
1032,1043
1032,1112
1032,1152
1032,1197
1032,1660
1032,1720
1032,1893
1032,1895
1032,1896
1032,2109
1032,2110
1032,2165
1032,2217
1032,2240
1032,2360
1032,2470
1032,2645
1033,1152
1034,216
1034,267
1034,307
1034,388
1034,419
1034,448
1034,467
1034,478
1034,553
1034,602
1034,606
1034,611
1034,612
1034,614
1034,615
1034,630
1034,633
1034,636
1034,727
1034,731
1034,738
1034,742
1034,743
1034,744
1034,746
1034,748
1034,749
1034,750
1034,751
1034,752
1034,753
1034,755
1034,756
1034,759
1034,777
1034,782
1034,812
1034,816
1034,841
1034,842
1034,844
1034,846
1034,852
1034,917
1034,974
1034,1005
1034,1022
1034,1023
1034,1025
1034,1032
1034,1041
1034,1043
1034,1046
1034,1058
1034,1059
1034,1076
1034,1081
1034,1101
1034,1110
1034,1112
1034,1114
1034,1152
1034,1153
1034,1194
1034,1198
1034,1311
1034,1637
1034,1666
1034,1681
1034,1821
1034,1883
1034,1893
1034,1895
1034,1905
1034,1906
1034,1941
1034,1942
1034,1959
1034,2141
1034,2208
1034,2211
1034,2212
1034,2216
1034,2355
1034,2357
1034,2470
1034,2496
1034,2532
1034,2639
1034,2688
1035,362
1035,429
1035,517
1035,534
1035,535
1035,576
1035,602
1035,606
1035,634
1035,637
1035,639
1035,640
1035,645
1035,729
1035,748
1035,760
1035,762
1035,777
1035,778
1035,782
1035,797
1035,820
1035,829
1035,845
1035,847
1035,848
1035,861
1035,866
1035,870
1035,874
1035,877
1035,879
1035,889
1035,895
1035,905
1035,906
1035,908
1035,963
1035,999
1035,1002
1035,1013
1035,1039
1035,1051
1035,1063
1035,1070
1035,1073
1035,1157
1035,1200
1035,1202
1035,1208
1035,1210
1035,1215
1035,1216
1035,1228
1035,1236
1035,1247
1035,1295
1035,1329
1035,1347
1035,1350
1035,1394
1035,1406
1035,1408
1035,1412
1035,1419
1035,1446
1035,1447
1035,1449
1035,1450
1035,1452
1035,1461
1035,1465
1035,1466
1035,1497
1035,1500
1035,1505
1035,1682
1035,1689
1035,1724
1035,1725
1035,1777
1035,1782
1035,1842
1035,1982
1035,2135
1035,2153
1035,2187
1035,2285
1035,2287
1035,2543
1035,2638
1035,2700
1036,605
1036,741
1036,748
1036,838
1036,848
1036,849
1036,1101
1036,1130
1036,1152
1036,1722
1036,2659
1037,614
1037,1038
1037,1682
1037,2183
1037,2788
1038,292
1038,758
1038,769
1039,155
1039,166
1039,362
1039,397
1039,432
1039,493
1039,526
1039,535
1039,642
1039,643
1039,645
1039,729
1039,752
1039,762
1039,773
1039,797
1039,847
1039,858
1039,866
1039,883
1039,896
1039,904
1039,907
1039,1035
1039,1047
1039,1057
1039,1070
1039,1122
1039,1130
1039,1159
1039,1208
1039,1258
1039,1295
1039,1331
1039,1344
1039,1347
1039,1414
1039,1424
1039,1435
1039,1445
1039,1449
1039,1450
1039,1461
1039,1470
1039,1476
1039,1477
1039,1485
1039,1487
1039,1489
1039,1493
1039,1496
1039,1497
1039,1500
1039,1502
1039,1520
1039,1529
1039,1539
1039,1577
1039,1592
1039,1610
1039,1621
1039,1638
1039,1668
1039,1723
1039,1736
1039,1742
1039,1765
1039,1774
1039,1785
1039,1837
1039,1862
1039,1981
1039,1992
1039,1994
1039,1999
1039,2006
1039,2015
1039,2017
1039,2020
1039,2031
1039,2153
1039,2176
1039,2190
1039,2253
1039,2285
1039,2326
1039,2402
1039,2430
1039,2564
1039,2712
1039,2733
1040,192
1040,401
1040,419
1040,629
1040,713
1040,761
1040,766
1040,778
1040,812
1040,968
1040,1051
1040,1076
1040,1101
1040,1163
1040,1233
1040,1273
1040,1327
1040,1671
1040,1687
1040,1780
1040,1859
1040,1904
1040,2517
1040,2524
1040,2751
1040,2789
1040,2790
1041,216
1041,575
1041,576
1041,605
1041,615
1041,621
1041,645
1041,648
1041,741
1041,751
1041,755
1041,770
1041,826
1041,849
1041,854
1041,859
1041,955
1041,1076
1041,1152
1041,1311
1041,1497
1041,1636
1041,1896
1041,2217
1041,2244
1041,2268
1041,2460
1041,2478
1042,270
1042,639
1042,642
1042,651
1042,712
1042,777
1042,807
1042,854
1042,912
1042,1002
1042,1051
1042,1059
1042,1098
1042,1151
1042,1786
1042,1885
1042,2141
1042,2221
1042,2234
1042,2253
1043,636
1043,736
1043,741
1043,744
1043,849
1043,854
1043,1289
1043,1893
1043,1895
1043,1958
1043,2211
1043,2239
1044,307
1044,606
1044,642
1044,645
1044,801
1044,868
1044,870
1044,877
1044,1021
1044,1306
1044,2306
1045,614
1045,649
1045,772
1045,780
1045,849
1045,1113
1045,1637
1045,1683
1045,1764
1045,2223
1045,2245
1045,2267
1045,2471
1046,136
1046,166
1046,216
1046,320
1046,361
1046,373
1046,374
1046,401
1046,406
1046,478
1046,553
1046,563
1046,571
1046,605
1046,612
1046,613
1046,617
1046,630
1046,633
1046,638
1046,643
1046,645
1046,655
1046,656
1046,692
1046,712
1046,747
1046,748
1046,752
1046,759
1046,777
1046,779
1046,780
1046,797
1046,812
1046,829
1046,830
1046,843
1046,854
1046,859
1046,868
1046,869
1046,870
1046,875
1046,963
1046,1001
1046,1023
1046,1026
1046,1034
1046,1047
1046,1053
1046,1055
1046,1087
1046,1101
1046,1207
1046,1246
1046,1311
1046,1316
1046,1340
1046,1686
1046,1712
1046,1797
1046,1904
1046,1959
1046,2454
1046,2639
1046,2641
1047,605
1047,613
1047,761
1047,897
1047,1039
1048,440
1048,643
1048,732
1048,782
1048,912
1048,955
1048,963
1048,1023
1048,1037
1048,1049
1048,1057
1048,1070
1048,1169
1048,1236
1048,1325
1048,1326
1048,1327
1048,1329
1048,1330
1048,1339
1048,1342
1048,1348
1048,1349
1048,1352
1048,1412
1048,1420
1048,1426
1048,1470
1048,1484
1048,1716
1048,1717
1048,1771
1048,1851
1048,1979
1048,2161
1048,2165
1048,2549
1048,2556
1048,2678
1048,2754
1049,115
1049,171
1049,336
1049,362
1049,397
1049,620
1049,656
1049,659
1049,729
1049,798
1049,852
1049,858
1049,861
1049,866
1049,878
1049,888
1049,896
1049,903
1049,909
1049,928
1049,967
1049,1002
1049,1048
1049,1055
1049,1063
1049,1130
1049,1153
1049,1154
1049,1166
1049,1170
1049,1180
1049,1208
1049,1209
1049,1221
1049,1227
1049,1236
1049,1247
1049,1325
1049,1327
1049,1328
1049,1330
1049,1334
1049,1340
1049,1342
1049,1343
1049,1349
1049,1390
1049,1413
1049,1420
1049,1422
1049,1423
1049,1426
1049,1430
1049,1503
1049,1550
1049,1621
1049,1696
1049,1712
1049,1729
1049,1734
1049,1786
1049,1849
1049,1850
1049,1856
1049,1905
1049,1967
1049,2162
1049,2163
1049,2190
1049,2311
1049,2446
1049,2519
1049,2549
1049,2575
1049,2578
1049,2734
1049,2738
1049,2791
1050,642
1050,1258
1050,1458
1050,1492
1050,1503
1050,2013
1050,2176
1050,2347
1050,2792
1051,245
1051,435
1051,448
1051,493
1051,517
1051,534
1051,581
1051,603
1051,633
1051,637
1051,638
1051,640
1051,644
1051,645
1051,649
1051,651
1051,653
1051,655
1051,656
1051,679
1051,692
1051,754
1051,760
1051,807
1051,865
1051,868
1051,877
1051,880
1051,881
1051,882
1051,890
1051,892
1051,898
1051,905
1051,907
1051,912
1051,917
1051,969
1051,1013
1051,1023
1051,1040
1051,1042
1051,1059
1051,1060
1051,1063
1051,1156
1051,1158
1051,1160
1051,1163
1051,1165
1051,1183
1051,1200
1051,1201
1051,1202
1051,1203
1051,1205
1051,1207
1051,1210
1051,1211
1051,1222
1051,1236
1051,1338
1051,1345
1051,1349
1051,1383
1051,1384
1051,1388
1051,1445
1051,1449
1051,1497
1051,1621
1051,1671
1051,1686
1051,1693
1051,1695
1051,1699
1051,1715
1051,1723
1051,1771
1051,1780
1051,1846
1051,1904
1051,1918
1051,1967
1051,1990
1051,2106
1051,2108
1051,2164
1051,2184
1051,2219
1051,2222
1051,2234
1051,2262
1051,2263
1051,2264
1051,2270
1051,2301
1051,2303
1051,2304
1051,2323
1051,2333
1051,2471
1051,2493
1051,2524
1051,2527
1051,2592
1051,2641
1051,2659
1051,2675
1051,2751
1052,292
1052,642
1052,912
1052,1122
1052,2464
1052,2524
1053,638
1053,642
1053,752
1054,361
1054,643
1054,684
1054,732
1054,739
1054,777
1054,866
1054,873
1054,892
1054,906
1054,1030
1054,1055
1054,1225
1054,1316
1054,1322
1054,1415
1054,1784
1054,1877
1054,2271
1055,613
1055,644
1055,653
1055,655
1055,656
1055,696
1055,762
1055,859
1055,872
1055,878
1055,882
1055,883
1055,885
1055,887
1055,896
1055,899
1055,912
1055,963
1055,1063
1055,1201
1055,1205
1055,1306
1055,1381
1055,1387
1055,1846
1055,1964
1055,2522
1056,896
1056,909
1056,1184
1056,1327
1056,1328
1056,1339
1056,1340
1056,1342
1056,1349
1056,1687
1056,2164
1057,428
1057,663
1057,782
1057,904
1057,928
1057,1013
1057,1039
1057,1070
1057,1130
1057,1169
1057,1170
1057,1208
1057,1216
1057,1235
1057,1257
1057,1339
1057,1390
1057,1404
1057,1405
1057,1420
1057,1424
1057,1431
1057,1435
1057,1436
1057,1438
1057,1440
1057,1447
1057,1449
1057,1450
1057,1456
1057,1458
1057,1478
1057,1644
1057,1709
1057,1734
1057,1736
1057,1737
1057,1741
1057,1858
1057,1982
1057,2425
1057,2552
1057,2554
1057,2683
1057,2732
1057,2793
1058,87
1058,115
1058,352
1058,412
1058,488
1058,493
1058,581
1058,605
1058,612
1058,645
1058,648
1058,651
1058,655
1058,656
1058,672
1058,684
1058,724
1058,738
1058,754
1058,782
1058,829
1058,841
1058,861
1058,909
1058,912
1058,974
1058,1018
1058,1024
1058,1025
1058,1034
1058,1051
1058,1052
1058,1066
1058,1067
1058,1166
1058,1170
1058,1182
1058,1194
1058,1200
1058,1207
1058,1209
1058,1215
1058,1224
1058,1232
1058,1233
1058,1236
1058,1311
1058,1327
1058,1333
1058,1345
1058,1348
1058,1349
1058,1453
1058,1484
1058,1699
1058,1712
1058,1842
1058,2593
1059,166
1059,383
1059,401
1059,493
1059,534
1059,630
1059,643
1059,648
1059,653
1059,692
1059,708
1059,716
1059,747
1059,770
1059,777
1059,818
1059,829
1059,852
1059,858
1059,868
1059,869
1059,881
1059,882
1059,885
1059,897
1059,926
1059,1022
1059,1030
1059,1034
1059,1040
1059,1051
1059,1067
1059,1072
1059,1163
1059,1194
1059,1198
1059,1199
1059,1202
1059,1206
1059,1207
1059,1210
1059,1215
1059,1222
1059,1232
1059,1235
1059,1246
1059,1329
1059,1332
1059,1345
1059,1361
1059,1374
1059,1405
1059,1418
1059,1449
1059,1500
1059,1660
1059,1667
1059,1695
1059,1702
1059,1715
1059,1722
1059,1784
1059,1785
1059,2148
1059,2217
1059,2238
1059,2241
1059,2254
1059,2335
1059,2372
1059,2462
1059,2552
1059,2751
1059,2754
1060,171
1060,292
1060,534
1060,659
1060,781
1060,798
1060,807
1060,873
1060,897
1060,904
1060,907
1060,1391
1060,1529
1060,1577
1060,1688
1060,1759
1060,2524
1061,534
1061,616
1061,859
1061,1112
1061,1233
1061,1709
1061,1784
1061,1842
1061,1844
1061,1919
1061,2015
1061,2136
1061,2547
1061,2576
1061,2794
1061,2795
1062,1063
1062,1066
1062,1397
1062,2748
1062,2796
1063,383
1063,639
1063,640
1063,653
1063,760
1063,855
1063,870
1063,882
1063,893
1063,894
1063,1013
1063,1051
1063,1062
1063,1066
1063,1158
1063,1207
1063,1328
1063,1331
1063,1347
1063,1397
1063,1643
1063,1695
1063,1699
1063,1969
1063,1974
1063,1975
1063,2117
1063,2237
1063,2262
1063,2271
1063,2273
1063,2303
1063,2524
1063,2608
1063,2616
1063,2722
1063,2748
1063,2796
1064,2633
1065,1409
1065,2518
1066,645
1066,656
1066,898
1066,1062
1066,1063
1066,1168
1066,1224
1066,1331
1066,1397
1066,1975
1066,2273
1067,49
1067,435
1067,448
1067,493
1067,499
1067,526
1067,581
1067,613
1067,629
1067,642
1067,807
1067,829
1067,831
1067,892
1067,896
1067,905
1067,909
1067,915
1067,928
1067,931
1067,1015
1067,1058
1067,1064
1067,1126
1067,1163
1067,1164
1067,1170
1067,1186
1067,1199
1067,1202
1067,1208
1067,1210
1067,1216
1067,1222
1067,1229
1067,1233
1067,1235
1067,1236
1067,1251
1067,1254
1067,1258
1067,1279
1067,1337
1067,1339
1067,1343
1067,1344
1067,1345
1067,1348
1067,1350
1067,1390
1067,1398
1067,1409
1067,1414
1067,1416
1067,1422
1067,1426
1067,1430
1067,1431
1067,1433
1067,1440
1067,1441
1067,1444
1067,1445
1067,1450
1067,1452
1067,1455
1067,1457
1067,1459
1067,1466
1067,1469
1067,1470
1067,1473
1067,1476
1067,1477
1067,1478
1067,1482
1067,1485
1067,1489
1067,1496
1067,1499
1067,1500
1067,1503
1067,1506
1067,1528
1067,1532
1067,1533
1067,1534
1067,1537
1067,1592
1067,1638
1067,1646
1067,1649
1067,1671
1067,1702
1067,1737
1067,1739
1067,1745
1067,1747
1067,1770
1067,1772
1067,1773
1067,1832
1067,1846
1067,1859
1067,1888
1067,1976
1067,1995
1067,2008
1067,2010
1067,2012
1067,2018
1067,2022
1067,2032
1067,2040
1067,2119
1067,2122
1067,2124
1067,2125
1067,2164
1067,2177
1067,2179
1067,2346
1067,2361
1067,2379
1067,2400
1067,2402
1067,2488
1067,2554
1067,2651
1067,2785
1067,2797
1067,2798
1068,654
1068,893
1068,1386
1068,2494
1068,2506
1069,1218
1069,1222
1069,1390
1069,1426
1069,1458
1069,1643
1069,1979
1069,2145
1070,216
1070,440
1070,526
1070,553
1070,632
1070,653
1070,732
1070,764
1070,772
1070,782
1070,797
1070,829
1070,870
1070,873
1070,892
1070,894
1070,1037
1070,1057
1070,1058
1070,1064
1070,1066
1070,1130
1070,1153
1070,1164
1070,1165
1070,1180
1070,1199
1070,1216
1070,1223
1070,1229
1070,1236
1070,1247
1070,1250
1070,1295
1070,1332
1070,1344
1070,1348
1070,1349
1070,1352
1070,1382
1070,1390
1070,1398
1070,1401
1070,1409
1070,1410
1070,1436
1070,1441
1070,1443
1070,1445
1070,1448
1070,1463
1070,1470
1070,1484
1070,1486
1070,1530
1070,1667
1070,1696
1070,1707
1070,1709
1070,1734
1070,1735
1070,1736
1070,1738
1070,1745
1070,1825
1070,1830
1070,1859
1070,1885
1070,1959
1070,1984
1070,1988
1070,2141
1070,2180
1070,2246
1070,2374
1070,2464
1070,2558
1070,2667
1070,2669
1070,2735
1070,2799
1070,2800
1071,829
1071,1161
1071,1346
1071,1350
1071,1390
1071,1418
1071,1422
1071,1439
1071,1453
1071,1687
1071,1716
1071,1719
1071,1786
1071,1825
1071,1858
1071,2167
1071,2429
1071,2736
1072,1182
1072,1209
1072,1327
1072,1332
1072,1727
1072,2163
1073,906
1073,1327
1073,2071
1073,2085
1073,2619
1074,503
1074,516
1074,741
1074,2728
1075,436
1075,503
1075,535
1075,729
1075,1696
1075,1765
1075,1977
1075,2270
1075,2293
1075,2313
1076,563
1076,642
1076,655
1076,766
1076,853
1076,1040
1076,1041
1076,1311
1076,2000
1076,2253
1076,2267
1076,2502
1077,416
1077,666
1077,770
1077,804
1077,941
1077,1135
1077,2478
1078,152
1078,261
1078,336
1078,503
1078,677
1078,678
1078,712
1078,816
1078,827
1078,953
1078,1004
1078,1023
1078,1680
1078,2103
1079,240
1079,442
1079,532
1079,583
1079,592
1079,672
1079,1003
1079,1140
1079,1315
1079,1356
1080,244
1080,264
1080,317
1080,526
1080,615
1080,715
1080,943
1080,1016
1080,1141
1080,2677
1081,87
1081,215
1081,269
1081,362
1081,435
1081,525
1081,563
1081,575
1081,604
1081,605
1081,613
1081,620
1081,622
1081,640
1081,646
1081,724
1081,725
1081,759
1081,777
1081,780
1081,797
1081,801
1081,816
1081,831
1081,835
1081,843
1081,849
1081,868
1081,914
1081,929
1081,968
1081,974
1081,989
1081,1003
1081,1020
1081,1023
1081,1038
1081,1102
1081,1152
1081,1160
1081,1200
1081,1662
1081,1846
1081,1885
1081,2264
1081,2299
1081,2322
1081,2479
1082,581
1082,717
1082,1274
1082,1319
1082,1459
1082,1479
1082,1503
1082,1511
1082,1528
1082,1532
1082,1539
1082,1592
1082,1854
1082,1965
1082,2032
1082,2122
1082,2135
1082,2252
1082,2390
1082,2651
1082,2711
1082,2803
1083,70
1083,74
1083,212
1083,240
1083,307
1083,308
1083,316
1083,340
1083,386
1083,409
1083,442
1083,490
1083,570
1083,583
1083,588
1083,604
1083,620
1083,678
1083,727
1083,755
1083,831
1083,836
1083,938
1083,982
1083,983
1083,986
1083,1003
1083,1004
1083,1012
1083,1019
1083,1046
1083,1065
1083,1078
1083,1079
1083,1086
1083,1315
1083,1370
1083,1627
1083,1794
1083,2131
1084,200
1084,470
1084,583
1084,586
1084,588
1084,620
1084,832
1084,974
1084,987
1084,1003
1084,1019
1084,1022
1084,1098
1084,1315
1084,2306
1085,617
1085,816
1085,834
1085,836
1085,1375
1085,1671
1085,2232
1085,2351
1086,58
1086,149
1086,234
1086,256
1086,382
1086,437
1086,467
1086,709
1086,804
1086,937
1086,1004
1086,1022
1086,1079
1086,1118
1086,1636
1086,2296
1086,2441
1087,319
1087,487
1087,830
1087,831
1087,886
1087,989
1087,1118
1087,1943
1088,738
1088,886
1088,2369
1089,992
1089,1091
1089,1821
1090,316
1090,622
1090,1020
1090,1093
1090,1822
1090,2664
1091,320
1091,1089
1091,1821
1092,336
1092,499
1092,780
1092,1093
1092,1253
1092,1479
1092,1492
1092,1501
1092,1504
1092,1507
1092,1536
1092,1538
1092,1592
1092,1595
1092,1604
1092,1615
1092,1833
1092,1836
1092,2024
1092,2034
1092,2037
1092,2063
1092,2064
1092,2352
1092,2391
1092,2624
1092,2653
1092,2724
1092,2769
1092,2798
1092,2804
1092,2805
1092,2806
1092,2807
1092,2808
1092,2809
1092,2810
1093,453
1093,759
1093,1007
1093,1090
1093,1662
1093,1800
1093,2197
1094,337
1094,841
1094,1095
1094,1662
1094,1663
1095,620
1095,807
1095,832
1095,1094
1095,2202
1095,2467
1096,503
1096,606
1096,611
1096,677
1096,731
1096,818
1096,953
1096,1098
1096,1106
1097,1592
1097,2657
1098,588
1098,592
1098,609
1098,613
1098,617
1098,678
1098,719
1098,728
1098,738
1098,989
1098,1019
1098,1096
1098,1105
1098,1194
1098,1776
1098,2243
1098,2352
1098,2664
1098,2731
1099,163
1099,490
1099,575
1099,611
1099,616
1099,738
1099,749
1099,843
1099,1100
1099,1666
1100,163
1100,575
1100,738
1100,740
1100,744
1100,747
1100,750
1100,1197
1100,1198
1100,1201
1100,1375
1100,1681
1100,1713
1100,1885
1100,2217
1100,2470
1100,2643
1101,563
1101,741
1101,755
1101,764
1101,816
1101,968
1101,1034
1101,1036
1101,1040
1101,1046
1101,1311
1101,1379
1101,1709
1101,2024
1101,2110
1101,2216
1101,2218
1101,2658
1102,440
1102,606
1102,717
1102,728
1102,827
1102,833
1102,849
1102,968
1102,974
1102,1114
1102,1663
1102,2132
1102,2308
1102,2324
1102,2664
1102,2811
1103,234
1103,362
1103,532
1103,554
1103,575
1103,606
1103,616
1103,620
1103,738
1103,925
1103,943
1103,968
1103,1019
1103,1112
1103,1141
1103,1147
1103,1152
1103,1264
1103,2532
1104,616
1104,1029
1104,2532
1105,489
1105,615
1105,616
1105,728
1105,731
1105,1022
1105,1098
1105,2359
1106,383
1106,614
1106,738
1106,755
1106,763
1106,816
1106,974
1106,998
1106,1098
1106,1102
1106,1114
1106,1264
1106,1373
1106,2132
1107,612
1107,642
1107,749
1107,755
1107,797
1107,869
1107,968
1107,1114
1107,2692
1108,616
1108,739
1108,748
1108,1109
1108,1114
1108,1118
1108,1195
1108,1331
1108,2676
1109,333
1109,525
1109,763
1109,1108
1109,1114
1109,1893
1109,1905
1109,2256
1110,307
1110,616
1110,693
1110,843
1110,844
1110,1114
1110,1306
1110,1374
1110,1941
1110,1942
1110,2368
1110,2496
1110,2510
1111,384
1111,442
1111,525
1111,558
1111,617
1111,731
1111,939
1111,967
1111,1114
1111,1883
1111,2204
1112,406
1112,448
1112,478
1112,491
1112,553
1112,615
1112,616
1112,617
1112,737
1112,738
1112,744
1112,748
1112,751
1112,753
1112,775
1112,829
1112,834
1112,841
1112,843
1112,844
1112,968
1112,1005
1112,1007
1112,1023
1112,1026
1112,1029
1112,1032
1112,1034
1112,1061
1112,1113
1112,1114
1112,1152
1112,1273
1112,1374
1112,1821
1112,1845
1112,1895
1112,1896
1112,1905
1112,1906
1112,1941
1112,2211
1112,2357
1112,2470
1112,2496
1112,2508
1112,2658
1112,2783
1113,1045
1113,1096
1113,1112
1113,1114
1113,1872
1113,2812
1114,491
1114,602
1114,605
1114,616
1114,737
1114,738
1114,744
1114,750
1114,796
1114,816
1114,818
1114,830
1114,842
1114,843
1114,894
1114,926
1114,968
1114,1005
1114,1022
1114,1023
1114,1102
1114,1106
1114,1107
1114,1108
1114,1109
1114,1111
1114,1112
1114,1145
1114,1361
1114,1373
1114,1661
1114,1720
1114,1800
1114,2454
1114,2470
1114,2612
1114,2813
1115,1
1115,124
1115,210
1115,217
1115,226
1115,387
1115,482
1115,497
1115,505
1115,507
1116,77
1116,217
1116,226
1116,247
1116,255
1116,289
1116,308
1116,403
1116,418
1116,549
1116,810
1116,1238
1116,1243
1116,1912
1116,2310
1117,240
1117,1019
1118,244
1118,487
1118,827
1118,983
1118,1087
1118,1669
1118,2232
1119,1773
1119,2377
1119,2563
1120,1650
1121,2809
1122,921
1122,1052
1122,1836
1122,1865
1122,2094
1122,2338
1122,2391
1122,2414
1122,2619
1122,2625
1122,2814
1122,2815
1122,2816
1123,1504
1123,2112
1124,1501
1124,2043
1124,2388
1124,2562
1125,888
1125,2817
1126,732
1126,1155
1126,1254
1126,1255
1126,1433
1126,1461
1126,1486
1126,1493
1126,1519
1126,1539
1126,1543
1126,1833
1126,2038
1126,2053
1126,2180
1126,2326
1126,2430
1126,2818
1127,1275
1127,1555
1127,1564
1127,1568
1127,2035
1127,2053
1127,2242
1127,2621
1127,2760
1128,1597
1128,1607
1128,1830
1128,2297
1128,2422
1128,2822
1128,2823
1129,80
1129,568
1130,5
1130,11
1130,102
1130,109
1130,115
1130,144
1130,155
1130,159
1130,163
1130,166
1130,172
1130,179
1130,181
1130,239
1130,303
1130,323
1130,361
1130,362
1130,368
1130,429
1130,435
1130,454
1130,466
1130,473
1130,493
1130,526
1130,535
1130,581
1130,604
1130,620
1130,658
1130,659
1130,679
1130,684
1130,693
1130,696
1130,716
1130,730
1130,732
1130,739
1130,760
1130,762
1130,778
1130,780
1130,781
1130,789
1130,798
1130,829
1130,838
1130,847
1130,866
1130,868
1130,877
1130,904
1130,906
1130,928
1130,980
1130,1036
1130,1039
1130,1052
1130,1054
1130,1057
1130,1067
1130,1069
1130,1070
1130,1075
1130,1109
1130,1136
1130,1162
1130,1186
1130,1200
1130,1208
1130,1235
1130,1237
1130,1246
1130,1247
1130,1250
1130,1252
1130,1260
1130,1295
1130,1307
1130,1314
1130,1326
1130,1330
1130,1338
1130,1344
1130,1346
1130,1350
1130,1385
1130,1398
1130,1402
1130,1411
1130,1412
1130,1416
1130,1420
1130,1422
1130,1424
1130,1425
1130,1426
1130,1433
1130,1435
1130,1436
1130,1440
1130,1441
1130,1445
1130,1447
1130,1449
1130,1450
1130,1462
1130,1470
1130,1478
1130,1488
1130,1529
1130,1537
1130,1577
1130,1642
1130,1647
1130,1660
1130,1711
1130,1715
1130,1731
1130,1733
1130,1734
1130,1738
1130,1744
1130,1765
1130,1774
1130,1782
1130,1830
1130,1854
1130,1953
1130,1977
1130,1981
1130,1994
1130,2010
1130,2019
1130,2045
1130,2186
1130,2337
1130,2345
1130,2450
1130,2582
1130,2609
1131,119
1131,325
1132,223
1132,627
1133,307
1133,382
1133,464
1133,468
1133,627
1134,479
1134,555
1135,255
1135,346
1135,503
1135,516
1135,570
1135,681
1135,804
1135,1077
1135,2348
1136,172
1136,254
1136,327
1136,360
1136,426
1136,467
1136,546
1136,572
1136,672
1136,683
1136,944
1136,1008
1136,1175
1136,1307
1136,1363
1136,1825
1136,2295
1137,317
1137,669
1137,715
1137,1808
1138,715
1138,1142
1138,1313
1139,625
1139,689
1139,2824
1140,178
1140,240
1140,264
1140,269
1140,270
1140,303
1140,336
1140,406
1140,409
1140,437
1140,446
1140,460
1140,467
1140,532
1140,583
1140,722
1140,739
1140,767
1140,830
1140,938
1140,974
1140,975
1140,1079
1140,1139
1140,1142
1140,2099
1140,2191
1141,209
1141,264
1141,328
1141,448
1141,481
1141,488
1141,616
1141,669
1141,672
1141,701
1141,836
1141,1151
1141,1309
1141,1311
1141,1627
1141,1792
1141,2148
1141,2465
1142,244
1142,409
1142,448
1142,583
1142,602
1142,608
1142,609
1142,655
1142,669
1142,1016
1142,1140
1142,1309
1142,1310
1142,1356
1142,2286
1142,2350
1143,118
1143,240
1143,336
1143,337
1143,455
1143,668
1143,672
1143,722
1143,827
1143,938
1143,984
1143,985
1143,1016
1143,1312
1143,1315
1143,1754
1144,316
1144,1012
1144,1020
1144,1021
1144,1090
1145,331
1145,406
1145,690
1145,738
1145,749
1145,753
1145,842
1145,843
1145,907
1145,965
1145,1114
1145,1883
1146,663
1146,917
1147,489
1147,709
1147,1005
1147,1660
1148,189
1148,392
1148,454
1148,475
1148,545
1148,565
1148,842
1148,1363
1148,1408
1149,9
1149,75
1149,87
1149,124
1149,195
1149,213
1149,222
1149,261
1149,325
1149,394
1149,453
1149,544
1149,621
1149,663
1149,1359
1150,264
1150,499
1150,526
1150,720
1150,893
1150,968
1150,1015
1150,1092
1150,1136
1150,1185
1150,1252
1150,1254
1150,1255
1150,1257
1150,1260
1150,1268
1150,1272
1150,1295
1150,1341
1150,1394
1150,1401
1150,1426
1150,1433
1150,1436
1150,1443
1150,1451
1150,1469
1150,1477
1150,1478
1150,1479
1150,1484
1150,1485
1150,1492
1150,1493
1150,1499
1150,1506
1150,1514
1150,1525
1150,1528
1150,1538
1150,1554
1150,1560
1150,1570
1150,1571
1150,1592
1150,1610
1150,1646
1150,1724
1150,1739
1150,1745
1150,1746
1150,1747
1150,1773
1150,1807
1150,1832
1150,1833
1150,1835
1150,1867
1150,1981
1150,2012
1150,2031
1150,2032
1150,2044
1150,2054
1150,2058
1150,2079
1150,2160
1150,2177
1150,2180
1150,2188
1150,2190
1150,2203
1150,2268
1150,2274
1150,2347
1150,2384
1150,2399
1150,2400
1150,2428
1150,2434
1150,2621
1150,2624
1150,2742
1150,2825
1150,2826
1150,2827
1150,2828
1151,59
1151,87
1151,118
1151,222
1151,244
1151,249
1151,257
1151,260
1151,264
1151,300
1151,317
1151,328
1151,337
1151,392
1151,394
1151,409
1151,426
1151,442
1151,457
1151,465
1151,471
1151,500
1151,542
1151,555
1151,567
1151,570
1151,616
1151,622
1151,663
1151,679
1151,701
1151,708
1151,719
1151,806
1151,813
1151,819
1151,822
1151,827
1151,937
1151,968
1151,975
1151,977
1151,1016
1151,1042
1151,1077
1151,1141
1151,1214
1151,1298
1151,1314
1151,1363
1151,1678
1151,1935
1151,2191
1151,2467
1152,575
1152,605
1152,621
1152,731
1152,748
1152,749
1152,767
1152,816
1152,845
1152,849
1152,914
1152,1032
1152,1033
1152,1036
1152,1041
1152,1112
1152,1666
1152,1871
1152,2169
1152,2218
1152,2330
1152,2357
1152,2478
1153,87
1153,655
1153,910
1153,1034
1153,1206
1153,1218
1153,1222
1153,1659
1153,1711
1153,2235
1153,2372
1153,2494
1153,2829
1153,2830
1154,656
1154,781
1154,868
1154,1049
1154,1644
1154,1791
1155,87
1155,509
1155,575
1155,599
1155,620
1155,716
1155,746
1155,828
1155,878
1155,905
1155,925
1155,1015
1155,1126
1155,1157
1155,1161
1155,1166
1155,1186
1155,1253
1155,1260
1155,1275
1155,1319
1155,1450
1155,1504
1155,1507
1155,1522
1155,1525
1155,1539
1155,1541
1155,1544
1155,1571
1155,1610
1155,1612
1155,1646
1155,1699
1155,1728
1155,1747
1155,1788
1155,1833
1155,1999
1155,2018
1155,2031
1155,2052
1155,2054
1155,2094
1155,2385
1155,2791
1156,87
1156,1160
1156,2236
1157,870
1157,888
1157,898
1158,1063
1158,1397
1158,2303
1159,636
1159,643
1159,645
1159,882
1159,1388
1159,1409
1159,2300
1159,2607
1160,87
1160,575
1160,599
1160,633
1160,848
1160,861
1160,870
1160,890
1160,1156
1160,1168
1160,1170
1160,1243
1160,1919
1160,1952
1160,1975
1160,2273
1160,2495
1160,2699
1160,2725
1161,87
1161,383
1161,633
1161,880
1161,928
1161,1015
1161,1071
1161,1155
1161,1166
1161,1343
1161,1595
1161,1615
1161,1739
1161,1774
1161,1787
1161,1825
1161,1982
1161,1991
1161,2392
1161,2774
1162,5
1162,87
1162,94
1162,115
1162,155
1162,166
1162,171
1162,280
1162,317
1162,336
1162,382
1162,393
1162,397
1162,412
1162,466
1162,483
1162,493
1162,499
1162,509
1162,572
1162,576
1162,581
1162,601
1162,615
1162,621
1162,643
1162,644
1162,646
1162,648
1162,653
1162,684
1162,729
1162,782
1162,807
1162,861
1162,868
1162,875
1162,877
1162,906
1162,909
1162,925
1162,943
1162,999
1162,1024
1162,1057
1162,1058
1162,1059
1162,1067
1162,1070
1162,1130
1162,1200
1162,1202
1162,1208
1162,1250
1162,1257
1162,1263
1162,1268
1162,1275
1162,1323
1162,1327
1162,1350
1162,1392
1162,1412
1162,1425
1162,1433
1162,1436
1162,1441
1162,1443
1162,1445
1162,1449
1162,1463
1162,1477
1162,1482
1162,1487
1162,1500
1162,1511
1162,1528
1162,1533
1162,1537
1162,1539
1162,1570
1162,1638
1162,1646
1162,1716
1162,1737
1162,1743
1162,1766
1162,1772
1162,1773
1162,1859
1162,1885
1162,2006
1162,2187
1162,2338
1162,2344
1162,2421
1162,2814
1163,852
1163,890
1163,1201
1163,1215
1163,1216
1163,1228
1163,1345
1163,1383
1163,1690
1163,1691
1163,1696
1163,1779
1163,1966
1163,2102
1163,2264
1163,2302
1163,2831
1164,87
1164,289
1164,599
1164,651
1164,654
1164,732
1164,778
1164,797
1164,861
1164,963
1164,1045
1164,1166
1164,1186
1164,1222
1164,1257
1164,1332
1164,1338
1164,1347
1164,1349
1164,1390
1164,1403
1164,1414
1164,1420
1164,1443
1164,1687
1164,1709
1164,1717
1164,1718
1164,1727
1164,1768
1164,1787
1164,1825
1164,1859
1164,1887
1164,1970
1164,2040
1164,2162
1164,2165
1164,2272
1164,2401
1164,2443
1164,2449
1164,2527
1164,2556
1164,2659
1164,2701
1164,2734
1164,2832
1164,2833
1164,2834
1165,87
1165,599
1165,640
1165,652
1165,760
1165,812
1165,847
1165,900
1165,906
1165,1002
1165,1042
1165,1051
1165,1064
1165,1066
1165,1070
1165,1158
1165,1160
1165,1163
1165,1181
1165,1202
1165,1205
1165,1224
1165,1322
1165,1324
1165,1331
1165,1337
1165,1345
1165,1384
1165,1394
1165,1395
1165,1402
1165,1695
1165,1784
1165,1786
1165,1801
1165,1844
1165,1952
1165,2157
1165,2160
1165,2235
1165,2273
1165,2301
1165,2302
1165,2333
1165,2443
1165,2492
1165,2493
1165,2494
1165,2542
1165,2608
1165,2681
1165,2832
1166,87
1166,107
1166,323
1166,659
1166,762
1166,780
1166,798
1166,866
1166,870
1166,897
1166,904
1166,1002
1166,1159
1166,1205
1166,1207
1166,1215
1166,1216
1166,1247
1166,1261
1166,1295
1166,1347
1166,1349
1166,1420
1166,1426
1166,1449
1166,1486
1166,1676
1166,1689
1166,1699
1166,1711
1166,1725
1166,1729
1166,1749
1166,1843
1166,2537
1166,2568
1166,2575
1167,1180
1167,2425
1168,87
1168,243
1168,602
1168,893
1168,910
1168,1066
1168,1160
1168,1376
1168,1952
1168,2159
1168,2506
1169,87
1169,155
1169,313
1169,435
1169,442
1169,493
1169,534
1169,535
1169,748
1169,760
1169,762
1169,796
1169,829
1169,841
1169,870
1169,889
1169,928
1169,943
1169,968
1169,1025
1169,1048
1169,1057
1169,1072
1169,1204
1169,1208
1169,1254
1169,1339
1169,1351
1169,1397
1169,1409
1169,1431
1169,1433
1169,1443
1169,1446
1169,1449
1169,1463
1169,1470
1169,1477
1169,1487
1169,1500
1169,1512
1169,1528
1169,1561
1169,1565
1169,1705
1169,1715
1169,1737
1169,1747
1169,1768
1169,1771
1169,1774
1169,1786
1169,1896
1169,1920
1169,1982
1169,1985
1169,2033
1169,2040
1169,2154
1169,2190
1169,2346
1169,2385
1170,87
1170,292
1170,435
1170,534
1170,613
1170,655
1170,656
1170,754
1170,762
1170,778
1170,812
1170,859
1170,861
1170,887
1170,898
1170,931
1170,967
1170,969
1170,1025
1170,1058
1170,1067
1170,1160
1170,1165
1170,1181
1170,1201
1170,1217
1170,1220
1170,1224
1170,1228
1170,1231
1170,1233
1170,1234
1170,1328
1170,1329
1170,1331
1170,1332
1170,1354
1170,1405
1170,1409
1170,1727
1170,1767
1170,1768
1170,1791
1170,1919
1170,1970
1170,2161
1170,2263
1170,2494
1170,2495
1170,2519
1170,2544
1170,2547
1170,2576
1170,2630
1170,2660
1171,87
1172,347
1173,300
1173,350
1173,378
1173,387
1173,471
1173,473
1173,596
1173,603
1173,672
1173,673
1173,675
1173,872
1173,919
1173,1092
1173,1169
1173,1254
1173,1336
1173,1363
1173,1461
1173,1480
1173,1490
1173,1493
1173,1507
1173,1747
1173,1839
1173,1890
1173,1948
1173,1979
1173,2034
1173,2104
1173,2127
1173,2618
1173,2758
1173,2835
1174,677
1174,1793
1175,431
1175,1923
1176,443
1177,1923
1178,379
1178,937
1179,347
1180,525
1180,1167
1180,1279
1180,1430
1180,1538
1180,1551
1180,1560
1180,1598
1180,1607
1180,2035
1180,2126
1180,2266
1180,2358
1180,2492
1180,2647
1180,2660
1180,2682
1180,2776
1180,2827
1181,155
1181,534
1181,754
1181,1073
1181,1170
1181,1233
1181,1328
1181,1348
1181,1466
1181,1784
1181,1791
1181,2144
1181,2493
1181,2544
1181,2727
1182,790
1182,1072
1182,1332
1182,1349
1182,1409
1182,1438
1182,1919
1182,2836
1183,92
1183,656
1183,807
1183,887
1183,1051
1183,1061
1183,1153
1183,1209
1183,1227
1183,1228
1183,1233
1183,1332
1183,1335
1183,1338
1183,1409
1183,1418
1183,1437
1183,1696
1183,1702
1183,1783
1183,1849
1183,2102
1183,2495
1183,2540
1184,841
1184,878
1184,1056
1184,1186
1184,1187
1184,1209
1184,1328
1184,1331
1184,1342
1184,1346
1184,1347
1184,1348
1184,1349
1184,1351
1184,1398
1184,1410
1184,1418
1184,1432
1184,1438
1184,1705
1184,1733
1184,1852
1184,1853
1184,1857
1184,2103
1184,2145
1184,2175
1184,2293
1184,2763
1184,2837
1184,2838
1185,328
1185,409
1185,526
1185,534
1185,642
1185,732
1185,799
1185,886
1185,1150
1185,1216
1185,1235
1185,1255
1185,1325
1185,1349
1185,1388
1185,1451
1185,1492
1185,1520
1185,1524
1185,1649
1185,1709
1185,1714
1185,1833
1185,1834
1185,1891
1185,2012
1185,2375
1185,2427
1185,2480
1185,2495
1185,2802
1185,2817
1185,2825
1185,2839
1185,2840
1186,87
1186,380
1186,637
1186,730
1186,807
1186,1023
1186,1067
1186,1200
1186,1227
1186,1233
1186,1236
1186,1328
1186,1331
1186,1332
1186,1342
1186,1345
1186,1347
1186,1409
1186,1414
1186,1415
1186,1707
1186,1708
1186,1711
1186,1739
1186,1919
1186,1938
1186,2144
1186,2175
1186,2569
1186,2836
1187,149
1187,1184
1187,1340
1187,1733
1187,2753
1187,2841
1187,2842
1188,2123
1189,33
1189,97
1189,117
1189,210
1190,97
1191,41
1191,90
1191,269
1191,588
1191,592
1191,831
1191,1085
1191,1944
1191,1945
1191,1990
1191,2843
1192,37
1192,102
1192,126
1192,150
1193,537
1194,221
1194,240
1194,334
1194,387
1194,448
1194,473
1194,478
1194,494
1194,600
1194,610
1194,629
1194,676
1194,684
1194,705
1194,712
1194,743
1194,753
1194,785
1194,794
1194,829
1194,938
1194,1034
1194,1058
1194,1059
1194,1080
1194,1098
1194,1117
1194,1144
1194,1198
1194,1201
1194,1208
1194,1301
1194,1362
1194,1674
1194,1906
1194,2307
1195,320
1195,731
1195,838
1195,1043
1195,1086
1195,1108
1195,1893
1196,216
1196,388
1196,448
1196,460
1196,532
1196,606
1196,614
1196,644
1196,738
1196,750
1196,840
1196,843
1196,917
1196,998
1196,1198
1196,1228
1196,1894
1196,2210
1196,2303
1196,2509
1196,2532
1197,216
1197,493
1197,608
1197,695
1197,741
1197,743
1197,744
1197,748
1197,750
1197,751
1197,842
1197,906
1197,988
1197,1030
1197,1032
1197,1100
1197,1361
1197,1877
1197,1905
1197,2110
1197,2156
1197,2458
1197,2674
1198,317
1198,478
1198,484
1198,731
1198,743
1198,749
1198,750
1198,752
1198,753
1198,839
1198,1026
1198,1034
1198,1059
1198,1100
1198,1194
1198,1196
1198,1372
1198,1375
1198,1906
1198,2496
1199,62
1199,599
1199,716
1199,755
1199,1067
1199,1070
1199,1222
1199,1390
1199,1410
1199,1452
1199,1477
1199,1496
1199,2018
1199,2188
1199,2340
1199,2450
1199,2653
1200,275
1200,323
1200,397
1200,428
1200,435
1200,499
1200,509
1200,526
1200,535
1200,581
1200,602
1200,613
1200,658
1200,659
1200,684
1200,696
1200,723
1200,730
1200,760
1200,777
1200,797
1200,812
1200,847
1200,866
1200,870
1200,890
1200,897
1200,899
1200,1013
1200,1015
1200,1025
1200,1051
1200,1066
1200,1122
1200,1130
1200,1150
1200,1168
1200,1185
1200,1186
1200,1202
1200,1207
1200,1208
1200,1211
1200,1215
1200,1220
1200,1229
1200,1236
1200,1251
1200,1252
1200,1254
1200,1255
1200,1257
1200,1258
1200,1273
1200,1295
1200,1324
1200,1338
1200,1349
1200,1350
1200,1389
1200,1390
1200,1410
1200,1418
1200,1436
1200,1440
1200,1461
1200,1464
1200,1469
1200,1476
1200,1477
1200,1482
1200,1483
1200,1484
1200,1492
1200,1502
1200,1503
1200,1504
1200,1508
1200,1528
1200,1537
1200,1550
1200,1572
1200,1621
1200,1651
1200,1668
1200,1698
1200,1702
1200,1709
1200,1716
1200,1737
1200,1745
1200,1774
1200,1791
1200,1824
1200,1830
1200,1850
1200,1851
1200,1859
1200,1887
1200,1982
1200,2013
1200,2177
1200,2189
1200,2225
1200,2271
1200,2326
1200,2345
1200,2399
1200,2400
1200,2425
1200,2592
1200,2642
1200,2712
1200,2742
1200,2770
1200,2817
1200,2839
1201,149
1201,155
1201,357
1201,447
1201,608
1201,612
1201,684
1201,732
1201,762
1201,768
1201,861
1201,869
1201,870
1201,877
1201,892
1201,896
1201,931
1201,955
1201,1014
1201,1025
1201,1030
1201,1045
1201,1046
1201,1060
1201,1100
1201,1113
1201,1163
1201,1184
1201,1188
1201,1194
1201,1207
1201,1208
1201,1209
1201,1210
1201,1214
1201,1215
1201,1221
1201,1227
1201,1236
1201,1306
1201,1325
1201,1348
1201,1398
1201,1409
1201,1414
1201,1416
1201,1418
1201,1435
1201,1484
1201,1570
1201,1660
1201,1694
1201,1729
1201,1782
1201,1791
1201,1896
1201,1979
1201,2166
1201,2303
1201,2336
1201,2549
1201,2584
1201,2597
1201,2608
1201,2748
1202,172
1202,602
1202,613
1202,640
1202,649
1202,861
1202,870
1202,871
1202,1051
1202,1059
1202,1214
1202,1216
1202,1345
1202,1390
1202,1621
1202,1699
1202,1725
1202,1973
1202,2164
1202,2234
1202,2263
1202,2301
1202,2443
1202,2844
1203,526
1203,642
1203,766
1203,775
1203,777
1203,1038
1203,2183
1203,2204
1203,2257
1203,2331
1204,639
1204,854
1204,1797
1205,1002
1205,1215
1205,1216
1205,1326
1205,1447
1205,2528
1206,488
1206,642
1206,1025
1206,1153
1206,1163
1206,1210
1206,1214
1206,1784
1206,1846
1207,149
1207,357
1207,620
1207,636
1207,639
1207,640
1207,643
1207,647
1207,649
1207,654
1207,655
1207,692
1207,730
1207,732
1207,752
1207,763
1207,781
1207,829
1207,848
1207,861
1207,870
1207,889
1207,893
1207,896
1207,906
1207,931
1207,963
1207,1018
1207,1025
1207,1045
1207,1051
1207,1052
1207,1058
1207,1059
1207,1166
1207,1184
1207,1200
1207,1201
1207,1209
1207,1221
1207,1223
1207,1231
1207,1236
1207,1261
1207,1306
1207,1322
1207,1325
1207,1326
1207,1331
1207,1342
1207,1343
1207,1348
1207,1349
1207,1350
1207,1408
1207,1409
1207,1416
1207,1418
1207,1456
1207,1484
1207,1644
1207,1660
1207,1667
1207,1731
1207,1737
1207,1764
1207,1782
1207,1784
1207,1791
1207,1797
1207,1855
1207,1897
1207,1961
1207,1979
1207,2174
1207,2270
1207,2272
1207,2462
1207,2608
1207,2837
1208,166
1208,323
1208,362
1208,397
1208,406
1208,478
1208,488
1208,493
1208,526
1208,535
1208,586
1208,643
1208,655
1208,657
1208,684
1208,696
1208,712
1208,730
1208,732
1208,762
1208,782
1208,798
1208,818
1208,847
1208,877
1208,1024
1208,1025
1208,1039
1208,1054
1208,1059
1208,1060
1208,1067
1208,1070
1208,1130
1208,1158
1208,1162
1208,1165
1208,1194
1208,1200
1208,1207
1208,1215
1208,1216
1208,1246
1208,1252
1208,1254
1208,1258
1208,1274
1208,1295
1208,1327
1208,1344
1208,1349
1208,1400
1208,1430
1208,1435
1208,1444
1208,1445
1208,1449
1208,1450
1208,1453
1208,1458
1208,1461
1208,1462
1208,1469
1208,1470
1208,1477
1208,1482
1208,1487
1208,1489
1208,1499
1208,1500
1208,1511
1208,1528
1208,1537
1208,1577
1208,1638
1208,1649
1208,1650
1208,1683
1208,1711
1208,1724
1208,1725
1208,1734
1208,1735
1208,1747
1208,1749
1208,1772
1208,1830
1208,1839
1208,1854
1208,1886
1208,1920
1208,1972
1208,1983
1208,2002
1208,2344
1208,2383
1208,2561
1208,2563
1208,2846
1209,526
1209,640
1209,654
1209,861
1209,1023
1209,1049
1209,1072
1209,1170
1209,1183
1209,1184
1209,1201
1209,1207
1209,1230
1209,1232
1209,1233
1209,1236
1209,1327
1209,1331
1209,1336
1209,1339
1209,1342
1209,1409
1209,1432
1209,1644
1209,1715
1209,1717
1209,1733
1209,1849
1209,1855
1209,2371
1209,2519
1209,2597
1209,2609
1210,603
1210,629
1210,646
1210,654
1210,657
1210,696
1210,754
1210,882
1210,907
1210,912
1210,967
1210,1018
1210,1025
1210,1055
1210,1059
1210,1060
1210,1067
1210,1170
1210,1201
1210,1206
1210,1211
1210,1215
1210,1236
1210,1695
1210,1779
1210,1786
1210,1904
1210,1967
1210,2270
1210,2301
1210,2699
1210,2751
1211,656
1211,696
1211,882
1211,898
1211,1025
1211,1210
1211,1345
1211,1689
1211,2134
1211,2262
1211,2301
1211,2527
1212,454
1212,532
1212,755
1212,757
1212,797
1212,801
1212,807
1212,917
1212,963
1212,1002
1212,1246
1212,1383
1212,1532
1212,1621
1212,1846
1212,2153
1212,2446
1213,676
1213,890
1213,1218
1213,1232
1213,1782
1213,2494
1213,2608
1214,255
1214,260
1214,309
1214,383
1214,403
1214,448
1214,534
1214,555
1214,560
1214,629
1214,640
1214,663
1214,702
1214,757
1214,861
1214,870
1214,907
1214,937
1214,951
1214,967
1214,1025
1214,1051
1214,1058
1214,1063
1214,1067
1214,1165
1214,1202
1214,1205
1214,1206
1214,1207
1214,1235
1214,1338
1214,1345
1214,1349
1214,1363
1214,1386
1214,1394
1214,1397
1214,1694
1214,1703
1214,1715
1214,1784
1214,1786
1214,2263
1214,2301
1214,2302
1214,2544
1214,2748
1215,306
1215,351
1215,362
1215,383
1215,397
1215,435
1215,603
1215,628
1215,629
1215,639
1215,640
1215,643
1215,644
1215,645
1215,646
1215,659
1215,684
1215,724
1215,730
1215,748
1215,752
1215,762
1215,778
1215,801
1215,807
1215,829
1215,861
1215,866
1215,868
1215,880
1215,890
1215,906
1215,907
1215,908
1215,912
1215,969
1215,1001
1215,1002
1215,1051
1215,1057
1215,1058
1215,1060
1215,1160
1215,1162
1215,1163
1215,1166
1215,1200
1215,1201
1215,1202
1215,1205
1215,1207
1215,1208
1215,1210
1215,1211
1215,1216
1215,1236
1215,1322
1215,1323
1215,1332
1215,1349
1215,1350
1215,1366
1215,1386
1215,1408
1215,1435
1215,1445
1215,1462
1215,1695
1215,1699
1215,1715
1215,1759
1215,1783
1215,1797
1215,1843
1215,2112
1215,2181
1215,2263
1215,2542
1215,2681
1215,2689
1215,2700
1216,467
1216,535
1216,581
1216,648
1216,730
1216,732
1216,754
1216,896
1216,1057
1216,1064
1216,1067
1216,1158
1216,1163
1216,1166
1216,1180
1216,1202
1216,1205
1216,1223
1216,1227
1216,1229
1216,1233
1216,1254
1216,1295
1216,1327
1216,1345
1216,1350
1216,1385
1216,1428
1216,1436
1216,1443
1216,1445
1216,1455
1216,1462
1216,1471
1216,1473
1216,1476
1216,1696
1216,1705
1216,1724
1216,1738
1216,1739
1216,1749
1216,1772
1216,1784
1216,1830
1216,1975
1216,1982
1216,1990
1216,2179
1216,2244
1216,2337
1216,2561
1216,2728
1217,658
1217,754
1217,781
1217,848
1217,859
1217,902
1217,1170
1217,1222
1217,1233
1217,1332
1217,1397
1217,1671
1217,1711
1217,1717
1217,1767
1217,1849
1217,2161
1217,2238
1217,2547
1217,2588
1218,859
1218,890
1218,1025
1218,1069
1218,1153
1218,1213
1218,1224
1218,1232
1218,1405
1218,1656
1218,2587
1218,2592
1218,2608
1218,2727
1219,155
1219,643
1219,659
1219,732
1219,782
1219,1224
1219,1236
1219,1287
1219,1331
1219,1337
1219,1345
1219,1785
1219,2301
1219,2576
1220,1227
1220,1333
1220,2111
1221,427
1221,606
1221,747
1221,778
1221,801
1221,818
1221,829
1221,878
1221,906
1221,909
1221,1025
1221,1049
1221,1164
1221,1170
1221,1201
1221,1207
1221,1209
1221,1214
1221,1224
1221,1228
1221,1233
1221,1236
1221,1328
1221,1329
1221,1332
1221,1334
1221,1335
1221,1337
1221,1342
1221,1345
1221,1398
1221,1420
1221,1463
1221,1499
1221,1645
1221,1647
1221,1656
1221,1671
1221,1709
1221,1712
1221,1715
1221,1723
1221,1729
1221,1739
1221,1767
1221,1771
1221,1788
1221,1829
1221,1982
1221,2144
1221,2160
1221,2161
1221,2164
1221,2169
1221,2264
1221,2329
1221,2356
1221,2578
1221,2847
1222,383
1222,732
1222,873
1222,877
1222,905
1222,963
1222,1051
1222,1069
1222,1122
1222,1164
1222,1199
1222,1205
1222,1217
1222,1227
1222,1236
1222,1258
1222,1330
1222,1331
1222,1339
1222,1345
1222,1390
1222,1416
1222,1420
1222,1436
1222,1438
1222,1447
1222,1455
1222,1621
1222,1641
1222,1656
1222,1659
1222,1687
1222,1696
1222,1709
1222,1715
1222,1717
1222,1718
1222,1733
1222,1738
1222,1741
1222,1787
1222,1791
1222,1853
1222,1858
1222,1859
1222,1979
1222,2163
1222,2167
1222,2234
1222,2235
1222,2237
1222,2262
1222,2271
1222,2328
1222,2338
1222,2446
1222,2492
1222,2558
1222,2576
1222,2587
1222,2599
1222,2696
1222,2727
1222,2749
1222,2751
1222,2848
1222,2849
1223,646
1223,658
1223,859
1223,905
1223,1216
1223,1224
1223,1227
1223,1345
1223,1405
1223,1414
1223,1715
1223,1718
1223,1979
1223,2669
1223,2704
1223,2749
1224,637
1224,790
1224,1066
1224,1170
1224,1218
1224,1219
1224,1223
1224,1331
1224,1336
1224,1405
1224,1919
1224,2111
1224,2264
1224,2495
1224,2549
1225,659
1225,1230
1225,1233
1225,1409
1225,2494
1226,1227
1226,2547
1226,2587
1227,648
1227,754
1227,905
1227,909
1227,1025
1227,1040
1227,1048
1227,1170
1227,1183
1227,1216
1227,1220
1227,1222
1227,1223
1227,1226
1227,1230
1227,1233
1227,1325
1227,1327
1227,1332
1227,1335
1227,1354
1227,1405
1227,1409
1227,1455
1227,1484
1227,1771
1227,1791
1227,1852
1227,2591
1227,2850
1228,286
1228,323
1228,754
1228,848
1228,1025
1228,1163
1228,1165
1228,1183
1228,1229
1228,1230
1228,1233
1228,1327
1228,1329
1228,1388
1228,1703
1228,1725
1228,1727
1228,1849
1228,2160
1229,526
1229,730
1229,896
1229,1067
1229,1073
1229,1200
1229,1216
1229,1228
1229,1233
1229,1263
1229,1326
1229,1327
1229,1405
1229,1696
1229,1842
1230,656
1230,859
1230,1225
1230,1227
1230,1228
1230,1404
1230,1791
1231,637
1231,754
1231,1025
1231,1066
1231,1170
1231,1323
1231,1327
1231,1330
1231,1345
1231,1405
1231,1727
1231,1784
1231,1975
1231,1979
1231,2144
1231,2492
1231,2506
1231,2698
1232,323
1232,859
1232,1213
1232,1218
1232,1229
1233,637
1233,640
1233,754
1233,848
1233,1025
1233,1038
1233,1040
1233,1058
1233,1061
1233,1067
1233,1170
1233,1181
1233,1183
1233,1216
1233,1217
1233,1225
1233,1227
1233,1228
1233,1229
1233,1236
1233,1327
1233,1329
1233,1330
1233,1349
1233,1350
1233,1394
1233,1414
1233,1420
1233,1709
1233,1767
1233,2162
1233,2494
1233,2495
1233,2519
1233,2704
1234,1734
1235,798
1235,1025
1235,1067
1235,1331
1235,1347
1235,1349
1235,1396
1235,1398
1235,1420
1235,1435
1235,1577
1235,1702
1235,1725
1235,1979
1236,172
1236,243
1236,526
1236,534
1236,581
1236,603
1236,613
1236,633
1236,639
1236,646
1236,653
1236,654
1236,656
1236,658
1236,692
1236,730
1236,765
1236,778
1236,798
1236,829
1236,859
1236,861
1236,866
1236,870
1236,881
1236,882
1236,891
1236,892
1236,905
1236,906
1236,909
1236,912
1236,963
1236,1002
1236,1023
1236,1048
1236,1049
1236,1051
1236,1066
1236,1068
1236,1070
1236,1072
1236,1074
1236,1153
1236,1158
1236,1159
1236,1163
1236,1165
1236,1170
1236,1186
1236,1199
1236,1200
1236,1201
1236,1207
1236,1209
1236,1213
1236,1216
1236,1218
1236,1219
1236,1222
1236,1227
1236,1228
1236,1232
1236,1233
1236,1322
1236,1323
1236,1325
1236,1326
1236,1327
1236,1329
1236,1330
1236,1331
1236,1332
1236,1337
1236,1343
1236,1345
1236,1349
1236,1350
1236,1351
1236,1386
1236,1390
1236,1398
1236,1415
1236,1420
1236,1455
1236,1456
1236,1484
1236,1613
1236,1656
1236,1671
1236,1687
1236,1695
1236,1696
1236,1703
1236,1707
1236,1725
1236,1727
1236,1729
1236,1739
1236,1749
1236,1767
1236,1784
1236,1844
1236,1850
1236,1855
1236,1887
1236,1979
1236,2015
1236,2134
1236,2144
1236,2164
1236,2235
1236,2263
1236,2272
1236,2304
1236,2335
1236,2425
1236,2450
1236,2491
1236,2494
1236,2501
1236,2544
1236,2548
1236,2549
1236,2575
1236,2576
1236,2578
1236,2608
1236,2609
1236,2610
1236,2647
1236,2660
1236,2671
1236,2696
1236,2698
1236,2704
1236,2716
1236,2727
1236,2728
1236,2851
1237,48
1237,115
1237,209
1237,216
1237,410
1237,468
1237,563
1237,604
1237,621
1237,666
1237,684
1237,693
1237,755
1237,759
1237,777
1237,1019
1237,1083
1237,1130
1237,1623
1237,1637
1237,1660
1237,1667
1237,1816
1237,1895
1238,1
1238,8
1238,24
1238,67
1238,75
1238,77
1238,99
1238,110
1238,115
1238,163
1238,173
1238,178
1238,180
1238,211
1238,234
1238,239
1238,252
1238,256
1238,262
1238,279
1238,289
1238,300
1238,317
1238,332
1238,336
1238,356
1238,367
1238,368
1238,369
1238,378
1238,382
1238,383
1238,386
1238,394
1238,403
1238,409
1238,415
1238,416
1238,418
1238,437
1238,454
1238,471
1238,475
1238,479
1238,507
1238,549
1238,553
1238,554
1238,556
1238,558
1238,560
1238,561
1238,566
1238,575
1238,604
1238,609
1238,620
1238,621
1238,668
1238,678
1238,680
1238,701
1238,719
1238,724
1238,737
1238,738
1238,748
1238,795
1238,810
1238,812
1238,827
1238,838
1238,843
1238,845
1238,886
1238,894
1238,906
1238,925
1238,926
1238,935
1238,959
1238,974
1238,1003
1238,1005
1238,1019
1238,1023
1238,1046
1238,1054
1238,1058
1238,1088
1238,1093
1238,1103
1238,1105
1238,1112
1238,1116
1238,1208
1238,1214
1238,1243
1238,1313
1238,1369
1238,1370
1238,1626
1238,1636
1238,1665
1238,1802
1238,1834
1238,1912
1238,1921
1238,1932
1238,2104
1238,2289
1238,2532
1238,2581
1239,124
1239,228
1240,300
1240,308
1240,333
1240,378
1240,504
1241,588
1242,251
1242,307
1242,346
1242,380
1242,560
1243,234
1243,245
1243,258
1243,261
1243,270
1243,303
1243,418
1243,499
1243,501
1243,547
1243,549
1243,561
1243,810
1243,953
1243,1116
1243,1160
1243,1932
1244,356
1244,552
1244,623
1244,1756
1245,245
1245,378
1245,388
1245,627
1245,663
1245,665
1245,958
1245,1315
1245,1370
1246,100
1246,165
1246,239
1246,397
1246,410
1246,553
1246,602
1246,618
1246,643
1246,684
1246,713
1246,729
1246,747
1246,749
1246,769
1246,780
1246,796
1246,798
1246,896
1246,1002
1246,1010
1246,1043
1246,1059
1246,1166
1246,1208
1246,1212
1246,1247
1246,1759
1246,1843
1246,2104
1246,2184
1246,2613
1247,155
1247,215
1247,235
1247,280
1247,362
1247,383
1247,509
1247,621
1247,643
1247,684
1247,729
1247,755
1247,762
1247,781
1247,782
1247,798
1247,807
1247,861
1247,866
1247,904
1247,909
1247,935
1247,955
1247,1002
1247,1054
1247,1070
1247,1130
1247,1160
1247,1161
1247,1166
1247,1182
1247,1200
1247,1215
1247,1246
1247,1257
1247,1311
1247,1327
1247,1363
1247,1377
1247,1402
1247,1404
1247,1412
1247,1414
1247,1449
1247,1453
1247,1456
1247,1497
1247,1532
1247,1736
1247,1766
1247,1784
1247,1842
1247,1990
1247,2134
1247,2190
1247,2287
1248,1437
1248,1737
1248,2165
1249,1261
1249,2095
1249,2177
1250,440
1250,1070
1250,1257
1250,1351
1250,1457
1250,1500
1250,1743
1250,1771
1250,1987
1250,2678
1251,1887
1251,2276
1251,2600
1252,660
1252,878
1252,915
1252,1072
1252,1130
1252,1222
1252,1257
1252,1295
1252,1390
1252,1410
1252,1424
1252,1443
1252,1461
1252,1468
1252,1469
1252,1470
1252,1711
1252,1735
1252,1737
1252,1830
1252,1886
1252,1980
1252,1983
1252,1990
1252,2174
1252,2346
1252,2552
1252,2600
1252,2667
1252,2670
1252,2672
1253,1254
1253,1461
1253,1495
1253,1497
1253,1501
1253,1507
1253,1513
1253,1531
1253,1534
1253,1564
1253,1854
1253,1865
1253,2018
1253,2020
1253,2031
1253,2040
1253,2046
1253,2433
1253,2817
1253,2853
1254,53
1254,155
1254,171
1254,526
1254,581
1254,596
1254,614
1254,782
1254,816
1254,847
1254,889
1254,1027
1254,1048
1254,1126
1254,1145
1254,1150
1254,1169
1254,1199
1254,1216
1254,1251
1254,1253
1254,1256
1254,1325
1254,1400
1254,1424
1254,1433
1254,1434
1254,1445
1254,1450
1254,1457
1254,1458
1254,1461
1254,1462
1254,1465
1254,1468
1254,1470
1254,1471
1254,1472
1254,1476
1254,1477
1254,1478
1254,1482
1254,1486
1254,1492
1254,1499
1254,1503
1254,1518
1254,1539
1254,1650
1254,1749
1254,1772
1254,1773
1254,1774
1254,1790
1254,1887
1254,1888
1254,1890
1254,1981
1254,1988
1254,1992
1254,2002
1254,2011
1254,2015
1254,2016
1254,2344
1254,2345
1254,2347
1254,2378
1254,2482
1254,2633
1254,2738
1254,2740
1254,2767
1254,2854
1254,2855
1254,2856
1254,2857
1255,526
1255,651
1255,1126
1255,1150
1255,1259
1255,1273
1255,1319
1255,1433
1255,1458
1255,1472
1255,1476
1255,1481
1255,1482
1255,1524
1255,1528
1255,1536
1255,1540
1255,1545
1255,1579
1255,1591
1255,1741
1255,1835
1255,2008
1255,2009
1255,2012
1255,2045
1255,2063
1255,2097
1255,2190
1255,2466
1255,2483
1256,586
1256,1254
1256,1295
1256,1347
1256,1404
1256,1458
1256,1471
1256,1511
1256,1518
1256,1527
1256,1532
1256,1537
1256,1570
1256,1724
1256,1773
1256,1830
1256,1992
1256,2016
1256,2345
1256,2346
1256,2482
1256,2736
1256,2738
1257,100
1257,307
1257,428
1257,526
1257,596
1257,744
1257,1057
1257,1070
1257,1126
1257,1150
1257,1247
1257,1250
1257,1254
1257,1258
1257,1268
1257,1340
1257,1344
1257,1353
1257,1377
1257,1427
1257,1433
1257,1439
1257,1443
1257,1450
1257,1463
1257,1466
1257,1469
1257,1470
1257,1471
1257,1472
1257,1476
1257,1478
1257,1482
1257,1484
1257,1489
1257,1490
1257,1492
1257,1493
1257,1496
1257,1503
1257,1526
1257,1530
1257,1557
1257,1646
1257,1651
1257,1734
1257,1736
1257,1745
1257,1770
1257,1771
1257,1772
1257,1774
1257,1826
1257,1830
1257,1835
1257,2008
1257,2010
1257,2014
1257,2016
1257,2017
1257,2022
1257,2023
1257,2030
1257,2123
1257,2190
1257,2345
1257,2672
1257,2758
1258,426
1258,535
1258,1039
1258,1067
1258,1222
1258,1257
1258,1390
1258,1476
1258,1482
1258,1484
1258,1486
1258,1496
1258,1503
1258,1592
1258,1621
1258,1980
1258,2347
1258,2452
1258,2488
1258,2858
1259,393
1259,499
1259,717
1259,808
1259,878
1259,1015
1259,1092
1259,1127
1259,1220
1259,1255
1259,1260
1259,1261
1259,1272
1259,1273
1259,1274
1259,1275
1259,1280
1259,1282
1259,1372
1259,1433
1259,1493
1259,1502
1259,1507
1259,1521
1259,1522
1259,1524
1259,1530
1259,1538
1259,1543
1259,1545
1259,1549
1259,1551
1259,1553
1259,1554
1259,1555
1259,1556
1259,1560
1259,1564
1259,1569
1259,1570
1259,1571
1259,1582
1259,1591
1259,1592
1259,1610
1259,1621
1259,1652
1259,1706
1259,1749
1259,1866
1259,2012
1259,2030
1259,2042
1259,2048
1259,2049
1259,2050
1259,2051
1259,2052
1259,2053
1259,2058
1259,2062
1259,2065
1259,2067
1259,2094
1259,2097
1259,2126
1259,2242
1259,2388
1259,2391
1259,2407
1259,2410
1259,2429
1259,2433
1259,2436
1259,2626
1259,2656
1259,2771
1259,2827
1259,2859
1259,2860
1259,2861
1259,2862
1260,1122
1260,1127
1260,1259
1260,1261
1260,1263
1260,1279
1260,1282
1260,1284
1260,1341
1260,1433
1260,1499
1260,1503
1260,1507
1260,1513
1260,1530
1260,1536
1260,1537
1260,1538
1260,1541
1260,1545
1260,1551
1260,1556
1260,1571
1260,1575
1260,1576
1260,1592
1260,1610
1260,1750
1260,1774
1260,1867
1260,2018
1260,2019
1260,2044
1260,2058
1260,2072
1260,2076
1260,2176
1260,2179
1260,2413
1260,2603
1260,2759
1260,2806
1260,2807
1260,2810
1260,2816
1260,2863
1260,2864
1260,2865
1260,2866
1260,2867
1261,70
1261,433
1261,517
1261,762
1261,868
1261,1052
1261,1166
1261,1207
1261,1249
1261,1319
1261,1477
1261,1539
1261,1551
1261,1570
1261,1594
1261,1769
1261,2017
1261,2058
1261,2062
1261,2390
1261,2417
1261,2868
1262,2093
1263,19
1263,51
1263,155
1263,165
1263,182
1263,205
1263,493
1263,581
1263,729
1263,999
1263,1162
1263,1180
1263,1229
1263,1260
1263,1286
1263,1433
1263,1482
1263,1491
1263,1511
1263,1982
1263,2421
1263,2674
1263,2869
1264,163
1264,245
1264,382
1264,468
1264,516
1264,1691
1265,584
1266,16
1266,109
1266,146
1266,148
1266,179
1266,182
1266,186
1266,194
1266,216
1266,321
1266,323
1266,369
1266,374
1266,378
1266,397
1266,403
1266,415
1266,418
1266,584
1266,612
1266,630
1266,668
1266,673
1266,689
1266,712
1266,735
1266,752
1266,780
1266,781
1266,1046
1266,1237
1266,1300
1266,1306
1266,1311
1266,1363
1266,1782
1266,1843
1267,99
1267,103
1268,596
1268,1257
1268,1433
1268,1480
1268,1492
1268,1493
1268,1500
1268,1504
1268,1554
1268,1610
1268,1651
1268,1833
1268,2012
1268,2025
1268,2390
1268,2771
1268,2860
1269,1015
1269,1253
1269,1491
1269,1520
1269,2025
1269,2030
1269,2404
1269,2820
1269,2870
1270,1476
1270,1482
1270,2119
1271,1122
1271,1283
1271,1538
1271,1558
1271,1559
1271,1565
1271,1574
1271,1604
1271,1607
1271,1608
1271,1836
1271,1865
1271,2074
1271,2076
1271,2081
1271,2095
1271,2098
1271,2388
1271,2394
1271,2417
1271,2705
1271,2872
1271,2873
1272,1519
1272,2434
1272,2621
1273,399
1273,499
1273,581
1273,808
1273,915
1273,1040
1273,1112
1273,1120
1273,1122
1273,1200
1273,1255
1273,1259
1273,1268
1273,1274
1273,1275
1273,1276
1273,1281
1273,1295
1273,1433
1273,1482
1273,1486
1273,1499
1273,1528
1273,1530
1273,1533
1273,1538
1273,1539
1273,1545
1273,1553
1273,1556
1273,1564
1273,1567
1273,1569
1273,1570
1273,1571
1273,1583
1273,1585
1273,1610
1273,1613
1273,1615
1273,1646
1273,1668
1273,1724
1273,1769
1273,1836
1273,1869
1273,2018
1273,2030
1273,2031
1273,2035
1273,2048
1273,2052
1273,2054
1273,2060
1273,2062
1273,2067
1273,2071
1273,2072
1273,2093
1273,2095
1273,2096
1273,2126
1273,2249
1273,2390
1273,2391
1273,2392
1273,2409
1273,2466
1273,2623
1273,2626
1273,2687
1273,2717
1273,2760
1273,2769
1273,2774
1273,2807
1273,2860
1273,2874
1273,2875
1273,2876
1273,2877
1273,2878
1273,2879
1273,2880
1274,393
1274,1262
1274,1273
1274,1279
1274,1522
1274,1528
1274,1551
1274,1555
1274,1566
1274,1571
1274,1584
1274,1594
1274,1604
1274,1613
1274,1614
1274,1706
1274,1832
1274,2035
1274,2087
1274,2093
1274,2094
1274,2126
1274,2619
1274,2714
1274,2779
1274,2881
1274,2882
1274,2883
1275,921
1275,1127
1275,1268
1275,1286
1275,1506
1275,1512
1275,1536
1275,1549
1275,1552
1275,1555
1275,1569
1275,1579
1275,1588
1275,1652
1275,1865
1275,2018
1275,2028
1275,2035
1275,2050
1275,2058
1275,2394
1275,2420
1275,2422
1275,2625
1275,2760
1275,2785
1275,2820
1275,2835
1275,2868
1275,2884
1275,2885
1276,1526
1276,2374
1276,2445
1276,2623
1277,1495
1277,1574
1277,1589
1278,2068
1278,2414
1278,2682
1278,2715
1279,772
1279,873
1279,1097
1279,1203
1279,1262
1279,1274
1279,1275
1279,1281
1279,1282
1279,1283
1279,1285
1279,1286
1279,1287
1279,1372
1279,1430
1279,1433
1279,1458
1279,1499
1279,1507
1279,1524
1279,1526
1279,1528
1279,1529
1279,1536
1279,1538
1279,1540
1279,1552
1279,1555
1279,1559
1279,1560
1279,1562
1279,1567
1279,1569
1279,1571
1279,1572
1279,1574
1279,1576
1279,1580
1279,1583
1279,1584
1279,1585
1279,1586
1279,1588
1279,1589
1279,1592
1279,1594
1279,1595
1279,1596
1279,1600
1279,1604
1279,1607
1279,1608
1279,1609
1279,1611
1279,1613
1279,1668
1279,1706
1279,1773
1279,1774
1279,1868
1279,2000
1279,2002
1279,2034
1279,2048
1279,2050
1279,2056
1279,2061
1279,2067
1279,2069
1279,2071
1279,2076
1279,2081
1279,2083
1279,2084
1279,2085
1279,2089
1279,2091
1279,2093
1279,2094
1279,2095
1279,2097
1279,2098
1279,2124
1279,2266
1279,2383
1279,2388
1279,2409
1279,2415
1279,2417
1279,2438
1279,2705
1279,2745
1279,2773
1279,2775
1279,2776
1279,2873
1279,2874
1279,2876
1279,2886
1279,2887
1279,2888
1279,2889
1279,2890
1279,2891
1279,2892
1279,2893
1279,2894
1279,2895
1279,2896
1279,2897
1279,2898
1279,2899
1279,2900
1280,399
1280,1259
1280,1262
1280,1604
1280,2718
1280,2861
1281,1275
1281,1865
1281,2072
1281,2389
1281,2411
1281,2414
1281,2626
1281,2902
1282,910
1282,1274
1282,1278
1282,1283
1282,1285
1282,1286
1282,1503
1282,1549
1282,1552
1282,1560
1282,1571
1282,1576
1282,1579
1282,1585
1282,1601
1282,1608
1282,1837
1282,1868
1282,2027
1282,2058
1282,2067
1282,2112
1282,2126
1282,2414
1282,2623
1282,2626
1282,2657
1282,2903
1282,2904
1283,772
1283,921
1283,1097
1283,1120
1283,1122
1283,1275
1283,1282
1283,1284
1283,1285
1283,1286
1283,1538
1283,1553
1283,1554
1283,1557
1283,1562
1283,1566
1283,1569
1283,1571
1283,1572
1283,1578
1283,1579
1283,1585
1283,1590
1283,1592
1283,1596
1283,1604
1283,1608
1283,1832
1283,1864
1283,2050
1283,2058
1283,2059
1283,2067
1283,2075
1283,2126
1283,2378
1283,2411
1283,2436
1283,2622
1283,2717
1283,2872
1283,2905
1283,2906
1283,2907
1283,2908
1283,2909
1284,910
1284,1092
1284,1260
1284,1283
1284,1490
1284,1499
1284,1524
1284,1567
1284,1574
1284,1579
1284,1581
1284,1587
1284,1606
1284,2067
1284,2411
1284,2414
1284,2421
1284,2621
1284,2623
1284,2625
1284,2626
1284,2655
1284,2819
1284,2876
1284,2893
1284,2910
1285,509
1285,1282
1285,1552
1285,1564
1285,1594
1285,1615
1285,1749
1285,1772
1285,1868
1285,2048
1285,2065
1285,2112
1285,2419
1285,2623
1285,2781
1286,1263
1286,1282
1286,1538
1286,1553
1286,1564
1286,1597
1286,2112
1286,2435
1286,2621
1286,2912
1286,2913
1287,1219
1287,1331
1287,1495
1287,1571
1287,2088
1287,2094
1287,2096
1287,2098
1287,2417
1287,2419
1287,2657
1287,2780
1287,2881
1287,2882
1287,2887
1287,2888
1287,2899
1287,2909
1287,2914
1287,2915
1287,2916
1287,2917
1288,45
1289,176
1289,215
1289,264
1289,360
1289,719
1289,859
1289,890
1289,988
1289,1010
1289,2221
1289,2538
1290,30
1291,189
1291,243
1291,288
1291,294
1291,457
1291,517
1291,526
1291,568
1291,1752
1292,178
1292,337
1292,377
1292,380
1292,489
1292,503
1292,587
1292,678
1292,767
1292,770
1292,830
1292,934
1292,974
1292,1065
1292,1145
1292,2472
1293,225
1293,333
1293,405
1293,497
1293,623
1293,685
1293,961
1293,1000
1294,243
1294,260
1294,790
1295,45
1295,53
1295,76
1295,110
1295,123
1295,152
1295,159
1295,177
1295,179
1295,181
1295,182
1295,197
1295,205
1295,228
1295,234
1295,312
1295,352
1295,362
1295,369
1295,397
1295,435
1295,524
1295,535
1295,572
1295,581
1295,599
1295,651
1295,659
1295,678
1295,684
1295,716
1295,781
1295,782
1295,797
1295,798
1295,818
1295,866
1295,880
1295,999
1295,1002
1295,1039
1295,1050
1295,1057
1295,1070
1295,1130
1295,1150
1295,1166
1295,1200
1295,1207
1295,1208
1295,1212
1295,1214
1295,1216
1295,1247
1295,1248
1295,1252
1295,1273
1295,1306
1295,1322
1295,1329
1295,1347
1295,1394
1295,1404
1295,1427
1295,1433
1295,1440
1295,1451
1295,1472
1295,1477
1295,1484
1295,1489
1295,1503
1295,1528
1295,1529
1295,1539
1295,1566
1295,1582
1295,1592
1295,1638
1295,1689
1295,1728
1295,1747
1295,1773
1295,1774
1295,1859
1295,1964
1295,1981
1295,1992
1295,2067
1295,2112
1295,2394
1295,2407
1295,2417
1295,2450
1295,2857
1295,2892
1295,2918
1295,2919
1296,254
1296,379
1296,1818
1297,426
1297,565
1297,627
1297,930
1297,998
1298,279
1298,303
1298,437
1298,468
1298,488
1298,493
1298,680
1298,684
1298,685
1298,1304
1298,1759
1299,565
1299,1621
1300,26
1300,62
1300,110
1300,181
1300,195
1300,232
1300,256
1300,258
1300,259
1300,334
1300,352
1300,356
1300,397
1300,403
1300,415
1300,471
1300,479
1300,483
1300,505
1300,507
1300,621
1300,665
1300,676
1300,819
1300,1133
1300,1306
1300,1363
1300,1674
1300,1815
1301,172
1301,307
1301,315
1301,378
1301,477
1301,588
1301,680
1301,685
1301,687
1301,710
1301,719
1301,829
1301,938
1301,984
1301,1019
1301,1194
1301,1806
1301,2105
1302,488
1303,673
1303,689
1303,713
1303,942
1303,964
1303,997
1303,1304
1303,1793
1303,2349
1304,333
1304,473
1304,488
1304,627
1304,668
1304,669
1304,942
1304,1303
1304,1363
1304,1806
1304,1903
1304,2278
1304,2296
1305,1757
1306,110
1306,152
1306,179
1306,200
1306,256
1306,266
1306,289
1306,340
1306,348
1306,350
1306,361
1306,397
1306,403
1306,418
1306,479
1306,553
1306,594
1306,630
1306,632
1306,642
1306,653
1306,668
1306,670
1306,684
1306,696
1306,712
1306,724
1306,735
1306,810
1306,831
1306,871
1306,894
1306,896
1306,899
1306,903
1306,938
1306,943
1306,955
1306,992
1306,1044
1306,1055
1306,1091
1306,1110
1306,1201
1306,1207
1306,1257
1306,1266
1306,1300
1306,1316
1306,1363
1306,1691
1306,1815
1306,1843
1306,1893
1306,1961
1306,2010
1306,2524
1307,269
1307,315
1307,327
1307,336
1307,383
1307,409
1307,489
1307,532
1307,563
1307,668
1307,669
1307,724
1307,739
1307,936
1307,944
1307,1003
1307,1004
1307,1194
1307,1657
1308,843
1308,847
1308,1002
1309,264
1309,938
1309,1141
1309,1142
1309,1632
1310,172
1310,264
1310,269
1310,336
1310,437
1310,455
1310,672
1310,717
1310,804
1310,827
1310,1003
1310,1004
1310,1023
1310,1118
1310,1142
1310,1311
1310,1356
1310,1658
1310,1935
1310,2206
1310,2226
1311,178
1311,200
1311,216
1311,337
1311,360
1311,361
1311,362
1311,373
1311,388
1311,406
1311,409
1311,435
1311,460
1311,493
1311,503
1311,525
1311,553
1311,563
1311,583
1311,587
1311,588
1311,605
1311,608
1311,612
1311,621
1311,630
1311,633
1311,636
1311,642
1311,693
1311,695
1311,712
1311,716
1311,726
1311,731
1311,738
1311,741
1311,742
1311,744
1311,746
1311,747
1311,750
1311,751
1311,752
1311,755
1311,764
1311,770
1311,774
1311,777
1311,807
1311,812
1311,841
1311,842
1311,843
1311,851
1311,852
1311,917
1311,939
1311,955
1311,974
1311,992
1311,1001
1311,1005
1311,1020
1311,1025
1311,1034
1311,1041
1311,1046
1311,1058
1311,1076
1311,1094
1311,1101
1311,1103
1311,1141
1311,1197
1311,1198
1311,1247
1311,1266
1311,1310
1311,1317
1311,1660
1311,1683
1311,1782
1311,1895
1311,1896
1311,1897
1311,2102
1311,2215
1311,2216
1311,2269
1311,2352
1311,2517
1311,2592
1312,252
1312,378
1312,468
1312,471
1312,473
1312,562
1312,570
1312,614
1312,679
1312,938
1312,974
1312,994
1312,1118
1312,1142
1312,1143
1313,334
1313,384
1313,437
1313,470
1313,503
1313,673
1313,710
1313,938
1313,943
1313,965
1313,992
1313,1138
1314,67
1314,125
1314,165
1314,264
1314,327
1314,340
1314,378
1314,409
1314,429
1314,433
1314,437
1314,669
1314,684
1314,710
1314,729
1314,789
1314,812
1314,827
1314,935
1314,943
1314,944
1314,1003
1314,1363
1314,1796
1315,240
1315,269
1315,320
1315,337
1315,712
1315,723
1315,727
1315,767
1315,804
1315,827
1315,929
1315,938
1315,974
1315,985
1315,1009
1315,1079
1315,1083
1315,1084
1315,1143
1315,1245
1315,1370
1315,1657
1315,1776
1315,1822
1315,2131
1316,602
1316,609
1316,630
1316,632
1316,762
1316,830
1316,858
1316,1046
1316,1054
1316,1306
1316,1657
1316,1667
1316,1843
1316,2221
1316,2245
1316,2256
1316,2293
1316,2370
1317,334
1317,484
1317,563
1317,1142
1317,1313
1318,727
1318,1017
1319,9
1319,107
1319,235
1319,278
1319,362
1319,399
1319,432
1319,435
1319,499
1319,509
1319,526
1319,535
1319,581
1319,616
1319,639
1319,645
1319,694
1319,743
1319,762
1319,778
1319,798
1319,808
1319,847
1319,872
1319,896
1319,905
1319,926
1319,1038
1319,1040
1319,1064
1319,1078
1319,1082
1319,1122
1319,1126
1319,1130
1319,1152
1319,1155
1319,1162
1319,1200
1319,1208
1319,1216
1319,1253
1319,1255
1319,1258
1319,1259
1319,1260
1319,1261
1319,1262
1319,1268
1319,1271
1319,1273
1319,1274
1319,1275
1319,1279
1319,1280
1319,1282
1319,1283
1319,1341
1319,1344
1319,1372
1319,1385
1319,1396
1319,1407
1319,1411
1319,1416
1319,1417
1319,1420
1319,1426
1319,1429
1319,1430
1319,1435
1319,1439
1319,1440
1319,1442
1319,1445
1319,1450
1319,1458
1319,1460
1319,1461
1319,1463
1319,1464
1319,1465
1319,1467
1319,1468
1319,1469
1319,1472
1319,1473
1319,1476
1319,1478
1319,1479
1319,1485
1319,1487
1319,1489
1319,1491
1319,1493
1319,1495
1319,1496
1319,1499
1319,1500
1319,1501
1319,1502
1319,1506
1319,1507
1319,1517
1319,1518
1319,1521
1319,1524
1319,1525
1319,1526
1319,1528
1319,1529
1319,1530
1319,1533
1319,1534
1319,1537
1319,1538
1319,1539
1319,1541
1319,1545
1319,1547
1319,1548
1319,1550
1319,1551
1319,1552
1319,1553
1319,1554
1319,1555
1319,1556
1319,1557
1319,1559
1319,1560
1319,1561
1319,1562
1319,1563
1319,1564
1319,1565
1319,1566
1319,1569
1319,1570
1319,1572
1319,1576
1319,1577
1319,1578
1319,1579
1319,1580
1319,1582
1319,1583
1319,1584
1319,1585
1319,1586
1319,1588
1319,1592
1319,1593
1319,1596
1319,1597
1319,1600
1319,1601
1319,1603
1319,1604
1319,1608
1319,1610
1319,1612
1319,1613
1319,1614
1319,1638
1319,1643
1319,1646
1319,1651
1319,1660
1319,1668
1319,1705
1319,1706
1319,1726
1319,1737
1319,1739
1319,1747
1319,1769
1319,1771
1319,1774
1319,1782
1319,1829
1319,1835
1319,1837
1319,1854
1319,1858
1319,1859
1319,1886
1319,1890
1319,1892
1319,1895
1319,1896
1319,1970
1319,1978
1319,1983
1319,1990
1319,1991
1319,1992
1319,1994
1319,1996
1319,2009
1319,2010
1319,2012
1319,2016
1319,2019
1319,2021
1319,2022
1319,2023
1319,2028
1319,2032
1319,2033
1319,2035
1319,2037
1319,2040
1319,2041
1319,2045
1319,2046
1319,2048
1319,2050
1319,2059
1319,2064
1319,2065
1319,2067
1319,2078
1319,2080
1319,2081
1319,2082
1319,2083
1319,2084
1319,2087
1319,2088
1319,2089
1319,2093
1319,2094
1319,2095
1319,2096
1319,2097
1319,2098
1319,2112
1319,2126
1319,2127
1319,2135
1319,2164
1319,2190
1319,2242
1319,2252
1319,2268
1319,2283
1319,2300
1319,2338
1319,2342
1319,2344
1319,2361
1319,2376
1319,2377
1319,2388
1319,2390
1319,2392
1319,2402
1319,2404
1319,2417
1319,2422
1319,2483
1319,2488
1319,2558
1319,2560
1319,2623
1319,2625
1319,2650
1319,2737
1319,2739
1319,2757
1319,2769
1319,2771
1319,2774
1319,2778
1319,2792
1319,2803
1319,2823
1319,2826
1319,2856
1319,2857
1319,2864
1319,2873
1319,2880
1319,2881
1319,2885
1319,2889
1319,2890
1319,2891
1319,2898
1319,2910
1319,2914
1319,2917
1319,2920
1319,2921
1319,2922
1319,2923
1319,2924
1319,2925
1319,2926
1319,2927
1319,2928
1319,2929
1320,749
1320,816
1320,2195
1321,621
1321,639
1321,643
1321,653
1321,655
1321,657
1321,660
1321,769
1321,771
1321,782
1321,807
1321,867
1321,891
1321,1109
1321,1797
1321,1961
1321,2219
1321,2471
1322,115
1322,280
1322,428
1322,653
1322,658
1322,798
1322,807
1322,847
1322,861
1322,883
1322,917
1322,926
1322,1052
1322,1054
1322,1070
1322,1073
1322,1076
1322,1165
1322,1205
1322,1207
1322,1236
1322,1295
1322,1327
1322,1329
1322,1352
1322,1386
1322,1401
1322,1418
1322,1433
1322,1449
1322,1450
1322,1579
1322,1668
1322,1768
1322,1844
1322,1850
1322,1859
1322,1968
1322,1979
1322,1984
1322,1988
1322,2000
1322,2026
1322,2187
1322,2190
1322,2234
1322,2253
1322,2282
1322,2543
1323,171
1323,599
1323,653
1323,848
1323,897
1323,905
1323,912
1323,1025
1323,1069
1323,1070
1323,1160
1323,1183
1323,1215
1323,1227
1323,1228
1323,1231
1323,1233
1323,1236
1323,1325
1323,1330
1323,1332
1323,1342
1323,1349
1323,1350
1323,1354
1323,1440
1323,1458
1323,1484
1323,1503
1323,1696
1323,1855
1323,1885
1323,1920
1323,1982
1323,2184
1323,2270
1323,2492
1323,2728
1323,2930
1324,399
1324,880
1324,906
1324,1165
1324,1168
1324,1200
1324,1784
1324,2055
1325,155
1325,732
1325,873
1325,912
1325,928
1325,963
1325,1048
1325,1070
1325,1209
1325,1227
1325,1236
1325,1254
1325,1327
1325,1339
1325,1342
1325,1343
1325,1351
1325,1385
1325,1386
1325,1390
1325,1410
1325,1420
1325,1422
1325,1432
1325,1436
1325,1438
1325,1450
1325,1470
1325,1484
1325,1638
1325,1644
1325,1687
1325,1709
1325,1717
1325,1718
1325,1735
1325,1737
1325,1739
1325,1766
1325,1771
1325,1786
1325,1858
1325,1859
1325,1979
1325,2344
1325,2554
1325,2678
1325,2754
1326,212
1326,435
1326,608
1326,633
1326,648
1326,656
1326,658
1326,679
1326,732
1326,760
1326,764
1326,769
1326,772
1326,776
1326,854
1326,882
1326,1041
1326,1043
1326,1048
1326,1068
1326,1069
1326,1163
1326,1180
1326,1183
1326,1187
1326,1201
1326,1202
1326,1207
1326,1220
1326,1227
1326,1229
1326,1236
1326,1330
1326,1331
1326,1338
1326,1339
1326,1342
1326,1343
1326,1349
1326,1351
1326,1398
1326,1410
1326,1414
1326,1416
1326,1418
1326,1422
1326,1438
1326,1656
1326,1667
1326,1702
1326,1733
1326,1734
1326,1850
1326,1852
1326,1911
1326,1963
1326,1969
1326,1970
1326,1982
1326,2126
1326,2221
1326,2222
1326,2269
1326,2304
1326,2336
1326,2463
1326,2552
1326,2609
1326,2678
1326,2699
1327,171
1327,435
1327,613
1327,639
1327,640
1327,648
1327,659
1327,754
1327,762
1327,812
1327,861
1327,912
1327,1025
1327,1040
1327,1048
1327,1058
1327,1059
1327,1063
1327,1072
1327,1074
1327,1163
1327,1170
1327,1180
1327,1208
1327,1215
1327,1216
1327,1220
1327,1228
1327,1229
1327,1230
1327,1231
1327,1232
1327,1233
1327,1236
1327,1247
1327,1322
1327,1329
1327,1332
1327,1342
1327,1394
1327,1398
1327,1404
1327,1408
1327,1449
1327,1470
1327,1472
1327,1671
1327,1676
1327,1696
1327,1707
1327,1708
1327,1725
1327,1749
1327,1771
1327,1791
1327,1842
1327,1896
1327,1979
1327,2162
1327,2164
1327,2167
1327,2238
1327,2304
1327,2519
1327,2549
1327,2551
1327,2590
1327,2610
1327,2727
1328,658
1328,766
1328,790
1328,838
1328,912
1328,1063
1328,1170
1328,1181
1328,1186
1328,1332
1328,1339
1328,1342
1328,1415
1328,1739
1328,1919
1328,1992
1328,2103
1328,2144
1328,2264
1328,2596
1328,2931
1329,171
1329,323
1329,640
1329,646
1329,859
1329,896
1329,902
1329,1025
1329,1048
1329,1170
1329,1171
1329,1181
1329,1206
1329,1228
1329,1233
1329,1236
1329,1322
1329,1327
1329,1330
1329,1332
1329,1333
1329,1342
1329,1343
1329,1398
1329,1399
1329,1409
1329,1414
1329,1452
1329,1455
1329,1475
1329,1701
1329,1702
1329,1727
1329,1729
1329,1768
1329,1782
1329,1785
1329,2264
1329,2335
1329,2575
1329,2609
1329,2610
1330,648
1330,906
1330,1130
1330,1222
1330,1227
1330,1231
1330,1233
1330,1323
1330,1326
1330,1329
1330,1354
1330,1390
1330,1405
1330,1414
1330,1449
1330,1484
1330,1784
1330,1785
1330,1791
1330,1966
1330,2549
1330,2932
1330,2933
1330,2934
1331,155
1331,442
1331,732
1331,754
1331,812
1331,829
1331,897
1331,969
1331,1063
1331,1066
1331,1108
1331,1165
1331,1170
1331,1184
1331,1205
1331,1219
1331,1222
1331,1224
1331,1236
1331,1287
1331,1332
1331,1337
1331,1342
1331,1343
1331,1420
1331,1484
1331,1676
1331,1704
1331,1707
1331,1733
1331,1919
1331,1970
1331,2234
1331,2330
1331,2676
1332,357
1332,637
1332,754
1332,790
1332,1164
1332,1170
1332,1182
1332,1217
1332,1227
1332,1236
1332,1327
1332,1328
1332,1331
1332,1339
1332,1342
1332,1348
1332,1354
1332,1394
1332,1409
1332,1415
1332,1416
1332,1418
1332,1450
1332,1452
1332,1671
1332,1684
1332,1712
1332,1717
1332,1718
1332,1919
1332,2185
1332,2338
1332,2576
1332,2634
1333,357
1333,1186
1333,1220
1333,1329
1333,1334
1333,1344
1333,1349
1333,1410
1333,1492
1333,1708
1333,1785
1333,2185
1333,2547
1333,2576
1333,2609
1333,2855
1333,2935
1334,1333
1334,1791
1335,729
1335,1038
1335,1221
1335,1233
1335,1348
1335,1394
1335,1398
1335,1410
1335,1710
1335,1723
1335,1887
1335,2111
1336,1919
1336,2763
1337,499
1337,534
1337,829
1337,915
1337,1067
1337,1068
1337,1150
1337,1165
1337,1170
1337,1186
1337,1219
1337,1232
1337,1236
1337,1254
1337,1273
1337,1331
1337,1344
1337,1394
1337,1409
1337,1433
1337,1444
1337,1459
1337,1463
1337,1472
1337,1480
1337,1484
1337,1486
1337,1503
1337,1528
1337,1592
1337,1621
1337,1708
1337,1738
1337,1746
1337,1772
1337,1774
1337,1831
1337,1981
1337,2032
1337,2122
1337,2162
1337,2381
1338,155
1338,812
1338,1164
1338,1183
1338,1200
1338,1348
1338,1705
1338,2190
1338,2511
1338,2597
1338,2763
1339,993
1339,1048
1339,1056
1339,1209
1339,1325
1339,1328
1339,1332
1339,1342
1339,1349
1339,1410
1339,1416
1339,1687
1339,1710
1339,1733
1339,1919
1339,2185
1339,2609
1339,2936
1340,155
1340,339
1340,897
1340,1056
1340,1153
1340,1187
1340,1257
1340,1327
1340,1334
1340,1349
1340,1405
1340,1412
1340,1422
1340,1425
1340,1426
1340,1644
1340,1732
1340,1734
1340,1785
1340,1786
1340,2408
1340,2511
1340,2598
1340,2936
1341,1272
1341,1343
1341,1424
1341,1425
1341,1535
1341,1565
1341,1741
1341,1786
1341,1831
1341,1859
1341,1866
1341,2079
1341,2252
1341,2439
1341,2716
1341,2740
1341,2746
1341,2759
1341,2800
1341,2805
1341,2806
1341,2835
1341,2937
1341,2938
1342,171
1342,640
1342,659
1342,762
1342,781
1342,790
1342,812
1342,859
1342,887
1342,890
1342,909
1342,1025
1342,1048
1342,1049
1342,1056
1342,1057
1342,1067
1342,1072
1342,1170
1342,1209
1342,1221
1342,1224
1342,1233
1342,1323
1342,1325
1342,1326
1342,1327
1342,1328
1342,1329
1342,1331
1342,1332
1342,1339
1342,1340
1342,1343
1342,1345
1342,1348
1342,1390
1342,1398
1342,1410
1342,1412
1342,1414
1342,1415
1342,1418
1342,1438
1342,1449
1342,1470
1342,1486
1342,1499
1342,1671
1342,1696
1342,1707
1342,1725
1342,1727
1342,1771
1342,1782
1342,1785
1342,1851
1342,1852
1342,2144
1342,2272
1343,0
1343,128
1343,189
1343,275
1343,357
1343,560
1343,620
1343,659
1343,778
1343,798
1343,873
1343,963
1343,1049
1343,1067
1343,1166
1343,1236
1343,1325
1343,1326
1343,1329
1343,1331
1343,1332
1343,1342
1343,1348
1343,1349
1343,1414
1343,1415
1343,1417
1343,1422
1343,1486
1343,1687
1343,1705
1343,1711
1343,1716
1343,1733
1344,192
1344,312
1344,362
1344,393
1344,399
1344,428
1344,435
1344,448
1344,493
1344,499
1344,526
1344,581
1344,633
1344,645
1344,651
1344,653
1344,684
1344,716
1344,752
1344,762
1344,780
1344,782
1344,829
1344,847
1344,868
1344,878
1344,896
1344,915
1344,921
1344,963
1344,999
1344,1018
1344,1024
1344,1046
1344,1050
1344,1051
1344,1058
1344,1067
1344,1070
1344,1082
1344,1120
1344,1126
1344,1130
1344,1180
1344,1182
1344,1200
1344,1215
1344,1250
1344,1252
1344,1255
1344,1257
1344,1258
1344,1259
1344,1260
1344,1279
1344,1337
1344,1345
1344,1346
1344,1348
1344,1349
1344,1352
1344,1390
1344,1407
1344,1414
1344,1416
1344,1420
1344,1433
1344,1436
1344,1441
1344,1443
1344,1445
1344,1448
1344,1450
1344,1455
1344,1457
1344,1458
1344,1460
1344,1464
1344,1468
1344,1469
1344,1470
1344,1475
1344,1480
1344,1482
1344,1484
1344,1485
1344,1487
1344,1491
1344,1493
1344,1496
1344,1499
1344,1500
1344,1503
1344,1504
1344,1506
1344,1509
1344,1510
1344,1514
1344,1515
1344,1519
1344,1522
1344,1528
1344,1529
1344,1530
1344,1532
1344,1533
1344,1537
1344,1539
1344,1543
1344,1545
1344,1550
1344,1553
1344,1555
1344,1557
1344,1560
1344,1562
1344,1564
1344,1565
1344,1566
1344,1570
1344,1571
1344,1572
1344,1576
1344,1577
1344,1578
1344,1582
1344,1590
1344,1592
1344,1600
1344,1610
1344,1621
1344,1638
1344,1646
1344,1647
1344,1651
1344,1668
1344,1687
1344,1706
1344,1726
1344,1735
1344,1738
1344,1749
1344,1769
1344,1772
1344,1774
1344,1833
1344,1837
1344,1859
1344,1868
1344,1890
1344,1920
1344,1976
1344,1983
1344,1984
1344,1990
1344,1991
1344,1999
1344,2000
1344,2008
1344,2012
1344,2014
1344,2015
1344,2022
1344,2025
1344,2030
1344,2032
1344,2035
1344,2040
1344,2043
1344,2044
1344,2046
1344,2047
1344,2048
1344,2052
1344,2055
1344,2058
1344,2061
1344,2067
1344,2121
1344,2190
1344,2263
1344,2300
1344,2323
1344,2342
1344,2345
1344,2358
1344,2374
1344,2378
1344,2389
1344,2390
1344,2391
1344,2400
1344,2401
1344,2409
1344,2412
1344,2414
1344,2430
1344,2433
1344,2453
1344,2462
1344,2466
1344,2483
1344,2529
1344,2558
1344,2655
1344,2679
1344,2738
1344,2776
1344,2798
1344,2803
1344,2807
1344,2814
1344,2863
1344,2921
1344,2925
1344,2939
1344,2940
1344,2941
1344,2942
1345,250
1345,383
1345,435
1345,436
1345,448
1345,493
1345,534
1345,613
1345,640
1345,645
1345,646
1345,655
1345,656
1345,658
1345,730
1345,732
1345,760
1345,807
1345,829
1345,859
1345,861
1345,890
1345,905
1345,907
1345,909
1345,917
1345,928
1345,963
1345,967
1345,1023
1345,1025
1345,1051
1345,1059
1345,1067
1345,1163
1345,1165
1345,1180
1345,1186
1345,1202
1345,1210
1345,1211
1345,1214
1345,1216
1345,1219
1345,1221
1345,1222
1345,1223
1345,1229
1345,1231
1345,1236
1345,1258
1345,1342
1345,1348
1345,1349
1345,1352
1345,1409
1345,1415
1345,1417
1345,1418
1345,1420
1345,1422
1345,1444
1345,1676
1345,1687
1345,1688
1345,1696
1345,1699
1345,1701
1345,1705
1345,1709
1345,1733
1345,1779
1345,1786
1345,1791
1345,1856
1345,1967
1345,1970
1345,1971
1345,1979
1345,2175
1345,2234
1345,2302
1345,2552
1345,2554
1345,2608
1345,2642
1345,2681
1345,2751
1346,620
1346,732
1346,1071
1346,1184
1346,1349
1346,1350
1346,1416
1346,1422
1346,1733
1346,2609
1347,1063
1347,1164
1347,1184
1347,1186
1347,1235
1347,1256
1347,1260
1347,1295
1347,1350
1347,1434
1347,1435
1347,1717
1347,1718
1347,1886
1347,2167
1347,2688
1348,323
1348,357
1348,534
1348,535
1348,620
1348,640
1348,643
1348,658
1348,781
1348,812
1348,861
1348,891
1348,896
1348,905
1348,907
1348,909
1348,963
1348,1025
1348,1030
1348,1048
1348,1058
1348,1067
1348,1070
1348,1181
1348,1184
1348,1201
1348,1202
1348,1207
1348,1210
1348,1216
1348,1325
1348,1331
1348,1332
1348,1335
1348,1338
1348,1342
1348,1343
1348,1344
1348,1345
1348,1349
1348,1350
1348,1352
1348,1395
1348,1398
1348,1401
1348,1409
1348,1410
1348,1413
1348,1414
1348,1416
1348,1438
1348,1484
1348,1644
1348,1671
1348,1702
1348,1714
1348,1717
1348,1718
1348,1733
1348,1734
1348,1737
1348,1786
1348,1849
1348,1850
1348,2511
1348,2555
1348,2590
1348,2701
1348,2763
1348,2844
1349,602
1349,656
1349,660
1349,732
1349,865
1349,870
1349,878
1349,896
1349,963
1349,1040
1349,1049
1349,1051
1349,1056
1349,1182
1349,1184
1349,1235
1349,1236
1349,1326
1349,1339
1349,1340
1349,1343
1349,1346
1349,1348
1349,1414
1349,1416
1349,1417
1349,1422
1349,1430
1349,1644
1349,1676
1349,1687
1349,1705
1349,1709
1349,1717
1349,1718
1349,1734
1349,1786
1349,2146
1349,2262
1349,2303
1349,2345
1349,2527
1349,2577
1349,2660
1350,526
1350,729
1350,758
1350,781
1350,909
1350,1067
1350,1071
1350,1130
1350,1216
1350,1233
1350,1236
1350,1323
1350,1346
1350,1347
1350,1348
1350,1349
1350,1385
1350,1398
1350,1414
1350,1424
1350,1449
1350,1462
1350,1483
1350,1577
1350,1705
1350,1711
1350,1766
1350,1784
1350,1855
1350,1982
1350,2164
1350,2174
1350,2600
1350,2943
1351,1184
1351,1325
1351,1347
1351,1421
1351,1644
1351,1687
1351,1718
1351,1782
1351,1786
1351,1858
1352,323
1352,637
1352,878
1352,1348
1352,1416
1352,1436
1352,1772
1352,1789
1352,2669
1352,2723
1353,915
1353,1455
1353,1532
1353,1774
1353,2432
1354,1025
1354,1170
1354,1227
1354,1330
1354,1332
1354,1405
1354,1414
1354,1452
1354,1647
1354,1771
1354,1790
1354,1791
1355,117
1356,117
1356,336
1356,460
1356,525
1356,668
1356,688
1356,827
1356,886
1356,937
1356,938
1356,982
1356,986
1356,992
1356,1019
1356,1079
1356,1142
1356,1310
1356,1935
1356,2099
1356,2191
1356,2786
1357,71
1357,118
1357,243
1357,497
1357,2382
1358,215
1359,1678
1360,234
1360,379
1360,484
1361,617
1361,742
1361,795
1361,839
1361,1104
1361,1109
1361,1114
1361,1197
1361,1941
1362,307
1362,335
1362,1194
1363,172
1363,179
1363,244
1363,255
1363,279
1363,308
1363,392
1363,397
1363,403
1363,429
1363,433
1363,471
1363,479
1363,498
1363,562
1363,673
1363,679
1363,689
1363,719
1363,739
1363,819
1363,843
1363,1148
1363,1151
1363,1214
1363,1300
1363,1304
1363,1306
1363,1621
1363,1809
1363,1825
1363,1846
1363,1879
1364,477
1364,827
1364,1366
1365,465
1365,535
1365,701
1366,390
1366,547
1366,998
1367,333
1367,505
1368,68
1368,172
1368,256
1368,333
1368,468
1368,556
1368,561
1368,627
1368,663
1369,325
1369,382
1369,483
1369,516
1369,681
1369,940
1370,67
1370,171
1370,178
1370,215
1370,240
1370,244
1370,245
1370,259
1370,269
1370,307
1370,309
1370,315
1370,318
1370,326
1370,327
1370,334
1370,360
1370,361
1370,378
1370,379
1370,388
1370,393
1370,406
1370,425
1370,435
1370,440
1370,446
1370,460
1370,484
1370,490
1370,494
1370,506
1370,543
1370,553
1370,561
1370,611
1370,620
1370,629
1370,664
1370,665
1370,668
1370,673
1370,676
1370,677
1370,678
1370,679
1370,682
1370,688
1370,689
1370,710
1370,712
1370,719
1370,722
1370,727
1370,735
1370,739
1370,764
1370,810
1370,827
1370,871
1370,937
1370,941
1370,944
1370,951
1370,954
1370,956
1370,962
1370,974
1370,983
1370,1021
1370,1023
1370,1137
1370,1143
1370,1243
1370,1245
1370,1264
1370,1304
1370,1315
1370,1627
1370,1632
1370,1658
1370,1669
1370,1803
1370,1808
1370,1921
1370,1922
1370,1935
1370,2106
1370,2280
1370,2664
1371,478
1371,604
1371,695
1371,730
1371,769
1371,829
1371,868
1371,996
1371,1802
1372,136
1372,216
1372,223
1372,361
1372,563
1372,602
1372,749
1372,790
1372,839
1372,903
1372,907
1372,998
1372,1014
1372,1198
1372,1227
1372,1259
1372,1279
1372,1433
1372,1489
1372,1526
1372,1529
1372,1539
1372,1558
1372,2757
1373,733
1373,740
1373,749
1373,827
1373,894
1373,1005
1373,1078
1373,1098
1373,1106
1373,1114
1373,1661
1374,1112
1374,1884
1374,2273
1375,743
1375,750
1375,844
1375,1032
1376,503
1376,606
1376,636
1376,639
1376,907
1376,963
1376,1055
1376,1168
1376,1797
1377,62
1377,306
1377,470
1377,764
1377,766
1377,911
1377,929
1377,1247
1377,1257
1377,1315
1377,2355
1378,740
1378,766
1379,741
1380,155
1380,816
1380,1611
1380,1920
1380,2053
1380,2089
1380,2877
1381,1445
1382,571
1382,645
1382,653
1382,780
1382,870
1382,911
1382,1052
1382,1701
1382,2508
1383,1002
1383,1621
1383,2699
1384,760
1385,778
1385,798
1385,963
1385,1130
1385,1216
1385,1325
1385,1338
1385,1340
1385,1347
1385,1350
1385,1390
1385,1394
1385,1421
1385,1426
1385,1430
1385,1463
1385,1466
1385,1687
1385,1705
1385,1725
1385,1825
1385,1843
1385,2190
1386,87
1386,762
1386,870
1386,931
1386,1068
1386,1325
1386,1725
1386,2728
1387,651
1387,1966
1388,655
1388,1159
1388,1409
1388,1705
1388,1784
1388,1846
1389,155
1389,306
1389,658
1389,716
1389,752
1389,917
1389,999
1389,1049
1389,1150
1389,1207
1389,1215
1389,1251
1389,1258
1389,1344
1389,1424
1389,1425
1389,1430
1389,1445
1389,1461
1389,1472
1389,1474
1389,1476
1389,1477
1389,1486
1389,1489
1389,1491
1389,1492
1389,1493
1389,1579
1389,1835
1389,1837
1389,1857
1389,1861
1389,1864
1389,1970
1389,1979
1389,1992
1389,2012
1389,2016
1389,2253
1389,2346
1389,2822
1389,2827
1389,2852
1389,2941
1389,2944
1389,2945
1390,128
1390,166
1390,282
1390,383
1390,406
1390,440
1390,484
1390,581
1390,603
1390,613
1390,644
1390,645
1390,646
1390,655
1390,656
1390,658
1390,732
1390,754
1390,757
1390,760
1390,778
1390,782
1390,807
1390,829
1390,861
1390,873
1390,890
1390,892
1390,896
1390,905
1390,909
1390,917
1390,928
1390,963
1390,967
1390,1018
1390,1023
1390,1049
1390,1057
1390,1061
1390,1065
1390,1066
1390,1067
1390,1069
1390,1070
1390,1071
1390,1072
1390,1164
1390,1165
1390,1171
1390,1199
1390,1200
1390,1202
1390,1205
1390,1206
1390,1215
1390,1217
1390,1222
1390,1224
1390,1229
1390,1233
1390,1236
1390,1252
1390,1258
1390,1325
1390,1330
1390,1335
1390,1336
1390,1337
1390,1338
1390,1339
1390,1342
1390,1343
1390,1344
1390,1345
1390,1346
1390,1347
1390,1348
1390,1349
1390,1350
1390,1351
1390,1353
1390,1385
1390,1395
1390,1401
1390,1402
1390,1405
1390,1406
1390,1409
1390,1413
1390,1415
1390,1416
1390,1417
1390,1418
1390,1422
1390,1426
1390,1432
1390,1434
1390,1435
1390,1436
1390,1437
1390,1438
1390,1439
1390,1442
1390,1443
1390,1444
1390,1450
1390,1455
1390,1508
1390,1537
1390,1558
1390,1621
1390,1640
1390,1641
1390,1643
1390,1656
1390,1659
1390,1671
1390,1687
1390,1689
1390,1696
1390,1697
1390,1699
1390,1700
1390,1701
1390,1702
1390,1703
1390,1705
1390,1707
1390,1708
1390,1709
1390,1710
1390,1711
1390,1714
1390,1715
1390,1717
1390,1718
1390,1729
1390,1733
1390,1734
1390,1737
1390,1770
1390,1780
1390,1784
1390,1791
1390,1823
1390,1825
1390,1826
1390,1842
1390,1853
1390,1855
1390,1856
1390,1858
1390,1859
1390,1891
1390,1969
1390,1975
1390,1979
1390,1982
1390,1983
1390,2103
1390,2111
1390,2163
1390,2165
1390,2166
1390,2167
1390,2168
1390,2169
1390,2173
1390,2238
1390,2263
1390,2264
1390,2271
1390,2336
1390,2340
1390,2399
1390,2442
1390,2448
1390,2449
1390,2492
1390,2494
1390,2511
1390,2547
1390,2549
1390,2554
1390,2555
1390,2556
1390,2558
1390,2561
1390,2576
1390,2577
1390,2586
1390,2587
1390,2588
1390,2592
1390,2598
1390,2599
1390,2600
1390,2608
1390,2609
1390,2635
1390,2660
1390,2669
1390,2671
1390,2681
1390,2696
1390,2722
1390,2733
1390,2749
1390,2793
1390,2794
1390,2837
1390,2848
1390,2849
1390,2932
1390,2946
1390,2947
1390,2948
1390,2949
1390,2950
1391,727
1391,868
1391,887
1391,1060
1391,1659
1392,525
1392,730
1392,781
1392,906
1392,1200
1392,1283
1392,1286
1392,1579
1392,1715
1392,1749
1392,1836
1392,2095
1392,2682
1392,2951
1393,637
1393,1039
1393,1973
1393,2443
1393,2508
1394,1696
1394,2947
1395,801
1395,887
1395,1348
1395,1390
1395,1784
1395,1786
1395,1975
1395,2161
1396,306
1396,651
1396,659
1396,1235
1396,1462
1396,1463
1396,1529
1396,1577
1396,1694
1396,1745
1396,1773
1396,1829
1396,1830
1396,1859
1396,1981
1396,2438
1397,1062
1397,1063
1397,1066
1397,1699
1397,2263
1397,2303
1397,2748
1397,2796
1398,323
1398,436
1398,617
1398,701
1398,729
1398,730
1398,782
1398,866
1398,868
1398,890
1398,896
1398,904
1398,906
1398,909
1398,963
1398,974
1398,1002
1398,1018
1398,1069
1398,1070
1398,1130
1398,1161
1398,1166
1398,1170
1398,1201
1398,1235
1398,1329
1398,1335
1398,1342
1398,1348
1398,1350
1398,1352
1398,1409
1398,1415
1398,1418
1398,1420
1398,1432
1398,1449
1398,1486
1398,1613
1398,1711
1398,1733
1398,1739
1398,1749
1398,1767
1398,1768
1398,1782
1398,1784
1398,1852
1398,2144
1398,2164
1398,2550
1398,2609
1399,323
1399,1323
1399,1329
1399,1330
1399,2494
1400,1025
1400,1070
1400,1208
1400,1254
1400,1330
1400,1460
1400,1461
1400,1462
1400,1577
1400,1742
1400,1774
1400,1990
1400,2189
1400,2270
1400,2812
1401,682
1401,782
1401,861
1401,1070
1401,1331
1401,1336
1401,1339
1401,1344
1401,1348
1401,1390
1401,1402
1401,1434
1401,1437
1401,1443
1401,1577
1401,1709
1401,1711
1401,1733
1401,1784
1401,1825
1401,1856
1401,2019
1401,2145
1401,2166
1401,2358
1401,2448
1401,2660
1401,2701
1401,2753
1402,782
1402,838
1402,861
1402,915
1402,1002
1402,1390
1402,1401
1402,1446
1402,1716
1402,1737
1402,1829
1403,1063
1403,1066
1403,1164
1403,1449
1403,1458
1403,2547
1404,637
1404,730
1404,781
1404,1227
1404,1229
1404,1230
1404,1233
1404,1295
1404,1327
1404,1394
1404,1409
1404,1418
1404,1449
1404,1469
1404,1725
1404,1772
1404,1830
1404,1979
1404,2519
1405,1170
1405,1218
1405,1223
1405,1224
1405,1227
1405,1231
1405,1330
1405,1354
1405,1727
1405,1979
1405,2305
1405,2494
1405,2587
1405,2952
1406,435
1406,448
1406,534
1406,603
1406,636
1406,640
1406,643
1406,645
1406,653
1406,655
1406,656
1406,658
1406,692
1406,728
1406,730
1406,752
1406,757
1406,861
1406,878
1406,882
1406,892
1406,906
1406,908
1406,909
1406,988
1406,1013
1406,1018
1406,1040
1406,1041
1406,1048
1406,1049
1406,1051
1406,1060
1406,1066
1406,1072
1406,1159
1406,1162
1406,1164
1406,1167
1406,1186
1406,1209
1406,1211
1406,1216
1406,1222
1406,1223
1406,1227
1406,1233
1406,1235
1406,1236
1406,1320
1406,1323
1406,1325
1406,1327
1406,1328
1406,1331
1406,1336
1406,1387
1406,1390
1406,1391
1406,1402
1406,1409
1406,1418
1406,1437
1406,1442
1406,1449
1406,1477
1406,1613
1406,1699
1406,1703
1406,1711
1406,1733
1406,1737
1406,1842
1406,1846
1406,1849
1406,1855
1406,1974
1406,2145
1406,2163
1406,2164
1406,2185
1406,2246
1406,2268
1406,2305
1406,2334
1406,2551
1406,2591
1406,2609
1406,2647
1406,2753
1406,2930
1406,2952
1406,2953
1407,107
1407,393
1407,399
1407,493
1407,499
1407,535
1407,581
1407,732
1407,743
1407,778
1407,808
1407,852
1407,874
1407,921
1407,1039
1407,1067
1407,1082
1407,1126
1407,1251
1407,1255
1407,1257
1407,1259
1407,1260
1407,1262
1407,1268
1407,1272
1407,1273
1407,1274
1407,1279
1407,1280
1407,1282
1407,1285
1407,1319
1407,1335
1407,1341
1407,1344
1407,1427
1407,1444
1407,1445
1407,1458
1407,1461
1407,1464
1407,1472
1407,1476
1407,1479
1407,1482
1407,1484
1407,1487
1407,1489
1407,1492
1407,1495
1407,1501
1407,1503
1407,1506
1407,1507
1407,1515
1407,1518
1407,1526
1407,1528
1407,1529
1407,1530
1407,1532
1407,1533
1407,1534
1407,1537
1407,1538
1407,1539
1407,1545
1407,1551
1407,1553
1407,1557
1407,1564
1407,1565
1407,1566
1407,1567
1407,1569
1407,1571
1407,1572
1407,1576
1407,1577
1407,1578
1407,1579
1407,1582
1407,1583
1407,1584
1407,1585
1407,1586
1407,1588
1407,1591
1407,1592
1407,1600
1407,1601
1407,1603
1407,1610
1407,1611
1407,1612
1407,1613
1407,1614
1407,1651
1407,1774
1407,1861
1407,1865
1407,1890
1407,1994
1407,1999
1407,2008
1407,2010
1407,2011
1407,2012
1407,2015
1407,2017
1407,2018
1407,2019
1407,2026
1407,2030
1407,2031
1407,2032
1407,2035
1407,2039
1407,2040
1407,2041
1407,2045
1407,2048
1407,2052
1407,2055
1407,2058
1407,2063
1407,2067
1407,2072
1407,2081
1407,2083
1407,2085
1407,2093
1407,2094
1407,2097
1407,2112
1407,2119
1407,2242
1407,2342
1407,2376
1407,2379
1407,2386
1407,2388
1407,2389
1407,2390
1407,2391
1407,2394
1407,2400
1407,2409
1407,2417
1407,2422
1407,2430
1407,2554
1407,2618
1407,2621
1407,2626
1407,2657
1407,2713
1407,2737
1407,2803
1407,2860
1407,2863
1407,2878
1407,2887
1407,2913
1407,2954
1407,2955
1408,172
1408,351
1408,397
1408,435
1408,558
1408,616
1408,777
1408,778
1408,919
1408,932
1408,1001
1408,1019
1408,1148
1408,1207
1408,1215
1408,1227
1408,1235
1408,1497
1408,1725
1408,1842
1408,2203
1408,2695
1408,2956
1409,292
1409,534
1409,655
1409,907
1409,909
1409,963
1409,1159
1409,1182
1409,1183
1409,1201
1409,1207
1409,1225
1409,1227
1409,1332
1409,1337
1409,1348
1409,1388
1409,1537
1409,1708
1409,1791
1409,1842
1410,357
1410,729
1410,1199
1410,1335
1410,1339
1410,1342
1410,1348
1410,1435
1410,1687
1410,1704
1410,1733
1410,1771
1410,1855
1410,2551
1410,2957
1411,1486
1412,380
1412,397
1412,440
1412,605
1412,630
1412,633
1412,725
1412,782
1412,838
1412,847
1412,866
1412,868
1412,870
1412,906
1412,909
1412,1035
1412,1048
1412,1049
1412,1076
1412,1186
1412,1200
1412,1208
1412,1324
1412,1325
1412,1328
1412,1329
1412,1340
1412,1342
1412,1344
1412,1349
1412,1399
1412,1402
1412,1404
1412,1414
1412,1418
1412,1449
1412,1456
1412,1462
1412,1759
1412,1782
1412,1784
1412,1846
1412,1961
1412,2134
1412,2187
1412,2248
1412,2368
1412,2405
1413,53
1413,1348
1413,1422
1413,1733
1414,620
1414,732
1414,781
1414,896
1414,909
1414,963
1414,1039
1414,1056
1414,1067
1414,1158
1414,1184
1414,1186
1414,1209
1414,1215
1414,1223
1414,1233
1414,1329
1414,1330
1414,1339
1414,1342
1414,1343
1414,1344
1414,1346
1414,1348
1414,1349
1414,1350
1414,1354
1414,1410
1414,1415
1414,1453
1414,1465
1414,1470
1414,1486
1414,1577
1414,1676
1414,1705
1414,1711
1414,1733
1414,1737
1414,1919
1414,1979
1414,2262
1414,2270
1414,2511
1414,2549
1414,2763
1415,896
1415,1186
1415,1328
1415,1332
1415,1336
1415,1343
1415,1416
1415,1711
1415,1849
1415,1919
1415,2144
1416,357
1416,658
1416,1222
1416,1326
1416,1328
1416,1332
1416,1339
1416,1346
1416,1348
1416,1415
1416,1486
1416,1504
1416,1705
1416,1711
1416,1733
1416,2000
1416,2111
1416,2549
1416,2555
1417,658
1417,1343
1417,1422
1417,1437
1417,1676
1417,1733
1417,1919
1418,730
1418,790
1418,798
1418,890
1418,1025
1418,1038
1418,1071
1418,1183
1418,1184
1418,1200
1418,1322
1418,1326
1418,1332
1418,1398
1418,1404
1418,1420
1418,1473
1418,1687
1418,1711
1418,1733
1418,1855
1418,2575
1419,1331
1419,1422
1419,1446
1419,1452
1419,1456
1419,1470
1419,1745
1419,1786
1419,1973
1419,2378
1420,397
1420,526
1420,534
1420,807
1420,848
1420,870
1420,897
1420,909
1420,1048
1420,1049
1420,1057
1420,1066
1420,1161
1420,1164
1420,1170
1420,1186
1420,1222
1420,1227
1420,1233
1420,1236
1420,1273
1420,1287
1420,1325
1420,1331
1420,1345
1420,1398
1420,1405
1420,1418
1420,1477
1420,1676
1420,1709
1420,1711
1420,1717
1420,1718
1420,1771
1420,1784
1420,1849
1420,1889
1420,1919
1421,1565
1422,732
1422,1071
1422,1325
1422,1326
1422,1340
1422,1343
1422,1346
1422,1413
1422,1417
1422,1437
1422,1687
1422,1717
1422,1718
1422,2190
1423,1449
1424,155
1424,440
1424,866
1424,1039
1424,1130
1424,1161
1424,1340
1424,1341
1424,1343
1424,1350
1424,1401
1424,1431
1424,1434
1424,1458
1424,1478
1424,1486
1424,1738
1424,1741
1424,1770
1424,1786
1424,2378
1424,2602
1424,2617
1424,2668
1424,2671
1425,732
1425,801
1425,866
1425,909
1425,1170
1425,1340
1425,1349
1425,1414
1425,1422
1425,1438
1425,1446
1425,1486
1425,1786
1425,2174
1426,1069
1426,1430
1426,2600
1427,155
1427,193
1427,264
1427,312
1427,313
1427,362
1427,399
1427,493
1427,509
1427,526
1427,535
1427,613
1427,614
1427,639
1427,655
1427,684
1427,724
1427,738
1427,750
1427,762
1427,781
1427,798
1427,877
1427,921
1427,999
1427,1040
1427,1057
1427,1096
1427,1120
1427,1122
1427,1150
1427,1201
1427,1215
1427,1217
1427,1247
1427,1257
1427,1273
1427,1295
1427,1394
1427,1407
1427,1409
1427,1453
1427,1459
1427,1466
1427,1472
1427,1482
1427,1484
1427,1490
1427,1491
1427,1496
1427,1499
1427,1502
1427,1503
1427,1510
1427,1511
1427,1522
1427,1524
1427,1526
1427,1528
1427,1529
1427,1534
1427,1537
1427,1539
1427,1551
1427,1554
1427,1560
1427,1565
1427,1571
1427,1577
1427,1579
1427,1592
1427,1610
1427,1616
1427,1668
1427,1671
1427,1687
1427,1736
1427,1746
1427,1747
1427,1749
1427,1769
1427,1772
1427,1837
1427,1859
1427,1890
1427,1985
1427,2001
1427,2005
1427,2010
1427,2040
1427,2046
1427,2081
1427,2122
1427,2178
1427,2194
1427,2268
1427,2407
1427,2431
1427,2551
1427,2592
1427,2627
1427,2724
1427,2813
1427,2847
1427,2904
1427,2958
1428,590
1428,1831
1429,1422
1429,1439
1429,1455
1429,2168
1429,2341
1429,2556
1429,2595
1429,2603
1429,2635
1429,2670
1430,660
1430,1287
1430,1426
1430,1592
1430,1603
1430,1611
1430,1717
1430,1718
1430,1836
1430,2085
1430,2394
1430,2959
1430,2960
1431,902
1431,928
1431,1057
1431,1169
1431,1424
1431,1481
1431,1774
1431,2165
1431,2551
1431,2820
1432,658
1432,1184
1432,1209
1432,1325
1432,1398
1432,1435
1432,1733
1432,1734
1432,1786
1432,2632
1432,2660
1433,499
1433,526
1433,547
1433,581
1433,660
1433,878
1433,915
1433,921
1433,1067
1433,1126
1433,1130
1433,1150
1433,1169
1433,1255
1433,1257
1433,1258
1433,1259
1433,1260
1433,1263
1433,1268
1433,1273
1433,1279
1433,1322
1433,1404
1433,1437
1433,1441
1433,1444
1433,1450
1433,1469
1433,1476
1433,1482
1433,1489
1433,1490
1433,1491
1433,1492
1433,1493
1433,1501
1433,1503
1433,1504
1433,1506
1433,1515
1433,1526
1433,1528
1433,1529
1433,1533
1433,1537
1433,1539
1433,1592
1433,1610
1433,1646
1433,1724
1433,1732
1433,1737
1433,1772
1433,1774
1433,1830
1433,1835
1433,1887
1433,1890
1433,1998
1433,2017
1433,2018
1433,2022
1433,2028
1433,2030
1433,2031
1433,2040
1433,2045
1433,2119
1433,2242
1433,2250
1433,2375
1433,2563
1433,2654
1434,171
1434,428
1434,440
1434,658
1434,717
1434,732
1434,905
1434,928
1434,1164
1434,1254
1434,1347
1434,1390
1434,1401
1434,1424
1434,1426
1434,1430
1434,1436
1434,1438
1434,1443
1434,1451
1434,1473
1434,1484
1434,1503
1434,1508
1434,1640
1434,1718
1434,1786
1434,1984
1434,2554
1434,2634
1434,2749
1435,323
1435,730
1435,732
1435,829
1435,866
1435,904
1435,1002
1435,1013
1435,1039
1435,1057
1435,1071
1435,1130
1435,1201
1435,1208
1435,1215
1435,1235
1435,1254
1435,1331
1435,1347
1435,1390
1435,1410
1435,1414
1435,1432
1435,1438
1435,1449
1435,1577
1435,1709
1435,1711
1435,1724
1435,1737
1435,1742
1435,1743
1435,1749
1435,1859
1435,1982
1435,2167
1435,2168
1435,2678
1436,440
1436,658
1436,732
1436,873
1436,928
1436,1052
1436,1057
1436,1130
1436,1150
1436,1157
1436,1216
1436,1222
1436,1227
1436,1251
1436,1325
1436,1344
1436,1352
1436,1390
1436,1424
1436,1428
1436,1434
1436,1438
1436,1440
1436,1442
1436,1443
1436,1452
1436,1458
1436,1486
1436,1644
1436,1687
1436,1735
1436,1737
1436,1774
1436,1825
1436,1826
1436,2003
1436,2186
1436,2600
1437,993
1437,1183
1437,1223
1437,1390
1437,1401
1437,1417
1437,1422
1437,1483
1437,1642
1437,1644
1437,1676
1437,1717
1437,1859
1437,2174
1437,2600
1438,637
1438,658
1438,732
1438,1182
1438,1184
1438,1222
1438,1326
1438,1342
1438,1348
1438,1640
1438,1642
1438,1687
1438,1700
1438,1709
1438,1717
1438,1718
1438,1786
1438,1859
1438,1976
1438,2592
1438,2600
1438,2961
1439,535
1439,637
1439,1024
1439,1071
1439,1257
1439,1429
1439,1706
1439,1737
1439,1745
1439,1859
1439,2168
1439,2186
1440,526
1440,866
1440,1057
1440,1130
1440,1208
1440,1231
1440,1254
1440,1295
1440,1352
1440,1354
1440,1416
1440,1426
1440,1434
1440,1435
1440,1436
1440,1441
1440,1446
1440,1452
1440,1471
1440,1745
1440,1829
1440,2271
1440,2633
1440,2723
1441,493
1441,526
1441,581
1441,963
1441,1064
1441,1069
1441,1070
1441,1130
1441,1221
1441,1251
1441,1329
1441,1339
1441,1425
1441,1437
1441,1440
1441,1447
1441,1452
1441,1455
1441,1456
1441,1457
1441,1462
1441,1463
1441,1470
1441,1476
1441,1482
1441,1645
1441,1649
1441,1715
1441,1737
1441,1738
1441,1788
1441,1826
1441,1830
1441,1985
1441,2335
1441,2374
1441,2561
1441,2668
1441,2669
1441,2670
1442,1390
1442,1483
1442,2950
1443,1640
1443,1644
1443,2601
1443,2659
1443,2948
1443,2962
1444,581
1444,732
1444,896
1444,1015
1444,1067
1444,1251
1444,1254
1444,1343
1444,1390
1444,1415
1444,1416
1444,1428
1444,1430
1444,1433
1444,1443
1444,1450
1444,1476
1444,1482
1444,1484
1444,1486
1444,1489
1444,1496
1444,1500
1444,1508
1444,1528
1444,1739
1444,1773
1444,1859
1444,1960
1444,1995
1444,1998
1444,2008
1444,2010
1444,2376
1445,362
1445,393
1445,499
1445,535
1445,592
1445,596
1445,638
1445,655
1445,658
1445,732
1445,743
1445,762
1445,877
1445,889
1445,931
1445,1051
1445,1055
1445,1067
1445,1070
1445,1082
1445,1126
1445,1150
1445,1169
1445,1207
1445,1208
1445,1216
1445,1253
1445,1254
1445,1255
1445,1257
1445,1259
1445,1260
1445,1274
1445,1275
1445,1279
1445,1319
1445,1337
1445,1372
1445,1381
1445,1389
1445,1407
1445,1433
1445,1436
1445,1443
1445,1453
1445,1456
1445,1457
1445,1460
1445,1461
1445,1462
1445,1463
1445,1467
1445,1470
1445,1471
1445,1472
1445,1473
1445,1477
1445,1481
1445,1482
1445,1483
1445,1485
1445,1489
1445,1490
1445,1491
1445,1492
1445,1496
1445,1499
1445,1501
1445,1503
1445,1507
1445,1509
1445,1515
1445,1518
1445,1519
1445,1526
1445,1528
1445,1529
1445,1530
1445,1532
1445,1533
1445,1534
1445,1537
1445,1539
1445,1541
1445,1548
1445,1549
1445,1550
1445,1553
1445,1556
1445,1564
1445,1570
1445,1571
1445,1572
1445,1577
1445,1579
1445,1591
1445,1592
1445,1612
1445,1646
1445,1651
1445,1667
1445,1724
1445,1742
1445,1747
1445,1773
1445,1832
1445,1837
1445,1854
1445,1964
1445,1981
1445,1982
1445,2016
1445,2022
1445,2026
1445,2030
1445,2031
1445,2039
1445,2040
1445,2044
1445,2046
1445,2135
1445,2180
1445,2242
1445,2344
1445,2347
1445,2375
1445,2431
1445,2511
1445,2621
1445,2656
1445,2679
1445,2737
1445,2771
1445,2798
1445,2827
1445,2852
1445,2856
1445,2903
1445,2963
1445,2964
1446,915
1446,1169
1446,1402
1446,1419
1446,1440
1446,1443
1446,1447
1446,1449
1446,1450
1446,1451
1446,1452
1446,1457
1446,1478
1446,1739
1446,1791
1446,2021
1446,2376
1446,2848
1446,2857
1446,2860
1447,654
1447,748
1447,778
1447,866
1447,1222
1447,1446
1447,1452
1447,1770
1447,1831
1447,2148
1447,2165
1447,2267
1447,2665
1447,2749
1448,1064
1448,1252
1448,1254
1448,1255
1448,1435
1448,1441
1448,1450
1448,1464
1448,1471
1448,1486
1448,1528
1448,1530
1448,1537
1448,1741
1448,1744
1448,1745
1448,2024
1448,2427
1448,2948
1449,155
1449,640
1449,658
1449,762
1449,798
1449,807
1449,845
1449,847
1449,866
1449,896
1449,905
1449,909
1449,963
1449,1002
1449,1039
1449,1051
1449,1057
1449,1063
1449,1069
1449,1130
1449,1166
1449,1169
1449,1186
1449,1208
1449,1236
1449,1247
1449,1256
1449,1322
1449,1327
1449,1330
1449,1342
1449,1350
1449,1387
1449,1398
1449,1403
1449,1404
1449,1409
1449,1420
1449,1423
1449,1424
1449,1435
1449,1440
1449,1446
1449,1450
1449,1452
1449,1453
1449,1455
1449,1478
1449,1530
1449,1577
1449,1725
1449,1729
1449,1733
1449,1745
1449,1749
1449,1771
1449,1785
1449,1791
1449,1842
1449,1889
1449,1960
1449,1976
1449,2006
1449,2162
1449,2270
1449,2451
1449,2481
1449,2660
1450,1332
1450,1390
1450,1452
1450,1736
1450,1745
1450,1770
1450,1791
1450,2167
1450,2271
1450,2559
1450,2948
1451,435
1451,637
1451,646
1451,651
1451,732
1451,752
1451,829
1451,878
1451,904
1451,906
1451,963
1451,1150
1451,1336
1451,1340
1451,1415
1451,1416
1451,1434
1451,1437
1451,1644
1451,1705
1451,1709
1451,1717
1451,1718
1451,1833
1451,1850
1451,1859
1451,1975
1451,1982
1451,2178
1451,2569
1451,2575
1451,2749
1452,866
1452,1199
1452,1329
1452,1332
1452,1436
1452,1438
1452,1440
1452,1450
1452,1455
1452,1709
1452,1734
1452,1741
1452,1770
1452,1831
1452,2164
1452,2165
1452,2167
1452,2338
1452,2602
1452,2736
1453,155
1453,508
1453,620
1453,651
1453,907
1453,912
1453,1013
1453,1025
1453,1071
1453,1165
1453,1166
1453,1186
1453,1329
1453,1331
1453,1342
1453,1343
1453,1401
1453,1402
1453,1414
1453,1419
1453,1423
1453,1426
1453,1449
1453,1456
1453,1470
1453,1471
1453,1728
1453,1768
1453,1771
1453,1785
1453,2234
1453,2266
1453,2491
1453,2568
1454,1452
1454,2021
1454,2848
1455,778
1455,905
1455,1064
1455,1222
1455,1227
1455,1329
1455,1353
1455,1390
1455,1402
1455,1429
1455,1443
1455,1446
1455,1452
1455,1459
1455,1741
1455,1831
1455,2333
1455,2374
1455,2555
1455,2572
1455,2646
1455,2670
1455,2749
1456,155
1456,192
1456,440
1456,526
1456,782
1456,905
1456,1065
1456,1161
1456,1200
1456,1247
1456,1353
1456,1409
1456,1419
1456,1422
1456,1424
1456,1425
1456,1445
1456,1450
1456,1452
1456,1470
1456,1475
1456,1486
1456,1734
1456,1741
1456,1745
1456,1770
1456,1785
1456,1829
1456,1830
1456,1983
1456,2378
1457,440
1457,1250
1457,1254
1457,1256
1457,1352
1457,1354
1457,1419
1457,1426
1457,1446
1457,1466
1457,1469
1457,1471
1457,1500
1457,1528
1457,1785
1457,1788
1457,1982
1457,1989
1457,2031
1457,2189
1457,2345
1457,2374
1457,2603
1457,2673
1457,2848
1457,2966
1458,847
1458,861
1458,928
1458,1050
1458,1057
1458,1069
1458,1208
1458,1227
1458,1252
1458,1255
1458,1256
1458,1257
1458,1279
1458,1323
1458,1325
1458,1333
1458,1344
1458,1396
1458,1402
1458,1403
1458,1420
1458,1424
1458,1428
1458,1436
1458,1445
1458,1459
1458,1461
1458,1462
1458,1465
1458,1468
1458,1471
1458,1472
1458,1473
1458,1474
1458,1478
1458,1492
1458,1500
1458,1503
1458,1519
1458,1526
1458,1529
1458,1532
1458,1537
1458,1570
1458,1644
1458,1706
1458,1745
1458,1773
1458,1888
1458,1920
1458,1978
1458,1979
1458,1991
1458,2001
1458,2010
1458,2119
1458,2124
1458,2135
1458,2376
1458,2559
1458,2738
1458,2965
1458,2967
1459,1082
1459,1126
1459,1455
1459,1473
1459,1476
1459,1481
1459,1482
1459,1486
1459,1492
1459,1496
1459,1747
1459,2122
1459,2161
1459,2326
1459,2428
1460,1092
1460,1122
1460,1268
1460,1461
1460,1492
1460,1500
1460,1519
1460,1741
1460,1854
1460,2017
1460,2054
1460,2189
1460,2285
1460,2438
1461,362
1461,493
1461,499
1461,526
1461,847
1461,1039
1461,1092
1461,1126
1461,1166
1461,1208
1461,1252
1461,1254
1461,1325
1461,1389
1461,1398
1461,1400
1461,1443
1461,1445
1461,1458
1461,1460
1461,1462
1461,1489
1461,1491
1461,1493
1461,1500
1461,1511
1461,1525
1461,1528
1461,1537
1461,1539
1461,1577
1461,1638
1461,1646
1461,1706
1461,1742
1461,1785
1461,1835
1461,1837
1461,1981
1461,1988
1461,1992
1461,1994
1461,2112
1461,2385
1461,2446
1461,2651
1461,2846
1461,2965
1462,493
1462,526
1462,535
1462,581
1462,732
1462,861
1462,915
1462,931
1462,999
1462,1002
1462,1130
1462,1157
1462,1159
1462,1165
1462,1208
1462,1216
1462,1220
1462,1223
1462,1236
1462,1247
1462,1250
1462,1252
1462,1254
1462,1257
1462,1258
1462,1332
1462,1344
1462,1345
1462,1350
1462,1389
1462,1396
1462,1400
1462,1402
1462,1422
1462,1424
1462,1425
1462,1430
1462,1437
1462,1445
1462,1447
1462,1451
1462,1458
1462,1461
1462,1463
1462,1464
1462,1471
1462,1472
1462,1473
1462,1476
1462,1477
1462,1482
1462,1485
1462,1487
1462,1499
1462,1528
1462,1529
1462,1532
1462,1537
1462,1539
1462,1570
1462,1577
1462,1621
1462,1645
1462,1646
1462,1692
1462,1732
1462,1733
1462,1734
1462,1735
1462,1743
1462,1745
1462,1750
1462,1773
1462,1774
1462,1787
1462,1830
1462,1853
1462,1859
1462,1991
1462,2010
1462,2031
1462,2125
1462,2168
1462,2174
1462,2180
1462,2190
1462,2402
1462,2451
1463,440
1463,642
1463,866
1463,1057
1463,1070
1463,1344
1463,1347
1463,1385
1463,1396
1463,1424
1463,1445
1463,1446
1463,1447
1463,1464
1463,1472
1463,1484
1463,1489
1463,1502
1463,1503
1463,1561
1463,1647
1463,1735
1463,1738
1463,1739
1463,1745
1463,1771
1463,1774
1463,1826
1463,1886
1463,1981
1463,1982
1463,1983
1463,2125
1463,2176
1463,2178
1463,2179
1463,2341
1463,2557
1463,2600
1463,2635
1463,2671
1463,2738
1463,2948
1464,526
1464,1122
1464,1164
1464,1443
1464,1455
1464,1457
1464,1463
1464,1469
1464,1471
1464,1745
1464,1773
1464,1831
1464,1887
1464,1990
1464,2189
1464,2341
1464,2347
1464,2968
1464,2969
1464,2970
1465,128
1465,311
1465,640
1465,807
1465,904
1465,908
1465,1035
1465,1038
1465,1065
1465,1161
1465,1254
1465,1256
1465,1319
1465,1414
1465,1458
1465,1471
1465,1500
1465,1505
1465,1507
1465,1532
1465,1774
1465,1833
1465,1843
1465,1846
1465,1888
1465,1920
1465,1981
1465,2153
1465,2285
1465,2376
1465,2854
1465,2965
1466,1181
1466,1457
1466,1784
1466,1785
1466,1791
1466,1842
1466,2122
1466,2446
1466,2542
1466,2739
1466,2767
1467,1260
1467,1457
1467,1464
1467,1469
1467,1476
1467,1533
1467,1772
1467,1830
1467,1831
1467,2125
1467,2399
1467,2971
1468,1252
1468,2018
1469,581
1469,878
1469,1252
1469,1457
1469,1464
1469,1467
1469,1471
1469,1482
1469,1533
1469,1830
1469,1831
1469,1886
1469,1887
1469,2003
1469,2125
1469,2177
1469,2189
1469,2399
1469,2427
1470,192
1470,440
1470,526
1470,655
1470,732
1470,762
1470,782
1470,896
1470,1048
1470,1067
1470,1070
1470,1130
1470,1169
1470,1208
1470,1252
1470,1254
1470,1325
1470,1327
1470,1331
1470,1342
1470,1344
1470,1414
1470,1419
1470,1448
1470,1450
1470,1453
1470,1456
1470,1457
1470,1464
1470,1471
1470,1473
1470,1486
1470,1487
1470,1500
1470,1533
1470,1537
1470,1638
1470,1711
1470,1728
1470,1738
1470,1773
1470,1774
1470,1827
1470,1829
1470,1859
1470,1920
1470,1982
1470,2124
1470,2167
1470,2180
1470,2401
1470,2593
1470,2847
1471,155
1471,1216
1471,1252
1471,1254
1471,1440
1471,1457
1471,1458
1471,1461
1471,1468
1471,1469
1471,1470
1471,1472
1471,1473
1471,1474
1471,1503
1471,1788
1471,2190
1471,2446
1472,275
1472,732
1472,847
1472,861
1472,889
1472,928
1472,1142
1472,1208
1472,1223
1472,1254
1472,1255
1472,1257
1472,1258
1472,1295
1472,1319
1472,1327
1472,1389
1472,1434
1472,1450
1472,1453
1472,1458
1472,1462
1472,1469
1472,1470
1472,1471
1472,1496
1472,1499
1472,1502
1472,1526
1472,1527
1472,1528
1472,1529
1472,1539
1472,1577
1472,1593
1472,1641
1472,1648
1472,1705
1472,1739
1472,1773
1472,1785
1472,1787
1472,1830
1472,1855
1472,1859
1472,1989
1472,2015
1472,2031
1472,2045
1472,2136
1472,2168
1472,2633
1472,2733
1472,2742
1472,2825
1472,2926
1473,435
1473,713
1473,887
1473,1070
1473,1159
1473,1200
1473,1213
1473,1216
1473,1252
1473,1295
1473,1322
1473,1344
1473,1347
1473,1349
1473,1418
1473,1424
1473,1425
1473,1426
1473,1429
1473,1434
1473,1436
1473,1437
1473,1443
1473,1445
1473,1450
1473,1453
1473,1457
1473,1458
1473,1459
1473,1462
1473,1466
1473,1470
1473,1471
1473,1484
1473,1503
1473,1528
1473,1529
1473,1530
1473,1537
1473,1577
1473,1687
1473,1724
1473,1745
1473,1771
1473,1772
1473,1830
1473,1831
1473,1980
1473,2122
1473,2125
1473,2161
1473,2180
1473,2602
1473,2670
1473,2831
1473,2855
1474,915
1474,1038
1474,1252
1474,1458
1474,1468
1474,1471
1474,1476
1474,1505
1474,1983
1474,2119
1474,2166
1474,2651
1474,2972
1475,69
1475,440
1475,762
1475,782
1475,887
1475,904
1475,1025
1475,1207
1475,1252
1475,1329
1475,1344
1475,1424
1475,1448
1475,1456
1475,1457
1475,1461
1475,1465
1475,1470
1475,1645
1475,1711
1475,1743
1475,1786
1475,2002
1475,2164
1475,2165
1475,2648
1475,2736
1476,586
1476,915
1476,1252
1476,1255
1476,1257
1476,1258
1476,1270
1476,1433
1476,1459
1476,1474
1476,1478
1476,1482
1476,1490
1476,1499
1476,1533
1476,1738
1476,1747
1476,1789
1476,1832
1476,1996
1476,2023
1476,2026
1476,2124
1476,2428
1476,2481
1477,526
1477,576
1477,596
1477,651
1477,847
1477,896
1477,1039
1477,1057
1477,1150
1477,1169
1477,1186
1477,1199
1477,1203
1477,1208
1477,1255
1477,1256
1477,1258
1477,1260
1477,1295
1477,1332
1477,1341
1477,1389
1477,1391
1477,1404
1477,1424
1477,1426
1477,1433
1477,1443
1477,1444
1477,1463
1477,1484
1477,1492
1477,1499
1477,1503
1477,1507
1477,1511
1477,1526
1477,1537
1477,1610
1477,1621
1477,1646
1477,1648
1477,1735
1477,1830
1477,1835
1477,1861
1477,1964
1477,1981
1477,1994
1477,2000
1477,2022
1477,2032
1477,2040
1477,2044
1477,2119
1477,2338
1477,2408
1477,2438
1477,2563
1477,2735
1477,2845
1477,2846
1477,2973
1477,2974
1478,1057
1478,1130
1478,1258
1478,1424
1478,1426
1478,1434
1478,1446
1478,1458
1478,1476
1478,1482
1478,1484
1478,2167
1479,1015
1479,1027
1479,1038
1479,1126
1479,1252
1479,1469
1479,1499
1479,1503
1479,1514
1479,1526
1479,1533
1479,1633
1479,1862
1479,1864
1479,2040
1479,2975
1479,2976
1480,1027
1480,1039
1480,1268
1480,1486
1480,1489
1480,1492
1480,1496
1480,1503
1480,1507
1480,1592
1480,1649
1480,1772
1480,1786
1480,1890
1480,2018
1480,2022
1480,2347
1480,2651
1480,2673
1480,2683
1480,2742
1480,2757
1480,2758
1481,509
1481,596
1481,847
1481,1255
1481,1257
1481,1431
1481,1459
1481,1477
1481,1496
1481,1526
1481,1557
1481,1651
1481,1771
1481,1826
1481,1859
1481,1960
1481,2026
1481,2119
1481,2379
1482,499
1482,1254
1482,1255
1482,1257
1482,1258
1482,1263
1482,1270
1482,1404
1482,1426
1482,1459
1482,1466
1482,1467
1482,1469
1482,1474
1482,1476
1482,1478
1482,1487
1482,1490
1482,1499
1482,1501
1482,1526
1482,1533
1482,1648
1482,1649
1482,1747
1482,1773
1482,1830
1482,1832
1482,1888
1482,2023
1482,2026
1482,2125
1482,2151
1482,2179
1482,2346
1482,2481
1483,1437
1483,1442
1483,1773
1483,1785
1483,1980
1483,2347
1484,49
1484,155
1484,192
1484,435
1484,493
1484,648
1484,716
1484,730
1484,732
1484,762
1484,765
1484,778
1484,798
1484,807
1484,812
1484,896
1484,905
1484,909
1484,963
1484,1025
1484,1027
1484,1040
1484,1048
1484,1059
1484,1064
1484,1067
1484,1070
1484,1071
1484,1126
1484,1130
1484,1150
1484,1156
1484,1158
1484,1160
1484,1163
1484,1186
1484,1187
1484,1188
1484,1200
1484,1201
1484,1207
1484,1224
1484,1227
1484,1231
1484,1232
1484,1233
1484,1234
1484,1254
1484,1257
1484,1258
1484,1323
1484,1325
1484,1327
1484,1330
1484,1331
1484,1337
1484,1338
1484,1339
1484,1340
1484,1342
1484,1344
1484,1346
1484,1348
1484,1352
1484,1386
1484,1409
1484,1410
1484,1414
1484,1416
1484,1417
1484,1420
1484,1426
1484,1427
1484,1434
1484,1444
1484,1446
1484,1451
1484,1453
1484,1457
1484,1459
1484,1461
1484,1463
1484,1473
1484,1477
1484,1478
1484,1486
1484,1488
1484,1492
1484,1496
1484,1499
1484,1503
1484,1532
1484,1537
1484,1539
1484,1547
1484,1616
1484,1638
1484,1644
1484,1671
1484,1676
1484,1699
1484,1707
1484,1710
1484,1711
1484,1712
1484,1714
1484,1727
1484,1732
1484,1733
1484,1735
1484,1747
1484,1748
1484,1767
1484,1770
1484,1773
1484,1780
1484,1782
1484,1824
1484,1846
1484,1886
1484,1975
1484,1996
1484,1999
1484,2008
1484,2012
1484,2017
1484,2022
1484,2122
1484,2164
1484,2179
1484,2268
1484,2302
1484,2329
1484,2334
1484,2337
1484,2552
1484,2578
1484,2586
1484,2587
1484,2593
1484,2597
1484,2599
1484,2608
1484,2660
1484,2757
1484,2852
1484,2856
1484,2857
1484,2970
1484,2977
1485,525
1485,535
1485,581
1485,1015
1485,1067
1485,1150
1485,1257
1485,1275
1485,1319
1485,1467
1485,1477
1485,1482
1485,1484
1485,1486
1485,1489
1485,1493
1485,1496
1485,1500
1485,1501
1485,1528
1485,1529
1485,1532
1485,1533
1485,1537
1485,1539
1485,1724
1485,1830
1485,1837
1485,1976
1485,1981
1485,2013
1485,2016
1485,2022
1485,2112
1485,2285
1485,2379
1485,2798
1485,2857
1486,155
1486,436
1486,535
1486,653
1486,658
1486,732
1486,866
1486,896
1486,904
1486,963
1486,1038
1486,1126
1486,1223
1486,1235
1486,1252
1486,1254
1486,1258
1486,1273
1486,1337
1486,1342
1486,1343
1486,1349
1486,1389
1486,1398
1486,1408
1486,1414
1486,1416
1486,1423
1486,1424
1486,1443
1486,1448
1486,1450
1486,1456
1486,1459
1486,1470
1486,1476
1486,1484
1486,1485
1486,1487
1486,1496
1486,1505
1486,1537
1486,1648
1486,1649
1486,1705
1486,1709
1486,1711
1486,1712
1486,1737
1486,1738
1486,1741
1486,1774
1486,1825
1486,1859
1486,1886
1486,1887
1486,1964
1486,1998
1486,2005
1486,2008
1486,2009
1486,2016
1486,2122
1486,2123
1486,2176
1486,2179
1486,2180
1486,2347
1486,2401
1486,2488
1486,2723
1486,2852
1486,2970
1487,554
1487,658
1487,1647
1487,1998
1487,2326
1487,2576
1487,2757
1487,2978
1488,1130
1488,1258
1488,1274
1488,1519
1488,1765
1488,1774
1488,2009
1488,2346
1489,499
1489,535
1489,581
1489,637
1489,847
1489,874
1489,878
1489,905
1489,917
1489,937
1489,1039
1489,1067
1489,1069
1489,1126
1489,1186
1489,1221
1489,1257
1489,1258
1489,1295
1489,1319
1489,1338
1489,1372
1489,1389
1489,1401
1489,1402
1489,1433
1489,1436
1489,1438
1489,1443
1489,1444
1489,1445
1489,1447
1489,1457
1489,1461
1489,1463
1489,1476
1489,1477
1489,1480
1489,1482
1489,1485
1489,1487
1489,1492
1489,1496
1489,1499
1489,1504
1489,1511
1489,1519
1489,1528
1489,1532
1489,1533
1489,1537
1489,1539
1489,1554
1489,1557
1489,1616
1489,1646
1489,1651
1489,1668
1489,1715
1489,1735
1489,1746
1489,1774
1489,1784
1489,1835
1489,1859
1489,1861
1489,1960
1489,1985
1489,2010
1489,2013
1489,2015
1489,2018
1489,2026
1489,2045
1489,2135
1489,2180
1489,2186
1489,2203
1489,2346
1489,2480
1489,2716
1489,2770
1489,2848
1490,1433
1490,1482
1490,1492
1490,1521
1490,1534
1490,1535
1490,1550
1490,1565
1490,1579
1490,1601
1490,1651
1490,1772
1490,1837
1490,2030
1490,2040
1490,2121
1490,2126
1490,2250
1490,2466
1490,2486
1490,2853
1490,2979
1490,2980
1491,1057
1491,1351
1491,1389
1491,1433
1491,1461
1491,1466
1491,1492
1491,1521
1491,1565
1491,1601
1491,2041
1491,2112
1491,2187
1491,2248
1492,428
1492,1050
1492,1092
1492,1150
1492,1254
1492,1257
1492,1389
1492,1458
1492,1459
1492,1460
1492,1466
1492,1477
1492,1480
1492,1490
1492,1491
1492,1528
1492,1646
1492,1649
1492,1772
1492,1831
1492,1833
1492,1891
1492,1981
1492,2002
1492,2008
1492,2018
1492,2020
1492,2022
1492,2122
1492,2326
1492,2347
1492,2386
1492,2484
1492,2712
1492,2771
1492,2814
1493,499
1493,1126
1493,1268
1493,1269
1493,1499
1493,1524
1493,1532
1493,1621
1493,1832
1493,2012
1493,2018
1493,2020
1493,2377
1493,2400
1493,2438
1494,2283
1495,393
1495,910
1495,1120
1495,1124
1495,1199
1495,1253
1495,1277
1495,1282
1495,1454
1495,1507
1495,1523
1495,1530
1495,1534
1495,1536
1495,1537
1495,1553
1495,1554
1495,1559
1495,1563
1495,1564
1495,1567
1495,1570
1495,1576
1495,1582
1495,1592
1495,1604
1495,1607
1495,1706
1495,2037
1495,2040
1495,2044
1495,2050
1495,2052
1495,2055
1495,2056
1495,2058
1495,2082
1495,2242
1495,2407
1495,2409
1495,2414
1495,2417
1495,2626
1495,2654
1495,2656
1495,2746
1495,2760
1495,2813
1495,2910
1495,2981
1495,2982
1496,905
1496,1067
1496,1199
1496,1227
1496,1257
1496,1258
1496,1444
1496,1459
1496,1467
1496,1472
1496,1476
1496,1477
1496,1480
1496,1482
1496,1484
1496,1486
1496,1487
1496,1492
1496,1503
1496,1526
1496,1532
1496,1981
1496,2008
1496,2012
1496,2121
1496,2122
1496,2379
1496,2430
1497,663
1497,1041
1497,1051
1497,1180
1497,1260
1497,1385
1497,1386
1497,1391
1497,1443
1497,1450
1497,1477
1497,1494
1497,1529
1497,1560
1497,1694
1497,1737
1497,1749
1497,1750
1497,2045
1497,2097
1497,2179
1497,2341
1497,2417
1497,2616
1497,2638
1497,2655
1497,2687
1497,2973
1497,2983
1498,2071
1498,2081
1498,2093
1498,2903
1498,2984
1498,2985
1499,509
1499,762
1499,778
1499,779
1499,781
1499,1002
1499,1040
1499,1164
1499,1183
1499,1205
1499,1260
1499,1273
1499,1279
1499,1284
1499,1285
1499,1287
1499,1339
1499,1344
1499,1349
1499,1394
1499,1409
1499,1426
1499,1450
1499,1466
1499,1472
1499,1476
1499,1477
1499,1479
1499,1482
1499,1503
1499,1526
1499,1528
1499,1530
1499,1553
1499,1554
1499,1564
1499,1570
1499,1571
1499,1588
1499,1601
1499,1651
1499,1706
1499,1711
1499,1747
1499,1771
1499,1772
1499,1773
1499,1829
1499,1830
1499,1861
1499,2005
1499,2018
1499,2030
1499,2049
1499,2052
1499,2166
1499,2401
1499,2626
1499,2682
1499,2769
1499,2776
1499,2923
1500,19
1500,128
1500,159
1500,166
1500,197
1500,250
1500,340
1500,362
1500,368
1500,412
1500,428
1500,429
1500,435
1500,493
1500,497
1500,499
1500,509
1500,524
1500,581
1500,621
1500,704
1500,762
1500,846
1500,877
1500,889
1500,896
1500,897
1500,925
1500,1013
1500,1027
1500,1039
1500,1058
1500,1059
1500,1067
1500,1096
1500,1162
1500,1163
1500,1166
1500,1169
1500,1173
1500,1208
1500,1211
1500,1250
1500,1258
1500,1268
1500,1319
1500,1343
1500,1433
1500,1435
1500,1444
1500,1445
1500,1450
1500,1454
1500,1457
1500,1458
1500,1460
1500,1465
1500,1470
1500,1476
1500,1477
1500,1482
1500,1485
1500,1493
1500,1496
1500,1501
1500,1511
1500,1528
1500,1539
1500,1554
1500,1570
1500,1577
1500,1646
1500,1668
1500,1711
1500,1716
1500,1724
1500,1741
1500,1742
1500,1773
1500,1820
1500,1832
1500,1854
1500,1871
1500,1890
1500,1920
1500,1964
1500,1987
1500,1995
1500,2012
1500,2015
1500,2016
1500,2031
1500,2097
1500,2112
1500,2121
1500,2177
1500,2178
1500,2188
1500,2268
1500,2379
1500,2483
1500,2575
1500,2603
1500,2621
1500,2651
1500,2660
1500,2903
1500,2935
1500,2986
1501,1124
1501,1126
1501,1253
1501,1260
1501,1272
1501,1479
1501,1482
1501,1485
1501,1490
1501,1503
1501,1507
1501,1511
1501,1549
1501,1564
1501,1571
1501,1593
1501,1621
1501,1836
1501,1981
1501,2013
1501,2026
1501,2030
1501,2033
1501,2040
1501,2097
1501,2112
1501,2120
1501,2121
1501,2285
1501,2344
1501,2376
1501,2381
1501,2484
1501,2853
1501,2877
1501,2903
1501,2987
1501,2988
1501,2989
1502,535
1502,1039
1502,1259
1502,1282
1502,1463
1502,1472
1502,1519
1502,1539
1502,1554
1502,1593
1502,1621
1502,1706
1502,1736
1502,1774
1502,1981
1502,2003
1502,2045
1502,2376
1502,2390
1502,2402
1503,49
1503,149
1503,172
1503,243
1503,312
1503,313
1503,362
1503,406
1503,435
1503,436
1503,467
1503,484
1503,493
1503,499
1503,509
1503,517
1503,534
1503,535
1503,581
1503,586
1503,602
1503,612
1503,613
1503,620
1503,628
1503,632
1503,637
1503,641
1503,642
1503,648
1503,655
1503,656
1503,658
1503,730
1503,732
1503,748
1503,749
1503,754
1503,757
1503,760
1503,762
1503,766
1503,775
1503,778
1503,781
1503,799
1503,812
1503,829
1503,847
1503,861
1503,873
1503,878
1503,893
1503,896
1503,905
1503,906
1503,909
1503,910
1503,912
1503,915
1503,931
1503,955
1503,1023
1503,1025
1503,1027
1503,1032
1503,1040
1503,1049
1503,1050
1503,1067
1503,1069
1503,1074
1503,1082
1503,1123
1503,1152
1503,1153
1503,1156
1503,1157
1503,1163
1503,1164
1503,1165
1503,1168
1503,1169
1503,1180
1503,1182
1503,1183
1503,1186
1503,1197
1503,1200
1503,1202
1503,1216
1503,1217
1503,1220
1503,1222
1503,1231
1503,1233
1503,1234
1503,1236
1503,1252
1503,1254
1503,1257
1503,1258
1503,1260
1503,1270
1503,1282
1503,1295
1503,1323
1503,1325
1503,1327
1503,1328
1503,1330
1503,1333
1503,1335
1503,1337
1503,1338
1503,1339
1503,1342
1503,1344
1503,1345
1503,1346
1503,1347
1503,1349
1503,1350
1503,1353
1503,1354
1503,1385
1503,1389
1503,1396
1503,1398
1503,1405
1503,1409
1503,1410
1503,1413
1503,1416
1503,1417
1503,1418
1503,1421
1503,1422
1503,1426
1503,1427
1503,1429
1503,1430
1503,1431
1503,1433
1503,1434
1503,1435
1503,1438
1503,1439
1503,1441
1503,1442
1503,1443
1503,1444
1503,1445
1503,1450
1503,1451
1503,1455
1503,1458
1503,1463
1503,1464
1503,1466
1503,1467
1503,1469
1503,1471
1503,1472
1503,1473
1503,1474
1503,1476
1503,1477
1503,1478
1503,1479
1503,1480
1503,1481
1503,1482
1503,1484
1503,1486
1503,1487
1503,1489
1503,1493
1503,1496
1503,1499
1503,1501
1503,1510
1503,1512
1503,1514
1503,1518
1503,1526
1503,1528
1503,1529
1503,1530
1503,1532
1503,1533
1503,1534
1503,1537
1503,1539
1503,1566
1503,1577
1503,1621
1503,1641
1503,1644
1503,1646
1503,1649
1503,1659
1503,1668
1503,1671
1503,1695
1503,1696
1503,1700
1503,1702
1503,1705
1503,1707
1503,1710
1503,1711
1503,1715
1503,1719
1503,1726
1503,1727
1503,1732
1503,1733
1503,1734
1503,1737
1503,1738
1503,1739
1503,1741
1503,1745
1503,1747
1503,1749
1503,1770
1503,1772
1503,1773
1503,1774
1503,1780
1503,1782
1503,1785
1503,1786
1503,1790
1503,1826
1503,1827
1503,1832
1503,1833
1503,1835
1503,1837
1503,1844
1503,1850
1503,1852
1503,1859
1503,1887
1503,1890
1503,1938
1503,1958
1503,1960
1503,1966
1503,1971
1503,1976
1503,1982
1503,1983
1503,2001
1503,2003
1503,2005
1503,2007
1503,2008
1503,2012
1503,2015
1503,2016
1503,2018
1503,2019
1503,2026
1503,2028
1503,2030
1503,2032
1503,2121
1503,2122
1503,2125
1503,2136
1503,2144
1503,2145
1503,2161
1503,2162
1503,2163
1503,2166
1503,2177
1503,2179
1503,2188
1503,2217
1503,2218
1503,2238
1503,2262
1503,2263
1503,2268
1503,2301
1503,2302
1503,2304
1503,2335
1503,2340
1503,2344
1503,2345
1503,2346
1503,2362
1503,2371
1503,2372
1503,2401
1503,2403
1503,2420
1503,2446
1503,2488
1503,2494
1503,2508
1503,2511
1503,2527
1503,2529
1503,2547
1503,2548
1503,2551
1503,2552
1503,2554
1503,2555
1503,2556
1503,2558
1503,2561
1503,2575
1503,2588
1503,2591
1503,2592
1503,2598
1503,2608
1503,2609
1503,2610
1503,2634
1503,2648
1503,2651
1503,2671
1503,2716
1503,2726
1503,2728
1503,2740
1503,2752
1503,2797
1503,2798
1503,2834
1503,2836
1503,2916
1503,2947
1503,2958
1503,2970
1503,2978
1503,2990
1503,2991
1503,2992
1504,275
1504,1268
1504,1416
1504,1492
1504,1506
1504,1532
1504,1787
1504,1835
1504,1955
1504,2484
1505,908
1505,1035
1505,1352
1505,1465
1505,1724
1505,1842
1505,1981
1505,2006
1505,2944
1506,1504
1506,1509
1506,1514
1506,1861
1506,2018
1506,2041
1506,2112
1507,1092
1507,1253
1507,1258
1507,1260
1507,1279
1507,1480
1507,1495
1507,1511
1507,1541
1507,1592
1507,1724
1507,1749
1507,1837
1507,2022
1507,2028
1507,2030
1507,2040
1507,2046
1507,2053
1507,2058
1507,2653
1507,2656
1508,1572
1508,1830
1508,1833
1508,1982
1508,2046
1508,2179
1509,1504
1509,1506
1509,1514
1509,1649
1509,1651
1509,2018
1509,2027
1509,2653
1509,2758
1510,1259
1511,1252
1511,1256
1511,1275
1511,1461
1511,1476
1511,1487
1511,1489
1511,1490
1511,1500
1511,1501
1511,1507
1511,1719
1511,1724
1511,1981
1511,2011
1511,2064
1511,2268
1511,2285
1511,2347
1511,2379
1511,2563
1512,1275
1512,1503
1512,1514
1512,1991
1513,1253
1513,1260
1514,1651
1514,2665
1514,2871
1515,1122
1515,1524
1515,2032
1515,2040
1515,2047
1515,2381
1516,2032
1517,2064
1517,2781
1517,2923
1518,1253
1518,1254
1518,1319
1518,1471
1518,1492
1518,1503
1518,1507
1518,1525
1518,1528
1518,1588
1518,1612
1518,1747
1518,2016
1518,2026
1518,2030
1518,2511
1518,2863
1518,2954
1519,1126
1519,1253
1519,1268
1519,1272
1519,1458
1519,1460
1519,1464
1519,1491
1519,1504
1519,1512
1519,1540
1519,1545
1519,1835
1519,1837
1519,1999
1519,2027
1519,2032
1519,2041
1519,2621
1519,2657
1519,2758
1519,2804
1520,1039
1520,2045
1521,1259
1521,1524
1521,1527
1521,1565
1521,2018
1521,2040
1521,2381
1521,2650
1522,1122
1522,1260
1522,1491
1522,1530
1522,1536
1522,1540
1522,1560
1522,1565
1522,1578
1522,1601
1522,1738
1522,2126
1522,2166
1522,2391
1522,2437
1522,2807
1522,2820
1522,2995
1522,2996
1523,509
1523,1514
1523,1773
1524,163
1524,1122
1524,1255
1524,1259
1524,1442
1524,1493
1524,1498
1524,1521
1524,1527
1524,1528
1524,1551
1524,1557
1524,1565
1524,1566
1524,1579
1524,1588
1524,1614
1524,1724
1524,2011
1524,2032
1524,2045
1524,2093
1524,2112
1524,2242
1524,2430
1524,2433
1524,2650
1524,2923
1524,2972
1524,2997
1525,399
1525,931
1525,1060
1525,1126
1525,1150
1525,1254
1525,1256
1525,1259
1525,1260
1525,1263
1525,1341
1525,1417
1525,1461
1525,1485
1525,1491
1525,1492
1525,1498
1525,1507
1525,1511
1525,1519
1525,1524
1525,1526
1525,1533
1525,1539
1525,1541
1525,1554
1525,1564
1525,1570
1525,1646
1525,1668
1525,1706
1525,1724
1525,1749
1525,1835
1525,1837
1525,1955
1525,1999
1525,2016
1525,2037
1525,2040
1525,2045
1525,2052
1525,2055
1525,2097
1525,2189
1525,2562
1525,2595
1525,2656
1525,2706
1525,2713
1525,2740
1525,2746
1525,2805
1525,2858
1525,2910
1525,2988
1525,2995
1525,2998
1525,2999
1525,3000
1525,3001
1525,3002
1525,3003
1526,72
1526,1150
1526,1276
1526,1279
1526,1372
1526,1426
1526,1433
1526,1458
1526,1460
1526,1472
1526,1479
1526,1482
1526,1496
1526,1499
1526,1503
1526,1528
1526,1529
1526,1539
1526,1588
1526,1746
1526,1749
1526,1773
1526,1789
1526,2014
1526,2018
1526,2034
1526,2076
1526,2112
1526,2119
1526,2124
1526,2190
1526,2347
1526,2383
1526,2390
1526,2670
1527,1150
1527,1276
1527,1471
1527,1472
1527,1474
1527,1476
1527,1490
1527,1499
1527,1552
1527,1603
1527,1651
1527,1773
1527,2000
1527,2072
1527,2346
1527,2852
1528,107
1528,275
1528,428
1528,435
1528,499
1528,535
1528,581
1528,808
1528,847
1528,915
1528,921
1528,1067
1528,1082
1528,1120
1528,1150
1528,1169
1528,1200
1528,1208
1528,1255
1528,1258
1528,1259
1528,1260
1528,1268
1528,1273
1528,1274
1528,1275
1528,1276
1528,1279
1528,1282
1528,1285
1528,1295
1528,1319
1528,1341
1528,1349
1528,1433
1528,1444
1528,1450
1528,1455
1528,1457
1528,1461
1528,1462
1528,1472
1528,1473
1528,1477
1528,1478
1528,1480
1528,1482
1528,1485
1528,1489
1528,1490
1528,1491
1528,1492
1528,1496
1528,1499
1528,1503
1528,1504
1528,1506
1528,1507
1528,1512
1528,1518
1528,1522
1528,1524
1528,1526
1528,1529
1528,1530
1528,1533
1528,1537
1528,1539
1528,1541
1528,1542
1528,1553
1528,1554
1528,1555
1528,1564
1528,1566
1528,1570
1528,1571
1528,1572
1528,1578
1528,1579
1528,1583
1528,1588
1528,1592
1528,1593
1528,1610
1528,1612
1528,1621
1528,1646
1528,1651
1528,1706
1528,1747
1528,1749
1528,1771
1528,1774
1528,1787
1528,1832
1528,1837
1528,1981
1528,1982
1528,1991
1528,2010
1528,2012
1528,2018
1528,2019
1528,2022
1528,2026
1528,2030
1528,2031
1528,2034
1528,2039
1528,2040
1528,2052
1528,2054
1528,2081
1528,2097
1528,2107
1528,2112
1528,2119
1528,2121
1528,2126
1528,2242
1528,2376
1528,2407
1528,2554
1528,2650
1528,2651
1528,2776
1528,2798
1528,2954
1528,2958
1529,399
1529,499
1529,535
1529,762
1529,847
1529,915
1529,921
1529,1039
1529,1060
1529,1126
1529,1200
1529,1255
1529,1257
1529,1279
1529,1295
1529,1319
1529,1343
1529,1394
1529,1396
1529,1426
1529,1433
1529,1445
1529,1453
1529,1458
1529,1460
1529,1461
1529,1462
1529,1471
1529,1472
1529,1473
1529,1479
1529,1485
1529,1487
1529,1489
1529,1493
1529,1501
1529,1503
1529,1513
1529,1514
1529,1519
1529,1524
1529,1525
1529,1526
1529,1528
1529,1530
1529,1532
1529,1537
1529,1539
1529,1545
1529,1549
1529,1550
1529,1552
1529,1555
1529,1564
1529,1570
1529,1577
1529,1579
1529,1588
1529,1646
1529,1650
1529,1651
1529,1668
1529,1724
1529,1741
1529,1749
1529,1773
1529,1774
1529,1784
1529,1787
1529,1827
1529,1832
1529,1842
1529,1854
1529,1867
1529,1891
1529,1920
1529,1970
1529,1991
1529,1999
1529,2001
1529,2010
1529,2014
1529,2016
1529,2017
1529,2019
1529,2026
1529,2035
1529,2037
1529,2063
1529,2112
1529,2121
1529,2190
1529,2250
1529,2345
1529,2388
1529,2390
1529,2400
1529,2408
1529,2429
1529,2433
1529,2618
1529,2724
1529,2738
1529,2776
1529,2853
1529,2859
1529,2997
1529,3004
1529,3005
1530,428
1530,509
1530,526
1530,535
1530,581
1530,762
1530,921
1530,1070
1530,1126
1530,1208
1530,1235
1530,1252
1530,1260
1530,1273
1530,1275
1530,1344
1530,1353
1530,1425
1530,1426
1530,1433
1530,1435
1530,1436
1530,1443
1530,1445
1530,1449
1530,1454
1530,1457
1530,1468
1530,1473
1530,1491
1530,1499
1530,1501
1530,1503
1530,1506
1530,1522
1530,1526
1530,1527
1530,1528
1530,1533
1530,1537
1530,1541
1530,1554
1530,1555
1530,1570
1530,1577
1530,1644
1530,1651
1530,1668
1530,1705
1530,1711
1530,1726
1530,1749
1530,1830
1530,1955
1530,1983
1530,2013
1530,2022
1530,2026
1530,2029
1530,2030
1530,2031
1530,2052
1530,2251
1530,2409
1530,2466
1530,2625
1530,2717
1530,2759
1530,2817
1530,2835
1530,2898
1530,2948
1530,3006
1531,1253
1531,1260
1531,1272
1531,1479
1531,1566
1531,1646
1531,1992
1531,2040
1531,2062
1531,2079
1531,2121
1531,2127
1531,2433
1531,2618
1531,2877
1531,3002
1531,3007
1532,1212
1532,1256
1532,1274
1532,1458
1532,1459
1532,1566
1532,1888
1532,2122
1532,2651
1533,393
1533,399
1533,581
1533,921
1533,1126
1533,1150
1533,1253
1533,1259
1533,1260
1533,1268
1533,1273
1533,1286
1533,1409
1533,1433
1533,1464
1533,1467
1533,1469
1533,1476
1533,1479
1533,1482
1533,1492
1533,1499
1533,1503
1533,1528
1533,1530
1533,1539
1533,1541
1533,1543
1533,1554
1533,1564
1533,1565
1533,1579
1533,1651
1533,1772
1533,1830
1533,1832
1533,1835
1533,1837
1533,1854
1533,1867
1533,2030
1533,2040
1533,2044
1533,2070
1533,2177
1533,2251
1533,2385
1533,2399
1533,2433
1533,2481
1533,2656
1533,2744
1533,2757
1533,2875
1533,2921
1533,2923
1534,1169
1534,1180
1534,1253
1534,1260
1534,1275
1534,1490
1534,1522
1534,1565
1534,1570
1534,1610
1534,1612
1534,1773
1534,1836
1534,1863
1534,2028
1534,2034
1534,2040
1534,2052
1534,2064
1534,2249
1534,2853
1534,3008
1535,2992
1535,3009
1536,1255
1536,2054
1536,2094
1536,3010
1537,586
1537,921
1537,1072
1537,1231
1537,1269
1537,1327
1537,1331
1537,1346
1537,1390
1537,1409
1537,1435
1537,1448
1537,1459
1537,1466
1537,1467
1537,1470
1537,1471
1537,1480
1537,1482
1537,1485
1537,1486
1537,1490
1537,1499
1537,1503
1537,1512
1537,1524
1537,1530
1537,1566
1537,1588
1537,1648
1537,1708
1537,1790
1537,1982
1537,2001
1537,2002
1537,2122
1537,2125
1537,2126
1537,2180
1537,2185
1537,2405
1537,2424
1537,2431
1537,2759
1537,2903
1538,1553
1538,1582
1538,1833
1538,2053
1538,2058
1538,2626
1538,2776
1538,2907
1539,393
1539,499
1539,581
1539,743
1539,762
1539,1039
1539,1050
1539,1082
1539,1092
1539,1097
1539,1120
1539,1123
1539,1126
1539,1249
1539,1253
1539,1255
1539,1257
1539,1258
1539,1259
1539,1260
1539,1261
1539,1262
1539,1268
1539,1270
1539,1271
1539,1273
1539,1274
1539,1279
1539,1280
1539,1281
1539,1295
1539,1319
1539,1333
1539,1372
1539,1394
1539,1407
1539,1433
1539,1442
1539,1461
1539,1463
1539,1472
1539,1476
1539,1478
1539,1480
1539,1484
1539,1485
1539,1487
1539,1489
1539,1492
1539,1493
1539,1497
1539,1499
1539,1501
1539,1502
1539,1503
1539,1504
1539,1506
1539,1512
1539,1515
1539,1518
1539,1522
1539,1525
1539,1526
1539,1528
1539,1533
1539,1537
1539,1538
1539,1541
1539,1545
1539,1549
1539,1553
1539,1554
1539,1555
1539,1559
1539,1562
1539,1564
1539,1565
1539,1566
1539,1571
1539,1572
1539,1583
1539,1584
1539,1588
1539,1592
1539,1596
1539,1600
1539,1604
1539,1608
1539,1610
1539,1611
1539,1613
1539,1621
1539,1646
1539,1746
1539,1749
1539,1769
1539,1773
1539,1832
1539,1886
1539,1976
1539,1981
1539,1996
1539,2010
1539,2012
1539,2017
1539,2018
1539,2024
1539,2028
1539,2030
1539,2031
1539,2035
1539,2037
1539,2044
1539,2051
1539,2052
1539,2058
1539,2064
1539,2072
1539,2077
1539,2081
1539,2082
1539,2084
1539,2089
1539,2097
1539,2098
1539,2107
1539,2119
1539,2124
1539,2126
1539,2176
1539,2242
1539,2268
1539,2292
1539,2375
1539,2376
1539,2390
1539,2392
1539,2394
1539,2399
1539,2409
1539,2430
1539,2466
1539,2618
1539,2619
1539,2653
1539,2657
1539,2682
1539,2739
1539,2746
1539,2757
1539,2769
1539,2771
1539,2781
1539,2798
1539,2805
1539,2806
1539,2826
1539,2853
1539,2864
1539,2881
1539,2926
1539,2935
1539,2937
1539,2944
1539,2975
1539,2980
1539,2983
1539,3002
1539,3004
1539,3014
1539,3015
1539,3016
1539,3017
1539,3018
1539,3019
1540,1255
1540,1479
1540,2179
1541,399
1541,1260
1541,1274
1541,1413
1541,1421
1541,1506
1541,1511
1541,1514
1541,1540
1541,1543
1541,1553
1541,1554
1541,1564
1541,1571
1541,1592
1541,1749
1541,1836
1541,1862
1541,1999
1541,2018
1541,2029
1541,2040
1541,2041
1541,2052
1541,2126
1541,2160
1541,2242
1541,2250
1541,2344
1541,2408
1541,2654
1541,2656
1541,2713
1541,2746
1541,2769
1541,2804
1541,2852
1541,2941
1541,3005
1541,3022
1542,1522
1542,1545
1542,1556
1542,1559
1542,1576
1542,1579
1542,1600
1542,1999
1542,2058
1542,2095
1542,2713
1542,2897
1542,2921
1543,996
1543,1126
1543,1541
1543,2046
1543,2070
1543,2737
1543,3023
1544,393
1544,1276
1544,1552
1544,2250
1544,3024
1545,1122
1545,1126
1545,1255
1545,1519
1545,1524
1545,1536
1545,1543
1545,1551
1545,1553
1545,1555
1545,1582
1545,1861
1545,1865
1545,2018
1545,2126
1545,2430
1545,2439
1545,2745
1545,2898
1546,1636
1547,2892
1547,3025
1548,499
1548,596
1548,966
1548,1015
1548,1040
1548,1073
1548,1120
1548,1127
1548,1180
1548,1223
1548,1260
1548,1261
1548,1271
1548,1272
1548,1279
1548,1282
1548,1283
1548,1284
1548,1285
1548,1286
1548,1287
1548,1341
1548,1480
1548,1515
1548,1517
1548,1524
1548,1538
1548,1541
1548,1551
1548,1555
1548,1562
1548,1567
1548,1569
1548,1571
1548,1572
1548,1576
1548,1579
1548,1580
1548,1581
1548,1582
1548,1583
1548,1584
1548,1585
1548,1586
1548,1587
1548,1589
1548,1592
1548,1593
1548,1595
1548,1596
1548,1598
1548,1599
1548,1600
1548,1601
1548,1604
1548,1607
1548,1608
1548,1609
1548,1611
1548,1613
1548,1615
1548,1668
1548,1706
1548,1773
1548,1834
1548,1868
1548,1892
1548,1993
1548,2002
1548,2033
1548,2034
1548,2035
1548,2039
1548,2040
1548,2041
1548,2044
1548,2048
1548,2049
1548,2050
1548,2051
1548,2052
1548,2056
1548,2059
1548,2061
1548,2062
1548,2064
1548,2065
1548,2069
1548,2071
1548,2072
1548,2080
1548,2081
1548,2082
1548,2084
1548,2085
1548,2089
1548,2094
1548,2096
1548,2098
1548,2123
1548,2126
1548,2135
1548,2242
1548,2388
1548,2391
1548,2394
1548,2409
1548,2417
1548,2421
1548,2437
1548,2438
1548,2625
1548,2737
1548,2743
1548,2746
1548,2755
1548,2771
1548,2774
1548,2775
1548,2777
1548,2798
1548,2807
1548,2816
1548,2823
1548,2860
1548,2864
1548,2865
1548,2873
1548,2881
1548,2887
1548,2891
1548,2892
1548,2895
1548,2905
1548,2910
1548,2923
1548,2925
1548,2988
1548,2997
1548,2999
1548,3004
1548,3011
1548,3013
1548,3022
1548,3026
1548,3027
1548,3028
1548,3029
1548,3030
1548,3031
1549,393
1549,1126
1549,1180
1549,1253
1549,1259
1549,1268
1549,1282
1549,1466
1549,1524
1549,1532
1549,1545
1549,1555
1549,1556
1549,1560
1549,1565
1549,1569
1549,1571
1549,1995
1549,2022
1549,2026
1549,2029
1549,2035
1549,2052
1549,2053
1549,2058
1549,2065
1549,2068
1549,2079
1549,2391
1549,2394
1549,2420
1549,2466
1549,2907
1550,820
1550,889
1550,1049
1550,1529
1550,2189
1550,2488
1551,1180
1551,1274
1551,1522
1551,1555
1551,1560
1551,1565
1551,1996
1551,2048
1551,2053
1551,2391
1551,2410
1551,2619
1551,2626
1551,2901
1552,399
1552,435
1552,762
1552,1122
1552,1274
1552,1275
1552,1282
1552,1285
1552,1344
1552,1394
1552,1529
1552,1560
1552,1566
1552,1579
1552,1588
1552,1612
1552,1636
1552,1738
1552,1836
1552,1864
1552,1867
1552,1886
1552,2126
1552,2242
1552,2250
1552,2362
1552,2409
1552,2412
1552,2652
1552,2878
1552,2907
1552,2926
1552,2951
1553,393
1553,499
1553,1259
1553,1273
1553,1517
1553,1538
1553,1545
1553,1559
1553,1562
1553,1568
1553,1589
1553,1869
1553,1996
1553,2043
1553,2045
1553,2048
1553,2052
1553,2126
1553,2410
1553,2619
1553,2622
1553,2626
1553,2716
1553,2737
1553,2745
1553,2773
1553,2776
1553,2807
1553,2827
1553,2860
1553,2910
1553,2941
1553,3032
1553,3033
1554,428
1554,499
1554,725
1554,1120
1554,1259
1554,1260
1554,1263
1554,1268
1554,1283
1554,1495
1554,1499
1554,1502
1554,1512
1554,1514
1554,1530
1554,1541
1554,1563
1554,1564
1554,1571
1554,2032
1554,2039
1554,2052
1554,2058
1554,2068
1554,2312
1554,2389
1554,2391
1554,2438
1554,2826
1555,399
1555,1259
1555,1274
1555,1275
1555,1545
1555,1551
1555,1565
1555,1566
1555,1571
1555,1991
1555,2029
1555,2030
1555,2040
1555,2058
1555,2091
1555,2242
1555,2433
1555,2656
1555,2974
1556,393
1556,808
1556,1259
1556,1273
1556,1274
1556,1569
1556,1576
1556,1867
1556,2046
1556,2058
1556,2388
1556,2433
1556,2759
1557,399
1557,1257
1557,1489
1557,1837
1557,2996
1558,1707
1558,1737
1558,2621
1559,1495
1559,1553
1559,1611
1559,1613
1559,2050
1560,1497
1560,2781
1560,2827
1560,2918
1561,399
1561,526
1561,878
1561,928
1561,1039
1561,1070
1561,1126
1561,1252
1561,1258
1561,1336
1561,1341
1561,1344
1561,1349
1561,1353
1561,1428
1561,1443
1561,1456
1561,1460
1561,1463
1561,1479
1561,1535
1561,1579
1561,1583
1561,1724
1561,1732
1561,1766
1561,1771
1561,1829
1561,1869
1561,1981
1561,1982
1561,2019
1561,2034
1561,2037
1561,2040
1561,2045
1561,2084
1561,2094
1561,2095
1561,2176
1561,2575
1561,2714
1561,2770
1561,2860
1561,2892
1561,3030
1562,1073
1562,1092
1562,1097
1562,1249
1562,1271
1562,1279
1562,1283
1562,1285
1562,1286
1562,1497
1562,1512
1562,1538
1562,1544
1562,1553
1562,1560
1562,1569
1562,1576
1562,1578
1562,1582
1562,1583
1562,1584
1562,1592
1562,1593
1562,1596
1562,1597
1562,1599
1562,1603
1562,1604
1562,1608
1562,2035
1562,2048
1562,2050
1562,2072
1562,2075
1562,2078
1562,2085
1562,2095
1562,2112
1562,2160
1562,2266
1562,2285
1562,2378
1562,2392
1562,2394
1562,2409
1562,2417
1562,2438
1562,2622
1562,2746
1562,2760
1562,2771
1562,2860
1562,2874
1562,2877
1562,2923
1562,2951
1563,1564
1564,660
1564,1015
1564,1082
1564,1122
1564,1123
1564,1127
1564,1253
1564,1263
1564,1268
1564,1273
1564,1274
1564,1276
1564,1279
1564,1282
1564,1285
1564,1286
1564,1479
1564,1531
1564,1538
1564,1541
1564,1545
1564,1551
1564,1552
1564,1554
1564,1555
1564,1557
1564,1558
1564,1559
1564,1560
1564,1563
1564,1566
1564,1567
1564,1569
1564,1578
1564,1582
1564,1583
1564,1592
1564,2035
1564,2037
1564,2040
1564,2042
1564,2046
1564,2048
1564,2052
1564,2053
1564,2055
1564,2058
1564,2067
1564,2177
1564,2242
1564,2388
1564,2409
1564,2411
1564,2417
1564,2706
1564,2717
1564,2759
1564,2792
1564,2808
1564,2860
1564,2864
1564,2865
1564,2875
1564,2889
1564,2951
1564,3020
1564,3035
1565,921
1565,1180
1565,1521
1565,1524
1565,1551
1565,1580
1565,1772
1565,2037
1565,2067
1565,2404
1565,2626
1565,2808
1565,2901
1565,2908
1565,2910
1565,2942
1565,3018
1566,1268
1566,1274
1566,1295
1566,1503
1566,1524
1566,1532
1566,1536
1566,1555
1566,1560
1566,1564
1566,1565
1566,1583
1566,1600
1566,1837
1566,2018
1566,2032
1566,2040
1566,2058
1566,2126
1566,2242
1566,2650
1566,2758
1566,2792
1566,2989
1567,596
1567,1103
1567,1495
1567,1574
1567,2061
1567,2391
1567,2394
1567,2411
1567,2414
1567,2415
1567,2705
1567,2865
1567,2901
1567,3036
1567,3037
1568,2065
1568,2392
1568,3038
1569,399
1569,1273
1569,1274
1569,1275
1569,1283
1569,1466
1569,1536
1569,1538
1569,1552
1569,1553
1569,1557
1569,1562
1569,1568
1569,1578
1569,1579
1569,1582
1569,1586
1569,2044
1569,2060
1569,2067
1569,2282
1569,2391
1569,2417
1569,2419
1569,2420
1569,2759
1569,2889
1569,2890
1569,2908
1569,2941
1569,2942
1570,280
1570,399
1570,493
1570,499
1570,509
1570,581
1570,808
1570,868
1570,870
1570,895
1570,1122
1570,1257
1570,1259
1570,1260
1570,1261
1570,1273
1570,1275
1570,1515
1570,1518
1570,1524
1570,1530
1570,1532
1570,1553
1570,1555
1570,1564
1570,1646
1570,1706
1570,1724
1570,1854
1570,2006
1570,2018
1570,2030
1570,2052
1570,2075
1570,2107
1570,2190
1570,2242
1570,2345
1570,2410
1570,2413
1570,2562
1570,2835
1570,2863
1570,3041
1571,399
1571,499
1571,526
1571,581
1571,808
1571,870
1571,1040
1571,1050
1571,1082
1571,1092
1571,1126
1571,1127
1571,1150
1571,1180
1571,1253
1571,1259
1571,1260
1571,1263
1571,1268
1571,1273
1571,1274
1571,1275
1571,1276
1571,1279
1571,1280
1571,1282
1571,1284
1571,1285
1571,1287
1571,1295
1571,1341
1571,1433
1571,1460
1571,1474
1571,1485
1571,1491
1571,1493
1571,1495
1571,1498
1571,1499
1571,1501
1571,1502
1571,1504
1571,1506
1571,1509
1571,1519
1571,1521
1571,1522
1571,1524
1571,1528
1571,1530
1571,1531
1571,1533
1571,1536
1571,1538
1571,1539
1571,1542
1571,1549
1571,1551
1571,1553
1571,1555
1571,1556
1571,1560
1571,1562
1571,1565
1571,1566
1571,1567
1571,1569
1571,1570
1571,1572
1571,1574
1571,1576
1571,1578
1571,1579
1571,1582
1571,1586
1571,1588
1571,1590
1571,1592
1571,1593
1571,1608
1571,1610
1571,1613
1571,1646
1571,1651
1571,1706
1571,1749
1571,1769
1571,1774
1571,1835
1571,1836
1571,1865
1571,1981
1571,2022
1571,2026
1571,2028
1571,2030
1571,2035
1571,2037
1571,2045
1571,2046
1571,2049
1571,2052
1571,2058
1571,2060
1571,2062
1571,2065
1571,2072
1571,2078
1571,2081
1571,2087
1571,2091
1571,2095
1571,2097
1571,2119
1571,2283
1571,2343
1571,2377
1571,2379
1571,2391
1571,2392
1571,2402
1571,2411
1571,2422
1571,2433
1571,2466
1571,2560
1571,2622
1571,2633
1571,2682
1571,2716
1571,2759
1571,2776
1571,2781
1571,2792
1571,2798
1571,2807
1571,2826
1571,2846
1571,2860
1571,2906
1571,2908
1571,2926
1571,2941
1571,2944
1571,3001
1571,3041
1571,3042
1571,3043
1571,3044
1572,878
1572,1122
1572,1509
1572,1579
1572,1582
1572,1600
1572,1837
1572,2018
1572,2026
1572,2040
1572,2053
1572,2705
1572,2798
1572,2918
1572,2945
1573,1524
1573,1579
1573,1591
1573,2625
1573,2923
1574,1284
1574,1589
1574,2061
1574,2391
1574,2705
1574,3045
1575,2546
1575,2769
1576,1282
1576,1285
1576,1522
1576,1536
1576,1564
1576,1571
1576,1579
1576,1580
1576,1584
1576,1597
1576,1603
1576,1777
1576,1865
1576,1869
1576,2028
1576,2035
1576,2037
1576,2044
1576,2058
1576,2392
1576,2411
1576,2413
1576,2418
1576,2422
1576,2433
1576,2560
1576,2623
1576,2819
1576,2860
1576,2861
1576,2862
1576,2996
1576,3046
1577,212
1577,362
1577,435
1577,499
1577,509
1577,513
1577,535
1577,645
1577,648
1577,762
1577,780
1577,797
1577,798
1577,829
1577,847
1577,861
1577,878
1577,896
1577,1025
1577,1030
1577,1039
1577,1060
1577,1070
1577,1071
1577,1082
1577,1130
1577,1161
1577,1164
1577,1208
1577,1214
1577,1235
1577,1251
1577,1252
1577,1255
1577,1257
1577,1259
1577,1274
1577,1279
1577,1282
1577,1283
1577,1319
1577,1331
1577,1333
1577,1350
1577,1394
1577,1396
1577,1399
1577,1402
1577,1404
1577,1407
1577,1409
1577,1414
1577,1417
1577,1420
1577,1424
1577,1430
1577,1435
1577,1438
1577,1443
1577,1445
1577,1450
1577,1457
1577,1461
1577,1462
1577,1466
1577,1467
1577,1469
1577,1472
1577,1473
1577,1476
1577,1477
1577,1489
1577,1492
1577,1498
1577,1500
1577,1503
1577,1511
1577,1523
1577,1524
1577,1525
1577,1526
1577,1528
1577,1529
1577,1530
1577,1532
1577,1533
1577,1537
1577,1539
1577,1549
1577,1551
1577,1552
1577,1555
1577,1566
1577,1574
1577,1579
1577,1668
1577,1700
1577,1706
1577,1711
1577,1713
1577,1723
1577,1724
1577,1743
1577,1746
1577,1769
1577,1770
1577,1771
1577,1772
1577,1774
1577,1787
1577,1824
1577,1837
1577,1842
1577,1854
1577,1855
1577,1859
1577,1897
1577,1920
1577,1981
1577,1982
1577,1983
1577,1985
1577,1988
1577,2010
1577,2012
1577,2014
1577,2015
1577,2016
1577,2018
1577,2019
1577,2026
1577,2031
1577,2041
1577,2072
1577,2081
1577,2097
1577,2124
1577,2175
1577,2242
1577,2284
1577,2335
1577,2346
1577,2347
1577,2375
1577,2388
1577,2446
1577,2555
1577,2626
1577,2633
1577,2744
1577,2856
1577,2916
1578,399
1578,1122
1578,1167
1578,1180
1578,1268
1578,1283
1578,1319
1578,1522
1578,1546
1578,1553
1578,1562
1578,1582
1578,1614
1578,1668
1578,1750
1578,2040
1578,2251
1578,2391
1578,2417
1578,2562
1578,2792
1578,2865
1578,2873
1578,2886
1578,2929
1578,3002
1578,3024
1578,3047
1578,3048
1579,399
1579,921
1579,1122
1579,1255
1579,1275
1579,1284
1579,1490
1579,1516
1579,1572
1579,1573
1579,1576
1579,1578
1579,1582
1579,1591
1579,1608
1579,1651
1579,1891
1579,2018
1579,2028
1579,2029
1579,2037
1579,2064
1579,2417
1579,2624
1579,2823
1579,2923
1580,1286
1580,1522
1580,1576
1580,1601
1580,2438
1580,2626
1580,2760
1581,1574
1582,1015
1582,1122
1582,1126
1582,1536
1582,1538
1582,1569
1582,1573
1582,1578
1582,1579
1582,1591
1582,1607
1582,2035
1582,2177
1582,2410
1582,2621
1582,2626
1582,2650
1582,2687
1582,2807
1582,2882
1582,3049
1583,9
1583,575
1583,1127
1583,1273
1583,1285
1583,1286
1583,1553
1583,1564
1583,1565
1583,1569
1583,1571
1583,1582
1583,1588
1583,1595
1583,1600
1583,1601
1583,1604
1583,1608
1583,1773
1583,1865
1583,2067
1583,2075
1583,2077
1583,2081
1583,2094
1583,2112
1583,2242
1583,2392
1583,2775
1583,2776
1583,2846
1583,2864
1583,2883
1583,3004
1583,3036
1583,3040
1584,2086
1584,2389
1584,2622
1584,2917
1585,1286
1585,1522
1585,1540
1585,1567
1585,1608
1585,1865
1585,2422
1585,2790
1585,2809
1585,2889
1585,2924
1586,1522
1586,1569
1586,2417
1586,2657
1586,2775
1587,1284
1587,1573
1587,1581
1587,2626
1588,1274
1588,1275
1588,1279
1588,1524
1588,1555
1588,1579
1588,1865
1588,2040
1588,2177
1588,2401
1588,2414
1588,2623
1588,2885
1588,2951
1588,2987
1589,1455
1589,1568
1589,1574
1589,2037
1589,2878
1589,2891
1590,1836
1590,2404
1590,2906
1590,3050
1591,1255
1591,1259
1591,1274
1591,1380
1591,1573
1591,1579
1591,1582
1591,1608
1591,2655
1591,2657
1591,3012
1591,3022
1592,149
1592,526
1592,1039
1592,1064
1592,1067
1592,1092
1592,1097
1592,1251
1592,1258
1592,1259
1592,1260
1592,1279
1592,1295
1592,1337
1592,1344
1592,1410
1592,1427
1592,1433
1592,1450
1592,1451
1592,1474
1592,1480
1592,1482
1592,1483
1592,1487
1592,1489
1592,1499
1592,1506
1592,1507
1592,1524
1592,1527
1592,1528
1592,1529
1592,1533
1592,1534
1592,1539
1592,1545
1592,1564
1592,1576
1592,1610
1592,1646
1592,1647
1592,1772
1592,1774
1592,1836
1592,1849
1592,1859
1592,2005
1592,2015
1592,2018
1592,2028
1592,2031
1592,2040
1592,2052
1592,2053
1592,2058
1592,2071
1592,2075
1592,2086
1592,2098
1592,2119
1592,2388
1592,2389
1592,2412
1592,2422
1592,2446
1592,2626
1592,2653
1592,2656
1592,2742
1592,2771
1592,2775
1592,2855
1592,2963
1592,3034
1593,499
1593,1119
1593,1275
1593,1279
1593,1286
1593,1430
1593,1460
1593,1461
1593,1472
1593,1501
1593,1502
1593,1528
1593,1562
1593,1571
1593,1575
1593,1576
1593,1584
1593,1589
1593,1590
1593,1592
1593,1594
1593,1599
1593,1601
1593,1603
1593,1604
1593,1606
1593,1608
1593,1611
1593,1614
1593,1619
1593,1827
1593,1831
1593,1865
1593,1887
1593,2004
1593,2016
1593,2022
1593,2035
1593,2048
1593,2051
1593,2069
1593,2081
1593,2093
1593,2125
1593,2347
1593,2377
1593,2388
1593,2394
1593,2414
1593,2417
1593,2418
1593,2438
1593,2482
1593,2626
1593,2809
1593,2815
1593,2846
1593,2872
1593,2874
1593,2887
1593,2888
1593,2898
1593,2914
1593,2978
1593,3040
1593,3051
1594,1262
1594,1614
1594,1838
1594,2083
1594,2098
1595,1527
1595,2057
1595,2433
1595,2623
1595,2624
1595,3052
1596,1606
1596,2076
1596,2084
1596,2388
1596,2394
1596,2433
1596,2911
1596,2959
1596,3004
1597,1128
1597,1284
1597,1578
1597,1589
1597,1596
1597,1869
1597,2048
1597,2297
1597,2394
1597,2421
1597,2816
1597,2823
1597,3053
1597,3054
1597,3055
1597,3056
1598,2775
1599,575
1599,2078
1599,2422
1600,1183
1600,1607
1600,1836
1600,2121
1600,2880
1600,3057
1600,3058
1601,1836
1601,2054
1601,2072
1601,2772
1601,2878
1602,2053
1602,2252
1603,1576
1603,1602
1603,1607
1603,1836
1603,1865
1603,2059
1603,2065
1603,2069
1603,2094
1603,2438
1603,2865
1603,2880
1603,2885
1603,3059
1604,910
1604,1274
1604,1280
1604,1283
1604,1285
1604,1574
1604,1611
1604,2083
1604,2085
1604,2112
1604,2414
1604,2415
1604,2422
1604,2682
1604,2873
1604,3025
1605,2437
1606,2420
1606,2896
1607,1180
1607,1275
1607,1284
1607,1495
1607,1592
1607,1595
1607,1600
1607,1606
1607,2056
1607,2775
1607,2897
1607,2912
1607,3025
1608,1180
1608,1281
1608,1283
1608,1553
1608,1555
1608,1579
1608,1582
1608,1585
1608,1868
1608,2084
1608,2388
1608,2392
1608,2420
1608,2626
1608,3011
1609,1611
1610,435
1610,615
1610,638
1610,648
1610,762
1610,880
1610,889
1610,931
1610,1039
1610,1040
1610,1082
1610,1122
1610,1150
1610,1155
1610,1180
1610,1203
1610,1259
1610,1260
1610,1268
1610,1273
1610,1275
1610,1279
1610,1295
1610,1344
1610,1388
1610,1433
1610,1477
1610,1480
1610,1490
1610,1492
1610,1493
1610,1499
1610,1504
1610,1506
1610,1509
1610,1514
1610,1515
1610,1519
1610,1522
1610,1524
1610,1528
1610,1529
1610,1537
1610,1539
1610,1540
1610,1541
1610,1552
1610,1555
1610,1562
1610,1570
1610,1578
1610,1646
1610,1651
1610,1706
1610,1724
1610,1746
1610,1749
1610,1750
1610,1769
1610,1772
1610,1774
1610,1890
1610,1987
1610,1991
1610,2015
1610,2018
1610,2019
1610,2027
1610,2028
1610,2030
1610,2031
1610,2032
1610,2042
1610,2043
1610,2046
1610,2047
1610,2053
1610,2071
1610,2076
1610,2081
1610,2112
1610,2379
1610,2391
1610,2407
1610,2431
1610,2434
1610,2466
1610,2563
1610,2621
1610,2687
1610,2745
1610,2758
1610,2909
1610,3041
1611,1604
1611,1609
1611,1836
1611,2657
1612,878
1612,1092
1612,1122
1612,1126
1612,1155
1612,1260
1612,1262
1612,1274
1612,1279
1612,1282
1612,1341
1612,1506
1612,1509
1612,1511
1612,1518
1612,1525
1612,1527
1612,1528
1612,1537
1612,1538
1612,1545
1612,1553
1612,1554
1612,1562
1612,1570
1612,1576
1612,1579
1612,1584
1612,1588
1612,1593
1612,1594
1612,1608
1612,1611
1612,1836
1612,2035
1612,2048
1612,2081
1612,2112
1612,2388
1612,2389
1612,2394
1612,2403
1612,2439
1612,2482
1612,2621
1612,2650
1612,2759
1612,2760
1612,2863
1612,2910
1612,2917
1612,2951
1612,2954
1612,2963
1612,3021
1612,3036
1612,3037
1612,3060
1612,3061
1613,912
1613,1615
1613,2096
1613,2778
1613,2881
1613,2892
1613,2915
1614,1284
1614,1506
1614,1545
1614,1591
1614,1592
1614,1594
1614,1598
1614,1607
1614,1609
1614,1611
1614,2053
1614,2063
1614,2071
1614,2085
1614,2089
1614,2090
1614,2096
1614,2394
1614,2745
1614,2776
1614,2826
1614,2835
1614,2872
1614,3034
1614,3062
1615,1273
1615,1613
1615,2781
1615,2881
1615,2914
1616,334
1616,357
1616,489
1616,509
1616,532
1616,535
1616,810
1616,831
1616,938
1616,1048
1616,1070
1616,1071
1616,1208
1616,1233
1616,1236
1616,1325
1616,1332
1616,1342
1616,1354
1616,1401
1616,1414
1616,1424
1616,1433
1616,1438
1616,1447
1616,1450
1616,1458
1616,1479
1616,1489
1616,1494
1616,1496
1616,1530
1616,1641
1616,1699
1616,1705
1616,1709
1616,1734
1616,1738
1616,1742
1616,1772
1616,1774
1616,1786
1616,2026
1616,2323
1616,2374
1616,2814
1616,2845
1617,234
1618,261
1618,262
1618,588
1619,265
1619,1746
1619,2011
1619,2014
1619,2283
1620,1
1620,517
1621,125
1621,270
1621,348
1621,379
1621,384
1621,392
1621,393
1621,403
1621,409
1621,425
1621,426
1621,435
1621,471
1621,479
1621,535
1621,559
1621,565
1621,574
1621,629
1621,654
1621,726
1621,760
1621,819
1621,890
1621,912
1621,917
1621,1002
1621,1039
1621,1051
1621,1148
1621,1200
1621,1202
1621,1222
1621,1258
1621,1259
1621,1299
1621,1363
1621,1390
1621,1426
1621,1476
1621,1493
1621,1501
1621,1502
1621,1674
1621,1699
1621,1772
1621,1888
1621,2000
1621,2026
1621,2164
1621,2234
1621,2347
1621,2855
1622,2368
1622,2658
1623,64
1623,254
1623,627
1623,1947
1624,125
1624,827
1625,625
1625,944
1626,409
1626,583
1626,943
1626,968
1627,125
1627,378
1627,409
1627,669
1627,903
1627,1015
1627,1083
1627,1141
1627,2221
1628,433
1628,689
1628,710
1628,937
1628,1016
1628,2191
1629,48
1629,126
1629,184
1630,617
1630,1158
1631,152
1631,189
1631,216
1631,255
1631,480
1631,516
1631,547
1631,550
1631,566
1631,961
1632,244
1632,336
1632,360
1632,437
1632,710
1632,715
1632,943
1632,2226
1633,741
1634,831
1635,991
1636,489
1636,605
1636,868
1636,1020
1636,3063
1637,644
1637,649
1637,746
1637,1045
1637,1237
1637,2220
1638,128
1638,499
1638,509
1638,563
1638,581
1638,612
1638,760
1638,782
1638,909
1638,1039
1638,1067
1638,1162
1638,1208
1638,1260
1638,1270
1638,1275
1638,1279
1638,1295
1638,1319
1638,1325
1638,1333
1638,1337
1638,1344
1638,1441
1638,1460
1638,1461
1638,1470
1638,1472
1638,1477
1638,1482
1638,1484
1638,1485
1638,1487
1638,1500
1638,1502
1638,1504
1638,1508
1638,1528
1638,1537
1638,1539
1638,1570
1638,1572
1638,1646
1638,1711
1638,1716
1638,1724
1638,1728
1638,1746
1638,1829
1638,1830
1638,1981
1638,1998
1638,2012
1638,2055
1638,2283
1638,2285
1638,2326
1638,2381
1638,2402
1638,2438
1638,2792
1638,2798
1638,2945
1639,1919
1640,1434
1640,1443
1640,1466
1641,658
1641,1222
1641,1390
1641,1426
1641,1436
1641,1450
1641,1687
1641,2175
1641,2556
1641,2561
1641,2950
1642,128
1642,1437
1642,1438
1642,2084
1643,967
1643,1069
1643,1969
1643,2341
1643,2949
1644,630
1644,642
1644,656
1644,777
1644,963
1644,1186
1644,1340
1644,1348
1644,1349
1644,1426
1644,1436
1644,1437
1644,1443
1644,1687
1644,1709
1644,1717
1644,1903
1644,1979
1644,2166
1644,2464
1644,2473
1644,2537
1644,2609
1644,2931
1645,1221
1645,1432
1645,1475
1646,428
1646,581
1646,596
1646,915
1646,1015
1646,1067
1646,1150
1646,1252
1646,1258
1646,1260
1646,1273
1646,1433
1646,1444
1646,1458
1646,1461
1646,1468
1646,1471
1646,1487
1646,1489
1646,1492
1646,1499
1646,1500
1646,1504
1646,1525
1646,1528
1646,1531
1646,1539
1646,1555
1646,1592
1646,1610
1646,1735
1646,1772
1646,2018
1646,2022
1646,2030
1646,2031
1646,2040
1646,2124
1646,2189
1646,2190
1646,2375
1646,2482
1646,2483
1646,3002
1647,1354
1647,1463
1647,1487
1647,1709
1647,1717
1647,1718
1647,2970
1648,1482
1648,1486
1648,1830
1648,2189
1648,2341
1648,2428
1648,2739
1648,3064
1649,1492
1649,1647
1649,2651
1650,1120
1650,1476
1650,1482
1650,1888
1650,2344
1650,2714
1650,3065
1651,1050
1651,1069
1651,1257
1651,1268
1651,1490
1651,1492
1651,1493
1651,1514
1651,1836
1651,1837
1651,2018
1651,2028
1651,2112
1651,2126
1651,2430
1651,2669
1651,3066
1652,128
1652,1275
1652,2687
1652,2821
1653,130
1654,494
1654,574
1655,598
1656,234
1656,812
1656,816
1656,859
1656,1218
1656,1222
1656,2696
1657,80
1657,200
1657,229
1657,333
1657,388
1657,437
1657,442
1657,457
1657,506
1657,552
1657,555
1657,587
1657,604
1657,676
1657,678
1657,689
1657,693
1657,716
1657,724
1657,728
1657,812
1657,825
1657,928
1657,937
1657,1098
1657,1136
1657,1315
1657,1316
1657,2320
1658,490
1658,1139
1658,1310
1658,1800
1659,829
1659,1153
1659,1222
1659,1390
1659,1391
1659,2494
1660,62
1660,490
1660,553
1660,554
1660,563
1660,608
1660,612
1660,615
1660,620
1660,633
1660,636
1660,651
1660,678
1660,684
1660,690
1660,692
1660,731
1660,738
1660,744
1660,751
1660,755
1660,758
1660,764
1660,770
1660,773
1660,777
1660,780
1660,797
1660,807
1660,829
1660,832
1660,839
1660,843
1660,844
1660,848
1660,852
1660,868
1660,877
1660,886
1660,927
1660,1005
1660,1024
1660,1032
1660,1046
1660,1059
1660,1102
1660,1103
1660,1114
1660,1130
1660,1147
1660,1152
1660,1184
1660,1197
1660,1201
1660,1237
1660,1500
1660,1659
1660,1662
1660,1666
1660,1667
1660,1721
1660,1763
1660,1885
1660,1904
1660,1991
1660,2017
1660,2267
1660,2302
1660,2307
1660,2330
1660,2353
1660,2368
1660,2471
1660,2640
1660,2658
1660,2688
1660,3067
1661,4
1661,35
1661,36
1661,39
1661,42
1661,54
1661,75
1661,98
1661,102
1661,144
1661,148
1661,180
1661,246
1661,250
1661,258
1661,264
1661,359
1661,375
1661,405
1661,412
1661,432
1661,439
1661,442
1661,503
1661,563
1661,570
1661,615
1661,617
1661,628
1661,678
1661,693
1661,724
1661,731
1661,747
1661,749
1661,753
1661,759
1661,763
1661,809
1661,811
1661,830
1661,870
1661,998
1661,1096
1661,1103
1661,1114
1661,1316
1661,1377
1661,1660
1661,1776
1661,1796
1661,1802
1661,1894
1661,1914
1662,607
1662,663
1662,728
1662,841
1662,942
1662,1081
1662,2497
1663,1094
1663,2664
1664,240
1664,426
1664,731
1664,1141
1665,308
1665,532
1665,553
1665,738
1665,834
1665,904
1665,2210
1666,490
1666,563
1666,611
1666,690
1666,733
1666,742
1666,744
1666,746
1666,749
1666,750
1666,842
1666,1005
1666,1022
1666,1034
1666,1043
1666,1099
1666,1152
1666,1839
1666,2213
1666,2256
1667,478
1667,630
1667,638
1667,642
1667,728
1667,732
1667,759
1667,777
1667,854
1667,857
1667,859
1667,963
1667,1237
1667,1316
1667,1326
1667,1686
1667,2221
1667,2307
1667,2351
1667,2520
1667,2666
1667,2695
1668,77
1668,128
1668,172
1668,217
1668,242
1668,275
1668,280
1668,306
1668,308
1668,312
1668,362
1668,399
1668,432
1668,435
1668,475
1668,493
1668,499
1668,518
1668,526
1668,535
1668,546
1668,581
1668,638
1668,640
1668,645
1668,696
1668,701
1668,716
1668,724
1668,727
1668,730
1668,732
1668,743
1668,762
1668,781
1668,797
1668,798
1668,808
1668,838
1668,868
1668,874
1668,877
1668,880
1668,889
1668,896
1668,897
1668,999
1668,1013
1668,1015
1668,1025
1668,1027
1668,1039
1668,1040
1668,1052
1668,1054
1668,1070
1668,1072
1668,1073
1668,1082
1668,1092
1668,1097
1668,1120
1668,1122
1668,1123
1668,1124
1668,1126
1668,1128
1668,1130
1668,1155
1668,1165
1668,1180
1668,1181
1668,1186
1668,1199
1668,1200
1668,1202
1668,1203
1668,1219
1668,1251
1668,1252
1668,1253
1668,1255
1668,1261
1668,1262
1668,1268
1668,1271
1668,1272
1668,1273
1668,1274
1668,1277
1668,1279
1668,1280
1668,1282
1668,1285
1668,1286
1668,1287
1668,1319
1668,1322
1668,1341
1668,1342
1668,1344
1668,1392
1668,1396
1668,1401
1668,1411
1668,1420
1668,1425
1668,1427
1668,1430
1668,1437
1668,1440
1668,1442
1668,1445
1668,1464
1668,1466
1668,1471
1668,1476
1668,1479
1668,1482
1668,1485
1668,1489
1668,1492
1668,1493
1668,1498
1668,1499
1668,1501
1668,1502
1668,1503
1668,1504
1668,1506
1668,1509
1668,1512
1668,1513
1668,1515
1668,1518
1668,1519
1668,1525
1668,1526
1668,1529
1668,1530
1668,1533
1668,1534
1668,1536
1668,1537
1668,1538
1668,1539
1668,1541
1668,1547
1668,1548
1668,1549
1668,1550
1668,1553
1668,1554
1668,1555
1668,1556
1668,1557
1668,1560
1668,1561
1668,1562
1668,1565
1668,1567
1668,1568
1668,1569
1668,1570
1668,1572
1668,1574
1668,1575
1668,1576
1668,1577
1668,1578
1668,1579
1668,1582
1668,1583
1668,1586
1668,1592
1668,1593
1668,1594
1668,1600
1668,1603
1668,1604
1668,1608
1668,1610
1668,1611
1668,1612
1668,1613
1668,1615
1668,1660
1668,1697
1668,1702
1668,1706
1668,1711
1668,1715
1668,1719
1668,1724
1668,1728
1668,1729
1668,1732
1668,1749
1668,1765
1668,1769
1668,1773
1668,1774
1668,1825
1668,1830
1668,1833
1668,1842
1668,1851
1668,1854
1668,1859
1668,1905
1668,1968
1668,1970
1668,1975
1668,1981
1668,1982
1668,1985
1668,1990
1668,1994
1668,1995
1668,1996
1668,1999
1668,2001
1668,2004
1668,2006
1668,2012
1668,2016
1668,2019
1668,2021
1668,2022
1668,2026
1668,2028
1668,2029
1668,2030
1668,2032
1668,2035
1668,2036
1668,2037
1668,2040
1668,2041
1668,2044
1668,2045
1668,2046
1668,2048
1668,2050
1668,2052
1668,2054
1668,2056
1668,2059
1668,2067
1668,2068
1668,2071
1668,2072
1668,2077
1668,2081
1668,2084
1668,2087
1668,2088
1668,2089
1668,2091
1668,2093
1668,2094
1668,2095
1668,2097
1668,2098
1668,2107
1668,2112
1668,2121
1668,2124
1668,2126
1668,2177
1668,2178
1668,2222
1668,2242
1668,2250
1668,2252
1668,2266
1668,2284
1668,2285
1668,2302
1668,2336
1668,2375
1668,2376
1668,2377
1668,2378
1668,2379
1668,2385
1668,2387
1668,2388
1668,2392
1668,2394
1668,2400
1668,2402
1668,2409
1668,2411
1668,2417
1668,2419
1668,2422
1668,2450
1668,2462
1668,2491
1668,2551
1668,2553
1668,2555
1668,2575
1668,2591
1668,2618
1668,2633
1668,2650
1668,2653
1668,2654
1668,2656
1668,2657
1668,2660
1668,2682
1668,2687
1668,2733
1668,2737
1668,2746
1668,2757
1668,2760
1668,2767
1668,2769
1668,2770
1668,2780
1668,2798
1668,2804
1668,2805
1668,2807
1668,2813
1668,2846
1668,2857
1668,2860
1668,2863
1668,2872
1668,2876
1668,2877
1668,2879
1668,2880
1668,2882
1668,2887
1668,2892
1668,2907
1668,2911
1668,2922
1668,2925
1668,2949
1668,2980
1668,2989
1668,2995
1668,3000
1668,3016
1668,3040
1668,3047
1668,3068
1668,3069
1668,3070
1668,3071
1668,3072
1668,3073
1668,3074
1669,319
1669,442
1669,1943
1669,2232
1669,2490
1670,311
1670,605
1670,630
1670,777
1670,807
1670,816
1670,840
1670,843
1670,1020
1670,1023
1670,1042
1670,1046
1670,1361
1670,1657
1670,1895
1670,2192
1670,2470
1671,383
1671,653
1671,716
1671,754
1671,885
1671,898
1671,1025
1671,1217
1671,1221
1671,1236
1671,1327
1671,1332
1671,1712
1671,1786
1671,1942
1671,1952
1671,2716
1671,2934
1671,3075
1672,240
1673,141
1674,211
1674,255
1674,346
1674,348
1674,465
1674,468
1674,565
1674,566
1674,629
1674,689
1674,706
1674,810
1674,932
1674,1143
1674,1300
1674,1621
1675,969
1675,1842
1676,149
1676,323
1676,640
1676,781
1676,906
1676,1072
1676,1163
1676,1166
1676,1232
1676,1327
1676,1331
1676,1332
1676,1345
1676,1346
1676,1349
1676,1417
1676,1420
1676,1737
1676,1842
1676,1938
1676,2126
1676,2726
1677,9
1677,244
1677,415
1677,478
1677,746
1677,812
1677,1019
1677,1760
1677,1882
1678,180
1678,331
1678,332
1678,356
1678,360
1678,477
1678,601
1678,789
1678,1369
1678,1805
1679,672
1679,681
1680,827
1680,974
1680,1023
1680,1078
1680,1921
1681,215
1681,255
1681,306
1681,361
1681,478
1681,532
1681,535
1681,605
1681,606
1681,612
1681,644
1681,727
1681,741
1681,755
1681,813
1681,1002
1681,1034
1681,1100
1681,1152
1681,1247
1681,1430
1681,1723
1681,2207
1682,1037
1683,406
1683,777
1683,1045
1683,1311
1683,2692
1684,631
1684,816
1684,912
1684,1040
1684,1687
1684,1821
1684,2697
1685,651
1685,862
1685,1206
1685,2536
1685,2702
1686,645
1686,752
1686,854
1686,859
1686,1667
1686,2253
1687,754
1687,882
1687,969
1687,1040
1687,1056
1687,1071
1687,1164
1687,1165
1687,1200
1687,1222
1687,1236
1687,1339
1687,1343
1687,1345
1687,1349
1687,1351
1687,1390
1687,1410
1687,1418
1687,1437
1687,1438
1687,1641
1687,1644
1687,1684
1687,1709
1687,1717
1687,1718
1687,1729
1687,2166
1687,2302
1687,2697
1688,1060
1689,659
1689,696
1689,798
1689,1166
1689,1211
1689,1295
1689,1390
1689,1759
1689,1843
1690,503
1690,807
1690,1063
1690,1163
1691,534
1691,605
1691,633
1691,655
1691,861
1691,898
1691,906
1691,907
1691,967
1691,1030
1691,1059
1691,1159
1691,1163
1691,1170
1691,1210
1691,1214
1691,1264
1691,1345
1691,1846
1691,1967
1691,2254
1692,880
1692,898
1692,1952
1693,1846
1693,1969
1694,882
1694,1201
1694,1779
1694,2751
1695,882
1695,898
1695,967
1695,1051
1695,1062
1696,323
1696,602
1696,629
1696,861
1696,890
1696,912
1696,1163
1696,1170
1696,1171
1696,1216
1696,1220
1696,1222
1696,1229
1696,1342
1696,1345
1696,1394
1696,1701
1696,1778
1696,2301
1696,2424
1696,2508
1697,1707
1698,1066
1698,1575
1698,1977
1698,2008
1698,2771
1699,383
1699,754
1699,861
1699,890
1699,928
1699,1051
1699,1063
1699,1159
1699,1165
1699,1200
1699,1201
1699,1202
1699,1389
1699,1397
1699,1621
1699,1779
1699,1953
1699,1973
1699,1975
1699,2102
1699,2164
1699,2262
1699,2542
1699,2748
1700,1738
1700,1773
1700,2189
1700,2660
1700,2758
1701,1049
1701,1329
1701,1696
1701,1711
1702,648
1702,709
1702,778
1702,1059
1702,1183
1702,1235
1702,1791
1702,2238
1703,898
1703,1952
1704,503
1704,1331
1705,525
1705,642
1705,659
1705,801
1705,829
1705,999
1705,1184
1705,1188
1705,1216
1705,1287
1705,1327
1705,1331
1705,1338
1705,1343
1705,1345
1705,1349
1705,1350
1705,1388
1705,1390
1705,1416
1705,1451
1705,1472
1705,1712
1705,2162
1705,2190
1705,2494
1706,308
1706,808
1706,1120
1706,1122
1706,1259
1706,1260
1706,1261
1706,1268
1706,1269
1706,1274
1706,1279
1706,1282
1706,1283
1706,1341
1706,1416
1706,1430
1706,1439
1706,1460
1706,1461
1706,1498
1706,1499
1706,1502
1706,1522
1706,1529
1706,1534
1706,1536
1706,1540
1706,1545
1706,1549
1706,1553
1706,1554
1706,1555
1706,1556
1706,1557
1706,1562
1706,1566
1706,1571
1706,1576
1706,1578
1706,1582
1706,1586
1706,1588
1706,1595
1706,1603
1706,1614
1706,1651
1706,1703
1706,1750
1706,1774
1706,1867
1706,2035
1706,2037
1706,2042
1706,2052
1706,2058
1706,2067
1706,2068
1706,2071
1706,2080
1706,2081
1706,2085
1706,2089
1706,2112
1706,2121
1706,2126
1706,2242
1706,2251
1706,2388
1706,2391
1706,2413
1706,2417
1706,2421
1706,2624
1706,2744
1706,2810
1706,2873
1706,2874
1706,2881
1706,2898
1706,2908
1706,2942
1706,2951
1706,3001
1706,3024
1706,3070
1706,3076
1706,3077
1707,778
1707,1327
1707,1331
1707,1558
1707,1697
1707,1715
1707,1938
1707,2494
1708,534
1708,859
1708,1153
1708,1182
1708,1186
1708,1327
1708,1333
1708,1405
1708,1409
1708,1791
1708,2300
1708,2372
1708,2373
1708,2447
1708,2547
1709,62
1709,525
1709,636
1709,766
1709,777
1709,866
1709,928
1709,1061
1709,1070
1709,1164
1709,1185
1709,1222
1709,1233
1709,1325
1709,1345
1709,1347
1709,1349
1709,1401
1709,1420
1709,1426
1709,1435
1709,1438
1709,1451
1709,1452
1709,1486
1709,1647
1709,1687
1709,1701
1709,1715
1709,1717
1709,1718
1709,1731
1709,1739
1709,1785
1709,1787
1709,1825
1709,1859
1709,1982
1709,2040
1709,2165
1709,2297
1709,2401
1709,2495
1709,2556
1709,2634
1709,2660
1709,2734
1709,2961
1710,1339
1710,2576
1710,2658
1711,732
1711,896
1711,1153
1711,1166
1711,1186
1711,1217
1711,1350
1711,1394
1711,1398
1711,1401
1711,1415
1711,1416
1711,1418
1711,1420
1711,1484
1711,1701
1711,1733
1711,1771
1711,1784
1711,1842
1711,1852
1711,2111
1711,2136
1711,2190
1711,2442
1711,2511
1712,155
1712,406
1712,642
1712,730
1712,747
1712,754
1712,812
1712,859
1712,873
1712,909
1712,912
1712,1023
1712,1166
1712,1170
1712,1183
1712,1186
1712,1221
1712,1225
1712,1327
1712,1345
1712,1350
1712,1418
1712,1671
1712,1705
1712,1707
1712,1716
1712,2335
1713,373
1713,406
1713,816
1713,1046
1713,1100
1713,2323
1714,1348
1715,155
1715,730
1715,906
1715,1051
1715,1059
1715,1209
1715,1222
1715,1223
1715,1345
1715,1390
1715,1426
1715,1707
1715,1709
1715,1717
1715,1718
1715,1960
1715,1979
1715,2167
1715,2168
1715,2371
1715,2555
1715,2704
1716,155
1716,928
1716,1188
1716,1343
1716,1402
1716,1409
1716,1737
1716,2550
1717,732
1717,760
1717,853
1717,866
1717,902
1717,928
1717,963
1717,1048
1717,1164
1717,1209
1717,1217
1717,1222
1717,1325
1717,1332
1717,1347
1717,1348
1717,1349
1717,1390
1717,1417
1717,1420
1717,1422
1717,1426
1717,1430
1717,1437
1717,1438
1717,1451
1717,1644
1717,1647
1717,1687
1717,1709
1717,1715
1717,1718
1717,1731
1717,1786
1717,1787
1717,1826
1717,2040
1717,2144
1717,2162
1717,2165
1717,2166
1717,2401
1717,2527
1717,2556
1717,2600
1717,2634
1717,2660
1717,2734
1717,2931
1717,2950
1718,732
1718,778
1718,928
1718,963
1718,1164
1718,1222
1718,1223
1718,1325
1718,1332
1718,1347
1718,1348
1718,1349
1718,1351
1718,1390
1718,1417
1718,1420
1718,1422
1718,1430
1718,1434
1718,1438
1718,1451
1718,1647
1718,1709
1718,1715
1718,1717
1718,1731
1718,1786
1718,1787
1718,1825
1718,1826
1718,1859
1718,2040
1718,2162
1718,2165
1718,2166
1718,2190
1718,2401
1718,2449
1718,2527
1718,2556
1718,2600
1718,2632
1718,2634
1718,2659
1718,2734
1718,2833
1719,816
1719,1066
1720,267
1721,988
1721,1895
1722,797
1722,914
1722,1036
1722,1839
1723,243
1723,406
1723,457
1723,637
1723,645
1723,660
1723,798
1723,859
1723,968
1723,1049
1723,1051
1723,1057
1723,1220
1723,1221
1723,1327
1723,1332
1723,1335
1723,1404
1723,1409
1723,1732
1723,1768
1723,1882
1723,2111
1723,2424
1723,2425
1723,2519
1723,2666
1724,581
1724,1126
1724,1216
1724,1273
1724,1435
1724,1519
1724,1524
1724,1528
1724,1610
1724,1668
1724,1837
1724,1854
1724,1859
1724,2006
1724,2031
1724,2039
1724,2081
1724,2112
1724,2121
1724,2758
1724,2877
1725,534
1725,658
1725,659
1725,730
1725,762
1725,887
1725,890
1725,1166
1725,1183
1725,1202
1725,1208
1725,1228
1725,1235
1725,1236
1725,1327
1725,1342
1725,1385
1725,1394
1725,1404
1725,1408
1725,1449
1725,1453
1725,1729
1725,1768
1725,1782
1725,1824
1725,2728
1726,608
1726,633
1726,653
1726,656
1726,780
1726,869
1726,876
1726,881
1726,888
1726,999
1726,1013
1726,1049
1726,1052
1726,2108
1726,2141
1726,2252
1726,2263
1726,2381
1726,2463
1726,2491
1726,2524
1726,2713
1726,2851
1726,2940
1726,3005
1727,656
1727,1025
1727,1072
1727,1164
1727,1170
1727,1228
1727,1231
1727,1232
1727,1329
1727,1330
1727,1405
1727,1842
1727,2272
1728,264
1728,393
1728,717
1728,762
1728,847
1728,906
1728,1040
1728,1092
1728,1150
1728,1180
1728,1261
1728,1268
1728,1274
1728,1340
1728,1404
1728,1470
1728,1475
1728,1477
1728,1501
1728,1528
1728,1537
1728,1553
1728,1554
1728,1570
1728,1571
1728,1575
1728,1578
1728,1612
1728,1646
1728,1668
1728,1736
1728,1749
1728,1830
1728,1837
1728,1851
1728,1991
1728,2048
1728,2067
1728,2081
1728,2187
1728,2287
1728,2300
1728,2378
1728,2389
1728,2391
1728,2417
1728,2588
1728,2769
1728,2781
1728,2817
1728,2846
1728,2859
1728,3077
1729,1002
1729,1038
1729,1329
1729,1394
1729,1687
1729,1725
1729,1785
1729,2167
1729,2572
1729,2578
1730,155
1730,904
1730,1461
1730,1507
1730,1748
1730,1858
1730,2402
1730,2430
1730,2654
1731,155
1731,1422
1731,1717
1731,1718
1731,2632
1732,2763
1733,323
1733,357
1733,581
1733,732
1733,781
1733,838
1733,847
1733,896
1733,963
1733,1184
1733,1187
1733,1209
1733,1222
1733,1331
1733,1339
1733,1343
1733,1346
1733,1348
1733,1390
1733,1401
1733,1410
1733,1413
1733,1414
1733,1416
1733,1417
1733,1418
1733,1432
1733,1433
1733,1484
1733,1711
1733,1714
1733,1773
1733,1785
1733,1938
1733,2145
1733,2167
1733,2701
1733,2753
1733,2841
1733,3078
1734,383
1734,1234
1734,1326
1734,1340
1734,1348
1734,1349
1734,1432
1734,1452
1734,2598
1735,1325
1735,1343
1735,1455
1735,1484
1735,1712
1735,1738
1735,1983
1735,2708
1736,155
1736,397
1736,443
1736,729
1736,1039
1736,1057
1736,1070
1736,1164
1736,1247
1736,1257
1736,1428
1736,1430
1736,1450
1736,1728
1736,1825
1736,2346
1737,155
1737,660
1737,732
1737,847
1737,963
1737,1048
1737,1252
1737,1327
1737,1332
1737,1339
1737,1348
1737,1390
1737,1402
1737,1436
1737,1439
1737,1441
1737,1455
1737,1486
1737,1558
1737,1676
1737,1716
1737,1734
1737,1770
1737,1787
1737,1858
1737,1949
1737,1982
1737,2337
1737,2556
1737,2561
1737,2600
1737,2659
1737,2678
1738,1770
1738,2600
1739,640
1739,642
1739,679
1739,754
1739,873
1739,888
1739,909
1739,912
1739,1157
1739,1186
1739,1236
1739,1325
1739,1328
1739,1426
1739,1430
1739,1709
1739,1825
1739,1894
1739,2146
1739,2166
1739,2167
1739,2395
1739,2576
1739,2739
1740,1450
1740,1829
1740,2432
1741,1452
1741,1558
1741,2271
1741,2555
1742,509
1742,1039
1742,1150
1742,1252
1742,1400
1742,1435
1742,1445
1742,1449
1742,1451
1742,1458
1742,1461
1742,1463
1742,1486
1742,1501
1742,1526
1742,1529
1742,1532
1742,1592
1742,1616
1742,1741
1742,1830
1742,1835
1742,1920
1742,2180
1742,2347
1742,2563
1742,2738
1743,905
1743,1250
1743,1429
1743,1435
1743,1858
1743,2167
1743,2748
1744,155
1744,778
1744,1741
1744,2339
1745,155
1745,613
1745,905
1745,1067
1745,1068
1745,1150
1745,1164
1745,1200
1745,1257
1745,1352
1745,1396
1745,1419
1745,1425
1745,1435
1745,1439
1745,1443
1745,1446
1745,1449
1745,1450
1745,1455
1745,1456
1745,1458
1745,1462
1745,1473
1745,1483
1745,1715
1745,1734
1745,1825
1745,1829
1745,1859
1745,1978
1745,1981
1745,2165
1745,2167
1745,2186
1745,2304
1745,2339
1745,2401
1745,2670
1746,499
1746,717
1746,1050
1746,1257
1746,1279
1746,1461
1746,1476
1746,1478
1746,1480
1746,1485
1746,1489
1746,1493
1746,1524
1746,1526
1746,1550
1746,1571
1746,1593
1746,1610
1746,1619
1746,1621
1746,1647
1746,1747
1746,1773
1746,1888
1746,2001
1746,2012
1746,2014
1746,2017
1746,2018
1746,2026
1746,2190
1746,2268
1746,2283
1746,2420
1746,2430
1746,2482
1746,2554
1746,2738
1746,2803
1746,2935
1746,2975
1746,3072
1747,1426
1747,1459
1747,1476
1747,1886
1747,2122
1747,2347
1747,2852
1748,2713
1748,2921
1749,730
1749,762
1749,867
1749,1216
1749,1236
1749,1327
1749,1392
1749,1435
1749,1497
1749,1529
1749,1784
1749,1837
1749,1999
1749,2438
1750,743
1750,1254
1750,1476
1750,1479
1750,1519
1750,1578
1750,1647
1750,1994
1750,2017
1750,2019
1750,2041
1750,2687
1750,2846
1750,2855
1751,177
1751,339
1752,176
1752,258
1752,443
1752,568
1752,588
1753,0
1753,52
1753,214
1753,372
1753,461
1753,517
1753,808
1753,2309
1754,122
1754,218
1754,379
1754,421
1754,547
1754,564
1754,588
1754,1143
1754,2397
1755,1251
1755,1553
1755,1574
1755,1582
1755,2064
1755,2918
1756,160
1756,234
1756,270
1756,279
1756,942
1756,1244
1757,165
1757,429
1757,473
1757,475
1757,556
1757,570
1757,627
1757,1305
1757,1950
1757,2138
1758,165
1759,165
1759,171
1759,397
1759,513
1759,621
1759,640
1759,643
1759,645
1759,659
1759,730
1759,762
1759,781
1759,782
1759,798
1759,812
1759,829
1759,847
1759,863
1759,879
1759,906
1759,928
1759,935
1759,1052
1759,1060
1759,1184
1759,1186
1759,1215
1759,1246
1759,1298
1759,1412
1759,1689
1759,1851
1759,2153
1759,2285
1759,2300
1759,2479
1759,2489
1759,2550
1759,2660
1760,1194
1760,1677
1761,686
1762,337
1762,998
1763,334
1763,377
1763,606
1763,612
1763,727
1763,837
1763,1004
1764,406
1764,731
1764,750
1764,829
1764,974
1764,1037
1764,1043
1764,1045
1764,1105
1764,1871
1764,1905
1764,2218
1765,280
1765,405
1765,581
1765,729
1765,847
1765,988
1765,999
1765,1032
1765,1039
1765,1259
1765,1269
1765,1488
1765,1492
1765,1514
1765,1621
1765,1650
1765,1829
1765,1832
1765,2028
1765,2293
1766,166
1766,807
1766,905
1766,1247
1766,1325
1766,1331
1766,1350
1766,1988
1766,2021
1766,2187
1767,1170
1767,1217
1767,1233
1767,1398
1768,890
1768,1170
1768,1322
1768,1329
1768,1725
1768,2161
1769,581
1769,1015
1769,1205
1769,1258
1769,1259
1769,1260
1769,1273
1769,1275
1769,1442
1769,1479
1769,1501
1769,1504
1769,1507
1769,1519
1769,1532
1769,1539
1769,1621
1769,1668
1769,1749
1769,1992
1769,2010
1769,2030
1769,2041
1769,2058
1769,2097
1769,2406
1769,2716
1769,2728
1769,2920
1769,2983
1770,866
1770,1332
1770,1424
1770,1450
1770,1452
1770,1737
1770,1738
1770,1980
1770,3079
1771,435
1771,526
1771,534
1771,873
1771,909
1771,928
1771,931
1771,1023
1771,1040
1771,1048
1771,1051
1771,1064
1771,1126
1771,1169
1771,1171
1771,1186
1771,1213
1771,1227
1771,1233
1771,1250
1771,1276
1771,1319
1771,1325
1771,1327
1771,1342
1771,1354
1771,1403
1771,1409
1771,1410
1771,1420
1771,1421
1771,1424
1771,1443
1771,1449
1771,1450
1771,1451
1771,1463
1771,1471
1771,1473
1771,1481
1771,1499
1771,1528
1771,1534
1771,1539
1771,1561
1771,1570
1771,1711
1771,1729
1771,1735
1771,1737
1771,1855
1771,1981
1771,1982
1771,1984
1771,2064
1771,2188
1771,2284
1771,2337
1771,2378
1771,2385
1771,2446
1771,2556
1771,2575
1771,2669
1771,2948
1772,1352
1772,1492
1772,1789
1772,1985
1772,2427
1772,2560
1773,581
1773,915
1773,1067
1773,1279
1773,1396
1773,1458
1773,1463
1773,1464
1773,1470
1773,1472
1773,1483
1773,1526
1773,1733
1773,1785
1773,1847
1773,1985
1773,2124
1773,2189
1773,2341
1773,2739
1773,2854
1773,2963
1774,192
1774,399
1774,499
1774,535
1774,915
1774,1025
1774,1040
1774,1130
1774,1161
1774,1200
1774,1227
1774,1259
1774,1273
1774,1337
1774,1353
1774,1404
1774,1420
1774,1431
1774,1443
1774,1501
1774,1502
1774,1503
1774,1506
1774,1507
1774,1528
1774,1556
1774,1562
1774,1577
1774,1585
1774,1592
1774,1607
1774,1611
1774,1668
1774,1829
1774,1850
1774,1979
1774,1982
1774,2003
1774,2005
1774,2030
1774,2031
1774,2034
1774,2040
1774,2052
1774,2071
1774,2079
1774,2080
1774,2084
1774,2085
1774,2093
1774,2094
1774,2119
1774,2125
1774,2126
1774,2189
1774,2340
1774,2345
1774,2385
1774,2388
1774,2399
1774,2414
1774,2415
1774,2427
1774,2435
1774,2529
1774,2602
1774,2626
1774,2657
1774,2687
1774,2775
1774,2817
1774,2880
1774,2888
1774,2909
1774,2928
1774,3041
1774,3080
1775,442
1776,278
1776,1021
1776,1098
1776,2811
1777,1607
1778,1696
1778,1966
1779,882
1779,895
1779,967
1779,1210
1779,1694
1780,759
1781,1168
1781,1696
1781,1786
1782,373
1782,586
1782,812
1782,848
1782,887
1782,1201
1782,1207
1782,1213
1782,1329
1782,1351
1782,1398
1782,1400
1782,1725
1782,1786
1782,1791
1782,1852
1782,2270
1783,1183
1783,2102
1783,2725
1784,1061
1784,1063
1784,1181
1784,1330
1784,1388
1784,1401
1785,798
1785,859
1785,1025
1785,1039
1785,1200
1785,1219
1785,1235
1785,1257
1785,1329
1785,1330
1785,1332
1785,1335
1785,1339
1785,1340
1785,1342
1785,1346
1785,1349
1785,1351
1785,1409
1785,1430
1785,1435
1785,1436
1785,1449
1785,1456
1785,1472
1785,1483
1785,1701
1785,1709
1785,1727
1785,1729
1785,1733
1785,1773
1785,1826
1785,1979
1785,1982
1785,2008
1785,2097
1785,2124
1785,2126
1785,2335
1785,2438
1785,2554
1785,2590
1786,357
1786,603
1786,636
1786,642
1786,658
1786,708
1786,764
1786,801
1786,897
1786,898
1786,899
1786,905
1786,912
1786,963
1786,967
1786,1071
1786,1165
1786,1210
1786,1325
1786,1340
1786,1348
1786,1349
1786,1351
1786,1395
1786,1419
1786,1424
1786,1432
1786,1438
1786,1671
1786,1696
1786,1717
1786,1718
1786,1781
1786,1782
1786,1783
1786,1856
1786,2168
1786,2234
1786,2262
1786,2270
1786,2473
1786,2568
1786,2617
1786,2844
1786,2936
1786,3081
1787,1164
1787,1504
1787,1717
1787,1718
1788,440
1788,1221
1789,1526
1789,1772
1790,440
1790,1109
1790,1254
1790,1354
1790,1428
1790,1647
1790,1773
1790,1834
1790,2341
1791,632
1791,646
1791,649
1791,828
1791,963
1791,1052
1791,1170
1791,1181
1791,1207
1791,1222
1791,1227
1791,1230
1791,1320
1791,1327
1791,1330
1791,1334
1791,1354
1791,1390
1791,1409
1791,1446
1791,1449
1791,1450
1791,1466
1791,1702
1791,1708
1791,1782
1791,1787
1791,1797
1791,1831
1791,1979
1791,2461
1791,2559
1791,2647
1791,2825
1791,2975
1791,2977
1792,172
1792,686
1792,1141
1792,1806
1793,172
1793,244
1793,310
1793,311
1793,360
1793,380
1793,477
1793,479
1793,673
1793,680
1793,681
1793,682
1793,789
1793,889
1793,993
1793,1174
1793,1303
1793,2140
1794,2106
1795,172
1795,717
1795,828
1796,255
1796,264
1796,386
1796,640
1796,663
1796,669
1796,722
1796,812
1796,1661
1797,419
1797,493
1797,631
1797,639
1797,642
1797,645
1797,653
1797,1204
1797,1207
1797,1791
1797,1834
1797,1952
1797,1965
1797,2516
1797,2575
1797,2680
1798,554
1799,346
1799,488
1799,1349
1799,3082
1800,178
1800,308
1800,386
1800,511
1800,612
1800,620
1800,806
1800,843
1800,868
1800,1019
1800,1093
1800,1102
1800,1114
1800,1658
1800,1920
1801,652
1801,654
1801,780
1801,1142
1801,2300
1801,2555
1802,178
1802,611
1802,842
1802,843
1802,871
1802,917
1803,565
1803,3083
1804,1899
1805,229
1806,179
1806,315
1806,486
1806,687
1806,827
1806,938
1806,943
1806,1301
1806,1304
1806,1792
1806,2105
1807,669
1807,937
1808,327
1808,710
1808,1137
1808,2106
1809,171
1809,179
1809,289
1809,335
1809,397
1809,565
1809,630
1809,712
1809,726
1809,889
1809,1363
1809,1879
1810,717
1811,669
1811,1021
1811,1666
1811,2314
1812,267
1812,483
1812,505
1812,529
1813,10
1813,181
1813,228
1813,264
1813,270
1813,379
1813,382
1813,426
1813,465
1813,546
1813,567
1813,583
1813,680
1813,830
1813,939
1813,1004
1813,1014
1813,1293
1813,1307
1814,23
1814,173
1814,234
1814,261
1815,245
1815,388
1815,464
1815,1300
1816,163
1816,189
1816,211
1816,255
1816,389
1816,564
1816,587
1816,624
1816,630
1816,681
1816,1237
1817,181
1817,390
1817,391
1817,562
1817,951
1818,393
1818,424
1818,426
1818,475
1818,557
1818,565
1818,709
1818,1296
1819,473
1820,334
1820,346
1820,413
1820,426
1820,592
1820,731
1820,822
1820,1242
1821,1089
1821,1091
1822,240
1822,622
1822,1003
1822,1004
1822,1090
1822,1315
1823,853
1823,1329
1823,1333
1823,1644
1823,2478
1824,752
1824,1161
1824,2233
1825,215
1825,300
1825,309
1825,350
1825,470
1825,473
1825,485
1825,581
1825,675
1825,727
1825,732
1825,937
1825,947
1825,1071
1825,1161
1825,1164
1825,1351
1825,1363
1825,1401
1825,1409
1825,1436
1825,1709
1825,1718
1825,1736
1825,1739
1825,1745
1825,1858
1825,1983
1825,2167
1825,2168
1825,2339
1825,2341
1825,2369
1825,2943
1825,2950
1826,1390
1826,1438
1826,1717
1826,1718
1826,2527
1826,2600
1827,155
1827,1021
1827,1025
1827,1127
1827,1268
1827,1275
1827,1508
1827,1522
1827,1564
1827,1589
1827,1593
1827,1829
1827,1836
1827,1865
1827,1996
1827,2250
1827,2625
1827,2853
1827,2914
1827,3050
1827,3084
1828,234
1828,990
1829,526
1829,1166
1829,1347
1829,1401
1829,1402
1829,1416
1829,1434
1829,1440
1829,1455
1829,1463
1829,1464
1829,1466
1829,1470
1829,1741
1829,1745
1829,1774
1829,1831
1829,1859
1829,2008
1829,2103
1829,2176
1829,2341
1829,2723
1829,2763
1829,2800
1830,526
1830,905
1830,1069
1830,1128
1830,1216
1830,1251
1830,1252
1830,1396
1830,1433
1830,1467
1830,1469
1830,1499
1830,1508
1830,1530
1830,1648
1830,1700
1830,1724
1830,1743
1830,1772
1830,1782
1830,1982
1830,1990
1830,2016
1830,2032
1830,2337
1830,2345
1830,2480
1830,2563
1830,2670
1830,2770
1830,3085
1831,275
1831,658
1831,1199
1831,1428
1831,1452
1831,1455
1831,1467
1831,1469
1831,1492
1831,1593
1831,1787
1831,1791
1831,1829
1831,2276
1831,2723
1831,2802
1831,2978
1832,581
1832,1482
1832,1493
1832,1503
1832,1533
1832,1539
1832,1765
1832,1842
1832,2010
1832,2011
1832,2376
1832,2400
1832,2430
1832,2438
1833,659
1833,1451
1833,1464
1833,1487
1833,1492
1833,1668
1833,1687
1833,1829
1833,1982
1833,2326
1833,2347
1833,2377
1833,2450
1833,2980
1834,172
1834,620
1834,843
1834,868
1834,872
1834,876
1834,1438
1834,1548
1834,1787
1834,1797
1834,1886
1834,2326
1834,2347
1834,2360
1834,2375
1834,2527
1834,3081
1835,1255
1835,1433
1835,1504
1835,1837
1835,2757
1835,2967
1836,1092
1836,1122
1836,1273
1836,1501
1836,1512
1836,1534
1836,1559
1836,1571
1836,1590
1836,1592
1836,1600
1836,1601
1836,1603
1836,1611
1836,1651
1836,1867
1836,1991
1836,2025
1836,2049
1836,2052
1836,2079
1836,2080
1836,2394
1836,2761
1836,2808
1836,2878
1836,3019
1836,3086
1837,1493
1837,1503
1837,1651
1837,1919
1837,2018
1837,2019
1838,1594
1839,741
1839,1722
1839,2525
1840,0
1841,2218
1842,308
1842,628
1842,645
1842,892
1842,910
1842,1165
1842,1229
1842,1409
1842,2642
1842,2699
1842,2728
1843,613
1843,643
1843,653
1843,1166
1843,1215
1843,1246
1843,1306
1843,1316
1843,1385
1843,1465
1843,1689
1843,2541
1844,654
1844,852
1844,1061
1844,1157
1844,1160
1844,1165
1844,1322
1844,1349
1844,1999
1844,2548
1845,616
1845,696
1845,724
1845,757
1845,865
1845,917
1845,1004
1845,1021
1845,1112
1845,1145
1845,1636
1845,2424
1846,467
1846,525
1846,672
1846,692
1846,707
1846,763
1846,777
1846,779
1846,812
1846,858
1846,1037
1846,1081
1846,1206
1846,1363
1846,1388
1846,1409
1846,1693
1846,2102
1846,2156
1846,2173
1846,2183
1846,2234
1846,2263
1846,2269
1846,2301
1846,2548
1846,2573
1847,1773
1848,912
1849,692
1849,1025
1849,1049
1849,1217
1849,1218
1849,1228
1849,1415
1849,1699
1849,1979
1849,2302
1849,2752
1849,2832
1850,1158
1850,1415
1850,1849
1850,1919
1851,642
1851,838
1851,896
1851,1975
1852,696
1852,896
1852,1326
1852,1846
1852,2164
1852,2167
1852,2185
1852,2303
1852,2725
1853,1919
1854,499
1854,551
1854,1082
1854,1092
1854,1126
1854,1253
1854,1327
1854,1460
1854,1470
1854,1485
1854,1490
1854,1493
1854,1500
1854,1507
1854,1511
1854,1529
1854,1537
1854,1539
1854,1577
1854,1668
1854,1724
1854,1749
1854,1774
1854,1785
1854,1981
1854,2017
1854,2026
1854,2283
1854,2344
1854,2347
1854,2433
1854,2484
1855,1186
1855,1209
1855,1287
1855,1323
1855,1350
1855,1415
1855,1418
1855,2678
1856,428
1856,1049
1856,1061
1856,1345
1856,1390
1856,1401
1856,1449
1856,1786
1856,2190
1857,1184
1858,658
1858,1057
1858,1071
1858,1222
1858,1227
1858,1351
1858,1390
1858,1683
1858,1737
1858,1743
1858,1787
1858,1825
1858,2259
1858,2519
1859,866
1859,1164
1859,1222
1859,1295
1859,1322
1859,1341
1859,1344
1859,1390
1859,1435
1859,1437
1859,1438
1859,1439
1859,1472
1859,1486
1859,1489
1859,1592
1859,1709
1859,1718
1859,1745
1859,1829
1859,2287
1859,2446
1859,2960
1860,1512
1860,2381
1861,1506
1861,2804
1861,3000
1862,1541
1862,2958
1862,3016
1863,1534
1864,1122
1864,1479
1864,1863
1864,1976
1864,2250
1864,3016
1864,3021
1865,1281
1865,1545
1865,1996
1865,2037
1865,2072
1865,2266
1865,2389
1865,2527
1865,2895
1866,2466
1866,2856
1867,1556
1867,1836
1867,2050
1867,2392
1867,2466
1868,1576
1868,1591
1868,1609
1868,1611
1868,1614
1868,2053
1868,2089
1868,2093
1868,2394
1868,2775
1868,2862
1868,2873
1868,2880
1868,2911
1868,2928
1868,3054
1869,1597
1869,2050
1869,2724
1869,3006
1870,317
1870,455
1870,503
1870,583
1870,2444
1871,575
1871,602
1871,1152
1871,1764
1871,1872
1872,616
1872,841
1872,843
1872,1113
1872,1871
1873,203
1873,375
1874,206
1874,213
1875,207
1875,231
1875,300
1875,480
1875,505
1876,195
1876,210
1876,250
1876,292
1876,295
1876,415
1876,755
1876,2103
1876,2112
1877,494
1877,650
1877,676
1877,679
1877,746
1877,749
1877,882
1877,907
1877,1052
1877,1054
1877,1072
1877,1342
1878,437
1878,473
1878,498
1878,826
1878,827
1878,3083
1879,116
1879,179
1879,240
1879,244
1879,289
1879,334
1879,397
1879,418
1879,506
1879,569
1879,668
1879,708
1879,823
1879,993
1879,1164
1879,1363
1879,1377
1879,1809
1879,1939
1880,0
1880,380
1880,424
1880,622
1880,997
1880,1304
1881,52
1881,68
1881,189
1881,250
1881,253
1881,261
1881,323
1882,605
1882,644
1882,731
1882,739
1882,753
1882,841
1882,968
1882,1023
1883,267
1883,611
1883,615
1883,617
1883,731
1883,737
1883,744
1883,844
1883,1145
1883,1942
1883,2209
1884,215
1884,1374
1885,215
1885,406
1885,493
1885,503
1885,642
1885,746
1885,759
1885,764
1885,771
1885,852
1885,872
1885,1004
1885,1023
1885,1033
1885,1081
1885,1162
1885,1257
1885,1311
1885,1660
1885,1987
1885,2192
1885,2584
1886,1165
1886,1252
1886,1347
1886,1429
1886,1463
1886,1469
1886,1486
1886,1552
1886,1747
1886,1772
1886,1834
1886,2054
1886,2189
1886,2347
1886,2422
1886,2977
1887,69
1887,76
1887,468
1887,507
1887,575
1887,606
1887,1200
1887,1229
1887,1251
1887,1252
1887,1254
1887,1335
1887,1433
1887,1464
1887,1469
1887,1486
1887,1936
1887,1988
1887,2177
1887,2183
1887,2341
1887,2428
1887,2470
1887,2551
1887,2855
1888,1458
1888,1482
1888,1532
1888,1650
1888,1890
1888,2001
1889,215
1889,848
1889,1420
1889,1449
1889,1649
1889,2330
1890,878
1890,1476
1890,1480
1890,1546
1890,1649
1890,1888
1890,2122
1890,2125
1890,2400
1890,2618
1891,1579
1891,2967
1892,2160
1893,69
1893,216
1893,388
1893,403
1893,406
1893,448
1893,546
1893,553
1893,612
1893,712
1893,740
1893,743
1893,748
1893,753
1893,755
1893,794
1893,816
1893,829
1893,830
1893,837
1893,842
1893,843
1893,853
1893,871
1893,1032
1893,1034
1893,1043
1893,1080
1893,1103
1893,1109
1893,1195
1893,1306
1893,1481
1893,1634
1893,1895
1893,1904
1893,1905
1893,1906
1893,1951
1893,1958
1893,2208
1893,2266
1893,2296
1893,2355
1893,2395
1894,216
1894,731
1894,781
1894,812
1894,842
1894,1029
1894,1114
1894,1196
1894,1197
1894,1739
1894,2211
1894,2313
1894,2458
1894,2734
1895,216
1895,503
1895,605
1895,608
1895,614
1895,633
1895,642
1895,672
1895,690
1895,732
1895,736
1895,741
1895,744
1895,753
1895,755
1895,819
1895,843
1895,844
1895,955
1895,1005
1895,1025
1895,1031
1895,1032
1895,1034
1895,1043
1895,1112
1895,1237
1895,1311
1895,1666
1895,1670
1895,1721
1895,1893
1895,1959
1895,2110
1895,2141
1895,2240
1895,2357
1895,2517
1895,2639
1896,216
1896,553
1896,602
1896,744
1896,747
1896,816
1896,826
1896,846
1896,853
1896,955
1896,1029
1896,1041
1896,1076
1896,1112
1896,1169
1896,1311
1896,2148
1896,2216
1896,2476
1896,2600
1897,216
1897,630
1897,744
1897,762
1897,781
1897,849
1897,1311
1897,1577
1897,2000
1897,2253
1897,2471
1898,216
1898,264
1898,640
1898,777
1898,848
1898,883
1898,904
1898,1037
1898,1736
1898,2328
1898,2649
1899,422
1900,218
1900,473
1900,559
1901,218
1901,1754
1902,80
1903,292
1903,477
1903,656
1903,1170
1903,1201
1903,1219
1903,1230
1903,1304
1903,1327
1903,1331
1903,1352
1903,1354
1903,1729
1903,1856
1903,1979
1903,2548
1903,2587
1903,2589
1903,2794
1904,62
1904,383
1904,525
1904,553
1904,606
1904,613
1904,617
1904,629
1904,630
1904,634
1904,640
1904,653
1904,654
1904,656
1904,716
1904,747
1904,761
1904,770
1904,776
1904,777
1904,816
1904,832
1904,856
1904,859
1904,860
1904,869
1904,874
1904,877
1904,901
1904,967
1904,969
1904,1014
1904,1023
1904,1040
1904,1051
1904,1055
1904,1059
1904,1159
1904,1163
1904,1210
1904,1332
1904,1381
1904,1387
1904,1388
1904,1394
1904,1667
1904,1696
1904,1779
1904,1781
1904,1844
1904,1896
1904,2108
1904,2164
1904,2234
1904,2646
1904,2748
1905,532
1905,563
1905,608
1905,677
1905,737
1905,738
1905,744
1905,747
1905,748
1905,751
1905,757
1905,816
1905,830
1905,849
1905,850
1905,926
1905,974
1905,1002
1905,1026
1905,1107
1905,1109
1905,1112
1905,1197
1905,1764
1905,1893
1905,2581
1906,616
1906,753
1906,766
1906,812
1906,884
1906,1021
1906,1022
1906,1034
1906,1112
1906,1194
1906,1893
1906,2217
1907,482
1908,222
1908,471
1908,498
1908,505
1908,507
1908,588
1909,223
1910,175
1911,681
1911,937
1912,226
1912,247
1912,279
1912,403
1912,810
1912,1116
1912,1238
1913,842
1914,1661
1914,1926
1915,59
1915,134
1915,234
1915,529
1915,1000
1916,234
1916,350
1916,384
1916,501
1916,598
1917,71
1917,234
1917,701
1917,1875
1918,636
1919,754
1919,912
1919,1061
1919,1160
1919,1170
1919,1182
1919,1186
1919,1224
1919,1328
1919,1331
1919,1332
1919,1336
1919,1339
1919,1415
1919,1417
1919,1639
1919,1837
1919,1850
1919,1853
1919,1952
1919,2103
1919,2144
1919,2164
1919,2576
1919,2658
1919,2763
1919,2834
1919,2931
1919,3088
1920,240
1920,244
1920,380
1920,435
1920,440
1920,509
1920,843
1920,889
1920,983
1920,1169
1920,1208
1920,1250
1920,1260
1920,1261
1920,1275
1920,1322
1920,1380
1920,1431
1920,1441
1920,1446
1920,1450
1920,1457
1920,1458
1920,1460
1920,1461
1920,1465
1920,1470
1920,1471
1920,1489
1920,1500
1920,1501
1920,1511
1920,1528
1920,1536
1920,1537
1920,1550
1920,1555
1920,1570
1920,1578
1920,1582
1920,1591
1920,1616
1920,1728
1920,1735
1920,1737
1920,1769
1920,1772
1920,1859
1920,1885
1920,1955
1920,1992
1920,2026
1920,2097
1920,2107
1920,2120
1920,2121
1920,2151
1920,2165
1920,2187
1920,2190
1920,2242
1920,2282
1920,2402
1920,2409
1920,2422
1920,2655
1920,2724
1920,2738
1920,2792
1920,2848
1920,2855
1920,2879
1920,2965
1920,3022
1921,240
1921,588
1921,606
1921,827
1921,964
1921,1370
1921,1680
1921,2269
1922,240
1922,830
1922,914
1922,938
1922,1021
1922,1935
1923,681
1923,789
1923,1175
1923,1177
1924,116
1924,242
1924,339
1925,245
1926,245
1926,1914
1927,245
1927,464
1927,468
1927,507
1927,664
1928,249
1929,252
1930,307
1931,334
1931,437
1931,676
1931,770
1931,938
1932,505
1932,961
1932,1243
1933,260
1933,669
1933,710
1933,1016
1934,1004
1935,334
1935,409
1935,622
1935,672
1935,741
1935,812
1935,827
1935,998
1935,1151
1935,1310
1935,1356
1936,257
1936,260
1936,555
1936,562
1936,623
1936,1133
1936,1887
1937,261
1937,333
1937,506
1938,790
1938,1166
1938,1186
1938,1338
1938,1409
1938,1671
1938,1676
1938,1707
1938,1733
1939,267
1939,471
1939,547
1939,2498
1940,267
1940,622
1941,267
1941,611
1941,617
1941,731
1941,742
1941,744
1941,843
1941,1110
1941,1112
1941,1361
1941,1958
1942,267
1943,386
1943,487
1943,605
1943,726
1943,1003
1943,1087
1943,1669
1943,2306
1943,2498
1944,269
1944,1191
1945,269
1945,1191
1946,951
1947,270
1947,379
1947,559
1947,1623
1948,315
1948,484
1948,2115
1948,2128
1948,2260
1949,270
1950,1757
1951,272
1951,602
1951,608
1951,1893
1951,2118
1951,2148
1951,2217
1952,517
1952,575
1952,642
1952,657
1952,862
1952,890
1952,898
1952,1160
1952,1168
1952,1671
1952,1692
1952,1797
1952,1919
1952,2222
1952,2516
1952,2762
1953,653
1953,807
1953,1699
1953,2648
1953,2820
1954,403
1954,630
1954,2936
1955,275
1955,1504
1955,1787
1955,2121
1956,275
1956,1504
1957,279
1957,387
1958,731
1958,745
1958,749
1958,759
1958,777
1958,1043
1958,1374
1958,1893
1958,1941
1958,2156
1958,2213
1958,2303
1958,2612
1959,563
1959,605
1959,630
1959,731
1959,742
1959,747
1959,755
1959,756
1959,757
1959,759
1959,764
1959,777
1959,780
1959,797
1959,819
1959,849
1959,852
1959,1034
1959,1037
1959,1046
1959,1152
1959,1895
1959,1896
1959,2216
1959,2524
1960,731
1960,1420
1960,1424
1960,1489
1960,1715
1960,1784
1961,651
1961,655
1961,773
1961,780
1961,1306
1962,581
1962,590
1962,1186
1962,1337
1962,1424
1962,1455
1962,1476
1962,1706
1962,2031
1962,2103
1962,2180
1962,2374
1962,2400
1963,632
1963,2520
1964,898
1964,1477
1965,318
1965,878
1965,898
1965,1841
1965,2135
1965,2651
1965,2711
1966,1778
1966,2566
1967,760
1967,967
1967,1049
1967,2263
1968,1409
1969,696
1969,898
1969,912
1969,967
1969,1063
1969,1643
1969,1693
1970,334
1970,807
1970,1023
1970,1695
1970,1964
1971,868
1972,778
1972,912
1972,1952
1972,2700
1973,1153
1973,1202
1973,1393
1973,1699
1973,2234
1973,2333
1973,2542
1973,2851
1974,780
1974,1063
1974,2234
1975,1063
1975,1160
1975,1231
1975,1395
1975,1699
1975,2102
1976,581
1976,1438
1976,1479
1976,1492
1976,1503
1976,1749
1976,1836
1976,2381
1977,436
1977,1698
1977,2293
1978,535
1978,1745
1978,1770
1978,2270
1979,292
1979,646
1979,801
1979,848
1979,1048
1979,1069
1979,1231
1979,1235
1979,1325
1979,1405
1979,1715
1979,1791
1979,1849
1979,2164
1979,2511
1980,1258
1980,1483
1980,2168
1981,797
1981,1039
1981,1161
1981,1254
1981,1279
1981,1295
1981,1337
1981,1344
1981,1396
1981,1433
1981,1440
1981,1447
1981,1458
1981,1461
1981,1477
1981,1501
1981,1505
1981,1539
1981,1571
1981,1577
1981,1648
1981,1668
1981,1745
1981,1771
1981,1829
1981,1985
1981,2011
1981,2015
1981,2094
1981,2121
1981,2165
1981,2189
1981,2285
1981,2326
1981,2339
1981,2433
1981,2481
1981,2633
1981,2791
1981,2857
1981,2926
1982,660
1982,866
1982,1057
1982,1064
1982,1216
1982,1326
1982,1331
1982,1350
1982,1390
1982,1435
1982,1443
1982,1451
1982,1508
1982,1537
1982,1709
1982,1714
1982,1737
1982,1772
1982,1850
1982,1983
1982,2341
1982,2600
1982,2763
1983,1252
1983,1390
1983,1825
1984,428
1984,628
1984,1322
1984,1443
1984,1455
1984,2000
1984,2190
1985,1772
1986,2341
1986,2977
1987,866
1987,1250
1987,1253
1987,1471
1987,1636
1987,1724
1987,1992
1987,2417
1987,2665
1987,2859
1987,2860
1988,440
1988,1252
1988,1254
1988,1461
1988,1774
1988,1887
1989,1466
1989,2446
1990,5
1990,460
1990,599
1990,1051
1990,1130
1990,1142
1990,1216
1990,1252
1990,1450
1990,1469
1990,1774
1990,1789
1990,1859
1990,2498
1990,2843
1990,3089
1991,558
1991,773
1991,872
1991,1119
1991,1161
1991,1203
1991,1252
1991,1512
1991,1660
1991,1772
1991,1773
1991,1836
1991,2290
1991,2377
1991,2648
1991,2852
1992,1039
1992,1295
1992,1328
1992,1422
1992,1476
1992,2018
1992,2338
1993,2623
1994,367
1994,428
1994,440
1994,526
1994,581
1994,596
1994,847
1994,963
1994,1039
1994,1050
1994,1126
1994,1130
1994,1257
1994,1258
1994,1259
1994,1263
1994,1268
1994,1274
1994,1319
1994,1394
1994,1458
1994,1460
1994,1461
1994,1480
1994,1483
1994,1485
1994,1487
1994,1489
1994,1491
1994,1493
1994,1497
1994,1500
1994,1501
1994,1502
1994,1506
1994,1509
1994,1511
1994,1519
1994,1528
1994,1529
1994,1533
1994,1539
1994,1541
1994,1549
1994,1555
1994,1566
1994,1571
1994,1578
1994,1593
1994,1621
1994,1646
1994,1651
1994,1668
1994,1728
1994,1750
1994,1774
1994,1785
1994,1829
1994,1835
1994,1836
1994,1837
1994,1854
1994,1981
1994,2003
1994,2004
1994,2005
1994,2010
1994,2011
1994,2012
1994,2019
1994,2026
1994,2030
1994,2041
1994,2042
1994,2189
1994,2190
1994,2268
1994,2283
1994,2284
1994,2285
1994,2376
1994,2377
1994,2379
1994,2401
1994,2430
1994,2593
1994,2621
1994,2687
1994,2706
1994,2798
1994,2804
1994,2993
1994,3042
1994,3066
1995,1396
1995,1444
1995,1537
1995,1829
1996,1476
1996,1551
1996,1865
1996,2043
1996,2844
1997,2177
1998,1252
1998,1486
1998,1487
1998,1773
1998,2125
1998,2379
1998,2686
1999,1122
1999,1512
1999,1541
1999,1749
1999,1844
1999,1981
1999,2706
1999,2800
1999,2809
1999,2835
1999,2840
1999,3090
2000,460
2000,781
2000,816
2000,897
2000,1002
2000,1070
2000,1076
2000,1130
2000,1166
2000,1255
2000,1279
2000,1322
2000,1344
2000,1416
2000,1476
2000,1477
2000,1481
2000,1525
2000,1621
2000,1711
2000,1897
2000,1984
2000,2026
2000,2253
2000,2543
2000,2563
2000,2855
2001,1888
2002,898
2002,1492
2002,2428
2003,1469
2003,1774
2003,2016
2003,2189
2003,2699
2004,1015
2005,653
2005,662
2005,915
2005,1487
2005,1656
2005,1774
2005,1986
2005,1998
2005,2012
2005,2178
2005,2858
2006,155
2006,781
2006,1039
2006,1130
2006,1254
2006,1268
2006,1449
2006,1465
2006,1482
2006,1487
2006,1505
2006,1724
2006,1768
2006,2002
2007,1832
2007,2311
2007,2484
2007,2546
2007,2767
2007,2769
2007,2986
2008,1067
2008,1255
2008,1257
2008,1476
2008,1486
2008,1492
2008,1503
2008,1504
2008,1785
2008,1829
2008,1837
2008,2018
2008,2347
2008,2379
2008,2401
2008,2757
2008,2785
2008,2803
2008,3018
2008,3091
2009,1255
2009,1486
2009,1488
2009,2344
2010,535
2010,602
2010,613
2010,621
2010,637
2010,655
2010,696
2010,755
2010,999
2010,1067
2010,1130
2010,1163
2010,1227
2010,1257
2010,1306
2010,1385
2010,1408
2010,1444
2010,1458
2010,1462
2010,1489
2010,1528
2010,1529
2010,1539
2010,1577
2010,1621
2010,1637
2010,1769
2010,1784
2010,1832
2010,1975
2010,1994
2010,2081
2010,2376
2010,2378
2010,2544
2010,2603
2010,3092
2011,1466
2011,1487
2011,1747
2011,1870
2011,1981
2011,2344
2011,2401
2011,2803
2012,499
2012,581
2012,1255
2012,1493
2012,1621
2012,1746
2012,2018
2012,2030
2012,2112
2012,2430
2013,428
2013,2484
2014,499
2014,596
2014,1126
2014,1257
2014,1485
2014,1493
2014,1520
2014,1526
2014,1619
2014,1746
2014,2017
2014,2283
2014,2430
2014,2690
2014,2963
2015,1061
2015,1254
2015,1784
2015,1981
2015,2345
2016,499
2016,581
2016,966
2016,1039
2016,1254
2016,1255
2016,1257
2016,1461
2016,1467
2016,1483
2016,1485
2016,1486
2016,1492
2016,1493
2016,1501
2016,1503
2016,1520
2016,1619
2016,1668
2016,1724
2016,1830
2016,1832
2016,1992
2016,2001
2016,2003
2016,2004
2016,2009
2016,2012
2016,2026
2016,2112
2016,2125
2016,2190
2016,2268
2016,2344
2016,2379
2016,2483
2016,2766
2016,3093
2017,488
2017,493
2017,575
2017,581
2017,868
2017,917
2017,1022
2017,1261
2017,1433
2017,1660
2017,1750
2017,2011
2017,2967
2017,3094
2018,282
2018,320
2018,428
2018,526
2018,739
2018,752
2018,766
2018,827
2018,1015
2018,1118
2018,1155
2018,1160
2018,1468
2018,1480
2018,1489
2018,1492
2018,1503
2018,1509
2018,1646
2018,1992
2018,2008
2018,2012
2018,2176
2018,2199
2018,2322
2018,2353
2018,2687
2018,2757
2018,2993
2018,3039
2019,275
2019,851
2019,928
2019,1260
2019,1349
2019,1401
2019,1442
2019,1482
2019,1529
2019,1555
2019,1577
2019,1750
2019,1837
2019,1859
2019,2006
2019,2285
2019,2343
2019,2609
2019,2653
2019,2687
2019,2827
2020,1416
2020,1492
2020,2040
2020,2283
2020,2346
2021,1038
2021,1454
2022,1480
2022,1486
2022,1492
2022,1532
2022,2002
2022,2018
2022,2673
2023,1257
2023,1476
2023,1482
2023,1492
2023,1651
2023,1772
2024,898
2025,1268
2025,1269
2025,2112
2025,2963
2026,847
2026,1256
2026,1468
2026,1476
2026,1481
2026,1482
2026,1503
2026,1528
2026,1530
2026,1549
2026,1571
2026,1572
2026,1621
2026,1741
2026,1766
2026,1984
2026,2000
2026,2016
2026,2041
2026,2107
2026,2190
2026,2898
2026,2976
2027,1282
2028,1275
2028,1503
2029,921
2029,1530
2029,1579
2029,1621
2029,2040
2029,2436
2029,2619
2030,399
2030,499
2030,581
2030,1123
2030,1126
2030,1259
2030,1269
2030,1273
2030,1276
2030,1433
2030,1490
2030,1493
2030,1499
2030,1501
2030,1503
2030,1506
2030,1507
2030,1509
2030,1522
2030,1530
2030,1555
2030,1571
2030,1572
2030,1610
2030,1651
2030,1724
2030,1837
2030,2012
2030,2018
2030,2026
2030,2242
2030,2377
2030,2687
2030,2798
2031,399
2031,435
2031,1155
2031,1253
2031,1259
2031,1260
2031,1268
2031,1274
2031,1319
2031,1394
2031,1413
2031,1457
2031,1462
2031,1472
2031,1493
2031,1506
2031,1509
2031,1522
2031,1524
2031,1528
2031,1541
2031,1545
2031,1551
2031,1555
2031,1566
2031,1572
2031,1577
2031,1578
2031,1582
2031,1591
2031,1610
2031,1645
2031,1646
2031,1651
2031,1830
2031,1866
2031,1892
2031,1953
2031,1982
2031,2017
2031,2018
2031,2026
2031,2029
2031,2035
2031,2037
2031,2040
2031,2046
2031,2058
2031,2076
2031,2094
2031,2112
2031,2242
2031,2249
2031,2250
2031,2391
2031,2392
2031,2406
2031,2407
2031,2413
2031,2422
2031,2431
2031,2432
2031,2619
2031,2623
2031,2638
2031,2656
2031,2669
2031,2705
2031,2737
2031,2807
2031,2865
2031,2878
2031,2895
2031,3095
2032,878
2032,1082
2032,1150
2032,1503
2032,1516
2032,1830
2032,2381
2033,1169
2033,1564
2033,1772
2033,2964
2034,1126
2034,1169
2034,1268
2034,1279
2034,1490
2034,1534
2034,1836
2034,2032
2034,2033
2034,2040
2034,2344
2034,2381
2034,2653
2034,2820
2034,2860
2034,3096
2035,1180
2035,1273
2035,1274
2035,1564
2035,1569
2035,1582
2035,1836
2035,2048
2035,2068
2035,2626
2035,2886
2035,3097
2036,1341
2036,1579
2036,1999
2036,2055
2036,2077
2036,2861
2037,499
2037,1092
2037,1341
2037,1506
2037,1514
2037,1522
2037,1545
2037,1565
2037,1579
2037,1589
2037,1865
2037,2018
2037,2031
2037,2409
2037,2746
2037,2774
2037,2901
2038,1126
2039,1553
2039,2126
2039,2407
2039,2411
2039,2626
2039,2785
2040,762
2040,1119
2040,1164
2040,1169
2040,1186
2040,1433
2040,1479
2040,1490
2040,1501
2040,1515
2040,1521
2040,1534
2040,1541
2040,1555
2040,1566
2040,1572
2040,1588
2040,1621
2040,1646
2040,1709
2040,1717
2040,1718
2040,2020
2040,2034
2040,2044
2040,2190
2040,2252
2040,2453
2040,2979
2040,3007
2040,3098
2041,399
2041,1015
2041,1106
2041,1283
2041,1287
2041,1501
2041,1506
2041,1524
2041,1535
2041,1559
2041,1560
2041,1562
2041,1580
2041,1591
2041,1600
2041,1614
2041,1651
2041,1782
2041,1785
2041,1833
2041,1836
2041,1865
2041,2035
2041,2050
2041,2079
2041,2081
2041,2089
2041,2112
2041,2242
2041,2344
2041,2388
2041,2389
2041,2392
2041,2417
2041,2774
2041,2822
2041,2909
2041,2928
2041,3022
2042,399
2042,1120
2042,1180
2042,1251
2042,1259
2042,1268
2042,1272
2042,1287
2042,1461
2042,1491
2042,1504
2042,1509
2042,1541
2042,1549
2042,1553
2042,1562
2042,1570
2042,1574
2042,1586
2042,1588
2042,1724
2042,1892
2042,1953
2042,1981
2042,1992
2042,1994
2042,2048
2042,2053
2042,2060
2042,2067
2042,2078
2042,2095
2042,2121
2042,2271
2042,2411
2042,2417
2042,2650
2042,2665
2042,2759
2042,2846
2042,2904
2042,3002
2042,3024
2042,3064
2043,750
2043,1504
2043,1610
2043,1996
2043,2112
2044,2040
2044,2665
2044,2759
2044,3099
2044,3100
2045,1015
2045,1126
2045,1255
2045,1520
2045,1553
2045,1554
2045,1651
2045,2063
2045,2716
2045,2769
2045,3101
2046,1120
2046,1126
2046,1253
2046,1259
2046,1275
2046,1490
2046,1499
2046,1501
2046,1534
2046,1543
2046,2044
2046,2052
2046,2071
2046,2242
2046,2407
2046,2431
2046,2439
2046,2769
2046,2818
2046,2941
2047,1120
2047,1122
2047,1322
2047,1351
2047,1515
2047,1534
2047,1564
2047,1590
2047,1955
2047,1976
2047,2065
2047,2177
2047,2388
2047,2411
2047,2414
2047,2466
2047,2924
2047,3016
2048,1127
2048,1273
2048,1551
2048,1552
2048,1553
2048,1557
2048,1562
2048,1594
2048,1597
2048,2389
2048,2394
2048,2410
2049,910
2049,1836
2049,3006
2050,1590
2050,1614
2050,2047
2050,2252
2050,2781
2050,2914
2050,3102
2051,2094
2052,107
2052,393
2052,912
2052,921
2052,1120
2052,1122
2052,1123
2052,1259
2052,1271
2052,1272
2052,1273
2052,1275
2052,1284
2052,1499
2052,1524
2052,1534
2052,1535
2052,1536
2052,1541
2052,1549
2052,1555
2052,1562
2052,1566
2052,1572
2052,1582
2052,1583
2052,1589
2052,1592
2052,1611
2052,1649
2052,1706
2052,1724
2052,1836
2052,2017
2052,2029
2052,2034
2052,2037
2052,2040
2052,2046
2052,2051
2052,2064
2052,2068
2052,2071
2052,2075
2052,2077
2052,2081
2052,2082
2052,2085
2052,2096
2052,2242
2052,2266
2052,2378
2052,2389
2052,2391
2052,2437
2052,2453
2052,2746
2052,2755
2052,2771
2052,2865
2052,2866
2052,2880
2052,2914
2052,2941
2052,3070
2053,1126
2053,1602
2053,1868
2053,2042
2053,2266
2053,3103
2054,1534
2054,1568
2054,1601
2054,2790
2054,3104
2055,1258
2055,1480
2055,1504
2055,1510
2055,1837
2055,1860
2055,2401
2056,1495
2056,1543
2056,1545
2056,1606
2056,1651
2056,2065
2056,2081
2056,2774
2057,1276
2057,1538
2057,1544
2057,2705
2057,3023
2057,3041
2058,1259
2058,1260
2058,1275
2058,1282
2058,1538
2058,1545
2058,1549
2058,1551
2058,1555
2058,1556
2058,1557
2058,1562
2058,1576
2058,1582
2058,2017
2058,2020
2058,2028
2058,2053
2058,2057
2058,2068
2058,2126
2058,2410
2058,2413
2058,2414
2058,2626
2058,2806
2058,2819
2058,2827
2058,3047
2059,2389
2060,1127
2060,3053
2061,399
2061,1405
2061,1567
2061,1574
2061,2411
2061,3037
2062,393
2062,1259
2062,1261
2062,1273
2062,1278
2062,1283
2062,1531
2062,1538
2062,1540
2062,2046
2062,2058
2062,2067
2062,3087
2063,1255
2063,1522
2063,2045
2063,2120
2063,2126
2064,1517
2064,2740
2064,2979
2065,1127
2065,1538
2065,1568
2065,2401
2065,2866
2065,2877
2065,3105
2066,2476
2067,393
2067,1180
2067,1273
2067,1274
2067,1284
2067,1569
2067,1576
2067,1578
2067,1582
2067,1585
2067,1588
2067,1603
2067,1706
2067,2072
2067,2626
2067,2682
2067,2757
2067,2807
2067,2846
2067,2861
2067,2955
2067,2974
2067,2987
2067,3104
2068,637
2068,1278
2068,1283
2068,1538
2068,1553
2068,1555
2068,1557
2068,1582
2068,2026
2068,2035
2068,2057
2068,2058
2068,2065
2068,2071
2068,2266
2068,2282
2068,2414
2068,2415
2068,2619
2068,2903
2068,2997
2068,3018
2068,3036
2069,1603
2069,2072
2069,2075
2069,2906
2070,2417
2070,2864
2071,1073
2071,2394
2071,2880
2072,1097
2072,1122
2072,1180
2072,1275
2072,1281
2072,1527
2072,1553
2072,1562
2072,1567
2072,1568
2072,1584
2072,1601
2072,1602
2072,1636
2072,1836
2072,1865
2072,1869
2072,2032
2072,2035
2072,2059
2072,2065
2072,2069
2072,2094
2072,2096
2072,2284
2072,2389
2072,2414
2072,2418
2072,2622
2072,2626
2072,2739
2072,2755
2072,2808
2072,2861
2072,2876
2072,2902
2072,2924
2072,2997
2073,2806
2074,2085
2075,2422
2075,2433
2076,1526
2076,2085
2076,3086
2077,1097
2077,1122
2077,1261
2077,1286
2077,1589
2077,1595
2077,1600
2077,1607
2077,2002
2077,2036
2077,2061
2077,2252
2077,2394
2077,2421
2077,2774
2077,2987
2077,3006
2078,399
2078,654
2078,966
2078,1254
2078,1284
2078,1498
2078,1575
2078,1595
2078,1599
2078,1600
2078,2054
2078,2091
2078,2394
2078,2622
2078,2760
2078,2810
2078,2994
2079,1836
2080,1126
2080,1602
2080,1836
2080,2078
2080,2388
2080,2895
2080,2903
2081,535
2081,808
2081,1271
2081,1499
2081,1528
2081,1539
2081,1555
2081,1564
2081,1571
2081,1583
2081,1589
2081,1610
2081,1668
2081,1706
2081,1769
2081,1774
2081,2010
2081,2030
2081,2043
2081,2052
2081,2070
2081,2095
2081,2774
2082,2093
2082,2266
2082,3052
2083,2085
2084,1606
2084,1609
2084,1837
2084,3107
2085,1604
2085,2074
2085,2076
2085,2775
2085,2959
2085,3072
2086,1601
2086,1611
2086,1614
2086,2080
2086,2881
2086,2918
2087,2078
2088,772
2088,1097
2088,1262
2088,1287
2088,1574
2088,1578
2088,1586
2088,1596
2088,1668
2088,2417
2088,2623
2089,1614
2089,2085
2089,2899
2089,2918
2090,2918
2091,1574
2091,1614
2091,2093
2091,2095
2092,2422
2093,1262
2093,1584
2093,1589
2093,1601
2093,1607
2093,1611
2093,2089
2093,2091
2093,2927
2093,3052
2093,3080
2093,3109
2094,399
2094,581
2094,1122
2094,1260
2094,1274
2094,1277
2094,1478
2094,1536
2094,1567
2094,1583
2094,1774
2094,1981
2094,2051
2094,2388
2094,2431
2094,2624
2094,2650
2094,2864
2094,2878
2094,2882
2094,2892
2094,2960
2094,2983
2095,1097
2095,1249
2095,1273
2095,1279
2095,1286
2095,1498
2095,1538
2095,1542
2095,1562
2095,1578
2095,1580
2095,1582
2095,1592
2095,1598
2095,1601
2095,1611
2095,2050
2095,2072
2095,2081
2095,2091
2095,2093
2095,2096
2095,2392
2095,2394
2095,2415
2095,2759
2095,2816
2095,2880
2095,2889
2096,1613
2096,1614
2096,2071
2096,2072
2096,2089
2096,2093
2096,2772
2096,2775
2097,1255
2097,1262
2097,1274
2097,1279
2097,1280
2097,1474
2097,1497
2097,1501
2097,1524
2097,1540
2097,1555
2097,1560
2097,1562
2097,1567
2097,1578
2097,1579
2097,1583
2097,1588
2097,1604
2097,1613
2097,1615
2097,1706
2097,1769
2097,1785
2097,1842
2097,2012
2097,2045
2097,2093
2097,2112
2097,2417
2097,2657
2097,2778
2097,2893
2097,2903
2097,2955
2097,3110
2098,1286
2098,1430
2098,1580
2098,1584
2098,1594
2098,1604
2098,1606
2098,1607
2098,1611
2098,1613
2098,1865
2098,2086
2098,2094
2098,2422
2098,2914
2098,3052
2099,336
2099,831
2099,1140
2099,1303
2099,1356
2099,2629
2100,288
2101,288
2102,292
2102,442
2102,652
2102,848
2102,870
2102,890
2102,900
2102,1163
2102,1183
2102,1699
2102,1783
2102,1975
2102,2117
2103,292
2103,590
2103,754
2103,1078
2103,1184
2103,1328
2103,1390
2103,1829
2103,1876
2103,1919
2104,30
2104,165
2104,213
2104,273
2104,323
2104,381
2104,397
2104,483
2104,553
2104,594
2104,725
2104,868
2104,929
2104,943
2104,1004
2104,1246
2105,315
2105,687
2105,943
2105,1301
2105,1806
2106,317
2106,327
2106,378
2106,484
2106,682
2106,852
2106,941
2106,1038
2106,1794
2106,1808
2107,307
2107,499
2107,581
2107,632
2107,904
2107,1341
2107,1490
2107,1501
2107,1506
2107,1510
2107,1528
2107,1539
2107,1571
2107,1668
2107,1833
2107,2026
2107,2032
2107,2284
2107,2345
2107,2870
2107,2958
2108,307
2108,828
2108,912
2108,1025
2108,2263
2109,307
2109,727
2109,842
2109,1032
2109,1823
2109,2110
2109,2207
2110,307
2110,842
2110,1032
2110,1101
2110,1152
2110,1197
2110,2109
2110,3111
2111,308
2111,525
2111,602
2111,639
2111,655
2111,1220
2111,1224
2111,1335
2111,1416
2111,1711
2111,1722
2111,1723
2112,107
2112,393
2112,499
2112,535
2112,717
2112,762
2112,921
2112,966
2112,1015
2112,1039
2112,1120
2112,1126
2112,1259
2112,1268
2112,1276
2112,1279
2112,1280
2112,1282
2112,1285
2112,1286
2112,1295
2112,1341
2112,1430
2112,1479
2112,1482
2112,1491
2112,1495
2112,1499
2112,1501
2112,1506
2112,1507
2112,1512
2112,1524
2112,1526
2112,1528
2112,1538
2112,1554
2112,1559
2112,1562
2112,1569
2112,1570
2112,1576
2112,1583
2112,1584
2112,1586
2112,1588
2112,1592
2112,1593
2112,1595
2112,1597
2112,1602
2112,1603
2112,1604
2112,1606
2112,1608
2112,1610
2112,1612
2112,1613
2112,1614
2112,1651
2112,1668
2112,1706
2112,1724
2112,1749
2112,1772
2112,1837
2112,1854
2112,1876
2112,1976
2112,2012
2112,2025
2112,2038
2112,2048
2112,2051
2112,2053
2112,2059
2112,2070
2112,2072
2112,2074
2112,2079
2112,2081
2112,2083
2112,2087
2112,2088
2112,2089
2112,2091
2112,2094
2112,2097
2112,2098
2112,2126
2112,2160
2112,2309
2112,2389
2112,2401
2112,2414
2112,2419
2112,2422
2112,2497
2112,2542
2112,2623
2112,2657
2112,2775
2112,2776
2112,2819
2112,2840
2112,2873
2112,2874
2112,2895
2112,2904
2112,2906
2112,2909
2112,2941
2112,3009
2112,3112
2113,384
2113,483
2113,506
2113,516
2114,335
2114,426
2114,627
2114,679
2115,485
2115,935
2115,1004
2115,1948
2116,393
2116,938
2117,590
2117,1063
2117,1842
2117,2102
2117,2233
2118,1951
2119,499
2119,535
2119,1069
2119,1252
2119,1258
2119,1260
2119,1270
2119,1279
2119,1401
2119,1433
2119,1458
2119,1474
2119,1481
2119,1489
2119,1490
2119,1502
2119,1513
2119,1526
2119,1528
2119,1539
2119,1555
2119,1571
2119,1592
2119,1706
2119,1772
2119,1773
2119,1774
2119,1830
2119,2029
2119,2033
2119,2034
2119,2063
2119,2079
2119,2120
2119,2125
2119,2486
2119,2875
2119,2963
2120,2063
2120,2121
2121,1252
2121,1480
2121,1486
2121,1490
2121,1493
2121,1501
2121,1503
2121,1787
2121,1829
2121,1955
2121,1981
2121,2120
2122,717
2122,1082
2122,1459
2122,1466
2122,1486
2122,1492
2122,1496
2122,1503
2122,1532
2122,1747
2122,1890
2122,2347
2122,2428
2122,3014
2123,1252
2123,1254
2123,1486
2123,2124
2124,1279
2124,1458
2124,1476
2124,1526
2124,1773
2125,526
2125,596
2125,966
2125,1450
2125,1463
2125,1467
2125,1469
2125,1537
2125,1645
2125,1774
2125,2045
2125,2119
2125,2176
2125,2347
2125,2740
2125,2855
2126,596
2126,732
2126,1097
2126,1259
2126,1274
2126,1282
2126,1283
2126,1522
2126,1528
2126,1552
2126,1553
2126,1560
2126,1562
2126,1651
2126,1706
2126,1772
2126,1868
2126,2028
2126,2039
2126,2063
2126,2112
2126,2379
2126,2389
2126,2391
2126,2438
2126,2626
2126,2827
2126,2874
2127,2653
2127,2910
2128,316
2128,832
2128,947
2128,953
2128,992
2128,1948
2129,55
2129,317
2129,554
2129,662
2129,663
2129,666
2129,675
2129,681
2129,1160
2129,2296
2129,3113
2130,317
2130,1008
2131,317
2131,409
2131,615
2131,1315
2131,1634
2131,2322
2132,320
2132,738
2132,750
2132,830
2132,1102
2132,1106
2133,321
2134,653
2134,861
2134,866
2134,898
2134,993
2135,898
2135,1082
2135,1965
2135,2709
2135,3114
2136,1061
2136,1711
2136,2190
2137,334
2137,468
2137,676
2137,854
2137,1194
2137,2194
2138,334
2138,565
2138,741
2138,913
2139,335
2140,335
2140,570
2141,69
2141,336
2141,467
2141,553
2141,608
2141,617
2141,634
2141,1010
2141,1043
2141,1100
2141,1726
2141,1822
2141,1895
2141,1918
2142,671
2142,673
2143,393
2143,478
2143,797
2144,357
2144,730
2144,1023
2144,1181
2144,1186
2144,1231
2144,1328
2144,1342
2144,1415
2144,1717
2144,1919
2144,2593
2144,2633
2145,1069
2145,1184
2145,1401
2146,881
2146,1231
2147,360
2147,487
2147,1141
2148,816
2148,1951
2148,2217
2149,2490
2150,533
2150,632
2151,379
2151,426
2151,669
2151,1015
2151,1251
2151,1482
2151,1505
2152,816
2153,323
2153,640
2153,645
2153,807
2153,847
2153,870
2153,897
2153,908
2153,1039
2153,1181
2153,1344
2153,1397
2153,1465
2153,1699
2153,1759
2153,1768
2153,1786
2153,1824
2153,2108
2153,2285
2153,2333
2153,2443
2154,320
2154,406
2154,609
2154,1057
2154,2307
2154,2524
2154,2699
2155,853
2155,2459
2156,525
2156,606
2156,690
2156,749
2156,755
2156,1197
2156,1846
2156,1958
2157,749
2157,1163
2157,1165
2157,1960
2157,2851
2158,851
2158,2254
2159,603
2159,696
2159,760
2159,1784
2159,2699
2160,767
2160,1426
2160,1696
2160,1892
2161,887
2161,1048
2161,1217
2161,1395
2161,1768
2161,1973
2161,2371
2161,2426
2161,2494
2161,2527
2162,651
2162,1164
2162,1170
2162,1233
2162,1327
2162,1337
2162,1705
2162,1717
2162,1718
2163,859
2163,1038
2163,1222
2163,2167
2164,534
2164,848
2164,907
2164,912
2164,1038
2164,1051
2164,1056
2164,1350
2164,1452
2164,1621
2164,1699
2164,1852
2164,1919
2164,1979
2164,2177
2164,2263
2164,2335
2165,1032
2165,1043
2165,1447
2165,1452
2165,1709
2165,1717
2165,1718
2165,1745
2165,1981
2165,2167
2165,2558
2165,2736
2165,2749
2165,2844
2165,3115
2166,1644
2166,1687
2166,1717
2166,1718
2166,1739
2166,2337
2167,658
2167,663
2167,866
2167,1071
2167,1222
2167,1327
2167,1347
2167,1390
2167,1435
2167,1450
2167,1452
2167,1470
2167,1478
2167,1715
2167,1729
2167,1733
2167,1739
2167,1743
2167,1745
2167,1825
2167,1852
2167,2163
2167,2165
2167,2168
2167,2186
2167,2669
2167,2749
2168,1390
2168,1435
2168,1439
2168,1786
2168,1825
2168,1980
2168,2167
2169,575
2169,612
2169,737
2169,759
2169,914
2169,993
2169,1152
2169,2217
2170,11
2171,525
2171,898
2171,1797
2171,2461
2172,2184
2173,1846
2174,648
2174,1069
2174,1207
2174,1343
2174,1350
2174,1416
2174,1425
2174,1437
2174,1676
2174,1737
2174,1743
2174,1831
2175,1186
2176,2179
2176,2271
2176,2411
2176,2920
2177,393
2177,976
2177,1249
2177,1469
2177,1829
2177,1887
2177,2176
2177,2300
2177,2341
2177,2391
2178,2341
2178,2374
2179,526
2179,1482
2179,1486
2179,2176
2179,2345
2180,847
2180,931
2180,1126
2180,1150
2180,1250
2180,1443
2180,1457
2180,1469
2180,1470
2180,1482
2180,1486
2180,1489
2180,1537
2180,1700
2180,1706
2180,1772
2180,1887
2180,2124
2180,2858
2181,471
2181,709
2181,935
2182,563
2182,850
2182,886
2182,2368
2183,763
2183,766
2183,801
2183,850
2183,857
2183,963
2183,1037
2183,1203
2183,1846
2183,1887
2183,2658
2184,645
2184,653
2184,654
2184,882
2184,883
2184,890
2184,1246
2184,2172
2184,2538
2185,1332
2185,1339
2186,928
2186,1071
2186,1413
2186,1435
2186,1436
2186,1439
2186,1640
2186,1643
2186,1745
2186,1774
2186,1978
2186,2167
2186,2399
2186,2803
2187,576
2187,621
2187,643
2187,729
2187,846
2187,889
2187,906
2187,1035
2187,1162
2187,1165
2187,1322
2187,1404
2187,1412
2187,1423
2187,1491
2187,1561
2187,1728
2187,1766
2187,1785
2187,1803
2187,1920
2187,2965
2188,1829
2189,651
2189,905
2189,1469
2189,1648
2189,1700
2189,1738
2189,1772
2189,1773
2189,1829
2189,2003
2189,2670
2190,658
2190,889
2190,926
2190,1039
2190,1049
2190,1130
2190,1150
2190,1247
2190,1255
2190,1257
2190,1322
2190,1385
2190,1422
2190,1430
2190,1462
2190,1526
2190,1646
2190,1705
2190,1711
2190,1718
2190,1856
2190,1984
2190,2019
2190,2040
2190,2136
2191,125
2191,804
2191,1628
2191,2497
2192,622
2192,738
2192,796
2192,797
2192,894
2192,1885
2193,2530
2194,495
2194,2277
2195,334
2195,454
2195,1000
2195,1320
2196,938
2197,388
2197,1093
2198,609
2198,617
2198,767
2198,934
2198,975
2198,1004
2199,606
2199,831
2199,1012
2200,663
2200,690
2200,753
2200,2768
2201,1022
2202,1095
2203,666
2203,968
2204,515
2205,687
2206,125
2206,717
2206,794
2206,841
2206,1098
2206,1310
2207,264
2207,741
2207,2109
2208,1029
2208,1034
2208,1893
2209,1883
2210,1108
2210,1196
2210,1665
2210,1872
2211,744
2211,745
2211,746
2211,748
2211,749
2211,750
2211,775
2211,816
2211,844
2211,1043
2211,1112
2211,1894
2211,1958
2211,2213
2211,2496
2212,2644
2213,525
2213,611
2213,755
2213,774
2213,1666
2213,1958
2213,2211
2213,2303
2214,741
2215,525
2215,1311
2216,749
2216,753
2216,760
2216,1034
2216,1959
2217,563
2217,575
2217,602
2217,605
2217,614
2217,616
2217,727
2217,826
2217,1032
2217,1041
2217,1194
2217,1951
2217,2148
2217,2261
2217,2355
2218,636
2218,797
2218,849
2218,1101
2218,1152
2218,1841
2218,2658
2219,744
2219,768
2219,818
2220,898
2220,1637
2220,2471
2221,761
2221,777
2221,849
2221,1038
2221,1042
2221,1289
2221,1316
2221,1627
2221,1667
2221,1686
2221,2253
2221,2267
2222,759
2222,764
2222,767
2222,769
2222,1152
2222,2330
2223,645
2223,752
2223,852
2223,859
2223,903
2223,1010
2223,1045
2223,1289
2224,377
2224,492
2225,2296
2226,982
2226,1310
2226,1632
2227,381
2228,483
2228,666
2229,119
2229,331
2230,243
2231,983
2232,383
2232,525
2232,724
2232,755
2232,759
2232,824
2232,843
2232,1085
2232,1118
2232,1669
2232,2490
2233,1156
2233,2117
2234,613
2234,629
2234,631
2234,653
2234,867
2234,882
2234,900
2234,901
2234,903
2234,967
2234,969
2234,1042
2234,1051
2234,1202
2234,1322
2234,1331
2234,1345
2234,1453
2234,1621
2234,1695
2234,1786
2234,1846
2234,1973
2234,1974
2234,2263
2235,1153
2235,1165
2235,1222
2235,2727
2236,1156
2236,2494
2236,2675
2236,3117
2237,1222
2238,1059
2238,1217
2238,1702
2238,2728
2239,1043
2240,388
2240,750
2240,1032
2240,1895
2240,2470
2241,388
2241,606
2241,617
2242,921
2242,1120
2242,1122
2242,1126
2242,1258
2242,1259
2242,1268
2242,1433
2242,1520
2242,1541
2242,1566
2242,1650
2242,1734
2242,1749
2242,2030
2242,2063
2242,2094
2242,2126
2242,2250
2242,2344
2242,2404
2242,2407
2242,2431
2242,2439
2242,2941
2242,2989
2243,256
2243,397
2243,437
2243,673
2243,684
2243,1098
2243,1908
2243,3118
2244,397
2244,484
2244,680
2244,963
2244,1004
2245,651
2245,659
2245,743
2245,780
2245,850
2245,1010
2245,1045
2245,1316
2245,1897
2246,397
2246,696
2246,807
2246,1800
2247,397
2247,741
2248,1491
2249,399
2249,2979
2249,3119
2250,399
2250,1864
2251,399
2251,2835
2252,1249
2252,1602
2252,2040
2252,2050
2252,2077
2253,326
2253,503
2253,526
2253,609
2253,633
2253,655
2253,692
2253,695
2253,734
2253,766
2253,769
2253,771
2253,777
2253,782
2253,901
2253,915
2253,972
2253,1010
2253,1039
2253,1076
2253,1207
2253,1215
2253,1279
2253,1322
2253,1389
2253,1458
2253,1469
2253,1474
2253,1476
2253,1478
2253,1482
2253,1526
2253,1686
2253,1712
2253,1750
2253,1772
2253,1829
2253,1897
2253,1984
2253,2000
2253,2026
2253,2183
2253,2221
2253,2442
2253,2504
2254,636
2254,2158
2255,417
2256,490
2256,612
2256,1109
2256,1316
2256,1666
2256,2217
2257,781
2257,1203
2258,149
2258,223
2258,406
2258,643
2258,843
2258,847
2258,919
2258,1753
2259,382
2259,457
2260,1948
2261,2217
2262,534
2262,581
2262,890
2262,898
2262,1040
2262,1063
2262,1211
2262,1222
2262,1414
2262,1786
2262,2271
2262,2273
2262,2699
2262,2851
2263,629
2263,754
2263,762
2263,801
2263,890
2263,897
2263,912
2263,1040
2263,1051
2263,1170
2263,1202
2263,1215
2263,1236
2263,1344
2263,1397
2263,1409
2263,1726
2263,1846
2263,1967
2263,1968
2263,2108
2263,2164
2263,2234
2263,2528
2263,2675
2263,2725
2264,270
2264,325
2264,488
2264,534
2264,651
2264,807
2264,912
2264,917
2264,1023
2264,1163
2264,1221
2264,1224
2264,1328
2264,1329
2264,2443
2264,2494
2264,2501
2265,547
2266,1180
2266,1865
2266,1893
2266,2053
2266,2344
2266,2621
2266,2623
2266,3121
2266,3122
2267,630
2267,749
2267,780
2267,854
2267,1045
2267,1076
2267,1660
2267,1666
2267,2221
2267,2357
2267,2471
2268,642
2268,766
2268,1443
2268,1511
2268,1700
2268,1773
2268,3014
2269,575
2269,607
2269,630
2269,642
2269,651
2269,679
2269,758
2269,759
2269,764
2269,812
2269,848
2269,868
2269,883
2269,907
2269,1010
2269,1311
2269,1846
2269,1921
2269,2300
2269,2600
2269,2787
2270,890
2270,1025
2270,1051
2270,1075
2270,1207
2270,1400
2270,1414
2270,1782
2270,1786
2270,1978
2270,2300
2271,1063
2271,1222
2271,1450
2271,1695
2271,1741
2271,2176
2271,2262
2272,1038
2272,1342
2272,1727
2272,1784
2273,636
2273,774
2273,848
2273,1066
2273,1160
2273,1374
2273,2262
2273,2351
2273,2725
2273,2748
2274,413
2275,492
2275,505
2275,546
2275,547
2276,52
2276,119
2276,1251
2276,1831
2277,426
2277,527
2277,2194
2278,426
2278,1304
2279,426
2280,427
2281,427
2282,894
2283,428
2283,1494
2283,1619
2283,1746
2283,2014
2283,2020
2284,428
2284,596
2284,637
2284,898
2284,1476
2284,1482
2284,1537
2284,1771
2284,2282
2285,428
2285,847
2285,879
2285,897
2285,906
2285,1039
2285,1126
2285,1158
2285,1163
2285,1322
2285,1344
2285,1409
2285,1428
2285,1460
2285,1465
2285,1501
2285,1505
2285,1513
2285,1595
2285,1610
2285,1638
2285,1759
2285,1832
2285,1852
2285,1861
2285,1868
2285,1981
2285,1997
2285,2001
2285,2015
2285,2045
2285,2112
2285,2153
2285,2376
2285,2486
2286,1142
2287,429
2287,570
2287,630
2287,2532
2287,2563
2288,669
2289,738
2289,843
2290,752
2290,775
2290,801
2290,895
2290,898
2290,1991
2291,2409
2291,2813
2291,3123
2292,2027
2293,1184
2293,1765
2294,929
2295,715
2295,1136
2296,1304
2296,2459
2297,746
2297,1128
2297,1597
2297,1709
2298,643
2298,651
2298,826
2298,854
2298,868
2298,991
2299,448
2299,605
2299,2118
2300,645
2300,2516
2301,890
2301,912
2301,1063
2301,1206
2301,1210
2301,1219
2301,1696
2301,1846
2301,1970
2302,661
2302,890
2302,983
2302,1163
2302,1165
2302,1391
2302,1660
2302,1684
2302,1687
2302,1849
2302,2262
2302,2471
2302,2494
2302,2519
2302,2537
2302,2699
2302,2832
2303,534
2303,629
2303,633
2303,640
2303,649
2303,713
2303,744
2303,749
2303,753
2303,760
2303,766
2303,869
2303,889
2303,892
2303,905
2303,1018
2303,1026
2303,1034
2303,1051
2303,1063
2303,1158
2303,1196
2303,1200
2303,1201
2303,1349
2303,1397
2303,1958
2303,2213
2303,2330
2303,2371
2303,3124
2304,637
2304,1405
2304,1745
2304,2547
2305,1061
2305,1405
2305,1409
2305,1487
2306,678
2306,726
2306,741
2306,825
2306,841
2306,894
2306,965
2306,1021
2306,1044
2306,1084
2306,1943
2306,2352
2307,612
2307,740
2307,1022
2308,583
2308,750
2308,1102
2309,489
2309,525
2309,602
2309,755
2309,2112
2309,2497
2310,464
2310,1116
2311,956
2311,2007
2311,2769
2312,75
2313,602
2313,736
2313,1894
2313,1977
2313,2293
2313,3125
2314,1811
2315,507
2316,951
2317,804
2318,676
2319,533
2319,675
2319,676
2320,1657
2321,1141
2322,2131
2323,604
2323,620
2323,2534
2323,2767
2324,1102
2325,532
2325,998
2326,878
2326,1126
2326,1459
2326,1487
2326,1491
2326,1492
2326,1514
2326,1833
2326,1834
2326,1999
2326,2085
2326,2771
2326,2798
2326,2813
2326,2814
2326,2926
2327,571
2328,1898
2329,972
2330,767
2330,1152
2330,1331
2330,2222
2331,766
2331,849
2331,1203
2332,489
2332,617
2332,748
2333,640
2333,1051
2333,1455
2333,2646
2334,1710
2335,754
2335,1025
2335,1153
2335,1220
2335,1233
2335,1329
2335,2164
2336,1326
2337,2166
2337,2845
2338,581
2338,1122
2338,1332
2338,1452
2339,1825
2339,2341
2339,2749
2340,1199
2340,1774
2340,2723
2340,2991
2341,1429
2341,1643
2341,1825
2341,1887
2341,1986
2341,2177
2341,2178
2341,2339
2341,2595
2341,2749
2341,2977
2342,915
2343,2875
2344,717
2344,1476
2344,1492
2344,1532
2344,1650
2344,2008
2344,2015
2344,2488
2345,336
2345,1254
2345,1257
2345,1457
2345,1830
2345,2015
2345,2054
2345,2125
2345,2766
2346,1060
2346,1169
2346,1252
2346,1256
2346,1389
2346,1482
2346,1488
2346,1489
2346,1492
2346,1527
2346,1736
2346,1833
2346,1890
2346,2018
2346,2020
2346,2024
2346,2283
2346,2347
2346,2856
2346,3120
2347,1258
2347,1464
2347,1486
2347,1492
2347,1526
2347,1621
2347,1747
2347,1833
2347,1834
2347,1886
2347,2008
2347,2022
2347,2125
2347,2268
2348,457
2348,468
2348,551
2348,680
2348,681
2348,1135
2349,477
2349,1303
2350,628
2350,917
2350,1142
2351,592
2351,615
2351,719
2351,791
2351,1085
2351,2273
2352,320
2352,953
2352,1098
2352,2306
2352,2677
2353,602
2353,739
2353,843
2354,447
2354,2783
2355,503
2355,1893
2355,2217
2355,2475
2355,2730
2356,1960
2357,1112
2357,1152
2357,1895
2357,2267
2357,2639
2358,602
2358,659
2358,1180
2359,489
2359,1105
2359,2204
2360,575
2360,2395
2361,517
2362,1038
2362,1552
2363,797
2364,482
2365,482
2366,676
2367,715
2367,720
2368,489
2368,491
2368,517
2368,607
2368,615
2368,745
2368,829
2368,1622
2368,2509
2368,2642
2369,311
2369,992
2369,1088
2369,1825
2370,1316
2371,2161
2372,575
2372,849
2372,1153
2372,1160
2373,2681
2374,2178
2374,2648
2374,2845
2375,1834
2375,2160
2376,586
2376,1258
2376,1444
2376,1463
2376,1487
2376,1502
2376,1832
2376,2633
2377,1119
2377,1833
2377,1991
2378,1249
2378,1479
2378,1495
2378,1560
2378,1592
2378,1606
2378,1608
2378,1609
2378,1611
2378,2600
2378,2657
2378,2682
2378,2745
2378,2807
2379,1259
2379,1651
2379,2008
2379,2041
2379,2121
2380,386
2380,831
2380,1166
2380,1846
2380,2263
2380,2527
2380,2621
2380,2831
2381,1272
2381,1501
2381,1506
2381,1515
2381,1583
2381,1976
2381,2032
2381,2338
2381,2687
2382,497
2382,1357
2383,1526
2384,336
2384,852
2384,912
2384,1450
2384,1457
2384,1772
2384,2122
2384,2581
2385,278
2385,1409
2385,2188
2385,2311
2386,1492
2386,1787
2386,2982
2386,3059
2387,2626
2387,2737
2388,808
2388,1124
2388,1279
2388,1575
2388,1596
2388,2035
2388,2050
2388,2080
2388,2085
2388,2086
2388,2094
2388,2392
2388,2624
2388,2657
2388,2891
2388,3004
2388,3070
2389,1160
2389,1865
2389,2059
2389,2072
2389,2622
2389,2807
2390,1557
2390,1611
2390,1613
2391,1122
2391,1567
2391,1574
2391,2126
2391,2414
2391,2718
2391,2835
2392,772
2392,1161
2392,1576
2392,1589
2392,1865
2392,1867
2392,2388
2392,2409
2392,2411
2392,2414
2392,2619
2392,2888
2393,3126
2394,1127
2394,1261
2394,1275
2394,1283
2394,1501
2394,1549
2394,1558
2394,1567
2394,1595
2394,1596
2394,1836
2394,2067
2394,2071
2394,2078
2394,2385
2394,2437
2394,2775
2394,2807
2394,2860
2394,2868
2394,2880
2394,2911
2394,2997
2395,503
2395,1893
2396,506
2397,483
2397,505
2397,507
2397,547
2397,712
2398,1772
2399,1467
2399,1469
2399,1533
2399,1774
2400,1890
2401,1164
2401,1343
2401,1351
2401,1709
2401,1717
2401,1718
2401,1745
2401,2008
2401,2065
2401,2556
2401,2803
2402,435
2402,526
2402,1015
2402,1039
2402,1050
2402,1067
2402,1126
2402,1260
2402,1447
2402,1450
2402,1460
2402,1461
2402,1474
2402,1494
2402,1502
2402,1504
2402,1525
2402,1528
2402,1537
2402,1588
2402,1638
2402,1774
2402,1790
2402,2012
2402,2018
2402,2026
2402,2268
2402,2401
2402,2415
2402,2430
2402,2486
2402,2651
2402,2705
2402,2706
2402,2827
2402,2918
2402,2941
2403,1122
2403,2176
2403,2621
2403,2716
2404,1590
2405,781
2405,1588
2405,2801
2406,658
2406,3087
2407,1509
2407,2410
2407,2422
2407,2439
2408,1340
2408,2466
2409,2291
2409,2626
2409,2759
2409,2954
2410,921
2410,1259
2410,1553
2410,1749
2410,2058
2410,2407
2410,2432
2410,2813
2411,878
2411,1277
2411,1281
2411,2039
2411,2061
2411,2624
2411,3037
2411,3053
2412,2827
2413,1541
2413,1567
2413,1568
2413,1749
2413,2058
2413,2562
2413,2819
2413,3047
2414,1122
2414,2391
2414,2762
2414,3023
2415,1574
2416,2623
2417,394
2417,596
2417,921
2417,1127
2417,1167
2417,1180
2417,1249
2417,1261
2417,1262
2417,1271
2417,1274
2417,1279
2417,1282
2417,1284
2417,1285
2417,1287
2417,1380
2417,1495
2417,1498
2417,1517
2417,1524
2417,1538
2417,1555
2417,1560
2417,1562
2417,1567
2417,1568
2417,1569
2417,1574
2417,1576
2417,1578
2417,1580
2417,1582
2417,1584
2417,1586
2417,1588
2417,1589
2417,1592
2417,1595
2417,1598
2417,1599
2417,1600
2417,1601
2417,1603
2417,1604
2417,1607
2417,1608
2417,1609
2417,1611
2417,1613
2417,1614
2417,1615
2417,1668
2417,1836
2417,2002
2417,2032
2417,2035
2417,2044
2417,2048
2417,2050
2417,2051
2417,2059
2417,2061
2417,2064
2417,2067
2417,2070
2417,2071
2417,2072
2417,2075
2417,2077
2417,2078
2417,2080
2417,2081
2417,2082
2417,2083
2417,2084
2417,2085
2417,2086
2417,2087
2417,2088
2417,2091
2417,2093
2417,2094
2417,2095
2417,2096
2417,2098
2417,2388
2417,2391
2417,2392
2417,2394
2417,2411
2417,2418
2417,2421
2417,2422
2417,2438
2417,2558
2417,2623
2417,2657
2417,2717
2417,2737
2417,2746
2417,2760
2417,2775
2417,2776
2417,2778
2417,2781
2417,2810
2417,2816
2417,2872
2417,2873
2417,2876
2417,2878
2417,2881
2417,2885
2417,2887
2417,2894
2417,2895
2417,2898
2417,2908
2417,2914
2417,2917
2417,2925
2417,2926
2417,2929
2417,2951
2417,2955
2417,3020
2417,3027
2417,3028
2417,3029
2417,3040
2417,3054
2417,3070
2417,3097
2417,3106
2417,3109
2417,3121
2418,2072
2419,3020
2420,399
2420,1606
2420,2980
2420,3055
2421,1263
2421,1284
2421,1588
2421,2077
2421,2085
2421,2706
2421,2861
2422,1450
2422,1599
2422,2048
2422,2075
2422,2089
2422,2747
2422,2868
2422,2878
2422,3095
2422,3108
2422,3127
2423,2093
2424,1537
2424,1696
2424,1723
2425,646
2426,525
2426,1066
2426,2161
2427,1126
2427,1469
2427,1518
2427,1772
2427,2024
2427,2344
2428,586
2428,1459
2428,1476
2428,2002
2428,2122
2428,2651
2429,1071
2429,1233
2429,1430
2429,1479
2429,1514
2429,1532
2429,2018
2429,2446
2429,2758
2429,2972
2430,1213
2430,1257
2430,1651
2430,1741
2430,1832
2431,963
2431,1015
2431,1353
2431,1443
2431,1479
2431,1536
2431,1737
2431,1833
2431,1865
2431,2046
2431,2079
2431,2407
2431,2408
2431,2466
2431,2942
2431,2980
2431,3012
2431,3128
2431,3129
2432,1353
2432,2814
2432,2981
2433,489
2433,1253
2433,1269
2433,1479
2433,1529
2433,1531
2433,1534
2433,1555
2433,1600
2433,1605
2433,1772
2433,2041
2433,2127
2433,2482
2433,2804
2433,2859
2433,2877
2433,2958
2433,3000
2433,3077
2434,1122
2434,1272
2434,1833
2434,2435
2434,2653
2435,1284
2435,1286
2435,1600
2435,2434
2435,3130
2436,2798
2437,1605
2437,2394
2437,2867
2438,1586
2438,1749
2438,2126
2438,2435
2438,2650
2438,2908
2438,3130
2439,2046
2440,709
2441,621
2442,534
2442,1038
2442,1696
2442,2630
2443,534
2443,599
2443,633
2443,801
2443,896
2443,897
2443,913
2443,1063
2443,1164
2443,1202
2443,1393
2443,1636
2443,1784
2443,1973
2443,2264
2444,503
2444,1870
2444,2583
2445,2725
2445,3134
2446,467
2446,535
2446,727
2446,730
2446,732
2446,760
2446,781
2446,782
2446,1002
2446,1025
2446,1049
2446,1165
2446,1212
2446,1222
2446,1466
2446,1784
2446,1842
2446,1846
2446,1859
2446,1989
2446,2551
2447,1708
2448,1401
2449,1164
2449,1718
2450,1055
2450,1070
2450,1130
2450,1199
2450,1295
2450,1772
2450,1833
2450,1981
2450,1987
2450,2587
2451,1050
2451,1450
2451,1455
2451,1770
2451,2452
2451,2529
2451,2558
2451,2770
2452,1258
2452,2451
2453,2040
2453,2052
2453,2861
2454,688
2454,1114
2454,2470
2455,548
2456,26
2456,331
2456,437
2456,459
2456,630
2456,729
2456,990
2457,755
2458,748
2458,1197
2458,1894
2459,842
2459,2155
2460,604
2460,648
2460,1041
2460,1152
2461,2171
2462,571
2462,864
2463,630
2463,1726
2464,613
2464,642
2464,645
2464,656
2464,963
2464,1052
2464,1644
2464,2516
2465,1141
2466,559
2466,1255
2466,1543
2466,1560
2466,1866
2466,1867
2466,2408
2467,559
2467,917
2467,1095
2467,1151
2467,2685
2468,924
2469,821
2470,563
2470,750
2470,842
2470,988
2470,1032
2470,1100
2470,1106
2470,1112
2470,1114
2470,1374
2470,1375
2470,2240
2470,2454
2471,653
2471,657
2471,859
2471,1045
2471,1897
2471,2220
2471,2267
2471,2302
2471,2531
2471,3135
2471,3136
2472,305
2472,391
2472,570
2472,1292
2473,571
2474,859
2475,2355
2475,3133
2476,1896
2476,2066
2477,643
2477,651
2477,849
2477,854
2477,1311
2477,2183
2478,575
2478,576
2478,621
2478,642
2478,770
2478,797
2478,845
2478,866
2478,925
2478,1041
2478,1077
2478,1152
2478,1823
2478,2395
2479,323
2479,383
2479,576
2479,640
2479,643
2479,1003
2479,1081
2479,1214
2479,1295
2479,1759
2480,581
2480,1089
2480,1354
2480,1443
2480,1455
2480,1461
2480,1476
2480,1489
2480,1772
2480,1830
2480,1981
2480,1982
2480,2189
2480,2190
2480,2374
2480,2402
2480,2482
2480,2600
2480,2742
2480,2944
2480,2968
2481,581
2481,889
2481,1449
2481,1463
2481,1476
2481,1482
2481,1981
2482,2422
2482,2433
2483,1255
2484,581
2484,1492
2484,1504
2484,1575
2484,2687
2484,2767
2484,2769
2484,2986
2485,1038
2485,1466
2486,1490
2486,2979
2487,583
2488,1258
2488,2008
2489,857
2490,2149
2490,2232
2491,596
2491,633
2491,643
2491,651
2491,782
2491,868
2491,963
2491,1023
2491,1052
2491,1113
2491,1259
2491,1260
2491,1442
2491,1530
2491,1600
2491,1607
2491,1668
2491,1726
2491,1772
2491,1865
2491,1999
2491,2034
2491,2049
2491,2347
2491,2357
2491,2389
2491,2391
2491,2410
2491,2433
2491,2546
2491,2705
2491,2718
2491,2772
2491,2817
2491,2886
2491,3005
2491,3016
2491,3054
2491,3137
2492,1222
2492,1231
2493,807
2493,907
2493,1160
2494,613
2494,812
2494,861
2494,890
2494,893
2494,1068
2494,1153
2494,1165
2494,1205
2494,1213
2494,1225
2494,1233
2494,1399
2494,1405
2494,1659
2494,1705
2494,1707
2494,2161
2494,2236
2494,2264
2494,2273
2494,2302
2494,2586
2494,2599
2494,2608
2494,2675
2495,909
2495,1032
2495,1160
2495,1170
2495,1183
2495,1224
2495,1233
2495,1709
2495,1919
2495,2648
2496,602
2496,753
2496,834
2496,842
2496,844
2496,1110
2496,1112
2496,1198
2496,1338
2496,2211
2497,717
2497,886
2497,1004
2497,1662
2497,2112
2497,2191
2497,2274
2497,2309
2498,605
2498,1003
2498,1939
2498,1943
2498,2843
2499,774
2500,1029
2501,2264
2502,605
2502,746
2502,816
2502,1032
2502,1076
2502,1712
2503,633
2503,776
2503,854
2503,891
2504,33
2504,651
2504,854
2504,1037
2505,755
2506,1068
2506,1168
2506,1231
2506,1780
2506,1842
2506,2494
2506,2542
2506,2545
2507,143
2507,563
2507,2940
2508,1112
2508,1393
2508,1696
2509,1422
2509,2368
2510,617
2511,1338
2511,1348
2511,1784
2511,1979
2512,2128
2513,622
2514,882
2515,969
2516,631
2516,639
2516,645
2516,862
2516,891
2516,894
2516,1797
2516,1952
2516,2300
2516,2464
2516,2518
2517,633
2517,731
2517,1025
2517,1311
2517,1895
2518,2516
2518,2531
2519,637
2519,651
2519,656
2519,660
2519,807
2519,870
2519,1021
2519,1063
2519,1170
2519,1233
2519,1327
2519,1386
2519,1404
2519,1455
2519,1671
2519,1696
2519,1858
2519,1938
2519,2161
2519,2368
2519,2572
2519,2647
2520,636
2520,638
2520,772
2520,1002
2520,1667
2520,1963
2520,2245
2520,3116
2521,638
2521,854
2522,638
2522,648
2523,638
2524,457
2524,638
2524,639
2524,654
2524,713
2524,762
2524,807
2524,881
2524,898
2524,1023
2524,1040
2524,1052
2524,1060
2524,1063
2524,1306
2524,2582
2525,639
2526,639
2526,869
2527,640
2527,655
2527,907
2527,1349
2527,2161
2528,640
2528,2263
2529,641
2529,651
2529,2284
2529,2672
2529,3138
2530,645
2530,890
2530,2193
2531,642
2531,858
2531,2471
2531,2518
2532,731
2532,842
2532,844
2532,1104
2532,2287
2533,2374
2533,2648
2534,2323
2535,651
2536,1685
2537,639
2537,1052
2537,1166
2538,898
2538,1289
2538,2184
2539,638
2539,645
2539,650
2539,653
2539,657
2539,882
2540,653
2540,807
2540,888
2540,1022
2540,1114
2540,2184
2540,2666
2541,653
2541,1338
2541,1843
2542,1973
2543,1322
2543,1441
2544,1170
2544,2933
2545,2506
2545,2728
2546,2769
2547,637
2547,1061
2547,1165
2547,1170
2547,1217
2547,1226
2547,1708
2547,2304
2547,2608
2548,1409
2548,1844
2548,1846
2549,1048
2549,1327
2549,1330
2549,1416
2549,2577
2550,1759
2551,534
2551,658
2551,730
2551,896
2551,906
2551,1233
2551,1327
2551,1437
2551,1711
2551,1887
2551,2446
2551,2555
2552,658
2552,1342
2552,1733
2552,2599
2553,399
2553,660
2553,926
2553,1283
2553,1426
2553,1495
2553,1591
2553,2657
2553,2870
2553,2882
2554,1325
2554,1345
2554,1434
2554,1455
2554,1503
2554,1601
2554,2648
2554,3041
2555,732
2555,1164
2555,1348
2555,1390
2555,1416
2555,1452
2555,1455
2555,1715
2555,1741
2555,1801
2555,2561
2555,3139
2556,1426
2556,1429
2556,1641
2556,2555
2556,2764
2557,658
2557,1340
2557,1425
2557,1443
2557,1446
2557,1463
2557,1529
2557,1644
2557,1735
2557,1738
2557,1739
2557,2045
2557,2556
2558,1643
2559,581
2559,905
2559,1442
2559,1450
2559,1455
2559,1458
2559,1519
2559,1791
2559,1830
2559,2177
2560,1576
2560,1772
2560,2904
2561,1641
2561,2555
2562,488
2562,1004
2562,1124
2562,1141
2562,1258
2562,1316
2562,1519
2562,1652
2562,2560
2562,2680
2563,1511
2563,2000
2563,2287
2563,2668
2563,2770
2563,2967
2564,746
2564,1647
2565,903
2566,645
2567,646
2568,1166
2568,1786
2569,1186
2570,653
2571,2330
2572,912
2572,1729
2572,2519
2572,2658
2573,630
2573,742
2573,898
2573,1846
2574,632
2575,1049
2575,1157
2575,1166
2575,1186
2575,1236
2575,1329
2575,1418
2575,1797
2575,1850
2575,1858
2576,658
2576,754
2576,859
2576,891
2576,1061
2576,1170
2576,1222
2576,1233
2576,1236
2576,1332
2576,1487
2576,1710
2576,1919
2577,658
2577,912
2577,1325
2577,1346
2577,1349
2577,1413
2577,1432
2577,2549
2578,778
2578,1729
2579,660
2580,668
2581,2384
2582,383
2582,429
2582,435
2582,526
2582,621
2582,643
2582,659
2582,684
2582,690
2582,743
2582,748
2582,781
2582,867
2582,904
2582,974
2582,1002
2582,1015
2582,1031
2582,1034
2582,1056
2582,1130
2582,1197
2582,1221
2582,1251
2582,1257
2582,1295
2582,1333
2582,1337
2582,1370
2582,1395
2582,1407
2582,1409
2582,1441
2582,1463
2582,1577
2582,1721
2582,1729
2582,1764
2582,1770
2582,1772
2582,1774
2582,1833
2582,1855
2582,1885
2582,1958
2582,1968
2582,1981
2582,1992
2582,2283
2582,2429
2582,2564
2582,2645
2582,2966
2583,686
2583,687
2583,828
2583,1008
2583,1015
2583,2444
2584,1113
2584,1906
2584,2308
2585,1037
2585,1388
2586,2494
2587,1218
2587,1222
2587,1226
2587,1405
2587,1484
2587,1979
2588,1217
2589,1852
2590,754
2590,1327
2591,1227
2591,1325
2591,2850
2592,992
2592,1218
2593,1413
2593,2144
2593,2766
2594,1063
2595,1429
2595,2148
2595,2341
2596,1328
2597,1338
2597,2841
2598,1340
2598,1734
2599,9
2599,1170
2599,1390
2599,2494
2600,781
2600,1251
2600,1252
2600,1350
2600,1426
2600,1437
2600,1438
2600,1463
2600,1630
2600,1717
2600,1718
2600,1737
2600,1738
2600,1826
2600,1896
2600,1982
2600,2378
2600,2527
2600,2634
2600,2678
2601,658
2601,1443
2601,1738
2601,2494
2602,1452
2602,1687
2602,1774
2603,1260
2603,1429
2603,1455
2603,1982
2603,2010
2604,1097
2604,1268
2604,1835
2604,3104
2605,690
2606,690
2607,781
2607,907
2607,1159
2608,534
2608,645
2608,1063
2608,1165
2608,1201
2608,1213
2608,1218
2608,1345
2608,1390
2608,2237
2608,2494
2608,2547
2608,2727
2609,754
2609,909
2609,1209
2609,1236
2609,1329
2609,1333
2609,1339
2609,1644
2610,1327
2610,1329
2610,1842
2611,14
2611,711
2612,1114
2612,1958
2613,1246
2614,715
2615,766
2616,1063
2617,1063
2617,1786
2618,2757
2619,1122
2619,1287
2619,1336
2619,1504
2619,1594
2619,2621
2620,2761
2621,1015
2621,1272
2621,1284
2621,1286
2621,1514
2621,1557
2621,1558
2621,1582
2621,1589
2621,2266
2621,2344
2621,2403
2621,2619
2621,2623
2621,2785
2621,2866
2622,1553
2622,2389
2623,1284
2623,1285
2623,1576
2623,2266
2623,2416
2623,2621
2623,2626
2624,2411
2625,1122
2625,1275
2625,2717
2626,1180
2626,1281
2626,1284
2626,1285
2626,1287
2626,1394
2626,1495
2626,1551
2626,1553
2626,1565
2626,1569
2626,1580
2626,1582
2626,1587
2626,1591
2626,1601
2626,1608
2626,1865
2626,2032
2626,2035
2626,2039
2626,2059
2626,2064
2626,2067
2626,2072
2626,2126
2626,2250
2626,2252
2626,2387
2626,2388
2626,2391
2626,2409
2626,2412
2626,2413
2626,2414
2626,2415
2626,2437
2626,2619
2626,2623
2626,2775
2626,2864
2626,2876
2626,2891
2626,2908
2626,2955
2626,3036
2626,3140
2627,399
2627,717
2627,1554
2627,2379
2627,2687
2628,725
2628,868
2629,2099
2629,2497
2630,2576
2631,503
2632,1432
2632,1718
2632,1731
2633,732
2633,878
2633,896
2633,1064
2633,1352
2633,1443
2633,1472
2633,1577
2633,1668
2633,1975
2633,1981
2633,2144
2633,2376
2633,2926
2634,1717
2634,2556
2634,2600
2635,873
2635,1429
2636,651
2636,1952
2637,334
2637,394
2637,506
2637,524
2637,737
2637,914
2637,1011
2637,2576
2638,741
2639,741
2639,759
2639,2357
2640,1028
2641,746
2641,849
2642,2368
2643,1100
2644,750
2644,1942
2644,2212
2645,750
2646,1025
2646,1455
2646,2333
2647,754
2647,1180
2647,1332
2647,1791
2648,754
2648,1953
2648,2374
2648,2495
2649,1038
2650,1152
2650,1295
2650,1512
2650,1521
2650,1524
2650,1582
2650,1651
2650,1833
2650,1861
2650,2225
2650,2438
2650,2737
2650,2817
2650,2827
2650,2903
2651,1480
2651,1532
2651,1649
2651,1965
2651,2135
2652,2926
2653,1832
2653,2018
2653,2434
2654,1268
2654,1433
2654,1479
2654,1522
2654,1566
2654,1833
2654,1861
2654,1890
2654,1995
2654,2122
2654,2283
2654,2381
2654,2401
2654,2940
2655,1332
2655,1452
2655,1497
2655,1579
2655,1591
2655,1651
2655,2176
2656,1120
2656,1259
2656,1272
2656,1507
2656,1531
2656,1541
2656,1555
2656,1592
2656,2018
2656,2043
2656,2044
2656,2618
2656,2827
2657,1097
2657,1282
2657,1287
2657,1591
2657,1611
2657,2388
2657,2909
2658,777
2658,848
2658,1101
2658,1112
2658,1710
2658,1919
2658,2183
2658,2218
2658,2572
2659,763
2659,849
2659,1023
2659,1036
2659,1443
2659,1718
2660,1180
2660,1349
2660,1390
2660,1432
2660,1717
2661,3137
2662,768
2663,491
2663,774
2663,785
2663,1114
2663,2154
2663,3078
2664,1090
2664,1098
2664,1102
2664,1663
2665,612
2665,1078
2665,1514
2665,1821
2665,2044
2665,2871
2666,727
2666,1002
2666,1038
2667,772
2668,1424
2668,2670
2668,2797
2669,1223
2669,1352
2669,2167
2670,1429
2670,2668
2670,2848
2670,2948
2671,782
2671,1390
2671,2188
2671,2749
2672,1252
2672,1257
2672,2529
2673,1126
2673,1480
2673,2022
2674,866
2674,1141
2675,895
2675,912
2675,2236
2675,2263
2675,3142
2676,1108
2676,1331
2677,1080
2678,754
2678,1048
2678,1170
2678,1250
2678,1325
2678,1326
2678,1336
2678,1424
2678,2401
2678,2600
2679,617
2679,828
2680,651
2680,1797
2681,1345
2681,2373
2682,1278
2682,2112
2682,2827
2682,2831
2682,3026
2683,1431
2683,2165
2684,834
2685,2467
2686,837
2687,2484
2687,2767
2688,731
2688,841
2688,1872
2689,2683
2690,2689
2691,849
2692,849
2692,1107
2692,1683
2693,850
2694,851
2695,854
2696,859
2696,1222
2696,1390
2696,1656
2697,859
2697,1684
2698,861
2698,1231
2698,1784
2699,910
2699,1160
2699,2159
2699,2302
2700,868
2700,1215
2700,1972
2701,1733
2702,639
2702,1685
2703,267
2704,727
2704,870
2704,1025
2704,1063
2704,1223
2704,1233
2704,1671
2705,1015
2705,1279
2705,1567
2705,1574
2705,2057
2705,2389
2706,2421
2707,613
2708,1735
2708,2188
2709,873
2710,2851
2711,663
2711,898
2711,1082
2711,1965
2711,2135
2712,1039
2712,1490
2712,1492
2712,1765
2712,2430
2713,878
2713,1748
2713,2921
2714,1274
2714,1600
2714,1650
2714,2060
2714,3048
2715,1278
2716,77
2716,921
2716,1249
2716,1514
2716,1538
2716,1553
2716,1566
2716,1671
2716,1865
2716,2655
2716,3097
2717,2625
2718,878
2718,1280
2718,2937
2719,878
2719,912
2719,2411
2719,2624
2720,882
2720,898
2721,1951
2722,1038
2722,1063
2723,1831
2723,2340
2724,1869
2725,1160
2725,1852
2725,2263
2725,2273
2725,2445
2726,890
2726,1849
2727,1160
2727,1181
2727,1218
2727,2235
2728,1074
2728,2238
2728,3143
2729,896
2729,1332
2730,898
2730,2355
2731,731
2731,1098
2732,900
2732,1057
2733,1738
2733,2558
2734,1071
2734,1164
2734,1717
2734,1718
2735,1737
2735,2736
2735,2950
2736,1071
2736,1452
2736,1475
2736,2165
2736,2735
2737,2126
2737,2387
2737,2650
2738,1254
2738,1458
2738,1529
2738,1700
2738,1920
2739,1466
2739,2337
2739,2764
2739,2962
2740,1979
2740,2064
2741,904
2741,1440
2741,2738
2742,1252
2742,1466
2742,1472
2742,1738
2742,2926
2743,1336
2743,1521
2743,1575
2743,1604
2743,2032
2743,2039
2743,2056
2743,2086
2743,2391
2743,2435
2743,2621
2743,2687
2743,2775
2743,2785
2743,2868
2743,2870
2743,3013
2743,3130
2744,1272
2744,1541
2744,2037
2745,1545
2745,1584
2745,2433
2746,1015
2746,1341
2746,1541
2746,1555
2746,2914
2747,2422
2748,1062
2748,1063
2748,1160
2748,1397
2748,1699
2748,2273
2748,2494
2748,2796
2749,267
2749,915
2749,1222
2749,1223
2749,1434
2749,1455
2749,2165
2749,2167
2749,2339
2749,2341
2749,2671
2749,2849
2749,3138
2750,1037
2751,757
2751,907
2751,1040
2751,1210
2751,1222
2751,1345
2751,1694
2752,1849
2753,1187
2753,1401
2753,1733
2754,912
2754,1048
2754,1059
2754,1325
2754,1784
2755,740
2755,3130
2756,1588
2757,1480
2757,1484
2757,1487
2757,1772
2757,1835
2757,2008
2757,2067
2757,2618
2758,1480
2758,1700
2759,2409
2759,2762
2760,1495
2760,1562
2760,2078
2761,1836
2761,2620
2762,1952
2762,2414
2762,2759
2762,3144
2763,1184
2763,1336
2763,1338
2763,1348
2763,1732
2763,1919
2764,2739
2765,951
2766,2345
2766,2593
2766,2946
2767,1466
2767,1784
2767,2007
2767,2323
2767,2484
2767,2687
2768,386
2768,992
2768,2200
2769,1454
2769,1575
2769,2007
2769,2484
2769,2546
2769,2827
2769,2986
2770,1424
2770,2122
2770,2563
2771,1258
2771,1268
2771,1492
2771,2804
2772,1601
2772,3145
2773,3146
2774,2909
2774,2941
2774,3061
2775,1278
2775,1584
2775,1595
2775,1601
2775,2422
2776,1015
2776,1122
2776,1252
2776,1279
2776,1538
2776,1553
2776,1580
2776,1584
2776,1611
2776,2083
2776,2126
2776,2619
2776,2687
2776,2781
2776,2819
2776,2874
2776,2914
2776,2941
2776,2988
2777,3054
2778,1613
2778,3034
2779,2422
2779,2682
2780,2903
2780,2927
2781,1285
2781,1517
2781,1615
2781,1869
2781,2086
2781,2418
2781,2419
2781,2437
2781,2893
2781,2960
2781,3147
2782,639
2782,1010
2783,1112
2783,1152
2783,2354
2784,3148
2785,1015
2785,2039
2786,1356
2787,1028
2788,966
2788,1037
2789,2624
2790,2987
2790,3044
2791,1450
2792,1050
2792,2769
2793,1069
2794,1061
2795,1061
2796,1063
2796,1397
2796,2748
2797,1424
2797,1450
2797,1695
2797,1738
2797,2668
2798,1268
2798,1503
2798,1512
2798,2436
2798,2852
2799,1532
2800,1341
2800,1829
2801,77
2801,598
2802,1831
2803,2011
2803,2401
2804,1861
2805,1262
2806,2058
2806,2073
2807,1582
2807,1866
2807,2059
2807,2389
2807,2401
2807,3006
2808,1564
2808,1565
2808,1836
2808,1865
2808,3035
2808,3149
2809,1121
2809,1999
2809,2881
2809,3112
2810,1614
2810,2078
2810,2126
2810,2869
2810,2885
2810,2891
2810,3069
2811,1776
2812,1113
2812,1400
2813,241
2813,1114
2813,2291
2813,2963
2813,3150
2814,1122
2814,1492
2814,2432
2815,1122
2816,2095
2816,2759
2816,2925
2816,3099
2817,1125
2818,1126
2819,1284
2819,1576
2819,1865
2819,1892
2819,2058
2819,2112
2819,2271
2819,2413
2820,428
2820,660
2820,1269
2820,1276
2820,1431
2820,2165
2820,2190
2821,2063
2821,2343
2821,3032
2822,1128
2823,1573
2823,1591
2823,1597
2823,3056
2824,1139
2825,1791
2825,2926
2826,1772
2826,2015
2827,2058
2827,2126
2827,2412
2827,2656
2827,3041
2828,3027
2829,1153
2830,1153
2831,843
2831,1163
2831,2380
2832,2302
2833,1718
2833,3082
2834,1919
2835,1341
2835,3151
2836,1182
2837,1184
2838,1004
2838,1184
2839,1476
2840,1651
2840,1999
2840,3042
2840,3090
2841,1187
2841,1494
2841,1733
2841,2597
2842,1187
2843,1990
2843,2498
2844,1348
2844,1996
2844,2165
2845,2337
2845,2374
2845,2966
2845,2969
2846,399
2846,1252
2846,2899
2847,2616
2848,1446
2848,1454
2848,2670
2849,2749
2850,912
2850,1227
2850,2591
2851,1726
2851,1786
2851,1973
2851,2262
2851,2710
2852,1260
2852,1476
2852,1484
2852,1504
2852,1747
2852,1772
2852,1837
2852,1863
2852,2008
2852,2621
2852,2798
2853,1253
2853,1501
2853,3119
2854,1256
2854,1505
2854,1532
2854,1773
2854,2076
2855,1254
2855,1621
2855,1750
2855,2000
2855,2125
2855,2963
2856,1254
2857,1480
2857,2179
2858,1258
2859,3099
2860,1268
2860,1273
2860,1558
2860,1772
2860,2040
2860,2086
2860,2394
2860,2419
2860,2433
2860,2807
2860,2891
2860,2902
2860,3046
2861,1280
2861,2067
2861,2072
2861,2421
2862,1868
2862,2573
2863,399
2863,435
2863,1120
2863,1122
2863,1259
2863,1260
2863,1262
2863,1272
2863,1273
2863,1274
2863,1534
2863,1541
2863,1600
2863,1611
2863,1612
2863,1668
2863,1955
2863,2018
2863,2028
2863,2035
2863,2036
2863,2046
2863,2052
2863,2064
2863,2083
2863,2252
2863,2386
2863,2388
2863,2389
2863,2621
2863,2687
2863,2771
2863,2785
2863,2805
2863,2859
2863,2860
2863,2924
2863,2925
2863,2954
2863,2963
2863,2982
2863,3043
2864,2626
2864,2910
2865,1567
2865,1574
2865,1578
2865,1603
2865,2995
2865,3099
2866,2065
2867,2437
2867,3039
2868,1275
2868,2422
2869,1263
2869,2810
2869,2960
2870,1269
2871,1514
2872,1426
2872,2083
2872,2394
2873,1578
2873,1604
2874,2074
2874,2093
2874,2094
2874,2394
2874,2907
2875,399
2875,1864
2875,2343
2875,3098
2876,1280
2876,1284
2876,1567
2876,1574
2876,2411
2876,3036
2876,3037
2877,1273
2877,1501
2877,2044
2877,2065
2877,2093
2877,2126
2877,2249
2877,2623
2877,2872
2877,2899
2877,2926
2878,1589
2878,1601
2878,2422
2879,1122
2879,1553
2879,1592
2879,1595
2879,1601
2879,1604
2879,1606
2879,1611
2879,1614
2879,2028
2879,2048
2879,2056
2879,2065
2879,2086
2879,2249
2879,2394
2879,2422
2879,2775
2879,2860
2879,2880
2880,1595
2880,1600
2880,2071
2880,2394
2881,1613
2881,2086
2882,2094
2882,3049
2883,1274
2884,1275
2884,3068
2885,1275
2885,1603
2886,3062
2887,1281
2887,2032
2887,2388
2887,2897
2887,2902
2888,1287
2888,2392
2889,2866
2889,3153
2890,1015
2891,1589
2891,2810
2892,1614
2892,2085
2892,2094
2892,2882
2892,2897
2892,2912
2892,3154
2892,3155
2892,3156
2893,1284
2893,2781
2893,3062
2894,1283
2895,1584
2895,1600
2895,1865
2895,2080
2895,3028
2895,3052
2896,1606
2897,2892
2898,910
2898,1499
2898,1543
2898,1572
2898,1615
2898,2018
2898,2065
2898,2389
2898,2431
2898,2623
2898,2942
2898,3000
2898,3047
2898,3052
2898,3129
2899,2089
2900,2422
2900,3157
2901,1551
2901,1574
2901,3046
2902,1281
2902,2624
2903,243
2903,2874
2903,2904
2903,3158
2904,1461
2904,2438
2904,2903
2905,2085
2905,2877
2905,2881
2906,1590
2907,1538
2907,1553
2907,2835
2907,2874
2908,1284
2908,1553
2908,1565
2908,2438
2908,3099
2909,2112
2909,2657
2909,2774
2910,2127
2911,2394
2911,2437
2912,1607
2913,1286
2913,2419
2913,2422
2913,2781
2913,3157
2914,1615
2914,2098
2914,2746
2915,1262
2915,1287
2915,1613
2915,1614
2915,1868
2915,3025
2915,3054
2916,1287
2916,3027
2917,1584
2918,1287
2918,1594
2918,1595
2918,1614
2918,2080
2918,2085
2918,2086
2918,2089
2918,2090
2918,2093
2918,2112
2918,2422
2918,2423
2918,2810
2918,2883
2918,2995
2918,3041
2918,3054
2918,3080
2918,3159
2919,1262
2919,2997
2920,2176
2921,1748
2921,2713
2922,1585
2922,3160
2923,1499
2923,1517
2923,1573
2923,3006
2923,3161
2924,2072
2925,2085
2925,2417
2925,2792
2925,2816
2926,1160
2926,1552
2926,2326
2926,2633
2927,2093
2927,2780
2928,1601
2928,1868
2928,2089
2928,2619
2929,2093
2929,2914
2929,3080
2930,1323
2931,1328
2931,1644
2931,1717
2931,1919
2932,1330
2933,1330
2933,2544
2934,1330
2934,1613
2935,1159
2935,1333
2935,2179
2936,1332
2936,1339
2936,1342
2936,1483
2936,1954
2937,2718
2938,1861
2939,1141
2940,2507
2941,1772
2941,2774
2942,3012
2943,1350
2944,1487
2944,1505
2944,1788
2945,1180
2945,1259
2945,1490
2945,1531
2945,1541
2945,1572
2945,2537
2946,2766
2947,1394
2948,1443
2948,1450
2948,1529
2948,1530
2948,1772
2948,1859
2948,2176
2948,2635
2948,2670
2949,1643
2950,732
2950,1641
2950,1717
2950,1825
2950,2701
2951,1015
2951,1274
2951,1282
2951,1552
2951,1553
2951,1562
2951,1579
2951,1581
2951,1588
2951,2126
2951,2417
2951,2682
2951,2925
2951,2964
2952,1405
2953,912
2953,1707
2954,2409
2955,1544
2955,2067
2955,2626
2956,317
2956,2322
2957,1153
2958,2433
2959,1596
2959,2085
2959,2835
2959,3162
2960,1613
2960,1614
2960,1859
2960,2094
2960,2774
2960,2869
2960,3112
2961,563
2961,749
2961,1015
2961,1438
2962,1443
2962,2739
2962,2764
2963,1258
2963,1468
2963,1478
2963,1487
2963,1619
2963,2025
2963,2283
2963,2855
2963,2857
2964,418
2964,1506
2964,1832
2964,1837
2964,2033
2964,2453
2964,2713
2964,2758
2964,2817
2964,2927
2964,2951
2964,2998
2965,1049
2965,1223
2965,1273
2965,1495
2965,1517
2965,1541
2965,1553
2965,1562
2965,1564
2965,1573
2965,1604
2965,2029
2965,2048
2965,2051
2965,2067
2965,2093
2965,2410
2965,2417
2965,2422
2965,2619
2965,2779
2965,2912
2966,2845
2967,596
2967,1492
2967,1504
2967,1506
2967,1651
2967,1772
2967,1835
2967,1891
2967,2017
2967,2400
2967,2563
2967,2963
2967,2982
2968,2600
2969,2845
2970,1464
2970,1647
2971,1467
2972,1259
2972,1474
2972,1476
2972,1772
2973,367
2973,1787
2974,399
2974,1450
2974,1476
2974,1532
2974,1538
2974,1555
2974,1772
2974,2091
2974,2112
2974,2918
2974,2989
2975,1791
2976,1504
2976,1837
2976,2026
2977,1791
2977,1986
2977,2341
2978,1831
2979,2040
2979,2064
2979,2249
2979,2486
2980,1490
2980,1833
2980,2420
2980,2431
2981,2432
2981,3137
2982,2386
2982,3059
2983,2094
2984,1951
2985,2085
2985,2905
2986,2484
2987,2077
2987,2790
2988,1501
2988,1738
2988,2706
2988,2776
2989,2166
2990,1322
2990,1413
2990,2040
2990,2723
2991,2340
2992,1644
2992,1772
2992,3152
2993,1491
2993,2018
2993,3003
2994,1865
2994,2078
2995,2865
2995,2918
2996,1220
2996,2414
2997,2068
2997,2682
2998,1491
2999,1568
2999,1607
2999,2437
3000,1015
3000,1861
3000,2433
3001,399
3001,1259
3001,1442
3001,1864
3001,2029
3001,2619
3001,2813
3001,3005
3002,1260
3002,1531
3002,2252
3002,2864
3003,2993
3004,1004
3004,1596
3005,1726
3006,1869
3006,2401
3006,2923
3007,1394
3007,2040
3008,1287
3009,1535
3009,2112
3010,1536
3011,256
3011,362
3011,435
3011,454
3011,575
3011,648
3011,666
3011,693
3011,868
3011,925
3011,928
3011,1061
3011,1141
3011,1269
3011,1325
3011,1349
3011,1460
3011,1565
3011,1784
3011,1837
3011,1885
3011,2015
3011,2054
3011,2383
3011,2823
3011,2906
3011,3163
3012,2404
3012,2942
3012,3129
3013,1499
3013,2743
3014,2268
3015,275
3015,1015
3015,1050
3015,1124
3015,1269
3015,1504
3015,1506
3015,1651
3015,1832
3015,2485
3015,2805
3016,1259
3016,1260
3016,1506
3016,1583
3016,1862
3016,1864
3016,2040
3016,3021
3017,1015
3017,1284
3017,1567
3017,1575
3017,1582
3017,1583
3017,1585
3017,1601
3017,1609
3017,1865
3017,2018
3017,2067
3017,2394
3017,2682
3017,2772
3017,2774
3017,2807
3017,2826
3017,2827
3017,2955
3017,3036
3018,1565
3018,2008
3018,2624
3019,1836
3020,1609
3020,2392
3020,2419
3021,1864
3021,3016
3022,1591
3022,2433
3023,2414
3024,2250
3025,1604
3026,1261
3026,2682
3026,2818
3027,2828
3027,2916
3028,2895
3028,3130
3029,1347
3030,3018
3031,1611
3031,2085
3032,2821
3033,2624
3034,878
3034,1592
3034,1738
3034,1749
3034,2032
3034,2126
3034,2127
3034,2656
3034,2778
3034,2852
3034,2910
3034,3119
3035,1607
3035,2086
3035,2808
3036,1567
3036,1602
3036,2411
3036,2624
3036,3132
3037,1567
3037,2411
3038,2085
3038,2433
3038,3164
3039,2867
3040,2085
3041,2827
3041,2918
3042,1268
3042,1506
3042,1651
3042,2401
3042,2840
3043,2077
3043,2284
3043,2422
3043,2781
3044,2624
3044,2790
3045,1574
3046,1576
3046,2901
3047,1866
3047,2413
3048,1261
3048,1514
3048,1987
3048,2067
3048,2562
3048,2665
3048,2687
3048,2714
3049,399
3049,2093
3049,2466
3049,2687
3049,2882
3050,1590
3051,2064
3052,2091
3052,3165
3053,1597
3053,2060
3053,2411
3054,2777
3054,2809
3054,2897
3055,2420
3056,1597
3056,2823
3057,1600
3058,1600
3058,1615
3059,2386
3059,2982
3060,2926
3061,2774
3062,2893
3062,3034
3063,517
3063,1636
3064,1648
3065,1650
3066,1651
3067,1175
3068,2884
3069,1863
3069,2771
3070,1589
3070,1592
3070,2084
3070,2086
3071,2918
3072,1607
3072,1772
3072,2085
3073,1613
3073,2079
3074,2093
3074,2774
3074,2882
3074,3025
3075,1671
3076,1977
3076,2368
3077,1590
3077,1837
3077,2404
3077,2433
3078,1733
3078,1974
3079,1770
3080,2093
3080,2415
3080,2929
3081,1786
3082,1328
3082,1799
3082,2833
3083,1803
3084,1827
3084,3121
3085,1830
3086,2076
3086,2391
3087,2040
3087,2406
3087,3010
3088,1919
3089,1990
3090,1999
3090,2840
3091,1476
3091,2008
3092,1426
3093,1476
3093,2176
3094,429
3095,3022
3096,1546
3097,2035
3098,2040
3099,2044
3099,2816
3099,2865
3099,2866
3100,2040
3101,1837
3102,2050
3103,2053
3104,2054
3105,2065
3105,2086
3105,2401
3106,1426
3107,2084
3107,3166
3108,2422
3109,1614
3109,2093
3110,2706
3110,2810
3111,2110
3112,2781
3112,2809
3113,505
3113,2106
3114,2135
3115,2165
3116,2520
3116,3141
3117,2236
3118,794
3118,2243
3118,2641
3119,2853
3120,1837
3120,2771
3121,2266
3121,2414
3122,2266
3123,2291
3124,1349
3124,1842
3124,2303
3125,2313
3126,2389
3126,2393
3127,2089
3127,2422
3128,999
3129,3012
3130,2434
3130,2435
3131,3132
3132,1602
3132,2060
3132,3036
3132,3037
3132,3131
3133,2475
3134,2445
3135,854
3135,2471
3136,2471
3137,2661
3137,2981
3138,2749
3139,2555
3140,2626
3141,3116
3142,2675
3143,2728
3144,2759
3144,2762
3145,2772
3145,2807
3146,2435
3146,2773
3147,2781
3148,1636
3148,2784
3149,2093
3149,2809
3150,2813
3151,2835
3152,2881
3152,3167
3153,2889
3154,2079
3155,2657
3155,2892
3156,2892
3157,2422
3157,2913
3158,2903
3159,2918
3160,2922
3161,2923
3162,2422
3162,2959
3163,2179
3163,2556
3164,2072
3164,2899
3164,3038
3165,3052
3166,3107
3167,3152
