node_id,z0
0,0
1,1
2,2
3,3
4,4
5,5
6,6
7,7
8,8
9,3
10,3
11,3
12,9
13,10
14,0
15,3
16,10
17,10
18,3
19,11
20,12
21,12
22,13
23,14
24,3
25,15
26,13
27,5
28,16
29,6
30,12
31,2
32,17
33,10
34,10
35,11
36,18
37,4
38,3
39,0
40,9
41,19
42,20
43,6
44,18
45,4
46,12
47,3
48,16
49,7
50,21
51,1
52,22
53,15
54,8
55,12
56,12
57,3
58,6
59,19
60,3
61,12
62,3
63,8
64,23
65,3
66,3
67,3
68,12
69,3
70,21
71,16
72,12
73,3
74,12
75,20
76,7
77,0
78,23
79,20
80,23
81,9
82,8
83,22
84,7
85,3
86,23
87,6
88,21
89,7
90,6
91,3
92,7
93,1
94,17
95,4
96,11
97,10
98,16
99,9
100,19
101,10
102,16
103,3
104,14
105,12
106,5
107,7
108,3
109,13
110,3
111,0
112,3
113,0
114,13
115,16
116,9
117,23
118,3
119,18
120,1
121,16
122,3
123,8
124,20
125,12
126,12
127,3
128,21
129,2
130,7
131,1
132,15
133,10
134,2
135,20
136,0
137,6
138,3
139,8
140,15
141,10
142,11
143,6
144,15
145,14
146,13
147,16
148,3
149,16
150,8
151,7
152,23
153,6
154,14
155,7
156,3
157,11
158,15
159,0
160,0
161,3
162,20
163,2
164,8
165,12
166,21
167,4
168,3
169,5
170,14
171,3
172,8
173,5
174,16
175,6
176,12
177,7
178,11
179,3
180,3
181,23
182,10
183,12
184,0
185,13
186,3
187,3
188,3
189,13
190,12
191,6
192,23
193,3
194,7
195,15
196,5
197,10
198,21
199,3
200,5
201,16
202,2
203,5
204,11
205,16
206,13
207,5
208,7
209,4
210,16
211,2
212,6
213,2
214,3
215,3
216,8
217,15
218,15
219,2
220,5
221,21
222,16
223,12
224,15
225,3
226,15
227,13
228,3
229,10
230,3
231,5
232,3
233,5
234,1
235,3
236,7
237,21
238,21
239,3
240,3
241,3
242,1
243,11
244,7
245,13
246,2
247,13
248,3
249,10
250,10
251,16
252,16
253,3
254,23
255,16
256,16
257,3
258,7
259,6
260,3
261,5
262,12
263,10
264,0
265,23
266,3
267,9
268,3
269,13
270,9
271,9
272,11
273,3
274,20
275,5
276,19
277,4
278,5
279,5
280,16
281,20
282,3
283,4
284,1
285,21
286,12
287,13
288,3
289,16
290,12
291,21
292,7
293,3
294,16
295,11
296,15
297,4
298,12
299,6
300,5
301,20
302,13
303,4
304,14
305,20
306,3
307,8
308,9
309,5
310,14
311,17
312,5
313,20
314,3
315,20
316,3
317,19
318,19
319,4
320,15
321,23
322,2
323,4
324,3
325,21
326,20
327,13
328,5
329,5
330,16
331,11
332,4
333,1
334,5
335,9
336,6
337,14
338,7
339,23
340,3
341,3
342,16
343,10
344,0
345,16
346,2
347,2
348,22
349,11
350,3
351,0
352,5
353,5
354,3
355,12
356,11
357,1
358,3
359,8
360,14
361,16
362,1
363,22
364,20
365,14
366,7
367,9
368,20
369,10
370,0
371,21
372,0
373,17
374,9
375,18
376,14
377,8
378,12
379,2
380,15
381,20
382,20
383,6
384,10
385,0
386,1
387,6
388,3
389,16
390,13
391,5
392,3
393,2
394,10
395,1
396,13
397,3
398,3
399,3
400,5
401,12
402,6
403,3
404,3
405,13
406,3
407,3
408,3
409,10
410,13
411,23
412,3
413,6
414,11
415,18
416,13
417,16
418,14
419,4
420,13
421,2
422,7
423,20
424,3
425,15
426,3
427,1
428,23
429,21
430,12
431,14
432,3
433,12
434,20
435,0
436,3
437,11
438,11
439,23
440,3
441,9
442,12
443,12
444,2
445,9
446,5
447,21
448,16
449,17
450,7
451,4
452,7
453,7
454,23
455,3
456,3
457,19
458,20
459,3
460,1
461,11
462,4
463,3
464,15
465,11
466,14
467,7
468,12
469,3
470,3
471,1
472,6
473,1
474,15
475,15
476,13
477,12
478,8
479,7
480,10
481,11
482,16
483,7
484,3
485,5
486,1
487,2
488,23
489,8
490,14
491,1
492,16
493,9
494,18
495,8
496,15
497,20
498,12
499,7
500,13
501,9
502,15
503,13
504,6
505,13
506,1
507,17
508,20
509,2
510,2
511,7
512,5
513,14
514,3
515,3
516,14
517,13
518,3
519,7
520,14
521,11
522,8
523,13
524,14
525,3
526,16
527,13
528,11
529,13
530,5
531,12
532,16
533,21
534,20
535,9
536,5
537,20
538,21
539,7
540,11
541,13
542,20
543,20
544,1
545,7
546,15
547,4
548,3
549,12
550,18
551,9
552,0
553,19
554,7
555,2
556,7
557,8
558,1
559,11
560,3
561,13
562,21
563,19
564,7
565,10
566,21
567,5
568,2
569,9
570,3
571,6
572,8
573,13
574,6
575,3
576,8
577,9
578,3
579,10
580,23
581,20
582,5
583,0
584,16
585,3
586,1
587,4
588,3
589,3
590,23
591,20
592,7
593,10
594,22
595,1
596,4
597,12
598,12
599,12
600,7
601,16
602,4
603,14
604,23
605,1
606,7
607,13
608,13
609,3
610,6
611,3
612,8
613,16
614,6
615,12
616,23
617,8
618,11
619,12
620,0
621,20
622,3
623,12
624,8
625,21
626,12
627,13
628,15
629,1
630,8
631,6
632,3
633,20
634,3
635,4
636,3
637,10
638,1
639,23
640,3
641,3
642,2
643,13
644,8
645,12
646,3
647,11
648,8
649,13
650,3
651,3
652,3
653,12
654,0
655,16
656,20
657,16
658,7
659,3
660,12
661,13
662,3
663,11
664,12
665,3
666,10
667,20
668,11
669,6
670,12
671,2
672,14
673,5
674,3
675,3
676,20
677,3
678,3
679,5
680,13
681,3
682,13
683,10
684,9
685,0
686,3
687,21
688,10
689,16
690,5
691,12
692,3
693,13
694,12
695,14
696,3
697,11
698,3
699,4
700,3
701,11
702,5
703,14
704,13
705,6
706,3
707,3
708,12
709,3
710,23
711,1
712,3
713,7
714,11
715,7
716,7
717,5
718,0
719,16
720,3
721,1
722,1
723,8
724,3
725,15
726,5
727,16
728,12
729,0
730,20
731,21
732,3
733,23
734,1
735,20
736,0
737,16
738,18
739,12
740,5
741,7
742,5
743,7
744,20
745,11
746,10
747,7
748,20
749,3
750,8
751,11
752,7
753,5
754,12
755,6
756,23
757,13
758,16
759,23
760,23
761,10
762,15
763,3
764,10
765,19
766,11
767,8
768,14
769,12
770,5
771,4
772,1
773,12
774,14
775,3
776,12
777,15
778,13
779,5
780,23
781,3
782,12
783,9
784,13
785,4
786,7
787,15
788,2
789,18
790,13
791,8
792,5
793,4
794,0
795,0
796,16
797,4
798,3
799,23
800,5
801,21
802,3
803,10
804,7
805,3
806,9
807,14
808,4
809,2
810,21
811,0
812,2
813,23
814,3
815,3
816,21
817,13
818,3
819,18
820,13
821,12
822,14
823,6
824,7
825,5
826,8
827,8
828,6
829,14
830,23
831,3
832,11
833,15
834,3
835,16
836,3
837,3
838,12
839,7
840,18
841,19
842,6
843,23
844,16
845,16
846,16
847,16
848,17
849,5
850,1
851,21
852,2
853,15
854,7
855,9
856,6
857,11
858,3
859,3
860,9
861,23
862,16
863,6
864,1
865,11
866,8
867,12
868,6
869,14
870,4
871,3
872,20
873,5
874,13
875,14
876,3
877,20
878,3
879,0
880,12
881,5
882,12
883,6
884,16
885,0
886,7
887,7
888,0
889,16
890,21
891,7
892,7
893,19
894,3
895,5
896,13
897,7
898,19
899,3
900,8
901,12
902,3
903,3
904,9
905,18
906,23
907,7
908,3
909,10
910,21
911,10
912,2
913,18
914,0
915,8
916,7
917,8
918,5
919,13
920,20
921,7
922,12
923,15
924,18
925,3
926,7
927,5
928,5
929,8
930,7
931,4
932,0
933,1
934,13
935,15
936,1
937,8
938,9
939,23
940,12
941,3
942,20
943,12
944,21
945,5
946,18
947,3
948,7
949,21
950,4
951,12
952,21
953,8
954,15
955,12
956,5
957,4
958,12
959,6
960,1
961,6
962,21
963,8
964,11
965,9
966,10
967,7
968,10
969,3
970,11
971,7
972,16
973,11
974,0
975,22
976,5
977,6
978,11
979,23
980,6
981,13
982,8
983,6
984,19
985,3
986,3
987,13
988,5
989,3
990,12
991,10
992,8
993,7
994,3
995,18
996,15
997,7
998,8
999,2
1000,13
1001,23
1002,13
1003,1
1004,14
1005,3
1006,5
1007,1
1008,3
1009,13
1010,14
1011,1
1012,3
1013,5
1014,5
1015,23
1016,11
1017,13
1018,3
1019,6
1020,3
1021,11
1022,1
1023,3
1024,5
1025,0
1026,3
1027,11
1028,3
1029,23
1030,10
1031,14
1032,3
1033,12
1034,9
1035,5
1036,8
1037,16
1038,3
1039,21
1040,17
1041,13
1042,15
1043,10
1044,13
1045,3
1046,3
1047,6
1048,12
1049,20
1050,4
1051,12
1052,3
1053,20
1054,10
1055,23
1056,23
1057,16
1058,6
1059,3
1060,15
1061,7
1062,0
1063,3
1064,19
1065,8
1066,17
1067,4
1068,3
1069,10
1070,10
1071,1
1072,6
1073,18
1074,3
1075,3
1076,3
1077,1
1078,3
1079,11
1080,7
1081,15
1082,3
1083,6
1084,15
1085,10
1086,20
1087,3
1088,18
1089,4
1090,12
1091,11
1092,11
1093,0
1094,9
1095,14
1096,10
1097,23
1098,22
1099,13
1100,3
1101,12
1102,11
1103,9
1104,20
1105,8
1106,1
1107,13
1108,16
1109,6
1110,12
1111,10
1112,6
1113,16
1114,19
1115,1
1116,3
1117,14
1118,5
1119,18
1120,14
1121,7
1122,6
1123,11
1124,13
1125,15
1126,0
1127,15
1128,15
1129,21
1130,6
1131,16
1132,4
1133,3
1134,2
1135,23
1136,1
1137,0
1138,3
1139,7
1140,4
1141,1
1142,3
1143,7
1144,8
1145,6
1146,19
1147,18
1148,13
1149,15
1150,13
1151,21
1152,10
1153,23
1154,3
1155,12
1156,5
1157,7
1158,6
1159,16
1160,3
1161,15
1162,1
1163,13
1164,20
1165,16
1166,5
1167,12
1168,20
1169,9
1170,13
1171,5
1172,4
1173,3
1174,3
1175,20
1176,20
1177,3
1178,12
1179,0
1180,12
1181,4
1182,0
1183,1
1184,12
1185,16
1186,5
1187,6
1188,3
1189,2
1190,4
1191,3
1192,16
1193,7
1194,6
1195,13
1196,6
1197,3
1198,10
1199,13
1200,11
1201,11
1202,11
1203,6
1204,2
1205,9
1206,11
1207,11
1208,20
1209,12
1210,11
1211,10
1212,18
1213,18
1214,17
1215,16
1216,3
1217,2
1218,3
1219,16
1220,21
1221,9
1222,5
1223,7
1224,1
1225,4
1226,15
1227,10
1228,16
1229,19
1230,1
1231,5
1232,7
1233,20
1234,12
1235,20
1236,23
1237,7
1238,15
1239,21
1240,10
1241,20
1242,14
1243,19
1244,6
1245,11
1246,15
1247,7
1248,15
1249,3
1250,7
1251,7
1252,5
1253,23
1254,15
1255,14
1256,15
1257,6
1258,3
1259,16
1260,23
1261,3
1262,0
1263,13
1264,14
1265,6
1266,5
1267,0
1268,13
1269,3
1270,14
1271,23
1272,11
1273,3
1274,10
1275,1
1276,7
1277,9
1278,7
1279,4
1280,18
1281,6
1282,8
1283,19
1284,6
1285,3
1286,8
1287,2
1288,8
1289,12
1290,10
1291,16
1292,14
1293,8
1294,11
1295,20
1296,20
1297,3
1298,1
1299,5
1300,3
1301,21
1302,1
1303,3
1304,7
1305,6
1306,3
1307,5
1308,2
1309,3
1310,10
1311,9
1312,13
1313,3
1314,7
1315,4
1316,3
1317,2
1318,13
1319,0
1320,5
1321,4
1322,8
1323,6
1324,2
1325,3
1326,6
1327,8
1328,4
1329,16
1330,16
1331,6
1332,6
1333,6
1334,14
1335,13
1336,7
1337,7
1338,12
1339,3
1340,8
1341,13
1342,16
1343,8
1344,7
1345,3
1346,6
1347,14
1348,3
1349,15
1350,15
1351,8
1352,10
1353,8
1354,3
1355,9
1356,20
1357,13
1358,15
1359,8
1360,0
1361,14
1362,16
1363,13
1364,3
1365,16
1366,7
1367,14
1368,12
1369,4
1370,6
1371,4
1372,8
1373,23
1374,5
1375,5
1376,10
1377,0
1378,20
1379,3
1380,2
1381,6
1382,6
1383,9
1384,6
1385,11
1386,4
1387,1
1388,12
1389,15
1390,20
1391,3
1392,9
1393,7
1394,4
1395,12
1396,7
1397,12
1398,3
1399,7
1400,16
1401,15
1402,0
1403,16
1404,6
1405,10
1406,7
1407,1
1408,13
1409,16
1410,16
1411,1
1412,5
1413,3
1414,0
1415,3
1416,6
1417,1
1418,6
1419,10
1420,1
1421,9
1422,4
1423,23
1424,1
1425,3
1426,7
1427,19
1428,10
1429,16
1430,8
1431,6
1432,14
1433,3
1434,3
1435,12
1436,3
1437,15
1438,19
1439,23
1440,11
1441,13
1442,15
1443,3
1444,15
1445,1
1446,23
1447,13
1448,5
1449,10
1450,9
1451,18
1452,1
1453,10
1454,13
1455,3
1456,5
1457,23
1458,12
1459,3
1460,3
1461,7
1462,12
1463,12
1464,9
1465,16
1466,15
1467,3
1468,3
1469,1
1470,3
1471,9
1472,11
1473,15
1474,8
1475,1
1476,23
1477,3
1478,5
1479,11
1480,14
1481,12
1482,7
1483,3
1484,21
1485,12
1486,7
1487,6
1488,3
1489,3
1490,10
1491,12
1492,13
1493,12
1494,3
1495,8
1496,7
1497,14
1498,0
1499,16
1500,3
1501,6
1502,3
1503,20
1504,19
1505,1
1506,9
1507,16
1508,12
1509,5
1510,6
1511,12
1512,10
1513,3
1514,3
1515,7
1516,3
1517,6
1518,7
1519,3
1520,8
1521,3
1522,1
1523,3
1524,6
1525,23
1526,4
1527,20
1528,19
1529,2
1530,11
1531,12
1532,3
1533,13
1534,7
1535,20
1536,10
1537,4
1538,17
1539,0
1540,12
1541,8
1542,16
1543,16
1544,10
1545,3
1546,1
1547,3
1548,12
1549,3
1550,5
1551,7
1552,21
1553,16
1554,19
1555,3
1556,3
1557,3
1558,3
1559,13
1560,10
1561,20
1562,8
1563,8
1564,16
1565,8
1566,8
1567,15
1568,4
1569,23
1570,10
1571,9
1572,13
1573,3
1574,12
1575,4
1576,15
1577,19
1578,18
1579,8
1580,10
1581,12
1582,14
1583,15
1584,3
1585,13
1586,3
1587,10
1588,8
1589,14
1590,5
1591,9
1592,18
1593,16
1594,3
1595,0
1596,3
1597,13
1598,6
1599,3
1600,4
1601,0
1602,16
1603,21
1604,4
1605,15
1606,12
1607,18
1608,11
1609,0
1610,7
1611,12
1612,14
1613,16
1614,10
1615,5
1616,5
1617,7
1618,12
1619,5
1620,16
1621,2
1622,10
1623,13
1624,5
1625,5
1626,8
1627,1
1628,13
1629,8
1630,9
1631,6
1632,3
1633,18
1634,13
1635,20
1636,16
1637,8
1638,1
1639,16
1640,15
1641,3
1642,14
1643,16
1644,3
1645,9
1646,0
1647,3
1648,8
1649,13
1650,20
1651,16
1652,6
1653,9
1654,15
1655,3
1656,3
1657,20
1658,16
1659,18
1660,1
1661,1
1662,4
1663,15
1664,5
1665,3
1666,12
1667,3
1668,11
1669,16
1670,16
1671,3
1672,10
1673,9
1674,13
1675,15
1676,9
1677,3
1678,11
1679,7
1680,3
1681,0
1682,4
1683,14
1684,12
1685,6
1686,10
1687,3
1688,23
1689,3
1690,3
1691,12
1692,16
1693,14
1694,14
1695,3
1696,9
1697,12
1698,7
1699,16
1700,12
1701,7
1702,3
1703,3
1704,7
1705,16
1706,6
1707,11
1708,20
1709,3
1710,12
1711,15
1712,5
1713,7
1714,9
1715,3
1716,12
1717,3
1718,9
1719,8
1720,16
1721,14
1722,7
1723,20
1724,2
1725,12
1726,15
1727,14
1728,7
1729,20
1730,6
1731,13
1732,6
1733,3
1734,3
1735,5
1736,16
1737,1
1738,13
1739,7
1740,3
1741,3
1742,14
1743,3
1744,3
1745,1
1746,14
1747,1
1748,14
1749,21
1750,16
1751,11
1752,16
1753,14
1754,13
1755,15
1756,8
1757,13
1758,3
1759,5
1760,6
1761,1
1762,4
1763,13
1764,3
1765,11
1766,2
1767,10
1768,10
1769,3
1770,9
1771,3
1772,2
1773,8
1774,4
1775,18
1776,10
1777,3
1778,3
1779,7
1780,23
1781,4
1782,19
1783,6
1784,15
1785,7
1786,3
1787,3
1788,3
1789,16
1790,7
1791,18
1792,5
1793,14
1794,15
1795,3
1796,13
1797,16
1798,15
1799,3
1800,13
1801,3
1802,9
1803,11
1804,15
1805,2
1806,20
1807,3
1808,3
1809,6
1810,2
1811,1
1812,11
1813,11
1814,15
1815,16
1816,10
1817,6
1818,23
1819,1
1820,12
1821,18
1822,0
1823,3
1824,13
1825,9
1826,3
1827,16
1828,0
1829,2
1830,21
1831,23
1832,8
1833,5
1834,10
1835,5
1836,6
1837,3
1838,1
1839,12
1840,3
1841,19
1842,12
1843,9
1844,23
1845,12
1846,9
1847,8
1848,20
1849,4
1850,5
1851,9
1852,10
1853,9
1854,3
1855,0
1856,3
1857,19
1858,9
1859,18
1860,1
1861,10
1862,16
1863,0
1864,3
1865,23
1866,23
1867,7
1868,5
1869,14
1870,3
1871,3
1872,9
1873,14
1874,15
1875,15
1876,9
1877,21
1878,13
1879,6
1880,16
1881,15
1882,16
1883,10
1884,5
1885,8
1886,19
1887,16
1888,3
1889,13
1890,19
1891,6
1892,9
1893,13
1894,2
1895,3
1896,13
1897,12
1898,6
1899,6
1900,8
1901,12
1902,7
1903,20
1904,4
1905,16
1906,15
1907,16
1908,3
1909,0
1910,6
1911,1
1912,8
1913,4
1914,11
1915,1
1916,19
1917,3
1918,2
1919,14
1920,11
1921,16
1922,15
1923,16
1924,0
1925,14
1926,3
1927,7
1928,3
1929,0
1930,13
1931,15
1932,3
1933,5
1934,14
1935,8
1936,9
1937,11
1938,11
1939,16
1940,13
1941,21
1942,3
1943,6
1944,18
1945,8
1946,9
1947,12
1948,16
1949,5
1950,7
1951,3
1952,12
1953,13
1954,3
1955,5
1956,0
1957,2
1958,16
1959,16
1960,18
1961,20
1962,3
1963,12
1964,12
1965,3
1966,1
1967,16
1968,13
1969,16
1970,8
1971,3
1972,0
1973,6
1974,13
1975,5
1976,3
1977,0
1978,20
1979,8
1980,13
1981,7
1982,3
1983,5
1984,15
1985,23
1986,7
1987,3
1988,5
1989,7
1990,1
1991,8
1992,13
1993,6
1994,15
1995,4
1996,23
1997,3
1998,13
1999,11
2000,7
2001,1
2002,11
2003,2
2004,18
2005,19
2006,5
2007,20
2008,15
2009,5
2010,5
2011,3
2012,4
2013,12
2014,18
2015,16
2016,18
2017,15
2018,1
2019,12
2020,13
2021,6
2022,3
2023,8
2024,3
2025,3
2026,13
2027,19
2028,2
2029,2
2030,16
2031,14
2032,9
2033,13
2034,5
2035,3
2036,10
2037,3
2038,3
2039,7
2040,12
2041,7
2042,7
2043,14
2044,16
2045,20
2046,8
2047,8
2048,6
2049,9
2050,7
2051,11
2052,23
2053,5
2054,5
2055,20
2056,0
2057,13
2058,5
2059,3
2060,12
2061,19
2062,1
2063,6
2064,20
2065,14
2066,7
2067,16
2068,5
2069,12
2070,23
2071,18
2072,7
2073,5
2074,3
2075,10
2076,3
2077,6
2078,15
2079,8
2080,13
2081,0
2082,0
2083,5
2084,9
2085,1
2086,2
2087,8
2088,16
2089,3
2090,18
2091,14
2092,3
2093,4
2094,20
2095,9
2096,8
2097,17
2098,14
2099,0
2100,3
2101,20
2102,3
2103,6
2104,4
2105,3
2106,2
2107,12
2108,8
2109,20
2110,18
2111,3
2112,16
2113,5
2114,3
2115,16
2116,3
2117,9
2118,0
2119,15
2120,8
2121,3
2122,7
2123,23
2124,12
2125,3
2126,3
2127,16
2128,3
2129,19
2130,15
2131,19
2132,19
2133,5
2134,3
2135,7
2136,9
2137,4
2138,0
2139,13
2140,12
2141,23
2142,1
2143,12
2144,3
2145,3
2146,5
2147,16
2148,3
2149,15
2150,7
2151,13
2152,3
2153,0
2154,3
2155,6
2156,3
2157,7
2158,6
2159,13
2160,0
2161,9
2162,3
2163,15
2164,5
2165,6
2166,3
2167,3
2168,3
2169,5
2170,3
2171,16
2172,22
2173,3
2174,3
2175,3
2176,17
2177,16
2178,9
2179,23
2180,10
2181,22
2182,2
2183,14
2184,5
2185,10
2186,6
2187,15
2188,18
2189,12
2190,0
2191,3
2192,23
2193,20
2194,13
2195,6
2196,23
2197,3
2198,6
2199,19
2200,3
2201,13
2202,14
2203,7
2204,3
2205,11
2206,9
2207,22
2208,4
2209,0
2210,12
2211,9
2212,6
2213,11
2214,14
2215,6
2216,16
2217,4
2218,3
2219,1
2220,14
2221,4
2222,16
2223,3
2224,1
2225,5
2226,20
2227,5
2228,12
2229,7
2230,3
2231,0
2232,10
2233,3
2234,8
2235,5
2236,18
2237,3
2238,18
2239,11
2240,16
2241,5
2242,12
2243,13
2244,19
2245,4
2246,10
2247,3
2248,8
2249,10
2250,15
2251,19
2252,12
2253,18
2254,13
2255,1
2256,20
2257,11
2258,9
2259,13
2260,4
2261,7
2262,9
2263,15
2264,12
2265,0
2266,2
2267,15
2268,18
2269,20
2270,16
2271,1
2272,15
2273,12
2274,20
2275,23
2276,20
2277,15
2278,9
2279,17
2280,13
2281,9
2282,16
2283,20
2284,3
2285,0
2286,11
2287,19
2288,6
2289,13
2290,4
2291,4
2292,8
2293,3
2294,20
2295,9
2296,14
2297,6
2298,8
2299,7
2300,3
2301,8
2302,8
2303,3
2304,6
2305,23
2306,11
2307,23
2308,21
2309,7
2310,3
2311,12
2312,7
2313,5
2314,18
2315,0
2316,0
2317,8
2318,11
2319,14
2320,7
2321,19
2322,17
2323,16
2324,20
2325,16
2326,5
2327,15
2328,21
2329,0
2330,13
2331,3
2332,20
2333,5
2334,13
2335,12
2336,7
2337,7
2338,7
2339,8
2340,0
2341,14
2342,18
2343,2
2344,0
2345,3
2346,3
2347,3
2348,7
2349,4
2350,17
2351,3
2352,10
2353,3
2354,7
2355,12
2356,0
2357,15
2358,14
2359,7
2360,23
2361,15
2362,16
2363,20
2364,14
2365,18
2366,3
2367,5
2368,3
2369,23
2370,12
2371,9
2372,12
2373,20
2374,9
2375,3
2376,14
2377,14
2378,10
2379,3
2380,16
2381,3
2382,16
2383,8
2384,18
2385,4
2386,13
2387,0
2388,14
2389,12
2390,18
2391,1
2392,2
2393,4
2394,5
2395,12
2396,23
2397,10
2398,7
2399,23
2400,7
2401,0
2402,18
2403,7
2404,0
2405,5
2406,8
2407,11
2408,14
2409,12
2410,10
2411,14
2412,3
2413,13
2414,12
2415,15
2416,7
2417,21
2418,10
2419,0
2420,3
2421,18
2422,13
2423,10
2424,7
2425,21
2426,20
2427,22
2428,3
2429,0
2430,3
2431,23
2432,3
2433,3
2434,12
2435,7
2436,11
2437,8
2438,16
2439,4
2440,20
2441,16
2442,12
2443,12
2444,3
2445,7
2446,3
2447,0
2448,11
2449,3
2450,2
2451,16
2452,2
2453,11
2454,11
2455,3
2456,17
2457,16
2458,7
2459,3
2460,15
2461,8
2462,13
2463,2
2464,6
2465,0
2466,10
2467,16
2468,12
2469,7
2470,16
2471,2
2472,4
2473,3
2474,12
2475,12
2476,0
2477,18
2478,9
2479,13
2480,15
2481,13
2482,9
2483,13
2484,10
2485,20
2486,13
2487,16
2488,7
2489,12
2490,12
2491,3
2492,3
2493,20
2494,16
2495,23
2496,7
2497,3
2498,5
2499,12
2500,15
2501,3
2502,3
2503,15
2504,14
2505,6
2506,7
2507,10
2508,3
2509,2
2510,1
2511,7
2512,4
2513,16
2514,3
2515,9
2516,13
2517,21
2518,4
2519,8
2520,5
2521,8
2522,3
2523,11
2524,15
2525,19
2526,4
2527,15
2528,0
2529,11
2530,5
2531,1
2532,20
2533,7
2534,3
2535,15
2536,9
2537,10
2538,0
2539,3
2540,18
2541,12
2542,19
2543,7
2544,3
2545,0
2546,14
2547,7
2548,18
2549,3
2550,21
2551,21
2552,20
2553,20
2554,9
2555,3
2556,3
2557,12
2558,11
2559,1
2560,9
2561,16
2562,3
2563,6
2564,6
2565,16
2566,3
2567,15
2568,7
2569,23
2570,0
2571,16
2572,3
2573,3
2574,3
2575,2
2576,3
2577,8
2578,3
2579,3
2580,19
2581,3
2582,16
2583,12
2584,1
2585,3
2586,7
2587,7
2588,16
2589,3
2590,4
2591,8
2592,12
2593,18
2594,0
2595,3
2596,6
2597,5
2598,23
2599,14
2600,16
2601,16
2602,0
2603,22
2604,6
2605,6
2606,23
2607,8
2608,16
2609,15
2610,3
2611,6
2612,6
2613,18
2614,21
2615,3
2616,13
2617,21
2618,13
2619,7
2620,3
2621,20
2622,0
2623,2
2624,7
2625,2
2626,14
2627,16
2628,3
2629,12
2630,16
2631,13
2632,6
2633,6
2634,1
2635,0
2636,16
2637,10
2638,10
2639,12
2640,9
2641,14
2642,14
2643,6
2644,16
2645,11
2646,5
2647,9
2648,11
2649,22
2650,6
2651,21
2652,15
2653,9
2654,3
2655,5
2656,3
2657,3
2658,6
2659,1
2660,6
2661,16
2662,5
2663,3
2664,22
2665,5
2666,6
2667,3
2668,14
2669,7
2670,9
2671,3
2672,6
2673,1
2674,8
2675,14
2676,13
2677,7
2678,16
2679,21
2680,18
2681,7
2682,12
2683,20
2684,10
2685,3
2686,1
2687,7
2688,10
2689,22
2690,21
2691,15
2692,19
2693,3
2694,14
2695,11
2696,19
2697,13
2698,3
2699,14
2700,12
2701,10
2702,12
2703,15
2704,9
2705,3
2706,16
2707,3
2708,11
2709,9
2710,16
2711,11
2712,13
2713,16
2714,4
2715,0
2716,4
2717,5
2718,2
2719,4
2720,2
2721,8
2722,0
2723,12
2724,3
2725,7
2726,7
2727,3
2728,13
2729,8
2730,13
2731,10
2732,6
2733,16
2734,5
2735,18
2736,1
2737,5
2738,3
2739,0
2740,14
2741,15
2742,10
2743,7
2744,20
2745,16
2746,13
2747,4
2748,11
2749,5
2750,20
2751,14
2752,12
2753,14
2754,3
2755,5
2756,20
2757,15
2758,5
2759,12
2760,23
2761,3
2762,3
2763,7
2764,21
2765,3
2766,15
2767,13
2768,3
2769,9
2770,16
2771,13
2772,11
2773,15
2774,5
2775,5
2776,19
2777,3
2778,12
2779,1
2780,8
2781,20
2782,5
2783,12
2784,14
2785,16
2786,18
2787,2
2788,5
2789,3
2790,20
2791,11
2792,13
2793,3
2794,10
2795,19
2796,0
2797,20
2798,14
2799,0
2800,8
2801,0
2802,5
2803,4
2804,12
2805,1
2806,15
2807,1
2808,9
2809,3
2810,13
2811,12
2812,15
2813,15
2814,13
2815,0
2816,11
2817,11
2818,10
2819,23
2820,1
2821,20
2822,2
2823,6
2824,14
2825,16
2826,4
2827,0
2828,7
2829,2
2830,16
2831,21
2832,20
2833,5
2834,4
2835,11
2836,6
2837,19
2838,12
2839,3
2840,16
2841,13
2842,8
2843,10
2844,16
2845,18
2846,4
2847,8
2848,3
2849,2
2850,3
2851,15
2852,13
2853,1
2854,1
2855,4
2856,19
2857,14
2858,7
2859,10
2860,10
2861,23
2862,1
2863,16
2864,16
2865,15
2866,18
2867,3
2868,19
2869,3
2870,3
2871,3
2872,11
2873,3
2874,16
2875,0
2876,3
2877,6
2878,19
2879,6
2880,12
2881,4
2882,5
2883,11
2884,6
2885,18
2886,12
2887,14
2888,3
2889,3
2890,6
2891,0
2892,3
2893,3
2894,12
2895,21
2896,1
2897,14
2898,21
2899,16
2900,3
2901,14
2902,19
2903,18
2904,0
2905,15
2906,3
2907,11
2908,11
2909,12
2910,4
2911,3
2912,5
2913,4
2914,21
2915,3
2916,5
2917,18
2918,16
2919,2
2920,14
2921,9
2922,13
2923,20
2924,18
2925,3
2926,10
2927,8
2928,20
2929,3
2930,0
2931,3
2932,8
2933,5
2934,12
2935,17
2936,14
2937,4
2938,0
2939,16
2940,0
2941,3
2942,12
2943,9
2944,1
2945,5
2946,0
2947,23
2948,17
2949,6
2950,18
2951,7
2952,13
2953,7
2954,3
2955,13
2956,4
2957,18
2958,16
2959,15
2960,9
2961,20
2962,11
2963,13
2964,13
2965,8
2966,3
2967,20
2968,23
2969,5
2970,11
2971,16
2972,16
2973,16
2974,19
2975,3
2976,16
2977,20
2978,11
2979,13
2980,12
2981,15
2982,8
2983,2
2984,5
2985,8
2986,2
2987,13
2988,16
2989,15
2990,3
2991,14
2992,3
2993,21
2994,3
2995,6
2996,14
2997,4
2998,1
2999,13
3000,11
3001,3
3002,3
3003,9
3004,7
3005,5
3006,3
3007,22
3008,7
3009,5
3010,3
3011,7
3012,19
3013,9
3014,15
3015,5
3016,4
3017,8
3018,13
3019,23
3020,1
3021,15
3022,3
3023,18
3024,2
3025,9
3026,20
3027,3
3028,23
3029,0
3030,23
3031,16
3032,3
3033,6
3034,2
3035,5
3036,0
3037,15
3038,20
3039,17
3040,11
3041,17
3042,5
3043,9
3044,3
3045,2
3046,1
3047,14
3048,3
3049,23
3050,7
3051,15
3052,3
3053,12
3054,4
3055,13
3056,13
3057,11
3058,5
3059,13
3060,4
3061,9
3062,8
3063,3
3064,20
3065,4
3066,16
3067,13
3068,9
3069,14
3070,11
3071,8
3072,13
3073,7
3074,2
3075,3
3076,3
3077,11
3078,12
3079,15
3080,3
3081,16
3082,12
3083,15
3084,12
3085,8
3086,18
3087,13
3088,4
3089,12
3090,11
3091,4
3092,3
3093,23
3094,7
3095,19
3096,12
3097,3
3098,13
3099,3
3100,3
3101,3
3102,1
3103,18
3104,10
3105,11
3106,16
3107,5
3108,8
3109,12
3110,16
3111,6
3112,14
3113,3
3114,16
3115,11
3116,14
3117,8
3118,23
3119,18
3120,3
3121,13
3122,3
3123,12
3124,12
3125,11
3126,3
3127,6
3128,3
3129,16
3130,3
3131,10
3132,7
3133,8
3134,3
3135,3
3136,2
3137,1
3138,9
3139,11
3140,12
3141,3
3142,3
3143,12
3144,21
3145,11
3146,0
3147,3
3148,0
3149,14
3150,16
3151,4
3152,3
3153,12
3154,13
3155,12
3156,13
3157,19
3158,9
3159,14
3160,3
3161,2
3162,13
3163,23
3164,3
3165,12
3166,3
3167,5
3168,1
3169,13
3170,10
3171,3
3172,3
3173,0
3174,9
3175,9
3176,7
3177,19
3178,6
3179,8
3180,4
3181,18
3182,10
3183,16
3184,9
3185,18
3186,5
3187,3
3188,3
3189,11
3190,16
3191,11
3192,3
3193,10
3194,2
3195,0
3196,16
3197,10
3198,4
3199,6
3200,20
3201,10
3202,5
3203,16
3204,0
3205,0
3206,16
3207,10
3208,12
3209,3
3210,3
3211,16
3212,3
3213,3
3214,3
3215,2
3216,23
3217,21
3218,7
3219,14
3220,12
3221,1
3222,7
3223,3
3224,7
3225,3
3226,3
3227,18
3228,6
3229,6
3230,16
3231,11
3232,21
3233,12
3234,9
3235,4
3236,1
3237,18
3238,20
3239,21
3240,5
3241,8
3242,3
3243,3
3244,7
3245,2
3246,8
3247,7
3248,16
3249,8
3250,16
3251,3
3252,23
3253,15
3254,0
3255,16
3256,18
3257,8
3258,1
3259,9
3260,3
3261,3
3262,8
3263,11
3264,3
3265,10
3266,22
3267,16
3268,1
3269,21
3270,1
3271,1
3272,16
3273,16
3274,16
3275,23
3276,0
3277,8
3278,14
3279,4
3280,3
3281,4
3282,21
3283,6
3284,12
3285,16
3286,16
3287,20
3288,13
3289,7
3290,8
3291,3
3292,11
3293,3
3294,8
3295,7
3296,23
3297,12
3298,2
3299,8
3300,9
3301,3
3302,11
3303,3
3304,1
3305,23
3306,11
3307,7
3308,13
3309,14
3310,15
3311,23
3312,10
3313,21
3314,6
3315,6
3316,7
3317,3
3318,0
3319,0
3320,3
3321,6
3322,23
3323,12
3324,5
3325,23
3326,1
3327,12
3328,21
3329,9
3330,6
3331,16
3332,12
3333,22
3334,0
3335,11
3336,2
3337,10
3338,20
3339,3
3340,3
3341,19
3342,16
3343,3
3344,20
3345,15
3346,13
3347,20
3348,11
3349,18
3350,4
3351,17
3352,7
3353,3
3354,16
3355,2
3356,16
3357,6
3358,6
3359,14
3360,11
3361,19
3362,15
3363,7
3364,14
3365,3
3366,7
3367,11
3368,6
3369,10
3370,10
3371,5
3372,1
3373,16
3374,5
3375,2
3376,16
3377,1
3378,3
3379,16
3380,2
3381,21
3382,0
3383,8
3384,3
3385,2
3386,16
3387,23
3388,17
3389,3
3390,7
3391,5
3392,20
3393,13
3394,5
3395,6
3396,1
3397,12
3398,23
3399,10
3400,8
3401,1
3402,5
3403,2
3404,8
3405,3
3406,6
3407,17
3408,7
3409,19
3410,14
3411,8
3412,15
3413,12
3414,12
3415,7
3416,13
3417,2
3418,0
3419,0
3420,2
3421,23
3422,3
3423,0
3424,3
3425,3
3426,23
3427,6
3428,1
3429,0
3430,20
3431,12
3432,8
3433,0
3434,3
3435,15
3436,19
3437,3
3438,16
3439,13
3440,12
3441,10
3442,1
3443,6
3444,8
3445,16
3446,15
3447,15
3448,11
3449,11
3450,22
3451,1
3452,9
3453,3
3454,15
3455,8
3456,0
3457,13
3458,23
3459,6
3460,3
3461,0
3462,18
3463,16
3464,10
3465,23
3466,8
3467,9
3468,15
3469,8
3470,6
3471,8
3472,8
3473,10
3474,18
3475,3
3476,9
3477,8
3478,6
3479,9
3480,3
3481,4
3482,7
3483,10
3484,23
3485,3
3486,8
3487,13
3488,16
3489,7
3490,20
3491,13
3492,7
3493,1
3494,7
3495,8
3496,3
3497,5
3498,3
3499,23
3500,11
3501,18
3502,7
3503,6
3504,9
3505,7
3506,3
3507,12
3508,3
3509,3
3510,14
3511,5
3512,6
3513,0
3514,12
3515,19
3516,4
3517,10
3518,9
3519,15
3520,7
3521,3
3522,8
3523,13
3524,3
3525,4
3526,3
3527,3
3528,4
3529,13
3530,9
3531,6
3532,10
3533,3
3534,0
3535,20
3536,3
3537,6
3538,8
3539,13
3540,8
3541,13
3542,21
3543,13
3544,12
3545,20
3546,7
3547,12
3548,23
3549,0
3550,12
3551,12
3552,3
3553,10
3554,16
3555,18
3556,8
3557,8
3558,1
3559,23
3560,18
3561,2
3562,13
3563,16
3564,0
3565,8
3566,13
3567,15
3568,12
3569,7
3570,6
3571,5
3572,3
3573,5
3574,7
3575,13
3576,4
3577,6
3578,12
3579,1
3580,0
3581,0
3582,21
3583,3
3584,3
3585,12
3586,3
3587,13
3588,8
3589,5
3590,21
3591,4
3592,13
3593,4
3594,22
3595,3
3596,3
3597,16
3598,10
3599,3
3600,9
3601,0
3602,3
3603,9
3604,3
3605,13
3606,3
3607,21
3608,18
3609,13
3610,5
3611,14
3612,10
3613,23
3614,12
3615,7
3616,3
3617,3
3618,13
3619,12
3620,13
3621,13
3622,8
3623,3
3624,9
3625,1
3626,14
3627,2
3628,4
3629,21
3630,3
3631,11
3632,15
3633,12
3634,7
3635,3
3636,21
3637,5
3638,0
3639,2
3640,9
3641,10
3642,20
3643,10
3644,11
3645,19
3646,16
3647,17
3648,21
3649,7
3650,16
3651,2
3652,13
3653,6
3654,15
3655,14
3656,12
3657,16
3658,3
3659,16
3660,7
3661,3
3662,3
3663,3
3664,3
3665,2
3666,15
3667,12
3668,18
3669,4
3670,23
3671,15
3672,9
3673,9
3674,8
3675,16
3676,1
3677,6
3678,11
3679,3
3680,14
3681,11
3682,21
3683,12
3684,10
3685,3
3686,1
3687,10
3688,2
3689,10
3690,16
3691,19
3692,13
3693,13
3694,15
3695,10
3696,16
3697,3
3698,22
3699,7
3700,15
3701,7
3702,1
3703,13
3704,12
3705,7
3706,11
3707,9
3708,16
3709,12
3710,10
3711,16
3712,5
3713,14
3714,16
3715,5
3716,16
3717,3
3718,3
3719,21
3720,7
3721,21
3722,0
3723,0
3724,12
3725,16
3726,12
3727,21
3728,7
3729,3
3730,18
3731,0
3732,3
3733,13
3734,3
3735,3
3736,3
3737,7
3738,3
3739,10
3740,21
3741,10
3742,0
3743,20
3744,0
3745,1
3746,11
3747,10
3748,3
3749,14
3750,3
3751,2
3752,0
3753,2
3754,7
3755,13
3756,7
3757,8
3758,11
3759,3
3760,6
3761,16
3762,0
3763,6
3764,2
3765,3
3766,1
3767,21
3768,15
3769,4
3770,3
3771,3
3772,20
3773,1
3774,5
3775,13
3776,7
3777,5
3778,2
3779,8
3780,0
3781,1
3782,3
3783,12
3784,10
3785,1
3786,23
3787,16
3788,1
3789,7
3790,18
3791,4
3792,9
3793,1
3794,7
3795,14
3796,18
3797,9
3798,3
3799,10
3800,7
3801,18
3802,15
3803,3
3804,13
3805,8
3806,1
3807,0
3808,9
3809,11
3810,12
3811,14
3812,13
3813,15
3814,2
3815,20
3816,11
3817,8
3818,2
3819,16
3820,10
3821,10
3822,0
3823,20
3824,3
3825,16
3826,5
3827,13
3828,8
3829,11
3830,10
3831,16
3832,18
3833,1
3834,7
3835,3
3836,14
3837,16
3838,2
3839,12
3840,5
3841,6
3842,8
3843,2
3844,2
3845,10
3846,23
3847,3
3848,13
3849,7
3850,6
3851,3
3852,3
3853,5
3854,15
3855,16
3856,18
3857,3
3858,11
3859,2
3860,11
3861,2
3862,15
3863,23
3864,8
3865,16
3866,14
3867,10
3868,3
3869,0
3870,23
3871,3
3872,6
3873,1
3874,3
3875,1
3876,0
3877,13
3878,16
3879,22
3880,6
3881,12
3882,7
3883,8
3884,1
3885,12
3886,13
3887,12
3888,21
3889,9
3890,10
3891,13
3892,4
3893,6
3894,12
3895,3
3896,3
3897,0
3898,6
3899,11
3900,12
3901,3
3902,8
3903,3
3904,7
3905,16
3906,0
3907,7
3908,18
3909,0
3910,7
3911,20
3912,21
3913,3
3914,16
3915,7
3916,14
3917,7
3918,6
3919,21
3920,8
3921,14
3922,0
3923,20
3924,5
3925,12
3926,16
3927,7
3928,3
3929,10
3930,5
3931,12
3932,3
3933,11
3934,16
3935,3
3936,6
3937,7
3938,9
3939,9
3940,21
3941,8
3942,7
3943,6
3944,20
3945,18
3946,23
3947,3
3948,3
3949,12
3950,4
3951,16
3952,3
3953,2
3954,1
3955,7
3956,20
3957,4
3958,5
3959,0
3960,3
3961,13
3962,8
3963,15
3964,7
3965,23
3966,3
3967,15
3968,5
3969,12
3970,3
3971,9
3972,7
3973,6
3974,21
3975,3
3976,6
3977,2
3978,9
3979,1
3980,7
3981,6
3982,10
3983,23
3984,21
3985,8
3986,7
3987,23
3988,3
3989,4
3990,3
3991,7
3992,13
3993,6
3994,5
3995,15
3996,16
3997,14
3998,4
3999,7
4000,18
4001,5
4002,8
4003,21
4004,14
4005,7
4006,14
4007,8
4008,7
4009,8
4010,12
4011,6
4012,6
4013,13
4014,9
4015,7
4016,11
4017,4
4018,1
4019,4
4020,10
4021,3
4022,1
4023,21
4024,13
4025,5
4026,16
4027,18
4028,5
4029,7
4030,23
4031,21
4032,3
4033,8
4034,5
4035,19
4036,20
4037,3
4038,3
4039,13
4040,12
4041,9
4042,1
4043,5
4044,5
4045,19
4046,3
4047,12
4048,16
4049,0
4050,23
4051,3
4052,11
4053,21
4054,23
4055,20
4056,12
4057,21
4058,16
4059,21
4060,23
4061,14
4062,16
4063,3
4064,13
4065,18
4066,10
4067,10
4068,13
4069,2
4070,4
4071,12
4072,5
4073,3
4074,3
4075,19
4076,0
4077,3
4078,3
4079,4
4080,11
4081,13
4082,3
4083,3
4084,20
4085,14
4086,16
4087,16
4088,7
4089,22
4090,3
4091,7
4092,7
4093,8
4094,7
4095,5
4096,12
4097,12
4098,3
4099,16
4100,12
4101,19
4102,12
4103,7
4104,3
4105,3
4106,6
4107,3
4108,3
4109,3
4110,6
4111,16
4112,2
4113,3
4114,22
4115,23
4116,8
4117,0
4118,10
4119,3
4120,16
4121,7
4122,9
4123,6
4124,3
4125,9
4126,3
4127,13
4128,5
4129,2
4130,1
4131,3
4132,0
4133,20
4134,3
4135,13
4136,13
4137,7
4138,3
4139,7
4140,4
4141,5
4142,7
4143,6
4144,21
4145,7
4146,12
4147,3
4148,17
4149,21
4150,15
4151,6
4152,6
4153,11
4154,20
4155,15
4156,23
4157,1
4158,3
4159,23
4160,3
4161,6
4162,3
4163,13
4164,11
4165,7
4166,0
4167,5
4168,3
4169,7
4170,20
4171,9
4172,12
4173,13
4174,0
4175,3
4176,20
4177,15
4178,3
4179,19
4180,23
4181,22
4182,1
4183,23
4184,3
4185,18
4186,9
4187,3
4188,15
4189,9
4190,2
4191,20
4192,15
4193,3
4194,3
4195,15
4196,20
4197,6
4198,3
4199,13
4200,13
4201,19
4202,8
4203,2
4204,23
4205,7
4206,16
4207,5
4208,3
4209,16
4210,3
4211,18
4212,16
4213,8
4214,3
4215,5
4216,1
4217,16
4218,2
4219,5
4220,0
4221,14
4222,8
4223,2
4224,13
4225,14
4226,13
4227,4
4228,3
4229,4
4230,2
4231,0
4232,4
4233,3
4234,2
4235,14
4236,18
4237,3
4238,23
4239,4
4240,7
4241,16
4242,5
4243,0
4244,16
4245,15
4246,16
4247,7
4248,16
4249,15
4250,17
4251,15
4252,15
4253,11
4254,18
4255,3
4256,3
4257,14
4258,3
4259,16
4260,10
4261,21
4262,9
4263,8
4264,3
4265,12
4266,3
4267,21
4268,21
4269,13
4270,20
4271,12
4272,11
4273,16
4274,17
4275,8
4276,23
4277,1
4278,1
4279,7
4280,12
4281,3
4282,15
4283,3
4284,11
4285,3
4286,11
4287,7
4288,7
4289,6
4290,14
4291,11
4292,8
4293,3
4294,4
4295,3
4296,4
4297,11
4298,3
4299,6
4300,15
4301,16
4302,12
4303,7
4304,0
4305,7
4306,3
4307,5
4308,12
4309,1
4310,11
4311,12
4312,3
4313,15
4314,13
4315,6
4316,6
4317,3
4318,13
4319,20
4320,3
4321,14
4322,21
4323,16
4324,0
4325,16
4326,20
4327,15
4328,19
4329,16
4330,9
4331,3
4332,5
4333,13
4334,15
4335,4
4336,3
4337,5
4338,19
4339,10
4340,11
4341,7
4342,7
4343,8
4344,4
4345,16
4346,14
4347,9
4348,9
4349,23
4350,21
4351,15
4352,4
4353,6
4354,14
4355,6
4356,12
4357,3
4358,1
4359,20
4360,6
4361,3
4362,23
4363,6
4364,22
4365,12
4366,5
4367,15
4368,3
4369,21
4370,20
4371,3
4372,20
4373,18
4374,3
4375,13
4376,15
4377,15
4378,13
4379,12
4380,12
4381,2
4382,23
4383,3
4384,4
4385,0
4386,20
4387,1
4388,9
4389,17
4390,16
4391,23
4392,7
4393,23
4394,20
4395,4
4396,8
4397,9
4398,12
4399,3
4400,7
4401,13
4402,3
4403,0
4404,5
4405,1
4406,18
4407,3
4408,16
4409,3
4410,3
4411,8
4412,18
4413,13
4414,0
4415,3
4416,20
4417,16
4418,1
4419,16
4420,3
4421,5
4422,16
4423,7
4424,14
4425,1
4426,8
4427,13
4428,23
4429,3
4430,3
4431,0
4432,3
4433,3
4434,6
4435,5
4436,13
4437,3
4438,11
4439,4
4440,16
4441,4
4442,19
4443,12
4444,18
4445,8
4446,12
4447,9
4448,3
4449,3
4450,21
4451,7
4452,3
4453,4
4454,20
4455,12
4456,16
4457,3
4458,13
4459,5
4460,9
4461,16
4462,8
4463,11
4464,23
4465,12
4466,13
4467,7
4468,14
4469,8
4470,4
4471,23
4472,3
4473,6
4474,23
4475,23
4476,16
4477,11
4478,12
4479,3
4480,23
4481,9
4482,21
4483,9
4484,9
4485,2
4486,12
4487,15
4488,7
4489,9
4490,13
4491,11
4492,3
4493,5
4494,3
4495,16
4496,5
4497,11
4498,9
4499,2
4500,13
4501,16
4502,13
4503,20
4504,6
4505,6
4506,21
4507,22
4508,14
4509,10
4510,8
4511,8
4512,4
4513,0
4514,13
4515,9
4516,20
4517,13
4518,1
4519,1
4520,14
4521,20
4522,3
4523,21
4524,3
4525,12
4526,13
4527,7
4528,11
4529,13
4530,1
4531,20
4532,12
4533,3
4534,16
4535,11
4536,5
4537,23
4538,7
4539,20
4540,23
4541,8
4542,14
4543,8
4544,18
4545,7
4546,16
4547,5
4548,0
4549,16
4550,7
4551,20
4552,13
4553,19
4554,16
4555,0
4556,3
4557,3
4558,16
4559,9
4560,5
4561,19
4562,16
4563,14
4564,3
4565,21
4566,3
4567,3
4568,16
4569,3
4570,7
4571,8
4572,23
4573,3
4574,6
4575,13
4576,21
4577,3
4578,14
4579,12
4580,13
4581,13
4582,16
4583,3
4584,5
4585,21
4586,3
4587,16
4588,11
4589,11
4590,16
4591,14
4592,0
4593,16
4594,16
4595,18
4596,4
4597,7
4598,8
4599,15
4600,9
4601,14
4602,3
4603,10
4604,5
4605,13
4606,21
4607,3
4608,8
4609,16
4610,23
4611,7
4612,20
4613,8
4614,23
4615,3
4616,10
4617,18
4618,3
4619,10
4620,3
4621,14
4622,16
4623,9
4624,12
4625,3
4626,10
4627,20
4628,3
4629,13
4630,1
4631,7
4632,9
4633,3
4634,7
4635,21
4636,2
4637,13
4638,9
4639,9
4640,3
4641,3
4642,11
4643,8
4644,7
4645,5
4646,8
4647,3
4648,3
4649,4
4650,4
4651,11
4652,3
4653,18
4654,3
4655,16
4656,19
4657,7
4658,13
4659,10
4660,8
4661,4
4662,11
4663,11
4664,15
4665,16
4666,16
4667,5
4668,21
4669,15
4670,12
4671,3
4672,16
4673,13
4674,3
4675,14
4676,14
4677,4
4678,3
4679,0
4680,14
4681,13
4682,13
4683,4
4684,12
4685,15
4686,16
4687,10
4688,5
4689,3
4690,10
4691,11
4692,12
4693,22
4694,23
4695,7
4696,3
4697,18
4698,10
4699,0
4700,5
4701,5
4702,12
4703,9
4704,2
4705,15
4706,20
4707,3
4708,3
4709,16
4710,4
4711,11
4712,15
4713,4
4714,13
4715,7
4716,0
4717,14
4718,23
4719,19
4720,3
4721,0
4722,7
4723,3
4724,5
4725,5
4726,14
4727,12
4728,5
4729,3
4730,5
4731,20
4732,11
4733,3
4734,16
4735,7
4736,16
4737,4
4738,6
4739,4
4740,7
4741,3
4742,13
4743,23
4744,15
4745,23
4746,16
4747,23
4748,9
4749,3
4750,15
4751,0
4752,3
4753,19
4754,3
4755,21
4756,3
4757,21
4758,5
4759,16
4760,3
4761,14
4762,11
4763,21
4764,3
4765,6
4766,6
4767,6
4768,3
4769,5
4770,12
4771,20
4772,13
4773,16
4774,16
4775,10
4776,3
4777,3
4778,23
4779,9
4780,3
4781,7
4782,13
4783,11
4784,13
4785,12
4786,3
4787,3
4788,3
4789,3
4790,3
4791,16
4792,16
4793,19
4794,10
4795,14
4796,1
4797,12
4798,3
4799,11
4800,2
4801,0
4802,15
4803,13
4804,3
4805,20
4806,12
4807,1
4808,12
4809,5
4810,1
4811,18
4812,3
4813,23
4814,5
4815,6
4816,4
4817,16
4818,7
4819,12
4820,3
4821,3
4822,12
4823,12
4824,5
4825,12
4826,18
4827,2
4828,16
4829,4
4830,3
4831,13
4832,16
4833,1
4834,15
4835,16
4836,3
4837,3
4838,1
4839,10
4840,6
4841,3
4842,17
4843,6
4844,11
4845,0
4846,4
4847,7
4848,12
4849,5
4850,23
4851,3
4852,8
4853,3
4854,21
4855,23
4856,21
4857,3
4858,7
4859,17
4860,14
4861,5
4862,3
4863,8
4864,8
4865,15
4866,12
4867,12
4868,3
4869,4
4870,8
4871,13
4872,7
4873,7
4874,16
4875,3
4876,6
4877,5
4878,23
4879,10
4880,20
4881,12
4882,7
4883,14
4884,15
4885,12
4886,20
4887,15
4888,3
4889,21
4890,3
4891,20
4892,10
4893,3
4894,3
4895,12
4896,8
4897,16
4898,6
4899,12
4900,23
4901,19
4902,15
4903,12
4904,6
4905,20
4906,0
4907,23
4908,21
4909,21
4910,21
4911,9
4912,12
4913,9
4914,1
4915,17
4916,6
4917,0
4918,16
4919,21
4920,7
4921,8
4922,3
4923,2
4924,2
4925,18
4926,6
4927,11
4928,5
4929,16
4930,4
4931,2
4932,5
4933,2
4934,0
4935,18
4936,4
4937,7
4938,18
4939,11
4940,10
4941,11
4942,23
4943,1
4944,9
4945,3
4946,1
4947,1
4948,15
4949,10
4950,12
4951,5
4952,3
4953,4
4954,11
4955,7
4956,3
4957,11
4958,11
4959,10
4960,13
4961,3
4962,23
4963,0
4964,13
4965,16
4966,7
4967,21
4968,6
4969,8
4970,2
4971,3
4972,3
4973,15
4974,3
4975,3
4976,18
4977,3
4978,8
4979,5
4980,14
4981,8
4982,18
4983,19
4984,6
4985,7
4986,9
4987,3
4988,13
4989,3
4990,2
4991,3
4992,8
4993,4
4994,7
4995,1
4996,5
4997,7
4998,21
4999,3
5000,0
5001,3
5002,3
5003,0
5004,15
5005,19
5006,16
5007,2
5008,9
5009,0
5010,3
5011,19
5012,2
5013,1
5014,23
5015,9
5016,18
5017,12
5018,10
5019,12
5020,3
5021,10
5022,11
5023,3
5024,12
5025,12
5026,6
5027,16
5028,10
5029,0
5030,16
5031,1
5032,8
5033,1
5034,3
5035,14
5036,8
5037,10
5038,21
5039,13
5040,20
5041,13
5042,19
5043,23
5044,16
5045,0
5046,2
5047,7
5048,14
5049,20
5050,16
5051,5
5052,4
5053,7
5054,12
5055,16
5056,3
5057,23
5058,14
5059,15
5060,3
5061,1
5062,0
5063,3
5064,9
5065,7
5066,8
5067,13
5068,8
5069,10
5070,22
5071,16
5072,3
5073,3
5074,3
5075,18
5076,1
5077,15
5078,6
5079,23
5080,23
5081,3
5082,19
5083,7
5084,11
5085,5
5086,2
5087,15
5088,1
5089,4
5090,23
5091,18
5092,3
5093,3
5094,13
5095,2
5096,0
5097,9
5098,8
5099,13
5100,16
5101,9
5102,9
5103,1
5104,3
5105,15
5106,3
5107,7
5108,10
5109,3
5110,21
5111,3
5112,12
5113,16
5114,0
5115,0
5116,19
5117,6
5118,7
5119,23
5120,21
5121,3
5122,5
5123,14
5124,6
5125,1
5126,4
5127,13
5128,12
5129,16
5130,10
5131,7
5132,4
5133,17
5134,21
5135,12
5136,9
5137,21
5138,1
5139,5
5140,4
5141,15
5142,13
5143,1
5144,6
5145,3
5146,4
5147,6
5148,4
5149,16
5150,18
5151,19
5152,7
5153,13
5154,12
5155,17
5156,9
5157,7
5158,5
5159,7
5160,14
5161,13
5162,6
5163,23
5164,2
5165,3
5166,13
5167,3
5168,12
5169,7
5170,3
5171,13
5172,15
5173,8
5174,16
5175,1
5176,23
5177,1
5178,16
5179,15
5180,8
5181,4
5182,3
5183,9
5184,1
5185,13
5186,1
5187,11
5188,8
5189,16
5190,15
5191,7
5192,16
5193,4
5194,18
5195,20
5196,19
5197,0
5198,15
5199,23
5200,10
5201,8
5202,7
5203,3
5204,20
5205,3
5206,5
5207,7
5208,8
5209,10
5210,15
5211,15
5212,8
5213,21
5214,5
5215,11
5216,13
5217,15
5218,0
5219,3
5220,10
5221,11
5222,12
5223,3
5224,12
5225,13
5226,20
5227,13
5228,18
5229,1
5230,3
5231,18
5232,6
5233,0
5234,15
5235,6
5236,12
5237,12
5238,19
5239,2
5240,3
5241,7
5242,14
5243,5
5244,1
5245,21
5246,0
5247,15
5248,6
5249,5
5250,13
5251,1
5252,2
5253,9
5254,14
5255,3
5256,5
5257,5
5258,2
5259,9
5260,2
5261,14
5262,3
5263,7
5264,3
5265,11
5266,4
5267,18
5268,17
5269,6
5270,0
5271,13
5272,6
5273,11
5274,3
5275,3
5276,3
5277,7
5278,13
5279,12
5280,11
5281,23
5282,1
5283,7
5284,3
5285,13
5286,3
5287,3
5288,16
5289,13
5290,3
5291,16
5292,3
5293,19
5294,3
5295,7
5296,15
5297,10
5298,3
5299,13
5300,3
5301,3
5302,4
5303,23
5304,13
5305,9
5306,7
5307,14
5308,7
5309,5
5310,12
5311,20
5312,16
5313,15
5314,20
5315,7
5316,7
5317,14
5318,3
5319,4
5320,16
5321,14
5322,13
5323,20
5324,3
5325,3
5326,12
5327,20
5328,3
5329,7
5330,1
5331,0
5332,16
5333,15
5334,3
5335,8
5336,4
5337,7
5338,6
5339,12
5340,18
5341,0
5342,9
5343,8
5344,21
5345,9
5346,8
5347,16
5348,3
5349,7
5350,18
5351,7
5352,6
5353,1
5354,8
5355,10
5356,21
5357,19
5358,11
5359,3
5360,15
5361,3
5362,12
5363,6
5364,3
5365,3
5366,15
5367,9
5368,15
5369,0
5370,7
5371,5
5372,16
5373,7
5374,11
5375,3
5376,3
5377,6
5378,4
5379,15
5380,23
5381,1
5382,16
5383,3
5384,13
5385,23
5386,5
5387,16
5388,3
5389,3
5390,22
5391,4
5392,9
5393,23
5394,6
5395,23
5396,3
5397,15
5398,13
5399,3
5400,4
5401,3
5402,3
5403,2
5404,11
5405,1
5406,5
5407,5
5408,0
5409,10
5410,4
5411,3
5412,0
5413,19
5414,11
5415,2
5416,0
5417,2
5418,13
5419,16
5420,15
5421,16
5422,14
5423,14
5424,13
5425,1
5426,11
5427,9
5428,16
5429,20
5430,12
5431,3
5432,11
5433,23
5434,3
5435,16
5436,20
5437,19
5438,1
5439,3
5440,19
5441,5
5442,7
5443,10
5444,20
5445,19
5446,21
5447,12
5448,20
5449,12
5450,0
5451,16
5452,14
5453,5
5454,3
5455,6
5456,15
5457,19
5458,21
5459,14
5460,21
5461,0
5462,23
5463,1
5464,14
5465,15
5466,3
5467,10
5468,3
5469,12
5470,13
5471,3
5472,13
5473,6
5474,10
5475,3
5476,5
5477,4
5478,13
5479,13
5480,12
5481,2
5482,20
5483,4
5484,3
5485,6
5486,1
5487,19
5488,8
5489,5
5490,8
5491,16
5492,6
5493,5
5494,3
5495,1
5496,23
5497,14
5498,21
5499,12
5500,3
5501,3
5502,3
5503,16
5504,11
5505,3
5506,7
5507,3
5508,6
5509,7
5510,5
5511,13
5512,3
5513,14
5514,15
5515,23
5516,9
5517,12
5518,13
5519,11
5520,20
5521,3
5522,12
5523,3
5524,1
5525,15
5526,3
5527,16
5528,10
5529,3
5530,3
5531,0
5532,13
5533,4
5534,13
5535,3
5536,16
5537,10
5538,3
5539,5
5540,16
5541,3
5542,14
5543,9
5544,8
5545,23
5546,23
5547,15
5548,18
5549,5
5550,6
5551,3
5552,5
5553,9
5554,13
5555,13
5556,16
5557,23
5558,3
5559,9
5560,14
5561,0
5562,23
5563,15
5564,16
5565,5
5566,11
5567,15
5568,16
5569,13
5570,1
5571,1
5572,3
5573,16
5574,3
5575,20
5576,3
5577,15
5578,13
5579,3
5580,21
5581,6
5582,5
5583,7
5584,7
5585,3
5586,12
5587,10
5588,11
5589,3
5590,7
5591,12
5592,13
5593,0
5594,15
5595,16
5596,2
5597,3
5598,13
5599,12
5600,12
5601,11
5602,1
5603,4
5604,13
5605,5
5606,3
5607,14
5608,18
5609,10
5610,3
5611,2
5612,3
5613,11
5614,12
5615,12
5616,13
5617,16
5618,22
5619,10
5620,3
5621,10
5622,6
5623,7
5624,16
5625,16
5626,12
5627,16
5628,21
5629,9
5630,15
5631,18
5632,3
5633,13
5634,3
5635,4
5636,13
5637,13
5638,12
5639,10
5640,3
5641,21
5642,3
5643,3
5644,4
5645,0
5646,23
5647,3
5648,8
5649,9
5650,21
5651,3
5652,3
5653,13
5654,1
5655,3
5656,12
5657,8
5658,15
5659,23
5660,7
5661,16
5662,3
5663,3
5664,5
5665,15
5666,21
5667,9
5668,8
5669,21
5670,7
5671,11
5672,16
5673,3
5674,7
5675,3
5676,10
5677,3
5678,13
5679,6
5680,12
5681,4
5682,5
5683,23
5684,3
5685,2
5686,14
5687,23
5688,21
5689,1
5690,12
5691,16
5692,15
5693,14
5694,12
5695,22
5696,6
5697,3
5698,3
5699,3
5700,18
5701,14
5702,16
5703,3
5704,11
5705,14
5706,11
5707,16
5708,13
5709,13
5710,3
5711,19
5712,4
5713,3
5714,19
5715,9
5716,2
5717,5
5718,3
5719,14
5720,15
5721,1
5722,16
5723,12
5724,14
5725,6
5726,22
5727,21
5728,5
5729,12
5730,10
5731,18
5732,15
5733,1
5734,5
5735,0
5736,9
5737,7
5738,7
5739,16
5740,7
5741,8
5742,1
5743,2
5744,10
5745,0
5746,1
5747,0
5748,8
5749,7
5750,1
5751,21
5752,14
5753,18
5754,8
5755,3
5756,4
5757,3
5758,9
5759,3
5760,21
5761,2
5762,5
5763,1
5764,16
5765,5
5766,4
5767,9
5768,16
5769,4
5770,4
5771,3
5772,10
5773,22
5774,6
5775,16
5776,20
5777,16
5778,5
5779,13
5780,18
5781,15
5782,6
5783,18
5784,7
5785,7
5786,18
5787,21
5788,7
5789,0
5790,12
5791,3
5792,18
5793,5
5794,5
5795,3
5796,22
5797,3
5798,16
5799,23
5800,20
5801,5
5802,12
5803,5
5804,12
5805,3
5806,12
5807,0
5808,0
5809,4
5810,13
5811,3
5812,5
5813,21
5814,5
5815,1
5816,13
5817,23
5818,12
5819,7
5820,5
5821,2
5822,9
5823,3
5824,6
5825,8
5826,5
5827,23
5828,17
5829,16
5830,21
5831,11
5832,14
5833,7
5834,2
5835,1
5836,19
5837,3
5838,3
5839,2
5840,11
5841,14
5842,12
5843,3
5844,1
5845,11
5846,13
5847,3
5848,7
5849,3
5850,0
5851,4
5852,9
5853,23
5854,12
5855,3
5856,16
5857,3
5858,16
5859,6
5860,20
5861,14
5862,3
5863,4
5864,20
5865,13
5866,10
5867,5
5868,1
5869,16
5870,21
5871,6
5872,1
5873,17
5874,21
5875,16
5876,19
5877,3
5878,3
5879,13
5880,23
5881,15
5882,14
5883,12
5884,3
5885,11
5886,16
5887,3
5888,20
5889,14
5890,6
5891,16
5892,20
5893,8
5894,20
5895,15
5896,3
5897,0
5898,11
5899,19
5900,3
5901,23
5902,2
5903,7
5904,3
5905,11
5906,10
5907,12
5908,12
5909,9
5910,10
5911,9
5912,1
5913,1
5914,7
5915,3
5916,7
5917,16
5918,1
5919,2
5920,16
5921,15
5922,18
5923,15
5924,6
5925,12
5926,4
5927,21
5928,0
5929,2
5930,9
5931,12
5932,12
5933,15
5934,12
5935,7
5936,1
5937,12
5938,20
5939,12
5940,23
5941,7
5942,19
5943,7
5944,9
5945,3
5946,3
5947,13
5948,5
5949,9
5950,10
5951,3
5952,2
5953,2
5954,1
5955,3
5956,13
5957,3
5958,16
5959,19
5960,14
5961,4
5962,13
5963,6
5964,16
5965,5
5966,5
5967,21
5968,0
5969,23
5970,2
5971,15
5972,3
5973,21
5974,12
5975,1
5976,5
5977,7
5978,2
5979,16
5980,8
5981,0
5982,23
5983,9
5984,16
5985,1
5986,23
5987,14
5988,14
5989,3
5990,18
5991,18
5992,12
5993,23
5994,6
5995,19
5996,8
5997,16
5998,6
5999,18
6000,16
6001,11
6002,8
6003,9
6004,2
6005,12
6006,10
6007,5
6008,16
6009,10
6010,10
6011,18
6012,3
6013,20
6014,3
6015,3
6016,3
6017,0
6018,10
6019,13
6020,7
6021,7
6022,3
6023,11
6024,16
6025,5
6026,16
6027,0
6028,1
6029,3
6030,7
6031,20
6032,5
6033,0
6034,14
6035,21
6036,3
6037,11
6038,3
6039,7
6040,3
6041,16
6042,10
6043,3
6044,16
6045,0
6046,16
6047,9
6048,19
6049,5
6050,3
6051,1
6052,2
6053,9
6054,8
6055,3
6056,16
6057,6
6058,23
6059,1
6060,16
6061,5
6062,3
6063,7
6064,23
6065,23
6066,6
6067,3
6068,23
6069,12
6070,20
6071,3
6072,3
6073,16
6074,15
6075,9
6076,20
6077,1
6078,13
6079,6
6080,7
6081,12
6082,13
6083,3
6084,3
6085,11
6086,1
6087,5
6088,4
6089,3
6090,5
6091,8
6092,19
6093,15
6094,5
6095,20
6096,12
6097,5
6098,21
6099,23
6100,15
6101,12
6102,13
6103,3
6104,14
6105,2
6106,1
6107,5
6108,20
6109,15
6110,2
6111,3
6112,0
6113,11
6114,7
6115,13
6116,21
6117,3
6118,2
6119,14
6120,14
6121,15
6122,0
6123,5
6124,16
6125,3
6126,5
6127,1
6128,3
6129,12
6130,3
6131,21
6132,18
6133,3
6134,3
6135,16
6136,7
6137,19
6138,9
6139,3
6140,23
6141,10
6142,5
6143,3
6144,12
6145,9
6146,0
6147,20
6148,19
6149,21
6150,9
6151,19
6152,15
6153,16
6154,3
6155,14
6156,3
6157,13
6158,12
6159,16
6160,3
6161,23
6162,15
6163,7
6164,3
6165,13
6166,8
6167,4
6168,1
6169,9
6170,15
6171,16
6172,14
6173,23
6174,12
6175,20
6176,23
6177,12
6178,3
6179,18
6180,23
6181,14
6182,3
6183,21
6184,9
6185,3
6186,16
6187,5
6188,0
6189,2
6190,3
6191,14
6192,19
6193,1
6194,7
6195,9
6196,9
6197,16
6198,5
6199,7
6200,3
6201,16
6202,5
6203,22
6204,3
6205,16
6206,12
6207,10
6208,12
6209,3
6210,18
6211,18
6212,3
6213,21
6214,0
6215,20
6216,3
6217,16
6218,16
6219,19
6220,7
6221,8
6222,12
6223,13
6224,10
6225,7
6226,18
6227,16
6228,16
6229,23
6230,18
6231,0
6232,11
6233,14
6234,8
6235,12
6236,3
6237,14
6238,6
6239,3
6240,19
6241,14
6242,20
6243,12
6244,11
6245,7
6246,18
6247,3
6248,3
6249,1
6250,10
6251,3
6252,18
6253,4
6254,9
6255,14
6256,3
6257,23
6258,11
6259,15
6260,3
6261,3
6262,15
6263,9
6264,15
6265,9
6266,7
6267,3
6268,18
6269,20
6270,16
6271,19
6272,3
6273,16
6274,21
6275,13
6276,5
6277,16
6278,6
6279,13
6280,3
6281,13
6282,3
6283,2
6284,3
6285,13
6286,3
6287,3
6288,13
6289,3
6290,3
6291,14
6292,6
6293,3
6294,8
6295,3
6296,9
6297,20
6298,11
6299,3
6300,1
6301,3
6302,20
6303,10
6304,19
6305,2
6306,15
6307,23
6308,0
6309,10
6310,17
6311,12
6312,13
6313,3
6314,4
6315,8
6316,16
6317,3
6318,15
6319,20
6320,0
6321,13
6322,3
6323,20
6324,12
6325,10
6326,3
6327,20
6328,16
6329,9
6330,15
6331,16
6332,14
6333,20
6334,2
6335,12
6336,3
6337,0
6338,20
6339,8
6340,8
6341,15
6342,11
6343,4
6344,2
6345,7
6346,18
6347,11
6348,8
6349,10
6350,20
6351,13
6352,12
6353,12
6354,12
6355,12
6356,20
6357,5
6358,19
6359,16
6360,1
6361,14
6362,3
6363,5
6364,7
6365,3
6366,3
6367,11
6368,12
6369,18
6370,3
6371,2
6372,11
6373,5
6374,19
6375,7
6376,23
6377,10
6378,3
6379,12
6380,5
6381,18
6382,12
6383,4
6384,4
6385,20
6386,5
6387,16
6388,5
6389,16
6390,13
6391,8
6392,3
6393,3
6394,4
6395,23
6396,12
6397,4
6398,3
6399,20
6400,5
6401,16
6402,1
6403,12
6404,6
6405,1
6406,1
6407,12
6408,15
6409,16
6410,3
6411,6
6412,21
6413,19
6414,11
6415,7
6416,0
6417,16
6418,13
6419,4
6420,21
6421,7
6422,8
6423,13
6424,9
6425,3
6426,22
6427,8
6428,15
6429,4
6430,7
6431,5
6432,3
6433,21
6434,3
6435,0
6436,12
6437,21
6438,17
6439,19
6440,20
6441,7
6442,8
6443,16
6444,12
6445,12
6446,0
6447,3
6448,0
6449,3
6450,2
6451,13
6452,3
6453,10
6454,4
6455,3
6456,11
6457,20
6458,16
6459,5
6460,20
6461,7
6462,21
6463,7
6464,3
6465,1
6466,13
6467,16
6468,12
6469,9
6470,3
6471,7
6472,6
6473,3
6474,3
6475,18
6476,3
6477,5
6478,12
6479,2
6480,3
6481,3
6482,3
6483,1
6484,3
6485,1
6486,6
6487,3
6488,3
6489,3
6490,20
6491,18
6492,13
6493,3
6494,12
6495,4
6496,9
6497,10
6498,18
6499,10
6500,16
6501,20
6502,4
6503,13
6504,16
6505,10
6506,23
6507,2
6508,1
6509,13
6510,21
6511,12
6512,17
6513,1
6514,3
6515,5
6516,14
6517,12
6518,7
6519,13
6520,7
6521,3
6522,7
6523,3
6524,8
6525,18
6526,3
6527,12
6528,7
6529,3
6530,8
6531,7
6532,8
6533,15
6534,0
6535,16
6536,12
6537,16
6538,4
6539,15
6540,1
6541,10
6542,3
6543,1
6544,16
6545,10
6546,8
6547,11
6548,21
6549,21
6550,3
6551,5
6552,7
6553,11
6554,0
6555,2
6556,4
6557,6
6558,3
6559,3
6560,14
6561,19
6562,10
6563,4
6564,2
6565,3
6566,18
6567,3
6568,21
6569,10
6570,5
6571,3
6572,19
6573,9
6574,3
6575,13
6576,19
6577,3
6578,15
6579,14
6580,15
6581,21
6582,23
6583,16
6584,7
6585,21
6586,3
6587,16
6588,16
6589,3
6590,1
6591,16
6592,16
6593,16
6594,13
6595,3
6596,21
6597,1
6598,14
6599,3
6600,3
6601,13
6602,11
6603,3
6604,14
6605,9
6606,11
6607,7
6608,19
6609,12
6610,2
6611,0
6612,6
6613,9
6614,12
6615,7
6616,8
6617,15
6618,7
6619,8
6620,0
6621,13
6622,5
6623,15
6624,15
6625,13
6626,18
6627,3
6628,6
6629,3
6630,7
6631,2
6632,10
6633,1
6634,4
6635,0
6636,3
6637,18
6638,3
6639,15
6640,21
6641,5
6642,2
6643,21
6644,7
6645,0
6646,8
6647,14
6648,14
6649,16
6650,3
6651,15
6652,3
6653,10
6654,16
6655,10
6656,12
6657,12
6658,20
6659,14
6660,15
6661,16
6662,1
6663,3
6664,16
6665,11
6666,2
6667,0
6668,3
6669,23
6670,14
6671,5
6672,22
6673,5
6674,6
6675,0
6676,2
6677,18
6678,14
6679,13
6680,6
6681,21
6682,18
6683,14
6684,23
6685,8
6686,3
6687,3
6688,10
6689,1
6690,5
6691,12
6692,3
6693,5
6694,12
6695,10
6696,4
6697,19
6698,5
6699,4
6700,10
6701,6
6702,15
6703,15
6704,0
6705,15
6706,10
6707,22
6708,9
6709,18
6710,21
6711,3
6712,3
6713,10
6714,23
6715,3
6716,8
6717,8
6718,13
6719,9
6720,22
6721,16
6722,2
6723,5
6724,16
6725,5
6726,3
6727,15
6728,3
6729,21
6730,3
6731,6
6732,16
6733,6
6734,8
6735,12
6736,7
6737,7
6738,8
6739,14
6740,7
6741,12
6742,2
6743,10
6744,21
6745,3
6746,18
6747,6
6748,7
6749,23
6750,16
6751,7
6752,3
6753,15
6754,3
6755,4
6756,15
6757,14
6758,3
6759,5
6760,14
6761,0
6762,22
6763,12
6764,2
6765,5
6766,18
6767,20
6768,11
6769,3
6770,16
6771,5
6772,1
6773,2
6774,3
6775,3
6776,0
6777,9
6778,21
6779,23
6780,16
6781,3
6782,3
6783,8
6784,12
6785,9
6786,10
6787,3
6788,13
6789,19
6790,3
6791,10
6792,21
6793,13
6794,10
6795,0
6796,7
6797,2
6798,8
6799,15
6800,3
6801,0
6802,3
6803,12
6804,0
6805,11
6806,6
6807,16
6808,15
6809,20
6810,5
6811,8
6812,12
6813,2
6814,1
6815,8
6816,3
6817,7
6818,0
6819,23
6820,3
6821,16
6822,12
6823,23
6824,3
6825,12
6826,13
6827,3
6828,6
6829,3
6830,10
6831,7
6832,9
6833,3
6834,16
6835,16
6836,10
6837,15
6838,8
6839,19
6840,10
6841,3
6842,12
6843,9
6844,16
6845,17
6846,11
6847,23
6848,3
6849,5
6850,0
6851,3
6852,16
6853,3
6854,8
6855,4
6856,12
6857,15
6858,8
6859,3
6860,3
6861,13
6862,0
6863,18
6864,4
6865,3
6866,7
6867,10
6868,7
6869,19
6870,2
6871,12
6872,12
6873,12
6874,9
6875,20
6876,7
6877,7
6878,5
6879,3
6880,16
6881,10
6882,3
6883,6
6884,13
6885,14
6886,11
6887,3
6888,7
6889,4
6890,21
6891,3
6892,10
6893,23
6894,23
6895,0
6896,15
6897,7
6898,12
6899,15
6900,20
6901,3
6902,10
6903,3
6904,3
6905,9
6906,3
6907,8
6908,3
6909,9
6910,20
6911,5
6912,19
6913,19
6914,9
6915,18
6916,8
6917,11
6918,11
6919,1
6920,11
6921,12
6922,20
6923,1
6924,1
6925,12
6926,3
6927,3
6928,9
6929,11
6930,23
6931,21
6932,12
6933,8
6934,21
6935,14
6936,3
6937,5
6938,23
6939,5
6940,13
6941,12
6942,20
6943,18
6944,7
6945,18
6946,6
6947,3
6948,15
6949,3
6950,18
6951,2
6952,13
6953,20
6954,0
6955,16
6956,15
6957,7
6958,11
6959,3
6960,5
6961,20
6962,21
6963,4
6964,19
6965,0
6966,10
6967,2
6968,7
6969,14
6970,15
6971,3
6972,3
6973,5
6974,2
6975,3
6976,3
6977,3
6978,5
6979,13
6980,16
6981,0
6982,6
6983,15
6984,10
6985,10
6986,9
6987,19
6988,23
6989,18
6990,16
6991,3
6992,3
6993,16
6994,18
6995,7
6996,21
6997,13
6998,12
6999,2
7000,11
7001,14
7002,1
7003,15
7004,4
7005,3
7006,13
7007,3
7008,3
7009,3
7010,9
7011,4
7012,16
7013,23
7014,12
7015,18
7016,9
7017,18
7018,6
7019,16
7020,0
7021,5
7022,6
7023,4
7024,4
7025,15
7026,21
7027,5
7028,18
7029,22
7030,21
7031,16
7032,0
7033,3
7034,16
7035,3
7036,10
7037,10
7038,10
7039,14
7040,8
7041,20
7042,0
7043,14
7044,5
7045,4
7046,3
7047,0
7048,5
7049,17
7050,12
7051,13
7052,1
7053,13
7054,13
7055,0
7056,3
7057,18
7058,11
7059,12
7060,2
7061,16
7062,18
7063,12
7064,13
7065,13
7066,1
7067,15
7068,12
7069,8
7070,15
7071,10
7072,6
7073,6
7074,10
7075,7
7076,23
7077,20
7078,8
7079,3
7080,3
7081,15
7082,19
7083,16
7084,21
7085,19
7086,7
7087,21
7088,14
7089,6
7090,16
7091,10
7092,7
7093,7
7094,16
7095,7
7096,21
7097,18
7098,0
7099,3
7100,23
7101,13
7102,11
7103,7
7104,9
7105,4
7106,16
7107,10
7108,3
7109,1
7110,9
7111,15
7112,3
7113,21
7114,3
7115,13
7116,14
7117,3
7118,16
7119,2
7120,6
7121,16
7122,20
7123,13
7124,1
7125,23
7126,21
7127,1
7128,16
7129,16
7130,23
7131,12
7132,15
7133,1
7134,21
7135,11
7136,16
7137,16
7138,6
7139,11
7140,1
7141,13
7142,3
7143,7
7144,3
7145,14
7146,13
7147,12
7148,14
7149,22
7150,3
7151,19
7152,3
7153,1
7154,2
7155,16
7156,3
7157,3
7158,11
7159,12
7160,22
7161,7
7162,20
7163,8
7164,4
7165,21
7166,7
7167,15
7168,1
7169,8
7170,3
7171,7
7172,3
7173,13
7174,17
7175,10
7176,9
7177,20
7178,16
7179,0
7180,21
7181,16
7182,12
7183,3
7184,20
7185,10
7186,15
7187,3
7188,7
7189,1
7190,7
7191,3
7192,13
7193,2
7194,3
7195,3
7196,19
7197,13
7198,20
7199,13
7200,18
7201,12
7202,14
7203,6
7204,20
7205,3
7206,3
7207,4
7208,11
7209,20
7210,20
7211,12
7212,3
7213,12
7214,12
7215,13
7216,14
7217,3
7218,6
7219,13
7220,5
7221,3
7222,22
7223,3
7224,3
7225,5
7226,23
7227,9
7228,0
7229,3
7230,12
7231,1
7232,8
7233,20
7234,21
7235,15
7236,4
7237,6
7238,1
7239,3
7240,8
7241,7
7242,13
7243,20
7244,2
7245,17
7246,7
7247,21
7248,8
7249,23
7250,12
7251,21
7252,11
7253,2
7254,6
7255,15
7256,13
7257,8
7258,18
7259,11
7260,23
7261,16
7262,14
7263,10
7264,15
7265,10
7266,0
7267,10
7268,13
7269,10
7270,20
7271,15
7272,12
7273,3
7274,9
7275,15
7276,16
7277,3
7278,3
7279,6
7280,14
7281,5
7282,0
7283,0
7284,3
7285,9
7286,13
7287,6
7288,3
7289,8
7290,13
7291,1
7292,3
7293,7
7294,18
7295,3
7296,16
7297,11
7298,5
7299,6
7300,17
7301,9
7302,12
7303,16
7304,15
7305,2
7306,14
7307,13
7308,13
7309,20
7310,11
7311,10
7312,1
7313,3
7314,12
7315,7
7316,5
7317,5
7318,8
7319,13
7320,1
7321,14
7322,3
7323,7
7324,21
7325,10
7326,15
7327,16
7328,20
7329,8
7330,7
7331,8
7332,17
7333,3
7334,20
7335,13
7336,8
7337,16
7338,16
7339,20
7340,0
7341,3
7342,3
7343,19
7344,18
7345,13
7346,8
7347,14
7348,13
7349,3
7350,15
7351,16
7352,11
7353,3
7354,16
7355,16
7356,6
7357,3
7358,21
7359,16
7360,7
7361,18
7362,14
7363,8
7364,0
7365,3
7366,15
7367,11
7368,20
7369,11
7370,6
7371,11
7372,14
7373,10
7374,2
7375,3
7376,19
7377,21
7378,23
7379,12
7380,16
7381,16
7382,18
7383,12
7384,11
7385,0
7386,1
7387,13
7388,16
7389,7
7390,16
7391,11
7392,11
7393,6
7394,20
7395,3
7396,14
7397,12
7398,7
7399,4
7400,3
7401,16
7402,16
7403,16
7404,10
7405,3
7406,14
7407,12
7408,13
7409,9
7410,7
7411,19
7412,3
7413,2
7414,3
7415,9
7416,3
7417,12
7418,8
7419,1
7420,3
7421,20
7422,15
7423,8
7424,0
7425,19
7426,7
7427,10
7428,12
7429,3
7430,8
7431,3
7432,11
7433,8
7434,16
7435,23
7436,15
7437,3
7438,13
7439,20
7440,16
7441,5
7442,23
7443,15
7444,14
7445,16
7446,15
7447,7
7448,4
7449,23
7450,7
7451,13
7452,3
7453,12
7454,1
7455,3
7456,13
7457,14
7458,21
7459,6
7460,3
7461,3
7462,6
7463,0
7464,12
7465,4
7466,20
7467,11
7468,5
7469,3
7470,3
7471,3
7472,7
7473,3
7474,6
7475,11
7476,9
7477,4
7478,13
7479,12
7480,0
7481,7
7482,17
7483,16
7484,3
7485,3
7486,14
7487,1
7488,6
7489,17
7490,19
7491,9
7492,16
7493,20
7494,14
7495,8
7496,9
7497,21
7498,0
7499,2
7500,7
7501,14
7502,20
7503,15
7504,13
7505,1
7506,3
7507,12
7508,14
7509,13
7510,11
7511,1
7512,16
7513,15
7514,3
7515,6
7516,19
7517,10
7518,13
7519,12
7520,15
7521,6
7522,3
7523,1
7524,3
7525,21
7526,16
7527,5
7528,16
7529,3
7530,16
7531,13
7532,3
7533,9
7534,23
7535,7
7536,7
7537,23
7538,17
7539,2
7540,0
7541,12
7542,23
7543,14
7544,2
7545,5
7546,8
7547,3
7548,18
7549,9
7550,4
7551,21
7552,7
7553,3
7554,3
7555,10
7556,3
7557,8
7558,3
7559,1
7560,13
7561,5
7562,7
7563,3
7564,13
7565,0
7566,13
7567,3
7568,9
7569,15
7570,2
7571,4
7572,0
7573,13
7574,6
7575,3
7576,18
7577,14
7578,1
7579,20
7580,14
7581,10
7582,12
7583,3
7584,16
7585,18
7586,15
7587,15
7588,1
7589,7
7590,0
7591,0
7592,6
7593,3
7594,3
7595,17
7596,23
7597,16
7598,0
7599,20
7600,16
7601,12
7602,7
7603,7
7604,9
7605,16
7606,3
7607,14
7608,12
7609,4
7610,5
7611,4
7612,12
7613,6
7614,3
7615,10
7616,13
7617,13
7618,20
7619,3
7620,20
7621,8
7622,3
7623,21
7624,16
7625,12
7626,7
7627,3
7628,14
7629,4
7630,1
7631,15
7632,0
7633,12
7634,16
7635,15
7636,3
7637,3
7638,7
7639,13
7640,10
7641,12
7642,20
7643,3
7644,7
7645,7
7646,16
7647,21
7648,16
7649,9
7650,10
7651,9
7652,3
7653,3
7654,4
7655,13
7656,20
7657,13
7658,7
7659,12
7660,0
7661,14
7662,4
7663,16
7664,3
7665,1
7666,2
7667,3
7668,3
7669,3
7670,3
7671,8
7672,3
7673,13
7674,13
7675,4
7676,3
7677,16
7678,7
7679,9
7680,21
7681,7
7682,8
7683,4
7684,12
7685,7
7686,15
7687,7
7688,3
7689,8
7690,7
7691,14
7692,12
7693,12
7694,5
7695,23
7696,2
7697,3
7698,15
7699,3
7700,8
7701,8
7702,5
7703,12
7704,6
7705,21
7706,14
7707,18
7708,3
7709,7
7710,16
7711,10
7712,12
7713,16
7714,8
7715,9
7716,3
7717,3
7718,0
7719,5
7720,10
7721,3
7722,1
7723,0
7724,16
7725,5
7726,6
7727,22
7728,13
7729,6
7730,14
7731,13
7732,12
7733,5
7734,2
7735,0
7736,7
7737,3
7738,2
7739,0
7740,13
7741,12
7742,15
7743,3
7744,12
7745,6
7746,3
7747,2
7748,21
7749,0
7750,11
7751,15
7752,3
7753,18
7754,3
7755,7
7756,7
7757,16
7758,15
7759,15
7760,15
7761,13
7762,5
7763,1
7764,9
7765,20
7766,13
7767,7
7768,23
7769,7
7770,3
7771,4
7772,16
7773,7
7774,5
7775,16
7776,0
7777,17
7778,3
7779,8
7780,5
7781,3
7782,13
7783,6
7784,0
7785,14
7786,3
7787,12
7788,5
7789,3
7790,13
7791,3
7792,3
7793,3
7794,3
7795,7
7796,16
7797,23
7798,16
7799,5
7800,4
7801,21
7802,2
7803,11
7804,16
7805,1
7806,21
7807,1
7808,4
7809,0
7810,0
7811,6
7812,12
7813,23
7814,12
7815,2
7816,13
7817,7
7818,16
7819,15
7820,9
7821,9
7822,20
7823,14
7824,16
7825,10
7826,23
7827,3
7828,16
7829,20
7830,16
7831,3
7832,0
7833,15
7834,13
7835,3
7836,3
7837,15
7838,3
7839,7
7840,3
7841,13
7842,11
7843,15
7844,12
7845,3
7846,2
7847,23
7848,3
7849,3
7850,0
7851,3
7852,10
7853,11
7854,3
7855,0
7856,10
7857,13
7858,6
7859,15
7860,7
7861,3
7862,3
7863,21
7864,11
7865,14
7866,8
7867,15
7868,5
7869,10
7870,5
7871,3
7872,3
7873,20
7874,6
7875,13
7876,23
7877,8
7878,7
7879,16
7880,12
7881,14
7882,3
7883,7
7884,6
7885,3
7886,1
7887,20
7888,7
7889,21
7890,1
7891,23
7892,13
7893,7
7894,5
7895,2
7896,12
7897,3
7898,9
7899,5
7900,15
7901,13
7902,3
7903,2
7904,23
7905,12
7906,15
7907,16
7908,21
7909,4
7910,6
7911,3
7912,13
7913,16
7914,18
7915,0
7916,16
7917,3
7918,3
7919,11
7920,20
7921,9
7922,21
7923,3
7924,16
7925,13
7926,7
7927,5
7928,7
7929,0
7930,19
7931,16
7932,12
7933,8
7934,7
7935,16
7936,10
7937,21
7938,7
7939,14
7940,23
7941,0
7942,2
7943,14
7944,6
7945,0
7946,16
7947,2
7948,14
7949,3
7950,7
7951,1
7952,20
7953,1
7954,10
7955,8
7956,12
7957,15
7958,0
7959,5
7960,16
7961,10
7962,3
7963,17
7964,16
7965,0
7966,0
7967,23
7968,0
7969,13
7970,7
7971,6
7972,3
7973,10
7974,18
7975,1
7976,21
7977,8
7978,15
7979,8
7980,3
7981,3
7982,9
7983,11
7984,16
7985,8
7986,3
7987,21
7988,1
7989,3
7990,14
7991,15
7992,5
7993,13
7994,2
7995,4
7996,13
7997,20
7998,18
7999,14
8000,16
8001,5
8002,3
8003,9
8004,7
8005,10
8006,16
8007,16
8008,23
8009,2
8010,5
8011,2
8012,16
8013,4
8014,14
8015,0
8016,12
8017,5
8018,7
8019,5
8020,3
8021,4
8022,3
8023,10
8024,16
8025,8
8026,3
8027,23
8028,12
8029,14
8030,3
8031,13
8032,18
8033,15
8034,3
8035,12
8036,1
8037,10
8038,12
8039,11
8040,3
8041,6
8042,14
8043,12
8044,13
8045,3
8046,9
8047,5
8048,2
8049,12
8050,23
8051,12
8052,5
8053,9
8054,9
8055,3
8056,9
8057,15
8058,23
8059,12
8060,3
8061,1
8062,13
8063,19
8064,23
8065,16
8066,9
8067,12
8068,5
8069,9
8070,23
8071,15
8072,3
8073,20
8074,1
8075,0
8076,20
8077,23
8078,13
8079,16
8080,3
8081,14
8082,3
8083,3
8084,5
8085,1
8086,7
8087,1
8088,16
8089,9
8090,10
8091,13
8092,4
8093,11
8094,16
8095,20
8096,3
8097,2
8098,12
8099,3
8100,0
8101,14
8102,7
8103,3
8104,20
8105,3
8106,20
8107,4
8108,3
8109,14
8110,12
8111,19
8112,7
8113,21
8114,14
8115,3
8116,3
8117,15
8118,6
8119,15
8120,3
8121,5
8122,8
8123,6
8124,8
8125,7
8126,12
8127,13
8128,3
8129,14
8130,1
8131,17
8132,12
8133,5
8134,9
8135,3
8136,16
8137,7
8138,1
8139,3
8140,19
8141,21
8142,6
8143,14
8144,12
8145,3
8146,21
8147,14
8148,13
8149,10
8150,9
8151,10
8152,3
8153,17
8154,15
8155,2
8156,7
8157,3
8158,5
8159,12
8160,5
8161,3
8162,14
8163,4
8164,4
8165,23
8166,16
8167,12
8168,1
8169,15
8170,7
8171,3
8172,3
8173,14
8174,7
8175,6
8176,5
8177,15
8178,16
8179,3
8180,18
8181,14
8182,23
8183,3
8184,19
8185,16
8186,7
8187,14
8188,15
8189,7
8190,5
8191,11
8192,12
8193,3
8194,12
8195,8
8196,21
8197,16
8198,16
8199,13
8200,4
8201,9
8202,1
8203,1
8204,10
8205,20
8206,5
8207,7
8208,7
8209,16
8210,1
8211,3
8212,3
8213,1
8214,15
8215,20
8216,16
8217,17
8218,6
8219,4
8220,20
8221,7
8222,15
8223,23
8224,7
8225,23
8226,15
8227,20
8228,16
8229,12
8230,9
8231,1
8232,5
8233,11
8234,3
8235,8
8236,12
8237,5
8238,3
8239,16
8240,21
8241,19
8242,3
8243,16
8244,9
8245,20
8246,10
8247,3
8248,8
8249,15
8250,16
8251,5
8252,13
8253,5
8254,15
8255,18
8256,13
8257,7
8258,7
8259,16
8260,14
8261,13
8262,16
8263,12
8264,21
8265,4
8266,14
8267,9
8268,16
8269,16
8270,3
8271,14
8272,9
8273,20
8274,21
8275,22
8276,23
8277,16
8278,5
8279,3
8280,14
8281,3
8282,3
8283,4
8284,12
8285,13
8286,2
8287,0
8288,3
8289,16
8290,9
8291,16
8292,7
8293,7
8294,16
8295,13
8296,12
8297,1
8298,5
8299,3
8300,16
8301,3
8302,16
8303,11
8304,3
8305,15
8306,12
8307,8
8308,11
8309,16
8310,3
8311,15
8312,18
8313,3
8314,0
8315,18
8316,5
8317,6
8318,5
8319,12
8320,6
8321,14
8322,14
8323,19
8324,8
8325,7
8326,8
8327,22
8328,5
8329,1
8330,19
8331,6
8332,14
8333,4
8334,15
8335,3
8336,3
8337,3
8338,14
8339,20
8340,18
8341,0
8342,7
8343,1
8344,7
8345,23
8346,11
8347,20
8348,17
8349,6
8350,23
8351,4
8352,0
8353,16
8354,2
8355,7
8356,23
8357,3
8358,20
8359,7
8360,1
8361,16
8362,1
8363,10
8364,4
8365,21
8366,2
8367,23
8368,19
8369,10
8370,21
8371,10
8372,5
8373,15
8374,16
8375,7
8376,3
8377,10
8378,8
8379,8
8380,2
8381,6
8382,3
8383,15
8384,19
8385,20
8386,14
8387,6
8388,6
8389,16
8390,7
8391,17
8392,3
8393,11
8394,12
8395,18
8396,15
8397,13
8398,17
8399,3
8400,3
8401,19
8402,11
8403,12
8404,16
8405,3
8406,7
8407,3
8408,12
8409,3
8410,3
8411,16
8412,13
8413,1
8414,8
8415,8
8416,9
8417,6
8418,16
8419,16
8420,3
8421,14
8422,16
8423,7
8424,12
8425,5
8426,10
8427,20
8428,6
8429,12
8430,3
8431,17
8432,21
8433,11
8434,1
8435,12
8436,6
8437,2
8438,13
8439,21
8440,0
8441,7
8442,3
8443,0
8444,13
8445,14
8446,8
8447,10
8448,16
8449,3
8450,3
8451,14
8452,10
8453,16
8454,2
8455,20
8456,9
8457,12
8458,16
8459,12
8460,5
8461,13
8462,20
8463,1
8464,3
8465,3
8466,4
8467,10
8468,17
8469,18
8470,16
8471,8
8472,9
8473,8
8474,3
8475,18
8476,7
8477,10
8478,15
8479,3
8480,9
8481,7
8482,2
8483,3
8484,5
8485,11
8486,3
8487,1
8488,7
8489,4
8490,10
8491,6
8492,3
8493,0
8494,3
8495,3
8496,10
8497,9
8498,4
8499,22
8500,2
8501,0
8502,1
8503,16
8504,8
8505,10
8506,14
8507,10
8508,7
8509,3
8510,18
8511,14
8512,23
8513,5
8514,12
8515,5
8516,3
8517,20
8518,3
8519,3
8520,14
8521,5
8522,15
8523,18
8524,6
8525,12
8526,9
8527,3
8528,20
8529,10
8530,7
8531,10
8532,8
8533,10
8534,3
8535,12
8536,1
8537,2
8538,1
8539,20
8540,3
8541,11
8542,8
8543,2
8544,3
8545,9
8546,0
8547,14
8548,10
8549,7
8550,3
8551,4
8552,8
8553,11
8554,3
8555,6
8556,7
8557,9
8558,3
8559,0
8560,3
8561,14
8562,3
8563,11
8564,16
8565,21
8566,9
8567,23
8568,14
8569,13
8570,12
8571,4
8572,2
8573,20
8574,3
8575,11
8576,7
8577,3
8578,5
8579,21
8580,14
8581,3
8582,8
8583,21
8584,23
8585,3
8586,0
8587,14
8588,16
8589,2
8590,14
8591,23
8592,13
8593,3
8594,12
8595,13
8596,16
8597,20
8598,20
8599,0
8600,3
8601,18
8602,20
8603,2
8604,23
8605,14
8606,12
8607,7
8608,7
8609,9
8610,11
8611,19
8612,18
8613,13
8614,8
8615,8
8616,12
8617,5
8618,14
8619,7
8620,20
8621,14
8622,3
8623,9
8624,8
8625,3
8626,0
8627,7
8628,7
8629,1
8630,21
8631,4
8632,13
8633,3
8634,3
8635,3
8636,3
8637,15
8638,6
8639,18
8640,16
8641,19
8642,3
8643,7
8644,5
8645,1
8646,15
8647,3
8648,16
8649,7
8650,3
8651,6
8652,15
8653,3
8654,3
8655,13
8656,3
8657,8
8658,2
8659,14
8660,21
8661,9
8662,14
8663,23
8664,10
8665,12
8666,3
8667,3
8668,23
8669,2
8670,19
8671,6
8672,10
8673,1
8674,23
8675,3
8676,23
8677,3
8678,13
8679,6
8680,19
8681,16
8682,16
8683,11
8684,20
8685,4
8686,11
8687,3
8688,15
8689,6
8690,12
8691,3
8692,6
8693,3
8694,7
8695,6
8696,6
8697,22
8698,3
8699,20
8700,5
8701,7
8702,13
8703,14
8704,8
8705,0
8706,2
8707,18
8708,12
8709,1
8710,12
8711,9
8712,8
8713,22
8714,1
8715,3
8716,11
8717,12
8718,23
8719,21
8720,11
8721,11
8722,10
8723,9
8724,12
8725,16
8726,21
8727,16
8728,9
8729,20
8730,21
8731,15
8732,5
8733,16
8734,14
8735,16
8736,23
8737,3
8738,12
8739,0
8740,16
8741,8
8742,5
8743,7
8744,15
8745,6
8746,13
8747,13
8748,12
8749,3
8750,10
8751,3
8752,14
8753,2
8754,11
8755,0
8756,10
8757,16
8758,0
8759,16
8760,13
8761,3
8762,11
8763,13
8764,15
8765,23
8766,4
8767,1
8768,12
8769,8
8770,3
8771,7
8772,18
8773,10
8774,13
8775,11
8776,16
8777,12
8778,15
8779,3
8780,16
8781,0
8782,3
8783,13
8784,11
8785,5
8786,16
8787,3
8788,0
8789,13
8790,1
8791,4
8792,10
8793,20
8794,19
8795,0
8796,5
8797,11
8798,10
8799,5
8800,12
8801,6
8802,21
8803,5
8804,8
8805,1
8806,0
8807,3
8808,6
8809,15
8810,20
8811,14
8812,1
8813,5
8814,18
8815,3
8816,4
8817,11
8818,3
8819,3
8820,21
8821,19
8822,10
8823,3
8824,0
8825,11
8826,5
8827,9
8828,21
8829,9
8830,0
8831,4
8832,1
8833,6
8834,16
8835,16
8836,1
8837,7
8838,18
8839,10
8840,4
8841,16
8842,15
8843,1
8844,7
8845,8
8846,7
8847,18
8848,15
8849,12
8850,5
8851,16
8852,16
8853,5
8854,23
8855,16
8856,11
8857,12
8858,16
8859,23
8860,3
8861,3
8862,6
8863,7
8864,6
8865,7
8866,0
8867,16
8868,3
8869,3
8870,1
8871,21
8872,2
8873,12
8874,12
8875,11
8876,7
8877,20
8878,3
8879,15
8880,5
8881,3
8882,3
8883,2
8884,7
8885,8
8886,16
8887,7
8888,3
8889,13
8890,13
8891,21
8892,3
8893,19
8894,1
8895,3
8896,3
8897,3
8898,5
8899,2
8900,20
8901,3
8902,21
8903,6
8904,0
8905,13
8906,16
8907,5
8908,2
8909,23
8910,22
8911,7
8912,16
8913,3
8914,15
8915,12
8916,6
8917,3
8918,13
8919,8
8920,14
8921,11
8922,10
8923,3
8924,1
8925,3
8926,16
8927,23
8928,18
8929,1
8930,4
8931,3
8932,6
8933,3
8934,15
8935,1
8936,8
8937,3
8938,8
8939,9
8940,6
8941,12
8942,18
8943,5
8944,13
8945,3
8946,12
8947,0
8948,14
8949,17
8950,6
8951,12
8952,1
8953,23
8954,3
8955,3
8956,3
8957,14
8958,3
8959,3
8960,13
8961,20
8962,16
8963,6
8964,1
8965,7
8966,0
8967,8
8968,9
8969,14
8970,23
8971,18
8972,6
8973,10
8974,3
8975,16
8976,5
8977,3
8978,6
8979,2
8980,0
8981,17
8982,0
8983,0
8984,13
8985,7
8986,15
8987,15
8988,12
8989,3
8990,21
8991,9
8992,3
8993,14
8994,16
8995,21
8996,7
8997,21
8998,6
8999,11
9000,23
9001,3
9002,12
9003,14
9004,15
9005,6
9006,3
9007,5
9008,5
9009,8
9010,7
9011,19
9012,3
9013,5
9014,9
9015,3
9016,17
9017,3
9018,15
9019,23
9020,4
9021,5
9022,1
9023,14
9024,8
9025,1
9026,9
9027,20
9028,6
9029,21
9030,15
9031,21
9032,0
9033,16
9034,21
9035,6
9036,3
9037,3
9038,3
9039,23
9040,5
9041,15
9042,3
9043,6
9044,2
9045,4
9046,21
9047,6
9048,3
9049,3
9050,22
9051,19
9052,7
9053,10
9054,3
9055,8
9056,3
9057,3
9058,0
9059,1
9060,8
9061,3
9062,15
9063,3
9064,3
9065,0
9066,12
9067,16
9068,8
9069,9
9070,23
9071,7
9072,9
9073,5
9074,16
9075,8
9076,11
9077,4
9078,12
9079,5
9080,13
9081,23
9082,16
9083,2
9084,4
9085,11
9086,0
9087,8
9088,1
9089,0
9090,3
9091,15
9092,23
9093,23
9094,15
9095,3
9096,9
9097,12
9098,3
9099,1
9100,11
9101,21
9102,4
9103,15
9104,7
9105,21
9106,8
9107,12
9108,13
9109,6
9110,23
9111,13
9112,21
9113,7
9114,19
9115,10
9116,18
9117,12
9118,20
9119,12
9120,3
9121,10
9122,7
9123,0
9124,3
9125,9
9126,17
9127,21
9128,12
9129,12
9130,6
9131,3
9132,20
9133,12
9134,13
9135,14
9136,21
9137,4
9138,10
9139,3
9140,20
9141,3
9142,4
9143,14
9144,11
9145,10
9146,13
9147,4
9148,9
9149,21
9150,13
9151,3
9152,5
9153,20
9154,0
9155,20
9156,12
9157,3
9158,7
9159,3
9160,15
9161,16
9162,5
9163,21
9164,7
9165,7
9166,1
9167,5
9168,16
9169,2
9170,13
9171,23
9172,7
9173,0
9174,1
9175,2
9176,12
9177,3
9178,15
9179,3
9180,13
9181,23
9182,21
9183,9
9184,1
9185,22
9186,3
9187,0
9188,11
9189,1
9190,13
9191,18
9192,12
9193,9
9194,4
9195,7
9196,5
9197,19
9198,7
9199,0
9200,1
9201,3
9202,7
9203,6
9204,18
9205,3
9206,18
9207,19
9208,3
9209,4
9210,11
9211,16
9212,21
9213,20
9214,10
9215,11
9216,18
9217,20
9218,16
9219,15
9220,23
9221,3
9222,5
9223,18
9224,12
9225,6
9226,16
9227,7
9228,3
9229,13
9230,7
9231,20
9232,12
9233,10
9234,10
9235,7
9236,16
9237,9
9238,4
9239,3
9240,2
9241,3
9242,0
9243,5
9244,9
9245,19
9246,1
9247,3
9248,9
9249,2
9250,16
9251,3
9252,3
9253,19
9254,19
9255,15
9256,10
9257,19
9258,11
9259,16
9260,6
9261,19
9262,14
9263,1
9264,0
9265,8
9266,13
9267,16
9268,7
9269,7
9270,12
9271,5
9272,2
9273,7
9274,4
9275,9
9276,17
9277,1
9278,13
9279,14
9280,7
9281,3
9282,1
9283,11
9284,0
9285,3
9286,9
9287,3
9288,21
9289,5
9290,3
9291,15
9292,0
9293,15
9294,7
9295,3
9296,16
9297,21
9298,3
9299,3
9300,7
9301,6
9302,9
9303,19
9304,21
9305,7
9306,16
9307,10
9308,11
9309,20
9310,2
9311,3
9312,15
9313,10
9314,20
9315,7
9316,18
9317,16
9318,13
9319,3
9320,19
9321,7
9322,20
9323,4
9324,13
9325,7
9326,6
9327,21
9328,10
9329,3
9330,16
9331,15
9332,20
9333,20
9334,14
9335,16
9336,3
9337,22
9338,12
9339,7
9340,3
9341,8
9342,13
9343,12
9344,14
9345,16
9346,3
9347,7
9348,1
9349,13
9350,13
9351,4
9352,3
9353,16
9354,11
9355,2
9356,11
9357,1
9358,8
9359,9
9360,16
9361,12
9362,20
9363,21
9364,10
9365,6
9366,3
9367,3
9368,9
9369,21
9370,22
9371,15
9372,3
9373,12
9374,5
9375,9
9376,19
9377,12
9378,4
9379,4
9380,17
9381,13
9382,4
9383,7
9384,16
9385,12
9386,3
9387,12
9388,21
9389,0
9390,16
9391,1
9392,20
9393,3
9394,16
9395,14
9396,10
9397,14
9398,3
9399,3
9400,16
9401,3
9402,12
9403,16
9404,15
9405,3
9406,3
9407,12
9408,14
9409,20
9410,8
9411,15
9412,17
9413,0
9414,18
9415,6
9416,11
9417,9
9418,20
9419,21
9420,13
9421,11
9422,12
9423,4
9424,15
9425,7
9426,9
9427,3
9428,5
9429,5
9430,16
9431,3
9432,7
9433,18
9434,18
9435,4
9436,6
9437,12
9438,0
9439,6
9440,2
9441,23
9442,15
9443,3
9444,13
9445,10
9446,11
9447,12
9448,12
9449,11
9450,8
9451,11
9452,19
9453,1
9454,5
9455,3
9456,9
9457,12
9458,7
9459,16
9460,4
9461,20
9462,15
9463,16
9464,15
9465,3
9466,1
9467,20
9468,3
9469,3
9470,3
9471,8
9472,16
9473,14
9474,1
9475,3
9476,14
9477,7
9478,7
9479,4
9480,9
9481,3
9482,6
9483,3
9484,10
9485,3
9486,0
9487,10
9488,3
9489,15
9490,13
9491,6
9492,2
9493,6
9494,23
9495,17
9496,1
9497,6
9498,20
9499,12
9500,3
9501,3
9502,3
9503,21
9504,12
9505,4
9506,1
9507,3
9508,8
9509,7
9510,8
9511,11
9512,23
9513,12
9514,10
9515,13
9516,16
9517,8
9518,3
9519,3
9520,15
9521,23
9522,9
9523,1
9524,10
9525,3
9526,9
9527,5
9528,6
9529,15
9530,3
9531,16
9532,12
9533,14
9534,23
9535,1
9536,3
9537,3
9538,1
9539,4
9540,3
9541,11
9542,3
9543,7
9544,7
9545,16
9546,4
9547,15
9548,6
9549,10
9550,3
9551,12
9552,1
9553,13
9554,10
9555,10
9556,21
9557,6
9558,23
9559,11
9560,12
9561,3
9562,11
9563,3
9564,13
9565,3
9566,13
9567,21
9568,18
9569,16
9570,20
9571,16
9572,7
9573,1
9574,23
9575,23
9576,22
9577,14
9578,15
9579,14
9580,8
9581,6
9582,23
9583,5
9584,5
9585,21
9586,4
9587,2
9588,0
9589,18
9590,7
9591,7
9592,18
9593,12
9594,23
9595,16
9596,15
9597,15
9598,2
9599,14
9600,5
9601,16
9602,21
9603,7
9604,12
9605,11
9606,5
9607,15
9608,10
9609,14
9610,14
9611,23
9612,3
9613,21
9614,14
9615,16
9616,20
9617,10
9618,6
9619,5
9620,16
9621,7
9622,3
9623,12
9624,13
9625,12
9626,23
9627,8
9628,19
9629,21
9630,3
9631,9
9632,4
9633,6
9634,23
9635,23
9636,10
9637,20
9638,19
9639,3
9640,1
9641,11
9642,20
9643,20
9644,13
9645,4
9646,10
9647,20
9648,8
9649,3
9650,19
9651,6
9652,7
9653,10
9654,10
9655,8
9656,7
9657,3
9658,7
9659,3
9660,9
9661,19
9662,2
9663,16
9664,7
9665,12
9666,1
9667,1
9668,20
9669,3
9670,23
9671,5
9672,8
9673,3
9674,7
9675,1
9676,5
9677,16
9678,16
9679,1
9680,14
9681,2
9682,21
9683,7
9684,2
9685,5
9686,14
9687,3
9688,3
9689,8
9690,14
9691,7
9692,5
9693,5
9694,14
9695,6
9696,10
9697,0
9698,3
9699,4
9700,3
9701,16
9702,15
9703,13
9704,12
9705,10
9706,13
9707,3
9708,23
9709,12
9710,20
9711,7
9712,21
9713,10
9714,8
9715,3
9716,17
9717,15
9718,0
9719,9
9720,7
9721,1
9722,16
9723,3
9724,3
9725,5
9726,4
9727,16
9728,3
9729,9
9730,4
9731,16
9732,3
9733,3
9734,10
9735,5
9736,13
9737,8
9738,13
9739,9
9740,10
9741,20
9742,2
9743,4
9744,20
9745,8
9746,13
9747,17
9748,1
9749,13
9750,14
9751,13
9752,11
9753,20
9754,3
9755,12
9756,3
9757,13
9758,3
9759,6
9760,22
9761,11
9762,12
9763,5
9764,15
9765,20
9766,7
9767,12
9768,8
9769,3
9770,7
9771,3
9772,8
9773,20
9774,3
9775,4
9776,1
9777,3
9778,1
9779,3
9780,3
9781,7
9782,4
9783,12
9784,22
9785,19
9786,2
9787,6
9788,7
9789,3
9790,11
9791,21
9792,3
9793,16
9794,19
9795,4
9796,13
9797,4
9798,9
9799,15
9800,1
9801,7
9802,3
9803,6
9804,12
9805,0
9806,5
9807,12
9808,8
9809,11
9810,7
9811,13
9812,0
9813,23
9814,23
9815,12
9816,16
9817,6
9818,1
9819,12
9820,20
9821,1
9822,0
9823,3
9824,14
9825,21
9826,13
9827,9
9828,14
9829,14
9830,7
9831,3
9832,15
9833,21
9834,2
9835,17
9836,3
9837,3
9838,10
9839,12
9840,6
9841,2
9842,13
9843,16
9844,7
9845,5
9846,10
9847,7
9848,4
9849,0
9850,7
9851,15
9852,14
9853,5
9854,9
9855,10
9856,7
9857,3
9858,0
9859,7
9860,23
9861,4
9862,10
9863,23
9864,3
9865,13
9866,1
9867,14
9868,16
9869,3
9870,6
9871,23
9872,8
9873,16
9874,8
9875,23
9876,11
9877,18
9878,7
9879,13
9880,15
9881,7
9882,0
9883,23
9884,16
9885,23
9886,12
9887,23
9888,16
9889,3
9890,10
9891,20
9892,3
9893,19
9894,4
9895,3
9896,10
9897,20
9898,15
9899,2
9900,1
9901,3
9902,7
9903,4
9904,10
9905,20
9906,0
9907,5
9908,3
9909,12
9910,6
9911,4
9912,7
9913,14
9914,15
9915,16
9916,23
9917,2
9918,16
9919,5
9920,3
9921,9
9922,22
9923,3
9924,13
9925,16
9926,11
9927,5
9928,20
9929,14
9930,7
9931,13
9932,8
9933,3
9934,6
9935,3
9936,12
9937,15
9938,21
9939,20
9940,8
9941,4
9942,23
9943,0
9944,9
9945,8
9946,15
9947,2
9948,19
9949,22
9950,3
9951,8
9952,6
9953,15
9954,3
9955,19
9956,4
9957,20
9958,7
9959,8
9960,3
9961,1
9962,10
9963,12
9964,23
9965,8
9966,3
9967,15
9968,8
9969,13
9970,8
9971,3
9972,9
9973,3
9974,3
9975,23
9976,15
9977,11
9978,12
9979,12
9980,4
9981,0
9982,18
9983,23
9984,7
9985,8
9986,8
9987,14
9988,7
9989,6
9990,10
9991,19
9992,20
9993,7
9994,1
9995,15
9996,9
9997,3
9998,20
9999,13
10000,10
10001,22
10002,23
10003,16
10004,21
10005,5
10006,6
10007,6
10008,23
10009,16
10010,10
10011,8
10012,19
10013,13
10014,16
10015,12
10016,1
10017,7
10018,16
10019,8
10020,5
10021,1
10022,3
10023,16
10024,1
10025,11
10026,3
10027,16
10028,5
10029,15
10030,13
10031,5
10032,16
10033,1
10034,9
10035,5
10036,15
10037,18
10038,16
10039,13
10040,7
10041,22
10042,16
10043,14
10044,0
10045,5
10046,12
10047,16
10048,12
10049,4
10050,16
10051,10
10052,1
10053,18
10054,3
10055,7
10056,14
10057,9
10058,15
10059,12
10060,7
10061,16
10062,8
10063,8
10064,8
10065,3
10066,17
10067,9
10068,1
10069,13
10070,19
10071,0
10072,14
10073,3
10074,10
10075,20
10076,7
10077,3
10078,12
10079,3
10080,9
10081,10
10082,15
10083,3
10084,3
10085,18
10086,9
10087,7
10088,8
10089,3
10090,3
10091,12
10092,15
10093,13
10094,20
10095,6
10096,23
10097,17
10098,3
10099,9
10100,8
10101,16
10102,4
10103,6
10104,5
10105,21
10106,3
10107,18
10108,13
10109,9
10110,10
10111,12
10112,3
10113,3
10114,23
10115,2
10116,22
10117,5
10118,18
10119,10
10120,21
10121,12
10122,3
10123,3
10124,2
10125,13
10126,16
10127,7
10128,8
10129,7
10130,16
10131,11
10132,3
10133,1
10134,13
10135,9
10136,12
10137,6
10138,8
10139,18
10140,8
10141,7
10142,16
10143,3
10144,9
10145,0
10146,23
10147,12
10148,3
10149,12
10150,6
10151,8
10152,5
10153,3
10154,3
10155,16
10156,5
10157,10
10158,3
10159,9
10160,16
10161,16
10162,4
10163,13
10164,6
10165,9
10166,6
10167,16
10168,9
10169,11
10170,9
10171,3
10172,20
10173,9
10174,0
10175,13
10176,3
10177,16
10178,3
10179,13
10180,3
10181,9
10182,14
10183,7
10184,16
10185,9
10186,1
10187,11
10188,16
10189,5
10190,6
10191,9
10192,9
10193,7
10194,7
10195,12
10196,23
10197,12
10198,20
10199,16
10200,6
10201,14
10202,4
10203,13
10204,8
10205,2
10206,16
10207,0
10208,11
10209,3
10210,7
10211,7
10212,12
10213,18
10214,6
10215,9
10216,15
10217,5
10218,5
10219,7
10220,16
10221,4
10222,15
10223,18
10224,9
10225,16
10226,6
10227,2
10228,20
10229,2
10230,23
10231,16
10232,16
10233,0
10234,3
10235,4
10236,5
10237,10
10238,4
10239,8
10240,16
10241,18
10242,6
10243,10
10244,18
10245,3
10246,3
10247,3
10248,11
10249,6
10250,3
10251,3
10252,16
10253,4
10254,16
10255,5
10256,1
10257,13
10258,3
10259,12
10260,14
10261,9
10262,11
10263,9
10264,12
10265,20
10266,5
10267,1
10268,4
10269,3
10270,3
10271,1
10272,12
10273,23
10274,12
10275,10
10276,7
10277,6
10278,4
10279,0
10280,14
10281,3
10282,23
10283,16
10284,1
10285,16
10286,1
10287,9
10288,8
10289,15
10290,10
10291,6
10292,3
10293,7
10294,18
10295,1
10296,1
10297,14
10298,13
10299,2
10300,3
10301,11
10302,13
10303,9
10304,14
10305,21
10306,4
10307,7
10308,16
10309,6
10310,5
10311,12
10312,6
10313,7
10314,17
10315,9
10316,7
10317,16
10318,16
10319,12
10320,2
10321,6
10322,1
10323,3
10324,16
10325,17
10326,0
10327,3
10328,14
10329,9
10330,5
10331,22
10332,7
10333,8
10334,11
10335,15
10336,21
10337,5
10338,3
10339,6
10340,10
10341,12
10342,0
10343,3
10344,4
10345,19
10346,23
10347,16
10348,17
10349,8
10350,14
10351,19
10352,2
10353,15
10354,17
10355,10
10356,14
10357,8
10358,14
10359,6
10360,13
10361,1
10362,8
10363,0
10364,3
10365,3
10366,1
10367,8
10368,3
10369,9
10370,14
10371,20
10372,9
10373,15
10374,3
10375,15
10376,23
10377,3
10378,2
10379,13
10380,15
10381,21
10382,12
10383,16
10384,16
10385,13
10386,3
10387,16
10388,20
10389,12
10390,2
10391,3
10392,13
10393,10
10394,19
10395,16
10396,5
10397,2
10398,3
10399,15
10400,4
10401,23
10402,3
10403,3
10404,4
10405,11
10406,1
10407,3
10408,7
10409,9
10410,14
10411,23
10412,6
10413,3
10414,16
10415,0
10416,4
10417,16
10418,6
10419,5
10420,3
10421,6
10422,11
10423,3
10424,3
10425,14
10426,12
10427,3
10428,16
10429,13
10430,3
10431,22
10432,14
10433,19
10434,5
10435,8
10436,8
10437,6
10438,6
10439,1
10440,9
10441,16
10442,14
10443,16
10444,15
10445,3
10446,3
10447,3
10448,7
10449,16
10450,0
10451,10
10452,10
10453,7
10454,10
10455,17
10456,15
10457,9
10458,2
10459,1
10460,7
10461,16
10462,16
10463,3
10464,9
10465,2
10466,3
10467,15
10468,12
10469,4
10470,1
10471,13
10472,5
10473,13
10474,3
10475,3
10476,15
10477,16
10478,18
10479,16
10480,15
10481,13
10482,9
10483,20
10484,1
10485,5
10486,9
10487,0
10488,13
10489,22
10490,21
10491,3
10492,12
10493,5
10494,9
10495,7
10496,0
10497,14
10498,23
10499,21
10500,13
10501,23
10502,8
10503,0
10504,3
10505,3
10506,8
10507,2
10508,14
10509,7
10510,11
10511,23
10512,18
10513,16
10514,23
10515,7
10516,5
10517,3
10518,14
10519,8
10520,7
10521,16
10522,20
10523,7
10524,23
10525,10
10526,3
10527,14
10528,4
10529,5
10530,10
10531,3
10532,20
10533,1
10534,19
10535,16
10536,10
10537,7
10538,2
10539,14
10540,21
10541,12
10542,7
10543,13
10544,5
10545,2
10546,12
10547,2
10548,10
10549,16
10550,0
10551,8
10552,12
10553,7
10554,12
10555,3
10556,5
10557,13
10558,10
10559,3
10560,5
10561,5
10562,12
10563,5
10564,5
10565,0
10566,3
10567,11
10568,9
10569,11
10570,13
10571,4
10572,0
10573,13
10574,2
10575,23
10576,3
10577,12
10578,23
10579,7
10580,23
10581,23
10582,12
10583,7
10584,9
10585,7
10586,0
10587,21
10588,3
10589,20
10590,3
10591,14
10592,21
10593,16
10594,11
10595,15
10596,16
10597,9
10598,12
10599,15
10600,6
10601,14
10602,0
10603,13
10604,13
10605,10
10606,3
10607,16
10608,15
10609,3
10610,3
10611,3
10612,3
10613,9
10614,21
10615,10
10616,8
10617,3
10618,13
10619,6
10620,11
10621,4
10622,6
10623,20
10624,3
10625,22
10626,7
10627,3
10628,3
10629,10
10630,5
10631,7
10632,16
10633,20
10634,15
10635,0
10636,4
10637,15
10638,15
10639,10
10640,11
10641,12
10642,14
10643,20
10644,3
10645,5
10646,15
10647,5
10648,3
10649,13
10650,3
10651,22
10652,21
10653,6
10654,7
10655,12
10656,5
10657,12
10658,13
10659,12
10660,16
10661,1
10662,3
10663,5
10664,13
10665,3
10666,14
10667,8
10668,5
10669,3
10670,3
10671,5
10672,19
10673,14
10674,21
10675,1
10676,3
10677,7
10678,21
10679,1
10680,16
10681,16
10682,9
10683,12
10684,15
10685,18
10686,3
10687,12
10688,15
10689,18
10690,20
10691,13
10692,16
10693,7
10694,12
10695,15
10696,7
10697,3
10698,1
10699,3
10700,3
10701,15
10702,16
10703,0
10704,16
10705,8
10706,15
10707,0
10708,5
10709,3
10710,0
10711,8
10712,4
10713,16
10714,16
10715,8
10716,21
10717,23
10718,14
10719,6
10720,6
10721,3
10722,7
10723,6
10724,11
10725,3
10726,10
10727,21
10728,18
10729,14
10730,3
10731,12
10732,12
10733,23
10734,3
10735,1
10736,2
10737,4
10738,8
10739,3
10740,13
10741,23
10742,3
10743,2
10744,22
10745,5
10746,14
10747,13
10748,3
10749,18
10750,11
10751,5
10752,0
10753,15
10754,21
10755,11
10756,9
10757,5
10758,4
10759,5
10760,2
10761,5
10762,15
10763,11
10764,11
10765,21
10766,23
10767,5
10768,8
10769,9
10770,3
10771,6
10772,16
10773,6
10774,10
10775,3
10776,3
10777,3
10778,13
10779,3
10780,10
10781,0
10782,3
10783,7
10784,6
10785,11
10786,20
10787,7
10788,15
10789,13
10790,1
10791,11
10792,13
10793,16
10794,3
10795,9
10796,3
10797,1
10798,20
10799,3
10800,9
10801,12
10802,0
10803,2
10804,21
10805,8
10806,11
10807,3
10808,9
10809,1
10810,7
10811,3
10812,3
10813,22
10814,0
10815,7
10816,3
10817,13
10818,13
10819,16
10820,23
10821,21
10822,7
10823,8
10824,1
10825,3
10826,13
10827,9
10828,8
10829,18
10830,14
10831,14
10832,6
10833,20
10834,3
10835,1
10836,14
10837,5
10838,3
10839,3
10840,9
10841,12
10842,3
10843,11
10844,12
10845,15
10846,15
10847,3
10848,15
10849,23
10850,12
10851,16
10852,21
10853,5
10854,23
10855,3
10856,16
10857,11
10858,10
10859,3
10860,11
10861,20
10862,7
10863,10
10864,5
10865,18
10866,12
10867,23
10868,3
10869,3
10870,12
10871,12
10872,6
10873,9
10874,15
10875,20
10876,3
10877,16
10878,4
10879,14
10880,7
10881,9
10882,16
10883,13
10884,3
10885,2
10886,8
10887,9
10888,14
10889,1
10890,19
10891,13
10892,13
10893,3
10894,3
10895,13
10896,7
10897,3
10898,13
10899,5
10900,18
10901,15
10902,1
10903,6
10904,12
10905,16
10906,13
10907,17
10908,5
10909,15
10910,6
10911,20
10912,4
10913,12
10914,0
10915,6
10916,20
10917,7
10918,13
10919,0
10920,6
10921,8
10922,3
10923,6
10924,11
10925,3
10926,9
10927,12
10928,2
10929,12
10930,16
10931,8
10932,4
10933,11
10934,15
10935,11
10936,14
10937,4
10938,15
10939,3
10940,3
10941,5
10942,11
10943,0
10944,12
10945,3
10946,9
10947,11
10948,23
10949,14
10950,9
10951,3
10952,10
10953,13
10954,16
10955,5
10956,17
10957,5
10958,4
10959,3
10960,10
10961,18
10962,11
10963,3
10964,9
10965,10
10966,1
10967,3
10968,3
10969,15
10970,12
10971,16
10972,6
10973,15
10974,3
10975,19
10976,2
10977,12
10978,12
10979,7
10980,23
10981,3
10982,13
10983,15
10984,8
10985,1
10986,16
10987,3
10988,5
10989,11
10990,2
10991,3
10992,8
10993,6
10994,6
10995,0
10996,13
10997,3
10998,12
10999,23
11000,19
11001,1
11002,7
11003,11
11004,14
11005,13
11006,7
11007,13
11008,14
11009,12
11010,18
11011,12
11012,15
11013,3
11014,12
11015,12
11016,13
11017,3
11018,12
11019,0
11020,16
11021,13
11022,9
11023,6
11024,18
11025,7
11026,14
11027,15
11028,14
11029,13
11030,3
11031,9
11032,19
11033,11
11034,16
11035,10
11036,16
11037,3
11038,7
11039,16
11040,11
11041,12
11042,4
11043,12
11044,4
11045,1
11046,10
11047,4
11048,16
11049,13
11050,3
11051,19
11052,10
11053,5
11054,10
11055,0
11056,12
11057,6
11058,5
11059,3
11060,3
11061,16
11062,5
11063,14
11064,16
11065,13
11066,6
11067,1
11068,3
11069,3
11070,21
11071,7
11072,7
11073,7
11074,7
11075,16
11076,3
11077,13
11078,3
11079,10
11080,1
11081,23
11082,3
11083,10
11084,3
11085,15
11086,9
11087,3
11088,7
11089,3
11090,5
11091,6
11092,13
11093,15
11094,23
11095,3
11096,3
11097,0
11098,7
11099,8
11100,7
11101,3
11102,9
11103,3
11104,10
11105,4
11106,12
11107,8
11108,16
11109,12
11110,1
11111,13
11112,13
11113,3
11114,21
11115,15
11116,18
11117,10
11118,3
11119,16
11120,20
11121,18
11122,7
11123,7
11124,3
11125,8
11126,13
11127,15
11128,19
11129,3
11130,3
11131,3
11132,12
11133,7
11134,2
11135,20
11136,15
11137,8
11138,18
11139,3
11140,4
11141,3
11142,7
11143,0
11144,7
11145,3
11146,14
11147,18
11148,3
11149,11
11150,3
11151,6
11152,12
11153,5
11154,0
11155,3
11156,7
11157,10
11158,1
11159,6
11160,1
11161,14
11162,10
11163,17
11164,23
11165,5
11166,3
11167,5
11168,16
11169,6
11170,7
11171,15
11172,11
11173,3
11174,11
11175,11
11176,4
11177,13
11178,7
11179,14
11180,1
11181,12
11182,3
11183,6
11184,8
11185,8
11186,3
11187,0
11188,1
11189,14
11190,5
11191,3
11192,0
11193,16
11194,0
11195,3
11196,20
11197,0
11198,0
11199,15
11200,13
11201,15
11202,3
11203,16
11204,16
11205,23
11206,5
11207,12
11208,11
11209,16
11210,20
11211,11
11212,20
11213,15
11214,0
11215,5
11216,20
11217,13
11218,3
11219,7
11220,13
11221,1
11222,17
11223,7
11224,16
11225,16
11226,9
11227,8
11228,16
11229,20
11230,22
11231,2
11232,19
11233,7
11234,5
11235,23
11236,5
11237,12
11238,8
11239,6
11240,2
11241,9
11242,13
11243,3
11244,20
11245,16
11246,18
11247,1
11248,23
11249,3
11250,20
11251,14
11252,12
11253,8
11254,3
11255,3
11256,8
11257,22
11258,13
11259,9
11260,3
11261,3
11262,15
11263,21
11264,1
11265,22
11266,6
11267,16
11268,11
11269,3
11270,13
11271,16
11272,23
11273,21
11274,5
11275,3
11276,8
11277,2
11278,14
11279,7
11280,14
11281,23
11282,0
11283,12
11284,15
11285,18
11286,12
11287,21
11288,12
11289,13
11290,3
11291,3
11292,21
11293,7
11294,12
11295,17
11296,6
11297,16
11298,15
11299,14
11300,16
11301,3
11302,11
11303,9
11304,4
11305,19
11306,3
11307,7
11308,3
11309,12
11310,16
11311,3
11312,12
11313,9
11314,13
11315,3
11316,16
11317,3
11318,3
11319,8
11320,12
11321,10
11322,13
11323,3
11324,3
11325,2
11326,14
11327,16
11328,12
11329,12
11330,3
11331,3
11332,0
11333,16
11334,3
11335,3
11336,16
11337,2
11338,11
11339,10
11340,21
11341,20
11342,3
11343,0
11344,6
11345,13
11346,12
11347,16
11348,20
11349,12
11350,0
11351,4
11352,9
11353,3
11354,6
11355,14
11356,6
11357,5
11358,11
11359,13
11360,12
11361,2
11362,16
11363,5
11364,7
11365,16
11366,13
11367,20
11368,9
11369,18
11370,3
11371,6
11372,3
11373,13
11374,18
11375,13
11376,16
11377,21
11378,3
11379,12
11380,11
11381,6
11382,15
11383,13
11384,15
11385,15
11386,12
11387,5
11388,19
11389,16
11390,7
11391,19
11392,3
11393,11
11394,21
11395,4
11396,9
11397,1
11398,15
11399,15
11400,20
11401,10
11402,11
11403,0
11404,2
11405,4
11406,13
11407,2
11408,9
11409,16
11410,19
11411,6
11412,10
11413,3
11414,9
11415,4
11416,8
11417,22
11418,1
11419,12
11420,11
11421,8
11422,1
11423,2
11424,8
11425,12
11426,21
11427,1
11428,13
11429,5
11430,11
11431,4
11432,19
11433,13
11434,14
11435,6
11436,13
11437,4
11438,6
11439,3
11440,3
11441,8
11442,7
11443,13
11444,13
11445,8
11446,14
11447,18
11448,14
11449,19
11450,11
11451,7
11452,15
11453,16
11454,15
11455,3
11456,12
11457,4
11458,0
11459,3
11460,14
11461,3
11462,6
11463,0
11464,18
11465,7
11466,16
11467,21
11468,11
11469,13
11470,1
11471,7
11472,11
11473,13
11474,5
11475,4
11476,7
11477,21
11478,7
11479,3
11480,13
11481,23
11482,15
11483,3
11484,13
11485,1
11486,23
11487,7
11488,13
11489,9
11490,21
11491,1
11492,2
11493,7
11494,7
11495,7
11496,3
11497,0
11498,5
11499,5
11500,16
11501,0
11502,3
11503,5
11504,3
11505,9
11506,10
11507,22
11508,11
11509,2
11510,0
11511,4
11512,6
11513,16
11514,3
11515,16
11516,17
11517,21
11518,20
11519,1
11520,16
11521,12
11522,3
11523,21
11524,14
11525,1
11526,1
11527,3
11528,7
11529,20
11530,7
11531,3
11532,15
11533,9
11534,8
11535,2
11536,7
11537,12
11538,16
11539,20
11540,7
11541,2
11542,13
11543,13
11544,23
11545,21
11546,12
11547,4
11548,11
11549,3
11550,3
11551,3
11552,20
11553,23
11554,16
11555,14
11556,11
11557,13
11558,13
11559,6
11560,7
11561,16
11562,15
11563,16
11564,22
11565,8
11566,9
11567,9
11568,3
11569,5
11570,6
11571,3
11572,9
11573,0
11574,8
11575,0
11576,16
11577,18
11578,5
11579,23
11580,20
11581,4
11582,13
11583,3
11584,5
11585,10
11586,12
11587,20
11588,3
11589,3
11590,3
11591,18
11592,12
11593,4
11594,1
11595,7
11596,5
11597,13
11598,3
11599,2
11600,3
11601,12
11602,7
11603,15
11604,10
11605,16
11606,21
11607,14
11608,23
11609,12
11610,4
11611,20
11612,19
11613,12
11614,12
11615,14
11616,13
11617,18
11618,7
11619,20
11620,0
11621,10
11622,14
11623,16
11624,3
11625,2
11626,2
11627,3
11628,18
11629,19
11630,1
11631,14
11632,6
11633,2
11634,11
11635,13
11636,22
11637,19
11638,19
11639,0
11640,19
11641,21
11642,3
11643,16
11644,3
11645,16
11646,10
11647,1
11648,3
11649,12
11650,23
11651,3
11652,5
11653,9
11654,11
11655,3
11656,3
11657,5
11658,4
11659,10
11660,20
11661,21
11662,5
11663,16
11664,7
11665,3
11666,21
11667,3
11668,12
11669,18
11670,5
11671,13
11672,16
11673,13
11674,3
11675,15
11676,15
11677,3
11678,7
11679,14
11680,12
11681,12
11682,6
11683,16
11684,3
11685,15
11686,12
11687,6
11688,18
11689,3
11690,3
11691,3
11692,8
11693,1
11694,4
11695,7
11696,16
11697,13
11698,3
11699,8
11700,3
11701,7
11702,3
11703,6
11704,1
11705,1
11706,7
11707,3
11708,3
11709,14
11710,3
11711,20
11712,16
11713,15
11714,11
11715,0
11716,14
11717,7
11718,3
11719,3
11720,14
11721,0
11722,7
11723,3
11724,0
11725,7
11726,3
11727,14
11728,13
11729,16
11730,13
11731,18
11732,10
11733,16
11734,0
11735,20
11736,0
11737,15
11738,7
11739,21
11740,14
11741,3
11742,16
11743,19
11744,23
11745,3
11746,6
11747,13
11748,20
11749,5
11750,9
11751,3
11752,3
11753,0
11754,1
11755,8
11756,15
11757,20
11758,3
11759,12
11760,0
11761,14
11762,13
11763,4
11764,2
11765,8
11766,23
11767,3
11768,16
11769,17
11770,3
11771,1
11772,3
11773,9
11774,2
11775,13
11776,7
11777,13
11778,14
11779,1
11780,14
11781,3
11782,21
11783,3
11784,16
11785,3
11786,6
11787,11
11788,2
11789,20
11790,7
11791,15
11792,3
11793,3
11794,14
11795,20
11796,0
11797,13
11798,23
11799,7
11800,12
11801,12
11802,3
11803,16
11804,8
11805,10
11806,9
11807,15
11808,9
11809,13
11810,1
11811,13
11812,3
11813,16
11814,8
11815,8
11816,3
11817,5
11818,3
11819,8
11820,15
11821,0
11822,4
11823,21
11824,15
11825,16
11826,3
11827,12
11828,10
11829,3
11830,13
11831,20
11832,16
11833,3
11834,3
11835,3
11836,3
11837,15
11838,3
11839,15
11840,3
11841,2
11842,13
11843,13
11844,22
11845,3
11846,12
11847,12
11848,1
11849,3
11850,16
11851,10
11852,1
11853,6
11854,3
11855,9
11856,7
11857,22
11858,9
11859,14
11860,3
11861,3
11862,16
11863,3
11864,16
11865,3
11866,18
11867,18
11868,3
11869,13
11870,16
11871,15
11872,3
11873,23
11874,23
11875,5
11876,3
11877,12
11878,16
11879,4
11880,2
11881,3
11882,14
11883,6
11884,4
11885,20
11886,0
11887,14
11888,17
11889,13
11890,10
11891,7
11892,3
11893,16
11894,3
11895,16
11896,1
11897,20
11898,3
11899,19
11900,7
11901,13
11902,12
11903,3
11904,15
11905,6
11906,23
11907,16
11908,3
11909,8
11910,16
11911,0
11912,10
11913,3
11914,12
11915,8
11916,11
11917,3
11918,2
11919,1
11920,3
11921,16
11922,15
11923,12
11924,7
11925,5
11926,20
11927,23
11928,1
11929,9
11930,0
11931,8
11932,19
11933,16
11934,9
11935,5
11936,16
11937,20
11938,3
11939,15
11940,9
11941,3
11942,11
11943,3
11944,10
11945,16
11946,15
11947,16
11948,6
11949,0
11950,1
11951,3
11952,20
11953,14
11954,6
11955,17
11956,13
11957,1
11958,9
11959,15
11960,11
11961,23
11962,3
11963,1
11964,16
11965,3
11966,12
11967,14
11968,1
11969,2
11970,3
11971,8
11972,8
11973,13
11974,2
11975,15
11976,20
11977,3
11978,21
11979,4
11980,13
11981,1
11982,3
11983,15
11984,10
11985,11
11986,23
11987,20
11988,9
11989,6
11990,10
11991,3
11992,8
11993,4
11994,1
11995,7
11996,3
11997,7
11998,14
11999,12
12000,12
12001,6
12002,19
12003,8
12004,12
12005,12
12006,0
12007,6
12008,3
12009,3
12010,13
12011,10
12012,7
12013,5
12014,3
12015,14
12016,10
12017,3
12018,15
12019,7
12020,18
12021,11
12022,16
12023,19
12024,16
12025,3
12026,16
12027,7
12028,0
12029,21
12030,6
12031,2
12032,12
12033,18
12034,20
12035,3
12036,13
12037,0
12038,3
12039,3
12040,1
12041,0
12042,9
12043,14
12044,13
12045,13
12046,11
12047,10
12048,5
12049,5
12050,10
12051,7
12052,15
12053,8
12054,4
12055,9
12056,11
12057,7
12058,15
12059,7
12060,8
12061,3
12062,20
12063,23
12064,7
12065,11
12066,13
12067,19
12068,2
12069,14
12070,17
12071,9
12072,13
12073,1
12074,12
12075,21
12076,5
12077,3
12078,14
12079,18
12080,10
12081,23
12082,13
12083,3
12084,3
12085,6
12086,9
12087,6
12088,1
12089,3
12090,14
12091,8
12092,16
12093,12
12094,16
12095,5
12096,3
12097,16
12098,12
12099,13
12100,1
12101,1
12102,7
12103,12
12104,11
12105,0
12106,5
12107,3
12108,14
12109,23
12110,6
12111,10
12112,3
12113,3
12114,16
12115,6
12116,3
12117,16
12118,10
12119,14
12120,0
12121,0
12122,12
12123,15
12124,4
12125,5
12126,3
12127,23
12128,1
12129,4
12130,3
12131,4
12132,5
12133,11
12134,12
12135,23
12136,3
12137,3
12138,8
12139,7
12140,18
12141,13
12142,2
12143,2
12144,1
12145,3
12146,9
12147,12
12148,14
12149,3
12150,23
12151,3
12152,0
12153,6
12154,13
12155,6
12156,16
12157,23
12158,15
12159,5
12160,11
12161,2
12162,0
12163,18
12164,6
12165,16
12166,6
12167,1
12168,23
12169,23
12170,9
12171,3
12172,2
12173,20
12174,11
12175,12
12176,12
12177,10
12178,5
12179,3
12180,20
12181,16
12182,19
12183,5
12184,23
12185,3
12186,18
12187,21
12188,7
12189,5
12190,13
12191,5
12192,22
12193,7
12194,23
12195,1
12196,21
12197,4
12198,8
12199,11
12200,3
12201,2
12202,21
12203,15
12204,0
12205,3
12206,16
12207,16
12208,5
12209,3
12210,16
12211,7
12212,12
12213,0
12214,8
12215,3
12216,12
12217,4
12218,15
12219,3
12220,13
12221,4
12222,3
12223,13
12224,7
12225,13
12226,6
12227,4
12228,16
12229,3
12230,4
12231,14
12232,9
12233,9
12234,6
12235,14
12236,20
12237,3
12238,23
12239,7
12240,3
12241,3
12242,18
12243,12
12244,16
12245,1
12246,7
12247,9
12248,17
12249,7
12250,3
12251,21
12252,7
12253,0
12254,9
12255,3
12256,22
12257,8
12258,10
12259,12
12260,21
12261,19
12262,4
12263,6
12264,5
12265,7
12266,16
12267,3
12268,3
12269,0
12270,21
12271,19
12272,13
12273,4
12274,3
12275,11
12276,6
12277,4
12278,2
12279,19
12280,11
12281,3
12282,13
12283,7
12284,4
12285,18
12286,23
12287,3
12288,5
12289,5
12290,16
12291,6
12292,12
12293,6
12294,12
12295,3
12296,18
12297,14
12298,5
12299,11
12300,19
12301,3
12302,10
12303,16
12304,18
12305,3
12306,21
12307,10
12308,8
12309,10
12310,20
12311,3
12312,21
12313,10
12314,23
12315,2
12316,3
12317,6
12318,3
12319,12
12320,4
12321,2
12322,5
12323,18
12324,4
12325,7
12326,13
12327,3
12328,0
12329,16
12330,1
12331,3
12332,5
12333,8
12334,19
12335,12
12336,3
12337,16
12338,12
12339,14
12340,16
12341,21
12342,13
12343,13
12344,12
12345,3
12346,21
12347,3
12348,12
12349,3
12350,7
12351,16
12352,23
12353,15
12354,4
12355,22
12356,3
12357,3
12358,14
12359,20
12360,3
12361,3
12362,0
12363,7
12364,3
12365,3
12366,4
12367,4
12368,16
12369,3
12370,12
12371,14
12372,14
12373,3
12374,0
12375,3
12376,16
12377,15
12378,15
12379,7
12380,13
12381,5
12382,6
12383,3
12384,5
12385,14
12386,13
12387,21
12388,19
12389,0
12390,13
12391,13
12392,7
12393,9
12394,13
12395,2
12396,12
12397,4
12398,0
12399,20
12400,16
12401,11
12402,7
12403,15
12404,16
12405,16
12406,3
12407,20
12408,21
12409,3
12410,11
12411,16
12412,0
12413,7
12414,16
12415,16
12416,0
12417,5
12418,13
12419,20
12420,4
12421,3
12422,7
12423,2
12424,11
12425,3
12426,11
12427,20
12428,13
12429,7
12430,5
12431,2
12432,15
12433,1
12434,10
12435,3
12436,5
12437,15
12438,13
12439,15
12440,3
12441,16
12442,21
12443,5
12444,12
12445,3
12446,4
12447,14
12448,9
12449,12
12450,5
12451,7
12452,6
12453,14
12454,23
12455,3
12456,5
12457,3
12458,10
12459,2
12460,12
12461,1
12462,20
12463,3
12464,16
12465,9
12466,2
12467,13
12468,3
12469,23
12470,1
12471,15
12472,12
12473,0
12474,21
12475,4
12476,3
12477,2
12478,23
12479,3
12480,13
12481,23
12482,7
12483,2
12484,9
12485,11
12486,20
12487,21
12488,16
12489,0
12490,9
12491,9
12492,6
12493,20
12494,4
12495,4
12496,15
12497,11
12498,0
12499,7
12500,20
12501,6
12502,6
12503,3
12504,9
12505,13
12506,3
12507,16
12508,21
12509,3
12510,22
12511,5
12512,11
12513,3
12514,7
12515,18
12516,12
12517,10
12518,15
12519,15
12520,20
12521,23
12522,13
12523,14
12524,12
12525,3
12526,14
12527,23
12528,16
12529,14
12530,21
12531,9
12532,3
12533,22
12534,1
12535,16
12536,11
12537,6
12538,13
12539,13
12540,1
12541,12
12542,6
12543,7
12544,3
12545,1
12546,1
12547,10
12548,10
12549,23
12550,2
12551,12
12552,5
12553,13
12554,4
12555,7
12556,23
12557,9
12558,13
12559,7
12560,16
12561,20
12562,14
12563,13
12564,12
12565,6
12566,8
12567,1
12568,7
12569,3
12570,19
12571,22
12572,20
12573,2
12574,4
12575,3
12576,16
12577,0
12578,10
12579,21
12580,6
12581,16
12582,0
12583,11
12584,11
12585,20
12586,3
12587,15
12588,13
12589,2
12590,11
12591,15
12592,3
12593,12
12594,5
12595,3
12596,0
12597,15
12598,15
12599,15
12600,3
12601,13
12602,11
12603,5
12604,3
12605,15
12606,11
12607,8
12608,16
12609,1
12610,7
12611,23
12612,12
12613,7
12614,19
12615,15
12616,23
12617,3
12618,0
12619,10
12620,14
12621,13
12622,21
12623,14
12624,13
12625,10
12626,10
12627,13
12628,20
12629,12
12630,11
12631,9
12632,7
12633,8
12634,11
12635,21
12636,14
12637,12
12638,4
12639,12
12640,3
12641,13
12642,8
12643,8
12644,3
12645,3
12646,12
12647,1
12648,6
12649,3
12650,2
12651,4
12652,14
12653,16
12654,13
12655,8
12656,13
12657,5
12658,21
12659,5
12660,7
12661,9
12662,3
12663,23
12664,16
12665,6
12666,5
12667,4
12668,16
12669,23
12670,7
12671,14
12672,1
12673,10
12674,12
12675,8
12676,4
12677,3
12678,7
12679,3
12680,4
12681,4
12682,4
12683,22
12684,15
12685,2
12686,7
12687,15
12688,20
12689,16
12690,16
12691,5
12692,23
12693,0
12694,20
12695,3
12696,3
12697,3
12698,15
12699,12
12700,3
12701,1
12702,13
12703,16
12704,3
12705,23
12706,10
12707,5
12708,23
12709,16
12710,10
12711,1
12712,12
12713,3
12714,13
12715,7
12716,16
12717,14
12718,8
12719,8
12720,5
12721,14
12722,14
12723,8
12724,8
12725,3
12726,0
12727,4
12728,11
12729,1
12730,3
12731,12
12732,15
12733,16
12734,3
12735,21
12736,12
12737,9
12738,5
12739,14
12740,17
12741,2
12742,7
12743,15
12744,20
12745,12
12746,12
12747,17
12748,14
12749,3
12750,3
12751,9
12752,19
12753,6
12754,4
12755,9
12756,2
12757,3
12758,3
12759,16
12760,8
12761,10
12762,21
12763,6
12764,10
12765,0
12766,2
12767,14
12768,15
12769,7
12770,23
12771,0
12772,0
12773,3
12774,5
12775,14
12776,3
12777,20
12778,18
12779,4
12780,8
12781,20
12782,13
12783,1
12784,16
12785,10
12786,10
12787,11
12788,3
12789,9
12790,1
12791,13
12792,11
12793,18
12794,23
12795,16
12796,5
12797,10
12798,12
12799,5
12800,1
12801,3
12802,11
12803,8
12804,12
12805,12
12806,3
12807,15
12808,0
12809,12
12810,3
12811,6
12812,21
12813,16
12814,4
12815,5
12816,2
12817,16
12818,1
12819,21
12820,19
12821,13
12822,12
12823,16
12824,7
12825,12
12826,16
12827,15
12828,23
12829,5
12830,5
12831,12
12832,6
12833,10
12834,3
12835,13
12836,3
12837,3
12838,22
12839,13
12840,3
12841,22
12842,20
12843,3
12844,3
12845,16
12846,8
12847,12
12848,3
12849,3
12850,1
12851,7
12852,1
12853,10
12854,3
12855,15
12856,17
12857,3
12858,23
12859,1
12860,6
12861,3
12862,21
12863,13
12864,23
12865,12
12866,19
12867,1
12868,12
12869,13
12870,1
12871,4
12872,14
12873,10
12874,23
12875,20
12876,13
12877,3
12878,5
12879,6
12880,9
12881,16
12882,18
12883,13
12884,2
12885,10
12886,10
12887,3
12888,5
12889,15
12890,16
12891,6
12892,3
12893,9
12894,16
12895,1
12896,8
12897,10
12898,16
12899,23
12900,3
12901,15
12902,3
12903,1
12904,3
12905,4
12906,11
12907,19
12908,3
12909,8
12910,3
12911,18
12912,9
12913,12
12914,6
12915,3
12916,3
12917,8
12918,16
12919,3
12920,7
12921,1
12922,6
12923,16
12924,23
12925,15
12926,3
12927,10
12928,5
12929,12
12930,3
12931,1
12932,12
12933,3
12934,0
12935,6
12936,4
12937,6
12938,5
12939,0
12940,7
12941,19
12942,8
12943,14
12944,7
12945,12
12946,3
12947,3
12948,16
12949,15
12950,4
12951,3
12952,12
12953,10
12954,7
12955,1
12956,19
12957,16
12958,15
12959,3
12960,5
12961,2
12962,15
12963,20
12964,16
12965,10
12966,1
12967,12
12968,15
12969,5
12970,3
12971,11
12972,1
12973,3
12974,10
12975,10
12976,13
12977,9
12978,5
12979,8
12980,7
12981,13
12982,9
12983,12
12984,3
12985,4
12986,23
12987,13
12988,2
12989,3
12990,7
12991,20
12992,13
12993,3
12994,4
12995,9
12996,16
12997,3
12998,0
12999,9
13000,2
13001,8
13002,18
13003,16
13004,8
13005,0
13006,15
13007,3
13008,16
13009,23
13010,15
13011,0
13012,18
13013,12
13014,7
13015,8
13016,6
13017,16
13018,9
13019,20
13020,3
13021,7
13022,12
13023,3
13024,16
13025,23
13026,9
13027,1
13028,4
13029,16
13030,4
13031,5
13032,3
13033,19
13034,15
13035,5
13036,11
13037,12
13038,7
13039,0
13040,5
13041,8
13042,15
13043,1
13044,14
13045,23
13046,9
13047,2
13048,5
13049,13
13050,15
13051,3
13052,16
13053,17
13054,6
13055,21
13056,10
13057,18
13058,11
13059,18
13060,16
13061,15
13062,5
13063,3
13064,15
13065,3
13066,3
13067,15
13068,8
13069,11
13070,9
13071,15
13072,20
13073,7
13074,3
13075,2
13076,2
13077,21
13078,8
13079,20
13080,3
13081,11
13082,8
13083,3
13084,3
13085,18
13086,3
13087,11
13088,20
13089,2
13090,22
13091,20
13092,3
13093,11
13094,16
13095,23
13096,10
13097,7
13098,5
13099,13
13100,13
13101,4
13102,15
13103,5
13104,7
13105,0
13106,6
13107,11
13108,23
13109,9
13110,7
13111,6
13112,0
13113,3
13114,22
13115,6
13116,3
13117,7
13118,3
13119,7
13120,16
13121,5
13122,7
13123,17
13124,10
13125,22
13126,2
13127,8
13128,11
13129,23
13130,21
13131,12
13132,3
13133,11
13134,18
13135,8
13136,4
13137,16
13138,16
13139,0
13140,1
13141,3
13142,7
13143,18
13144,0
13145,5
13146,4
13147,3
13148,18
13149,8
13150,16
13151,6
13152,0
13153,13
13154,10
13155,13
13156,20
13157,23
13158,8
13159,2
13160,14
13161,10
13162,3
13163,23
13164,3
13165,4
13166,3
13167,5
13168,15
13169,0
13170,15
13171,21
13172,10
13173,3
13174,9
13175,4
13176,10
13177,14
13178,3
13179,23
13180,18
13181,16
13182,21
13183,3
13184,16
13185,6
13186,3
13187,7
13188,7
13189,7
13190,9
13191,15
13192,3
13193,16
13194,4
13195,5
13196,15
13197,12
13198,4
13199,3
13200,14
13201,5
13202,4
13203,15
13204,12
13205,7
13206,16
13207,11
13208,15
13209,3
13210,6
13211,14
13212,16
13213,7
13214,1
13215,4
13216,12
13217,23
13218,6
13219,15
13220,21
13221,9
13222,12
13223,3
13224,13
13225,3
13226,9
13227,3
13228,11
13229,3
13230,14
13231,13
13232,3
13233,19
13234,4
13235,3
13236,3
13237,3
13238,23
13239,3
13240,12
13241,15
13242,0
13243,7
13244,3
13245,12
13246,6
13247,8
13248,3
13249,5
13250,10
13251,17
13252,12
13253,13
13254,12
13255,0
13256,6
13257,12
13258,13
13259,6
13260,22
13261,3
13262,12
13263,3
13264,9
13265,5
13266,12
13267,23
13268,4
13269,3
13270,16
13271,13
13272,3
13273,5
13274,14
13275,3
13276,4
13277,15
13278,8
13279,12
13280,15
13281,7
13282,15
13283,14
13284,10
13285,3
13286,6
13287,16
13288,10
13289,18
13290,13
13291,18
13292,3
13293,7
13294,23
13295,9
13296,14
13297,2
13298,8
13299,13
13300,13
13301,16
13302,18
13303,13
13304,13
13305,8
13306,9
13307,10
13308,14
13309,3
13310,20
13311,16
13312,16
13313,17
13314,3
13315,18
13316,11
13317,3
13318,14
13319,2
13320,3
13321,3
13322,23
13323,15
13324,20
13325,16
13326,3
13327,16
13328,9
13329,11
13330,3
13331,16
13332,5
13333,23
13334,4
13335,16
13336,16
13337,5
13338,23
13339,3
13340,13
13341,3
13342,2
13343,11
13344,23
13345,14
13346,11
13347,3
13348,20
13349,8
13350,15
13351,14
13352,3
13353,18
13354,3
13355,9
13356,11
13357,16
13358,4
13359,3
13360,22
13361,16
13362,8
13363,0
13364,12
13365,23
13366,8
13367,0
13368,2
13369,11
13370,6
13371,3
13372,4
13373,21
13374,12
13375,0
13376,0
13377,3
13378,3
13379,1
13380,15
13381,12
13382,9
13383,3
13384,2
13385,3
13386,13
13387,3
13388,14
13389,23
13390,12
13391,18
13392,14
13393,3
13394,12
13395,8
13396,13
13397,5
13398,5
13399,23
13400,3
13401,5
13402,10
13403,7
13404,7
13405,18
13406,20
13407,3
13408,6
13409,13
13410,10
13411,23
13412,9
13413,11
13414,11
13415,23
13416,18
13417,2
13418,3
13419,3
13420,16
13421,1
13422,23
13423,14
13424,7
13425,13
13426,5
13427,20
13428,4
13429,11
13430,3
13431,23
13432,3
13433,15
13434,12
13435,3
13436,2
13437,8
13438,7
13439,10
13440,6
13441,2
13442,15
13443,20
13444,10
13445,15
13446,0
13447,12
13448,10
13449,3
13450,21
13451,14
13452,16
13453,2
13454,12
13455,3
13456,11
13457,3
13458,8
13459,9
13460,3
13461,13
13462,3
13463,10
13464,16
13465,3
13466,15
13467,23
13468,4
13469,12
13470,5
13471,3
13472,8
13473,14
13474,16
13475,10
13476,3
13477,3
13478,7
13479,9
13480,11
13481,4
13482,1
13483,15
13484,12
13485,6
13486,3
13487,4
13488,3
13489,8
13490,7
13491,18
13492,19
13493,7
13494,3
13495,4
13496,20
13497,8
13498,22
13499,15
13500,6
13501,3
13502,3
13503,3
13504,16
13505,0
13506,14
13507,3
13508,15
13509,8
13510,18
13511,19
13512,3
13513,12
13514,7
13515,7
13516,9
13517,7
13518,16
13519,16
13520,3
13521,15
13522,7
13523,22
13524,3
13525,12
13526,13
13527,11
13528,7
13529,5
13530,16
13531,16
13532,10
13533,8
13534,12
13535,2
13536,3
13537,7
13538,7
13539,6
13540,21
13541,5
13542,19
13543,15
13544,3
13545,14
13546,1
13547,3
13548,1
13549,13
13550,21
13551,5
13552,5
13553,5
13554,11
13555,7
13556,3
13557,15
13558,16
13559,12
13560,10
13561,20
13562,1
13563,15
13564,5
13565,11
13566,3
13567,1
13568,20
13569,0
13570,13
13571,7
13572,3
13573,16
13574,17
13575,12
13576,13
13577,16
13578,21
13579,7
13580,22
13581,8
13582,12
13583,15
13584,12
13585,16
13586,1
13587,7
13588,14
13589,12
13590,21
13591,23
13592,16
13593,23
13594,0
13595,5
13596,12
13597,7
13598,19
13599,12
13600,23
13601,13
13602,16
13603,13
13604,3
13605,14
13606,13
13607,7
13608,7
13609,3
13610,13
13611,1
13612,9
13613,17
13614,7
13615,3
13616,7
13617,2
13618,21
13619,13
13620,6
13621,13
13622,14
13623,14
13624,12
13625,12
13626,3
13627,12
13628,14
13629,12
13630,5
13631,10
13632,14
13633,7
13634,11
13635,14
13636,7
13637,3
13638,15
13639,23
13640,4
13641,5
13642,11
13643,7
13644,5
13645,16
13646,15
13647,23
13648,20
13649,3
13650,3
13651,5
13652,16
13653,23
13654,14
13655,10
13656,15
13657,16
13658,6
13659,20
13660,3
13661,8
13662,20
13663,2
13664,16
13665,3
13666,13
13667,7
13668,14
13669,3
13670,18
13671,18
13672,12
13673,16
13674,3
13675,3
13676,14
13677,5
13678,16
13679,20
13680,9
13681,19
13682,6
13683,11
13684,2
13685,3
13686,0
13687,19
13688,21
13689,14
13690,12
13691,21
13692,3
13693,8
13694,3
13695,18
13696,23
13697,5
13698,0
13699,7
13700,11
13701,3
13702,20
13703,11
13704,12
13705,4
13706,3
13707,12
13708,0
13709,16
13710,3
13711,22
13712,7
13713,3
13714,7
13715,13
13716,3
13717,5
13718,10
13719,12
13720,16
13721,11
13722,21
13723,12
13724,5
13725,13
13726,23
13727,3
13728,18
13729,5
13730,0
13731,12
13732,7
13733,9
13734,9
13735,2
13736,7
13737,16
13738,3
13739,3
13740,11
13741,20
13742,21
13743,18
13744,17
13745,14
13746,23
13747,23
13748,23
13749,15
13750,16
13751,10
13752,15
13753,7
13754,1
13755,3
13756,5
13757,14
13758,5
13759,0
13760,19
13761,21
13762,1
13763,3
13764,20
13765,10
13766,8
13767,15
13768,3
13769,3
13770,11
13771,7
13772,23
13773,3
13774,3
13775,16
13776,11
13777,20
13778,15
13779,12
13780,8
13781,19
13782,7
13783,16
13784,22
13785,14
13786,7
13787,7
13788,3
13789,12
13790,14
13791,22
13792,6
13793,8
13794,13
13795,21
13796,2
13797,3
13798,12
13799,13
13800,3
13801,5
13802,3
13803,2
13804,5
13805,3
13806,16
13807,13
13808,11
13809,5
13810,14
13811,3
13812,20
13813,3
13814,8
13815,22
13816,10
13817,3
13818,9
13819,3
13820,3
13821,14
13822,12
13823,11
13824,23
13825,3
13826,1
13827,4
13828,21
13829,16
13830,4
13831,21
13832,15
13833,23
13834,3
13835,20
13836,1
13837,19
13838,14
13839,13
13840,15
13841,0
13842,18
13843,3
13844,13
13845,20
13846,3
13847,3
13848,3
13849,7
13850,9
13851,16
13852,11
13853,7
13854,23
13855,0
13856,3
13857,13
13858,3
13859,3
13860,8
13861,7
13862,11
13863,16
13864,5
13865,3
13866,9
13867,7
13868,9
13869,16
13870,13
13871,16
13872,21
13873,3
13874,0
13875,13
13876,12
13877,15
13878,3
13879,3
13880,15
13881,4
13882,15
13883,4
13884,5
13885,3
13886,12
13887,2
13888,9
13889,9
13890,3
13891,21
13892,13
13893,10
13894,3
13895,13
13896,9
13897,7
13898,21
13899,6
13900,18
13901,5
13902,15
13903,7
13904,12
13905,19
13906,2
13907,16
13908,3
13909,16
13910,23
13911,16
13912,15
13913,3
13914,16
13915,21
13916,15
13917,13
13918,3
13919,20
13920,7
13921,3
13922,14
13923,1
13924,22
13925,15
13926,18
13927,2
13928,10
13929,3
13930,3
13931,14
13932,21
13933,14
13934,4
13935,9
13936,9
13937,9
13938,12
13939,14
13940,20
13941,4
13942,10
13943,0
13944,0
13945,16
13946,7
13947,12
13948,13
13949,16
13950,13
13951,9
13952,9
13953,16
13954,3
13955,12
13956,23
13957,12
13958,3
13959,12
13960,18
13961,3
13962,0
13963,3
13964,3
13965,7
13966,14
13967,3
13968,3
13969,4
13970,21
13971,4
13972,19
13973,3
13974,12
13975,19
13976,7
13977,15
13978,3
13979,16
13980,1
13981,6
13982,10
13983,6
13984,3
13985,6
13986,15
13987,1
13988,5
13989,5
13990,12
13991,6
13992,3
13993,20
13994,12
13995,8
13996,16
13997,12
13998,6
13999,23
14000,6
14001,11
14002,4
14003,10
14004,13
14005,13
14006,10
14007,15
14008,10
14009,8
14010,13
14011,11
14012,9
14013,16
14014,7
14015,3
14016,18
14017,20
14018,12
14019,5
14020,14
14021,9
14022,7
14023,0
14024,13
14025,3
14026,18
14027,21
14028,8
14029,15
14030,8
14031,8
14032,15
14033,0
14034,8
14035,13
14036,3
14037,3
14038,0
14039,17
14040,3
14041,11
14042,18
14043,2
14044,9
14045,3
14046,20
14047,16
14048,6
14049,18
14050,3
14051,7
14052,5
14053,16
14054,16
14055,9
14056,5
14057,9
14058,18
14059,5
14060,16
14061,8
14062,4
14063,22
14064,5
14065,21
14066,9
14067,14
14068,13
14069,13
14070,14
14071,16
14072,12
14073,20
14074,5
14075,0
14076,12
14077,7
14078,23
14079,0
14080,3
14081,12
14082,1
14083,12
14084,3
14085,13
14086,3
14087,16
14088,7
14089,9
14090,16
14091,2
14092,21
14093,3
14094,1
14095,3
14096,12
14097,3
14098,13
14099,15
14100,1
14101,2
14102,15
14103,1
14104,3
14105,21
14106,4
14107,19
14108,20
14109,9
14110,18
14111,5
14112,16
14113,12
14114,3
14115,5
14116,16
14117,7
14118,7
14119,7
14120,15
14121,3
14122,3
14123,16
14124,3
14125,3
14126,7
14127,1
14128,11
14129,3
14130,7
14131,7
14132,12
14133,3
14134,8
14135,2
14136,23
14137,10
14138,4
14139,13
14140,7
14141,0
14142,0
14143,3
14144,8
14145,11
14146,2
14147,23
14148,15
14149,11
14150,5
14151,18
14152,15
14153,7
14154,3
14155,12
14156,18
14157,12
14158,5
14159,21
14160,6
14161,18
14162,11
14163,16
14164,20
14165,11
14166,23
14167,4
14168,16
14169,21
14170,5
14171,6
14172,15
14173,21
14174,23
14175,3
14176,8
14177,10
14178,2
14179,3
14180,3
14181,18
14182,23
14183,23
14184,11
14185,14
14186,3
14187,19
14188,10
14189,7
14190,10
14191,11
14192,23
14193,5
14194,6
14195,18
14196,3
14197,18
14198,9
14199,16
14200,7
14201,11
14202,15
14203,7
14204,3
14205,12
14206,1
14207,7
14208,3
14209,7
14210,10
14211,12
14212,3
14213,12
14214,3
14215,7
14216,3
14217,3
14218,14
14219,16
14220,3
14221,8
14222,23
14223,2
14224,7
14225,1
14226,3
14227,9
14228,7
14229,3
14230,12
14231,8
14232,1
14233,1
14234,12
14235,13
14236,3
14237,13
14238,15
14239,16
14240,23
14241,16
14242,20
14243,12
14244,16
14245,2
14246,16
14247,9
14248,14
14249,11
14250,18
14251,23
14252,5
14253,2
14254,15
14255,16
14256,4
14257,18
14258,5
14259,23
14260,21
14261,23
14262,5
14263,23
14264,20
14265,3
14266,10
14267,16
14268,20
14269,11
14270,4
14271,6
14272,2
14273,3
14274,2
14275,4
14276,2
14277,13
14278,16
14279,10
14280,2
14281,8
14282,14
14283,3
14284,18
14285,0
14286,7
14287,15
14288,23
14289,18
14290,13
14291,12
14292,20
14293,2
14294,22
14295,16
14296,15
14297,3
14298,1
14299,21
14300,3
14301,3
14302,15
14303,6
14304,8
14305,3
14306,13
14307,12
14308,9
14309,5
14310,3
14311,0
14312,3
14313,23
14314,21
14315,3
14316,3
14317,21
14318,3
14319,17
14320,3
14321,2
14322,15
14323,8
14324,4
14325,10
14326,1
14327,8
14328,21
14329,0
14330,21
14331,23
14332,23
14333,11
14334,15
14335,3
14336,2
14337,0
14338,20
14339,11
14340,3
14341,13
14342,4
14343,16
14344,1
14345,16
14346,7
14347,13
14348,0
14349,11
14350,23
14351,7
14352,6
14353,6
14354,12
14355,7
14356,4
14357,0
14358,6
14359,9
14360,14
14361,9
14362,3
14363,23
14364,3
14365,3
14366,3
14367,0
14368,5
14369,3
14370,14
14371,15
14372,5
14373,3
14374,23
14375,3
14376,7
14377,3
14378,2
14379,3
14380,16
14381,1
14382,11
14383,3
14384,2
14385,5
14386,13
14387,21
14388,3
14389,3
14390,3
14391,11
14392,8
14393,10
14394,14
14395,4
14396,3
14397,3
14398,8
14399,16
14400,3
14401,9
14402,16
14403,4
14404,5
14405,20
14406,19
14407,3
14408,16
14409,20
14410,16
14411,4
14412,21
14413,13
14414,13
14415,4
14416,16
14417,9
14418,4
14419,19
14420,20
14421,6
14422,7
14423,21
14424,13
14425,11
14426,0
14427,7
14428,3
14429,7
14430,1
14431,3
14432,16
14433,13
14434,14
14435,15
14436,16
14437,14
14438,8
14439,3
14440,3
14441,23
14442,1
14443,8
14444,15
14445,3
14446,5
14447,11
14448,17
14449,5
14450,19
14451,12
14452,14
14453,20
14454,6
14455,20
14456,14
14457,16
14458,5
14459,12
14460,0
14461,12
14462,14
14463,16
14464,1
14465,3
14466,0
14467,7
14468,6
14469,4
14470,3
14471,3
14472,15
14473,5
14474,9
14475,8
14476,1
14477,7
14478,3
14479,13
14480,16
14481,10
14482,8
14483,4
14484,0
14485,16
14486,9
14487,15
14488,0
14489,20
14490,3
14491,9
14492,5
14493,21
14494,3
14495,2
14496,11
14497,12
14498,7
14499,0
14500,14
14501,5
14502,4
14503,6
14504,3
14505,3
14506,14
14507,7
14508,5
14509,23
14510,3
14511,10
14512,9
14513,8
14514,3
14515,11
14516,5
14517,3
14518,19
14519,5
14520,11
14521,15
14522,19
14523,5
14524,15
14525,16
14526,3
14527,5
14528,19
14529,7
14530,5
14531,23
14532,12
14533,20
14534,11
14535,15
14536,12
14537,10
14538,6
14539,6
14540,10
14541,3
14542,14
14543,6
14544,20
14545,23
14546,12
14547,3
14548,16
14549,12
14550,18
14551,7
14552,3
14553,7
14554,18
14555,16
14556,3
14557,17
14558,0
14559,12
14560,14
14561,10
14562,0
14563,0
14564,2
14565,6
14566,9
14567,14
14568,7
14569,14
14570,3
14571,4
14572,3
14573,18
14574,10
14575,8
14576,23
14577,23
14578,23
14579,11
14580,16
14581,8
14582,15
14583,13
14584,7
14585,3
14586,5
14587,7
14588,9
14589,21
14590,1
14591,13
14592,7
14593,3
14594,13
14595,8
14596,1
14597,21
14598,15
14599,3
14600,3
14601,9
14602,4
14603,8
14604,0
14605,8
14606,0
14607,16
14608,0
14609,10
14610,16
14611,14
14612,7
14613,16
14614,9
14615,0
14616,14
14617,21
14618,4
14619,16
14620,13
14621,8
14622,16
14623,3
14624,15
14625,10
14626,4
14627,20
14628,16
14629,23
14630,3
14631,7
14632,19
14633,1
14634,0
14635,19
14636,3
14637,10
14638,16
14639,6
14640,16
14641,20
14642,8
14643,12
14644,16
14645,18
14646,1
14647,4
14648,5
14649,19
14650,16
14651,23
14652,7
14653,5
14654,14
14655,22
14656,1
14657,1
14658,12
14659,20
14660,4
14661,3
14662,3
14663,9
14664,5
14665,2
14666,16
14667,20
14668,9
14669,8
14670,16
14671,12
14672,2
14673,1
14674,6
14675,7
14676,0
14677,21
14678,14
14679,7
14680,5
14681,3
14682,12
14683,20
14684,3
14685,6
14686,3
14687,3
14688,16
14689,3
14690,13
14691,12
14692,16
14693,3
14694,1
14695,10
14696,16
14697,4
14698,6
14699,5
14700,20
14701,3
14702,8
14703,19
14704,1
14705,14
14706,20
14707,16
14708,3
14709,10
14710,12
14711,14
14712,5
14713,13
14714,3
14715,7
14716,13
14717,1
14718,14
14719,8
14720,13
14721,21
14722,0
14723,8
14724,3
14725,20
14726,6
14727,11
14728,3
14729,9
14730,5
14731,10
14732,11
14733,11
14734,21
14735,5
14736,2
14737,3
14738,9
14739,7
14740,10
14741,8
14742,6
14743,4
14744,23
14745,12
14746,9
14747,16
14748,3
14749,12
14750,5
14751,7
14752,13
14753,19
14754,3
14755,3
14756,1
14757,4
14758,14
14759,21
14760,15
14761,14
14762,5
14763,3
14764,13
14765,23
14766,3
14767,3
14768,17
14769,12
14770,16
14771,7
14772,10
14773,18
14774,11
14775,7
14776,6
14777,20
14778,3
14779,9
14780,7
14781,8
14782,3
14783,5
14784,16
14785,2
14786,1
14787,3
14788,13
14789,6
14790,0
14791,15
14792,5
14793,8
14794,12
14795,3
14796,15
14797,20
14798,19
14799,8
14800,23
14801,2
14802,3
14803,9
14804,3
14805,12
14806,2
14807,3
14808,21
14809,14
14810,3
14811,16
14812,0
14813,20
14814,15
14815,12
14816,2
14817,13
14818,11
14819,10
14820,10
14821,11
14822,10
14823,11
14824,22
14825,0
14826,9
14827,15
14828,21
14829,2
14830,20
14831,3
14832,12
14833,9
14834,3
14835,0
14836,16
14837,11
14838,16
14839,11
14840,14
14841,20
14842,8
14843,6
14844,0
14845,8
14846,0
14847,3
14848,4
14849,23
14850,15
14851,20
14852,12
14853,21
14854,2
14855,1
14856,16
14857,8
14858,3
14859,13
14860,3
14861,6
14862,18
14863,10
14864,10
14865,10
14866,3
14867,16
14868,6
14869,2
14870,12
14871,3
14872,17
14873,8
14874,6
14875,8
14876,11
14877,1
14878,3
14879,10
14880,21
14881,5
14882,23
14883,3
14884,13
14885,23
14886,20
14887,3
14888,3
14889,13
14890,10
14891,16
14892,3
14893,4
14894,21
14895,7
14896,12
14897,12
14898,5
14899,22
14900,3
14901,15
14902,16
14903,10
14904,2
14905,5
14906,8
14907,18
14908,20
14909,19
14910,3
14911,8
14912,3
14913,13
14914,7
14915,2
14916,10
14917,3
14918,16
14919,2
14920,12
14921,16
14922,3
14923,14
14924,21
14925,16
14926,5
14927,5
14928,0
14929,20
14930,11
14931,16
14932,3
14933,11
14934,6
14935,20
14936,6
14937,20
14938,4
14939,8
14940,6
14941,6
14942,10
14943,12
14944,16
14945,2
14946,11
14947,13
14948,1
14949,15
14950,4
14951,3
14952,14
14953,11
14954,3
14955,13
14956,14
14957,2
14958,6
14959,6
14960,16
14961,10
14962,13
14963,9
14964,5
14965,16
14966,16
14967,7
14968,12
14969,0
14970,5
14971,10
14972,23
14973,20
14974,5
14975,3
14976,10
14977,15
14978,18
14979,10
14980,23
14981,2
14982,5
14983,15
14984,1
14985,13
14986,16
14987,3
14988,2
14989,4
14990,19
14991,5
14992,11
14993,0
14994,3
14995,0
14996,3
14997,14
14998,16
14999,3
15000,16
15001,18
15002,2
15003,14
15004,15
15005,20
15006,7
15007,12
15008,16
15009,14
15010,5
15011,6
15012,21
15013,8
15014,16
15015,4
15016,7
15017,14
15018,3
15019,0
15020,7
15021,8
15022,13
15023,20
15024,7
15025,9
15026,1
15027,16
15028,6
15029,3
15030,18
15031,18
15032,12
15033,20
15034,16
15035,2
15036,6
15037,12
15038,23
15039,4
15040,1
15041,13
15042,9
15043,7
15044,11
15045,12
15046,0
15047,2
15048,1
15049,0
15050,12
15051,3
15052,0
15053,17
15054,18
15055,14
15056,4
15057,3
15058,16
15059,14
15060,16
15061,15
15062,20
15063,3
15064,5
15065,9
15066,17
15067,7
15068,2
15069,15
15070,15
15071,12
15072,14
15073,14
15074,8
15075,8
15076,3
15077,21
15078,7
15079,14
15080,16
15081,16
15082,4
15083,10
15084,2
15085,23
15086,3
15087,6
15088,16
15089,8
15090,18
15091,15
15092,12
15093,6
15094,13
15095,23
15096,16
15097,12
15098,11
15099,9
15100,16
15101,3
15102,3
15103,9
15104,12
15105,23
15106,4
15107,12
15108,1
15109,12
15110,16
15111,14
15112,20
15113,18
15114,23
15115,9
15116,12
15117,5
15118,19
15119,13
15120,19
15121,4
15122,6
15123,2
15124,1
15125,4
15126,8
15127,12
15128,3
15129,15
15130,5
15131,0
15132,16
15133,4
15134,1
15135,16
15136,11
15137,5
15138,8
15139,7
15140,1
15141,3
15142,0
15143,4
15144,3
15145,3
15146,4
15147,15
15148,10
15149,3
15150,2
15151,9
15152,21
15153,10
15154,10
15155,7
15156,0
15157,6
15158,0
15159,11
15160,15
15161,8
15162,3
15163,16
15164,13
15165,16
15166,6
15167,1
15168,3
15169,12
15170,16
15171,7
15172,3
15173,15
15174,15
15175,4
15176,11
15177,2
15178,9
15179,7
15180,7
15181,7
15182,15
15183,9
15184,12
15185,7
15186,16
15187,3
15188,8
15189,3
15190,0
15191,8
15192,3
15193,8
15194,11
15195,4
15196,1
15197,2
15198,10
15199,11
15200,3
15201,15
15202,13
15203,7
15204,1
15205,5
15206,20
15207,0
15208,12
15209,0
15210,22
15211,16
15212,3
15213,7
15214,23
15215,3
15216,16
15217,5
15218,15
15219,3
15220,7
15221,3
15222,12
15223,14
15224,1
15225,8
15226,16
15227,15
15228,4
15229,8
15230,13
15231,6
15232,10
15233,6
15234,16
15235,3
15236,23
15237,21
15238,12
15239,23
15240,7
15241,14
15242,12
15243,15
15244,3
15245,1
15246,15
15247,1
15248,14
15249,8
15250,1
15251,16
15252,3
15253,8
15254,1
15255,1
15256,10
15257,11
15258,13
15259,3
15260,3
15261,13
15262,9
15263,13
15264,7
15265,13
15266,1
15267,1
15268,0
15269,16
15270,21
15271,8
15272,7
15273,15
15274,12
15275,16
15276,7
15277,16
15278,8
15279,15
15280,13
15281,3
15282,3
15283,15
15284,13
15285,9
15286,23
15287,4
15288,7
15289,9
15290,23
15291,6
15292,15
15293,7
15294,11
15295,3
15296,6
15297,0
15298,12
15299,6
15300,18
15301,12
15302,15
15303,18
15304,23
15305,3
15306,1
15307,12
15308,16
15309,3
15310,5
15311,18
15312,0
15313,23
15314,9
15315,13
15316,10
15317,12
15318,8
15319,14
15320,1
15321,3
15322,15
15323,3
15324,21
15325,10
15326,23
15327,10
15328,3
15329,1
15330,16
15331,5
15332,21
15333,14
15334,5
15335,21
15336,3
15337,16
15338,18
15339,10
15340,17
15341,5
15342,10
15343,13
15344,8
15345,3
15346,1
15347,3
15348,12
15349,18
15350,9
15351,12
15352,7
15353,18
15354,18
15355,3
15356,15
15357,3
15358,9
15359,16
15360,23
15361,6
15362,16
15363,8
15364,3
15365,3
15366,17
15367,3
15368,3
15369,0
15370,9
15371,23
15372,17
15373,13
15374,3
15375,3
15376,14
15377,16
15378,9
15379,2
15380,3
15381,6
15382,10
15383,3
15384,4
15385,3
15386,10
15387,1
15388,3
15389,7
15390,13
15391,21
15392,12
15393,23
15394,3
15395,3
15396,21
15397,3
15398,10
15399,18
15400,14
15401,6
15402,11
15403,7
15404,8
15405,16
15406,11
15407,16
15408,16
15409,12
15410,16
15411,6
15412,13
15413,7
15414,14
15415,20
15416,0
15417,3
15418,4
15419,3
15420,14
15421,0
15422,20
15423,11
15424,12
15425,13
15426,21
15427,3
15428,5
15429,1
15430,12
15431,3
15432,3
15433,3
15434,6
15435,0
15436,3
15437,13
15438,15
15439,7
15440,8
15441,14
15442,13
15443,3
15444,5
15445,6
15446,5
15447,4
15448,1
15449,6
15450,10
15451,11
15452,13
15453,8
15454,0
15455,8
15456,19
15457,0
15458,12
15459,4
15460,20
15461,3
15462,7
15463,2
15464,12
15465,9
15466,7
15467,6
15468,3
15469,15
15470,10
15471,16
15472,14
15473,10
15474,8
15475,14
15476,16
15477,3
15478,7
15479,3
15480,20
15481,3
15482,23
15483,14
15484,13
15485,8
15486,10
15487,16
15488,15
15489,5
15490,23
15491,16
15492,16
15493,9
15494,8
15495,1
15496,7
15497,12
15498,1
15499,6
15500,8
15501,18
15502,5
15503,7
15504,3
15505,20
15506,14
15507,3
15508,7
15509,13
15510,14
15511,12
15512,18
15513,3
15514,18
15515,0
15516,0
15517,12
15518,16
15519,16
15520,13
15521,12
15522,13
15523,16
15524,20
15525,13
15526,3
15527,13
15528,21
15529,12
15530,9
15531,18
15532,11
15533,1
15534,3
15535,16
15536,8
15537,20
15538,12
15539,11
15540,15
15541,3
15542,15
15543,20
15544,1
15545,23
15546,20
15547,8
15548,0
15549,12
15550,1
15551,15
15552,3
15553,7
15554,16
15555,6
15556,10
15557,5
15558,3
15559,12
15560,14
15561,5
15562,6
15563,16
15564,16
15565,16
15566,9
15567,8
15568,1
15569,3
15570,9
15571,15
15572,19
15573,12
15574,5
15575,3
15576,5
15577,16
15578,18
15579,9
15580,3
15581,11
15582,16
15583,0
15584,3
15585,10
15586,6
15587,23
15588,4
15589,7
15590,3
15591,23
15592,3
15593,11
15594,13
15595,19
15596,15
15597,3
15598,18
15599,20
15600,3
15601,15
15602,8
15603,5
15604,16
15605,9
15606,8
15607,17
15608,13
15609,12
15610,9
15611,6
15612,20
15613,8
15614,19
15615,16
15616,11
15617,10
15618,8
15619,20
15620,21
15621,1
15622,3
15623,2
15624,16
15625,16
15626,11
15627,12
15628,15
15629,9
15630,0
15631,14
15632,2
15633,11
15634,8
15635,18
15636,13
15637,3
15638,14
15639,11
15640,14
15641,10
15642,16
15643,16
15644,3
15645,13
15646,4
15647,10
15648,12
15649,16
15650,13
15651,12
15652,3
15653,19
15654,10
15655,3
15656,16
15657,17
15658,4
15659,1
15660,12
15661,14
15662,11
15663,2
15664,3
15665,3
15666,15
15667,7
15668,16
15669,16
15670,15
15671,1
15672,8
15673,3
15674,16
15675,8
15676,3
15677,7
15678,5
15679,16
15680,13
15681,1
15682,15
15683,3
15684,11
15685,11
15686,0
15687,21
15688,7
15689,3
15690,2
15691,13
15692,23
15693,3
15694,6
15695,17
15696,23
15697,21
15698,16
15699,13
15700,3
15701,3
15702,20
15703,3
15704,5
15705,14
15706,15
15707,12
15708,16
15709,10
15710,7
15711,15
15712,3
15713,5
15714,5
15715,2
15716,13
15717,14
15718,1
15719,19
15720,6
15721,3
15722,3
15723,5
15724,3
15725,5
15726,20
15727,7
15728,9
15729,21
15730,8
15731,4
15732,4
15733,14
15734,8
15735,15
15736,3
15737,10
15738,18
15739,10
15740,20
15741,22
15742,20
15743,13
15744,12
15745,4
15746,12
15747,12
15748,14
15749,23
15750,15
15751,3
15752,3
15753,6
15754,0
15755,5
15756,10
15757,12
15758,0
15759,8
15760,16
15761,16
15762,20
15763,13
15764,3
15765,0
15766,6
15767,3
15768,12
15769,2
15770,3
15771,5
15772,5
15773,3
15774,14
15775,16
15776,13
15777,6
15778,16
15779,3
15780,9
15781,3
15782,23
15783,3
15784,7
15785,3
15786,0
15787,3
15788,8
15789,5
15790,21
15791,23
15792,9
15793,8
15794,0
15795,13
15796,3
15797,6
15798,20
15799,3
15800,19
15801,20
15802,15
15803,9
15804,9
15805,3
15806,9
15807,15
15808,13
15809,7
15810,16
15811,1
15812,15
15813,12
15814,3
15815,2
15816,16
15817,3
15818,19
15819,5
15820,6
15821,3
15822,20
15823,12
15824,15
15825,13
15826,1
15827,3
15828,3
15829,2
15830,0
15831,15
15832,9
15833,4
15834,15
15835,13
15836,3
15837,13
15838,3
15839,21
15840,0
15841,0
15842,0
15843,6
15844,21
15845,3
15846,16
15847,3
15848,20
15849,1
15850,13
15851,19
15852,8
15853,14
15854,3
15855,18
15856,11
15857,7
15858,5
15859,9
15860,11
15861,16
15862,12
15863,3
15864,20
15865,6
15866,7
15867,9
15868,14
15869,4
15870,3
15871,11
15872,5
15873,4
15874,18
15875,3
15876,3
15877,11
15878,7
15879,8
15880,16
15881,23
15882,0
15883,4
15884,10
15885,5
15886,3
15887,12
15888,1
15889,3
15890,3
15891,0
15892,7
15893,8
15894,21
15895,3
15896,7
15897,20
15898,14
15899,2
15900,4
15901,16
15902,9
15903,18
15904,20
15905,4
15906,1
15907,4
15908,0
15909,20
15910,15
15911,11
15912,14
15913,10
15914,3
15915,22
15916,10
15917,3
15918,1
15919,13
15920,4
15921,16
15922,7
15923,2
15924,15
15925,16
15926,5
15927,15
15928,7
15929,3
15930,14
15931,8
15932,4
15933,12
15934,0
15935,8
15936,21
15937,4
15938,0
15939,12
15940,7
15941,9
15942,16
15943,4
15944,10
15945,9
15946,9
15947,10
15948,20
15949,15
15950,14
15951,13
15952,16
15953,12
15954,12
15955,7
15956,4
15957,8
15958,3
15959,13
15960,23
15961,5
15962,3
15963,3
15964,15
15965,0
15966,23
15967,20
15968,12
15969,5
15970,6
15971,6
15972,0
15973,8
15974,18
15975,10
15976,3
15977,8
15978,14
15979,5
15980,2
15981,1
15982,19
15983,9
15984,21
15985,16
15986,13
15987,20
15988,12
15989,3
15990,14
15991,16
15992,21
15993,17
15994,13
15995,6
15996,16
15997,17
15998,10
15999,5
16000,0
16001,9
16002,3
16003,18
16004,7
16005,15
16006,16
16007,8
16008,1
16009,10
16010,6
16011,3
16012,3
16013,1
16014,8
16015,12
16016,11
16017,4
16018,17
16019,10
16020,7
16021,3
16022,3
16023,3
16024,8
16025,16
16026,5
16027,8
16028,18
16029,12
16030,3
16031,11
16032,14
16033,13
16034,11
16035,7
16036,3
16037,0
16038,20
16039,3
16040,3
16041,1
16042,3
16043,14
16044,5
16045,3
16046,23
16047,11
16048,15
16049,9
16050,20
16051,12
16052,16
16053,16
16054,19
16055,19
16056,13
16057,3
16058,9
16059,3
16060,2
16061,0
16062,3
16063,11
16064,7
16065,2
16066,18
16067,20
16068,18
16069,0
16070,1
16071,3
16072,16
16073,11
16074,21
16075,17
16076,4
16077,0
16078,6
16079,15
16080,3
16081,3
16082,9
16083,0
16084,20
16085,23
16086,12
16087,14
16088,1
16089,11
16090,16
16091,15
16092,5
16093,3
16094,8
16095,15
16096,3
16097,15
16098,19
16099,23
16100,3
16101,3
16102,15
16103,12
16104,19
16105,18
16106,0
16107,5
16108,2
16109,5
16110,3
16111,0
16112,7
16113,14
16114,3
16115,18
16116,16
16117,5
16118,3
16119,23
16120,3
16121,3
16122,1
16123,5
16124,13
16125,14
16126,8
16127,16
16128,7
16129,16
16130,3
16131,12
16132,0
16133,7
16134,16
16135,18
16136,21
16137,7
16138,3
16139,16
16140,3
16141,11
16142,10
16143,13
16144,20
16145,21
16146,11
16147,3
16148,18
16149,16
16150,7
16151,10
16152,7
16153,23
16154,6
16155,21
16156,1
16157,6
16158,13
16159,3
16160,3
16161,3
16162,3
16163,15
16164,12
16165,21
16166,18
16167,10
16168,15
16169,1
16170,4
16171,3
16172,10
16173,3
16174,19
16175,20
16176,5
16177,18
16178,6
16179,3
16180,11
16181,3
16182,12
16183,1
16184,21
16185,0
16186,7
16187,3
16188,6
16189,3
16190,20
16191,20
16192,5
16193,3
16194,18
16195,5
16196,16
16197,13
16198,3
16199,9
16200,4
16201,14
16202,5
16203,14
16204,15
16205,12
16206,13
16207,11
16208,16
16209,8
16210,9
16211,9
16212,3
16213,6
16214,13
16215,12
16216,0
16217,5
16218,2
16219,9
16220,4
16221,6
16222,3
16223,20
16224,7
16225,21
16226,15
16227,5
16228,5
16229,16
16230,11
16231,1
16232,23
16233,17
16234,10
16235,10
16236,12
16237,17
16238,16
16239,0
16240,23
16241,3
16242,14
16243,9
16244,0
16245,10
16246,14
16247,15
16248,12
16249,6
16250,3
16251,16
16252,5
16253,18
16254,16
16255,3
16256,3
16257,6
16258,0
16259,15
16260,3
16261,1
16262,10
16263,6
16264,9
16265,1
16266,4
16267,3
16268,10
16269,4
16270,3
16271,1
16272,20
16273,3
16274,23
16275,14
16276,12
16277,12
16278,3
16279,17
16280,15
16281,3
16282,0
16283,3
16284,6
16285,15
16286,13
16287,20
16288,13
16289,19
16290,13
16291,9
16292,1
16293,0
16294,3
16295,15
16296,13
16297,16
16298,14
16299,15
16300,3
16301,10
16302,0
16303,3
16304,13
16305,3
16306,9
16307,17
16308,8
16309,0
16310,3
16311,5
16312,3
16313,12
16314,16
16315,1
16316,7
16317,7
16318,1
16319,9
16320,20
16321,12
16322,8
16323,13
16324,16
16325,3
16326,15
16327,13
16328,3
16329,14
16330,21
16331,23
16332,2
16333,21
16334,8
16335,1
16336,14
16337,16
16338,8
16339,3
16340,23
16341,3
16342,15
16343,21
16344,3
16345,12
16346,6
16347,23
16348,9
16349,1
16350,4
16351,3
16352,12
16353,13
16354,7
16355,15
16356,4
16357,20
16358,16
16359,10
16360,21
16361,16
16362,7
16363,23
16364,20
16365,23
16366,3
16367,0
16368,3
16369,14
16370,16
16371,7
16372,23
16373,4
16374,18
16375,1
16376,16
16377,18
16378,3
16379,3
16380,16
16381,22
16382,5
16383,9
16384,5
16385,8
16386,16
16387,1
16388,10
16389,6
16390,9
16391,3
16392,6
16393,15
16394,7
16395,7
16396,0
16397,0
16398,3
16399,13
16400,13
16401,23
16402,13
16403,8
16404,3
16405,4
16406,3
16407,2
16408,2
16409,12
16410,22
16411,16
16412,11
16413,14
16414,15
16415,16
16416,3
16417,3
16418,10
16419,7
16420,12
16421,20
16422,3
16423,5
16424,9
16425,7
16426,11
16427,20
16428,4
16429,7
16430,20
16431,5
16432,16
16433,12
16434,19
16435,12
16436,18
16437,16
16438,6
16439,21
16440,0
16441,16
16442,9
16443,5
16444,8
16445,4
16446,18
16447,13
16448,6
16449,3
16450,15
16451,3
16452,3
16453,9
16454,5
16455,18
16456,18
16457,22
16458,3
16459,3
16460,3
16461,3
16462,3
16463,23
16464,3
16465,16
16466,7
16467,15
16468,6
16469,14
16470,0
16471,4
16472,3
16473,11
16474,21
16475,3
16476,9
16477,4
16478,3
16479,14
16480,18
16481,3
16482,16
16483,15
16484,13
16485,12
16486,3
16487,5
16488,16
16489,7
16490,12
16491,14
16492,1
16493,12
16494,12
16495,12
16496,9
16497,12
16498,21
16499,12
16500,23
16501,20
16502,7
16503,1
16504,5
16505,12
16506,4
16507,3
16508,15
16509,3
16510,3
16511,12
16512,13
16513,2
16514,19
16515,8
16516,0
16517,12
16518,5
16519,14
16520,14
16521,15
16522,3
16523,0
16524,5
16525,3
16526,4
16527,12
16528,7
16529,15
16530,3
16531,3
16532,14
16533,6
16534,20
16535,13
16536,23
16537,10
16538,7
16539,12
16540,12
16541,12
16542,9
16543,5
16544,3
16545,4
16546,1
16547,8
16548,0
16549,23
16550,9
16551,3
16552,18
16553,10
16554,3
16555,18
16556,15
16557,22
16558,3
16559,14
16560,1
16561,4
16562,0
16563,3
16564,16
16565,14
16566,13
16567,16
16568,13
16569,8
16570,3
16571,20
16572,16
16573,3
16574,4
16575,3
16576,12
16577,2
16578,6
16579,9
16580,7
16581,0
16582,5
16583,2
16584,3
16585,1
16586,3
16587,14
16588,19
16589,7
16590,15
16591,4
16592,2
16593,0
16594,13
16595,8
16596,5
16597,7
16598,21
16599,11
16600,21
16601,6
16602,14
16603,20
16604,15
16605,9
16606,7
16607,4
16608,21
16609,1
16610,12
16611,3
16612,5
16613,16
16614,2
16615,12
16616,13
16617,2
16618,9
16619,16
16620,3
16621,13
16622,5
16623,6
16624,0
16625,23
16626,5
16627,1
16628,16
16629,12
16630,3
16631,13
16632,1
16633,16
16634,17
16635,9
16636,15
16637,17
16638,11
16639,3
16640,4
16641,5
16642,7
16643,23
16644,13
16645,13
16646,7
16647,11
16648,6
16649,4
16650,15
16651,8
16652,3
16653,6
16654,21
16655,6
16656,13
16657,11
16658,5
16659,8
16660,3
16661,18
16662,19
16663,5
16664,19
16665,8
16666,21
16667,23
16668,11
16669,14
16670,1
16671,22
16672,2
16673,6
16674,9
16675,16
16676,8
16677,10
16678,14
16679,0
16680,3
16681,3
16682,3
16683,16
16684,5
16685,3
16686,12
16687,8
16688,14
16689,5
16690,1
16691,20
16692,3
16693,20
16694,5
16695,10
16696,19
16697,10
16698,15
16699,5
16700,13
16701,6
16702,3
16703,9
16704,7
16705,12
16706,14
16707,8
16708,11
16709,23
16710,19
16711,3
16712,23
16713,3
16714,13
16715,15
16716,9
16717,7
16718,11
16719,0
16720,12
16721,14
16722,0
16723,21
16724,11
16725,21
16726,3
16727,12
16728,2
16729,22
16730,16
16731,2
16732,10
16733,3
16734,6
16735,3
16736,13
16737,21
16738,3
16739,10
16740,12
16741,8
16742,3
16743,14
16744,12
16745,3
16746,23
16747,10
16748,2
16749,14
16750,3
16751,14
16752,10
16753,23
16754,11
16755,8
16756,8
16757,15
16758,14
16759,21
16760,5
16761,7
16762,16
16763,11
16764,6
16765,15
16766,7
16767,2
16768,0
16769,6
16770,5
16771,16
16772,7
16773,16
16774,15
16775,10
16776,3
16777,20
16778,2
16779,6
16780,16
16781,3
16782,6
16783,2
16784,3
16785,18
16786,3
16787,8
16788,16
16789,16
16790,3
16791,3
16792,4
16793,16
16794,16
16795,16
16796,6
16797,3
16798,16
16799,7
16800,6
16801,22
16802,9
16803,23
16804,0
16805,16
16806,14
16807,5
16808,9
16809,23
16810,10
16811,18
16812,23
16813,6
16814,5
16815,3
16816,21
16817,20
16818,5
16819,12
16820,13
16821,1
16822,21
16823,22
16824,12
16825,5
16826,3
16827,7
16828,7
16829,3
16830,5
16831,3
16832,21
16833,4
16834,3
16835,1
16836,1
16837,2
16838,20
16839,1
16840,21
16841,3
16842,8
16843,18
16844,8
16845,12
16846,3
16847,11
16848,12
16849,4
16850,6
16851,23
16852,22
16853,12
16854,16
16855,4
16856,8
16857,9
16858,6
16859,0
16860,3
16861,12
16862,8
16863,20
16864,3
16865,3
16866,5
16867,20
16868,2
16869,3
16870,16
16871,13
16872,5
16873,3
16874,10
16875,18
16876,12
16877,3
16878,15
16879,22
16880,18
16881,3
16882,11
16883,1
16884,3
16885,21
16886,2
16887,15
16888,7
16889,6
16890,13
16891,8
16892,2
16893,3
16894,13
16895,21
16896,4
16897,7
16898,21
16899,15
16900,23
16901,7
16902,22
16903,21
16904,0
16905,6
16906,23
16907,12
16908,16
16909,7
16910,13
16911,21
16912,3
16913,12
16914,9
16915,18
16916,6
16917,3
16918,13
16919,5
16920,16
16921,20
16922,4
16923,3
16924,16
16925,4
16926,23
16927,10
16928,10
16929,2
16930,12
16931,7
16932,16
16933,13
16934,14
16935,16
16936,18
16937,7
16938,5
16939,3
16940,12
16941,23
16942,5
16943,5
16944,3
16945,16
16946,3
16947,8
16948,5
16949,6
16950,13
16951,13
16952,3
16953,5
16954,3
16955,6
16956,10
16957,16
16958,13
16959,7
16960,23
16961,16
16962,19
16963,3
16964,2
16965,3
16966,20
16967,6
16968,14
16969,8
16970,0
16971,6
16972,13
16973,3
16974,13
16975,18
16976,6
16977,0
16978,7
16979,7
16980,23
16981,11
16982,5
16983,15
16984,8
16985,16
16986,13
16987,6
16988,3
16989,16
16990,2
16991,2
16992,3
16993,16
16994,23
16995,11
16996,21
16997,10
16998,18
16999,3
17000,3
17001,15
17002,21
17003,18
17004,10
17005,20
17006,2
17007,8
17008,10
17009,12
17010,16
17011,3
17012,3
17013,3
17014,10
17015,3
17016,3
17017,13
17018,13
17019,2
17020,12
17021,23
17022,11
17023,16
17024,15
17025,4
17026,3
17027,7
17028,15
17029,5
17030,8
17031,21
17032,14
17033,3
17034,5
17035,3
17036,12
17037,20
17038,8
17039,15
17040,7
17041,21
17042,15
17043,3
17044,16
17045,20
17046,3
17047,5
17048,0
17049,3
17050,5
17051,16
17052,14
17053,13
17054,4
17055,1
17056,8
17057,3
17058,3
17059,9
17060,3
17061,7
17062,12
17063,3
17064,8
17065,12
17066,18
17067,7
17068,6
17069,16
17070,16
17071,3
17072,21
17073,11
17074,16
17075,9
17076,20
17077,13
17078,9
17079,21
17080,13
17081,3
17082,21
17083,16
17084,18
17085,13
17086,12
17087,0
17088,11
17089,13
17090,3
17091,16
17092,9
17093,12
17094,13
17095,3
17096,16
17097,5
17098,13
17099,23
17100,12
17101,3
17102,12
17103,7
17104,14
17105,15
17106,15
17107,7
17108,15
17109,5
17110,3
17111,11
17112,3
17113,13
17114,9
17115,23
17116,23
17117,1
17118,13
17119,9
17120,3
17121,6
17122,11
17123,12
17124,3
17125,12
17126,12
17127,3
17128,3
17129,16
17130,2
17131,15
17132,3
17133,5
17134,8
17135,3
17136,13
17137,12
17138,18
17139,3
17140,3
17141,3
17142,0
17143,3
17144,18
17145,3
17146,14
17147,2
17148,3
17149,8
17150,21
17151,5
17152,3
17153,15
17154,8
17155,23
17156,20
17157,8
17158,2
17159,4
17160,23
17161,1
17162,7
17163,8
17164,9
17165,16
17166,22
17167,16
17168,9
17169,12
17170,2
17171,16
17172,5
17173,16
17174,13
17175,7
17176,13
17177,8
17178,0
17179,7
17180,16
17181,5
17182,23
17183,3
17184,3
17185,16
17186,18
17187,3
17188,11
17189,7
17190,20
17191,5
17192,21
17193,20
17194,5
17195,6
17196,15
17197,6
17198,13
17199,8
17200,7
17201,15
17202,4
17203,3
17204,3
17205,22
17206,3
17207,3
17208,5
17209,3
17210,20
17211,15
17212,8
17213,8
17214,21
17215,3
17216,23
17217,13
17218,3
17219,23
17220,14
17221,12
17222,14
17223,0
17224,5
17225,16
17226,4
17227,18
17228,8
17229,3
17230,5
17231,1
17232,10
17233,15
17234,5
17235,23
17236,5
17237,6
17238,3
17239,3
17240,3
17241,5
17242,14
17243,18
17244,4
17245,16
17246,1
17247,15
17248,3
17249,11
17250,5
17251,16
17252,18
17253,12
17254,12
17255,1
17256,18
17257,12
17258,16
17259,12
17260,7
17261,13
17262,3
17263,16
17264,3
17265,11
17266,20
17267,3
17268,17
17269,11
17270,14
17271,20
17272,5
17273,20
17274,3
17275,14
17276,3
17277,10
17278,8
17279,11
17280,12
17281,21
17282,20
17283,3
17284,7
17285,8
17286,1
17287,3
17288,7
17289,4
17290,12
17291,8
17292,5
17293,23
17294,12
17295,12
17296,7
17297,23
17298,23
17299,14
17300,15
17301,7
17302,3
17303,6
17304,16
17305,12
17306,11
17307,10
17308,12
17309,12
17310,2
17311,16
17312,14
17313,13
17314,5
17315,22
17316,11
17317,14
17318,3
17319,3
17320,15
17321,15
17322,7
17323,12
17324,10
17325,0
17326,7
17327,20
17328,13
17329,15
17330,16
17331,0
17332,10
17333,2
17334,3
17335,6
17336,4
17337,7
17338,3
17339,8
17340,3
17341,5
17342,2
17343,9
17344,21
17345,19
17346,12
17347,15
17348,13
17349,3
17350,7
17351,5
17352,2
17353,11
17354,10
17355,3
17356,6
17357,11
17358,3
17359,3
17360,0
17361,6
17362,11
17363,12
17364,4
17365,13
17366,15
17367,1
17368,12
17369,5
17370,13
17371,12
17372,16
17373,20
17374,7
17375,16
17376,14
17377,2
17378,3
17379,0
17380,23
17381,11
17382,6
17383,3
17384,3
17385,3
17386,11
17387,15
17388,14
17389,0
17390,16
17391,0
17392,16
17393,13
17394,3
17395,1
17396,3
17397,6
17398,13
17399,7
17400,21
17401,6
17402,3
17403,8
17404,1
17405,13
17406,3
17407,12
17408,11
17409,14
17410,12
17411,3
17412,16
17413,7
17414,8
17415,15
17416,3
17417,18
17418,9
17419,12
17420,10
17421,1
17422,10
17423,16
17424,5
17425,15
17426,3
17427,3
17428,3
17429,15
17430,1
17431,7
17432,16
17433,5
17434,11
17435,7
17436,16
17437,7
17438,15
17439,13
17440,5
17441,14
17442,1
17443,3
17444,23
17445,11
17446,16
17447,12
17448,23
17449,20
17450,11
17451,15
17452,12
17453,3
17454,1
17455,4
17456,12
17457,6
17458,15
17459,0
17460,9
17461,7
17462,23
17463,2
17464,4
17465,16
17466,16
17467,13
17468,8
17469,5
17470,23
17471,16
17472,8
17473,10
17474,7
17475,8
17476,15
17477,22
17478,2
17479,16
17480,19
17481,10
17482,13
17483,21
17484,21
17485,16
17486,11
17487,21
17488,6
17489,7
17490,4
17491,3
17492,3
17493,0
17494,6
17495,15
17496,16
17497,16
17498,20
17499,8
17500,13
17501,2
17502,7
17503,12
17504,22
17505,13
17506,13
17507,15
17508,8
17509,18
17510,21
17511,4
17512,15
17513,18
17514,21
17515,3
17516,11
17517,2
17518,2
17519,1
17520,3
17521,11
17522,12
17523,19
17524,10
17525,6
17526,6
17527,21
17528,4
17529,1
17530,3
17531,5
17532,8
17533,23
17534,19
17535,6
17536,15
17537,7
17538,16
17539,8
17540,18
17541,3
17542,7
17543,5
17544,23
17545,7
17546,16
17547,16
17548,12
17549,7
17550,5
17551,8
17552,11
17553,5
17554,4
17555,6
17556,8
17557,16
17558,3
17559,3
17560,16
17561,0
17562,15
17563,6
17564,7
17565,0
17566,14
17567,3
17568,3
17569,8
17570,6
17571,8
17572,3
17573,0
17574,13
17575,10
17576,3
17577,9
17578,14
17579,4
17580,5
17581,5
17582,6
17583,3
17584,8
17585,12
17586,10
17587,7
17588,16
17589,17
17590,6
17591,3
17592,7
17593,0
17594,3
17595,8
17596,6
17597,4
17598,17
17599,5
17600,8
17601,9
17602,16
17603,3
17604,9
17605,20
17606,3
17607,3
17608,12
17609,3
17610,12
17611,11
17612,20
17613,20
17614,7
17615,18
17616,13
17617,3
17618,4
17619,14
17620,3
17621,10
17622,18
17623,3
17624,13
17625,9
17626,3
17627,12
17628,3
17629,1
17630,14
17631,16
17632,6
17633,10
17634,7
17635,3
17636,13
17637,3
17638,6
17639,1
17640,8
17641,13
17642,16
17643,6
17644,11
17645,5
17646,22
17647,2
17648,13
17649,5
17650,21
17651,13
17652,12
17653,9
17654,1
17655,5
17656,7
17657,3
17658,3
17659,3
17660,1
17661,3
17662,16
17663,12
17664,12
17665,9
17666,21
17667,1
17668,12
17669,3
17670,8
17671,5
17672,7
17673,20
17674,20
17675,23
17676,1
17677,0
17678,3
17679,10
17680,4
17681,5
17682,10
17683,6
17684,4
17685,3
17686,23
17687,11
17688,18
17689,3
17690,5
17691,7
17692,21
17693,13
17694,3
17695,7
17696,5
17697,13
17698,14
17699,19
17700,16
17701,11
17702,16
17703,14
17704,5
17705,5
17706,6
17707,3
17708,23
17709,5
17710,3
17711,12
17712,10
17713,21
17714,7
17715,3
17716,4
17717,14
17718,11
17719,21
17720,21
17721,15
17722,7
17723,3
17724,16
17725,22
17726,6
17727,9
17728,15
17729,1
17730,1
17731,8
17732,20
17733,0
17734,6
17735,7
17736,12
17737,6
17738,12
17739,5
17740,19
17741,3
17742,10
17743,19
17744,5
17745,10
17746,12
17747,8
17748,15
17749,16
17750,6
17751,10
17752,23
17753,3
17754,8
17755,8
17756,22
17757,20
17758,6
17759,7
17760,1
17761,9
17762,23
17763,23
17764,6
17765,4
17766,4
17767,11
17768,20
17769,0
17770,3
17771,3
17772,3
17773,3
17774,0
17775,14
17776,6
17777,4
17778,16
17779,19
17780,20
17781,3
17782,14
17783,3
17784,13
17785,1
17786,3
17787,12
17788,4
17789,9
17790,4
17791,0
17792,10
17793,21
17794,8
17795,12
17796,7
17797,10
17798,10
17799,1
17800,23
17801,0
17802,11
17803,3
17804,13
17805,13
17806,7
17807,3
17808,12
17809,16
17810,23
17811,23
17812,15
17813,14
17814,7
17815,4
17816,14
17817,3
17818,0
17819,14
17820,12
17821,8
17822,7
17823,3
17824,4
17825,12
17826,1
17827,12
17828,3
17829,5
17830,6
17831,5
17832,11
17833,4
17834,1
17835,8
17836,3
17837,8
17838,8
17839,9
17840,16
17841,3
17842,6
17843,6
17844,16
17845,9
17846,14
17847,3
17848,3
17849,3
17850,10
17851,23
17852,3
17853,14
17854,16
17855,11
17856,13
17857,10
17858,20
17859,8
17860,3
17861,1
17862,7
17863,13
17864,6
17865,18
17866,12
17867,16
17868,14
17869,19
17870,13
17871,3
17872,12
17873,2
17874,13
17875,10
17876,0
17877,14
17878,3
17879,10
17880,16
17881,5
17882,3
17883,6
17884,3
17885,6
17886,23
17887,15
17888,6
17889,8
17890,15
17891,15
17892,7
17893,3
17894,1
17895,3
17896,21
17897,11
17898,6
17899,1
17900,6
17901,8
17902,6
17903,8
17904,3
17905,8
17906,0
17907,8
17908,12
17909,20
17910,11
17911,3
17912,9
17913,12
17914,2
17915,0
17916,16
17917,13
17918,3
17919,20
17920,16
17921,11
17922,15
17923,17
17924,10
17925,5
17926,18
17927,11
17928,6
17929,5
17930,5
17931,20
17932,12
17933,7
17934,13
17935,12
17936,9
17937,10
17938,10
17939,9
17940,10
17941,3
17942,9
17943,13
17944,13
17945,3
17946,12
17947,1
17948,18
17949,12
17950,3
17951,11
17952,16
17953,3
17954,23
17955,10
17956,3
17957,4
17958,18
17959,19
17960,6
17961,10
17962,6
17963,18
17964,24
17965,2
17966,13
17967,12
17968,19
17969,3
17970,20
17971,3
17972,9
17973,8
17974,10
17975,20
17976,14
17977,3
17978,14
17979,1
17980,9
17981,3
17982,16
17983,1
17984,0
17985,22
17986,6
17987,3
17988,16
17989,13
17990,16
17991,3
17992,3
17993,18
17994,3
17995,14
17996,8
17997,4
17998,10
17999,23
18000,20
18001,2
18002,14
18003,14
18004,3
18005,3
18006,7
18007,21
18008,3
18009,6
18010,2
18011,1
18012,1
18013,5
18014,0
18015,6
18016,21
18017,3
18018,16
18019,8
18020,23
18021,0
18022,10
18023,23
18024,5
18025,0
18026,16
18027,4
18028,13
18029,4
18030,7
18031,10
18032,1
18033,21
18034,6
18035,1
18036,23
18037,7
18038,23
18039,9
18040,6
18041,3
18042,23
18043,7
18044,11
18045,21
18046,7
18047,7
18048,9
18049,16
18050,5
18051,10
18052,23
18053,23
18054,1
18055,0
18056,20
18057,3
18058,3
18059,8
18060,7
18061,5
18062,8
18063,16
18064,6
18065,18
18066,5
18067,7
18068,11
18069,16
18070,14
18071,15
18072,6
18073,21
18074,3
18075,1
18076,5
18077,3
18078,3
18079,0
18080,7
18081,3
18082,3
18083,14
18084,21
18085,16
18086,15
18087,11
18088,16
18089,16
18090,16
18091,23
18092,23
18093,3
18094,14
18095,3
18096,2
18097,1
18098,18
18099,5
18100,9
18101,16
18102,4
18103,5
18104,8
18105,23
18106,13
18107,18
18108,13
18109,21
18110,10
18111,14
18112,6
18113,12
18114,12
18115,8
18116,21
18117,11
18118,12
18119,6
18120,13
18121,7
18122,22
18123,3
18124,3
18125,7
18126,4
18127,3
18128,3
18129,8
18130,5
18131,14
18132,12
18133,6
18134,13
18135,5
18136,3
18137,8
18138,22
18139,12
18140,2
18141,10
18142,10
18143,13
18144,10
18145,8
18146,2
18147,2
18148,3
18149,15
18150,0
18151,16
18152,16
18153,14
18154,12
18155,6
18156,18
18157,16
18158,3
18159,5
18160,14
18161,14
18162,8
18163,3
18164,15
18165,10
18166,3
18167,13
18168,3
18169,22
18170,7
18171,7
18172,7
18173,8
18174,5
18175,7
18176,15
18177,1
18178,2
18179,20
18180,12
18181,3
18182,7
18183,21
18184,19
18185,9
18186,23
18187,2
18188,16
18189,21
18190,20
18191,3
18192,3
18193,1
18194,3
18195,3
18196,6
18197,16
18198,3
18199,3
18200,15
18201,15
18202,20
18203,8
18204,3
18205,6
18206,3
18207,14
18208,12
18209,20
18210,1
18211,8
18212,3
18213,15
18214,0
18215,15
18216,9
18217,0
18218,3
18219,3
18220,16
18221,8
18222,7
18223,5
18224,3
18225,20
18226,10
18227,18
18228,3
18229,5
18230,11
18231,20
18232,3
18233,20
18234,1
18235,22
18236,3
18237,3
18238,16
18239,5
18240,0
18241,4
18242,21
18243,3
18244,12
18245,12
18246,6
18247,6
18248,12
18249,22
18250,2
18251,9
18252,3
18253,8
18254,6
18255,3
18256,5
18257,3
18258,4
18259,16
18260,5
18261,6
18262,11
18263,7
18264,19
18265,0
18266,10
18267,3
18268,10
18269,1
18270,18
18271,4
18272,15
18273,3
18274,15
18275,14
18276,11
18277,23
18278,3
18279,6
18280,3
18281,5
18282,12
18283,13
18284,13
18285,21
18286,21
18287,15
18288,6
18289,3
18290,0
18291,5
18292,17
18293,4
18294,3
18295,1
18296,15
18297,11
18298,16
18299,10
18300,5
18301,16
18302,20
18303,1
18304,19
18305,6
18306,5
18307,14
18308,21
18309,3
18310,12
18311,14
18312,7
18313,9
18314,3
18315,2
18316,3
18317,3
18318,21
18319,6
18320,21
18321,12
18322,23
18323,4
18324,5
18325,3
18326,2
18327,8
18328,12
18329,13
18330,3
18331,23
18332,13
18333,3
18334,10
18335,8
18336,12
18337,13
18338,5
18339,10
18340,3
18341,18
18342,19
18343,20
18344,10
18345,3
18346,3
18347,0
18348,14
18349,13
18350,3
18351,3
18352,4
18353,6
18354,8
18355,6
18356,2
18357,13
18358,13
18359,3
18360,4
18361,9
18362,3
18363,7
18364,23
18365,3
18366,3
18367,3
18368,5
18369,7
18370,20
18371,12
18372,18
18373,16
18374,4
18375,3
18376,12
18377,7
18378,9
18379,23
18380,23
18381,13
18382,23
18383,14
18384,18
18385,20
18386,3
18387,16
18388,7
18389,3
18390,1
18391,12
18392,15
18393,1
18394,11
18395,12
18396,7
18397,21
18398,8
18399,19
18400,1
18401,3
18402,6
18403,15
18404,19
18405,3
18406,20
18407,5
18408,16
18409,15
18410,8
18411,10
18412,5
18413,5
18414,16
18415,14
18416,20
18417,6
18418,6
18419,16
18420,16
18421,20
18422,3
18423,11
18424,10
18425,1
18426,23
18427,4
18428,3
18429,16
18430,5
18431,12
18432,18
18433,18
18434,9
18435,15
18436,3
18437,11
18438,3
18439,15
18440,1
18441,4
18442,18
18443,4
18444,10
18445,10
18446,6
18447,17
18448,12
18449,5
18450,15
18451,11
18452,15
18453,3
18454,9
18455,18
18456,6
18457,2
18458,9
18459,13
18460,11
18461,6
18462,16
18463,3
18464,10
18465,18
18466,23
18467,21
18468,17
18469,3
18470,14
18471,2
18472,10
18473,3
18474,4
18475,3
18476,7
18477,7
18478,3
18479,3
18480,7
18481,22
18482,4
18483,8
18484,3
18485,2
18486,20
18487,19
18488,18
18489,4
18490,5
18491,15
18492,14
18493,12
18494,13
18495,3
18496,12
18497,1
18498,23
18499,16
18500,1
18501,11
18502,9
18503,16
18504,14
18505,21
18506,15
18507,21
18508,12
18509,0
18510,3
18511,14
18512,3
18513,13
18514,11
18515,3
18516,7
18517,15
18518,13
18519,4
18520,23
18521,3
18522,10
18523,4
18524,16
18525,15
18526,12
18527,3
18528,15
18529,9
18530,14
18531,7
18532,7
18533,7
18534,23
18535,23
18536,6
18537,15
18538,7
18539,16
18540,13
18541,1
18542,3
18543,11
18544,20
18545,21
18546,16
18547,3
18548,0
18549,13
18550,20
18551,3
18552,20
18553,18
18554,3
18555,3
18556,20
18557,5
18558,3
18559,9
18560,16
18561,2
18562,3
18563,7
18564,12
18565,7
18566,3
18567,12
18568,2
18569,11
18570,15
18571,7
18572,3
18573,3
18574,16
18575,9
18576,3
18577,12
18578,22
18579,15
18580,11
18581,3
18582,3
18583,1
18584,16
18585,21
18586,23
18587,15
18588,3
18589,20
18590,6
18591,12
18592,8
18593,10
18594,5
18595,6
18596,8
18597,7
18598,3
18599,5
18600,3
18601,14
18602,10
18603,1
18604,8
18605,15
18606,11
18607,5
18608,3
18609,16
18610,5
18611,15
18612,8
18613,16
18614,20
18615,23
18616,21
18617,3
18618,3
18619,3
18620,7
18621,20
18622,10
18623,3
18624,3
18625,7
18626,21
18627,5
18628,19
18629,7
18630,3
18631,0
18632,19
18633,16
18634,3
18635,2
18636,20
18637,23
18638,21
18639,23
18640,3
18641,13
18642,2
18643,14
18644,1
18645,6
18646,7
18647,1
18648,23
18649,20
18650,0
18651,4
18652,12
18653,1
18654,15
18655,8
18656,7
18657,20
18658,16
18659,0
18660,0
18661,1
18662,12
18663,14
18664,13
18665,3
18666,16
18667,7
18668,14
18669,6
18670,18
18671,0
18672,6
18673,11
18674,17
18675,8
18676,21
18677,10
18678,6
18679,8
18680,12
18681,6
18682,5
18683,7
18684,4
18685,3
18686,7
18687,3
18688,3
18689,10
18690,7
18691,8
18692,16
18693,9
18694,16
18695,4
18696,3
18697,13
18698,1
18699,22
18700,3
18701,13
18702,5
18703,5
18704,10
18705,11
18706,0
18707,15
18708,13
18709,7
18710,5
18711,8
18712,12
18713,16
18714,2
18715,2
18716,20
18717,6
18718,12
18719,12
18720,5
18721,3
18722,11
18723,16
18724,2
18725,5
18726,15
18727,8
18728,7
18729,16
18730,13
18731,8
18732,3
18733,7
18734,0
18735,3
18736,12
18737,18
18738,3
18739,13
18740,11
18741,18
18742,7
18743,9
18744,6
18745,1
18746,14
18747,15
18748,3
18749,8
18750,10
18751,20
18752,6
18753,19
18754,8
18755,16
18756,3
18757,14
18758,3
18759,3
18760,5
18761,0
18762,10
18763,10
18764,9
18765,4
18766,16
18767,23
18768,8
18769,20
18770,12
18771,14
18772,9
18773,12
18774,14
18775,3
18776,6
18777,1
18778,10
18779,12
18780,0
18781,7
18782,12
18783,8
18784,20
18785,15
18786,2
18787,23
18788,3
18789,3
18790,5
18791,20
18792,3
18793,3
18794,12
18795,7
18796,3
18797,11
18798,12
18799,3
18800,8
18801,3
18802,3
18803,5
18804,3
18805,11
18806,19
18807,5
18808,16
18809,21
18810,23
18811,4
18812,12
18813,16
18814,9
18815,2
18816,14
18817,13
18818,5
18819,1
18820,12
18821,6
18822,4
18823,5
18824,16
18825,12
18826,8
18827,15
18828,3
18829,3
18830,12
18831,2
18832,12
18833,8
18834,14
18835,4
18836,20
18837,3
18838,15
18839,16
18840,9
18841,18
18842,23
18843,3
18844,23
18845,0
18846,20
18847,3
18848,2
18849,23
18850,13
18851,2
18852,19
18853,3
18854,23
18855,11
18856,23
18857,22
18858,4
18859,15
18860,16
18861,3
18862,7
18863,10
18864,20
18865,14
18866,16
18867,9
18868,3
18869,14
18870,5
18871,23
18872,9
18873,12
18874,6
18875,16
18876,20
18877,16
18878,16
18879,20
18880,11
18881,10
18882,0
18883,1
18884,3
18885,8
18886,5
18887,10
18888,13
18889,16
18890,7
18891,13
18892,5
18893,12
18894,10
18895,9
18896,3
18897,13
18898,19
18899,3
18900,20
18901,13
18902,6
18903,3
18904,7
18905,16
18906,22
18907,11
18908,20
18909,7
18910,0
18911,3
18912,3
18913,14
18914,8
18915,15
18916,4
18917,16
18918,23
18919,13
18920,20
18921,0
18922,4
18923,15
18924,21
18925,3
18926,20
18927,9
18928,8
18929,3
18930,16
18931,17
18932,16
18933,16
18934,3
18935,3
18936,3
18937,23
18938,9
18939,9
18940,3
18941,12
18942,7
18943,11
18944,3
18945,2
18946,3
18947,18
18948,4
18949,3
18950,3
18951,9
18952,23
18953,10
18954,23
18955,3
18956,18
18957,7
18958,2
18959,3
18960,14
18961,3
18962,0
18963,0
18964,3
18965,0
18966,7
18967,3
18968,12
18969,3
18970,9
18971,11
18972,8
18973,7
18974,7
18975,7
18976,19
18977,9
18978,4
18979,10
18980,3
18981,6
18982,23
18983,0
18984,3
18985,5
18986,10
18987,5
18988,15
18989,3
18990,10
18991,16
18992,21
18993,8
18994,20
18995,20
18996,8
18997,3
18998,22
18999,21
19000,3
19001,3
19002,20
19003,10
19004,6
19005,0
19006,7
19007,3
19008,3
19009,0
19010,1
19011,13
19012,3
19013,3
19014,4
19015,13
19016,15
19017,20
19018,3
19019,8
19020,3
19021,16
19022,15
19023,7
19024,17
19025,7
19026,23
19027,4
19028,23
19029,23
19030,6
19031,3
19032,5
19033,20
19034,9
19035,10
19036,11
19037,16
19038,16
19039,6
19040,3
19041,11
19042,15
19043,3
19044,20
19045,12
19046,8
19047,5
19048,12
19049,7
19050,13
19051,0
19052,12
19053,3
19054,14
19055,10
19056,18
19057,5
19058,3
19059,6
19060,2
19061,4
19062,4
19063,0
19064,7
19065,3
19066,7
19067,7
19068,0
19069,12
19070,19
19071,18
19072,3
19073,4
19074,7
19075,7
19076,23
19077,10
19078,1
19079,5
19080,3
19081,6
19082,14
19083,7
19084,1
19085,3
19086,1
19087,5
19088,4
19089,6
19090,5
19091,15
19092,0
19093,23
19094,15
19095,12
19096,5
19097,7
19098,23
19099,1
19100,3
19101,16
19102,5
19103,16
19104,3
19105,3
19106,20
19107,11
19108,2
19109,11
19110,16
19111,4
19112,12
19113,8
19114,6
19115,7
19116,20
19117,11
19118,3
19119,0
19120,18
19121,20
19122,12
19123,1
19124,16
19125,12
19126,23
19127,22
19128,4
19129,13
19130,15
19131,6
19132,3
19133,15
19134,19
19135,0
19136,16
19137,3
19138,10
19139,12
19140,16
19141,7
19142,13
19143,7
19144,1
19145,5
19146,13
19147,15
19148,5
19149,7
19150,7
19151,16
19152,5
19153,9
19154,1
19155,5
19156,3
19157,13
19158,3
19159,9
19160,3
19161,2
19162,2
19163,13
19164,10
19165,15
19166,23
19167,18
19168,15
19169,5
19170,3
19171,9
19172,21
19173,5
19174,16
19175,7
19176,1
19177,1
19178,18
19179,6
19180,7
19181,8
19182,7
19183,7
19184,4
19185,3
19186,7
19187,8
19188,6
19189,1
19190,3
19191,18
19192,4
19193,5
19194,12
19195,18
19196,10
19197,13
19198,14
19199,7
19200,12
19201,14
19202,12
19203,5
19204,16
19205,15
19206,3
19207,11
19208,14
19209,3
19210,20
19211,16
19212,7
19213,13
19214,5
19215,8
19216,0
19217,1
19218,5
19219,20
19220,3
19221,4
19222,13
19223,3
19224,16
19225,13
19226,16
19227,21
19228,7
19229,6
19230,14
19231,17
19232,3
19233,13
19234,3
19235,9
19236,1
19237,10
19238,2
19239,10
19240,9
19241,4
19242,20
19243,8
19244,20
19245,14
19246,9
19247,18
19248,3
19249,13
19250,10
19251,11
19252,8
19253,3
19254,3
19255,6
19256,16
19257,16
19258,18
19259,21
19260,13
19261,23
19262,14
19263,9
19264,3
19265,11
19266,14
19267,0
19268,3
19269,12
19270,16
19271,5
19272,15
19273,21
19274,21
19275,0
19276,21
19277,20
19278,0
19279,1
19280,6
19281,7
19282,11
19283,3
19284,14
19285,5
19286,10
19287,6
19288,10
19289,12
19290,9
19291,18
19292,0
19293,12
19294,23
19295,13
19296,20
19297,12
19298,9
19299,3
19300,3
19301,16
19302,7
19303,6
19304,6
19305,4
19306,3
19307,3
19308,19
19309,9
19310,4
19311,14
19312,3
19313,5
19314,1
19315,4
19316,11
19317,10
19318,0
19319,8
19320,11
19321,4
19322,16
19323,13
19324,12
19325,6
19326,3
19327,16
19328,16
19329,6
19330,1
19331,16
19332,6
19333,18
19334,23
19335,6
19336,8
19337,12
19338,20
19339,9
19340,13
19341,21
19342,3
19343,3
19344,0
19345,15
19346,4
19347,14
19348,3
19349,1
19350,13
19351,7
19352,12
19353,0
19354,12
19355,1
19356,16
19357,7
19358,13
19359,15
19360,5
19361,23
19362,9
19363,4
19364,9
19365,13
19366,12
19367,8
19368,3
19369,16
19370,3
19371,3
19372,16
19373,16
19374,16
19375,21
19376,20
19377,4
19378,11
19379,16
19380,8
19381,3
19382,16
19383,16
19384,6
19385,20
19386,13
19387,20
19388,21
19389,14
19390,0
19391,20
19392,13
19393,3
19394,5
19395,3
19396,17
19397,1
19398,16
19399,1
19400,0
19401,13
19402,7
19403,3
19404,3
19405,3
19406,17
19407,13
19408,2
19409,14
19410,1
19411,6
19412,3
19413,1
19414,16
19415,3
19416,3
19417,13
19418,3
19419,14
19420,20
19421,10
19422,5
19423,3
19424,3
19425,13
19426,18
19427,21
19428,5
19429,15
19430,3
19431,8
19432,0
19433,3
19434,5
19435,7
19436,21
19437,19
19438,3
19439,3
19440,19
19441,5
19442,20
19443,4
19444,19
19445,3
19446,9
19447,7
19448,6
19449,22
19450,3
19451,18
19452,3
19453,5
19454,3
19455,3
19456,2
19457,13
19458,9
19459,3
19460,6
19461,16
19462,7
19463,12
19464,19
19465,10
19466,0
19467,6
19468,10
19469,20
19470,6
19471,6
19472,20
19473,6
19474,5
19475,15
19476,21
19477,12
19478,3
19479,16
19480,15
19481,5
19482,12
19483,1
19484,18
19485,14
19486,3
19487,13
19488,3
19489,3
19490,0
19491,5
19492,3
19493,8
19494,5
19495,0
19496,12
19497,0
19498,1
19499,13
19500,1
19501,0
19502,3
19503,16
19504,13
19505,4
19506,14
19507,15
19508,7
19509,12
19510,10
19511,17
19512,18
19513,18
19514,16
19515,23
19516,23
19517,14
19518,16
19519,0
19520,3
19521,12
19522,4
19523,22
19524,9
19525,14
19526,1
19527,14
19528,8
19529,4
19530,13
19531,9
19532,4
19533,19
19534,3
19535,8
19536,3
19537,9
19538,4
19539,16
19540,3
19541,3
19542,14
19543,9
19544,1
19545,3
19546,16
19547,16
19548,21
19549,6
19550,5
19551,3
19552,0
19553,1
19554,3
19555,12
19556,23
19557,8
19558,2
19559,13
19560,14
19561,1
19562,13
19563,16
19564,11
19565,9
19566,13
19567,7
19568,18
19569,0
19570,14
19571,16
19572,22
19573,20
19574,16
19575,3
19576,11
19577,9
19578,4
19579,19
19580,11
19581,3
19582,10
19583,21
19584,9
19585,16
19586,9
19587,4
19588,1
19589,18
19590,4
19591,23
19592,11
19593,5
19594,10
19595,10
19596,23
19597,5
19598,18
19599,3
19600,3
19601,16
19602,16
19603,3
19604,3
19605,3
19606,5
19607,16
19608,16
19609,5
19610,5
19611,21
19612,3
19613,16
19614,7
19615,16
19616,15
19617,16
19618,5
19619,6
19620,8
19621,3
19622,4
19623,3
19624,6
19625,4
19626,3
19627,5
19628,0
19629,20
19630,14
19631,15
19632,11
19633,1
19634,21
19635,3
19636,3
19637,3
19638,14
19639,6
19640,3
19641,11
19642,7
19643,3
19644,14
19645,20
19646,12
19647,3
19648,1
19649,0
19650,7
19651,3
19652,16
19653,21
19654,4
19655,15
19656,3
19657,1
19658,21
19659,11
19660,7
19661,3
19662,7
19663,16
19664,23
19665,15
19666,7
19667,20
19668,6
19669,23
19670,6
19671,7
19672,16
19673,21
19674,15
19675,7
19676,20
19677,3
19678,3
19679,20
19680,16
19681,10
19682,0
19683,21
19684,11
19685,0
19686,16
19687,3
19688,6
19689,23
19690,23
19691,7
19692,6
19693,20
19694,3
19695,3
19696,3
19697,8
19698,2
19699,1
19700,23
19701,9
19702,3
19703,16
19704,19
19705,14
19706,5
19707,16
19708,12
19709,21
19710,0
19711,20
19712,8
19713,12
19714,16
19715,1
19716,3
19717,6
19718,3
19719,3
19720,0
19721,7
19722,8
19723,13
19724,14
19725,2
19726,4
19727,16
19728,3
19729,3
19730,13
19731,4
19732,13
19733,16
19734,3
19735,21
19736,16
19737,12
19738,7
19739,20
19740,5
19741,0
19742,2
19743,16
19744,3
19745,15
19746,11
19747,15
19748,4
19749,3
19750,14
19751,8
19752,6
19753,4
19754,5
19755,3
19756,6
19757,12
19758,6
19759,3
19760,3
19761,7
19762,0
19763,16
19764,14
19765,11
19766,13
19767,0
19768,16
19769,9
19770,20
19771,3
19772,0
19773,2
19774,11
19775,16
19776,8
19777,2
19778,1
19779,12
19780,16
19781,11
19782,2
19783,6
19784,18
19785,0
19786,6
19787,5
19788,7
19789,1
19790,11
19791,3
19792,21
19793,11
19794,16
19795,23
19796,14
19797,8
19798,7
19799,5
19800,3
19801,7
19802,12
19803,6
19804,20
19805,3
19806,15
19807,16
19808,15
19809,0
19810,12
19811,8
19812,1
19813,16
19814,23
19815,4
19816,6
19817,8
19818,16
19819,2
19820,10
19821,9
19822,12
19823,15
19824,4
19825,11
19826,3
19827,23
19828,5
19829,8
19830,4
19831,11
19832,4
19833,3
19834,3
19835,3
19836,15
19837,3
19838,7
19839,15
19840,12
19841,13
19842,8
19843,16
19844,16
19845,16
19846,11
19847,11
19848,7
19849,7
19850,7
19851,3
19852,23
19853,5
19854,2
19855,3
19856,18
19857,7
19858,7
19859,5
19860,23
19861,11
19862,0
19863,4
19864,13
19865,16
19866,3
19867,12
19868,12
19869,16
19870,3
19871,13
19872,19
19873,14
19874,3
19875,12
19876,11
19877,21
19878,14
19879,5
19880,8
19881,14
19882,19
19883,15
19884,21
19885,15
19886,9
19887,7
19888,3
19889,21
19890,1
19891,16
19892,2
19893,1
19894,8
19895,19
19896,20
19897,16
19898,11
19899,18
19900,12
19901,11
19902,11
19903,18
19904,20
19905,3
19906,14
19907,1
19908,1
19909,0
19910,16
19911,13
19912,17
19913,0
19914,12
19915,2
19916,2
19917,7
19918,16
19919,3
19920,14
19921,0
19922,12
19923,3
19924,16
19925,15
19926,12
19927,13
19928,11
19929,3
19930,21
19931,14
19932,13
19933,20
19934,11
19935,3
19936,23
19937,0
19938,9
19939,6
19940,16
19941,23
19942,11
19943,16
19944,3
19945,16
19946,23
19947,18
19948,4
19949,3
19950,23
19951,13
19952,14
19953,0
19954,23
19955,0
19956,13
19957,3
19958,13
19959,3
19960,13
19961,10
19962,4
19963,4
19964,3
19965,3
19966,12
19967,0
19968,7
19969,2
19970,13
19971,20
19972,14
19973,20
19974,20
19975,9
19976,12
19977,21
19978,9
19979,23
19980,16
19981,0
19982,14
19983,0
19984,16
19985,4
19986,15
19987,2
19988,12
19989,3
19990,15
19991,4
19992,20
19993,3
19994,12
19995,16
19996,11
19997,0
19998,3
19999,2
20000,8
20001,10
20002,3
20003,13
20004,14
20005,21
20006,1
20007,9
20008,11
20009,16
20010,1
20011,7
20012,12
20013,20
20014,13
20015,21
20016,3
20017,19
20018,8
20019,11
20020,11
20021,13
20022,12
20023,16
20024,6
20025,3
20026,11
20027,0
20028,7
20029,9
20030,5
20031,3
20032,9
20033,7
20034,10
20035,16
20036,21
20037,10
20038,3
20039,3
20040,11
20041,18
20042,23
20043,9
20044,13
20045,3
20046,3
20047,3
20048,14
20049,20
20050,6
20051,11
20052,8
20053,10
20054,6
20055,3
20056,3
20057,13
20058,14
20059,13
20060,3
20061,16
20062,6
20063,16
20064,14
20065,12
20066,9
20067,22
20068,6
20069,19
20070,14
20071,16
20072,1
20073,11
20074,10
20075,12
20076,12
20077,3
20078,20
20079,9
20080,3
20081,4
20082,5
20083,15
20084,4
20085,3
20086,21
20087,0
20088,3
20089,3
20090,0
20091,4
20092,3
20093,7
20094,21
20095,23
20096,12
20097,5
20098,0
20099,5
20100,15
20101,13
20102,14
20103,8
20104,15
20105,3
20106,14
20107,6
20108,3
20109,10
20110,4
20111,5
20112,11
20113,3
20114,10
20115,19
20116,17
20117,8
20118,3
20119,21
20120,6
20121,3
20122,21
20123,3
20124,16
20125,3
20126,14
20127,6
20128,12
20129,3
20130,10
20131,21
20132,21
20133,3
20134,21
20135,3
20136,3
20137,0
20138,12
20139,16
20140,12
20141,20
20142,17
20143,20
20144,7
20145,12
20146,12
20147,21
20148,22
20149,3
20150,20
20151,7
20152,2
20153,18
20154,1
20155,16
20156,7
20157,1
20158,11
20159,3
20160,10
20161,1
20162,19
20163,5
20164,0
20165,13
20166,12
20167,21
20168,12
20169,20
20170,7
20171,7
20172,7
20173,20
20174,3
20175,7
20176,7
20177,7
20178,23
20179,9
20180,7
20181,3
20182,8
20183,3
20184,1
20185,7
20186,0
20187,20
20188,16
20189,23
20190,4
20191,15
20192,7
20193,18
20194,16
20195,12
20196,21
20197,15
20198,4
20199,3
20200,1
20201,7
20202,8
20203,6
20204,5
20205,3
20206,6
20207,16
20208,16
20209,3
20210,13
20211,13
20212,10
20213,2
20214,20
20215,14
20216,15
20217,6
20218,16
20219,16
20220,13
20221,18
20222,9
20223,12
20224,23
20225,3
20226,16
20227,1
20228,6
20229,0
20230,14
20231,3
20232,4
20233,5
20234,23
20235,3
20236,6
20237,1
20238,8
20239,3
20240,1
20241,9
20242,7
20243,1
20244,6
20245,12
20246,12
20247,5
20248,20
20249,16
20250,0
20251,7
20252,12
20253,6
20254,12
20255,16
20256,4
20257,3
20258,10
20259,23
20260,3
20261,1
20262,9
20263,16
20264,23
20265,8
20266,20
20267,12
20268,9
20269,3
20270,5
20271,13
20272,15
20273,7
20274,13
20275,3
20276,15
20277,11
20278,3
20279,1
20280,4
20281,3
20282,3
20283,1
20284,18
20285,17
20286,15
20287,4
20288,12
20289,19
20290,12
20291,5
20292,3
20293,2
20294,21
20295,16
20296,3
20297,12
20298,7
20299,7
20300,16
20301,13
20302,13
20303,3
20304,15
20305,6
20306,5
20307,3
20308,23
20309,0
20310,15
20311,12
20312,3
20313,4
20314,9
20315,16
20316,18
20317,16
20318,19
20319,12
20320,7
20321,1
20322,3
20323,6
20324,16
20325,19
20326,3
20327,3
20328,5
20329,10
20330,12
20331,5
20332,23
20333,3
20334,13
20335,18
20336,2
20337,3
20338,2
20339,11
20340,3
20341,11
20342,14
20343,3
20344,10
20345,19
20346,16
20347,3
20348,8
20349,13
20350,10
20351,21
20352,16
20353,13
20354,23
20355,3
20356,9
20357,14
20358,22
20359,3
20360,16
20361,14
20362,16
20363,3
20364,6
20365,16
20366,11
20367,20
20368,7
20369,9
20370,1
20371,19
20372,3
20373,6
20374,16
20375,12
20376,3
20377,3
20378,10
20379,23
20380,19
20381,23
20382,2
20383,13
20384,9
20385,23
20386,3
20387,12
20388,23
20389,8
20390,7
20391,16
20392,19
20393,3
20394,1
20395,14
20396,15
20397,12
20398,6
20399,6
20400,9
20401,3
20402,5
20403,10
20404,6
20405,12
20406,22
20407,1
20408,4
20409,4
20410,10
20411,15
20412,3
20413,7
20414,9
20415,5
20416,6
20417,8
20418,6
20419,13
20420,16
20421,3
20422,4
20423,16
20424,3
20425,12
20426,12
20427,0
20428,11
20429,10
20430,0
20431,3
20432,3
20433,14
20434,20
20435,16
20436,7
20437,15
20438,2
20439,12
20440,16
20441,12
20442,5
20443,22
20444,9
20445,11
20446,3
20447,20
20448,17
20449,7
20450,15
20451,7
20452,23
20453,7
20454,23
20455,18
20456,18
20457,7
20458,1
20459,3
20460,20
20461,21
20462,8
20463,1
20464,20
20465,11
20466,3
20467,17
20468,17
20469,0
20470,3
20471,23
20472,0
20473,2
20474,11
20475,12
20476,19
20477,7
20478,23
20479,14
20480,23
20481,0
20482,5
20483,1
20484,7
20485,3
20486,9
20487,20
20488,5
20489,9
20490,23
20491,19
20492,3
20493,10
20494,7
20495,23
20496,6
20497,5
20498,16
20499,5
20500,6
20501,8
20502,18
20503,2
20504,20
20505,8
20506,21
20507,4
20508,0
20509,12
20510,15
20511,9
20512,16
20513,8
20514,5
20515,21
20516,0
20517,21
20518,13
20519,23
20520,15
20521,21
20522,19
20523,6
20524,23
20525,3
20526,7
20527,12
20528,12
20529,7
20530,11
20531,3
20532,11
20533,0
20534,20
20535,12
20536,14
20537,6
20538,3
20539,1
20540,4
20541,13
20542,19
20543,0
20544,13
20545,5
20546,9
20547,4
20548,16
20549,0
20550,21
20551,20
20552,14
20553,3
20554,8
20555,0
20556,7
20557,1
20558,11
20559,3
20560,9
20561,7
20562,19
20563,6
20564,20
20565,5
20566,15
20567,11
20568,7
20569,16
20570,6
20571,11
20572,3
20573,2
20574,13
20575,19
20576,16
20577,10
20578,15
20579,3
20580,5
20581,3
20582,12
20583,21
20584,2
20585,2
20586,20
20587,3
20588,12
20589,3
20590,9
20591,0
20592,3
20593,3
20594,1
20595,21
20596,8
20597,10
20598,3
20599,23
20600,8
20601,5
20602,3
20603,3
20604,16
20605,12
20606,1
20607,16
20608,23
20609,13
20610,10
20611,12
20612,4
20613,12
20614,10
20615,14
20616,7
20617,7
20618,14
20619,3
20620,6
20621,3
20622,8
20623,1
20624,3
20625,23
20626,7
20627,6
20628,3
20629,21
20630,10
20631,12
20632,15
20633,17
20634,12
20635,12
20636,5
20637,23
20638,20
20639,12
20640,0
20641,14
20642,23
20643,11
20644,4
20645,17
20646,16
20647,16
20648,4
20649,6
20650,13
20651,10
20652,16
20653,12
20654,7
20655,20
20656,16
20657,22
20658,4
20659,8
20660,3
20661,7
20662,20
20663,11
20664,7
20665,7
20666,4
20667,5
20668,14
20669,11
20670,8
20671,13
20672,16
20673,19
20674,3
20675,3
20676,6
20677,3
20678,3
20679,14
20680,1
20681,6
20682,23
20683,7
20684,4
20685,7
20686,0
20687,5
20688,18
20689,3
20690,5
20691,12
20692,8
20693,7
20694,3
20695,3
20696,5
20697,5
20698,3
20699,7
20700,20
20701,13
20702,7
20703,16
20704,3
20705,13
20706,3
20707,5
20708,6
20709,0
20710,16
20711,15
20712,23
20713,16
20714,5
20715,9
20716,16
20717,9
20718,5
20719,3
20720,5
20721,23
20722,3
20723,16
20724,16
20725,18
20726,16
20727,15
20728,15
20729,10
20730,5
20731,15
20732,7
20733,3
20734,3
20735,1
20736,1
20737,3
20738,9
20739,16
20740,9
20741,21
20742,5
20743,23
20744,19
20745,14
20746,9
20747,13
20748,0
20749,14
20750,7
20751,12
20752,13
20753,5
20754,15
20755,23
20756,6
20757,4
20758,6
20759,16
20760,2
20761,17
20762,9
20763,11
20764,0
20765,21
20766,10
20767,11
20768,3
20769,11
20770,23
20771,13
20772,10
20773,8
20774,3
20775,15
20776,11
20777,3
20778,8
20779,23
20780,5
20781,3
20782,20
20783,20
20784,13
20785,23
20786,16
20787,4
20788,3
20789,3
20790,16
20791,13
20792,8
20793,3
20794,13
20795,7
20796,0
20797,3
20798,15
20799,3
20800,3
20801,9
20802,13
20803,2
20804,15
20805,21
20806,7
20807,4
20808,3
20809,3
20810,3
20811,16
20812,19
20813,16
20814,10
20815,4
20816,16
20817,14
20818,23
20819,16
20820,6
20821,18
20822,13
20823,3
20824,15
20825,12
20826,16
20827,12
20828,19
20829,12
20830,3
20831,21
20832,12
20833,23
20834,16
20835,4
20836,6
20837,2
20838,3
20839,3
20840,23
20841,7
20842,5
20843,12
20844,3
20845,3
20846,18
20847,16
20848,20
20849,16
20850,18
20851,6
20852,3
20853,23
20854,15
20855,12
20856,12
20857,23
20858,3
20859,20
20860,1
20861,1
20862,21
20863,11
20864,5
20865,10
20866,14
20867,12
20868,4
20869,14
20870,3
20871,18
20872,20
20873,3
20874,16
20875,13
20876,2
20877,13
20878,16
20879,6
20880,8
20881,3
20882,13
20883,0
20884,3
20885,5
20886,1
20887,3
20888,13
20889,0
20890,12
20891,18
20892,3
20893,7
20894,7
20895,0
20896,23
20897,15
20898,6
20899,0
20900,20
20901,11
20902,17
20903,3
20904,20
20905,3
20906,1
20907,3
20908,13
20909,3
20910,8
20911,0
20912,19
20913,3
20914,1
20915,3
20916,6
20917,6
20918,15
20919,8
20920,13
20921,21
20922,3
20923,21
20924,20
20925,21
20926,7
20927,8
20928,13
20929,3
20930,20
20931,3
20932,13
20933,19
20934,13
20935,11
20936,16
20937,14
20938,2
20939,11
20940,20
20941,6
20942,0
20943,2
20944,5
20945,2
20946,9
20947,10
20948,12
20949,16
20950,0
20951,7
20952,4
20953,8
20954,16
20955,3
20956,20
20957,1
20958,7
20959,22
20960,4
20961,5
20962,16
20963,11
20964,3
20965,0
20966,3
20967,19
20968,12
20969,13
20970,5
20971,10
20972,18
20973,15
20974,3
20975,8
20976,16
20977,13
20978,1
20979,8
20980,3
20981,12
20982,1
20983,3
20984,11
20985,5
20986,3
20987,11
20988,14
20989,20
20990,3
20991,16
20992,5
20993,13
20994,3
20995,16
20996,15
20997,10
20998,11
20999,16
21000,9
21001,4
21002,4
21003,9
21004,3
21005,3
21006,7
21007,10
21008,3
21009,3
21010,7
21011,11
21012,12
21013,2
21014,7
21015,23
21016,19
21017,0
21018,10
21019,11
21020,14
21021,15
21022,20
21023,20
21024,5
21025,19
21026,16
21027,0
21028,3
21029,15
21030,3
21031,4
21032,3
21033,6
21034,5
21035,15
21036,14
21037,16
21038,13
21039,3
21040,3
21041,7
21042,3
21043,16
21044,7
21045,13
21046,20
21047,17
21048,21
21049,16
21050,23
21051,3
21052,5
21053,11
21054,15
21055,3
21056,9
21057,5
21058,18
21059,1
21060,22
21061,12
21062,1
21063,3
21064,7
21065,3
21066,13
21067,12
21068,7
21069,3
21070,7
21071,9
21072,13
21073,23
21074,12
21075,3
21076,0
21077,21
21078,7
21079,13
21080,19
21081,7
21082,9
21083,4
21084,0
21085,23
21086,23
21087,15
21088,6
21089,15
21090,3
21091,18
21092,7
21093,12
21094,16
21095,3
21096,16
21097,15
21098,17
21099,5
21100,16
21101,5
21102,16
21103,3
21104,16
21105,13
21106,3
21107,17
21108,5
21109,7
21110,2
21111,3
21112,7
21113,3
21114,12
21115,16
21116,9
21117,3
21118,5
21119,3
21120,14
21121,3
21122,7
21123,7
21124,11
21125,1
21126,10
21127,3
21128,3
21129,23
21130,0
21131,13
21132,5
21133,14
21134,16
21135,14
21136,11
21137,3
21138,14
21139,13
21140,4
21141,20
21142,21
21143,12
21144,3
21145,3
21146,16
21147,11
21148,6
21149,8
21150,6
21151,7
21152,5
21153,23
21154,6
21155,10
21156,3
21157,23
21158,20
21159,11
21160,3
21161,7
21162,10
21163,3
21164,7
21165,23
21166,23
21167,6
21168,14
21169,5
21170,21
21171,15
21172,8
21173,15
21174,3
21175,11
21176,7
21177,1
21178,9
21179,4
21180,19
21181,6
21182,19
21183,11
21184,3
21185,17
21186,16
21187,3
21188,8
21189,6
21190,11
21191,16
21192,5
21193,11
21194,8
21195,14
21196,3
21197,16
21198,16
21199,2
21200,3
21201,18
21202,9
21203,0
21204,4
21205,2
21206,23
21207,3
21208,12
21209,3
21210,0
21211,10
21212,15
21213,16
21214,23
21215,20
21216,3
21217,10
21218,8
21219,20
21220,7
21221,9
21222,6
21223,1
21224,14
21225,3
21226,7
21227,3
21228,12
21229,18
21230,15
21231,22
21232,3
21233,12
21234,10
21235,6
21236,21
21237,5
21238,3
21239,23
21240,16
21241,3
21242,11
21243,3
21244,8
21245,2
21246,16
21247,8
21248,17
21249,15
21250,15
21251,1
21252,6
21253,12
21254,14
21255,7
21256,6
21257,18
21258,1
21259,5
21260,13
21261,3
21262,5
21263,1
21264,21
21265,1
21266,3
21267,6
21268,5
21269,4
21270,9
21271,10
21272,12
21273,12
21274,23
21275,2
21276,11
21277,6
21278,7
21279,3
21280,22
21281,16
21282,3
21283,7
21284,14
21285,20
21286,12
21287,9
21288,3
21289,10
21290,16
21291,16
21292,0
21293,12
21294,11
21295,6
21296,3
21297,11
21298,14
21299,15
21300,9
21301,9
21302,11
21303,16
21304,14
21305,6
21306,18
21307,9
21308,19
21309,2
21310,20
21311,23
21312,3
21313,16
21314,16
21315,20
21316,8
21317,0
21318,14
21319,3
21320,13
21321,7
21322,3
21323,16
21324,15
21325,11
21326,12
21327,11
21328,4
21329,12
21330,13
21331,12
21332,5
21333,5
21334,0
21335,7
21336,5
21337,5
21338,3
21339,11
21340,21
21341,0
21342,3
21343,23
21344,15
21345,8
21346,3
21347,8
21348,16
21349,16
21350,5
21351,15
21352,1
21353,3
21354,13
21355,11
21356,3
21357,5
21358,0
21359,3
21360,8
21361,14
21362,5
21363,9
21364,9
21365,13
21366,13
21367,10
21368,8
21369,6
21370,8
21371,16
21372,0
21373,20
21374,16
21375,2
21376,16
21377,5
21378,1
21379,1
21380,3
21381,3
21382,3
21383,7
21384,9
21385,13
21386,4
21387,18
21388,3
21389,3
21390,14
21391,0
21392,10
21393,12
21394,5
21395,14
21396,5
21397,21
21398,10
21399,21
21400,16
21401,8
21402,1
21403,3
21404,3
21405,3
21406,3
21407,20
21408,23
21409,9
21410,13
21411,15
21412,1
21413,21
21414,21
21415,8
21416,6
21417,22
21418,14
21419,4
21420,6
21421,10
21422,3
21423,1
21424,3
21425,19
21426,11
21427,12
21428,10
21429,6
21430,4
21431,15
21432,21
21433,13
21434,3
21435,14
21436,23
21437,7
21438,3
21439,3
21440,1
21441,9
21442,9
21443,9
21444,3
21445,16
21446,0
21447,13
21448,1
21449,12
21450,9
21451,23
21452,14
21453,6
21454,10
21455,11
21456,13
21457,12
21458,3
21459,3
21460,0
21461,3
21462,10
21463,3
21464,15
21465,13
21466,12
21467,8
21468,3
21469,13
21470,3
21471,14
21472,0
21473,12
21474,3
21475,5
21476,3
21477,5
21478,6
21479,2
21480,15
21481,2
21482,9
21483,21
21484,14
21485,11
21486,11
21487,14
21488,18
21489,13
21490,5
21491,4
21492,5
21493,3
21494,23
21495,11
21496,15
21497,14
21498,16
21499,19
21500,7
21501,3
21502,15
21503,4
21504,3
21505,6
21506,13
21507,20
21508,12
21509,1
21510,7
21511,11
21512,21
21513,14
21514,16
21515,5
21516,18
21517,0
21518,3
21519,7
21520,16
21521,3
21522,18
21523,11
21524,18
21525,3
21526,3
21527,13
21528,20
21529,3
21530,7
21531,1
21532,12
21533,16
21534,22
21535,8
21536,23
21537,10
21538,0
21539,12
21540,11
21541,18
21542,5
21543,3
21544,9
21545,3
21546,8
21547,8
21548,12
21549,6
21550,13
21551,21
21552,7
21553,20
21554,4
21555,6
21556,3
21557,8
21558,12
21559,3
21560,3
21561,21
21562,3
21563,3
21564,20
21565,8
21566,12
21567,7
21568,13
21569,16
21570,2
21571,7
21572,19
21573,12
21574,16
21575,1
21576,3
21577,18
21578,3
21579,5
21580,16
21581,8
21582,0
21583,23
21584,21
21585,3
21586,16
21587,12
21588,20
21589,3
21590,14
21591,18
21592,10
21593,2
21594,23
21595,3
21596,6
21597,7
21598,3
21599,3
21600,5
21601,12
21602,13
21603,16
21604,5
21605,14
21606,0
21607,3
21608,7
21609,0
21610,16
21611,3
21612,11
21613,3
21614,12
21615,9
21616,6
21617,18
21618,15
21619,5
21620,12
21621,8
21622,13
21623,3
21624,14
21625,15
21626,13
21627,7
21628,14
21629,3
21630,0
21631,4
21632,10
21633,18
21634,16
21635,10
21636,5
21637,1
21638,20
21639,7
21640,11
21641,23
21642,23
21643,14
21644,8
21645,1
21646,6
21647,5
21648,16
21649,19
21650,9
21651,8
21652,3
21653,8
21654,16
21655,5
21656,5
21657,11
21658,1
21659,3
21660,15
21661,16
21662,3
21663,16
21664,16
21665,3
21666,11
21667,23
21668,16
21669,3
21670,10
21671,5
21672,23
21673,10
21674,23
21675,8
21676,0
21677,3
21678,5
21679,23
21680,23
21681,11
21682,4
21683,7
21684,1
21685,18
21686,12
21687,14
21688,3
21689,15
21690,13
21691,8
21692,11
21693,16
21694,6
21695,3
21696,12
21697,16
21698,3
21699,6
21700,5
21701,3
21702,20
21703,4
21704,13
21705,21
21706,3
21707,14
21708,3
21709,9
21710,3
21711,2
21712,8
21713,20
21714,3
21715,9
21716,7
21717,16
21718,6
21719,3
21720,8
21721,11
21722,20
21723,6
21724,6
21725,3
21726,20
21727,13
21728,2
21729,7
21730,2
21731,5
21732,3
21733,2
21734,12
21735,2
21736,13
21737,12
21738,11
21739,3
21740,14
21741,7
21742,10
21743,0
21744,3
21745,11
21746,5
21747,8
21748,3
21749,5
21750,20
21751,3
21752,12
21753,23
21754,14
21755,19
21756,13
21757,10
21758,3
21759,13
21760,3
21761,16
21762,2
21763,8
21764,3
21765,10
21766,20
21767,3
21768,0
21769,9
21770,16
21771,1
21772,20
21773,15
21774,16
21775,16
21776,8
21777,3
21778,6
21779,12
21780,13
21781,6
21782,6
21783,3
21784,19
21785,23
21786,16
21787,9
21788,4
21789,14
21790,21
21791,1
21792,0
21793,10
21794,3
21795,16
21796,3
21797,2
21798,16
21799,3
21800,23
21801,7
21802,1
21803,6
21804,8
21805,7
21806,16
21807,3
21808,13
21809,19
21810,13
21811,3
21812,3
21813,9
21814,14
21815,3
21816,3
21817,3
21818,8
21819,9
21820,0
21821,20
21822,9
21823,15
21824,3
21825,8
21826,7
21827,3
21828,9
21829,5
21830,12
21831,3
21832,21
21833,3
21834,9
21835,7
21836,3
21837,14
21838,6
21839,23
21840,13
21841,10
21842,12
21843,6
21844,3
21845,21
21846,3
21847,3
21848,15
21849,23
21850,1
21851,3
21852,3
21853,3
21854,21
21855,21
21856,15
21857,4
21858,16
21859,14
21860,3
21861,12
21862,12
21863,14
21864,13
21865,1
21866,3
21867,3
21868,23
21869,16
21870,0
21871,4
21872,8
21873,16
21874,3
21875,18
21876,14
21877,3
21878,16
21879,21
21880,10
21881,6
21882,5
21883,5
21884,4
21885,0
21886,5
21887,20
21888,3
21889,7
21890,15
21891,22
21892,12
21893,3
21894,13
21895,3
21896,5
21897,3
21898,17
21899,16
21900,12
21901,14
21902,13
21903,15
21904,15
21905,4
21906,2
21907,5
21908,13
21909,12
21910,5
21911,3
21912,3
21913,9
21914,13
21915,21
21916,11
21917,0
21918,12
21919,0
21920,13
21921,8
21922,13
21923,3
21924,7
21925,17
21926,20
21927,16
21928,23
21929,3
21930,1
21931,4
21932,16
21933,7
21934,19
21935,16
21936,8
21937,7
21938,16
21939,10
21940,12
21941,3
21942,18
21943,7
21944,8
21945,14
21946,1
21947,21
21948,23
21949,12
21950,6
21951,5
21952,18
21953,23
21954,5
21955,7
21956,0
21957,3
21958,4
21959,3
21960,5
21961,7
21962,3
21963,4
21964,23
21965,6
21966,19
21967,9
21968,5
21969,16
21970,23
21971,6
21972,12
21973,5
21974,7
21975,3
21976,12
21977,21
21978,16
21979,23
21980,4
21981,4
21982,5
21983,10
21984,16
21985,4
21986,13
21987,6
21988,12
21989,11
21990,5
21991,10
21992,16
21993,5
21994,4
21995,23
21996,3
21997,18
21998,1
21999,11
22000,3
22001,5
22002,3
22003,3
22004,3
22005,7
22006,11
22007,16
22008,14
22009,3
22010,6
22011,12
22012,6
22013,13
22014,19
22015,10
22016,14
22017,6
22018,3
22019,14
22020,10
22021,15
22022,3
22023,9
22024,7
22025,13
22026,13
22027,5
22028,7
22029,3
22030,7
22031,2
22032,0
22033,6
22034,3
22035,8
22036,7
22037,3
22038,12
22039,8
22040,13
22041,7
22042,11
22043,9
22044,3
22045,6
22046,7
22047,1
22048,3
22049,15
22050,3
22051,13
22052,9
22053,20
22054,20
22055,20
22056,8
22057,11
22058,23
22059,23
22060,4
22061,9
22062,3
22063,5
22064,16
22065,3
22066,15
22067,12
22068,13
22069,3
22070,3
22071,3
22072,13
22073,17
22074,4
22075,3
22076,13
22077,8
22078,20
22079,15
22080,10
22081,3
22082,12
22083,11
22084,3
22085,14
22086,20
22087,18
22088,1
22089,3
22090,21
22091,0
22092,7
22093,1
22094,3
22095,3
22096,12
22097,15
22098,16
22099,7
22100,16
22101,18
22102,15
22103,3
22104,21
22105,8
22106,20
22107,10
22108,3
22109,1
22110,18
22111,9
22112,12
22113,3
22114,8
22115,3
22116,12
22117,16
22118,16
22119,15
22120,7
22121,11
22122,9
22123,0
22124,13
22125,22
22126,3
22127,8
22128,0
22129,16
22130,20
22131,3
22132,3
22133,13
22134,3
22135,13
22136,8
22137,8
22138,7
22139,12
22140,13
22141,16
22142,2
22143,3
22144,2
22145,9
22146,1
22147,3
22148,3
22149,3
22150,7
22151,16
22152,3
22153,11
22154,8
22155,20
22156,12
22157,8
22158,11
22159,14
22160,13
22161,10
22162,3
22163,10
22164,7
22165,14
22166,3
22167,6
22168,16
22169,7
22170,1
22171,6
22172,10
22173,3
22174,0
22175,7
22176,11
22177,12
22178,10
22179,3
22180,8
22181,7
22182,1
22183,1
22184,6
22185,14
22186,10
22187,8
22188,3
22189,3
22190,15
22191,20
22192,1
22193,21
22194,3
22195,12
22196,3
22197,3
22198,15
22199,23
22200,8
22201,3
22202,6
22203,4
22204,6
22205,3
22206,9
22207,12
22208,8
22209,3
22210,23
22211,10
22212,21
22213,1
22214,3
22215,3
22216,3
22217,3
22218,8
22219,9
22220,9
22221,7
22222,0
22223,3
22224,10
22225,9
22226,22
22227,23
22228,12
22229,16
22230,16
22231,14
22232,20
22233,23
22234,3
22235,3
22236,14
22237,11
22238,12
22239,15
22240,20
22241,15
22242,9
22243,0
22244,13
22245,6
22246,23
22247,21
22248,1
22249,3
22250,0
22251,14
22252,1
22253,20
22254,18
22255,14
22256,22
22257,3
22258,16
22259,3
22260,14
22261,23
22262,20
22263,22
22264,5
22265,8
22266,12
22267,0
22268,3
22269,10
22270,1
22271,2
22272,16
22273,16
22274,13
22275,14
22276,23
22277,12
22278,3
22279,8
22280,16
22281,3
22282,1
22283,14
22284,21
22285,0
22286,10
22287,19
22288,3
22289,12
22290,21
22291,6
22292,12
22293,5
22294,14
22295,23
22296,7
22297,2
22298,12
22299,0
22300,3
22301,3
22302,5
22303,3
22304,12
22305,20
22306,3
22307,18
22308,18
22309,5
22310,16
22311,10
22312,4
22313,15
22314,15
22315,3
22316,8
22317,5
22318,21
22319,15
22320,9
22321,4
22322,6
22323,15
22324,13
22325,3
22326,16
22327,15
22328,20
22329,3
22330,16
22331,14
22332,21
22333,8
22334,4
22335,16
22336,13
22337,14
22338,20
22339,12
22340,1
22341,16
22342,3
22343,23
22344,16
22345,16
22346,3
22347,6
22348,13
22349,3
22350,22
22351,12
22352,12
22353,5
22354,5
22355,5
22356,12
22357,7
22358,6
22359,9
22360,6
22361,23
22362,5
22363,3
22364,3
22365,22
22366,12
22367,10
22368,16
22369,4
22370,16
22371,19
22372,20
22373,2
22374,3
22375,3
22376,16
22377,9
22378,15
22379,0
22380,0
22381,2
22382,1
22383,18
22384,12
22385,16
22386,4
22387,5
22388,0
22389,5
22390,11
22391,11
22392,4
22393,9
22394,3
22395,21
22396,5
22397,6
22398,3
22399,3
22400,1
22401,9
22402,18
22403,13
22404,6
22405,3
22406,13
22407,5
22408,3
22409,7
22410,1
22411,4
22412,14
22413,23
22414,3
22415,11
22416,3
22417,3
22418,0
22419,13
22420,9
22421,15
22422,14
22423,10
22424,18
22425,16
22426,6
22427,6
22428,10
22429,16
22430,22
22431,12
22432,4
22433,3
22434,19
22435,12
22436,12
22437,14
22438,15
22439,14
22440,13
22441,2
22442,7
22443,6
22444,13
22445,15
22446,2
22447,21
22448,6
22449,1
22450,1
22451,0
22452,20
22453,12
22454,3
22455,15
22456,14
22457,13
22458,7
22459,7
22460,3
22461,16
22462,0
22463,12
22464,14
22465,23
22466,7
22467,0
22468,20
22469,18
22470,3
22471,13
22472,13
22473,16
22474,6
22475,13
22476,4
22477,13
22478,11
22479,14
22480,12
22481,10
22482,12
22483,20
22484,8
22485,11
22486,3
22487,3
22488,6
22489,23
22490,8
22491,11
22492,3
22493,13
22494,18
22495,6
22496,15
22497,8
22498,11
22499,21
22500,0
22501,20
22502,3
22503,14
22504,0
22505,0
22506,1
22507,22
22508,6
22509,6
22510,20
22511,11
22512,3
22513,0
22514,11
22515,13
22516,12
22517,3
22518,8
22519,3
22520,15
22521,3
22522,18
22523,15
22524,13
22525,21
22526,23
22527,3
22528,4
22529,12
22530,3
22531,5
22532,7
22533,7
22534,20
22535,6
22536,6
22537,7
22538,23
22539,19
22540,17
22541,3
22542,9
22543,15
22544,7
22545,1
22546,16
22547,7
22548,20
22549,11
22550,18
22551,8
22552,1
22553,14
22554,7
22555,21
22556,14
22557,7
22558,7
22559,3
22560,10
22561,3
22562,12
22563,8
22564,21
22565,1
22566,13
22567,20
22568,5
22569,14
22570,16
22571,9
22572,8
22573,3
22574,13
22575,20
22576,12
22577,7
22578,18
22579,3
22580,15
22581,16
22582,16
22583,12
22584,7
22585,3
22586,18
22587,10
22588,3
22589,3
22590,6
22591,3
22592,9
22593,7
22594,21
22595,6
22596,3
22597,0
22598,23
22599,12
22600,13
22601,16
22602,8
22603,3
22604,3
22605,3
22606,12
22607,0
22608,5
22609,3
22610,10
22611,16
22612,13
22613,3
22614,3
22615,11
22616,10
22617,7
22618,3
22619,9
22620,3
22621,21
22622,6
22623,0
22624,13
22625,9
22626,10
22627,19
22628,14
22629,13
22630,14
22631,3
22632,12
22633,1
22634,23
22635,8
22636,7
22637,9
22638,9
22639,18
22640,4
22641,11
22642,3
22643,5
22644,3
22645,14
22646,21
22647,3
22648,12
22649,9
22650,11
22651,23
22652,12
22653,20
22654,3
22655,3
22656,14
22657,10
22658,20
22659,13
22660,7
22661,14
22662,18
22663,15
22664,20
22665,23
22666,11
22667,9
22668,22
22669,13
22670,20
22671,6
22672,23
22673,18
22674,10
22675,11
22676,14
22677,19
22678,3
22679,12
22680,0
22681,9
22682,21
22683,0
22684,16
22685,23
22686,8
22687,11
22688,2
22689,8
22690,2
22691,19
22692,3
22693,13
22694,22
22695,2
22696,12
22697,8
22698,22
22699,11
22700,7
22701,3
22702,7
22703,6
22704,4
22705,14
22706,4
22707,3
22708,23
22709,5
22710,16
22711,21
22712,3
22713,3
22714,16
22715,3
22716,3
22717,6
22718,9
22719,8
22720,16
22721,18
22722,5
22723,19
22724,16
22725,3
22726,13
22727,7
22728,2
22729,9
22730,3
22731,18
22732,7
22733,21
22734,13
22735,3
22736,4
22737,2
22738,8
22739,22
22740,12
22741,14
22742,8
22743,8
22744,21
22745,3
22746,1
22747,7
22748,19
22749,11
22750,23
22751,0
22752,10
22753,3
22754,3
22755,0
22756,3
22757,1
22758,3
22759,20
22760,5
22761,3
22762,9
22763,9
22764,5
22765,21
22766,7
22767,16
22768,20
22769,12
22770,7
22771,9
22772,23
22773,11
22774,3
22775,6
22776,2
22777,7
22778,14
22779,23
22780,9
22781,11
22782,14
22783,13
22784,5
22785,3
22786,15
22787,9
22788,8
22789,13
22790,15
22791,2
22792,0
22793,7
22794,13
22795,19
22796,3
22797,8
22798,13
22799,7
22800,16
22801,11
22802,18
22803,3
22804,9
22805,18
22806,15
22807,3
22808,13
22809,3
22810,4
22811,20
22812,23
22813,3
22814,4
22815,20
22816,4
22817,3
22818,1
22819,8
22820,10
22821,3
22822,5
22823,3
22824,4
22825,3
22826,8
22827,0
22828,16
22829,1
22830,15
22831,2
22832,5
22833,23
22834,21
22835,6
22836,22
22837,5
22838,21
22839,4
22840,16
22841,16
22842,7
22843,0
22844,1
22845,3
22846,6
22847,3
22848,1
22849,14
22850,16
22851,11
22852,19
22853,3
22854,12
22855,0
22856,3
22857,0
22858,3
22859,13
22860,8
22861,13
22862,7
22863,3
22864,12
22865,6
22866,7
22867,3
22868,3
22869,12
22870,13
22871,9
22872,2
22873,18
22874,3
22875,11
22876,10
22877,10
22878,23
22879,4
22880,17
22881,3
22882,10
22883,0
22884,4
22885,7
22886,3
22887,3
22888,12
22889,14
22890,3
22891,7
22892,23
22893,6
22894,9
22895,4
22896,12
22897,0
22898,13
22899,5
22900,3
22901,7
22902,12
22903,14
22904,3
22905,3
22906,23
22907,15
22908,6
22909,8
22910,18
22911,9
22912,10
22913,12
22914,3
22915,11
22916,15
22917,1
22918,15
22919,12
22920,7
22921,17
22922,9
22923,12
22924,16
22925,23
22926,3
22927,15
22928,2
22929,23
22930,20
22931,11
22932,1
22933,0
22934,13
22935,13
22936,3
22937,6
22938,3
22939,17
22940,23
22941,5
22942,8
22943,21
22944,7
22945,16
22946,21
22947,0
22948,10
22949,10
22950,20
22951,3
22952,3
22953,15
22954,8
22955,14
22956,3
22957,13
22958,9
22959,12
22960,8
22961,0
22962,6
22963,0
22964,21
22965,8
22966,0
22967,7
22968,3
22969,1
22970,21
22971,13
22972,8
22973,6
22974,8
22975,14
22976,14
22977,11
22978,5
22979,0
22980,7
22981,3
22982,15
22983,7
22984,23
22985,12
22986,7
22987,3
22988,3
22989,13
22990,19
22991,3
22992,3
22993,15
22994,3
22995,14
22996,7
22997,7
22998,11
22999,20
23000,7
23001,7
23002,14
23003,8
23004,12
23005,3
23006,3
23007,14
23008,5
23009,8
23010,11
23011,3
23012,13
23013,14
23014,1
23015,3
23016,3
23017,16
23018,0
23019,13
23020,17
23021,20
23022,4
23023,7
23024,16
23025,3
23026,3
23027,15
23028,1
23029,16
23030,3
23031,8
23032,9
23033,5
23034,4
23035,5
23036,16
23037,7
23038,11
23039,3
23040,3
23041,16
23042,7
23043,2
23044,11
23045,5
23046,20
23047,3
23048,11
23049,1
23050,3
23051,5
23052,21
23053,12
23054,3
23055,19
23056,3
23057,3
23058,23
23059,18
23060,18
23061,0
23062,0
23063,12
23064,6
23065,3
23066,22
23067,13
23068,16
23069,21
23070,9
23071,10
23072,15
23073,0
23074,14
23075,18
23076,3
23077,8
23078,15
23079,5
23080,11
23081,6
23082,8
23083,3
23084,14
23085,3
23086,3
23087,1
23088,0
23089,0
23090,7
23091,3
23092,2
23093,4
23094,16
23095,6
23096,3
23097,5
23098,8
23099,2
23100,13
23101,1
23102,9
23103,13
23104,16
23105,3
23106,14
23107,1
23108,16
23109,12
23110,14
23111,4
23112,7
23113,13
23114,1
23115,9
23116,14
23117,6
23118,9
23119,3
23120,21
23121,16
23122,7
23123,18
23124,11
23125,21
23126,16
23127,9
23128,11
23129,23
23130,5
23131,10
23132,18
23133,7
23134,3
23135,7
23136,6
23137,23
23138,16
23139,13
23140,5
23141,15
23142,6
23143,6
23144,15
23145,11
23146,20
23147,12
23148,15
23149,16
23150,13
23151,3
23152,15
23153,15
23154,5
23155,3
23156,16
23157,9
23158,0
23159,9
23160,7
23161,1
23162,0
23163,12
23164,9
23165,23
23166,3
23167,9
23168,11
23169,10
23170,8
23171,0
23172,0
23173,9
23174,22
23175,21
23176,3
23177,15
23178,20
23179,13
23180,10
23181,3
23182,3
23183,3
23184,10
23185,3
23186,3
23187,3
23188,12
23189,9
23190,10
23191,12
23192,3
23193,21
23194,4
23195,3
23196,7
23197,11
23198,17
23199,9
23200,20
23201,18
23202,14
23203,16
23204,19
23205,6
23206,3
23207,12
23208,23
23209,9
23210,5
23211,9
23212,8
23213,4
23214,16
23215,20
23216,7
23217,11
23218,3
23219,14
23220,20
23221,20
23222,23
23223,3
23224,12
23225,1
23226,15
23227,10
23228,16
23229,8
23230,15
23231,3
23232,13
23233,15
23234,22
23235,3
23236,10
23237,7
23238,23
23239,3
23240,7
23241,14
23242,3
23243,4
23244,7
23245,12
23246,12
23247,8
23248,1
23249,7
23250,12
23251,13
23252,1
23253,6
23254,7
23255,7
23256,10
23257,10
23258,15
23259,3
23260,16
23261,12
23262,3
23263,12
23264,8
23265,5
23266,14
23267,3
23268,3
23269,13
23270,13
23271,3
23272,15
23273,13
23274,0
23275,0
23276,17
23277,4
23278,3
23279,3
23280,4
23281,12
23282,16
23283,15
23284,8
23285,0
23286,6
23287,20
23288,4
23289,3
23290,1
23291,23
23292,13
23293,13
23294,7
23295,2
23296,6
23297,16
23298,3
23299,22
23300,12
23301,23
23302,5
23303,21
23304,8
23305,3
23306,10
23307,6
23308,3
23309,7
23310,4
23311,7
23312,23
23313,20
23314,15
23315,7
23316,15
23317,5
23318,3
23319,7
23320,3
23321,11
23322,16
23323,0
23324,11
23325,9
23326,11
23327,8
23328,16
23329,3
23330,5
23331,11
23332,3
23333,2
23334,15
23335,2
23336,19
23337,3
23338,0
23339,3
23340,3
23341,21
23342,14
23343,11
23344,3
23345,7
23346,10
23347,8
23348,9
23349,3
23350,20
23351,18
23352,14
23353,3
23354,3
23355,16
23356,13
23357,13
23358,19
23359,9
23360,13
23361,5
23362,16
23363,9
23364,3
23365,14
23366,2
23367,3
23368,21
23369,3
23370,16
23371,18
23372,2
23373,3
23374,21
23375,14
23376,5
23377,3
23378,9
23379,4
23380,2
23381,3
23382,21
23383,14
23384,16
23385,3
23386,6
23387,0
23388,19
23389,19
23390,12
23391,10
23392,3
23393,2
23394,6
23395,0
23396,3
23397,2
23398,16
23399,20
23400,8
23401,15
23402,12
23403,13
23404,16
23405,12
23406,3
23407,5
23408,5
23409,17
23410,15
23411,10
23412,16
23413,3
23414,20
23415,16
23416,9
23417,23
23418,14
23419,12
23420,20
23421,12
23422,17
23423,21
23424,12
23425,14
23426,3
23427,6
23428,23
23429,16
23430,12
23431,11
23432,3
23433,23
23434,4
23435,14
23436,6
23437,18
23438,13
23439,13
23440,12
23441,3
23442,6
23443,8
23444,20
23445,13
23446,22
23447,0
23448,13
23449,21
23450,6
23451,23
23452,23
23453,0
23454,7
23455,4
23456,23
23457,12
23458,19
23459,7
23460,23
23461,10
23462,6
23463,20
23464,8
23465,9
23466,7
23467,23
23468,0
23469,23
23470,3
23471,10
23472,19
23473,18
23474,13
23475,2
23476,7
23477,3
23478,21
23479,6
23480,7
23481,15
23482,20
23483,3
23484,3
23485,3
23486,16
23487,23
23488,15
23489,3
23490,14
23491,4
23492,2
23493,15
23494,10
23495,12
23496,15
23497,7
23498,16
23499,4
23500,13
23501,14
23502,1
23503,13
23504,12
23505,8
23506,16
23507,3
23508,6
23509,14
23510,12
23511,3
23512,10
23513,10
23514,16
23515,20
23516,23
23517,7
23518,10
23519,3
23520,7
23521,12
23522,6
23523,16
23524,23
23525,4
23526,5
23527,13
23528,3
23529,0
23530,3
23531,3
23532,13
23533,8
23534,23
23535,5
23536,7
23537,3
23538,10
23539,15
23540,9
23541,1
23542,3
23543,10
23544,3
23545,13
23546,16
23547,3
23548,13
23549,20
23550,23
23551,3
23552,3
23553,21
23554,16
23555,11
23556,3
23557,3
23558,7
23559,16
23560,3
23561,3
23562,23
23563,7
23564,11
23565,17
23566,3
23567,7
23568,1
23569,15
23570,14
23571,7
23572,16
23573,3
23574,3
23575,3
23576,3
23577,10
23578,11
23579,12
23580,3
23581,16
23582,0
23583,5
23584,9
23585,1
23586,12
23587,22
23588,11
23589,19
23590,16
23591,4
23592,6
23593,9
23594,23
23595,3
23596,3
23597,0
23598,23
23599,16
23600,12
23601,7
23602,20
23603,13
23604,3
23605,4
23606,8
23607,13
23608,10
23609,15
23610,19
23611,14
23612,12
23613,14
23614,18
23615,3
23616,3
23617,3
23618,12
23619,3
23620,6
23621,12
23622,16
23623,19
23624,16
23625,9
23626,11
23627,16
23628,12
23629,14
23630,13
23631,6
23632,15
23633,3
23634,22
23635,10
23636,18
23637,1
23638,2
23639,7
23640,9
23641,2
23642,16
23643,21
23644,15
23645,10
23646,14
23647,23
23648,2
23649,15
23650,0
23651,1
23652,5
23653,6
23654,3
23655,13
23656,16
23657,12
23658,12
23659,14
23660,3
23661,11
23662,16
23663,11
23664,7
23665,3
23666,5
23667,11
23668,3
23669,9
23670,18
23671,8
23672,20
23673,16
23674,14
23675,8
23676,16
23677,16
23678,7
23679,20
23680,22
23681,12
23682,19
23683,3
23684,12
23685,0
23686,3
23687,3
23688,15
23689,7
23690,2
23691,11
23692,5
23693,3
23694,12
23695,10
23696,10
23697,1
23698,4
23699,13
23700,2
23701,12
23702,8
23703,11
23704,15
23705,12
23706,3
23707,7
23708,11
23709,7
23710,3
23711,6
23712,20
23713,14
23714,1
23715,18
23716,7
23717,3
23718,12
23719,21
23720,3
23721,2
23722,10
23723,9
23724,6
23725,1
23726,7
23727,16
23728,13
23729,5
23730,17
23731,15
23732,9
23733,15
23734,19
23735,6
23736,4
23737,2
23738,8
23739,16
23740,18
23741,8
23742,6
23743,7
23744,12
23745,7
23746,13
23747,5
23748,6
23749,10
23750,16
23751,5
23752,3
23753,5
23754,12
23755,16
23756,4
23757,16
23758,2
23759,21
23760,3
23761,6
23762,0
23763,2
23764,9
23765,13
23766,5
23767,13
23768,15
23769,7
23770,3
23771,4
23772,16
23773,20
23774,14
23775,3
23776,3
23777,9
23778,3
23779,21
23780,10
23781,22
23782,12
23783,16
23784,23
23785,4
23786,13
23787,16
23788,12
23789,4
23790,4
23791,11
23792,10
23793,21
23794,3
23795,12
23796,21
23797,4
23798,20
23799,2
23800,23
23801,3
23802,6
23803,1
23804,11
23805,21
23806,3
23807,2
23808,7
23809,15
23810,3
23811,10
23812,10
23813,20
23814,8
23815,3
23816,20
23817,5
23818,5
23819,5
23820,16
23821,8
23822,7
23823,14
23824,20
23825,20
23826,13
23827,5
23828,11
23829,3
23830,8
23831,20
23832,3
23833,3
23834,15
23835,2
23836,20
23837,6
23838,23
23839,1
23840,23
23841,18
23842,16
23843,12
23844,23
23845,18
23846,12
23847,7
23848,3
23849,4
23850,5
23851,14
23852,3
23853,13
23854,7
23855,12
23856,18
23857,3
23858,3
23859,14
23860,5
23861,12
23862,9
23863,6
23864,3
23865,11
23866,3
23867,20
23868,6
23869,3
23870,14
23871,3
23872,3
23873,3
23874,9
23875,19
23876,21
23877,4
23878,16
23879,15
23880,6
23881,3
23882,3
23883,10
23884,3
23885,3
23886,4
23887,1
23888,20
23889,7
23890,13
23891,12
23892,3
23893,1
23894,20
23895,9
23896,12
23897,6
23898,13
23899,16
23900,12
23901,2
23902,18
23903,5
23904,4
23905,3
23906,18
23907,23
23908,3
23909,13
23910,5
23911,12
23912,8
23913,3
23914,4
23915,14
23916,13
23917,7
23918,0
23919,5
23920,9
23921,13
23922,20
23923,3
23924,13
23925,10
23926,15
23927,18
23928,8
23929,10
23930,21
23931,21
23932,6
23933,13
23934,13
23935,6
23936,4
23937,8
23938,0
23939,20
23940,2
23941,4
23942,18
23943,12
23944,5
23945,4
23946,5
23947,2
23948,7
23949,15
23950,20
23951,12
23952,10
23953,12
23954,7
23955,4
23956,15
23957,8
23958,4
23959,7
23960,7
23961,7
23962,23
23963,4
23964,3
23965,14
23966,20
23967,8
23968,15
23969,8
23970,15
23971,12
23972,3
23973,5
23974,0
23975,7
23976,1
23977,3
23978,7
23979,6
23980,0
23981,5
23982,10
23983,1
23984,22
23985,12
23986,18
23987,4
23988,2
23989,12
23990,9
23991,7
23992,11
23993,7
23994,8
23995,3
23996,4
23997,7
23998,13
23999,13
24000,7
24001,8
24002,9
24003,3
24004,19
24005,14
24006,19
24007,15
24008,3
24009,3
24010,21
24011,6
24012,9
24013,10
24014,8
24015,19
24016,3
24017,18
24018,23
24019,12
24020,3
24021,9
24022,6
24023,20
24024,3
24025,15
24026,14
24027,11
24028,12
24029,9
24030,15
24031,23
24032,0
24033,3
24034,12
24035,8
24036,5
24037,3
24038,11
24039,13
24040,16
24041,15
24042,9
24043,16
24044,23
24045,9
24046,4
24047,11
24048,20
24049,18
24050,5
24051,1
24052,11
24053,10
24054,11
24055,20
24056,23
24057,23
24058,20
24059,2
24060,0
24061,6
24062,9
24063,7
24064,11
24065,3
24066,6
24067,4
24068,8
24069,4
24070,0
24071,8
24072,0
24073,13
24074,8
24075,16
24076,3
24077,10
24078,9
24079,16
24080,9
24081,15
24082,19
24083,10
24084,16
24085,17
24086,5
24087,6
24088,14
24089,3
24090,5
24091,5
24092,10
24093,0
24094,12
24095,7
24096,3
24097,4
24098,3
24099,0
24100,12
24101,20
24102,8
24103,6
24104,7
24105,20
24106,9
24107,3
24108,15
24109,3
24110,8
24111,9
24112,7
24113,3
24114,9
24115,3
24116,6
24117,5
24118,23
24119,8
24120,4
24121,1
24122,15
24123,15
24124,3
24125,7
24126,6
24127,1
24128,12
24129,19
24130,15
24131,6
24132,3
24133,21
24134,3
24135,8
24136,0
24137,20
24138,22
24139,7
24140,18
24141,20
24142,16
24143,3
24144,16
24145,3
24146,12
24147,3
24148,16
24149,17
24150,10
24151,5
24152,1
24153,10
24154,2
24155,4
24156,3
24157,3
24158,5
24159,13
24160,10
24161,0
24162,20
24163,13
24164,4
24165,3
24166,0
24167,23
24168,15
24169,2
24170,3
24171,11
24172,1
24173,15
24174,6
24175,21
24176,16
24177,3
24178,2
24179,6
24180,7
24181,0
24182,4
24183,12
24184,6
24185,8
24186,9
24187,16
24188,8
24189,22
24190,3
24191,22
24192,16
24193,16
24194,8
24195,10
24196,11
24197,12
24198,13
24199,9
24200,7
24201,15
24202,0
24203,7
24204,13
24205,19
24206,11
24207,21
24208,0
24209,13
24210,7
24211,9
24212,6
24213,0
24214,13
24215,8
24216,3
24217,3
24218,6
24219,23
24220,23
24221,10
24222,7
24223,3
24224,10
24225,15
24226,8
24227,18
24228,10
24229,3
24230,20
24231,15
24232,14
24233,3
24234,5
24235,7
24236,10
24237,10
24238,15
24239,12
24240,16
24241,0
24242,5
24243,23
24244,16
24245,21
24246,0
24247,7
24248,3
24249,7
24250,8
24251,12
24252,14
24253,16
24254,8
24255,3
24256,5
24257,6
24258,16
24259,12
24260,7
24261,7
24262,2
24263,4
24264,11
24265,21
24266,12
24267,5
24268,21
24269,7
24270,8
24271,7
24272,21
24273,23
24274,15
24275,7
24276,1
24277,13
24278,20
24279,16
24280,3
24281,8
24282,21
24283,23
24284,12
24285,7
24286,9
24287,21
24288,23
24289,20
24290,10
24291,16
24292,2
24293,3
24294,0
24295,12
24296,0
24297,8
24298,8
24299,11
24300,1
24301,16
24302,20
24303,17
24304,3
24305,2
24306,13
24307,4
24308,21
24309,20
24310,13
24311,16
24312,16
24313,7
24314,3
24315,3
24316,3
24317,20
24318,0
24319,20
24320,22
24321,9
24322,15
24323,10
24324,3
24325,16
24326,10
24327,19
24328,14
24329,13
24330,16
24331,20
24332,16
24333,2
24334,1
24335,15
24336,0
24337,13
24338,3
24339,19
24340,13
24341,12
24342,11
24343,23
24344,11
24345,16
24346,7
24347,13
24348,3
24349,14
24350,0
24351,4
24352,14
24353,16
24354,16
24355,13
24356,5
24357,7
24358,23
24359,14
24360,5
24361,6
24362,7
24363,10
24364,1
24365,13
24366,21
24367,7
24368,0
24369,7
24370,3
24371,3
24372,4
24373,19
24374,23
24375,13
24376,5
24377,12
24378,18
24379,3
24380,20
24381,1
24382,7
24383,23
24384,23
24385,8
24386,11
24387,11
24388,13
24389,7
24390,16
24391,20
24392,5
24393,8
24394,15
24395,21
24396,5
24397,23
24398,7
24399,3
24400,22
24401,12
24402,3
24403,13
24404,21
24405,0
24406,3
24407,3
24408,11
24409,16
24410,16
24411,5
24412,10
24413,3
24414,3
24415,18
24416,14
24417,20
24418,22
24419,5
24420,3
24421,12
24422,6
24423,8
24424,9
24425,11
24426,12
24427,16
24428,12
24429,8
24430,3
24431,5
24432,3
24433,3
24434,9
24435,12
24436,6
24437,3
24438,7
24439,15
24440,2
24441,3
24442,7
24443,12
24444,3
24445,0
24446,6
24447,21
24448,3
24449,5
24450,8
24451,4
24452,8
24453,10
24454,14
24455,17
24456,16
24457,10
24458,13
24459,1
24460,15
24461,18
24462,21
24463,5
24464,9
24465,15
24466,13
24467,16
24468,3
24469,2
24470,8
24471,0
24472,8
24473,21
24474,16
24475,12
24476,13
24477,7
24478,18
24479,3
24480,10
24481,2
24482,3
24483,7
24484,3
24485,11
24486,3
24487,1
24488,12
24489,1
24490,12
24491,13
24492,3
24493,7
24494,15
24495,15
24496,15
24497,1
24498,3
24499,3
24500,1
24501,17
24502,7
24503,16
24504,10
24505,13
24506,10
24507,2
24508,12
24509,7
24510,12
24511,3
24512,2
24513,18
24514,20
24515,19
24516,14
24517,3
24518,7
24519,15
24520,1
24521,10
24522,3
24523,12
24524,2
24525,12
24526,6
24527,0
24528,23
24529,3
24530,16
24531,12
24532,20
24533,3
24534,6
24535,20
24536,13
24537,15
24538,16
24539,3
24540,19
24541,3
24542,14
24543,7
24544,1
24545,15
24546,15
24547,5
24548,12
24549,23
24550,5
24551,10
24552,16
24553,19
24554,13
24555,8
24556,7
24557,8
24558,14
24559,12
24560,3
24561,3
24562,16
24563,10
24564,12
24565,0
24566,21
24567,11
24568,3
24569,0
24570,14
24571,11
24572,12
24573,13
24574,8
24575,7
24576,16
24577,13
24578,9
24579,9
24580,3
24581,3
24582,11
24583,12
24584,15
24585,13
24586,10
24587,15
24588,8
24589,13
24590,6
24591,2
24592,3
24593,15
24594,5
24595,3
24596,7
24597,3
24598,5
24599,3
24600,8
24601,9
24602,2
24603,21
24604,10
24605,9
24606,21
24607,16
24608,11
24609,11
24610,1
24611,19
24612,7
24613,16
24614,12
24615,3
24616,15
24617,1
24618,16
24619,3
24620,15
24621,15
24622,6
24623,23
24624,18
24625,14
24626,3
24627,21
24628,14
24629,16
24630,12
24631,3
24632,16
24633,14
24634,3
24635,20
24636,14
24637,3
24638,8
24639,1
24640,15
24641,12
24642,2
24643,4
24644,7
24645,3
24646,16
24647,16
24648,10
24649,13
24650,3
24651,19
24652,7
24653,20
24654,3
24655,16
24656,10
24657,3
24658,15
24659,6
24660,5
24661,3
24662,13
24663,16
24664,3
24665,14
24666,9
24667,15
24668,9
24669,9
24670,7
24671,11
24672,12
24673,5
24674,3
24675,20
24676,3
24677,0
24678,5
24679,21
24680,19
24681,14
24682,5
24683,3
24684,10
24685,11
24686,3
24687,3
24688,21
24689,5
24690,3
24691,23
24692,3
24693,13
24694,10
24695,11
24696,21
24697,18
24698,3
24699,7
24700,8
24701,8
24702,20
24703,14
24704,10
24705,7
24706,3
24707,1
24708,15
24709,4
24710,9
24711,13
24712,4
24713,3
24714,14
24715,3
24716,14
24717,13
24718,7
24719,17
24720,10
24721,1
24722,16
24723,16
24724,3
24725,0
24726,12
24727,3
24728,3
24729,12
24730,3
24731,23
24732,4
24733,16
24734,5
24735,23
24736,15
24737,10
24738,12
24739,15
24740,10
24741,13
24742,7
24743,3
24744,16
24745,18
24746,20
24747,23
24748,21
24749,3
24750,19
24751,23
24752,4
24753,3
24754,19
24755,17
24756,15
24757,18
24758,5
24759,14
24760,1
24761,6
24762,8
24763,15
24764,3
24765,12
24766,9
24767,12
24768,5
24769,4
24770,15
24771,15
24772,13
24773,10
24774,3
24775,12
24776,20
24777,5
24778,3
24779,4
24780,6
24781,5
24782,12
24783,15
24784,12
24785,23
24786,18
24787,15
24788,12
24789,18
24790,23
24791,15
24792,4
24793,3
24794,3
24795,14
24796,0
24797,14
24798,15
24799,9
24800,10
24801,21
24802,16
24803,16
24804,0
24805,18
24806,7
24807,4
24808,20
24809,3
24810,20
24811,21
24812,23
24813,2
24814,0
24815,14
24816,12
24817,10
24818,10
24819,3
24820,20
24821,15
24822,3
24823,8
24824,18
24825,3
24826,13
24827,21
24828,0
24829,3
24830,9
24831,2
24832,6
24833,13
24834,3
24835,3
24836,5
24837,12
24838,12
24839,4
24840,1
24841,13
24842,8
24843,3
24844,3
24845,12
24846,3
24847,7
24848,9
24849,12
24850,7
24851,7
24852,6
24853,16
24854,11
24855,3
24856,6
24857,9
24858,0
24859,12
24860,5
24861,3
24862,19
24863,9
24864,14
24865,10
24866,0
24867,5
24868,6
24869,11
24870,3
24871,7
24872,12
24873,4
24874,5
24875,7
24876,15
24877,1
24878,12
24879,15
24880,7
24881,7
24882,21
24883,16
24884,6
24885,21
24886,0
24887,2
24888,11
24889,10
24890,5
24891,9
24892,19
24893,12
24894,18
24895,19
24896,1
24897,16
24898,1
24899,16
24900,16
24901,7
24902,23
24903,3
24904,18
24905,0
24906,1
24907,3
24908,3
24909,16
24910,3
24911,12
24912,3
24913,2
24914,16
24915,0
24916,8
24917,6
24918,3
24919,20
24920,5
24921,13
24922,16
24923,12
24924,0
24925,1
24926,12
24927,12
24928,5
24929,15
24930,16
24931,15
24932,8
24933,4
24934,2
24935,21
24936,7
24937,12
24938,11
24939,4
24940,7
24941,14
24942,3
24943,7
24944,3
24945,19
24946,23
24947,23
24948,20
24949,11
24950,16
24951,5
24952,23
24953,14
24954,3
24955,5
24956,20
24957,12
24958,16
24959,6
24960,12
24961,9
24962,3
24963,12
24964,23
24965,16
24966,9
24967,10
24968,21
24969,3
24970,13
24971,4
24972,6
24973,11
24974,7
24975,0
24976,5
24977,3
24978,11
24979,0
24980,17
24981,5
24982,6
24983,9
24984,3
24985,10
24986,23
24987,4
24988,22
24989,14
24990,12
24991,8
24992,3
24993,11
24994,16
24995,16
24996,13
24997,3
24998,15
24999,18
25000,1
25001,6
25002,9
25003,12
25004,3
25005,1
25006,6
25007,7
25008,10
25009,1
25010,14
25011,8
25012,13
25013,3
25014,6
25015,15
25016,7
25017,18
25018,8
25019,0
25020,16
25021,12
25022,13
25023,20
25024,16
25025,7
25026,5
25027,18
25028,6
25029,8
25030,23
25031,3
25032,12
25033,3
25034,5
25035,15
25036,3
25037,1
25038,3
25039,4
25040,4
25041,12
25042,13
25043,10
25044,7
25045,3
25046,1
25047,20
25048,4
25049,3
25050,17
25051,8
25052,1
25053,19
25054,3
25055,13
25056,6
25057,13
25058,1
25059,3
25060,16
25061,6
25062,11
25063,7
25064,3
25065,12
25066,7
25067,7
25068,3
25069,2
25070,1
25071,1
25072,3
25073,3
25074,23
25075,14
25076,4
25077,19
25078,8
25079,2
25080,3
25081,15
25082,4
25083,7
25084,5
25085,1
25086,7
25087,18
25088,21
25089,15
25090,23
25091,20
25092,17
25093,3
25094,10
25095,7
25096,17
25097,16
25098,9
25099,21
25100,3
25101,3
25102,3
25103,3
25104,6
25105,12
25106,5
25107,3
25108,22
25109,7
25110,13
25111,14
25112,15
25113,18
25114,21
25115,3
25116,4
25117,3
25118,18
25119,3
25120,19
25121,3
25122,14
25123,16
25124,16
25125,9
25126,23
25127,3
25128,3
25129,6
25130,10
25131,16
25132,20
25133,5
25134,0
25135,3
25136,7
25137,7
25138,20
25139,9
25140,4
25141,3
25142,21
25143,10
25144,8
25145,7
25146,14
25147,11
25148,3
25149,23
25150,3
25151,9
25152,6
25153,9
25154,7
25155,12
25156,9
25157,21
25158,5
25159,22
25160,6
25161,4
25162,16
25163,21
25164,3
25165,3
25166,0
25167,8
25168,19
25169,13
25170,8
25171,2
25172,3
25173,1
25174,3
25175,6
25176,12
25177,3
25178,7
25179,12
25180,10
25181,16
25182,3
25183,19
25184,7
25185,1
25186,15
25187,3
25188,3
25189,11
25190,20
25191,0
25192,13
25193,7
25194,0
25195,2
25196,0
25197,3
25198,16
25199,3
25200,23
25201,1
25202,13
25203,7
25204,19
25205,3
25206,7
25207,16
25208,7
25209,1
25210,3
25211,3
25212,7
25213,0
25214,1
25215,16
25216,3
25217,1
25218,10
25219,5
25220,4
25221,12
25222,18
25223,3
25224,12
25225,16
25226,4
25227,3
25228,3
25229,18
25230,5
25231,20
25232,13
25233,9
25234,20
25235,5
25236,2
25237,7
25238,5
25239,4
25240,11
25241,7
25242,0
25243,2
25244,16
25245,6
25246,7
25247,8
25248,18
25249,19
25250,3
25251,7
25252,3
25253,8
25254,4
25255,11
25256,1
25257,13
25258,3
25259,10
25260,17
25261,2
25262,8
25263,4
25264,1
25265,7
25266,3
25267,9
25268,10
25269,3
25270,14
25271,22
25272,1
25273,20
25274,17
25275,5
25276,23
25277,3
25278,21
25279,2
25280,21
25281,15
25282,0
25283,11
25284,20
25285,3
25286,3
25287,3
25288,10
25289,13
25290,11
25291,15
25292,5
25293,23
25294,4
25295,19
25296,3
25297,4
25298,3
25299,3
25300,3
25301,8
25302,3
25303,16
25304,18
25305,23
25306,15
25307,9
25308,3
25309,5
25310,5
25311,3
25312,8
25313,5
25314,7
25315,3
25316,11
25317,12
25318,6
25319,13
25320,1
25321,13
25322,3
25323,7
25324,14
25325,3
25326,3
25327,4
25328,14
25329,13
25330,6
25331,3
25332,21
25333,12
25334,9
25335,7
25336,5
25337,3
25338,0
25339,3
25340,4
25341,3
25342,6
25343,9
25344,6
25345,19
25346,18
25347,20
25348,16
25349,5
25350,11
25351,3
25352,5
25353,3
25354,21
25355,2
25356,3
25357,16
25358,4
25359,11
25360,20
25361,6
25362,13
25363,16
25364,2
25365,12
25366,7
25367,12
25368,4
25369,3
25370,2
25371,16
25372,18
25373,6
25374,6
25375,9
25376,12
25377,7
25378,23
25379,14
25380,8
25381,14
25382,7
25383,19
25384,10
25385,7
25386,7
25387,3
25388,6
25389,21
25390,10
25391,5
25392,3
25393,5
25394,9
25395,8
25396,19
25397,7
25398,16
25399,4
25400,1
25401,10
25402,9
25403,23
25404,15
25405,23
25406,13
25407,13
25408,7
25409,15
25410,15
25411,12
25412,4
25413,9
25414,20
25415,2
25416,23
25417,21
25418,7
25419,3
25420,0
25421,7
25422,13
25423,12
25424,6
25425,16
25426,3
25427,3
25428,3
25429,4
25430,5
25431,16
25432,15
25433,9
25434,3
25435,23
25436,5
25437,11
25438,15
25439,14
25440,20
25441,3
25442,9
25443,12
25444,11
25445,21
25446,13
25447,14
25448,17
25449,13
25450,10
25451,12
25452,5
25453,0
25454,5
25455,12
25456,23
25457,2
25458,4
25459,0
25460,3
25461,16
25462,12
25463,12
25464,5
25465,3
25466,12
25467,4
25468,13
25469,13
25470,3
25471,12
25472,3
25473,10
25474,3
25475,8
25476,9
25477,16
25478,14
25479,23
25480,10
25481,16
25482,12
25483,14
25484,7
25485,4
25486,16
25487,12
25488,1
25489,3
25490,13
25491,3
25492,21
25493,19
25494,12
25495,14
25496,23
25497,0
25498,6
25499,10
25500,3
25501,23
25502,20
25503,16
25504,3
25505,23
25506,10
25507,19
25508,19
25509,11
25510,15
25511,16
25512,23
25513,5
25514,10
25515,8
25516,23
25517,14
25518,13
25519,2
25520,16
25521,6
25522,10
25523,6
25524,12
25525,14
25526,9
25527,15
25528,0
25529,0
25530,23
25531,10
25532,10
25533,3
25534,0
25535,16
25536,14
25537,6
25538,3
25539,1
25540,18
25541,16
25542,1
25543,12
25544,13
25545,16
25546,2
25547,8
25548,16
25549,13
25550,6
25551,15
25552,5
25553,6
25554,21
25555,16
25556,15
25557,21
25558,11
25559,14
25560,12
25561,2
25562,17
25563,4
25564,2
25565,7
25566,5
25567,3
25568,12
25569,7
25570,0
25571,5
25572,1
25573,7
25574,2
25575,3
25576,9
25577,15
25578,1
25579,13
25580,9
25581,8
25582,15
25583,18
25584,2
25585,2
25586,9
25587,13
25588,14
25589,1
25590,15
25591,17
25592,13
25593,19
25594,10
25595,21
25596,0
25597,4
25598,3
25599,6
25600,12
25601,23
25602,3
25603,13
25604,8
25605,9
25606,3
25607,6
25608,10
25609,3
25610,3
25611,3
25612,23
25613,20
25614,4
25615,12
25616,3
25617,4
25618,12
25619,0
25620,20
25621,16
25622,23
25623,18
25624,15
25625,9
25626,15
25627,9
25628,23
25629,21
25630,9
25631,3
25632,23
25633,20
25634,11
25635,12
25636,3
25637,18
25638,13
25639,7
25640,7
25641,3
25642,3
25643,8
25644,15
25645,2
25646,13
25647,12
25648,20
25649,13
25650,1
25651,4
25652,3
25653,23
25654,7
25655,3
25656,5
25657,5
25658,18
25659,22
25660,6
25661,5
25662,12
25663,9
25664,13
25665,14
25666,13
25667,9
25668,4
25669,13
25670,3
25671,20
25672,12
25673,3
25674,3
25675,14
25676,7
25677,0
25678,7
25679,2
25680,19
25681,3
25682,4
25683,23
25684,23
25685,3
25686,13
25687,6
25688,6
25689,0
25690,2
25691,3
25692,5
25693,7
25694,3
25695,5
25696,21
25697,15
25698,23
25699,14
25700,5
25701,7
25702,16
25703,2
25704,7
25705,5
25706,3
25707,23
25708,20
25709,6
25710,12
25711,3
25712,9
25713,14
25714,1
25715,5
25716,15
25717,4
25718,3
25719,10
25720,1
25721,14
25722,3
25723,3
25724,18
25725,23
25726,8
25727,9
25728,3
25729,0
25730,1
25731,14
25732,8
25733,16
25734,12
25735,13
25736,21
25737,15
25738,3
25739,3
25740,11
25741,0
25742,3
25743,1
25744,23
25745,3
25746,16
25747,1
25748,7
25749,16
25750,4
25751,2
25752,5
25753,10
25754,6
25755,7
25756,7
25757,3
25758,11
25759,19
25760,17
25761,0
25762,17
25763,4
25764,12
25765,8
25766,7
25767,19
25768,21
25769,3
25770,12
25771,12
25772,12
25773,19
25774,7
25775,12
25776,0
25777,23
25778,7
25779,13
25780,3
25781,20
25782,21
25783,15
25784,16
25785,6
25786,3
25787,5
25788,2
25789,15
25790,8
25791,12
25792,3
25793,8
25794,5
25795,16
25796,7
25797,1
25798,11
25799,10
25800,1
25801,10
25802,20
25803,8
25804,3
25805,4
25806,3
25807,0
25808,23
25809,16
25810,0
25811,20
25812,3
25813,6
25814,3
25815,2
25816,13
25817,2
25818,10
25819,2
25820,3
25821,16
25822,3
25823,0
25824,10
25825,14
25826,5
25827,3
25828,0
25829,16
25830,11
25831,16
25832,3
25833,16
25834,18
25835,3
25836,3
25837,6
25838,12
25839,2
25840,5
25841,15
25842,15
25843,6
25844,14
25845,14
25846,6
25847,16
25848,1
25849,18
25850,4
25851,16
25852,18
25853,7
25854,16
25855,13
25856,12
25857,12
25858,5
25859,9
25860,15
25861,6
25862,3
25863,16
25864,6
25865,23
25866,11
25867,13
25868,12
25869,14
25870,9
25871,4
25872,15
25873,11
25874,2
25875,2
25876,6
25877,1
25878,15
25879,20
25880,16
25881,3
25882,3
25883,2
25884,1
25885,3
25886,14
25887,9
25888,23
25889,18
25890,7
25891,9
25892,20
25893,8
25894,11
25895,1
25896,16
25897,14
25898,16
25899,5
25900,7
25901,0
25902,23
25903,1
25904,20
25905,13
25906,9
25907,12
25908,15
25909,18
25910,3
25911,0
25912,19
25913,3
25914,11
25915,3
25916,6
25917,13
25918,15
25919,3
25920,11
25921,3
25922,3
25923,10
25924,7
25925,3
25926,7
25927,2
25928,3
25929,2
25930,16
25931,21
25932,14
25933,4
25934,16
25935,3
25936,23
25937,13
25938,15
25939,15
25940,4
25941,21
25942,15
25943,3
25944,20
25945,12
25946,18
25947,20
25948,3
25949,4
25950,8
25951,6
25952,3
25953,0
25954,3
25955,0
25956,10
25957,16
25958,10
25959,15
25960,21
25961,0
25962,12
25963,3
25964,2
25965,18
25966,7
25967,15
25968,15
25969,11
25970,12
25971,1
25972,13
25973,3
25974,3
25975,9
25976,4
25977,7
25978,6
25979,15
25980,3
25981,3
25982,23
25983,2
25984,3
25985,9
25986,6
25987,9
25988,11
25989,2
25990,12
25991,17
25992,16
25993,10
25994,20
25995,3
25996,16
25997,1
25998,3
25999,7
26000,16
26001,10
26002,7
26003,16
26004,16
26005,19
26006,7
26007,7
26008,3
26009,6
26010,16
26011,5
26012,6
26013,7
26014,5
26015,8
26016,0
26017,0
26018,0
26019,11
26020,3
26021,1
26022,15
26023,23
26024,3
26025,5
26026,2
26027,3
26028,3
26029,0
26030,13
26031,10
26032,3
26033,16
26034,2
26035,18
26036,16
26037,3
26038,15
26039,12
26040,0
26041,5
26042,3
26043,8
26044,20
26045,0
26046,1
26047,3
26048,16
26049,16
26050,12
26051,14
26052,10
26053,11
26054,9
26055,3
26056,3
26057,2
26058,23
26059,0
26060,12
26061,3
26062,5
26063,21
26064,0
26065,15
26066,4
26067,20
26068,3
26069,3
26070,14
26071,21
26072,11
26073,20
26074,18
26075,6
26076,11
26077,13
26078,2
26079,7
26080,14
26081,8
26082,3
26083,15
26084,14
26085,14
26086,9
26087,11
26088,10
26089,13
26090,15
26091,8
26092,0
26093,13
26094,0
26095,5
26096,9
26097,20
26098,5
26099,16
26100,15
26101,10
26102,7
26103,10
26104,23
26105,3
26106,7
26107,14
26108,16
26109,3
26110,1
26111,23
26112,3
26113,16
26114,13
26115,1
26116,19
26117,20
26118,13
26119,10
26120,5
26121,20
26122,15
26123,7
26124,3
26125,12
26126,5
26127,20
26128,11
26129,4
26130,4
26131,21
26132,12
26133,16
26134,0
26135,4
26136,9
26137,1
26138,21
26139,9
26140,3
26141,8
26142,1
26143,3
26144,10
26145,14
26146,5
26147,7
26148,13
26149,20
26150,6
26151,8
26152,3
26153,3
26154,11
26155,16
26156,11
26157,18
26158,22
26159,3
26160,21
26161,1
26162,3
26163,19
26164,0
26165,9
26166,6
26167,12
26168,16
26169,7
26170,8
26171,5
26172,10
26173,13
26174,4
26175,1
26176,11
26177,6
26178,17
26179,14
26180,18
26181,3
26182,3
26183,7
26184,8
26185,13
26186,3
26187,9
26188,23
26189,23
26190,8
26191,6
26192,18
26193,4
26194,6
26195,3
26196,7
26197,9
26198,21
26199,12
26200,3
26201,18
26202,3
26203,3
26204,13
26205,1
26206,8
26207,21
26208,11
26209,3
26210,7
26211,15
26212,1
26213,7
26214,15
26215,12
26216,4
26217,16
26218,11
26219,20
26220,3
26221,0
26222,14
26223,18
26224,3
26225,2
26226,6
26227,3
26228,10
26229,1
26230,3
26231,14
26232,15
26233,5
26234,23
26235,3
26236,16
26237,3
26238,23
26239,4
26240,10
26241,20
26242,4
26243,13
26244,11
26245,1
26246,3
26247,6
26248,7
26249,10
26250,2
26251,3
26252,3
26253,12
26254,16
26255,4
26256,11
26257,5
26258,8
26259,1
26260,16
26261,9
26262,20
26263,18
26264,13
26265,21
26266,17
26267,6
26268,12
26269,3
26270,7
26271,10
26272,10
26273,7
26274,4
26275,12
26276,13
26277,3
26278,17
26279,11
26280,0
26281,9
26282,16
26283,3
26284,3
26285,5
26286,3
26287,13
26288,3
26289,16
26290,13
26291,5
26292,6
26293,4
26294,3
26295,7
26296,23
26297,3
26298,19
26299,6
26300,15
26301,7
26302,23
26303,6
26304,3
26305,3
26306,1
26307,4
26308,4
26309,13
26310,15
26311,8
26312,9
26313,10
26314,9
26315,18
26316,13
26317,0
26318,14
26319,15
26320,5
26321,4
26322,7
26323,13
26324,18
26325,7
26326,0
26327,6
26328,3
26329,7
26330,7
26331,3
26332,4
26333,3
26334,9
26335,13
26336,20
26337,2
26338,23
26339,16
26340,16
26341,15
26342,8
26343,3
26344,13
26345,15
26346,16
26347,6
26348,1
26349,3
26350,3
26351,3
26352,10
26353,3
26354,16
26355,16
26356,16
26357,12
26358,19
26359,22
26360,3
26361,8
26362,5
26363,20
26364,3
26365,5
26366,9
26367,7
26368,20
26369,9
26370,20
26371,20
26372,8
26373,15
26374,7
26375,3
26376,5
26377,12
26378,1
26379,5
26380,18
26381,3
26382,20
26383,16
26384,10
26385,7
26386,7
26387,23
26388,23
26389,1
26390,15
26391,14
26392,4
26393,9
26394,3
26395,7
26396,10
26397,7
26398,3
26399,20
26400,12
26401,17
26402,20
26403,16
26404,18
26405,6
26406,4
26407,5
26408,7
26409,10
26410,11
26411,3
26412,6
26413,23
26414,21
26415,3
26416,18
26417,12
26418,6
26419,3
26420,10
26421,0
26422,21
26423,3
26424,12
26425,5
26426,3
26427,12
26428,10
26429,12
26430,1
26431,16
26432,19
26433,20
26434,14
26435,16
26436,1
26437,3
26438,15
26439,7
26440,13
26441,13
26442,10
26443,3
26444,20
26445,12
26446,16
26447,3
26448,8
26449,3
26450,3
26451,13
26452,21
26453,5
26454,8
26455,21
26456,12
26457,10
26458,3
26459,10
26460,7
26461,3
26462,12
26463,3
26464,4
26465,21
26466,10
26467,10
26468,5
26469,1
26470,3
26471,16
26472,6
26473,3
26474,1
26475,9
26476,3
26477,5
26478,14
26479,23
26480,23
26481,3
26482,16
26483,23
26484,3
26485,10
26486,7
26487,14
26488,19
26489,15
26490,8
26491,12
26492,7
26493,3
26494,5
26495,3
26496,14
26497,6
26498,13
26499,23
26500,12
26501,11
26502,0
26503,6
26504,10
26505,3
26506,6
26507,12
26508,5
26509,3
26510,3
26511,9
26512,7
26513,3
26514,15
26515,12
26516,16
26517,9
26518,3
26519,19
26520,3
26521,11
26522,3
26523,5
26524,3
26525,16
26526,2
26527,16
26528,16
26529,3
26530,12
26531,5
26532,3
26533,7
26534,21
26535,15
26536,23
26537,7
26538,15
26539,15
26540,0
26541,5
26542,10
26543,3
26544,19
26545,17
26546,19
26547,8
26548,16
26549,14
26550,4
26551,16
26552,16
26553,4
26554,21
26555,20
26556,9
26557,5
26558,11
26559,1
26560,10
26561,9
26562,6
26563,23
26564,0
26565,0
26566,10
26567,1
26568,15
26569,15
26570,14
26571,10
26572,5
26573,23
26574,4
26575,13
26576,9
26577,16
26578,14
26579,3
26580,3
26581,0
26582,3
26583,16
26584,23
26585,23
26586,10
26587,18
26588,2
26589,15
26590,3
26591,11
26592,6
26593,13
26594,7
26595,9
26596,21
26597,12
26598,14
26599,18
26600,6
26601,1
26602,14
26603,3
26604,3
26605,8
26606,4
26607,20
26608,14
26609,3
26610,6
26611,24
26612,4
26613,15
26614,1
26615,16
26616,11
26617,20
26618,5
26619,12
26620,9
26621,3
26622,14
26623,3
26624,10
26625,19
26626,3
26627,13
26628,3
26629,1
26630,4
26631,0
26632,6
26633,15
26634,0
26635,11
26636,14
26637,12
26638,13
26639,1
26640,3
26641,23
26642,10
26643,3
26644,11
26645,3
26646,11
26647,3
26648,23
26649,14
26650,5
26651,11
26652,13
26653,3
26654,4
26655,16
26656,3
26657,0
26658,9
26659,10
26660,13
26661,14
26662,21
26663,7
26664,7
26665,3
26666,2
26667,20
26668,4
26669,4
26670,6
26671,6
26672,4
26673,2
26674,16
26675,0
26676,3
26677,1
26678,3
26679,16
26680,15
26681,16
26682,8
26683,14
26684,3
26685,0
26686,13
26687,19
26688,14
26689,7
26690,0
26691,3
26692,19
26693,3
26694,13
26695,7
26696,14
26697,6
26698,11
26699,23
26700,11
26701,10
26702,10
26703,14
26704,15
26705,16
26706,5
26707,20
26708,7
26709,12
26710,3
26711,6
26712,3
26713,3
26714,8
26715,0
26716,2
26717,3
26718,1
26719,5
26720,12
26721,4
26722,12
26723,7
26724,16
26725,8
26726,23
26727,7
26728,3
26729,3
26730,4
26731,9
26732,16
26733,3
26734,3
26735,9
26736,3
26737,3
26738,16
26739,8
26740,23
26741,18
26742,16
26743,8
26744,16
26745,14
26746,0
26747,22
26748,5
26749,0
26750,16
26751,5
26752,23
26753,22
26754,1
26755,10
26756,3
26757,13
26758,0
26759,12
26760,2
26761,7
26762,12
26763,16
26764,9
26765,16
26766,17
26767,14
26768,0
26769,6
26770,12
26771,14
26772,23
26773,14
26774,16
26775,8
26776,10
26777,18
26778,9
26779,15
26780,13
26781,0
26782,16
26783,18
26784,1
26785,7
26786,0
26787,3
26788,16
26789,20
26790,12
26791,4
26792,8
26793,11
26794,10
26795,14
26796,7
26797,8
26798,3
26799,12
26800,16
26801,21
26802,7
26803,8
26804,9
26805,17
26806,9
26807,3
26808,4
26809,3
26810,18
26811,16
26812,12
26813,6
26814,19
26815,8
26816,1
26817,8
26818,7
26819,20
26820,3
26821,11
26822,3
26823,12
26824,0
26825,19
26826,7
26827,23
26828,19
26829,22
26830,3
26831,10
26832,16
26833,13
26834,7
26835,8
26836,2
26837,3
26838,3
26839,4
26840,12
26841,0
26842,7
26843,7
26844,11
26845,19
26846,3
26847,7
26848,7
26849,9
26850,3
26851,23
26852,16
26853,13
26854,10
26855,21
26856,5
26857,8
26858,10
26859,12
26860,21
26861,15
26862,8
26863,21
26864,16
26865,5
26866,9
26867,12
26868,21
26869,17
26870,7
26871,13
26872,3
26873,16
26874,9
26875,16
26876,10
26877,3
26878,13
26879,1
26880,3
26881,3
26882,0
26883,19
26884,16
26885,19
26886,3
26887,16
26888,4
26889,3
26890,20
26891,3
26892,10
26893,13
26894,16
26895,3
26896,9
26897,14
26898,10
26899,13
26900,7
26901,15
26902,0
26903,23
26904,16
26905,19
26906,0
26907,5
26908,8
26909,12
26910,15
26911,3
26912,13
26913,8
26914,3
26915,6
26916,7
26917,23
26918,6
26919,2
26920,13
26921,10
26922,8
26923,1
26924,1
26925,12
26926,7
26927,20
26928,2
26929,3
26930,12
26931,3
26932,13
26933,14
26934,9
26935,3
26936,1
26937,8
26938,21
26939,10
26940,4
26941,20
26942,8
26943,7
26944,16
26945,10
26946,16
26947,0
26948,14
26949,16
26950,20
26951,14
26952,21
26953,20
26954,3
26955,1
26956,3
26957,9
26958,9
26959,3
26960,21
26961,0
26962,21
26963,3
26964,11
26965,1
26966,0
26967,2
26968,22
26969,1
26970,0
26971,6
26972,3
26973,12
26974,2
26975,2
26976,13
26977,12
26978,15
26979,23
26980,4
26981,6
26982,15
26983,15
26984,0
26985,1
26986,9
26987,7
26988,3
26989,14
26990,3
26991,0
26992,3
26993,1
26994,19
26995,3
26996,12
26997,20
26998,4
26999,22
27000,15
27001,20
27002,12
27003,3
27004,10
27005,6
27006,14
27007,10
27008,3
27009,21
27010,6
27011,3
27012,3
27013,3
27014,6
27015,0
27016,15
27017,13
27018,2
27019,19
27020,5
27021,13
27022,6
27023,3
27024,3
27025,3
27026,14
27027,13
27028,2
27029,3
27030,23
27031,7
27032,5
27033,7
27034,15
27035,6
27036,3
27037,15
27038,4
27039,7
27040,6
27041,14
27042,5
27043,0
27044,15
27045,20
27046,7
27047,21
27048,0
27049,1
27050,19
27051,0
27052,7
27053,5
27054,10
27055,6
27056,13
27057,15
27058,3
27059,7
27060,13
27061,21
27062,15
27063,13
27064,3
27065,18
27066,16
27067,23
27068,20
27069,1
27070,14
27071,21
27072,6
27073,16
27074,7
27075,10
27076,4
27077,7
27078,6
27079,7
27080,11
27081,10
27082,3
27083,2
27084,12
27085,8
27086,3
27087,11
27088,18
27089,11
27090,20
27091,23
27092,15
27093,15
27094,1
27095,4
27096,11
27097,10
27098,0
27099,5
27100,9
27101,12
27102,3
27103,20
27104,16
27105,21
27106,6
27107,4
27108,1
27109,22
27110,11
27111,8
27112,13
27113,8
27114,20
27115,23
27116,6
27117,6
27118,9
27119,15
27120,23
27121,16
27122,12
27123,23
27124,8
27125,8
27126,23
27127,6
27128,23
27129,5
27130,3
27131,9
27132,8
27133,20
27134,18
27135,15
27136,13
27137,19
27138,21
27139,15
27140,23
27141,3
27142,14
27143,7
27144,4
27145,12
27146,20
27147,12
27148,3
27149,10
27150,7
27151,6
27152,19
27153,6
27154,20
27155,15
27156,12
27157,4
27158,14
27159,9
27160,13
27161,11
27162,23
27163,12
27164,8
27165,23
27166,6
27167,6
27168,20
27169,10
27170,16
27171,13
27172,23
27173,4
27174,13
27175,16
27176,5
27177,20
27178,0
27179,7
27180,23
27181,14
27182,5
27183,6
27184,3
27185,7
27186,23
27187,20
27188,12
27189,12
27190,8
27191,12
27192,9
27193,3
27194,14
27195,15
27196,16
27197,3
27198,14
27199,13
27200,10
27201,1
27202,9
27203,16
27204,7
27205,10
27206,8
27207,4
27208,3
27209,4
27210,1
27211,0
27212,1
27213,5
27214,14
27215,3
27216,23
27217,2
27218,8
27219,0
27220,3
27221,18
27222,3
27223,0
27224,16
27225,3
27226,14
27227,20
27228,4
27229,4
27230,3
27231,12
27232,5
27233,16
27234,20
27235,20
27236,23
27237,3
27238,5
27239,20
27240,0
27241,3
27242,10
27243,5
27244,5
27245,14
27246,20
27247,21
27248,0
27249,3
27250,9
27251,10
27252,8
27253,7
27254,2
27255,3
27256,4
27257,4
27258,3
27259,4
27260,3
27261,16
27262,16
27263,12
27264,14
27265,14
27266,1
27267,12
27268,23
27269,21
27270,13
27271,13
27272,5
27273,11
27274,3
27275,10
27276,0
27277,0
27278,4
27279,9
27280,6
27281,3
27282,11
27283,2
27284,12
27285,3
27286,2
27287,13
27288,4
27289,21
27290,1
27291,16
27292,5
27293,5
27294,3
27295,12
27296,8
27297,6
27298,3
27299,3
27300,23
27301,3
27302,8
27303,16
27304,3
27305,8
27306,1
27307,13
27308,1
27309,16
27310,3
27311,3
27312,3
27313,1
27314,8
27315,3
27316,12
27317,13
27318,12
27319,7
27320,5
27321,14
27322,5
27323,18
27324,20
27325,12
27326,7
27327,18
27328,8
27329,14
27330,16
27331,1
27332,10
27333,11
27334,4
27335,3
27336,17
27337,5
27338,15
27339,3
27340,1
27341,3
27342,16
27343,15
27344,18
27345,20
27346,9
27347,11
27348,21
27349,20
27350,19
27351,6
27352,18
27353,3
27354,3
27355,6
27356,8
27357,7
27358,16
27359,20
27360,13
27361,7
27362,18
27363,3
27364,7
27365,0
27366,15
27367,3
27368,6
27369,21
27370,24
27371,0
27372,4
27373,10
27374,13
27375,16
27376,16
27377,7
27378,4
27379,6
27380,3
27381,15
27382,21
27383,12
27384,22
27385,10
27386,0
27387,2
27388,15
27389,12
27390,3
27391,12
27392,6
27393,8
27394,13
27395,12
27396,22
27397,9
27398,20
27399,15
27400,23
27401,16
27402,2
27403,9
27404,4
27405,23
27406,11
27407,16
27408,18
27409,12
27410,9
27411,3
27412,16
27413,12
27414,8
27415,6
27416,15
27417,3
27418,20
27419,3
27420,18
27421,15
27422,6
27423,5
27424,20
27425,20
27426,13
27427,0
27428,3
27429,1
27430,2
27431,15
27432,12
27433,1
27434,16
27435,0
27436,3
27437,10
27438,13
27439,6
27440,3
27441,10
27442,9
27443,23
27444,13
27445,3
27446,23
27447,0
27448,20
27449,20
27450,16
27451,9
27452,5
27453,12
27454,12
27455,13
27456,18
27457,0
27458,12
27459,4
27460,4
27461,12
27462,5
27463,18
27464,16
27465,3
27466,22
27467,20
27468,7
27469,4
27470,7
27471,3
27472,14
27473,14
27474,10
27475,3
27476,8
27477,4
27478,14
27479,13
27480,13
27481,3
27482,13
27483,12
27484,0
27485,10
27486,8
27487,0
27488,16
27489,5
27490,12
27491,4
27492,7
27493,12
27494,1
27495,3
27496,14
27497,21
27498,3
27499,3
27500,3
27501,1
27502,3
27503,19
27504,10
27505,16
27506,6
27507,15
27508,23
27509,10
27510,3
27511,14
27512,12
27513,18
27514,8
27515,3
27516,7
27517,4
27518,13
27519,14
27520,15
27521,16
27522,4
27523,3
27524,3
27525,16
27526,8
27527,3
27528,7
27529,3
27530,17
27531,10
27532,20
27533,3
27534,4
27535,7
27536,16
27537,7
27538,7
27539,21
27540,0
27541,3
27542,14
27543,7
27544,6
27545,7
27546,20
27547,15
27548,12
27549,0
27550,12
27551,10
27552,7
27553,15
27554,23
27555,14
27556,16
27557,9
27558,3
27559,6
27560,12
27561,4
27562,3
27563,14
27564,3
27565,16
27566,13
27567,5
27568,7
27569,9
27570,5
27571,5
27572,11
27573,20
27574,12
27575,4
27576,12
27577,4
27578,16
27579,4
27580,10
27581,19
27582,7
27583,12
27584,15
27585,9
27586,19
27587,2
27588,2
27589,3
27590,22
27591,2
27592,23
27593,5
27594,6
27595,7
27596,6
27597,8
27598,9
27599,3
27600,21
27601,3
27602,21
27603,1
27604,8
27605,0
27606,4
27607,3
27608,3
27609,1
27610,16
27611,14
27612,11
27613,0
27614,1
27615,19
27616,5
27617,5
27618,6
27619,7
27620,15
27621,0
27622,7
27623,3
27624,0
27625,14
27626,3
27627,8
27628,0
27629,21
27630,7
27631,9
27632,5
27633,23
27634,7
27635,12
27636,0
27637,8
27638,8
27639,7
27640,11
27641,18
27642,16
27643,3
27644,1
27645,3
27646,9
27647,18
27648,5
27649,2
27650,12
27651,16
27652,14
27653,20
27654,9
27655,21
27656,19
27657,19
27658,3
27659,17
27660,3
27661,6
27662,23
27663,16
27664,11
27665,20
27666,8
27667,13
27668,8
27669,15
27670,3
27671,5
27672,12
27673,3
27674,18
27675,3
27676,21
27677,8
27678,9
27679,12
27680,6
27681,22
27682,5
27683,2
27684,15
27685,8
27686,3
27687,23
27688,10
27689,18
27690,3
27691,23
27692,5
27693,13
27694,9
27695,23
27696,13
27697,2
27698,3
27699,7
27700,3
27701,3
27702,13
27703,15
27704,15
27705,6
27706,7
27707,15
27708,3
27709,3
27710,1
27711,11
27712,8
27713,10
27714,13
27715,3
27716,12
27717,2
27718,9
27719,3
27720,3
27721,0
27722,0
27723,7
27724,23
27725,8
27726,9
27727,3
27728,11
27729,12
27730,9
27731,7
27732,3
27733,12
27734,16
27735,13
27736,13
27737,23
27738,23
27739,21
27740,15
27741,4
27742,16
27743,8
27744,7
27745,1
27746,3
27747,23
27748,3
27749,0
27750,16
27751,21
27752,21
27753,12
27754,21
27755,11
27756,12
27757,6
27758,13
27759,20
27760,16
27761,7
27762,12
27763,3
27764,15
27765,16
27766,3
27767,16
27768,3
27769,12
27770,3
27771,1
27772,3
27773,12
27774,10
27775,16
27776,20
27777,3
27778,9
27779,14
27780,8
27781,4
27782,3
27783,7
27784,3
27785,21
27786,14
27787,3
27788,6
27789,4
27790,3
27791,13
27792,12
27793,7
27794,10
27795,3
27796,6
27797,3
27798,7
27799,16
27800,20
27801,15
27802,18
27803,3
27804,16
27805,19
27806,3
27807,13
27808,3
27809,11
27810,20
27811,3
27812,3
27813,3
27814,12
27815,5
27816,2
27817,4
27818,0
27819,8
27820,20
27821,3
27822,8
27823,20
27824,3
27825,3
27826,6
27827,2
27828,2
27829,15
27830,21
27831,16
27832,8
27833,21
27834,6
27835,16
27836,21
27837,9
27838,16
27839,10
27840,21
27841,3
27842,3
27843,12
27844,3
27845,18
27846,7
27847,2
27848,3
27849,1
27850,16
27851,1
27852,3
27853,1
27854,5
27855,23
27856,17
27857,3
27858,4
27859,3
27860,14
27861,6
27862,5
27863,12
27864,18
27865,3
27866,16
27867,7
27868,7
27869,13
27870,3
27871,2
27872,14
27873,10
27874,13
27875,4
27876,16
27877,18
27878,16
27879,8
27880,16
27881,19
27882,16
27883,6
27884,1
27885,12
27886,13
27887,12
27888,13
27889,11
27890,3
27891,22
27892,15
27893,11
27894,10
27895,6
27896,3
27897,14
27898,22
27899,9
27900,18
27901,12
27902,12
27903,2
27904,1
27905,3
27906,3
27907,12
27908,10
27909,5
27910,13
27911,6
27912,3
27913,3
27914,11
27915,0
27916,12
27917,5
27918,21
27919,1
27920,9
27921,0
27922,3
27923,20
27924,16
27925,16
27926,5
27927,5
27928,14
27929,3
27930,13
27931,8
27932,7
27933,23
27934,3
27935,5
27936,6
27937,10
27938,11
27939,11
27940,1
27941,10
27942,12
27943,0
27944,16
27945,3
27946,3
27947,13
27948,6
27949,2
27950,23
27951,5
27952,16
27953,7
27954,16
27955,5
27956,8
27957,15
27958,3
27959,7
27960,7
27961,5
27962,16
27963,4
27964,3
27965,23
27966,10
27967,16
27968,5
27969,2
27970,3
27971,13
27972,23
27973,13
27974,16
27975,23
27976,6
27977,2
27978,7
27979,0
27980,19
27981,7
27982,19
27983,12
27984,14
27985,8
27986,3
27987,3
27988,3
27989,3
27990,7
27991,11
27992,2
27993,10
27994,4
27995,20
27996,8
27997,3
27998,20
27999,13
28000,12
28001,9
28002,8
28003,4
28004,15
28005,2
28006,12
28007,19
28008,16
28009,11
28010,10
28011,1
28012,23
28013,3
28014,3
28015,5
28016,3
28017,0
28018,19
28019,16
28020,4
28021,7
28022,8
28023,9
28024,7
28025,20
28026,17
28027,5
28028,3
28029,10
28030,3
28031,3
28032,10
28033,21
28034,9
28035,21
28036,15
28037,3
28038,13
28039,12
28040,4
28041,7
28042,21
28043,20
28044,10
28045,5
28046,23
28047,23
28048,5
28049,14
28050,18
28051,23
28052,7
28053,6
28054,14
28055,7
28056,6
28057,23
28058,9
28059,14
28060,4
28061,8
28062,3
28063,2
28064,13
28065,16
28066,13
28067,2
28068,3
28069,14
28070,4
28071,6
28072,15
28073,13
28074,5
28075,13
28076,15
28077,16
28078,1
28079,16
28080,11
28081,8
28082,5
28083,3
28084,20
28085,18
28086,3
28087,10
28088,11
28089,12
28090,13
28091,3
28092,0
28093,9
28094,20
28095,3
28096,6
28097,10
28098,13
28099,7
28100,11
28101,1
28102,6
28103,5
28104,9
28105,12
28106,7
28107,12
28108,12
28109,6
28110,0
28111,9
28112,15
28113,12
28114,20
28115,13
28116,7
28117,12
28118,16
28119,13
28120,13
28121,3
28122,14
28123,23
28124,6
28125,1
28126,13
28127,6
28128,10
28129,10
28130,1
28131,0
28132,14
28133,7
28134,3
28135,3
28136,4
28137,11
28138,7
28139,3
28140,16
28141,17
28142,7
28143,3
28144,12
28145,16
28146,12
28147,3
28148,3
28149,9
28150,5
28151,7
28152,15
28153,10
28154,3
28155,8
28156,0
28157,10
28158,3
28159,16
28160,11
28161,4
28162,11
28163,13
28164,3
28165,13
28166,4
28167,12
28168,12
28169,10
28170,0
28171,3
28172,7
28173,14
28174,4
28175,2
28176,4
28177,5
28178,6
28179,3
28180,10
28181,6
28182,8
28183,21
28184,6
28185,3
28186,9
28187,12
28188,17
28189,7
28190,4
28191,14
28192,3
28193,7
28194,3
28195,6
28196,20
28197,5
28198,15
28199,7
28200,20
28201,1
28202,11
28203,13
28204,12
28205,18
28206,4
28207,8
28208,13
28209,23
28210,3
28211,3
28212,11
28213,16
28214,14
28215,11
28216,15
28217,1
28218,12
28219,5
28220,12
28221,0
28222,23
28223,13
28224,22
28225,23
28226,16
28227,6
28228,7
28229,16
28230,2
28231,20
28232,11
28233,9
28234,23
28235,7
28236,13
28237,15
28238,11
28239,18
28240,4
28241,3
28242,15
28243,17
28244,12
28245,1
28246,7
28247,5
28248,0
28249,20
28250,20
28251,2
28252,8
28253,21
28254,16
28255,0
28256,3
28257,16
28258,7
28259,20
28260,11
28261,11
28262,14
28263,3
28264,3
28265,15
28266,11
28267,7
28268,0
28269,20
28270,23
28271,14
28272,8
28273,7
28274,17
28275,10
28276,12
28277,4
28278,2
28279,13
28280,11
28281,21
28282,23
28283,18
28284,20
28285,3
28286,3
28287,3
28288,0
28289,23
28290,12
28291,8
28292,20
28293,15
28294,3
28295,10
28296,7
28297,5
28298,3
28299,14
28300,11
28301,3
28302,9
28303,10
28304,1
28305,8
28306,5
28307,3
28308,15
28309,15
28310,16
28311,23
28312,5
28313,20
28314,3
28315,10
28316,12
28317,16
28318,7
28319,21
28320,15
28321,6
28322,6
28323,7
28324,5
28325,4
28326,21
28327,4
28328,22
28329,3
28330,7
28331,3
28332,7
28333,13
28334,15
28335,1
28336,11
28337,14
28338,7
28339,14
28340,5
28341,20
28342,18
28343,1
28344,22
28345,3
28346,9
28347,7
28348,3
28349,16
28350,10
28351,1
28352,12
28353,16
28354,9
28355,20
28356,5
28357,22
28358,4
28359,16
28360,7
28361,17
28362,10
28363,2
28364,5
28365,10
28366,2
28367,11
28368,6
28369,21
28370,3
28371,3
28372,3
28373,16
28374,21
28375,5
28376,15
28377,6
28378,12
28379,15
28380,3
28381,13
28382,21
28383,19
28384,22
28385,9
28386,3
28387,5
28388,7
28389,20
28390,13
28391,1
28392,6
28393,10
28394,12
28395,6
28396,10
28397,12
28398,23
28399,3
28400,16
28401,10
28402,1
28403,6
28404,21
28405,3
28406,5
28407,23
28408,3
28409,20
28410,7
28411,12
28412,1
28413,20
28414,23
28415,3
28416,19
28417,11
28418,11
28419,5
28420,20
28421,20
28422,4
28423,18
28424,10
28425,11
28426,11
28427,3
28428,0
28429,23
28430,3
28431,18
28432,1
28433,23
28434,10
28435,11
28436,13
28437,3
28438,7
28439,8
28440,0
28441,6
28442,5
28443,6
28444,15
28445,8
28446,7
28447,9
28448,12
28449,3
28450,13
28451,15
28452,23
28453,22
28454,20
28455,9
28456,2
28457,0
28458,1
28459,0
28460,10
28461,6
28462,6
28463,16
28464,15
28465,3
28466,3
28467,12
28468,3
28469,8
28470,5
28471,13
28472,20
28473,8
28474,7
28475,9
28476,10
28477,13
28478,15
28479,5
28480,9
28481,12
28482,12
28483,7
28484,3
28485,23
28486,23
28487,11
28488,16
28489,5
28490,15
28491,20
28492,15
28493,5
28494,12
28495,1
28496,6
28497,12
28498,5
28499,20
28500,16
28501,21
28502,12
28503,7
28504,3
28505,3
28506,16
28507,11
28508,7
28509,9
28510,3
28511,20
28512,7
28513,11
28514,8
28515,16
28516,23
28517,2
28518,3
28519,5
28520,8
28521,3
28522,3
28523,3
28524,11
28525,10
28526,3
28527,7
28528,3
28529,15
28530,9
28531,18
28532,8
28533,16
28534,5
28535,5
28536,4
28537,15
28538,20
28539,6
28540,5
28541,23
28542,12
28543,3
28544,5
28545,1
28546,21
28547,6
28548,3
28549,12
28550,5
28551,1
28552,3
28553,10
28554,10
28555,6
28556,15
28557,7
28558,8
28559,3
28560,3
28561,3
28562,7
28563,23
28564,5
28565,20
28566,13
28567,11
28568,3
28569,13
28570,6
28571,3
28572,6
28573,13
28574,0
28575,10
28576,15
28577,11
28578,0
28579,3
28580,19
28581,10
28582,11
28583,2
28584,5
28585,4
28586,3
28587,7
28588,1
28589,3
28590,23
28591,23
28592,18
28593,5
28594,12
28595,11
28596,3
28597,23
28598,0
28599,1
28600,0
28601,16
28602,14
28603,1
28604,18
28605,8
28606,14
28607,12
28608,15
28609,12
28610,18
28611,14
28612,8
28613,3
28614,23
28615,23
28616,12
28617,2
28618,5
28619,5
28620,12
28621,15
28622,23
28623,16
28624,1
28625,19
28626,5
28627,1
28628,7
28629,5
28630,7
28631,23
28632,9
28633,3
28634,21
28635,4
28636,3
28637,4
28638,6
28639,17
28640,19
28641,10
28642,0
28643,12
28644,8
28645,13
28646,6
28647,12
28648,21
28649,16
28650,15
28651,13
28652,18
28653,16
28654,3
28655,15
28656,3
28657,4
28658,1
28659,23
28660,3
28661,3
28662,16
28663,16
28664,1
28665,0
28666,0
28667,3
28668,4
28669,15
28670,12
28671,18
28672,15
28673,5
28674,10
28675,0
28676,18
28677,2
28678,9
28679,0
28680,21
28681,14
28682,19
28683,21
28684,16
28685,16
28686,8
28687,0
28688,16
28689,23
28690,13
28691,5
28692,13
28693,1
28694,15
28695,20
28696,2
28697,6
28698,15
28699,3
28700,21
28701,13
28702,1
28703,3
28704,21
28705,7
28706,3
28707,11
28708,7
28709,19
28710,15
28711,3
28712,7
28713,10
28714,0
28715,19
28716,3
28717,23
28718,14
28719,3
28720,11
28721,14
28722,11
28723,12
28724,20
28725,13
28726,7
28727,15
28728,9
28729,15
28730,3
28731,3
28732,12
28733,23
28734,15
28735,13
28736,9
28737,13
28738,13
28739,16
28740,0
28741,8
28742,3
28743,4
28744,3
28745,9
28746,5
28747,3
28748,23
28749,14
28750,3
28751,23
28752,7
28753,16
28754,9
28755,0
28756,7
28757,18
28758,3
28759,4
28760,3
28761,6
28762,12
28763,16
28764,23
28765,4
28766,9
28767,3
28768,14
28769,7
28770,3
28771,11
28772,3
28773,3
28774,20
28775,6
28776,10
28777,20
28778,3
28779,7
28780,5
28781,13
28782,5
28783,13
28784,8
28785,16
28786,0
28787,11
28788,3
28789,10
28790,6
28791,8
28792,8
28793,20
28794,4
28795,7
28796,2
28797,3
28798,9
28799,3
28800,21
28801,11
28802,11
28803,23
28804,16
28805,3
28806,15
28807,16
28808,3
28809,3
28810,5
28811,0
28812,20
28813,20
28814,16
28815,6
28816,12
28817,7
28818,18
28819,20
28820,15
28821,7
28822,13
28823,13
28824,7
28825,7
28826,16
28827,3
28828,5
28829,9
28830,7
28831,20
28832,22
28833,7
28834,9
28835,12
28836,9
28837,12
28838,13
28839,19
28840,21
28841,7
28842,5
28843,15
28844,3
28845,22
28846,3
28847,3
28848,13
28849,0
28850,3
28851,21
28852,3
28853,16
28854,10
28855,8
28856,6
28857,20
28858,12
28859,3
28860,0
28861,3
28862,3
28863,21
28864,12
28865,10
28866,14
28867,3
28868,10
28869,23
28870,10
28871,4
28872,8
28873,3
28874,16
28875,12
28876,0
28877,9
28878,10
28879,10
28880,23
28881,10
28882,12
28883,11
28884,8
28885,12
28886,15
28887,1
28888,0
28889,5
28890,3
28891,7
28892,14
28893,12
28894,9
28895,6
28896,6
28897,8
28898,18
28899,7
28900,10
28901,16
28902,21
28903,16
28904,0
28905,11
28906,12
28907,18
28908,6
28909,3
28910,23
28911,22
28912,16
28913,4
28914,8
28915,20
28916,16
28917,3
28918,18
28919,15
28920,16
28921,7
28922,2
28923,6
28924,6
28925,15
28926,15
28927,3
28928,16
28929,18
28930,6
28931,12
28932,20
28933,14
28934,21
28935,16
28936,14
28937,16
28938,3
28939,5
28940,3
28941,20
28942,21
28943,15
28944,3
28945,7
28946,11
28947,22
28948,16
28949,3
28950,23
28951,5
28952,16
28953,7
28954,10
28955,20
28956,7
28957,9
28958,10
28959,13
28960,0
28961,7
28962,9
28963,15
28964,2
28965,15
28966,19
28967,4
28968,3
28969,21
28970,3
28971,16
28972,3
28973,15
28974,5
28975,3
28976,20
28977,3
28978,19
28979,8
28980,19
28981,3
28982,12
28983,1
28984,3
28985,16
28986,0
28987,16
28988,14
28989,4
28990,3
28991,15
28992,16
28993,3
28994,7
28995,11
28996,14
28997,7
28998,21
28999,3
29000,16
29001,3
29002,8
29003,12
29004,8
29005,14
29006,23
29007,23
29008,14
29009,7
29010,15
29011,7
29012,3
29013,3
29014,3
29015,23
29016,3
29017,0
29018,4
29019,15
29020,14
29021,3
29022,13
29023,8
29024,5
29025,6
29026,3
29027,18
29028,10
29029,3
29030,21
29031,8
29032,15
29033,3
29034,14
29035,6
29036,15
29037,21
29038,13
29039,4
29040,9
29041,0
29042,7
29043,3
29044,1
29045,1
29046,3
29047,14
29048,2
29049,0
29050,3
29051,1
29052,21
29053,23
29054,23
29055,5
29056,0
29057,6
29058,9
29059,9
29060,21
29061,7
29062,11
29063,4
29064,0
29065,5
29066,13
29067,3
29068,12
29069,18
29070,10
29071,1
29072,23
29073,10
29074,0
29075,3
29076,15
29077,16
29078,3
29079,3
29080,0
29081,12
29082,4
29083,10
29084,18
29085,0
29086,4
29087,7
29088,12
29089,7
29090,12
29091,3
29092,9
29093,21
29094,23
29095,16
29096,12
29097,3
29098,5
29099,14
29100,23
29101,4
29102,14
29103,3
29104,23
29105,8
29106,23
29107,15
29108,23
29109,3
29110,21
29111,13
29112,23
29113,3
29114,0
29115,20
29116,13
29117,3
29118,21
29119,3
29120,12
29121,23
29122,5
29123,12
29124,16
29125,16
29126,6
29127,3
29128,0
29129,20
29130,19
29131,8
29132,9
29133,0
29134,6
29135,14
29136,16
29137,3
29138,3
29139,23
29140,7
29141,15
29142,16
29143,7
29144,4
29145,20
29146,4
29147,3
29148,23
29149,6
29150,2
29151,22
29152,3
29153,9
29154,12
29155,3
29156,10
29157,10
29158,3
29159,16
29160,23
29161,7
29162,1
29163,19
29164,1
29165,8
29166,3
29167,2
29168,5
29169,11
29170,16
29171,3
29172,8
29173,20
29174,12
29175,3
29176,12
29177,1
29178,3
29179,3
29180,16
29181,11
29182,4
29183,7
29184,14
29185,3
29186,23
29187,3
29188,14
29189,3
29190,3
29191,13
29192,3
29193,3
29194,3
29195,4
29196,19
29197,21
29198,19
29199,15
29200,9
29201,3
29202,20
29203,2
29204,20
29205,3
29206,6
29207,3
29208,21
29209,21
29210,4
29211,12
29212,19
29213,23
29214,7
29215,9
29216,3
29217,8
29218,21
29219,21
29220,20
29221,18
29222,16
29223,5
29224,3
29225,13
29226,1
29227,16
29228,7
29229,11
29230,18
29231,23
29232,12
29233,14
29234,6
29235,15
29236,3
29237,16
29238,5
29239,19
29240,13
29241,21
29242,13
29243,3
29244,7
29245,23
29246,7
29247,18
29248,13
29249,12
29250,20
29251,3
29252,13
29253,11
29254,5
29255,7
29256,7
29257,6
29258,4
29259,14
29260,18
29261,10
29262,12
29263,19
29264,16
29265,3
29266,15
29267,23
29268,5
29269,8
29270,1
29271,13
29272,13
29273,15
29274,12
29275,7
29276,18
29277,7
29278,20
29279,17
29280,7
29281,10
29282,16
29283,3
29284,20
29285,7
29286,13
29287,0
29288,18
29289,7
29290,9
29291,1
29292,4
29293,3
29294,12
29295,16
29296,7
29297,2
29298,3
29299,3
29300,7
29301,11
29302,16
29303,1
29304,7
29305,23
29306,2
29307,5
29308,11
29309,10
29310,3
29311,5
29312,1
29313,7
29314,7
29315,16
29316,2
29317,5
29318,15
29319,3
29320,3
29321,3
29322,23
29323,3
29324,23
29325,0
29326,3
29327,1
29328,8
29329,12
29330,3
29331,12
29332,10
29333,23
29334,3
29335,20
29336,3
29337,16
29338,7
29339,16
29340,3
29341,3
29342,10
29343,16
29344,3
29345,3
29346,12
29347,16
29348,9
29349,3
29350,3
29351,20
29352,12
29353,3
29354,3
29355,18
29356,12
29357,6
29358,7
29359,1
29360,3
29361,3
29362,7
29363,9
29364,16
29365,8
29366,1
29367,7
29368,13
29369,16
29370,12
29371,11
29372,13
29373,15
29374,5
29375,13
29376,3
29377,16
29378,11
29379,3
29380,8
29381,7
29382,4
29383,17
29384,18
29385,11
29386,3
29387,5
29388,23
29389,6
29390,12
29391,15
29392,11
29393,2
29394,7
29395,13
29396,7
29397,9
29398,23
29399,0
29400,21
29401,10
29402,21
29403,3
29404,0
29405,7
29406,21
29407,3
29408,7
29409,3
29410,8
29411,3
29412,19
29413,3
29414,7
29415,4
29416,3
29417,7
29418,6
29419,5
29420,18
29421,8
29422,11
29423,12
29424,0
29425,6
29426,1
29427,16
29428,5
29429,9
29430,11
29431,3
29432,5
29433,11
29434,15
29435,3
29436,21
29437,0
29438,5
29439,12
29440,5
29441,2
29442,10
29443,9
29444,1
29445,3
29446,6
29447,16
29448,3
29449,10
29450,12
29451,1
29452,2
29453,0
29454,13
29455,3
29456,16
29457,21
29458,22
29459,9
29460,18
29461,11
29462,3
29463,20
29464,1
29465,1
29466,10
29467,5
29468,12
29469,16
29470,0
29471,14
29472,23
29473,3
29474,12
29475,6
29476,3
29477,7
29478,11
29479,3
29480,12
29481,3
29482,18
29483,4
29484,18
29485,12
29486,23
29487,4
29488,5
29489,16
29490,7
29491,16
29492,6
29493,15
29494,11
29495,14
29496,18
29497,12
29498,5
29499,21
29500,14
29501,11
29502,2
29503,16
29504,3
29505,20
29506,3
29507,9
29508,12
29509,6
29510,0
29511,2
29512,11
29513,8
29514,3
29515,3
29516,19
29517,8
29518,6
29519,1
29520,9
29521,20
29522,11
29523,21
29524,1
29525,13
29526,14
29527,15
29528,19
29529,12
29530,16
29531,14
29532,13
29533,9
29534,15
29535,4
29536,7
29537,13
29538,3
29539,13
29540,11
29541,5
29542,23
29543,18
29544,6
29545,4
29546,15
29547,18
29548,23
29549,5
29550,13
29551,6
29552,7
29553,3
29554,16
29555,4
29556,9
29557,1
29558,3
29559,22
29560,9
29561,3
29562,16
29563,14
29564,23
29565,12
29566,12
29567,16
29568,20
29569,16
29570,11
29571,20
29572,5
29573,7
29574,16
29575,22
29576,13
29577,3
29578,1
29579,7
29580,8
29581,15
29582,3
29583,11
29584,16
29585,3
29586,6
29587,14
29588,7
29589,11
29590,18
29591,12
29592,14
29593,4
29594,5
29595,13
29596,3
29597,16
29598,1
29599,3
29600,14
29601,19
29602,6
29603,3
29604,16
29605,3
29606,16
29607,5
29608,10
29609,8
29610,16
29611,3
29612,6
29613,11
29614,9
29615,23
29616,20
29617,12
29618,16
29619,0
29620,8
29621,4
29622,11
29623,12
29624,9
29625,1
29626,3
29627,11
29628,0
29629,21
29630,16
29631,0
29632,7
29633,14
29634,19
29635,3
29636,2
29637,9
29638,5
29639,3
29640,18
29641,6
29642,11
29643,18
29644,5
29645,8
29646,5
29647,16
29648,0
29649,7
29650,5
29651,12
29652,23
29653,7
29654,20
29655,16
29656,7
29657,13
29658,10
29659,10
29660,13
29661,4
29662,3
29663,16
29664,2
29665,11
29666,21
29667,4
29668,11
29669,3
29670,11
29671,12
29672,4
29673,7
29674,0
29675,5
29676,6
29677,20
29678,19
29679,20
29680,20
29681,15
29682,14
29683,0
29684,0
29685,8
29686,2
29687,0
29688,7
29689,15
29690,23
29691,3
29692,16
29693,12
29694,1
29695,3
29696,9
29697,8
29698,14
29699,16
29700,1
29701,8
29702,3
29703,3
29704,12
29705,22
29706,10
29707,20
29708,3
29709,3
29710,16
29711,7
29712,16
29713,6
29714,10
29715,22
29716,5
29717,8
29718,3
29719,21
29720,5
29721,12
29722,3
29723,22
29724,9
29725,12
29726,1
29727,2
29728,3
29729,11
29730,4
29731,23
29732,15
29733,12
29734,7
29735,3
29736,5
29737,4
29738,11
29739,8
29740,23
29741,12
29742,3
29743,13
29744,4
29745,13
29746,7
29747,7
29748,0
29749,3
29750,6
29751,5
29752,3
29753,13
29754,4
29755,3
29756,18
29757,4
29758,12
29759,3
29760,13
29761,12
29762,8
29763,1
29764,12
29765,9
29766,7
29767,8
29768,16
29769,21
29770,14
29771,9
29772,7
29773,16
29774,3
29775,12
29776,16
29777,10
29778,13
29779,8
29780,13
29781,16
29782,3
29783,18
29784,9
29785,20
29786,3
29787,13
29788,12
29789,10
29790,8
29791,11
29792,16
29793,7
29794,1
29795,0
29796,7
29797,12
29798,10
29799,13
29800,19
29801,2
29802,11
29803,20
29804,7
29805,1
29806,10
29807,3
29808,9
29809,9
29810,20
29811,16
29812,3
29813,3
29814,15
29815,5
29816,14
29817,10
29818,21
29819,14
29820,1
29821,0
29822,9
29823,3
29824,10
29825,14
29826,0
29827,13
29828,21
29829,3
29830,12
29831,23
29832,1
29833,12
29834,12
29835,1
29836,13
29837,15
29838,10
29839,21
29840,23
29841,5
29842,7
29843,8
29844,14
29845,8
29846,12
29847,23
29848,13
29849,7
29850,16
29851,23
29852,13
29853,12
29854,15
29855,0
29856,21
29857,6
29858,3
29859,1
29860,3
29861,20
29862,14
29863,3
29864,10
29865,3
29866,8
29867,16
29868,8
29869,3
29870,8
29871,5
29872,1
29873,10
29874,11
29875,0
29876,23
29877,7
29878,9
29879,8
29880,3
29881,3
29882,3
29883,7
29884,2
29885,3
29886,9
29887,16
29888,20
29889,16
29890,1
29891,6
29892,8
29893,3
29894,3
29895,18
29896,3
29897,18
29898,7
29899,13
29900,21
29901,1
29902,11
29903,3
29904,4
29905,16
29906,15
29907,11
29908,3
29909,12
29910,1
29911,21
29912,3
29913,3
29914,3
29915,4
29916,11
29917,7
29918,5
29919,19
29920,18
29921,23
29922,2
29923,21
29924,10
29925,2
29926,4
29927,16
29928,16
29929,12
29930,20
29931,8
29932,5
29933,14
29934,23
29935,11
29936,14
29937,3
29938,22
29939,8
29940,13
29941,5
29942,7
29943,0
29944,7
29945,16
29946,12
29947,0
29948,17
29949,8
29950,6
29951,3
29952,3
29953,16
29954,6
29955,0
29956,3
29957,8
29958,7
29959,9
29960,12
29961,23
29962,9
29963,3
29964,3
29965,6
29966,16
29967,14
29968,9
29969,3
29970,1
29971,2
29972,15
29973,16
29974,3
29975,8
29976,12
29977,4
29978,15
29979,3
29980,14
29981,11
29982,7
29983,21
29984,8
29985,20
29986,20
29987,3
29988,7
29989,3
29990,14
29991,6
29992,15
29993,13
29994,6
29995,22
29996,20
29997,18
29998,3
29999,15
30000,7
30001,20
30002,12
30003,18
30004,10
30005,13
30006,16
30007,19
30008,10
30009,4
30010,13
30011,3
30012,9
30013,3
30014,7
30015,7
30016,8
30017,19
30018,3
30019,5
30020,9
30021,16
30022,5
30023,9
30024,3
30025,3
30026,0
30027,16
30028,0
30029,5
30030,0
30031,7
30032,15
30033,5
30034,18
30035,2
30036,5
30037,0
30038,5
30039,4
30040,5
30041,3
30042,7
30043,17
30044,3
30045,7
30046,5
30047,3
30048,7
30049,9
30050,15
30051,16
30052,16
30053,1
30054,20
30055,6
30056,20
30057,14
30058,15
30059,16
30060,11
30061,5
30062,21
30063,3
30064,11
30065,16
30066,23
30067,2
30068,12
30069,3
30070,9
30071,2
30072,6
30073,14
30074,0
30075,14
30076,14
30077,9
30078,14
30079,0
30080,12
30081,7
30082,5
30083,3
30084,7
30085,12
30086,5
30087,2
30088,7
30089,2
30090,12
30091,11
30092,10
30093,1
30094,9
30095,18
30096,14
30097,3
30098,20
30099,13
30100,2
30101,3
30102,3
30103,1
30104,10
30105,1
30106,7
30107,10
30108,11
30109,6
30110,10
30111,8
30112,14
30113,16
30114,12
30115,6
30116,3
30117,12
30118,4
30119,20
30120,7
30121,6
30122,3
30123,10
30124,0
30125,15
30126,7
30127,14
30128,3
30129,5
30130,4
30131,16
30132,14
30133,20
30134,4
30135,12
30136,15
30137,11
30138,2
30139,3
30140,16
30141,13
30142,5
30143,7
30144,1
30145,3
30146,0
30147,3
30148,19
30149,3
30150,15
30151,23
30152,12
30153,8
30154,11
30155,3
30156,11
30157,19
30158,20
30159,12
30160,7
30161,6
30162,10
30163,12
30164,20
30165,3
30166,9
30167,13
30168,20
30169,3
30170,22
30171,23
30172,0
30173,7
30174,10
30175,9
30176,7
30177,15
30178,8
30179,12
30180,3
30181,1
30182,9
30183,3
30184,12
30185,10
30186,12
30187,5
30188,20
30189,11
30190,14
30191,3
30192,2
30193,3
30194,5
30195,12
30196,22
30197,1
30198,12
30199,10
30200,3
30201,2
30202,16
30203,16
30204,23
30205,2
30206,19
30207,20
30208,4
30209,20
30210,5
30211,12
30212,3
30213,6
30214,5
30215,4
30216,10
30217,5
30218,1
30219,5
30220,7
30221,18
30222,3
30223,7
30224,3
30225,16
30226,10
30227,21
30228,10
30229,3
30230,1
30231,11
30232,11
30233,1
30234,14
30235,14
30236,10
30237,6
30238,8
30239,9
30240,3
30241,3
30242,4
30243,20
30244,0
30245,16
30246,7
30247,5
30248,7
30249,17
30250,20
30251,19
30252,4
30253,9
30254,6
30255,8
30256,3
30257,3
30258,19
30259,5
30260,21
30261,10
30262,5
30263,9
30264,3
30265,2
30266,23
30267,18
30268,5
30269,5
30270,18
30271,11
30272,13
30273,5
30274,15
30275,4
30276,3
30277,16
30278,0
30279,7
30280,19
30281,12
30282,11
30283,0
30284,18
30285,13
30286,11
30287,14
30288,13
30289,15
30290,16
30291,12
30292,20
30293,16
30294,5
30295,4
30296,3
30297,16
30298,5
30299,21
30300,23
30301,23
30302,5
30303,3
30304,10
30305,3
30306,7
30307,9
30308,16
30309,3
30310,3
30311,12
30312,5
30313,18
30314,12
30315,14
30316,7
30317,8
30318,21
30319,3
30320,10
30321,6
30322,15
30323,3
30324,1
30325,16
30326,13
30327,14
30328,7
30329,12
30330,0
30331,2
30332,3
30333,0
30334,3
30335,3
30336,2
30337,3
30338,3
30339,2
30340,16
30341,14
30342,22
30343,6
30344,4
30345,9
30346,9
30347,21
30348,3
30349,3
30350,9
30351,3
30352,4
30353,3
30354,15
30355,3
30356,3
30357,16
30358,1
30359,21
30360,13
30361,16
30362,15
30363,9
30364,14
30365,13
30366,3
30367,3
30368,0
30369,3
30370,6
30371,3
30372,16
30373,18
30374,12
30375,18
30376,18
30377,15
30378,8
30379,13
30380,5
30381,15
30382,22
30383,11
30384,11
30385,3
30386,3
30387,5
30388,3
30389,3
30390,23
30391,15
30392,6
30393,16
30394,3
30395,23
30396,12
30397,5
30398,7
30399,9
30400,13
30401,5
30402,3
30403,2
30404,2
30405,7
30406,5
30407,5
30408,13
30409,1
30410,11
30411,13
30412,5
30413,19
30414,12
30415,2
30416,21
30417,2
30418,19
30419,13
30420,19
30421,12
30422,7
30423,10
30424,20
30425,13
30426,13
30427,6
30428,12
30429,12
30430,21
30431,13
30432,6
30433,21
30434,1
30435,15
30436,19
30437,5
30438,21
30439,0
30440,3
30441,4
30442,6
30443,10
30444,13
30445,3
30446,14
30447,7
30448,4
30449,3
30450,4
30451,3
30452,6
30453,6
30454,6
30455,3
30456,3
30457,3
30458,20
30459,15
30460,21
30461,10
30462,3
30463,3
30464,20
30465,8
30466,8
30467,19
30468,3
30469,3
30470,3
30471,11
30472,18
30473,2
30474,5
30475,13
30476,3
30477,17
30478,3
30479,7
30480,19
30481,15
30482,1
30483,11
30484,9
30485,8
30486,3
30487,3
30488,23
30489,4
30490,3
30491,9
30492,0
30493,1
30494,23
30495,11
30496,16
30497,23
30498,4
30499,5
30500,14
30501,16
30502,19
30503,15
30504,16
30505,8
30506,10
30507,14
30508,12
30509,3
30510,12
30511,21
30512,12
30513,20
30514,3
30515,7
30516,10
30517,12
30518,12
30519,16
30520,19
30521,7
30522,10
30523,19
30524,3
30525,16
30526,18
30527,5
30528,12
30529,0
30530,20
30531,12
30532,6
30533,0
30534,3
30535,18
30536,10
30537,20
30538,12
30539,3
30540,8
30541,14
30542,8
30543,6
30544,8
30545,14
30546,23
30547,4
30548,6
30549,15
30550,23
30551,13
30552,3
30553,3
30554,0
30555,6
30556,13
30557,16
30558,0
30559,9
30560,8
30561,3
30562,5
30563,12
30564,9
30565,3
30566,21
30567,13
30568,14
30569,16
30570,13
30571,11
30572,3
30573,4
30574,13
30575,12
30576,10
30577,20
30578,3
30579,23
30580,2
30581,14
30582,15
30583,15
30584,16
30585,3
30586,5
30587,10
30588,23
30589,2
30590,6
30591,5
30592,21
30593,12
30594,10
30595,6
30596,23
30597,1
30598,13
30599,6
30600,12
30601,6
30602,3
30603,3
30604,5
30605,1
30606,14
30607,14
30608,8
30609,8
30610,4
30611,16
30612,1
30613,3
30614,18
30615,1
30616,13
30617,14
30618,5
30619,4
30620,7
30621,12
30622,16
30623,7
30624,3
30625,0
30626,18
30627,16
30628,1
30629,7
30630,13
30631,3
30632,16
30633,7
30634,8
30635,20
30636,3
30637,19
30638,19
30639,10
30640,8
30641,10
30642,23
30643,7
30644,2
30645,4
30646,8
30647,5
30648,2
30649,2
30650,12
30651,0
30652,8
30653,13
30654,22
30655,3
30656,3
30657,8
30658,12
30659,11
30660,11
30661,3
30662,11
30663,12
30664,3
30665,11
30666,7
30667,4
30668,0
30669,8
30670,7
30671,16
30672,12
30673,15
30674,14
30675,3
30676,3
30677,3
30678,11
30679,10
30680,3
30681,4
30682,5
30683,19
30684,13
30685,2
30686,9
30687,10
30688,16
30689,15
30690,13
30691,8
30692,3
30693,5
30694,5
30695,2
30696,10
30697,13
30698,6
30699,13
30700,3
30701,5
30702,0
30703,13
30704,17
30705,13
30706,3
30707,6
30708,9
30709,3
30710,3
30711,16
30712,23
30713,3
30714,12
30715,15
30716,5
30717,7
30718,5
30719,5
30720,7
30721,6
30722,13
30723,10
30724,7
30725,16
30726,5
30727,3
30728,23
30729,7
30730,21
30731,9
30732,8
30733,5
30734,23
30735,16
30736,1
30737,3
30738,6
30739,3
30740,20
30741,20
30742,4
30743,0
30744,23
30745,8
30746,3
30747,16
30748,5
30749,16
30750,20
30751,18
30752,8
30753,10
30754,15
30755,16
30756,12
30757,21
30758,2
30759,7
30760,6
30761,15
30762,16
30763,6
30764,7
30765,13
30766,2
30767,1
30768,0
30769,16
30770,23
30771,9
30772,13
30773,8
30774,18
30775,15
30776,23
30777,14
30778,22
30779,3
30780,3
30781,12
30782,19
30783,1
30784,20
30785,13
30786,23
30787,3
30788,1
30789,8
30790,21
30791,3
30792,9
30793,7
30794,0
30795,7
30796,7
30797,11
30798,16
30799,15
30800,3
30801,15
30802,4
30803,10
30804,21
30805,1
30806,3
30807,15
30808,12
30809,16
30810,7
30811,11
30812,13
30813,13
30814,7
30815,16
30816,6
30817,2
30818,16
30819,14
30820,6
30821,3
30822,3
30823,7
30824,11
30825,5
30826,3
30827,7
30828,7
30829,20
30830,5
30831,20
30832,16
30833,11
30834,12
30835,11
30836,16
30837,4
30838,3
30839,8
30840,19
30841,3
30842,14
30843,11
30844,2
30845,1
30846,3
30847,5
30848,7
30849,20
30850,23
30851,16
30852,3
30853,3
30854,13
30855,7
30856,6
30857,6
30858,2
30859,7
30860,16
30861,5
30862,5
30863,15
30864,19
30865,15
30866,15
30867,14
30868,3
30869,7
30870,3
30871,2
30872,0
30873,15
30874,4
30875,23
30876,12
30877,16
30878,8
30879,1
30880,3
30881,7
30882,11
30883,0
30884,3
30885,13
30886,3
30887,3
30888,3
30889,10
30890,14
30891,11
30892,11
30893,5
30894,12
30895,12
30896,20
30897,1
30898,9
30899,5
30900,5
30901,1
30902,7
30903,21
30904,19
30905,11
30906,16
30907,5
30908,3
30909,10
30910,20
30911,14
30912,10
30913,10
30914,3
30915,0
30916,18
30917,5
30918,7
30919,7
30920,3
30921,12
30922,3
30923,3
30924,23
30925,3
30926,18
30927,15
30928,11
30929,2
30930,12
30931,7
30932,20
30933,7
30934,23
30935,3
30936,0
30937,15
30938,12
30939,0
30940,15
30941,6
30942,4
30943,2
30944,24
30945,14
30946,21
30947,23
30948,1
30949,14
30950,3
30951,10
30952,20
30953,12
30954,16
30955,3
30956,8
30957,5
30958,1
30959,3
30960,2
30961,16
30962,3
30963,3
30964,3
30965,5
30966,20
30967,14
30968,23
30969,8
30970,3
30971,3
30972,3
30973,13
30974,1
30975,3
30976,12
30977,12
30978,7
30979,16
30980,12
30981,3
30982,6
30983,11
30984,3
30985,7
30986,16
30987,15
30988,16
30989,9
30990,5
30991,22
30992,2
30993,11
30994,10
30995,3
30996,4
30997,8
30998,21
30999,3
31000,23
31001,23
31002,6
31003,6
31004,12
31005,3
31006,12
31007,5
31008,12
31009,8
31010,3
31011,14
31012,12
31013,23
31014,14
31015,7
31016,18
31017,11
31018,16
31019,13
31020,9
31021,15
31022,12
31023,3
31024,5
31025,18
31026,21
31027,23
31028,3
31029,2
31030,16
31031,15
31032,21
31033,11
31034,3
31035,8
31036,7
31037,16
31038,0
31039,18
31040,4
31041,3
31042,8
31043,2
31044,8
31045,5
31046,3
31047,23
31048,15
31049,12
31050,0
31051,20
31052,3
31053,14
31054,18
31055,20
31056,12
31057,16
31058,15
31059,4
31060,3
31061,20
31062,18
31063,12
31064,14
31065,16
31066,13
31067,13
31068,12
31069,3
31070,9
31071,3
31072,8
31073,3
31074,3
31075,3
31076,8
31077,5
31078,9
31079,21
31080,1
31081,5
31082,1
31083,7
31084,16
31085,18
31086,18
31087,15
31088,0
31089,10
31090,10
31091,9
31092,3
31093,3
31094,9
31095,7
31096,7
31097,3
31098,7
31099,3
31100,23
31101,9
31102,20
31103,7
31104,11
31105,16
31106,3
31107,11
31108,11
31109,13
31110,4
31111,16
31112,3
31113,9
31114,1
31115,18
31116,8
31117,3
31118,3
31119,6
31120,5
31121,3
31122,8
31123,21
31124,3
31125,7
31126,16
31127,9
31128,3
31129,5
31130,13
31131,2
31132,8
31133,3
31134,5
31135,3
31136,3
31137,2
31138,10
31139,3
31140,1
31141,11
31142,7
31143,7
31144,19
31145,14
31146,16
31147,0
31148,23
31149,3
31150,1
31151,3
31152,3
31153,7
31154,3
31155,3
31156,10
31157,3
31158,7
31159,3
31160,10
31161,7
31162,3
31163,1
31164,1
31165,11
31166,11
31167,10
31168,21
31169,3
31170,16
31171,3
31172,16
31173,19
31174,9
31175,7
31176,3
31177,21
31178,16
31179,3
31180,5
31181,13
31182,15
31183,7
31184,16
31185,5
31186,18
31187,8
31188,20
31189,5
31190,16
31191,7
31192,2
31193,4
31194,3
31195,16
31196,4
31197,18
31198,7
31199,21
31200,16
31201,4
31202,16
31203,3
31204,1
31205,14
31206,21
31207,12
31208,8
31209,3
31210,20
31211,7
31212,16
31213,3
31214,3
31215,8
31216,10
31217,7
31218,16
31219,18
31220,0
31221,3
31222,7
31223,0
31224,0
31225,5
31226,22
31227,0
31228,7
31229,13
31230,8
31231,18
31232,10
31233,10
31234,1
31235,6
31236,19
31237,3
31238,6
31239,15
31240,1
31241,9
31242,1
31243,21
31244,12
31245,10
31246,21
31247,19
31248,16
31249,8
31250,3
31251,12
31252,13
31253,0
31254,1
31255,4
31256,3
31257,4
31258,4
31259,5
31260,16
31261,3
31262,3
31263,20
31264,15
31265,1
31266,3
31267,23
31268,8
31269,0
31270,7
31271,7
31272,3
31273,18
31274,0
31275,17
31276,12
31277,6
31278,16
31279,7
31280,5
31281,15
31282,3
31283,3
31284,11
31285,18
31286,13
31287,1
31288,9
31289,4
31290,12
31291,3
31292,13
31293,5
31294,20
31295,12
31296,9
31297,0
31298,13
31299,6
31300,7
31301,3
31302,3
31303,3
31304,11
31305,15
31306,20
31307,3
31308,5
31309,6
31310,23
31311,9
31312,3
31313,3
31314,3
31315,16
31316,14
31317,3
31318,3
31319,20
31320,3
31321,10
31322,3
31323,3
31324,0
31325,3
31326,23
31327,5
31328,13
31329,3
31330,3
31331,20
31332,11
31333,3
31334,13
31335,18
31336,14
31337,2
31338,20
31339,9
31340,6
31341,8
31342,5
31343,17
31344,3
31345,0
31346,9
31347,7
31348,9
31349,5
31350,2
31351,3
31352,11
31353,5
31354,3
31355,1
31356,8
31357,3
31358,23
31359,11
31360,3
31361,20
31362,20
31363,1
31364,9
31365,11
31366,16
31367,5
31368,7
31369,3
31370,6
31371,16
31372,20
31373,4
31374,7
31375,19
31376,3
31377,12
31378,2
31379,7
31380,5
31381,3
31382,23
31383,12
31384,0
31385,12
31386,23
31387,17
31388,3
31389,7
31390,12
31391,7
31392,20
31393,9
31394,3
31395,12
31396,3
31397,8
31398,22
31399,23
31400,17
31401,15
31402,7
31403,16
31404,7
31405,4
31406,6
31407,9
31408,20
31409,8
31410,21
31411,20
31412,8
31413,0
31414,23
31415,16
31416,7
31417,13
31418,3
31419,0
31420,23
31421,10
31422,15
31423,5
31424,4
31425,1
31426,12
31427,6
31428,3
31429,3
31430,20
31431,10
31432,3
31433,13
31434,0
31435,8
31436,8
31437,9
31438,7
31439,21
31440,15
31441,5
31442,13
31443,23
31444,12
31445,3
31446,14
31447,8
31448,11
31449,13
31450,8
31451,3
31452,5
31453,2
31454,21
31455,7
31456,16
31457,6
31458,0
31459,10
31460,18
31461,0
31462,12
31463,2
31464,5
31465,3
31466,14
31467,16
31468,17
31469,7
31470,4
31471,14
31472,11
31473,12
31474,13
31475,3
31476,3
31477,11
31478,1
31479,8
31480,8
31481,10
31482,9
31483,6
31484,16
31485,3
31486,8
31487,14
31488,13
31489,3
31490,1
31491,6
31492,3
31493,8
31494,3
31495,21
31496,3
31497,13
31498,9
31499,0
31500,12
31501,3
31502,12
31503,11
31504,14
31505,14
31506,6
31507,7
31508,6
31509,8
31510,6
31511,7
31512,12
31513,16
31514,5
31515,7
31516,21
31517,12
31518,14
31519,14
31520,7
31521,6
31522,13
31523,7
31524,7
31525,21
31526,11
31527,7
31528,0
31529,3
31530,7
31531,23
31532,2
31533,3
31534,3
31535,11
31536,0
31537,16
31538,22
31539,12
31540,16
31541,6
31542,13
31543,3
31544,18
31545,1
31546,3
31547,3
31548,14
31549,10
31550,9
31551,8
31552,11
31553,20
31554,7
31555,12
31556,8
31557,9
31558,7
31559,3
31560,23
31561,1
31562,3
31563,6
31564,7
31565,6
31566,7
31567,13
31568,7
31569,6
31570,13
31571,23
31572,3
31573,15
31574,23
31575,5
31576,11
31577,13
31578,4
31579,7
31580,16
31581,16
31582,6
31583,21
31584,3
31585,13
31586,5
31587,16
31588,19
31589,10
31590,14
31591,3
31592,2
31593,16
31594,7
31595,14
31596,23
31597,8
31598,23
31599,22
31600,10
31601,4
31602,20
31603,10
31604,13
31605,7
31606,16
31607,3
31608,5
31609,5
31610,19
31611,16
31612,3
31613,5
31614,22
31615,18
31616,6
31617,1
31618,12
31619,15
31620,15
31621,0
31622,12
31623,15
31624,14
31625,14
31626,3
31627,23
31628,23
31629,15
31630,6
31631,2
31632,0
31633,12
31634,3
31635,10
31636,19
31637,16
31638,10
31639,16
31640,9
31641,6
31642,3
31643,7
31644,12
31645,23
31646,21
31647,10
31648,10
31649,6
31650,13
31651,7
31652,3
31653,5
31654,1
31655,9
31656,4
31657,3
31658,1
31659,15
31660,21
31661,12
31662,12
31663,4
31664,10
31665,20
31666,12
31667,16
31668,1
31669,14
31670,8
31671,18
31672,23
31673,4
31674,22
31675,16
31676,16
31677,5
31678,18
31679,14
31680,16
31681,18
31682,3
31683,5
31684,20
31685,10
31686,16
31687,1
31688,20
31689,20
31690,5
31691,4
31692,16
31693,22
31694,9
31695,12
31696,12
31697,12
31698,18
31699,15
31700,3
31701,3
31702,1
31703,20
31704,3
31705,0
31706,12
31707,0
31708,14
31709,10
31710,4
31711,10
31712,16
31713,21
31714,3
31715,3
31716,15
31717,3
31718,10
31719,0
31720,10
31721,15
31722,3
31723,19
31724,21
31725,11
31726,3
31727,13
31728,7
31729,20
31730,3
31731,14
31732,20
31733,13
31734,17
31735,18
31736,4
31737,3
31738,3
31739,15
31740,7
31741,20
31742,20
31743,3
31744,23
31745,12
31746,3
31747,5
31748,3
31749,5
31750,8
31751,12
31752,13
31753,16
31754,3
31755,16
31756,0
31757,8
31758,13
31759,5
31760,18
31761,3
31762,10
31763,14
31764,23
31765,5
31766,10
31767,5
31768,21
31769,0
31770,5
31771,7
31772,4
31773,3
31774,3
31775,2
31776,3
31777,11
31778,23
31779,14
31780,3
31781,16
31782,6
31783,10
31784,16
31785,0
31786,10
31787,7
31788,10
31789,1
31790,3
31791,5
31792,3
31793,8
31794,1
31795,12
31796,9
31797,7
31798,1
31799,19
31800,4
31801,3
31802,12
31803,3
31804,23
31805,5
31806,13
31807,12
31808,18
31809,3
31810,6
31811,9
31812,13
31813,3
31814,6
31815,5
31816,15
31817,5
31818,0
31819,13
31820,15
31821,13
31822,12
31823,4
31824,3
31825,0
31826,3
31827,14
31828,11
31829,3
31830,10
31831,15
31832,8
31833,0
31834,6
31835,5
31836,23
31837,0
31838,4
31839,9
31840,3
31841,16
31842,16
31843,19
31844,13
31845,20
31846,3
31847,2
31848,16
31849,18
31850,15
31851,4
31852,7
31853,3
31854,18
31855,16
31856,23
31857,16
31858,20
31859,1
31860,9
31861,4
31862,11
31863,9
31864,6
31865,23
31866,7
31867,19
31868,7
31869,3
31870,3
31871,1
31872,3
31873,5
31874,18
31875,9
31876,19
31877,16
31878,16
31879,16
31880,4
31881,3
31882,12
31883,11
31884,16
31885,3
31886,1
31887,3
31888,22
31889,17
31890,13
31891,12
31892,7
31893,21
31894,3
31895,6
31896,20
31897,11
31898,7
31899,19
31900,23
31901,7
31902,3
31903,5
31904,12
31905,11
31906,1
31907,5
31908,3
31909,13
31910,0
31911,13
31912,8
31913,21
31914,5
31915,16
31916,2
31917,7
31918,7
31919,16
31920,10
31921,7
31922,4
31923,16
31924,11
31925,13
31926,18
31927,18
31928,12
31929,6
31930,7
31931,16
31932,8
31933,3
31934,9
31935,3
31936,7
31937,1
31938,5
31939,12
31940,20
31941,3
31942,12
31943,14
31944,0
31945,8
31946,15
31947,21
31948,3
31949,15
31950,7
31951,1
31952,13
31953,14
31954,3
31955,3
31956,6
31957,20
31958,23
31959,6
31960,3
31961,2
31962,3
31963,5
31964,14
31965,3
31966,3
31967,3
31968,16
31969,20
31970,3
31971,5
31972,0
31973,18
31974,19
31975,14
31976,12
31977,16
31978,9
31979,20
31980,18
31981,1
31982,2
31983,16
31984,3
31985,1
31986,11
31987,14
31988,10
31989,3
31990,7
31991,12
31992,3
31993,21
31994,21
31995,23
31996,3
31997,21
31998,13
31999,19
32000,2
32001,6
32002,3
32003,9
32004,19
32005,10
32006,3
32007,3
32008,4
32009,6
32010,9
32011,16
32012,13
32013,3
32014,14
32015,19
32016,0
32017,1
32018,7
32019,3
32020,3
32021,9
32022,13
32023,14
32024,6
32025,12
32026,14
32027,14
32028,14
32029,8
32030,15
32031,3
32032,3
32033,10
32034,13
32035,18
32036,5
32037,1
32038,3
32039,10
32040,16
32041,8
32042,12
32043,9
32044,7
32045,16
32046,16
32047,9
32048,15
32049,8
32050,6
32051,14
32052,1
32053,12
32054,3
32055,16
32056,13
32057,3
32058,15
32059,16
32060,14
32061,15
32062,3
32063,3
32064,2
32065,3
32066,15
32067,6
32068,3
32069,0
32070,13
32071,20
32072,3
32073,8
32074,13
32075,7
32076,7
32077,5
32078,9
32079,13
32080,1
32081,21
32082,21
32083,20
32084,9
32085,12
32086,4
32087,9
32088,23
32089,11
32090,0
32091,11
32092,23
32093,11
32094,3
32095,1
32096,13
32097,7
32098,3
32099,3
32100,8
32101,12
32102,3
32103,5
32104,21
32105,23
32106,5
32107,4
32108,11
32109,5
32110,13
32111,3
32112,12
32113,10
32114,3
32115,17
32116,13
32117,2
32118,1
32119,7
32120,2
32121,3
32122,14
32123,3
32124,3
32125,23
32126,3
32127,15
32128,3
32129,3
32130,13
32131,7
32132,16
32133,3
32134,1
32135,0
32136,10
32137,3
32138,23
32139,12
32140,11
32141,15
32142,3
32143,7
32144,7
32145,11
32146,19
32147,13
32148,15
32149,7
32150,23
32151,16
32152,7
32153,14
32154,16
32155,8
32156,20
32157,16
32158,3
32159,21
32160,0
32161,8
32162,11
32163,3
32164,5
32165,16
32166,12
32167,17
32168,6
32169,14
32170,1
32171,5
32172,6
32173,18
32174,15
32175,13
32176,2
32177,22
32178,12
32179,7
32180,3
32181,7
32182,1
32183,3
32184,3
32185,11
32186,6
32187,10
32188,3
32189,13
32190,13
32191,18
32192,0
32193,3
32194,3
32195,15
32196,23
32197,23
32198,13
32199,9
32200,13
32201,11
32202,12
32203,9
32204,13
32205,6
32206,12
32207,12
32208,9
32209,2
32210,13
32211,5
32212,23
32213,18
32214,9
32215,10
32216,23
32217,0
32218,0
32219,14
32220,3
32221,23
32222,10
32223,20
32224,23
32225,3
32226,16
32227,20
32228,3
32229,11
32230,0
32231,13
32232,20
32233,5
32234,3
32235,6
32236,3
32237,7
32238,12
32239,3
32240,5
32241,2
32242,5
32243,5
32244,3
32245,17
32246,12
32247,17
32248,4
32249,4
32250,6
32251,3
32252,8
32253,5
32254,8
32255,3
32256,23
32257,0
32258,11
32259,12
32260,3
32261,13
32262,10
32263,3
32264,3
32265,2
32266,10
32267,12
32268,6
32269,7
32270,4
32271,3
32272,6
32273,21
32274,3
32275,16
32276,3
32277,14
32278,9
32279,3
32280,5
32281,3
32282,10
32283,18
32284,8
32285,3
32286,13
32287,6
32288,1
32289,23
32290,7
32291,17
32292,23
32293,6
32294,1
32295,7
32296,18
32297,2
32298,4
32299,23
32300,11
32301,20
32302,10
32303,23
32304,2
32305,2
32306,3
32307,11
32308,0
32309,11
32310,14
32311,3
32312,6
32313,20
32314,7
32315,23
32316,6
32317,3
32318,6
32319,13
32320,20
32321,23
32322,1
32323,3
32324,14
32325,1
32326,21
32327,12
32328,15
32329,20
32330,3
32331,19
32332,16
32333,0
32334,14
32335,11
32336,16
32337,4
32338,3
32339,20
32340,10
32341,3
32342,6
32343,13
32344,5
32345,7
32346,5
32347,23
32348,19
32349,3
32350,3
32351,14
32352,7
32353,7
32354,16
32355,16
32356,16
32357,0
32358,4
32359,4
32360,11
32361,10
32362,20
32363,5
32364,22
32365,5
32366,16
32367,3
32368,19
32369,5
32370,11
32371,21
32372,16
32373,0
32374,6
32375,15
32376,4
32377,14
32378,3
32379,14
32380,3
32381,6
32382,5
32383,4
32384,3
32385,9
32386,6
32387,11
32388,12
32389,13
32390,16
32391,6
32392,0
32393,18
32394,0
32395,5
32396,12
32397,21
32398,6
32399,10
32400,3
32401,14
32402,3
32403,13
32404,3
32405,20
32406,15
32407,1
32408,20
32409,16
32410,0
32411,3
32412,2
32413,3
32414,3
32415,3
32416,7
32417,12
32418,23
32419,14
32420,13
32421,6
32422,8
32423,3
32424,16
32425,13
32426,11
32427,13
32428,16
32429,16
32430,16
32431,2
32432,13
32433,15
32434,20
32435,6
32436,13
32437,6
32438,3
32439,12
32440,3
32441,3
32442,16
32443,4
32444,4
32445,19
32446,19
32447,5
32448,15
32449,11
32450,12
32451,3
32452,3
32453,20
32454,1
32455,14
32456,3
32457,16
32458,3
32459,21
32460,2
32461,4
32462,0
32463,17
32464,0
32465,3
32466,0
32467,7
32468,20
32469,15
32470,23
32471,12
32472,3
32473,5
32474,11
32475,16
32476,1
32477,6
32478,13
32479,3
32480,0
32481,10
32482,10
32483,13
32484,16
32485,5
32486,3
32487,16
32488,5
32489,15
32490,14
32491,3
32492,3
32493,21
32494,5
32495,5
32496,19
32497,3
32498,3
32499,7
32500,7
32501,15
32502,0
32503,10
32504,10
32505,0
32506,22
32507,12
32508,4
32509,7
32510,3
32511,5
32512,15
32513,1
32514,16
32515,5
32516,18
32517,16
32518,12
32519,0
32520,20
32521,3
32522,9
32523,8
32524,5
32525,0
32526,8
32527,3
32528,20
32529,0
32530,12
32531,0
32532,3
32533,6
32534,6
32535,0
32536,4
32537,18
32538,13
32539,10
32540,15
32541,13
32542,0
32543,4
32544,23
32545,15
32546,5
32547,13
32548,16
32549,12
32550,20
32551,7
32552,19
32553,0
32554,15
32555,2
32556,2
32557,18
32558,3
32559,12
32560,12
32561,8
32562,3
32563,12
32564,7
32565,16
32566,7
32567,3
32568,18
32569,10
32570,3
32571,3
32572,3
32573,5
32574,20
32575,19
32576,11
32577,16
32578,10
32579,1
32580,21
32581,16
32582,3
32583,2
32584,1
32585,16
32586,16
32587,5
32588,3
32589,19
32590,21
32591,7
32592,18
32593,12
32594,6
32595,5
32596,9
32597,6
32598,1
32599,12
32600,7
32601,1
32602,1
32603,1
32604,8
32605,7
32606,3
32607,3
32608,3
32609,3
32610,13
32611,12
32612,6
32613,9
32614,14
32615,6
32616,13
32617,16
32618,21
32619,13
32620,5
32621,12
32622,20
32623,8
32624,3
32625,5
32626,16
32627,3
32628,10
32629,15
32630,3
32631,0
32632,7
32633,16
32634,23
32635,8
32636,1
32637,9
32638,8
32639,10
32640,9
32641,9
32642,5
32643,16
32644,0
32645,3
32646,11
32647,8
32648,12
32649,12
32650,3
32651,3
32652,3
32653,15
32654,4
32655,12
32656,3
32657,18
32658,10
32659,11
32660,11
32661,0
32662,3
32663,16
32664,13
32665,10
32666,4
32667,16
32668,10
32669,3
32670,16
32671,0
32672,7
32673,6
32674,1
32675,5
32676,14
32677,4
32678,9
32679,1
32680,3
32681,0
32682,12
32683,0
32684,14
32685,16
32686,3
32687,11
32688,23
32689,23
32690,11
32691,13
32692,13
32693,12
32694,2
32695,23
32696,20
32697,4
32698,15
32699,21
32700,8
32701,3
32702,8
32703,3
32704,12
32705,17
32706,6
32707,11
32708,16
32709,9
32710,7
32711,12
32712,16
32713,16
32714,1
32715,0
32716,12
32717,3
32718,14
32719,13
32720,0
32721,3
32722,7
32723,5
32724,5
32725,3
32726,19
32727,3
32728,19
32729,23
32730,8
32731,12
32732,16
32733,6
32734,5
32735,12
32736,16
32737,16
32738,5
32739,14
32740,9
32741,1
32742,6
32743,7
32744,9
32745,11
32746,2
32747,16
32748,13
32749,3
32750,4
32751,8
32752,2
32753,18
32754,6
32755,3
32756,19
32757,4
32758,3
32759,23
32760,13
32761,13
32762,10
32763,14
32764,16
32765,3
32766,22
32767,16
32768,3
32769,23
32770,3
32771,20
32772,6
32773,5
32774,5
32775,3
32776,12
32777,13
32778,3
32779,2
32780,22
32781,3
32782,9
32783,21
32784,12
32785,16
32786,18
32787,16
32788,21
32789,23
32790,23
32791,16
32792,10
32793,4
32794,7
32795,1
32796,15
32797,9
32798,1
32799,23
32800,0
32801,21
32802,16
32803,15
32804,3
32805,2
32806,18
32807,21
32808,3
32809,20
32810,4
32811,3
32812,6
32813,7
32814,3
32815,4
32816,12
32817,19
32818,3
32819,0
32820,16
32821,7
32822,4
32823,18
32824,4
32825,11
32826,16
32827,23
32828,8
32829,8
32830,8
32831,7
32832,11
32833,20
32834,4
32835,13
32836,12
32837,16
32838,11
32839,10
32840,12
32841,8
32842,10
32843,6
32844,5
32845,19
32846,11
32847,3
32848,20
32849,11
32850,18
32851,4
32852,8
32853,18
32854,5
32855,18
32856,4
32857,16
32858,19
32859,16
32860,5
32861,2
32862,21
32863,23
32864,18
32865,3
32866,21
32867,19
32868,3
32869,8
32870,11
32871,15
32872,22
32873,5
32874,7
32875,19
32876,0
32877,1
32878,7
32879,16
32880,3
32881,10
32882,20
32883,3
32884,3
32885,13
32886,6
32887,13
32888,7
32889,23
32890,7
32891,10
32892,23
32893,12
32894,0
32895,16
32896,16
32897,8
32898,7
32899,16
32900,12
32901,20
32902,23
32903,16
32904,1
32905,2
32906,18
32907,16
32908,19
32909,10
32910,20
32911,4
32912,5
32913,2
32914,4
32915,3
32916,2
32917,7
32918,8
32919,18
32920,7
32921,16
32922,11
32923,8
32924,5
32925,7
32926,1
32927,7
32928,3
32929,6
32930,14
32931,3
32932,5
32933,23
32934,16
32935,3
32936,9
32937,11
32938,1
32939,13
32940,8
32941,19
32942,8
32943,13
32944,10
32945,8
32946,7
32947,16
32948,13
32949,13
32950,3
32951,23
32952,3
32953,3
32954,3
32955,21
32956,21
32957,19
32958,3
32959,15
32960,16
32961,1
32962,23
32963,10
32964,3
32965,5
32966,7
32967,15
32968,1
32969,8
32970,8
32971,7
32972,4
32973,4
32974,2
32975,20
32976,3
32977,5
32978,16
32979,3
32980,3
32981,11
32982,4
32983,3
32984,19
32985,8
32986,7
32987,21
32988,21
32989,23
32990,12
32991,20
32992,21
32993,3
32994,23
32995,10
32996,7
32997,10
32998,8
32999,13
33000,21
33001,8
33002,1
33003,3
33004,15
33005,18
33006,3
33007,3
33008,3
33009,8
33010,18
33011,10
33012,13
33013,8
33014,18
33015,19
33016,16
33017,3
33018,13
33019,8
33020,2
33021,11
33022,13
33023,16
33024,5
33025,10
33026,11
33027,1
33028,12
33029,3
33030,23
33031,11
33032,0
33033,7
33034,18
33035,0
33036,11
33037,2
33038,3
33039,12
33040,14
33041,16
33042,21
33043,6
33044,2
33045,20
33046,7
33047,10
33048,20
33049,5
33050,15
33051,2
33052,14
33053,4
33054,13
33055,7
33056,16
33057,18
33058,13
33059,12
33060,11
33061,7
33062,19
33063,3
33064,13
33065,3
33066,12
33067,15
33068,3
33069,12
33070,12
33071,3
33072,3
33073,13
33074,4
33075,3
33076,1
33077,3
33078,16
33079,11
33080,10
33081,2
33082,15
33083,23
33084,1
33085,3
33086,23
33087,4
33088,13
33089,16
33090,6
33091,13
33092,4
33093,5
33094,15
33095,16
33096,23
33097,12
33098,13
33099,9
33100,13
33101,9
33102,21
33103,5
33104,5
33105,6
33106,9
33107,10
33108,3
33109,6
33110,15
33111,7
33112,23
33113,8
33114,17
33115,11
33116,8
33117,1
33118,12
33119,22
33120,16
33121,3
33122,12
33123,15
33124,16
33125,8
33126,8
33127,3
33128,23
33129,13
33130,9
33131,19
33132,5
33133,21
33134,12
33135,5
33136,21
33137,6
33138,15
33139,12
33140,6
33141,16
33142,11
33143,1
33144,23
33145,8
33146,3
33147,16
33148,21
33149,14
33150,8
33151,20
33152,16
33153,5
33154,9
33155,20
33156,15
33157,10
33158,16
33159,16
33160,13
33161,0
33162,15
33163,14
33164,13
33165,10
33166,15
33167,2
33168,5
33169,17
33170,15
33171,3
33172,6
33173,22
33174,12
33175,21
33176,18
33177,12
33178,3
33179,6
33180,3
33181,16
33182,0
33183,20
33184,2
33185,6
33186,16
33187,15
33188,16
33189,9
33190,11
33191,6
33192,2
33193,4
33194,16
33195,7
33196,18
33197,12
33198,22
33199,20
33200,0
33201,5
33202,12
33203,3
33204,3
33205,4
33206,15
33207,11
33208,6
33209,7
33210,16
33211,20
33212,16
33213,9
33214,16
33215,9
33216,10
33217,16
33218,16
33219,0
33220,3
33221,10
33222,12
33223,0
33224,12
33225,7
33226,12
33227,11
33228,3
33229,12
33230,13
33231,10
33232,20
33233,2
33234,15
33235,1
33236,8
33237,16
33238,3
33239,1
33240,2
33241,21
33242,22
33243,9
33244,6
33245,19
33246,5
33247,8
33248,18
33249,10
33250,12
33251,3
33252,20
33253,23
33254,21
33255,13
33256,3
33257,3
33258,8
33259,7
33260,13
33261,7
33262,5
33263,12
33264,3
33265,23
33266,0
33267,0
33268,3
33269,5
33270,11
33271,6
33272,12
33273,22
33274,11
33275,4
33276,13
33277,6
33278,16
33279,18
33280,7
33281,13
33282,16
33283,21
33284,3
33285,3
33286,12
33287,18
33288,18
33289,11
33290,0
33291,12
33292,3
33293,0
33294,15
33295,4
33296,21
33297,13
33298,13
33299,3
33300,14
33301,23
33302,14
33303,6
33304,13
33305,19
33306,5
33307,23
33308,4
33309,23
33310,12
33311,3
33312,5
33313,3
33314,3
33315,7
33316,16
33317,3
33318,3
33319,9
33320,3
33321,7
33322,16
33323,14
33324,21
33325,7
33326,6
33327,9
33328,1
33329,16
33330,5
33331,23
33332,6
33333,16
33334,15
33335,1
33336,1
33337,13
33338,12
33339,9
33340,3
33341,3
33342,12
33343,3
33344,6
33345,6
33346,23
33347,12
33348,21
33349,13
33350,5
33351,20
33352,8
33353,4
33354,0
33355,19
33356,3
33357,21
33358,13
33359,21
33360,18
33361,13
33362,23
33363,3
33364,3
33365,18
33366,3
33367,20
33368,21
33369,3
33370,18
33371,4
33372,14
33373,2
33374,14
33375,20
33376,0
33377,15
33378,4
33379,3
33380,12
33381,3
33382,1
33383,8
33384,13
33385,3
33386,3
33387,20
33388,1
33389,3
33390,3
33391,13
33392,0
33393,9
33394,8
33395,3
33396,8
33397,3
33398,12
33399,11
33400,15
33401,15
33402,8
33403,4
33404,22
33405,13
33406,3
33407,16
33408,7
33409,7
33410,21
33411,14
33412,3
33413,21
33414,5
33415,13
33416,3
33417,0
33418,3
33419,16
33420,21
33421,11
33422,3
33423,7
33424,16
33425,0
33426,6
33427,3
33428,20
33429,5
33430,21
33431,7
33432,9
33433,10
33434,5
33435,3
33436,12
33437,18
33438,8
33439,15
33440,7
33441,3
33442,3
33443,3
33444,10
33445,11
33446,8
33447,12
33448,7
33449,3
33450,6
33451,6
33452,1
33453,16
33454,7
33455,18
33456,12
33457,3
33458,3
33459,3
33460,11
33461,8
33462,3
33463,16
33464,20
33465,13
33466,3
33467,3
33468,7
33469,16
33470,12
33471,15
33472,9
33473,11
33474,10
33475,3
33476,13
33477,15
33478,21
33479,7
33480,18
33481,22
33482,3
33483,20
33484,12
33485,13
33486,21
33487,4
33488,23
33489,16
33490,3
33491,12
33492,7
33493,20
33494,6
33495,0
33496,15
33497,11
33498,12
33499,10
33500,6
33501,23
33502,13
33503,9
33504,0
33505,5
33506,7
33507,21
33508,22
33509,16
33510,9
33511,3
33512,8
33513,13
33514,4
33515,4
33516,12
33517,18
33518,10
33519,12
33520,10
33521,13
33522,3
33523,1
33524,1
33525,20
33526,7
33527,10
33528,3
33529,14
33530,3
33531,5
33532,12
33533,15
33534,16
33535,9
33536,8
33537,0
33538,16
33539,12
33540,0
33541,12
33542,23
33543,14
33544,12
33545,9
33546,20
33547,10
33548,22
33549,11
33550,3
33551,3
33552,18
33553,6
33554,8
33555,11
33556,3
33557,3
33558,1
33559,2
33560,16
33561,3
33562,10
33563,0
33564,3
33565,1
33566,4
33567,10
33568,5
33569,21
33570,3
33571,19
33572,5
33573,3
33574,5
33575,19
33576,16
33577,0
33578,8
33579,8
33580,1
33581,11
33582,14
33583,4
33584,15
33585,20
33586,6
33587,20
33588,21
33589,15
33590,21
33591,5
33592,11
33593,7
33594,5
33595,23
33596,19
33597,17
33598,13
33599,13
33600,3
33601,15
33602,3
33603,20
33604,1
33605,3
33606,13
33607,4
33608,3
33609,4
33610,13
33611,7
33612,2
33613,7
33614,16
33615,13
33616,9
33617,4
33618,3
33619,15
33620,3
33621,18
33622,13
33623,12
33624,15
33625,12
33626,11
33627,14
33628,0
33629,10
33630,12
33631,4
33632,3
33633,16
33634,12
33635,0
33636,20
33637,3
33638,3
33639,18
33640,8
33641,4
33642,1
33643,21
33644,2
33645,14
33646,13
33647,3
33648,16
33649,3
33650,4
33651,3
33652,3
33653,21
33654,3
33655,8
33656,3
33657,18
33658,21
33659,14
33660,11
33661,19
33662,9
33663,5
33664,3
33665,6
33666,9
33667,11
33668,3
33669,16
33670,0
33671,6
33672,1
33673,1
33674,16
33675,23
33676,15
33677,20
33678,9
33679,14
33680,18
33681,1
33682,6
33683,1
33684,9
33685,15
33686,3
33687,1
33688,7
33689,15
33690,3
33691,16
33692,3
33693,3
33694,14
33695,16
33696,6
33697,3
33698,21
33699,13
33700,2
33701,11
33702,12
33703,13
33704,3
33705,4
33706,3
33707,16
33708,13
33709,7
33710,15
33711,7
33712,3
33713,20
33714,3
33715,3
33716,4
33717,11
33718,7
33719,7
33720,20
33721,3
33722,14
33723,23
33724,16
33725,20
33726,21
33727,12
33728,6
33729,23
33730,0
33731,2
33732,16
33733,16
33734,20
33735,10
33736,13
33737,9
33738,1
33739,2
33740,20
33741,3
33742,3
33743,2
33744,3
33745,3
33746,6
33747,18
33748,3
33749,5
33750,5
33751,11
33752,7
33753,3
33754,13
33755,7
33756,0
33757,4
33758,7
33759,13
33760,15
33761,14
33762,5
33763,15
33764,5
33765,7
33766,4
33767,2
33768,5
33769,11
33770,11
33771,21
33772,12
33773,20
33774,3
33775,0
33776,23
33777,20
33778,16
33779,13
33780,11
33781,23
33782,23
33783,6
33784,10
33785,20
33786,3
33787,16
33788,5
33789,23
33790,20
33791,3
33792,10
33793,21
33794,5
33795,3
33796,11
33797,3
33798,21
33799,15
33800,13
33801,3
33802,20
33803,8
33804,3
33805,12
33806,3
33807,18
33808,2
33809,2
33810,16
33811,3
33812,15
33813,10
33814,6
33815,16
33816,1
33817,20
33818,9
33819,7
33820,9
33821,8
33822,12
33823,7
33824,4
33825,3
33826,7
33827,14
33828,10
33829,16
33830,20
33831,15
33832,5
33833,4
33834,0
33835,3
33836,12
33837,5
33838,14
33839,3
33840,0
33841,3
33842,8
33843,3
33844,21
33845,21
33846,14
33847,23
33848,9
33849,4
33850,19
33851,23
33852,10
33853,6
33854,13
33855,6
33856,3
33857,23
33858,20
33859,9
33860,14
33861,2
33862,3
33863,10
33864,9
33865,10
33866,16
33867,16
33868,3
33869,9
33870,5
33871,5
33872,6
33873,18
33874,0
33875,12
33876,21
33877,12
33878,1
33879,14
33880,23
33881,16
33882,18
33883,11
33884,3
33885,9
33886,0
33887,15
33888,16
33889,3
33890,23
33891,16
33892,2
33893,20
33894,3
33895,7
33896,10
33897,3
33898,0
33899,11
33900,12
33901,10
33902,4
33903,23
33904,16
33905,6
33906,3
33907,18
33908,10
33909,8
33910,23
33911,12
33912,14
33913,6
33914,16
33915,12
33916,16
33917,3
33918,9
33919,7
33920,3
33921,16
33922,7
33923,18
33924,13
33925,0
33926,18
33927,7
33928,1
33929,3
33930,8
33931,20
33932,3
33933,21
33934,12
33935,11
33936,12
33937,10
33938,14
33939,1
33940,7
33941,1
33942,8
33943,19
33944,2
33945,7
33946,8
33947,15
33948,3
33949,10
33950,13
33951,3
33952,5
33953,21
33954,22
33955,12
33956,13
33957,20
33958,3
33959,23
33960,3
33961,13
33962,3
33963,7
33964,14
33965,12
33966,3
33967,3
33968,19
33969,3
33970,18
33971,6
33972,21
33973,2
33974,15
33975,14
33976,23
33977,12
33978,7
33979,6
33980,7
33981,8
33982,12
33983,11
33984,12
33985,6
33986,11
33987,21
33988,3
33989,3
33990,16
33991,9
33992,3
33993,7
33994,8
33995,20
33996,10
33997,5
33998,15
33999,13
34000,12
34001,8
34002,19
34003,19
34004,0
34005,13
34006,7
34007,23
34008,8
34009,3
34010,3
34011,6
34012,13
34013,20
34014,21
34015,8
34016,7
34017,11
34018,6
34019,3
34020,9
34021,14
34022,6
34023,0
34024,9
34025,11
34026,3
34027,14
34028,3
34029,12
34030,3
34031,6
34032,3
34033,15
34034,12
34035,0
34036,15
34037,16
34038,6
34039,5
34040,16
34041,18
34042,23
34043,1
34044,14
34045,0
34046,14
34047,9
34048,2
34049,16
34050,13
34051,3
34052,5
34053,16
34054,9
34055,3
34056,3
34057,7
34058,16
34059,1
34060,5
34061,8
34062,2
34063,13
34064,8
34065,15
34066,9
34067,13
34068,12
34069,4
34070,21
34071,12
34072,0
34073,23
34074,4
34075,10
34076,16
34077,3
34078,1
34079,19
34080,3
34081,8
34082,9
34083,6
34084,14
34085,0
34086,15
34087,6
34088,7
34089,12
34090,3
34091,0
34092,14
34093,23
34094,11
34095,18
34096,4
34097,23
34098,3
34099,16
34100,9
34101,8
34102,5
34103,16
34104,3
34105,5
34106,16
34107,15
34108,20
34109,4
34110,6
34111,21
34112,12
34113,1
34114,3
34115,16
34116,22
34117,20
34118,11
34119,3
34120,12
34121,13
34122,8
34123,16
34124,0
34125,3
34126,18
34127,7
34128,8
34129,0
34130,11
34131,16
34132,9
34133,3
34134,2
34135,16
34136,23
34137,3
34138,7
34139,6
34140,7
34141,21
34142,8
34143,20
34144,3
34145,11
34146,11
34147,21
34148,8
34149,7
34150,16
34151,6
34152,16
34153,23
34154,4
34155,14
34156,16
34157,4
34158,3
34159,13
34160,3
34161,21
34162,20
34163,9
34164,16
34165,15
34166,9
34167,16
34168,9
34169,4
34170,18
34171,23
34172,18
34173,16
34174,20
34175,3
34176,9
34177,23
34178,2
34179,18
34180,6
34181,12
34182,20
34183,16
34184,16
34185,21
34186,21
34187,13
34188,3
34189,4
34190,2
34191,3
34192,16
34193,4
34194,20
34195,9
34196,16
34197,6
34198,7
34199,3
34200,18
34201,23
34202,10
34203,23
34204,1
34205,6
34206,19
34207,11
34208,8
34209,7
34210,1
34211,20
34212,11
34213,3
34214,23
34215,5
34216,6
34217,12
34218,13
34219,16
34220,3
34221,17
34222,20
34223,3
34224,5
34225,5
34226,11
34227,0
34228,12
34229,4
34230,6
34231,3
34232,0
34233,9
34234,16
34235,7
34236,20
34237,3
34238,3
34239,19
34240,18
34241,13
34242,3
34243,6
34244,3
34245,3
34246,12
34247,16
34248,4
34249,16
34250,3
34251,13
34252,16
34253,3
34254,3
34255,20
34256,0
34257,3
34258,21
34259,14
34260,20
34261,13
34262,1
34263,1
34264,19
34265,7
34266,3
34267,9
34268,15
34269,12
34270,3
34271,3
34272,6
34273,16
34274,11
34275,4
34276,15
34277,3
34278,21
34279,2
34280,9
34281,19
34282,1
34283,3
34284,22
34285,0
34286,4
34287,6
34288,22
34289,15
34290,14
34291,23
34292,19
34293,7
34294,5
34295,6
34296,10
34297,10
34298,5
34299,19
34300,12
34301,3
34302,3
34303,7
34304,3
34305,18
34306,5
34307,7
34308,6
34309,3
34310,3
34311,15
34312,20
34313,20
34314,15
34315,21
34316,3
34317,2
34318,13
34319,3
34320,16
34321,15
34322,21
34323,5
34324,15
34325,4
34326,19
34327,11
34328,9
34329,8
34330,7
34331,9
34332,3
34333,10
34334,11
34335,16
34336,1
34337,13
34338,0
34339,2
34340,5
34341,4
34342,13
34343,9
34344,3
34345,3
34346,9
34347,3
34348,16
34349,5
34350,6
34351,4
34352,14
34353,20
34354,7
34355,6
34356,4
34357,16
34358,14
34359,1
34360,16
34361,7
34362,16
34363,10
34364,14
34365,3
34366,21
34367,3
34368,10
34369,15
34370,4
34371,9
34372,1
34373,5
34374,20
34375,3
34376,11
34377,7
34378,5
34379,4
34380,6
34381,15
34382,18
34383,10
34384,3
34385,16
34386,5
34387,14
34388,23
34389,21
34390,12
34391,16
34392,3
34393,3
34394,3
34395,21
34396,13
34397,9
34398,2
34399,11
34400,5
34401,15
34402,21
34403,10
34404,13
34405,7
34406,4
34407,6
34408,16
34409,5
34410,7
34411,18
34412,3
34413,3
34414,3
34415,0
34416,16
34417,16
34418,14
34419,3
34420,3
34421,12
34422,19
34423,3
34424,20
34425,11
34426,12
34427,1
34428,2
34429,7
34430,10
34431,8
34432,19
34433,12
34434,0
34435,16
34436,16
34437,13
34438,22
34439,5
34440,3
34441,3
34442,12
34443,7
34444,21
34445,16
34446,7
34447,13
34448,16
34449,4
34450,7
34451,1
34452,5
34453,17
34454,23
34455,11
34456,16
34457,3
34458,15
34459,20
34460,13
34461,20
34462,6
34463,23
34464,9
34465,14
34466,14
34467,11
34468,6
34469,3
34470,12
34471,4
34472,1
34473,3
34474,0
34475,3
34476,21
34477,13
34478,1
34479,3
34480,10
34481,5
34482,13
34483,10
34484,0
34485,0
34486,16
34487,7
34488,8
34489,19
34490,1
34491,3
34492,8
34493,2
34494,12
34495,15
34496,10
34497,3
34498,15
34499,12
34500,14
34501,13
34502,15
34503,6
34504,8
34505,23
34506,3
34507,3
34508,15
34509,9
34510,13
34511,5
34512,18
34513,8
34514,11
34515,13
34516,3
34517,5
34518,21
34519,23
34520,11
34521,7
34522,16
34523,7
34524,3
34525,19
34526,23
34527,7
34528,5
34529,15
34530,3
34531,6
34532,3
34533,21
34534,23
34535,7
34536,3
34537,5
34538,1
34539,12
34540,5
34541,8
34542,12
34543,18
34544,3
34545,7
34546,14
34547,3
34548,20
34549,14
34550,15
34551,3
34552,8
34553,3
34554,16
34555,6
34556,3
34557,12
34558,3
34559,3
34560,14
34561,5
34562,20
34563,16
34564,5
34565,14
34566,0
34567,13
34568,8
34569,3
34570,7
34571,7
34572,1
34573,5
34574,6
34575,5
34576,7
34577,15
34578,13
34579,8
34580,13
34581,10
34582,3
34583,3
34584,3
34585,3
34586,5
34587,6
34588,16
34589,15
34590,22
34591,3
34592,1
34593,12
34594,11
34595,1
34596,3
34597,18
34598,15
34599,15
34600,14
34601,12
34602,15
34603,19
34604,3
34605,1
34606,11
34607,12
34608,1
34609,5
34610,15
34611,14
34612,21
34613,4
34614,16
34615,15
34616,23
34617,19
34618,13
34619,15
34620,2
34621,8
34622,3
34623,21
34624,16
34625,20
34626,13
34627,13
34628,7
34629,7
34630,9
34631,1
34632,3
34633,5
34634,2
34635,11
34636,14
34637,14
34638,8
34639,6
34640,15
34641,1
34642,13
34643,6
34644,8
34645,3
34646,3
34647,12
34648,15
34649,3
34650,0
34651,16
34652,10
34653,8
34654,17
34655,3
34656,1
34657,3
34658,14
34659,7
34660,13
34661,23
34662,20
34663,11
34664,0
34665,12
34666,1
34667,10
34668,4
34669,13
34670,3
34671,3
34672,4
34673,4
34674,3
34675,16
34676,7
34677,15
34678,20
34679,3
34680,16
34681,16
34682,12
34683,14
34684,15
34685,7
34686,16
34687,3
34688,7
34689,10
34690,0
34691,2
34692,15
34693,18
34694,3
34695,5
34696,14
34697,18
34698,11
34699,3
34700,9
34701,3
34702,10
34703,8
34704,2
34705,3
34706,3
34707,16
34708,23
34709,8
34710,3
34711,3
34712,16
34713,5
34714,8
34715,23
34716,4
34717,10
34718,3
34719,7
34720,14
34721,4
34722,3
34723,8
34724,18
34725,6
34726,16
34727,4
34728,5
34729,6
34730,21
34731,3
34732,12
34733,8
34734,7
34735,14
34736,12
34737,17
34738,13
34739,13
34740,3
34741,0
34742,16
34743,4
34744,13
34745,16
34746,23
34747,3
34748,4
34749,7
34750,16
34751,8
34752,5
34753,7
34754,14
34755,3
34756,12
34757,2
34758,14
34759,7
34760,7
34761,18
34762,12
34763,3
34764,3
34765,6
34766,13
34767,4
34768,21
34769,3
34770,13
34771,8
34772,5
34773,3
34774,8
34775,12
34776,6
34777,12
34778,11
34779,3
34780,14
34781,16
34782,2
34783,16
34784,6
34785,20
34786,3
34787,0
34788,3
34789,9
34790,11
34791,0
34792,3
34793,3
34794,3
34795,9
34796,13
34797,3
34798,11
34799,8
34800,23
34801,12
34802,9
34803,14
34804,3
34805,16
34806,3
34807,4
34808,3
34809,16
34810,4
34811,3
34812,7
34813,16
34814,6
34815,16
34816,3
34817,3
34818,5
34819,4
34820,23
34821,7
34822,10
34823,3
34824,3
34825,7
34826,16
34827,10
34828,16
34829,15
34830,16
34831,3
34832,11
34833,18
34834,5
34835,4
34836,10
34837,16
34838,7
34839,15
34840,4
34841,3
34842,1
34843,12
34844,3
34845,23
34846,3
34847,3
34848,13
34849,7
34850,16
34851,8
34852,3
34853,0
34854,14
34855,16
34856,7
34857,21
34858,23
34859,14
34860,3
34861,3
34862,15
34863,3
34864,3
34865,22
34866,16
34867,3
34868,21
34869,4
34870,4
34871,12
34872,9
34873,8
34874,9
34875,21
34876,3
34877,3
34878,6
34879,6
34880,23
34881,12
34882,14
34883,3
34884,5
34885,14
34886,2
34887,23
34888,0
34889,6
34890,3
34891,7
34892,3
34893,19
34894,21
34895,9
34896,3
34897,7
34898,11
34899,7
34900,6
34901,11
34902,16
34903,21
34904,16
34905,4
34906,16
34907,7
34908,23
34909,15
34910,0
34911,3
34912,10
34913,9
34914,9
34915,14
34916,16
34917,11
34918,6
34919,10
34920,21
34921,3
34922,11
34923,6
34924,1
34925,1
34926,13
34927,7
34928,3
34929,1
34930,8
34931,7
34932,10
34933,1
34934,13
34935,11
34936,6
34937,3
34938,1
34939,1
34940,3
34941,1
34942,12
34943,19
34944,3
34945,14
34946,2
34947,8
34948,8
34949,18
34950,6
34951,8
34952,15
34953,14
34954,3
34955,15
34956,7
34957,3
34958,7
34959,5
34960,3
34961,3
34962,8
34963,2
34964,3
34965,3
34966,11
34967,7
34968,15
34969,14
34970,14
34971,14
34972,7
34973,18
34974,3
34975,21
34976,7
34977,19
34978,0
34979,21
34980,8
34981,2
34982,3
34983,7
34984,0
34985,5
34986,3
34987,10
34988,23
34989,12
34990,2
34991,0
34992,14
34993,11
34994,20
34995,3
34996,6
34997,14
34998,11
34999,13
35000,7
35001,9
35002,21
35003,4
35004,3
35005,12
35006,4
35007,7
35008,21
35009,16
35010,3
35011,23
35012,2
35013,3
35014,12
35015,6
35016,1
35017,3
35018,15
35019,3
35020,16
35021,2
35022,19
35023,3
35024,21
35025,13
35026,22
35027,3
35028,3
35029,7
35030,8
35031,16
35032,5
35033,14
35034,4
35035,10
35036,1
35037,0
35038,16
35039,4
35040,20
35041,1
35042,3
35043,7
35044,16
35045,15
35046,11
35047,10
35048,0
35049,12
35050,0
35051,21
35052,12
35053,8
35054,23
35055,17
35056,1
35057,6
35058,3
35059,21
35060,20
35061,3
35062,9
35063,3
35064,5
35065,2
35066,10
35067,3
35068,3
35069,23
35070,4
35071,2
35072,3
35073,2
35074,4
35075,18
35076,0
35077,10
35078,1
35079,23
35080,16
35081,20
35082,6
35083,18
35084,11
35085,4
35086,5
35087,8
35088,16
35089,9
35090,3
35091,12
35092,6
35093,15
35094,13
35095,5
35096,15
35097,13
35098,7
35099,11
35100,2
35101,5
35102,14
35103,8
35104,12
35105,6
35106,21
35107,20
35108,11
35109,21
35110,12
35111,12
35112,8
35113,10
35114,7
35115,18
35116,23
35117,13
35118,16
35119,3
35120,0
35121,16
35122,5
35123,8
35124,7
35125,20
35126,16
35127,7
35128,11
35129,17
35130,23
35131,3
35132,13
35133,14
35134,3
35135,15
35136,11
35137,23
35138,21
35139,16
35140,17
35141,3
35142,7
35143,1
35144,6
35145,5
35146,3
35147,21
35148,7
35149,3
35150,21
35151,6
35152,7
35153,8
35154,14
35155,3
35156,0
35157,4
35158,0
35159,23
35160,5
35161,3
35162,1
35163,5
35164,6
35165,5
35166,1
35167,2
35168,15
35169,16
35170,12
35171,1
35172,9
35173,10
35174,4
35175,12
35176,10
35177,7
35178,5
35179,3
35180,16
35181,7
35182,22
35183,6
35184,4
35185,23
35186,16
35187,3
35188,1
35189,20
35190,3
35191,9
35192,3
35193,21
35194,10
35195,16
35196,14
35197,1
35198,11
35199,5
35200,3
35201,14
35202,2
35203,3
35204,8
35205,16
35206,11
35207,4
35208,5
35209,18
35210,23
35211,16
35212,3
35213,14
35214,1
35215,13
35216,16
35217,9
35218,23
35219,13
35220,12
35221,9
35222,9
35223,4
35224,3
35225,0
35226,1
35227,8
35228,3
35229,16
35230,11
35231,12
35232,1
35233,7
35234,13
35235,14
35236,14
35237,0
35238,16
35239,1
35240,20
35241,7
35242,9
35243,13
35244,12
35245,3
35246,12
35247,14
35248,16
35249,19
35250,23
35251,12
35252,10
35253,2
35254,23
35255,19
35256,3
35257,3
35258,5
35259,3
35260,11
35261,16
35262,3
35263,1
35264,8
35265,14
35266,7
35267,7
35268,9
35269,1
35270,12
35271,13
35272,16
35273,0
35274,1
35275,6
35276,23
35277,21
35278,4
35279,0
35280,15
35281,15
35282,0
35283,4
35284,20
35285,9
35286,13
35287,6
35288,3
35289,8
35290,6
35291,3
35292,14
35293,23
35294,3
35295,12
35296,0
35297,8
35298,3
35299,9
35300,0
35301,15
35302,19
35303,12
35304,16
35305,8
35306,12
35307,10
35308,21
35309,15
35310,2
35311,20
35312,3
35313,15
35314,3
35315,5
35316,5
35317,12
35318,23
35319,1
35320,5
35321,4
35322,3
35323,15
35324,4
35325,13
35326,7
35327,5
35328,6
35329,1
35330,14
35331,16
35332,3
35333,8
35334,10
35335,3
35336,23
35337,3
35338,7
35339,7
35340,11
35341,1
35342,12
35343,5
35344,9
35345,0
35346,5
35347,22
35348,16
35349,3
35350,3
35351,3
35352,3
35353,13
35354,4
35355,15
35356,0
35357,5
35358,10
35359,23
35360,20
35361,3
35362,3
35363,16
35364,8
35365,3
35366,6
35367,13
35368,10
35369,15
35370,11
35371,7
35372,5
35373,5
35374,1
35375,23
35376,14
35377,16
35378,11
35379,2
35380,6
35381,1
35382,14
35383,11
35384,23
35385,6
35386,20
35387,12
35388,3
35389,3
35390,13
35391,7
35392,10
35393,7
35394,16
35395,3
35396,3
35397,3
35398,7
35399,20
35400,0
35401,12
35402,18
35403,3
35404,10
35405,7
35406,3
35407,0
35408,10
35409,3
35410,10
35411,6
35412,5
35413,16
35414,7
35415,3
35416,20
35417,18
35418,6
35419,5
35420,11
35421,16
35422,14
35423,21
35424,5
35425,12
35426,2
35427,3
35428,3
35429,10
35430,7
35431,21
35432,4
35433,7
35434,21
35435,23
35436,3
35437,4
35438,14
35439,4
35440,9
35441,5
35442,3
35443,4
35444,6
35445,21
35446,16
35447,1
35448,21
35449,16
35450,15
35451,5
35452,3
35453,23
35454,8
35455,3
35456,9
35457,23
35458,12
35459,9
35460,21
35461,16
35462,12
35463,6
35464,2
35465,13
35466,12
35467,23
35468,3
35469,17
35470,3
35471,23
35472,13
35473,11
35474,19
35475,14
35476,0
35477,3
35478,10
35479,16
35480,8
35481,1
35482,3
35483,3
35484,0
35485,16
35486,13
35487,3
35488,9
35489,3
35490,0
35491,3
35492,20
35493,13
35494,3
35495,3
35496,9
35497,13
35498,8
35499,11
35500,12
35501,7
35502,4
35503,3
35504,0
35505,13
35506,0
35507,16
35508,10
35509,20
35510,12
35511,12
35512,3
35513,15
35514,8
35515,16
35516,16
35517,20
35518,18
35519,20
35520,12
35521,3
35522,9
35523,16
35524,12
35525,12
35526,11
35527,3
35528,4
35529,23
35530,10
35531,8
35532,3
35533,6
35534,12
35535,21
35536,5
35537,10
35538,16
35539,16
35540,23
35541,3
35542,10
35543,16
35544,9
35545,19
35546,11
35547,15
35548,2
35549,5
35550,13
35551,14
35552,16
35553,2
35554,22
35555,8
35556,13
35557,3
35558,16
35559,3
35560,5
35561,5
35562,3
35563,13
35564,18
35565,16
35566,16
35567,11
35568,7
35569,11
35570,1
35571,1
35572,12
35573,16
35574,3
35575,12
35576,12
35577,12
35578,20
35579,3
35580,19
35581,5
35582,16
35583,0
35584,16
35585,1
35586,15
35587,14
35588,11
35589,11
35590,15
35591,20
35592,5
35593,22
35594,15
35595,18
35596,3
35597,4
35598,7
35599,6
35600,8
35601,13
35602,10
35603,6
35604,2
35605,3
35606,7
35607,3
35608,7
35609,20
35610,3
35611,12
35612,23
35613,19
35614,8
35615,15
35616,5
35617,7
35618,16
35619,12
35620,13
35621,3
35622,16
35623,14
35624,20
35625,4
35626,7
35627,16
35628,1
35629,15
35630,3
35631,6
35632,6
35633,7
35634,7
35635,4
35636,1
35637,3
35638,1
35639,13
35640,7
35641,23
35642,18
35643,14
35644,3
35645,4
35646,0
35647,23
35648,3
35649,13
35650,3
35651,5
35652,0
35653,16
35654,4
35655,10
35656,7
35657,12
35658,20
35659,5
35660,22
35661,15
35662,7
35663,6
35664,14
35665,3
35666,0
35667,2
35668,6
35669,21
35670,13
35671,1
35672,3
35673,3
35674,12
35675,7
35676,0
35677,11
35678,3
35679,3
35680,15
35681,16
35682,4
35683,18
35684,7
35685,16
35686,10
35687,14
35688,10
35689,3
35690,9
35691,2
35692,13
35693,16
35694,15
35695,4
35696,12
35697,23
35698,8
35699,16
35700,3
35701,12
35702,4
35703,20
35704,3
35705,10
35706,3
35707,23
35708,3
35709,2
35710,9
35711,3
35712,8
35713,5
35714,16
35715,4
35716,18
35717,11
35718,7
35719,13
35720,22
35721,16
35722,6
35723,10
35724,3
35725,3
35726,12
35727,10
35728,3
35729,5
35730,8
35731,3
35732,5
35733,3
35734,0
35735,1
35736,7
35737,3
35738,7
35739,3
35740,3
35741,21
35742,20
35743,20
35744,8
35745,16
35746,13
35747,6
35748,7
35749,13
35750,21
35751,16
35752,19
35753,7
35754,3
35755,7
35756,6
35757,3
35758,11
35759,6
35760,7
35761,3
35762,9
35763,3
35764,3
35765,9
35766,10
35767,16
35768,6
35769,19
35770,10
35771,16
35772,1
35773,12
35774,0
35775,9
35776,8
35777,12
35778,6
35779,3
35780,16
35781,12
35782,1
35783,2
35784,4
35785,6
35786,3
35787,1
35788,7
35789,23
35790,19
35791,12
35792,16
35793,4
35794,2
35795,7
35796,13
35797,5
35798,2
35799,20
35800,14
35801,1
35802,3
35803,20
35804,16
35805,12
35806,3
35807,7
35808,20
35809,3
35810,3
35811,20
35812,8
35813,14
35814,5
35815,3
35816,23
35817,3
35818,8
35819,4
35820,11
35821,6
35822,11
35823,15
35824,2
35825,13
35826,15
35827,12
35828,1
35829,3
35830,16
35831,3
35832,16
35833,14
35834,13
35835,2
35836,7
35837,16
35838,12
35839,13
35840,16
35841,5
35842,13
35843,15
35844,3
35845,1
35846,16
35847,14
35848,3
35849,13
35850,23
35851,4
35852,10
35853,11
35854,9
35855,3
35856,10
35857,10
35858,12
35859,0
35860,8
35861,13
35862,13
35863,0
35864,18
35865,3
35866,6
35867,6
35868,5
35869,7
35870,7
35871,20
35872,23
35873,4
35874,7
35875,18
35876,7
35877,2
35878,4
35879,3
35880,19
35881,5
35882,6
35883,7
35884,4
35885,3
35886,6
35887,1
35888,12
35889,18
35890,13
35891,16
35892,21
35893,20
35894,11
35895,15
35896,18
35897,5
35898,3
35899,9
35900,1
35901,15
35902,21
35903,13
35904,23
35905,3
35906,4
35907,12
35908,21
35909,13
35910,1
35911,13
35912,5
35913,13
35914,16
35915,0
35916,15
35917,6
35918,9
35919,9
35920,10
35921,0
35922,7
35923,6
35924,3
35925,3
35926,21
35927,22
35928,3
35929,2
35930,9
35931,3
35932,11
35933,21
35934,3
35935,8
35936,16
35937,3
35938,13
35939,22
35940,5
35941,9
35942,19
35943,3
35944,7
35945,2
35946,7
35947,22
35948,15
35949,1
35950,8
35951,12
35952,3
35953,3
35954,13
35955,23
35956,20
35957,6
35958,3
35959,3
35960,1
35961,6
35962,12
35963,13
35964,14
35965,3
35966,13
35967,7
35968,3
35969,7
35970,4
35971,3
35972,3
35973,16
35974,3
35975,3
35976,3
35977,3
35978,15
35979,16
35980,3
35981,9
35982,8
35983,7
35984,18
35985,16
35986,4
35987,9
35988,14
35989,3
35990,16
35991,7
35992,5
35993,3
35994,8
35995,2
35996,8
35997,20
35998,14
35999,12
36000,16
36001,19
36002,12
36003,11
36004,7
36005,0
36006,13
36007,16
36008,1
36009,1
36010,21
36011,7
36012,14
36013,12
36014,4
36015,21
36016,8
36017,10
36018,9
36019,11
36020,4
36021,18
36022,17
36023,19
36024,6
36025,3
36026,11
36027,16
36028,1
36029,12
36030,15
36031,9
36032,15
36033,5
36034,7
36035,23
36036,23
36037,3
36038,23
36039,13
36040,7
36041,4
36042,15
36043,11
36044,3
36045,4
36046,16
36047,5
36048,3
36049,20
36050,14
36051,3
36052,18
36053,14
36054,21
36055,20
36056,19
36057,11
36058,20
36059,15
36060,14
36061,10
36062,16
36063,3
36064,6
36065,7
36066,15
36067,3
36068,3
36069,12
36070,5
36071,15
36072,16
36073,16
36074,3
36075,6
36076,1
36077,15
36078,5
36079,0
36080,7
36081,8
36082,11
36083,10
36084,19
36085,12
36086,13
36087,18
36088,23
36089,4
36090,6
36091,18
36092,10
36093,10
36094,1
36095,3
36096,22
36097,2
36098,18
36099,0
36100,15
36101,13
36102,5
36103,4
36104,9
36105,11
36106,13
36107,3
36108,16
36109,18
36110,15
36111,16
36112,5
36113,13
36114,7
36115,7
36116,10
36117,4
36118,18
36119,3
36120,3
36121,18
36122,7
36123,14
36124,0
36125,3
36126,3
36127,4
36128,13
36129,21
36130,14
36131,23
36132,9
36133,20
36134,7
36135,15
36136,16
36137,6
36138,16
36139,12
36140,16
36141,15
36142,8
36143,18
36144,15
36145,3
36146,19
36147,2
36148,3
36149,15
36150,18
36151,7
36152,23
36153,10
36154,13
36155,18
36156,3
36157,4
36158,20
36159,3
36160,16
36161,0
36162,10
36163,16
36164,1
36165,5
36166,5
36167,3
36168,7
36169,0
36170,1
36171,18
36172,0
36173,12
36174,7
36175,16
36176,16
36177,15
36178,1
36179,9
36180,3
36181,16
36182,23
36183,3
36184,15
36185,5
36186,16
36187,13
36188,7
36189,12
36190,21
36191,3
36192,1
36193,15
36194,3
36195,23
36196,1
36197,5
36198,16
36199,7
36200,5
36201,8
36202,23
36203,0
36204,1
36205,11
36206,2
36207,7
36208,7
36209,2
36210,12
36211,2
36212,12
36213,3
36214,5
36215,16
36216,2
36217,16
36218,3
36219,7
36220,3
36221,9
36222,21
36223,6
36224,9
36225,16
36226,9
36227,3
36228,18
36229,7
36230,0
36231,9
36232,16
36233,5
36234,23
36235,0
36236,23
36237,15
36238,4
36239,16
36240,20
36241,12
36242,19
36243,20
36244,1
36245,4
36246,12
36247,6
36248,16
36249,20
36250,8
36251,12
36252,23
36253,10
36254,11
36255,13
36256,11
36257,3
36258,20
36259,4
36260,19
36261,16
36262,16
36263,13
36264,3
36265,13
36266,13
36267,0
36268,10
36269,13
36270,0
36271,13
36272,23
36273,9
36274,12
36275,23
36276,3
36277,5
36278,17
36279,7
36280,8
36281,13
36282,3
36283,21
36284,3
36285,7
36286,7
36287,6
36288,18
36289,6
36290,16
36291,13
36292,3
36293,3
36294,3
36295,16
36296,14
36297,16
36298,15
36299,3
36300,3
36301,0
36302,15
36303,17
36304,0
36305,6
36306,6
36307,14
36308,19
36309,3
36310,4
36311,9
36312,7
36313,21
36314,13
36315,11
36316,3
36317,11
36318,16
36319,12
36320,2
36321,21
36322,12
36323,9
36324,16
36325,20
36326,16
36327,15
36328,12
36329,6
36330,7
36331,5
36332,7
36333,17
36334,7
36335,14
36336,15
36337,11
36338,11
36339,12
36340,13
36341,2
36342,6
36343,8
36344,2
36345,15
36346,18
36347,13
36348,6
36349,2
36350,3
36351,20
36352,1
36353,10
36354,3
36355,7
36356,1
36357,13
36358,5
36359,20
36360,3
36361,7
36362,5
36363,12
36364,3
36365,18
36366,9
36367,11
36368,14
36369,2
36370,1
36371,22
36372,3
36373,20
36374,20
36375,20
36376,14
36377,3
36378,16
36379,5
36380,3
36381,12
36382,18
36383,13
36384,17
36385,7
36386,5
36387,16
36388,15
36389,0
36390,2
36391,12
36392,0
36393,23
36394,0
36395,9
36396,13
36397,3
36398,12
36399,2
36400,3
36401,7
36402,5
36403,23
36404,3
36405,9
36406,21
36407,3
36408,3
36409,21
36410,10
36411,12
36412,14
36413,15
36414,13
36415,15
36416,7
36417,3
36418,3
36419,0
36420,3
36421,3
36422,12
36423,7
36424,12
36425,16
36426,10
36427,3
36428,21
36429,8
36430,23
36431,18
36432,8
36433,8
36434,7
36435,3
36436,10
36437,3
36438,17
36439,8
36440,3
36441,6
36442,21
36443,12
36444,21
36445,3
36446,2
36447,10
36448,3
36449,3
36450,3
36451,7
36452,1
36453,16
36454,13
36455,3
36456,5
36457,13
36458,3
36459,17
36460,16
36461,0
36462,4
36463,14
36464,9
36465,7
36466,16
36467,15
36468,22
36469,12
36470,15
36471,16
36472,7
36473,14
36474,16
36475,2
36476,9
36477,4
36478,9
36479,1
36480,4
36481,7
36482,12
36483,22
36484,11
36485,3
36486,0
36487,4
36488,12
36489,3
36490,19
36491,10
36492,3
36493,7
36494,12
36495,6
36496,6
36497,12
36498,13
36499,16
36500,12
36501,20
36502,21
36503,12
36504,2
36505,3
36506,3
36507,11
36508,3
36509,9
36510,9
36511,15
36512,2
36513,3
36514,6
36515,10
36516,16
36517,0
36518,8
36519,7
36520,11
36521,11
36522,12
36523,16
36524,21
36525,5
36526,12
36527,16
36528,20
36529,3
36530,16
36531,8
36532,10
36533,3
36534,21
36535,7
36536,3
36537,13
36538,3
36539,3
36540,16
36541,6
36542,21
36543,3
36544,14
36545,21
36546,8
36547,15
36548,6
36549,20
36550,12
36551,5
36552,15
36553,9
36554,3
36555,16
36556,10
36557,2
36558,1
36559,23
36560,12
36561,0
36562,6
36563,11
36564,10
36565,5
36566,10
36567,16
36568,3
36569,3
36570,9
36571,20
36572,19
36573,10
36574,18
36575,12
36576,0
36577,6
36578,8
36579,7
36580,10
36581,3
36582,3
36583,1
36584,15
36585,7
36586,6
36587,10
36588,3
36589,15
36590,23
36591,16
36592,19
36593,15
36594,9
36595,12
36596,15
36597,13
36598,5
36599,3
36600,21
36601,18
36602,7
36603,0
36604,5
36605,18
36606,9
36607,9
36608,4
36609,1
36610,23
36611,4
36612,14
36613,10
36614,20
36615,3
36616,1
36617,5
36618,15
36619,11
36620,19
36621,23
36622,17
36623,21
36624,16
36625,12
36626,4
36627,19
36628,4
36629,5
36630,15
36631,6
36632,7
36633,5
36634,1
36635,12
36636,11
36637,22
36638,16
36639,7
36640,20
36641,10
36642,12
36643,3
36644,6
36645,3
36646,11
36647,11
36648,16
36649,7
36650,13
36651,5
36652,3
36653,7
36654,16
36655,1
36656,17
36657,3
36658,16
36659,21
36660,16
36661,7
36662,3
36663,12
36664,13
36665,23
36666,15
36667,18
36668,8
36669,16
36670,7
36671,22
36672,12
36673,22
36674,8
36675,6
36676,4
36677,3
36678,0
36679,3
36680,23
36681,21
36682,2
36683,9
36684,23
36685,3
36686,7
36687,18
36688,7
36689,12
36690,11
36691,4
36692,3
36693,18
36694,3
36695,23
36696,10
36697,5
36698,4
36699,8
36700,12
36701,6
36702,4
36703,3
36704,7
36705,3
36706,3
36707,11
36708,20
36709,10
36710,8
36711,7
36712,5
36713,6
36714,9
36715,3
36716,2
36717,3
36718,13
36719,23
36720,12
36721,2
36722,14
36723,16
36724,9
36725,16
36726,3
36727,8
36728,16
36729,12
36730,7
36731,6
36732,4
36733,18
36734,7
36735,12
36736,3
36737,7
36738,22
36739,20
36740,13
36741,16
36742,23
36743,11
36744,19
36745,3
36746,4
36747,4
36748,6
36749,13
36750,13
36751,17
36752,15
36753,11
36754,9
36755,15
36756,8
36757,3
36758,4
36759,3
36760,11
36761,21
36762,21
36763,6
36764,6
36765,4
36766,2
36767,12
36768,15
36769,10
36770,18
36771,0
36772,21
36773,3
36774,20
36775,6
36776,15
36777,6
36778,12
36779,6
36780,3
36781,3
36782,3
36783,11
36784,3
36785,13
36786,9
36787,3
36788,23
36789,20
36790,3
36791,0
36792,10
36793,3
36794,3
36795,3
36796,18
36797,5
36798,15
36799,21
36800,10
36801,22
36802,3
36803,15
36804,21
36805,12
36806,12
36807,14
36808,23
36809,3
36810,7
36811,15
36812,16
36813,14
36814,21
36815,20
36816,14
36817,4
36818,10
36819,14
36820,13
36821,6
36822,20
36823,3
36824,10
36825,20
36826,0
36827,20
36828,13
36829,2
36830,13
36831,16
36832,20
36833,3
36834,5
36835,5
36836,3
36837,9
36838,9
36839,13
36840,10
36841,16
36842,13
36843,4
36844,16
36845,2
36846,3
36847,8
36848,16
36849,20
36850,22
36851,5
36852,1
36853,18
36854,18
36855,22
36856,3
36857,6
36858,2
36859,3
36860,11
36861,3
36862,16
36863,16
36864,8
36865,15
36866,1
36867,11
36868,7
36869,1
36870,7
36871,5
36872,7
36873,3
36874,16
36875,3
36876,1
36877,23
36878,12
36879,9
36880,22
36881,6
36882,4
36883,13
36884,3
36885,6
36886,16
36887,16
36888,12
36889,19
36890,19
36891,0
36892,15
36893,3
36894,20
36895,14
36896,7
36897,8
36898,3
36899,12
36900,7
36901,11
36902,21
36903,7
36904,14
36905,3
36906,1
36907,2
36908,23
36909,6
36910,6
36911,13
36912,7
36913,5
36914,3
36915,15
36916,10
36917,20
36918,6
36919,14
36920,1
36921,0
36922,12
36923,23
36924,10
36925,8
36926,11
36927,3
36928,8
36929,12
36930,18
36931,11
36932,3
36933,3
36934,8
36935,3
36936,0
36937,15
36938,3
36939,12
36940,12
36941,9
36942,20
36943,1
36944,13
36945,14
36946,1
36947,13
36948,15
36949,5
36950,15
36951,14
36952,21
36953,16
36954,7
36955,3
36956,3
36957,8
36958,13
36959,3
36960,13
36961,3
36962,7
36963,23
36964,14
36965,7
36966,13
36967,23
36968,13
36969,11
36970,21
36971,16
36972,14
36973,14
36974,3
36975,3
36976,16
36977,4
36978,3
36979,1
36980,20
36981,11
36982,18
36983,9
36984,9
36985,16
36986,16
36987,15
36988,21
36989,10
36990,12
36991,20
36992,14
36993,9
36994,18
36995,12
36996,3
36997,3
36998,8
36999,13
37000,11
37001,3
37002,8
37003,0
37004,5
37005,2
37006,4
37007,4
37008,5
37009,11
37010,3
37011,4
37012,21
37013,19
37014,11
37015,3
37016,14
37017,3
37018,1
37019,4
37020,8
37021,5
37022,13
37023,16
37024,5
37025,16
37026,20
37027,21
37028,20
37029,10
37030,13
37031,20
37032,10
37033,16
37034,8
37035,9
37036,16
37037,23
37038,21
37039,13
37040,20
37041,10
37042,7
37043,12
37044,0
37045,6
37046,7
37047,7
37048,14
37049,9
37050,5
37051,18
37052,9
37053,15
37054,20
37055,12
37056,10
37057,12
37058,20
37059,1
37060,5
37061,21
37062,12
37063,16
37064,20
37065,20
37066,23
37067,18
37068,5
37069,10
37070,13
37071,18
37072,6
37073,1
37074,1
37075,21
37076,3
37077,15
37078,1
37079,4
37080,1
37081,16
37082,16
37083,0
37084,18
37085,3
37086,12
37087,11
37088,16
37089,8
37090,8
37091,11
37092,13
37093,0
37094,9
37095,12
37096,2
37097,21
37098,7
37099,21
37100,9
37101,16
37102,3
37103,15
37104,3
37105,23
37106,11
37107,5
37108,7
37109,0
37110,21
37111,11
37112,20
37113,5
37114,16
37115,12
37116,12
37117,2
37118,19
37119,0
37120,23
37121,3
37122,11
37123,10
37124,9
37125,19
37126,0
37127,14
37128,9
37129,3
37130,3
37131,1
37132,3
37133,6
37134,3
37135,22
37136,18
37137,3
37138,20
37139,21
37140,8
37141,18
37142,3
37143,16
37144,15
37145,8
37146,3
37147,13
37148,14
37149,3
37150,21
37151,19
37152,8
37153,7
37154,12
37155,23
37156,11
37157,12
37158,4
37159,0
37160,8
37161,4
37162,1
37163,8
37164,12
37165,2
37166,6
37167,0
37168,7
37169,13
37170,23
37171,16
37172,13
37173,6
37174,12
37175,9
37176,13
37177,3
37178,14
37179,3
37180,8
37181,18
37182,6
37183,20
37184,16
37185,10
37186,18
37187,14
37188,0
37189,4
37190,12
37191,5
37192,13
37193,0
37194,6
37195,20
37196,12
37197,8
37198,6
37199,2
37200,1
37201,16
37202,15
37203,7
37204,15
37205,11
37206,3
37207,7
37208,10
37209,3
37210,6
37211,7
37212,10
37213,3
37214,5
37215,16
37216,4
37217,15
37218,0
37219,7
37220,5
37221,1
37222,3
37223,16
37224,5
37225,20
37226,6
37227,23
37228,15
37229,9
37230,0
37231,3
37232,16
37233,9
37234,11
37235,16
37236,3
37237,1
37238,10
37239,3
37240,16
37241,16
37242,12
37243,3
37244,5
37245,20
37246,21
37247,7
37248,16
37249,12
37250,3
37251,15
37252,0
37253,10
37254,9
37255,4
37256,15
37257,9
37258,10
37259,7
37260,19
37261,14
37262,13
37263,3
37264,3
37265,0
37266,3
37267,2
37268,4
37269,7
37270,0
37271,5
37272,8
37273,5
37274,19
37275,11
37276,7
37277,7
37278,7
37279,23
37280,13
37281,16
37282,12
37283,23
37284,14
37285,5
37286,3
37287,13
37288,3
37289,1
37290,13
37291,1
37292,3
37293,16
37294,15
37295,6
37296,21
37297,16
37298,3
37299,8
37300,16
37301,14
37302,20
37303,15
37304,1
37305,3
37306,3
37307,23
37308,3
37309,12
37310,12
37311,20
37312,14
37313,7
37314,7
37315,21
37316,10
37317,16
37318,3
37319,0
37320,3
37321,8
37322,14
37323,13
37324,3
37325,3
37326,13
37327,5
37328,16
37329,5
37330,6
37331,0
37332,21
37333,3
37334,12
37335,5
37336,23
37337,21
37338,3
37339,20
37340,6
37341,6
37342,6
37343,20
37344,11
37345,4
37346,12
37347,3
37348,4
37349,11
37350,10
37351,20
37352,3
37353,23
37354,2
37355,9
37356,7
37357,1
37358,16
37359,3
37360,14
37361,14
37362,16
37363,5
37364,4
37365,13
37366,23
37367,3
37368,8
37369,20
37370,8
37371,3
37372,18
37373,13
37374,12
37375,20
37376,16
37377,15
37378,3
37379,16
37380,13
37381,3
37382,3
37383,23
37384,0
37385,4
37386,3
37387,21
37388,13
37389,3
37390,12
37391,12
37392,2
37393,16
37394,11
37395,7
37396,12
37397,9
37398,12
37399,3
37400,15
37401,12
37402,3
37403,16
37404,16
37405,14
37406,8
37407,11
37408,23
37409,3
37410,7
37411,8
37412,16
37413,3
37414,8
37415,5
37416,0
37417,3
37418,19
37419,1
37420,16
37421,3
37422,7
37423,6
37424,15
37425,15
37426,10
37427,16
37428,1
37429,16
37430,3
37431,20
37432,0
37433,9
37434,1
37435,8
37436,12
37437,3
37438,10
37439,7
37440,17
37441,14
37442,22
37443,0
37444,8
37445,3
37446,12
37447,16
37448,13
37449,12
37450,12
37451,12
37452,3
37453,3
37454,7
37455,11
37456,15
37457,3
37458,22
37459,20
37460,3
37461,11
37462,3
37463,8
37464,21
37465,3
37466,10
37467,14
37468,2
37469,13
37470,12
37471,14
37472,10
37473,12
37474,3
37475,11
37476,21
37477,4
37478,9
37479,0
37480,1
37481,12
37482,15
37483,4
37484,3
37485,19
37486,20
37487,1
37488,16
37489,8
37490,13
37491,1
37492,19
37493,16
37494,16
37495,3
37496,13
37497,5
37498,5
37499,3
37500,11
37501,3
37502,7
37503,23
37504,23
37505,12
37506,21
37507,3
37508,13
37509,11
37510,5
37511,10
37512,16
37513,23
37514,0
37515,3
37516,3
37517,3
37518,3
37519,21
37520,11
37521,20
37522,4
37523,10
37524,13
37525,3
37526,3
37527,2
37528,3
37529,4
37530,7
37531,20
37532,12
37533,7
37534,16
37535,12
37536,0
37537,18
37538,0
37539,14
37540,3
37541,14
37542,10
37543,3
37544,13
37545,3
37546,1
37547,3
37548,21
37549,3
37550,17
37551,6
37552,12
37553,3
37554,12
37555,7
37556,3
37557,9
37558,8
37559,12
37560,15
37561,14
37562,3
37563,6
37564,3
37565,12
37566,5
37567,23
37568,3
37569,13
37570,3
37571,3
37572,7
37573,5
37574,16
37575,18
37576,12
37577,16
37578,16
37579,3
37580,7
37581,1
37582,12
37583,5
37584,16
37585,16
37586,5
37587,6
37588,14
37589,7
37590,13
37591,0
37592,16
37593,13
37594,9
37595,5
37596,1
37597,3
37598,1
37599,7
37600,13
37601,14
37602,20
37603,8
37604,12
37605,8
37606,12
37607,4
37608,5
37609,5
37610,1
37611,14
37612,12
37613,5
37614,4
37615,16
37616,4
37617,1
37618,3
37619,12
37620,1
37621,6
37622,4
37623,12
37624,11
37625,18
37626,15
37627,14
37628,13
37629,18
37630,6
37631,23
37632,0
37633,13
37634,3
37635,1
37636,7
37637,23
37638,0
37639,23
37640,3
37641,3
37642,20
37643,11
37644,18
37645,10
37646,0
37647,23
37648,17
37649,15
37650,5
37651,0
37652,9
37653,3
37654,1
37655,13
37656,6
37657,3
37658,7
37659,3
37660,4
37661,3
37662,16
37663,4
37664,3
37665,16
37666,8
37667,8
37668,10
37669,10
37670,3
37671,12
37672,4
37673,16
37674,3
37675,11
37676,1
37677,3
37678,23
37679,8
37680,16
37681,15
37682,21
37683,10
37684,9
37685,1
37686,9
37687,3
37688,11
37689,23
37690,1
37691,3
37692,16
37693,14
37694,3
37695,14
37696,11
37697,3
37698,5
37699,20
37700,12
37701,6
37702,6
37703,14
37704,12
37705,17
37706,8
37707,21
37708,12
37709,14
37710,20
37711,9
37712,4
37713,3
37714,3
37715,20
37716,7
37717,20
37718,5
37719,16
37720,4
37721,11
37722,12
37723,2
37724,7
37725,20
37726,13
37727,16
37728,14
37729,20
37730,10
37731,4
37732,9
37733,10
37734,4
37735,3
37736,14
37737,8
37738,11
37739,21
37740,9
37741,1
37742,19
37743,2
37744,4
37745,11
37746,8
37747,3
37748,3
37749,8
37750,16
37751,5
37752,12
37753,7
37754,4
37755,0
37756,3
37757,3
37758,23
37759,15
37760,16
37761,6
37762,4
37763,5
37764,21
37765,23
37766,7
37767,8
37768,7
37769,0
37770,3
37771,1
37772,16
37773,1
37774,13
37775,21
37776,14
37777,0
37778,3
37779,11
37780,23
37781,7
37782,9
37783,3
37784,15
37785,12
37786,5
37787,2
37788,9
37789,3
37790,23
37791,9
37792,3
37793,7
37794,4
37795,8
37796,15
37797,14
37798,21
37799,3
37800,10
37801,6
37802,21
37803,20
37804,3
37805,5
37806,0
37807,16
37808,5
37809,16
37810,8
37811,3
37812,3
37813,7
37814,16
37815,7
37816,21
37817,16
37818,16
37819,6
37820,21
37821,20
37822,23
37823,4
37824,3
37825,3
37826,0
37827,11
37828,9
37829,15
37830,1
37831,10
37832,3
37833,9
37834,12
37835,1
37836,4
37837,14
37838,9
37839,1
37840,0
37841,3
37842,12
37843,6
37844,19
37845,6
37846,20
37847,2
37848,0
37849,13
37850,16
37851,1
37852,11
37853,0
37854,1
37855,16
37856,15
37857,7
37858,7
37859,3
37860,15
37861,23
37862,13
37863,1
37864,16
37865,8
37866,12
37867,5
37868,6
37869,3
37870,13
37871,3
37872,10
37873,3
37874,8
37875,5
37876,16
37877,23
37878,0
37879,1
37880,9
37881,3
37882,15
37883,7
37884,7
37885,10
37886,15
37887,6
37888,7
37889,3
37890,3
37891,3
37892,13
37893,7
37894,16
37895,18
37896,3
37897,5
37898,0
37899,12
37900,5
37901,3
37902,21
37903,4
37904,13
37905,16
37906,8
37907,23
37908,16
37909,16
37910,6
37911,3
37912,14
37913,5
37914,3
37915,14
37916,10
37917,0
37918,3
37919,5
37920,1
37921,7
37922,12
37923,11
37924,21
37925,20
37926,6
37927,6
37928,3
37929,18
37930,7
37931,0
37932,5
37933,5
37934,3
37935,3
37936,3
37937,2
37938,11
37939,14
37940,20
37941,14
37942,4
37943,1
37944,8
37945,23
37946,6
37947,11
37948,7
37949,13
37950,21
37951,12
37952,20
37953,9
37954,9
37955,20
37956,1
37957,3
37958,6
37959,14
37960,7
37961,23
37962,7
37963,5
37964,16
37965,9
37966,3
37967,20
37968,12
37969,18
37970,3
37971,3
37972,4
37973,13
37974,3
37975,1
37976,12
37977,8
37978,3
37979,5
37980,3
37981,12
37982,16
37983,16
37984,13
37985,8
37986,12
37987,13
37988,20
37989,22
37990,0
37991,5
37992,13
37993,3
37994,3
37995,3
37996,23
37997,8
37998,13
37999,15
38000,0
38001,6
38002,21
38003,2
38004,6
38005,1
38006,10
38007,13
38008,1
38009,15
38010,6
38011,3
38012,13
38013,14
38014,3
38015,16
38016,19
38017,20
38018,3
38019,3
38020,3
38021,3
38022,15
38023,10
38024,16
38025,6
38026,23
38027,21
38028,15
38029,3
38030,3
38031,16
38032,9
38033,8
38034,3
38035,6
38036,12
38037,12
38038,14
38039,16
38040,5
38041,3
38042,20
38043,15
38044,21
38045,4
38046,13
38047,16
38048,1
38049,9
38050,0
38051,13
38052,15
38053,12
38054,16
38055,14
38056,16
38057,12
38058,21
38059,20
38060,16
38061,23
38062,19
38063,7
38064,8
38065,0
38066,3
38067,0
38068,13
38069,12
38070,12
38071,7
38072,2
38073,9
38074,3
38075,18
38076,1
38077,11
38078,9
38079,2
38080,1
38081,20
38082,5
38083,14
38084,6
38085,5
38086,8
38087,3
38088,21
38089,3
38090,16
38091,18
38092,3
38093,3
38094,13
38095,16
38096,16
38097,12
38098,12
38099,16
38100,9
38101,13
38102,2
38103,3
38104,8
38105,2
38106,10
38107,14
38108,7
38109,3
38110,3
38111,16
38112,7
38113,3
38114,3
38115,9
38116,7
38117,23
38118,21
38119,19
38120,5
38121,5
38122,23
38123,16
38124,18
38125,14
38126,17
38127,22
38128,12
38129,10
38130,12
38131,7
38132,7
38133,21
38134,6
38135,0
38136,16
38137,3
38138,16
38139,21
38140,23
38141,3
38142,5
38143,3
38144,23
38145,7
38146,16
38147,16
38148,3
38149,20
38150,14
38151,1
38152,9
38153,12
38154,21
38155,15
38156,3
38157,1
38158,17
38159,22
38160,2
38161,13
38162,3
38163,8
38164,11
38165,8
38166,5
38167,3
38168,13
38169,1
38170,16
38171,17
38172,16
38173,23
38174,3
38175,3
38176,0
38177,3
38178,2
38179,11
38180,4
38181,3
38182,17
38183,9
38184,5
38185,10
38186,1
38187,8
38188,15
38189,11
38190,16
38191,11
38192,0
38193,16
38194,3
38195,12
38196,13
38197,7
38198,21
38199,14
38200,2
38201,3
38202,14
38203,8
38204,3
38205,2
38206,5
38207,5
38208,3
38209,12
38210,5
38211,11
38212,20
38213,20
38214,12
38215,4
38216,13
38217,6
38218,5
38219,16
38220,13
38221,15
38222,2
38223,14
38224,21
38225,9
38226,3
38227,12
38228,8
38229,6
38230,3
38231,3
38232,20
38233,12
38234,20
38235,10
38236,12
38237,3
38238,5
38239,4
38240,8
38241,22
38242,17
38243,8
38244,3
38245,9
38246,16
38247,3
38248,3
38249,18
38250,7
38251,16
38252,1
38253,11
38254,5
38255,10
38256,7
38257,18
38258,20
38259,11
38260,3
38261,7
38262,13
38263,3
38264,3
38265,21
38266,11
38267,0
38268,12
38269,7
38270,18
38271,21
38272,7
38273,11
38274,12
38275,15
38276,11
38277,3
38278,11
38279,4
38280,15
38281,8
38282,13
38283,3
38284,1
38285,1
38286,1
38287,11
38288,15
38289,12
38290,8
38291,14
38292,14
38293,21
38294,12
38295,13
38296,10
38297,3
38298,3
38299,20
38300,16
38301,3
38302,5
38303,8
38304,0
38305,5
38306,11
38307,13
38308,14
38309,17
38310,15
38311,6
38312,17
38313,13
38314,14
38315,3
38316,23
38317,21
38318,7
38319,4
38320,19
38321,9
38322,6
38323,15
38324,12
38325,20
38326,5
38327,3
38328,16
38329,3
38330,9
38331,1
38332,13
38333,14
38334,12
38335,18
38336,1
38337,16
38338,16
38339,3
38340,5
38341,16
38342,12
38343,3
38344,14
38345,5
38346,0
38347,16
38348,3
38349,5
38350,0
38351,7
38352,13
38353,10
38354,15
38355,8
38356,13
38357,10
38358,16
38359,8
38360,22
38361,13
38362,8
38363,3
38364,15
38365,3
38366,3
38367,7
38368,3
38369,11
38370,21
38371,16
38372,16
38373,8
38374,2
38375,5
38376,1
38377,3
38378,16
38379,10
38380,13
38381,16
38382,0
38383,3
38384,10
38385,20
38386,3
38387,9
38388,16
38389,11
38390,3
38391,7
38392,23
38393,3
38394,10
38395,1
38396,4
38397,6
38398,4
38399,14
38400,9
38401,23
38402,13
38403,15
38404,10
38405,7
38406,20
38407,13
38408,13
38409,20
38410,6
38411,5
38412,3
38413,3
38414,8
38415,11
38416,7
38417,10
38418,3
38419,17
38420,8
38421,3
38422,0
38423,0
38424,23
38425,13
38426,14
38427,23
38428,13
38429,16
38430,12
38431,0
38432,15
38433,9
38434,5
38435,7
38436,2
38437,0
38438,2
38439,11
38440,12
38441,3
38442,12
38443,1
38444,3
38445,16
38446,8
38447,3
38448,9
38449,22
38450,6
38451,10
38452,3
38453,6
38454,18
38455,3
38456,10
38457,15
38458,16
38459,10
38460,7
38461,1
38462,0
38463,10
38464,3
38465,7
38466,3
38467,11
38468,13
38469,7
38470,3
38471,1
38472,10
38473,3
38474,13
38475,9
38476,15
38477,12
38478,9
38479,15
38480,16
38481,3
38482,1
38483,19
38484,5
38485,16
38486,23
38487,20
38488,21
38489,12
38490,14
38491,6
38492,6
38493,3
38494,3
38495,0
38496,11
38497,9
38498,14
38499,9
38500,7
38501,9
38502,15
38503,5
38504,9
38505,12
38506,3
38507,16
38508,11
38509,16
38510,5
38511,8
38512,15
38513,5
38514,2
38515,10
38516,14
38517,3
38518,12
38519,18
38520,10
38521,12
38522,23
38523,6
38524,10
38525,15
38526,4
38527,7
38528,13
38529,9
38530,20
38531,23
38532,16
38533,1
38534,1
38535,7
38536,3
38537,20
38538,5
38539,8
38540,6
38541,4
38542,7
38543,21
38544,4
38545,15
38546,5
38547,0
38548,3
38549,8
38550,0
38551,16
38552,3
38553,0
38554,16
38555,18
38556,10
38557,1
38558,19
38559,15
38560,1
38561,1
38562,13
38563,15
38564,6
38565,20
38566,12
38567,21
38568,11
38569,0
38570,12
38571,4
38572,10
38573,4
38574,3
38575,3
38576,19
38577,15
38578,12
38579,18
38580,23
38581,22
38582,16
38583,7
38584,6
38585,8
38586,3
38587,21
38588,19
38589,9
38590,23
38591,3
38592,10
38593,10
38594,19
38595,12
38596,6
38597,5
38598,6
38599,20
38600,13
38601,0
38602,3
38603,23
38604,20
38605,4
38606,3
38607,3
38608,2
38609,3
38610,14
38611,10
38612,8
38613,4
38614,8
38615,5
38616,23
38617,15
38618,18
38619,18
38620,7
38621,19
38622,14
38623,10
38624,7
38625,7
38626,15
38627,12
38628,3
38629,11
38630,7
38631,10
38632,15
38633,3
38634,3
38635,12
38636,12
38637,7
38638,16
38639,5
38640,4
38641,12
38642,12
38643,23
38644,21
38645,0
38646,12
38647,6
38648,15
38649,8
38650,3
38651,5
38652,3
38653,1
38654,2
38655,7
38656,3
38657,16
38658,8
38659,3
38660,3
38661,16
38662,2
38663,21
38664,6
38665,3
38666,16
38667,0
38668,7
38669,0
38670,20
38671,20
38672,7
38673,6
38674,9
38675,5
38676,1
38677,9
38678,3
38679,13
38680,14
38681,22
38682,3
38683,9
38684,3
38685,1
38686,6
38687,3
38688,3
38689,8
38690,11
38691,12
38692,23
38693,6
38694,23
38695,20
38696,3
38697,0
38698,7
38699,3
38700,9
38701,8
38702,15
38703,6
38704,3
38705,0
38706,8
38707,14
38708,23
38709,3
38710,8
38711,10
38712,0
38713,14
38714,2
38715,7
38716,0
38717,3
38718,14
38719,3
38720,10
38721,3
38722,3
38723,5
38724,16
38725,4
38726,3
38727,5
38728,5
38729,19
38730,16
38731,12
38732,3
38733,3
38734,9
38735,6
38736,4
38737,14
38738,19
38739,16
38740,17
38741,16
38742,3
38743,3
38744,21
38745,7
38746,7
38747,4
38748,15
38749,12
38750,1
38751,16
38752,5
38753,12
38754,8
38755,6
38756,4
38757,19
38758,6
38759,3
38760,13
38761,3
38762,11
38763,2
38764,2
38765,10
38766,9
38767,1
38768,12
38769,20
38770,12
38771,20
38772,16
38773,3
38774,2
38775,15
38776,13
38777,16
38778,9
38779,11
38780,15
38781,16
38782,16
38783,14
38784,12
38785,23
38786,15
38787,8
38788,14
38789,15
38790,15
38791,14
38792,2
38793,15
38794,21
38795,15
38796,11
38797,19
38798,21
38799,15
38800,20
38801,9
38802,23
38803,16
38804,11
38805,16
38806,15
38807,6
38808,21
38809,10
38810,3
38811,15
38812,13
38813,18
38814,18
38815,12
38816,0
38817,8
38818,11
38819,3
38820,14
38821,8
38822,11
38823,7
38824,11
38825,5
38826,6
38827,21
38828,12
38829,18
38830,16
38831,5
38832,10
38833,1
38834,7
38835,3
38836,1
38837,15
38838,4
38839,3
38840,3
38841,18
38842,12
38843,20
38844,4
38845,4
38846,6
38847,6
38848,14
38849,3
38850,3
38851,6
38852,6
38853,5
38854,23
38855,15
38856,3
38857,23
38858,0
38859,0
38860,9
38861,5
38862,3
38863,2
38864,7
38865,10
38866,3
38867,23
38868,7
38869,11
38870,7
38871,16
38872,3
38873,14
38874,9
38875,3
38876,5
38877,3
38878,3
38879,7
38880,3
38881,3
38882,1
38883,7
38884,5
38885,11
38886,9
38887,15
38888,1
38889,3
38890,13
38891,3
38892,23
38893,6
38894,2
38895,15
38896,19
38897,8
38898,12
38899,2
38900,13
38901,16
38902,12
38903,15
38904,16
38905,3
38906,6
38907,7
38908,14
38909,13
38910,0
38911,12
38912,3
38913,8
38914,9
38915,23
38916,3
38917,16
38918,3
38919,3
38920,10
38921,8
38922,7
38923,4
38924,7
38925,9
38926,13
38927,12
38928,16
38929,4
38930,19
38931,3
38932,4
38933,10
38934,7
38935,16
38936,11
38937,17
38938,6
38939,19
38940,9
38941,3
38942,20
38943,7
38944,4
38945,11
38946,9
38947,16
38948,5
38949,3
38950,1
38951,10
38952,11
38953,20
38954,14
38955,16
38956,13
38957,7
38958,23
38959,3
38960,8
38961,3
38962,14
38963,18
38964,3
38965,7
38966,19
38967,9
38968,15
38969,20
38970,6
38971,3
38972,15
38973,3
38974,12
38975,13
38976,12
38977,12
38978,12
38979,18
38980,3
38981,7
38982,23
38983,10
38984,2
38985,2
38986,20
38987,3
38988,8
38989,3
38990,3
38991,3
38992,11
38993,3
38994,3
38995,14
38996,5
38997,11
38998,11
38999,20
39000,14
39001,3
39002,7
39003,3
39004,2
39005,20
39006,12
39007,5
39008,12
39009,20
39010,1
39011,5
39012,13
39013,11
39014,5
39015,11
39016,13
39017,2
39018,15
39019,13
39020,3
39021,12
39022,10
39023,13
39024,10
39025,8
39026,5
39027,4
39028,16
39029,1
39030,0
39031,7
39032,4
39033,9
39034,13
39035,15
39036,23
39037,19
39038,13
39039,11
39040,10
39041,8
39042,16
39043,8
39044,7
39045,0
39046,5
39047,23
39048,17
39049,7
39050,1
39051,6
39052,19
39053,5
39054,3
39055,11
39056,12
39057,5
39058,9
39059,3
39060,9
39061,14
39062,3
39063,14
39064,6
39065,8
39066,11
39067,3
39068,15
39069,7
39070,11
39071,16
39072,15
39073,3
39074,17
39075,3
39076,13
39077,18
39078,15
39079,16
39080,23
39081,19
39082,10
39083,3
39084,13
39085,11
39086,20
39087,20
39088,16
39089,3
39090,18
39091,7
39092,13
39093,0
39094,12
39095,3
39096,15
39097,14
39098,16
39099,5
39100,21
39101,10
39102,5
39103,8
39104,12
39105,13
39106,13
39107,15
39108,20
39109,5
39110,7
39111,13
39112,14
39113,4
39114,10
39115,3
39116,1
39117,21
39118,16
39119,12
39120,7
39121,3
39122,1
39123,6
39124,16
39125,11
39126,23
39127,3
39128,7
39129,8
39130,16
39131,3
39132,19
39133,12
39134,20
39135,3
39136,23
39137,6
39138,10
39139,1
39140,22
39141,0
39142,12
39143,7
39144,3
39145,14
39146,6
39147,12
39148,16
39149,15
39150,5
39151,15
39152,0
39153,10
39154,15
39155,16
39156,20
39157,13
39158,16
39159,15
39160,3
39161,6
39162,3
39163,12
39164,6
39165,3
39166,18
39167,18
39168,6
39169,13
39170,3
39171,11
39172,19
39173,1
39174,22
39175,1
39176,5
39177,1
39178,20
39179,10
39180,16
39181,13
39182,23
39183,14
39184,15
39185,16
39186,21
39187,12
39188,6
39189,14
39190,10
39191,7
39192,0
39193,10
39194,0
39195,8
39196,7
39197,6
39198,3
39199,1
39200,11
39201,20
39202,20
39203,18
39204,14
39205,3
39206,0
39207,7
39208,15
39209,7
39210,14
39211,21
39212,3
39213,8
39214,1
39215,15
39216,11
39217,13
39218,12
39219,21
39220,1
39221,10
39222,6
39223,8
39224,15
39225,7
39226,18
39227,1
39228,8
39229,9
39230,1
39231,13
39232,6
39233,3
39234,10
39235,16
39236,8
39237,5
39238,17
39239,6
39240,10
39241,7
39242,4
39243,3
39244,4
39245,16
39246,5
39247,6
39248,11
39249,20
39250,11
39251,8
39252,3
39253,13
39254,2
39255,5
39256,10
39257,11
39258,15
39259,20
39260,13
39261,5
39262,10
39263,16
39264,6
39265,8
39266,5
39267,3
39268,0
39269,15
39270,0
39271,13
39272,13
39273,19
39274,11
39275,3
39276,3
39277,5
39278,6
39279,15
39280,6
39281,15
39282,4
39283,10
39284,9
39285,4
39286,7
39287,21
39288,8
39289,1
39290,3
39291,6
39292,5
39293,16
39294,18
39295,16
39296,21
39297,12
39298,8
39299,3
39300,13
39301,12
39302,3
39303,16
39304,21
39305,16
39306,3
39307,14
39308,15
39309,7
39310,9
39311,4
39312,20
39313,4
39314,3
39315,10
39316,11
39317,0
39318,20
39319,20
39320,1
39321,3
39322,18
39323,10
39324,18
39325,20
39326,20
39327,3
39328,2
39329,11
39330,14
39331,18
39332,14
39333,10
39334,2
39335,13
39336,3
39337,3
39338,15
39339,12
39340,0
39341,12
39342,8
39343,17
39344,17
39345,16
39346,21
39347,7
39348,18
39349,4
39350,4
39351,23
39352,12
39353,10
39354,17
39355,16
39356,18
39357,3
39358,3
39359,4
39360,7
39361,1
39362,14
39363,4
39364,1
39365,12
39366,0
39367,14
39368,1
39369,2
39370,13
39371,15
39372,9
39373,7
39374,16
39375,3
39376,22
39377,14
39378,12
39379,21
39380,23
39381,9
39382,7
39383,4
39384,13
39385,11
39386,3
39387,11
39388,3
39389,8
39390,10
39391,1
39392,10
39393,5
39394,16
39395,12
39396,14
39397,15
39398,9
39399,16
39400,9
39401,11
39402,15
39403,22
39404,0
39405,10
39406,6
39407,3
39408,3
39409,9
39410,12
39411,19
39412,6
39413,3
39414,11
39415,14
39416,5
39417,0
39418,14
39419,3
39420,8
39421,3
39422,14
39423,4
39424,3
39425,14
39426,10
39427,3
39428,5
39429,16
39430,13
39431,15
39432,16
39433,3
39434,7
39435,0
39436,4
39437,3
39438,11
39439,22
39440,0
39441,1
39442,13
39443,1
39444,2
39445,11
39446,13
39447,3
39448,13
39449,13
39450,3
39451,21
39452,13
39453,14
39454,16
39455,3
39456,21
39457,6
39458,10
39459,20
39460,15
39461,20
39462,0
39463,18
39464,5
39465,7
39466,13
39467,3
39468,10
39469,9
39470,3
39471,16
39472,3
39473,10
39474,3
39475,5
39476,1
39477,13
39478,12
39479,1
39480,13
39481,7
39482,5
39483,14
39484,6
39485,16
39486,3
39487,3
39488,15
39489,12
39490,11
39491,3
39492,6
39493,3
39494,22
39495,4
39496,16
39497,23
39498,3
39499,7
39500,4
39501,7
39502,6
39503,19
39504,0
39505,5
39506,20
39507,21
39508,3
39509,14
39510,3
39511,10
39512,2
39513,3
39514,23
39515,6
39516,0
39517,12
39518,10
39519,23
39520,23
39521,1
39522,6
39523,6
39524,6
39525,4
39526,1
39527,18
39528,18
39529,3
39530,8
39531,10
39532,1
39533,17
39534,9
39535,13
39536,9
39537,3
39538,13
39539,3
39540,5
39541,14
39542,10
39543,23
39544,20
39545,0
39546,3
39547,12
39548,9
39549,16
39550,23
39551,7
39552,12
39553,6
39554,6
39555,10
39556,3
39557,6
39558,12
39559,5
39560,10
39561,11
39562,16
39563,11
39564,23
39565,7
39566,13
39567,16
39568,19
39569,12
39570,15
39571,5
39572,3
39573,5
39574,15
39575,3
39576,1
39577,3
39578,8
39579,3
39580,8
39581,12
39582,9
39583,13
39584,3
39585,5
39586,3
39587,7
39588,15
39589,17
39590,1
39591,16
39592,3
39593,10
39594,7
39595,7
39596,0
39597,18
39598,11
39599,12
39600,7
39601,5
39602,11
39603,2
39604,6
39605,15
39606,1
39607,8
39608,3
39609,0
39610,13
39611,12
39612,16
39613,7
39614,10
39615,4
39616,12
39617,21
39618,8
39619,23
39620,9
39621,8
39622,4
39623,1
39624,3
39625,14
39626,12
39627,10
39628,2
39629,14
39630,0
39631,19
39632,13
39633,3
39634,3
39635,11
39636,3
39637,9
39638,13
39639,12
39640,16
39641,3
39642,3
39643,20
39644,16
39645,3
39646,16
39647,7
39648,3
39649,0
39650,14
39651,20
39652,3
39653,6
39654,10
39655,3
39656,11
39657,4
39658,15
39659,2
39660,23
39661,8
39662,4
39663,12
39664,15
39665,10
39666,2
39667,2
39668,15
39669,15
39670,8
39671,3
39672,3
39673,3
39674,23
39675,3
39676,15
39677,16
39678,7
39679,15
39680,11
39681,10
39682,2
39683,8
39684,6
39685,10
39686,8
39687,1
39688,5
39689,7
39690,15
39691,18
39692,11
39693,14
39694,5
39695,6
39696,16
39697,16
39698,15
39699,15
39700,7
39701,3
39702,14
39703,20
39704,12
39705,2
39706,5
39707,0
39708,3
39709,23
39710,7
39711,15
39712,3
39713,22
39714,8
39715,19
39716,20
39717,8
39718,23
39719,16
39720,12
39721,16
39722,0
39723,10
39724,12
39725,21
39726,18
39727,11
39728,15
39729,9
39730,3
39731,8
39732,0
39733,3
39734,12
39735,13
39736,21
39737,16
39738,3
39739,7
39740,7
39741,3
39742,3
39743,4
39744,9
39745,1
39746,21
39747,22
39748,16
39749,18
39750,3
39751,1
39752,11
39753,15
39754,4
39755,12
39756,3
39757,3
39758,3
39759,6
39760,16
39761,16
39762,3
39763,0
39764,2
39765,2
39766,12
39767,13
39768,14
39769,3
39770,3
39771,14
39772,3
39773,1
39774,10
39775,2
39776,15
39777,4
39778,3
39779,10
39780,3
39781,15
39782,10
39783,16
39784,14
39785,6
39786,18
39787,3
39788,3
39789,20
39790,23
39791,16
39792,0
39793,22
39794,16
39795,6
39796,3
39797,16
39798,18
39799,17
39800,15
39801,8
39802,4
39803,18
39804,3
39805,20
39806,10
39807,13
39808,4
39809,9
39810,7
39811,10
39812,16
39813,10
39814,18
39815,13
39816,3
39817,3
39818,3
39819,17
39820,5
39821,16
39822,16
39823,10
39824,3
39825,3
39826,15
39827,5
39828,3
39829,5
39830,0
39831,13
39832,3
39833,6
39834,3
39835,6
39836,14
39837,8
39838,15
39839,11
39840,12
39841,14
39842,6
39843,11
39844,12
39845,1
39846,16
39847,13
39848,18
39849,7
39850,21
39851,1
39852,15
39853,6
39854,12
39855,12
39856,19
39857,10
39858,9
39859,16
39860,5
39861,4
39862,6
39863,3
39864,12
39865,7
39866,3
39867,5
39868,15
39869,12
39870,7
39871,3
39872,16
39873,4
39874,6
39875,1
39876,16
39877,16
39878,7
39879,4
39880,6
39881,7
39882,4
39883,7
39884,12
39885,13
39886,3
39887,8
39888,5
39889,1
39890,13
39891,12
39892,18
39893,11
39894,10
39895,20
39896,1
39897,3
39898,9
39899,3
39900,3
39901,4
39902,9
39903,7
39904,1
39905,10
39906,0
39907,21
39908,6
39909,12
39910,12
39911,3
39912,5
39913,12
39914,14
39915,11
39916,3
39917,12
39918,5
39919,3
39920,3
39921,13
39922,4
39923,1
39924,15
39925,15
39926,3
39927,4
39928,16
39929,0
39930,14
39931,7
39932,11
39933,8
39934,6
39935,11
39936,2
39937,21
39938,12
39939,23
39940,3
39941,5
39942,6
39943,3
39944,3
39945,0
39946,12
39947,15
39948,23
39949,20
39950,2
39951,23
39952,16
39953,15
39954,3
39955,11
39956,3
39957,13
39958,20
39959,20
39960,16
39961,14
39962,23
39963,11
39964,3
39965,18
39966,6
39967,7
39968,3
39969,9
39970,2
39971,6
39972,3
39973,11
39974,6
39975,3
39976,1
39977,4
39978,3
39979,3
39980,3
39981,5
39982,13
39983,3
39984,13
39985,9
39986,13
39987,13
39988,21
39989,9
39990,3
39991,1
39992,8
39993,21
39994,23
39995,23
39996,14
39997,15
39998,23
39999,15
40000,7
40001,1
40002,3
40003,6
40004,20
40005,9
40006,3
40007,20
40008,16
40009,10
40010,0
40011,12
40012,16
40013,15
40014,2
40015,8
40016,9
40017,3
40018,3
40019,6
40020,2
40021,4
40022,0
40023,8
40024,7
40025,15
40026,12
40027,13
40028,3
40029,7
40030,20
40031,10
40032,5
40033,7
40034,14
40035,6
40036,3
40037,11
40038,8
40039,5
40040,0
40041,2
40042,23
40043,9
40044,3
40045,2
40046,12
40047,20
40048,5
40049,10
40050,23
40051,8
40052,12
40053,15
40054,11
40055,2
40056,4
40057,11
40058,3
40059,3
40060,3
40061,5
40062,16
40063,0
40064,16
40065,23
40066,4
40067,16
40068,23
40069,8
40070,3
40071,12
40072,15
40073,16
40074,9
40075,23
40076,1
40077,21
40078,6
40079,8
40080,15
40081,14
40082,16
40083,3
40084,3
40085,8
40086,5
40087,5
40088,13
40089,19
40090,7
40091,16
40092,1
40093,14
40094,3
40095,2
40096,0
40097,5
40098,3
40099,14
40100,23
40101,8
40102,4
40103,16
40104,11
40105,18
40106,4
40107,7
40108,3
40109,15
40110,6
40111,9
40112,16
40113,16
40114,16
40115,1
40116,23
40117,7
40118,4
40119,15
40120,7
40121,23
40122,13
40123,12
40124,12
40125,3
40126,7
40127,3
40128,0
40129,6
40130,16
40131,0
40132,13
40133,0
40134,13
40135,23
40136,3
40137,3
40138,10
40139,11
40140,10
40141,3
40142,10
40143,3
40144,7
40145,11
40146,21
40147,11
40148,16
40149,3
40150,0
40151,13
40152,14
40153,0
40154,15
40155,7
40156,3
40157,6
40158,3
40159,8
40160,0
40161,13
40162,3
40163,3
40164,3
40165,12
40166,15
40167,15
40168,22
40169,11
40170,11
40171,3
40172,14
40173,23
40174,3
40175,16
40176,3
40177,16
40178,21
40179,16
40180,3
40181,1
40182,3
40183,4
40184,11
40185,4
40186,14
40187,15
40188,8
40189,5
40190,3
40191,0
40192,16
40193,5
40194,5
40195,3
40196,1
40197,3
40198,16
40199,17
40200,5
40201,7
40202,3
40203,3
40204,8
40205,4
40206,4
40207,2
40208,2
40209,0
40210,4
40211,14
40212,3
40213,8
40214,20
40215,6
40216,3
40217,11
40218,23
40219,6
40220,14
40221,12
40222,12
40223,1
40224,3
40225,23
40226,21
40227,3
40228,8
40229,12
40230,18
40231,16
40232,13
40233,3
40234,4
40235,19
40236,12
40237,13
40238,3
40239,3
40240,3
40241,15
40242,14
40243,10
40244,3
40245,14
40246,3
40247,4
40248,18
40249,9
40250,5
40251,16
40252,7
40253,3
40254,6
40255,13
40256,4
40257,1
40258,12
40259,14
40260,12
40261,2
40262,3
40263,14
40264,5
40265,1
40266,13
40267,10
40268,15
40269,6
40270,3
40271,3
40272,9
40273,12
40274,12
40275,23
40276,3
40277,4
40278,12
40279,18
40280,16
40281,12
40282,20
40283,23
40284,14
40285,16
40286,6
40287,3
40288,14
40289,23
40290,18
40291,3
40292,15
40293,4
40294,13
40295,7
40296,4
40297,18
40298,15
40299,21
40300,4
40301,16
40302,3
40303,16
40304,4
40305,16
40306,12
40307,10
40308,1
40309,1
40310,3
40311,3
40312,19
40313,8
40314,3
40315,23
40316,19
40317,3
40318,6
40319,16
40320,8
40321,13
40322,10
40323,0
40324,7
40325,18
40326,21
40327,0
40328,15
40329,8
40330,19
40331,2
40332,12
40333,16
40334,9
40335,1
40336,7
40337,3
40338,21
40339,16
40340,4
40341,0
40342,0
40343,6
40344,16
40345,7
40346,5
40347,13
40348,10
40349,21
40350,20
40351,6
40352,11
40353,9
40354,13
40355,15
40356,3
40357,1
40358,13
40359,20
40360,3
40361,3
40362,7
40363,2
40364,13
40365,1
40366,1
40367,3
40368,16
40369,0
40370,13
40371,20
40372,15
40373,18
40374,6
40375,20
40376,1
40377,3
40378,20
40379,16
40380,12
40381,3
40382,3
40383,4
40384,19
40385,3
40386,8
40387,14
40388,7
40389,3
40390,20
40391,14
40392,8
40393,9
40394,13
40395,6
40396,8
40397,5
40398,16
40399,12
40400,16
40401,8
40402,1
40403,7
40404,14
40405,9
40406,16
40407,13
40408,21
40409,20
40410,4
40411,4
40412,6
40413,20
40414,13
40415,12
40416,13
40417,16
40418,3
40419,18
40420,16
40421,8
40422,1
40423,0
40424,19
40425,4
40426,14
40427,3
40428,3
40429,13
40430,16
40431,3
40432,21
40433,3
40434,22
40435,3
40436,12
40437,11
40438,1
40439,3
40440,14
40441,19
40442,8
40443,18
40444,14
40445,23
40446,5
40447,7
40448,16
40449,5
40450,10
40451,7
40452,10
40453,12
40454,5
40455,12
40456,3
40457,7
40458,1
40459,3
40460,16
40461,1
40462,21
40463,5
40464,3
40465,3
40466,4
40467,1
40468,3
40469,16
40470,13
40471,13
40472,9
40473,16
40474,12
40475,4
40476,23
40477,8
40478,6
40479,12
40480,8
40481,8
40482,1
40483,6
40484,20
40485,15
40486,20
40487,21
40488,14
40489,0
40490,1
40491,3
40492,15
40493,4
40494,15
40495,3
40496,23
40497,19
40498,10
40499,3
40500,2
40501,20
40502,3
40503,20
40504,19
40505,7
40506,16
40507,15
40508,9
40509,1
40510,6
40511,15
40512,11
40513,1
40514,8
40515,9
40516,3
40517,7
40518,15
40519,1
40520,0
40521,20
40522,12
40523,7
40524,13
40525,16
40526,14
40527,6
40528,13
40529,3
40530,0
40531,3
40532,19
40533,7
40534,19
40535,16
40536,15
40537,12
40538,13
40539,11
40540,8
40541,16
40542,20
40543,18
40544,4
40545,6
40546,0
40547,14
40548,3
40549,1
40550,10
40551,14
40552,3
40553,21
40554,12
40555,0
40556,3
40557,11
40558,21
40559,20
40560,3
40561,5
40562,16
40563,20
40564,15
40565,22
40566,7
40567,3
40568,2
40569,23
40570,9
40571,3
40572,3
40573,12
40574,20
40575,6
40576,1
40577,3
40578,7
40579,3
40580,3
40581,10
40582,14
40583,3
40584,11
40585,10
40586,13
40587,13
40588,1
40589,5
40590,10
40591,5
40592,16
40593,12
40594,4
40595,14
40596,14
40597,11
40598,3
40599,7
40600,3
40601,12
40602,9
40603,16
40604,14
40605,7
40606,20
40607,6
40608,1
40609,13
40610,23
40611,3
40612,10
40613,10
40614,5
40615,4
40616,11
40617,19
40618,3
40619,7
40620,16
40621,6
40622,4
40623,19
40624,0
40625,13
40626,4
40627,3
40628,21
40629,19
40630,7
40631,14
40632,2
40633,21
40634,12
40635,7
40636,9
40637,3
40638,14
40639,8
40640,12
40641,22
40642,6
40643,15
40644,7
40645,12
40646,15
40647,6
40648,3
40649,1
40650,3
40651,3
40652,12
40653,10
40654,3
40655,0
40656,3
40657,12
40658,7
40659,3
40660,8
40661,5
40662,15
40663,7
40664,16
40665,1
40666,8
40667,23
40668,8
40669,14
40670,9
40671,16
40672,8
40673,1
40674,0
40675,3
40676,19
40677,20
40678,4
40679,23
40680,0
40681,4
40682,12
40683,3
40684,15
40685,8
40686,14
40687,12
40688,3
40689,11
40690,18
40691,1
40692,19
40693,1
40694,21
40695,1
40696,23
40697,3
40698,16
40699,10
40700,12
40701,13
40702,1
40703,3
40704,3
40705,13
40706,4
40707,16
40708,15
40709,3
40710,16
40711,9
40712,11
40713,0
40714,0
40715,5
40716,9
40717,12
40718,4
40719,15
40720,12
40721,15
40722,12
40723,1
40724,12
40725,23
40726,3
40727,3
40728,11
40729,13
40730,8
40731,3
40732,5
40733,14
40734,13
40735,6
40736,16
40737,10
40738,12
40739,13
40740,15
40741,0
40742,10
40743,0
40744,11
40745,20
40746,21
40747,5
40748,18
40749,12
40750,12
40751,15
40752,10
40753,23
40754,3
40755,23
40756,15
40757,9
40758,13
40759,3
40760,3
40761,0
40762,4
40763,21
40764,16
40765,3
40766,15
40767,3
40768,3
40769,23
40770,13
40771,20
40772,0
40773,12
40774,6
40775,19
40776,12
40777,7
40778,4
40779,13
40780,20
40781,6
40782,3
40783,1
40784,19
40785,2
40786,2
40787,7
40788,6
40789,13
40790,7
40791,18
40792,3
40793,18
40794,15
40795,1
40796,22
40797,21
40798,23
40799,6
40800,20
40801,8
40802,15
40803,1
40804,3
40805,18
40806,16
40807,21
40808,13
40809,12
40810,10
40811,8
40812,16
40813,9
40814,10
40815,18
40816,2
40817,3
40818,15
40819,13
40820,19
40821,3
40822,21
40823,5
40824,16
40825,20
40826,3
40827,15
40828,3
40829,8
40830,16
40831,4
40832,13
40833,3
40834,10
40835,7
40836,3
40837,15
40838,3
40839,3
40840,18
40841,3
40842,11
40843,1
40844,4
40845,7
40846,16
40847,3
40848,13
40849,4
40850,9
40851,23
40852,17
40853,3
40854,23
40855,8
40856,3
40857,4
40858,16
40859,14
40860,7
40861,1
40862,8
40863,3
40864,16
40865,12
40866,0
40867,8
40868,11
40869,11
40870,14
40871,11
40872,5
40873,10
40874,8
40875,3
40876,3
40877,5
40878,9
40879,20
40880,16
40881,23
40882,22
40883,6
40884,10
40885,8
40886,16
40887,3
40888,7
40889,8
40890,20
40891,18
40892,3
40893,16
40894,20
40895,9
40896,18
40897,6
40898,3
40899,12
40900,14
40901,4
40902,19
40903,3
40904,14
40905,14
40906,21
40907,23
40908,7
40909,3
40910,3
40911,3
40912,13
40913,3
40914,3
40915,20
40916,9
40917,15
40918,13
40919,3
40920,12
40921,7
40922,6
40923,5
40924,20
40925,16
40926,16
40927,7
40928,10
40929,10
40930,18
40931,3
40932,1
40933,6
40934,6
40935,12
40936,16
40937,3
40938,9
40939,13
40940,16
40941,3
40942,3
40943,3
40944,23
40945,7
40946,12
40947,18
40948,3
40949,3
40950,10
40951,13
40952,12
40953,3
40954,10
40955,2
40956,4
40957,5
40958,23
40959,0
40960,3
40961,12
40962,16
40963,10
40964,23
40965,5
40966,18
40967,9
40968,3
40969,10
40970,10
40971,14
40972,2
40973,20
40974,6
40975,3
40976,15
40977,21
40978,16
40979,13
40980,19
40981,13
40982,1
40983,3
40984,9
40985,16
40986,20
40987,16
40988,6
40989,20
40990,3
40991,12
40992,9
40993,2
40994,7
40995,3
40996,15
40997,20
40998,10
40999,6
41000,15
41001,5
41002,19
41003,4
41004,3
41005,13
41006,16
41007,4
41008,12
41009,15
41010,23
41011,20
41012,14
41013,16
41014,20
41015,12
41016,13
41017,21
41018,20
41019,7
41020,15
41021,14
41022,7
41023,0
41024,9
41025,3
41026,23
41027,7
41028,10
41029,13
41030,7
41031,13
41032,6
41033,15
41034,9
41035,12
41036,14
41037,8
41038,2
41039,11
41040,3
41041,15
41042,13
41043,11
41044,4
41045,2
41046,16
41047,15
41048,9
41049,13
41050,11
41051,7
41052,1
41053,11
41054,1
41055,3
41056,11
41057,12
41058,7
41059,3
41060,3
41061,6
41062,3
41063,23
41064,12
41065,10
41066,20
41067,19
41068,6
41069,9
41070,7
41071,23
41072,1
41073,6
41074,6
41075,10
41076,11
41077,7
41078,8
41079,14
41080,13
41081,12
41082,13
41083,3
41084,14
41085,16
41086,3
41087,21
41088,16
41089,20
41090,7
41091,21
41092,2
41093,3
41094,10
41095,18
41096,12
41097,15
41098,0
41099,6
41100,9
41101,16
41102,3
41103,12
41104,12
41105,7
41106,9
41107,18
41108,5
41109,7
41110,8
41111,16
41112,12
41113,1
41114,3
41115,3
41116,10
41117,10
41118,5
41119,15
41120,4
41121,13
41122,1
41123,5
41124,5
41125,11
41126,13
41127,21
41128,7
41129,3
41130,23
41131,6
41132,16
41133,12
41134,2
41135,8
41136,15
41137,3
41138,12
41139,10
41140,16
41141,13
41142,3
41143,23
41144,4
41145,13
41146,4
41147,8
41148,3
41149,21
41150,13
41151,10
41152,16
41153,3
41154,1
41155,19
41156,3
41157,12
41158,14
41159,23
41160,3
41161,20
41162,6
41163,23
41164,13
41165,18
41166,18
41167,21
41168,8
41169,3
41170,12
41171,1
41172,0
41173,15
41174,5
41175,14
41176,20
41177,12
41178,7
41179,7
41180,12
41181,13
41182,3
41183,6
41184,12
41185,3
41186,3
41187,18
41188,3
41189,10
41190,12
41191,7
41192,3
41193,10
41194,7
41195,15
41196,13
41197,7
41198,16
41199,16
41200,14
41201,16
41202,7
41203,14
41204,4
41205,4
41206,12
41207,13
41208,1
41209,7
41210,3
41211,21
41212,13
41213,8
41214,1
41215,21
41216,19
41217,12
41218,15
41219,12
41220,10
41221,3
41222,3
41223,0
41224,7
41225,19
41226,16
41227,4
41228,7
41229,1
41230,15
41231,6
41232,12
41233,21
41234,8
41235,11
41236,0
41237,3
41238,7
41239,5
41240,8
41241,3
41242,6
41243,7
41244,7
41245,8
41246,20
41247,13
41248,12
41249,3
41250,11
41251,20
41252,1
41253,0
41254,7
41255,20
41256,2
41257,11
41258,18
41259,8
41260,10
41261,3
41262,15
41263,1
41264,11
41265,10
41266,7
41267,5
41268,3
41269,11
41270,10
41271,7
41272,6
41273,8
41274,3
41275,3
41276,11
41277,8
41278,18
41279,12
41280,6
41281,14
41282,16
41283,16
41284,2
41285,16
41286,9
41287,3
41288,3
41289,21
41290,8
41291,6
41292,14
41293,12
41294,3
41295,7
41296,3
41297,16
41298,13
41299,6
41300,21
41301,7
41302,1
41303,3
41304,3
41305,11
41306,14
41307,16
41308,23
41309,12
41310,10
41311,6
41312,23
41313,5
41314,23
41315,7
41316,16
41317,16
41318,23
41319,1
41320,16
41321,3
41322,6
41323,8
41324,12
41325,4
41326,3
41327,11
41328,14
41329,15
41330,2
41331,16
41332,20
41333,11
41334,12
41335,16
41336,3
41337,9
41338,13
41339,12
41340,9
41341,9
41342,7
41343,3
41344,8
41345,20
41346,20
41347,9
41348,7
41349,3
41350,23
41351,7
41352,1
41353,18
41354,8
41355,4
41356,12
41357,21
41358,3
41359,15
41360,14
41361,8
41362,13
41363,21
41364,3
41365,16
41366,4
41367,13
41368,16
41369,3
41370,12
41371,20
41372,14
41373,3
41374,14
41375,1
41376,3
41377,3
41378,3
41379,5
41380,3
41381,12
41382,0
41383,8
41384,14
41385,6
41386,3
41387,10
41388,5
41389,7
41390,12
41391,20
41392,8
41393,7
41394,4
41395,0
41396,13
41397,16
41398,6
41399,23
41400,6
41401,7
41402,18
41403,23
41404,23
41405,3
41406,13
41407,3
41408,14
41409,7
41410,0
41411,0
41412,3
41413,1
41414,16
41415,12
41416,14
41417,10
41418,1
41419,14
41420,3
41421,6
41422,16
41423,3
41424,7
41425,5
41426,1
41427,14
41428,16
41429,0
41430,15
41431,18
41432,16
41433,20
41434,15
41435,4
41436,2
41437,8
41438,0
41439,11
41440,0
41441,20
41442,3
41443,13
41444,3
41445,3
41446,1
41447,0
41448,10
41449,3
41450,3
41451,19
41452,1
41453,3
41454,7
41455,14
41456,7
41457,13
41458,3
41459,7
41460,19
41461,22
41462,8
41463,5
41464,0
41465,6
41466,18
41467,0
41468,9
41469,7
41470,4
41471,19
41472,15
41473,20
41474,3
41475,16
41476,16
41477,20
41478,22
41479,7
41480,6
41481,15
41482,0
41483,3
41484,12
41485,10
41486,3
41487,13
41488,1
41489,1
41490,2
41491,3
41492,0
41493,3
41494,20
41495,21
41496,11
41497,10
41498,2
41499,12
41500,14
41501,13
41502,15
41503,16
41504,3
41505,14
41506,16
41507,0
41508,6
41509,4
41510,12
41511,13
41512,16
41513,7
41514,15
41515,12
41516,1
41517,0
41518,23
41519,3
41520,3
41521,3
41522,12
41523,14
41524,15
41525,1
41526,15
41527,7
41528,19
41529,1
41530,16
41531,21
41532,21
41533,21
41534,13
41535,16
41536,8
41537,11
41538,4
41539,15
41540,20
41541,3
41542,8
41543,19
41544,8
41545,20
41546,15
41547,7
41548,3
41549,18
41550,12
41551,3
41552,3
41553,10
41554,6
41555,3
41556,3
41557,3
41558,18
41559,23
41560,3
41561,9
41562,3
41563,8
41564,9
41565,23
41566,7
41567,13
41568,13
41569,19
41570,16
41571,12
41572,5
41573,7
41574,15
41575,13
41576,3
41577,13
41578,15
41579,14
41580,12
41581,8
41582,12
41583,13
41584,3
41585,8
41586,12
41587,3
41588,5
41589,11
41590,11
41591,14
41592,3
41593,14
41594,7
41595,12
41596,16
41597,1
41598,13
41599,12
41600,3
41601,3
41602,23
41603,1
41604,15
41605,13
41606,14
41607,0
41608,5
41609,2
41610,20
41611,7
41612,3
41613,7
41614,19
41615,4
41616,12
41617,3
41618,8
41619,7
41620,9
41621,3
41622,20
41623,11
41624,2
41625,0
41626,7
41627,12
41628,3
41629,1
41630,0
41631,12
41632,1
41633,7
41634,23
41635,1
41636,3
41637,16
41638,3
41639,6
41640,7
41641,2
41642,15
41643,16
41644,15
41645,10
41646,12
41647,10
41648,9
41649,11
41650,12
41651,3
41652,23
41653,11
41654,5
41655,5
41656,6
41657,5
41658,5
41659,7
41660,0
41661,9
41662,7
41663,5
41664,14
41665,12
41666,3
41667,19
41668,15
41669,16
41670,13
41671,2
41672,7
41673,8
41674,0
41675,13
41676,9
41677,11
41678,19
41679,3
41680,6
41681,7
41682,3
41683,19
41684,4
41685,23
41686,5
41687,23
41688,16
41689,13
41690,16
41691,10
41692,11
41693,8
41694,4
41695,14
41696,21
41697,7
41698,21
41699,23
41700,2
41701,12
41702,4
41703,21
41704,3
41705,2
41706,3
41707,16
41708,20
41709,20
41710,13
41711,2
41712,5
41713,11
41714,1
41715,14
41716,20
41717,8
41718,20
41719,16
41720,1
41721,14
41722,3
41723,20
41724,20
41725,3
41726,6
41727,11
41728,12
41729,14
41730,9
41731,6
41732,3
41733,7
41734,3
41735,4
41736,2
41737,10
41738,6
41739,18
41740,3
41741,18
41742,9
41743,10
41744,3
41745,20
41746,12
41747,14
41748,10
41749,7
41750,23
41751,20
41752,5
41753,8
41754,3
41755,18
41756,7
41757,2
41758,1
41759,0
41760,22
41761,4
41762,16
41763,23
41764,6
41765,20
41766,9
41767,0
41768,14
41769,12
41770,23
41771,3
41772,20
41773,5
41774,3
41775,12
41776,15
41777,4
41778,15
41779,3
41780,9
41781,16
41782,3
41783,0
41784,1
41785,3
41786,15
41787,11
41788,0
41789,10
41790,3
41791,6
41792,16
41793,6
41794,3
41795,2
41796,3
41797,14
41798,1
41799,3
41800,9
41801,0
41802,1
41803,14
41804,10
41805,16
41806,5
41807,5
41808,20
41809,17
41810,6
41811,3
41812,5
41813,15
41814,14
41815,0
41816,16
41817,4
41818,20
41819,12
41820,16
41821,23
41822,7
41823,3
41824,19
41825,3
41826,13
41827,15
41828,9
41829,6
41830,3
41831,14
41832,3
41833,3
41834,7
41835,14
41836,23
41837,13
41838,12
41839,3
41840,11
41841,8
41842,16
41843,6
41844,5
41845,12
41846,23
41847,12
41848,16
41849,3
41850,14
41851,8
41852,2
41853,1
41854,12
41855,14
41856,8
41857,5
41858,0
41859,10
41860,23
41861,3
41862,16
41863,23
41864,7
41865,7
41866,20
41867,3
41868,3
41869,15
41870,0
41871,3
41872,3
41873,2
41874,3
41875,16
41876,13
41877,3
41878,16
41879,22
41880,4
41881,3
41882,0
41883,9
41884,13
41885,16
41886,21
41887,20
41888,13
41889,15
41890,15
41891,18
41892,23
41893,4
41894,8
41895,3
41896,23
41897,9
41898,3
41899,5
41900,16
41901,21
41902,3
41903,18
41904,3
41905,20
41906,4
41907,5
41908,10
41909,3
41910,3
41911,13
41912,10
41913,15
41914,5
41915,4
41916,7
41917,6
41918,9
41919,7
41920,6
41921,6
41922,5
41923,11
41924,5
41925,12
41926,2
41927,15
41928,3
41929,7
41930,7
41931,18
41932,3
41933,11
41934,3
41935,16
41936,2
41937,14
41938,14
41939,5
41940,14
41941,16
41942,3
41943,15
41944,7
41945,10
41946,11
41947,10
41948,3
41949,3
41950,16
41951,18
41952,7
41953,0
41954,21
41955,3
41956,15
41957,11
41958,8
41959,7
41960,10
41961,3
41962,6
41963,3
41964,7
41965,20
41966,7
41967,2
41968,21
41969,16
41970,23
41971,3
41972,9
41973,12
41974,16
41975,2
41976,16
41977,7
41978,12
41979,21
41980,9
41981,8
41982,10
41983,7
41984,8
41985,14
41986,11
41987,3
41988,4
41989,13
41990,2
41991,22
41992,3
41993,7
41994,5
41995,5
41996,7
41997,3
41998,13
41999,1
42000,0
42001,17
42002,7
42003,15
42004,9
42005,1
42006,19
42007,9
42008,8
42009,14
42010,3
42011,13
42012,21
42013,3
42014,20
42015,6
42016,15
42017,3
42018,3
42019,12
42020,5
42021,7
42022,12
42023,0
42024,20
42025,8
42026,6
42027,3
42028,19
42029,11
42030,5
42031,20
42032,3
42033,7
42034,21
42035,6
42036,18
42037,7
42038,14
42039,7
42040,14
42041,4
42042,5
42043,15
42044,21
42045,16
42046,9
42047,2
42048,2
42049,19
42050,9
42051,20
42052,3
42053,4
42054,4
42055,21
42056,8
42057,11
42058,14
42059,13
42060,8
42061,7
42062,16
42063,16
42064,12
42065,3
42066,20
42067,13
42068,13
42069,14
42070,10
42071,9
42072,16
42073,9
42074,10
42075,3
42076,12
42077,12
42078,3
42079,3
42080,8
42081,6
42082,13
42083,13
42084,6
42085,20
42086,16
42087,9
42088,0
42089,3
42090,20
42091,3
42092,12
42093,0
42094,11
42095,3
42096,6
42097,13
42098,12
42099,3
42100,11
42101,13
42102,13
42103,22
42104,11
42105,13
42106,3
42107,14
42108,12
42109,3
42110,14
42111,8
42112,7
42113,3
42114,9
42115,22
42116,6
42117,16
42118,7
42119,3
42120,3
42121,20
42122,7
42123,9
42124,2
42125,23
42126,3
42127,8
42128,23
42129,9
42130,17
42131,22
42132,20
42133,8
42134,2
42135,3
42136,15
42137,21
42138,0
42139,5
42140,3
42141,4
42142,13
42143,13
42144,9
42145,13
42146,8
42147,10
42148,8
42149,18
42150,8
42151,14
42152,23
42153,5
42154,15
42155,9
42156,20
42157,11
42158,6
42159,4
42160,13
42161,19
42162,7
42163,5
42164,10
42165,4
42166,7
42167,3
42168,16
42169,6
42170,3
42171,12
42172,19
42173,12
42174,2
42175,13
42176,3
42177,13
42178,9
42179,6
42180,15
42181,3
42182,5
42183,6
42184,15
42185,3
42186,3
42187,11
42188,4
42189,12
42190,16
42191,7
42192,1
42193,21
42194,3
42195,7
42196,10
42197,21
42198,22
42199,20
42200,16
42201,3
42202,22
42203,14
42204,3
42205,9
42206,3
42207,1
42208,8
42209,16
42210,21
42211,23
42212,6
42213,6
42214,7
42215,3
42216,5
42217,2
42218,16
42219,21
42220,13
42221,16
42222,3
42223,6
42224,3
42225,1
42226,22
42227,16
42228,7
42229,12
42230,3
42231,18
42232,13
42233,22
42234,14
42235,12
42236,13
42237,20
42238,3
42239,3
42240,8
42241,3
42242,6
42243,0
42244,5
42245,3
42246,16
42247,11
42248,11
42249,15
42250,13
42251,6
42252,16
42253,2
42254,7
42255,6
42256,0
42257,4
42258,10
42259,14
42260,10
42261,23
42262,15
42263,6
42264,7
42265,11
42266,21
42267,1
42268,21
42269,8
42270,3
42271,12
42272,3
42273,19
42274,8
42275,3
42276,16
42277,0
42278,10
42279,3
42280,1
42281,6
42282,5
42283,3
42284,19
42285,12
42286,9
42287,3
42288,23
42289,5
42290,13
42291,3
42292,12
42293,14
42294,23
42295,23
42296,3
42297,5
42298,16
42299,14
42300,20
42301,7
42302,15
42303,14
42304,22
42305,3
42306,15
42307,3
42308,6
42309,1
42310,13
42311,1
42312,16
42313,7
42314,3
42315,1
42316,0
42317,3
42318,10
42319,15
42320,19
42321,6
42322,15
42323,2
42324,21
42325,1
42326,9
42327,16
42328,7
42329,13
42330,3
42331,12
42332,7
42333,1
42334,8
42335,4
42336,4
42337,17
42338,16
42339,3
42340,2
42341,12
42342,10
42343,11
42344,4
42345,11
42346,3
42347,13
42348,23
42349,11
42350,21
42351,23
42352,13
42353,16
42354,2
42355,0
42356,0
42357,5
42358,16
42359,13
42360,3
42361,3
42362,2
42363,5
42364,21
42365,16
42366,4
42367,5
42368,16
42369,5
42370,4
42371,16
42372,9
42373,5
42374,3
42375,7
42376,18
42377,4
42378,12
42379,6
42380,12
42381,16
42382,12
42383,3
42384,3
42385,11
42386,20
42387,5
42388,21
42389,11
42390,23
42391,18
42392,3
42393,2
42394,9
42395,8
42396,8
42397,0
42398,16
42399,7
42400,4
42401,7
42402,7
42403,13
42404,7
42405,12
42406,21
42407,3
42408,20
42409,23
42410,19
42411,6
42412,23
42413,8
42414,23
42415,0
42416,8
42417,5
42418,11
42419,3
42420,3
42421,4
42422,16
42423,21
42424,14
42425,3
42426,16
42427,3
42428,12
42429,4
42430,21
42431,3
42432,10
42433,3
42434,17
42435,7
42436,7
42437,1
42438,10
42439,11
42440,11
42441,20
42442,11
42443,3
42444,7
42445,1
42446,16
42447,5
42448,13
42449,14
42450,2
42451,20
42452,12
42453,23
42454,18
42455,4
42456,10
42457,12
42458,12
42459,10
42460,3
42461,0
42462,7
42463,11
42464,23
42465,3
42466,2
42467,7
42468,3
42469,15
42470,19
42471,6
42472,12
42473,13
42474,7
42475,1
42476,13
42477,2
42478,3
42479,3
42480,3
42481,3
42482,9
42483,21
42484,3
42485,3
42486,8
42487,18
42488,15
42489,15
42490,12
42491,5
42492,5
42493,16
42494,3
42495,11
42496,16
42497,8
42498,1
42499,3
42500,10
42501,7
42502,7
42503,3
42504,5
42505,23
42506,10
42507,3
42508,6
42509,16
42510,20
42511,7
42512,0
42513,3
42514,12
42515,3
42516,3
42517,23
42518,7
42519,15
42520,13
42521,11
42522,16
42523,1
42524,12
42525,12
42526,6
42527,5
42528,3
42529,4
42530,7
42531,11
42532,4
42533,10
42534,21
42535,20
42536,13
42537,3
42538,7
42539,18
42540,3
42541,18
42542,11
42543,2
42544,7
42545,3
42546,11
42547,3
42548,5
42549,16
42550,2
42551,5
42552,11
42553,12
42554,3
42555,3
42556,15
42557,11
42558,12
42559,1
42560,14
42561,13
42562,14
42563,15
42564,21
42565,3
42566,22
42567,3
42568,6
42569,9
42570,20
42571,6
42572,21
42573,20
42574,19
42575,23
42576,9
42577,3
42578,5
42579,0
42580,3
42581,6
42582,3
42583,1
42584,13
42585,3
42586,10
42587,8
42588,4
42589,3
42590,15
42591,5
42592,15
42593,15
42594,2
42595,0
42596,0
42597,7
42598,14
42599,0
42600,0
42601,7
42602,5
42603,15
42604,6
42605,20
42606,17
42607,18
42608,14
42609,19
42610,13
42611,23
42612,4
42613,4
42614,16
42615,21
42616,16
42617,0
42618,7
42619,15
42620,3
42621,6
42622,20
42623,11
42624,3
42625,9
42626,10
42627,14
42628,7
42629,3
42630,15
42631,23
42632,11
42633,15
42634,13
42635,18
42636,12
42637,19
42638,21
42639,5
42640,14
42641,5
42642,15
42643,14
42644,11
42645,16
42646,17
42647,6
42648,3
42649,23
42650,15
42651,16
42652,18
42653,11
42654,2
42655,23
42656,12
42657,10
42658,15
42659,5
42660,15
42661,16
42662,5
42663,0
42664,5
42665,9
42666,16
42667,13
42668,3
42669,13
42670,12
42671,16
42672,8
42673,8
42674,7
42675,13
42676,13
42677,5
42678,17
42679,12
42680,12
42681,3
42682,17
42683,11
42684,23
42685,14
42686,3
42687,14
42688,11
42689,12
42690,5
42691,15
42692,15
42693,7
42694,10
42695,7
42696,14
42697,6
42698,7
42699,11
42700,16
42701,12
42702,7
42703,10
42704,3
42705,6
42706,13
42707,14
42708,0
42709,5
42710,6
42711,4
42712,3
42713,15
42714,0
42715,1
42716,21
42717,2
42718,17
42719,2
42720,1
42721,9
42722,13
42723,7
42724,10
42725,11
42726,16
42727,3
42728,13
42729,23
42730,2
42731,3
42732,3
42733,15
42734,3
42735,14
42736,21
42737,23
42738,4
42739,3
42740,11
42741,3
42742,9
42743,11
42744,13
42745,2
42746,16
42747,21
42748,23
42749,7
42750,14
42751,12
42752,8
42753,13
42754,3
42755,16
42756,20
42757,4
42758,15
42759,3
42760,3
42761,16
42762,3
42763,3
42764,6
42765,23
42766,6
42767,5
42768,9
42769,16
42770,10
42771,13
42772,5
42773,13
42774,8
42775,10
42776,3
42777,2
42778,17
42779,3
42780,6
42781,5
42782,9
42783,14
42784,3
42785,21
42786,3
42787,18
42788,6
42789,14
42790,12
42791,13
42792,16
42793,3
42794,20
42795,0
42796,19
42797,10
42798,1
42799,12
42800,6
42801,14
42802,0
42803,16
42804,4
42805,18
42806,14
42807,9
42808,0
42809,3
42810,20
42811,14
42812,5
42813,7
42814,3
42815,3
42816,0
42817,0
42818,3
42819,13
42820,3
42821,21
42822,0
42823,10
42824,21
42825,16
42826,6
42827,12
42828,3
42829,3
42830,12
42831,2
42832,6
42833,6
42834,0
42835,14
42836,13
42837,4
42838,14
42839,23
42840,16
42841,20
42842,14
42843,16
42844,3
42845,12
42846,20
42847,14
42848,18
42849,13
42850,20
42851,4
42852,2
42853,15
42854,11
42855,3
42856,21
42857,6
42858,3
42859,6
42860,12
42861,7
42862,6
42863,9
42864,15
42865,16
42866,0
42867,6
42868,10
42869,7
42870,3
42871,13
42872,3
42873,16
42874,23
42875,11
42876,3
42877,16
42878,9
42879,16
42880,3
42881,4
42882,12
42883,23
42884,4
42885,16
42886,10
42887,16
42888,2
42889,1
42890,6
42891,9
42892,8
42893,6
42894,3
42895,3
42896,0
42897,18
42898,3
42899,4
42900,3
42901,16
42902,20
42903,23
42904,8
42905,7
42906,1
42907,23
42908,19
42909,0
42910,0
42911,0
42912,1
42913,4
42914,4
42915,9
42916,5
42917,21
42918,3
42919,13
42920,23
42921,9
42922,10
42923,13
42924,3
42925,14
42926,3
42927,5
42928,0
42929,3
42930,1
42931,16
42932,6
42933,3
42934,7
42935,10
42936,5
42937,15
42938,12
42939,3
42940,8
42941,8
42942,12
42943,12
42944,5
42945,13
42946,0
42947,7
42948,18
42949,4
42950,5
42951,9
42952,2
42953,3
42954,4
42955,7
42956,5
42957,9
42958,5
42959,10
42960,20
42961,8
42962,13
42963,6
42964,16
42965,10
42966,11
42967,0
42968,3
42969,12
42970,23
42971,18
42972,3
42973,2
42974,6
42975,14
42976,16
42977,4
42978,5
42979,3
42980,14
42981,8
42982,16
42983,6
42984,3
42985,16
42986,7
42987,12
42988,13
42989,6
42990,3
42991,17
42992,14
42993,15
42994,7
42995,5
42996,18
42997,8
42998,18
42999,6
43000,7
43001,6
43002,3
43003,14
43004,21
43005,8
43006,7
43007,23
43008,6
43009,16
43010,10
43011,21
43012,5
43013,16
43014,23
43015,12
43016,7
43017,16
43018,1
43019,3
43020,15
43021,3
43022,11
43023,4
43024,5
43025,3
43026,15
43027,22
43028,9
43029,1
43030,3
43031,2
43032,14
43033,7
43034,13
43035,12
43036,3
43037,14
43038,3
43039,0
43040,13
43041,16
43042,13
43043,3
43044,11
43045,21
43046,16
43047,6
43048,8
43049,23
43050,10
43051,16
43052,9
43053,13
43054,6
43055,3
43056,15
43057,8
43058,11
43059,9
43060,18
43061,10
43062,13
43063,11
43064,8
43065,13
43066,20
43067,6
43068,15
43069,12
43070,4
43071,3
43072,21
43073,9
43074,3
43075,15
43076,12
43077,11
43078,13
43079,8
43080,23
43081,18
43082,5
43083,23
43084,21
43085,3
43086,3
43087,16
43088,8
43089,7
43090,14
43091,3
43092,15
43093,15
43094,13
43095,4
43096,13
43097,3
43098,16
43099,13
43100,2
43101,23
43102,11
43103,2
43104,9
43105,3
43106,12
43107,0
43108,3
43109,14
43110,22
43111,16
43112,12
43113,20
43114,5
43115,23
43116,18
43117,3
43118,21
43119,0
43120,16
43121,19
43122,5
43123,12
43124,10
43125,12
43126,16
43127,13
43128,2
43129,3
43130,13
43131,11
43132,1
43133,6
43134,16
43135,12
43136,14
43137,13
43138,0
43139,8
43140,12
43141,6
43142,16
43143,10
43144,16
43145,18
43146,15
43147,21
43148,20
43149,9
43150,0
43151,3
43152,7
43153,13
43154,6
43155,16
43156,16
43157,7
43158,4
43159,9
43160,3
43161,4
43162,20
43163,3
43164,3
43165,10
43166,15
43167,13
43168,5
43169,3
43170,16
43171,4
43172,10
43173,16
43174,1
43175,5
43176,12
43177,15
43178,6
43179,3
43180,14
43181,23
43182,16
43183,20
43184,3
43185,3
43186,13
43187,15
43188,3
43189,7
43190,16
43191,6
43192,10
43193,16
43194,8
43195,12
43196,16
43197,8
43198,5
43199,3
43200,15
43201,11
43202,20
43203,14
43204,10
43205,2
43206,11
43207,7
43208,9
43209,19
43210,0
43211,3
43212,6
43213,22
43214,4
43215,6
43216,9
43217,3
43218,3
43219,3
43220,12
43221,15
43222,20
43223,3
43224,15
43225,8
43226,3
43227,8
43228,9
43229,5
43230,0
43231,10
43232,12
43233,21
43234,7
43235,8
43236,16
43237,8
43238,3
43239,8
43240,5
43241,5
43242,16
43243,21
43244,3
43245,4
43246,8
43247,6
43248,1
43249,6
43250,11
43251,7
43252,20
43253,15
43254,6
43255,16
43256,7
43257,3
43258,8
43259,3
43260,6
43261,7
43262,12
43263,23
43264,23
43265,20
43266,3
43267,3
43268,14
43269,3
43270,3
43271,6
43272,3
43273,6
43274,4
43275,3
43276,3
43277,0
43278,12
43279,12
43280,2
43281,3
43282,3
43283,16
43284,1
43285,3
43286,6
43287,5
43288,7
43289,3
43290,23
43291,18
43292,23
43293,1
43294,1
43295,12
43296,11
43297,8
43298,6
43299,3
43300,19
43301,8
43302,4
43303,23
43304,16
43305,10
43306,20
43307,21
43308,3
43309,9
43310,7
43311,4
43312,9
43313,12
43314,12
43315,16
43316,3
43317,18
43318,5
43319,12
43320,1
43321,15
43322,16
43323,7
43324,2
43325,3
43326,10
43327,3
43328,12
43329,10
43330,16
43331,8
43332,15
43333,16
43334,11
43335,12
43336,14
43337,3
43338,12
43339,16
43340,3
43341,8
43342,22
43343,11
43344,11
43345,16
43346,7
43347,2
43348,14
43349,3
43350,19
43351,7
43352,11
43353,11
43354,3
43355,12
43356,15
43357,11
43358,0
43359,0
43360,16
43361,0
43362,11
43363,3
43364,7
43365,0
43366,0
43367,15
43368,5
43369,14
43370,3
43371,15
43372,3
43373,13
43374,3
43375,16
43376,12
43377,19
43378,16
43379,12
43380,8
43381,9
43382,23
43383,23
43384,11
43385,10
43386,2
43387,6
43388,5
43389,3
43390,16
43391,3
43392,3
43393,3
43394,19
43395,0
43396,6
43397,16
43398,13
43399,16
43400,19
43401,0
43402,11
43403,15
43404,4
43405,3
43406,3
43407,1
43408,14
43409,13
43410,1
43411,8
43412,3
43413,23
43414,16
43415,2
43416,13
43417,7
43418,23
43419,3
43420,0
43421,7
43422,13
43423,16
43424,15
43425,20
43426,2
43427,20
43428,4
43429,12
43430,1
43431,12
43432,2
43433,23
43434,3
43435,6
43436,9
43437,12
43438,6
43439,3
43440,23
43441,3
43442,13
43443,16
43444,7
43445,15
43446,15
43447,3
43448,10
43449,7
43450,2
43451,8
43452,21
43453,3
43454,7
43455,19
43456,16
43457,7
43458,7
43459,8
43460,0
43461,23
43462,2
43463,18
43464,8
43465,12
43466,6
43467,5
43468,7
43469,6
43470,5
43471,5
43472,3
43473,1
43474,18
43475,2
43476,16
43477,7
43478,13
43479,3
43480,22
43481,0
43482,13
43483,1
43484,3
43485,0
43486,3
43487,4
43488,16
43489,12
43490,9
43491,15
43492,15
43493,18
43494,0
43495,12
43496,13
43497,5
43498,5
43499,16
43500,5
43501,20
43502,6
43503,14
43504,3
43505,9
43506,5
43507,7
43508,0
43509,21
43510,8
43511,13
43512,5
43513,16
43514,12
43515,2
43516,1
43517,16
43518,3
43519,6
43520,7
43521,23
43522,3
43523,16
43524,3
43525,3
43526,9
43527,1
43528,19
43529,18
43530,5
43531,4
43532,7
43533,0
43534,14
43535,2
43536,6
43537,4
43538,2
43539,20
43540,18
43541,3
43542,16
43543,17
43544,14
43545,0
43546,3
43547,11
43548,20
43549,16
43550,9
43551,9
43552,3
43553,7
43554,20
43555,20
43556,14
43557,3
43558,23
43559,12
43560,3
43561,3
43562,14
43563,11
43564,11
43565,12
43566,6
43567,8
43568,3
43569,12
43570,3
43571,12
43572,16
43573,12
43574,15
43575,14
43576,6
43577,3
43578,18
43579,23
43580,19
43581,4
43582,1
43583,14
43584,16
43585,19
43586,14
43587,5
43588,16
43589,7
43590,3
43591,3
43592,3
43593,5
43594,5
43595,3
43596,13
43597,23
43598,16
43599,10
43600,7
43601,12
43602,12
43603,5
43604,13
43605,18
43606,12
43607,23
43608,20
43609,20
43610,13
43611,3
43612,8
43613,16
43614,12
43615,12
43616,18
43617,13
43618,3
43619,13
43620,0
43621,21
43622,5
43623,8
43624,7
43625,16
43626,3
43627,11
43628,3
43629,8
43630,1
43631,1
43632,3
43633,18
43634,13
43635,3
43636,14
43637,1
43638,10
43639,7
43640,7
43641,13
43642,16
43643,13
43644,4
43645,0
43646,12
43647,13
43648,20
43649,13
43650,9
43651,16
43652,2
43653,1
43654,20
43655,16
43656,8
43657,13
43658,10
43659,4
43660,3
43661,5
43662,23
43663,12
43664,1
43665,18
43666,17
43667,16
43668,14
43669,8
43670,18
43671,11
43672,16
43673,12
43674,12
43675,10
43676,13
43677,5
43678,10
43679,4
43680,13
43681,20
43682,21
43683,10
43684,3
43685,21
43686,3
43687,5
43688,3
43689,19
43690,3
43691,21
43692,23
43693,3
43694,14
43695,3
43696,10
43697,7
43698,3
43699,9
43700,20
43701,4
43702,0
43703,23
43704,3
43705,3
43706,3
43707,3
43708,5
43709,18
43710,3
43711,13
43712,13
43713,3
43714,12
43715,12
43716,20
43717,5
43718,20
43719,3
43720,20
43721,5
43722,21
43723,12
43724,16
43725,0
43726,0
43727,21
43728,14
43729,5
43730,3
43731,1
43732,23
43733,7
43734,3
43735,7
43736,15
43737,13
43738,18
43739,5
43740,8
43741,16
43742,10
43743,1
43744,23
43745,9
43746,6
43747,3
43748,9
43749,3
43750,12
43751,21
43752,3
43753,12
43754,9
43755,2
43756,16
43757,8
43758,2
43759,19
43760,5
43761,7
43762,16
43763,3
43764,6
43765,1
43766,10
43767,13
43768,12
43769,16
43770,3
43771,8
43772,13
43773,21
43774,20
43775,12
43776,22
43777,14
43778,5
43779,3
43780,5
43781,3
43782,10
43783,3
43784,19
43785,8
43786,13
43787,20
43788,15
43789,9
43790,12
43791,12
43792,12
43793,13
43794,0
43795,10
43796,15
43797,16
43798,1
43799,1
43800,13
43801,10
43802,9
43803,8
43804,8
43805,10
43806,8
43807,17
43808,3
43809,15
43810,1
43811,3
43812,6
43813,13
43814,14
43815,3
43816,5
43817,16
43818,3
43819,0
43820,12
43821,9
43822,7
43823,4
43824,16
43825,20
43826,16
43827,7
43828,12
43829,5
43830,3
43831,12
43832,23
43833,10
43834,12
43835,8
43836,21
43837,10
43838,1
43839,13
43840,13
43841,18
43842,11
43843,16
43844,5
43845,1
43846,21
43847,8
43848,20
43849,15
43850,23
43851,6
43852,3
43853,2
43854,15
43855,5
43856,16
43857,16
43858,8
43859,3
43860,22
43861,11
43862,14
43863,21
43864,15
43865,6
43866,13
43867,3
43868,18
43869,11
43870,7
43871,14
43872,13
43873,2
43874,9
43875,14
43876,2
43877,3
43878,3
43879,16
43880,4
43881,21
43882,3
43883,7
43884,1
43885,20
43886,7
43887,21
43888,18
43889,3
43890,6
43891,3
43892,10
43893,16
43894,7
43895,11
43896,16
43897,10
43898,16
43899,7
43900,9
43901,3
43902,20
43903,13
43904,12
43905,5
43906,3
43907,7
43908,15
43909,4
43910,2
43911,13
43912,3
43913,15
43914,21
43915,1
43916,20
43917,1
43918,13
43919,3
43920,12
43921,1
43922,10
43923,23
43924,3
43925,3
43926,3
43927,20
43928,22
43929,10
43930,3
43931,6
43932,3
43933,21
43934,23
43935,16
43936,16
43937,5
43938,0
43939,13
43940,21
43941,6
43942,1
43943,1
43944,14
43945,20
43946,11
43947,16
43948,16
43949,3
43950,1
43951,7
43952,12
43953,5
43954,7
43955,3
43956,9
43957,15
43958,8
43959,3
43960,13
43961,6
43962,6
43963,3
43964,7
43965,13
43966,12
43967,12
43968,7
43969,3
43970,12
43971,3
43972,3
43973,18
43974,5
43975,10
43976,4
43977,0
43978,9
43979,18
43980,3
43981,3
43982,3
43983,15
43984,23
43985,3
43986,8
43987,2
43988,23
43989,3
43990,17
43991,2
43992,16
43993,3
43994,5
43995,3
43996,0
43997,12
43998,10
43999,9
44000,15
44001,12
44002,6
44003,14
44004,0
44005,13
44006,18
44007,16
44008,12
44009,21
44010,7
44011,3
44012,1
44013,6
44014,2
44015,3
44016,12
44017,20
44018,20
44019,3
44020,8
44021,16
44022,0
44023,9
44024,8
44025,12
44026,14
44027,19
44028,19
44029,5
44030,12
44031,5
44032,8
44033,0
44034,12
44035,11
44036,8
44037,6
44038,14
44039,18
44040,9
44041,3
44042,20
44043,16
44044,3
44045,4
44046,2
44047,5
44048,3
44049,16
44050,6
44051,13
44052,13
44053,13
44054,12
44055,14
44056,12
44057,3
44058,3
44059,3
44060,3
44061,5
44062,20
44063,18
44064,2
44065,13
44066,3
44067,13
44068,16
44069,2
44070,3
44071,11
44072,16
44073,3
44074,7
44075,12
44076,4
44077,20
44078,19
44079,16
44080,14
44081,3
44082,6
44083,12
44084,11
44085,16
44086,12
44087,14
44088,7
44089,2
44090,6
44091,15
44092,3
44093,8
44094,3
44095,16
44096,18
44097,13
44098,10
44099,6
44100,18
44101,0
44102,4
44103,3
44104,23
44105,14
44106,3
44107,3
44108,14
44109,3
44110,3
44111,8
44112,3
44113,3
44114,13
44115,0
44116,4
44117,5
44118,9
44119,15
44120,15
44121,7
44122,3
44123,3
44124,1
44125,5
44126,7
44127,14
44128,15
44129,9
44130,19
44131,3
44132,4
44133,3
44134,23
44135,8
44136,2
44137,13
44138,3
44139,4
44140,12
44141,3
44142,20
44143,23
44144,11
44145,15
44146,13
44147,15
44148,1
44149,11
44150,4
44151,15
44152,11
44153,3
44154,3
44155,18
44156,5
44157,8
44158,12
44159,3
44160,20
44161,13
44162,7
44163,11
44164,18
44165,5
44166,14
44167,20
44168,4
44169,10
44170,3
44171,16
44172,3
44173,12
44174,1
44175,16
44176,3
44177,6
44178,7
44179,5
44180,12
44181,5
44182,1
44183,13
44184,15
44185,5
44186,10
44187,15
44188,16
44189,6
44190,3
44191,16
44192,19
44193,16
44194,3
44195,0
44196,0
44197,1
44198,23
44199,3
44200,5
44201,3
44202,9
44203,3
44204,6
44205,16
44206,4
44207,20
44208,7
44209,3
44210,11
44211,13
44212,18
44213,14
44214,5
44215,0
44216,19
44217,1
44218,16
44219,16
44220,4
44221,16
44222,16
44223,8
44224,13
44225,3
44226,5
44227,4
44228,3
44229,20
44230,0
44231,16
44232,12
44233,2
44234,16
44235,5
44236,21
44237,16
44238,15
44239,13
44240,16
44241,8
44242,3
44243,2
44244,3
44245,6
44246,16
44247,20
44248,2
44249,3
44250,1
44251,6
44252,3
44253,13
44254,21
44255,7
44256,11
44257,9
44258,5
44259,8
44260,3
44261,3
44262,4
44263,15
44264,12
44265,7
44266,6
44267,2
44268,21
44269,3
44270,3
44271,3
44272,0
44273,6
44274,0
44275,3
44276,3
44277,3
44278,8
44279,6
44280,7
44281,6
44282,1
44283,14
44284,3
44285,3
44286,23
44287,12
44288,13
44289,23
44290,4
44291,1
44292,6
44293,7
44294,20
44295,16
44296,19
44297,3
44298,12
44299,7
44300,3
44301,2
44302,11
44303,2
44304,16
44305,5
44306,0
44307,21
44308,19
44309,5
44310,13
44311,3
44312,19
44313,15
44314,5
44315,13
44316,12
44317,3
44318,11
44319,8
44320,0
44321,18
44322,14
44323,12
44324,14
44325,15
44326,8
44327,10
44328,3
44329,3
44330,16
44331,8
44332,16
44333,9
44334,18
44335,10
44336,21
44337,7
44338,0
44339,4
44340,10
44341,6
44342,20
44343,10
44344,4
44345,1
44346,23
44347,3
44348,3
44349,14
44350,6
44351,8
44352,14
44353,6
44354,10
44355,1
44356,18
44357,16
44358,22
44359,2
44360,0
44361,11
44362,1
44363,1
44364,11
44365,18
44366,9
44367,12
44368,12
44369,18
44370,3
44371,7
44372,3
44373,1
44374,3
44375,16
44376,23
44377,1
44378,14
44379,13
44380,1
44381,3
44382,16
44383,22
44384,3
44385,14
44386,7
44387,14
44388,12
44389,16
44390,11
44391,16
44392,6
44393,16
44394,4
44395,3
44396,20
44397,16
44398,23
44399,12
44400,11
44401,16
44402,15
44403,8
44404,16
44405,11
44406,8
44407,13
44408,19
44409,15
44410,3
44411,3
44412,7
44413,3
44414,6
44415,14
44416,3
44417,13
44418,7
44419,3
44420,15
44421,5
44422,5
44423,3
44424,3
44425,9
44426,12
44427,21
44428,9
44429,14
44430,3
44431,12
44432,0
44433,13
44434,6
44435,0
44436,8
44437,14
44438,8
44439,3
44440,23
44441,15
44442,3
44443,5
44444,1
44445,2
44446,7
44447,11
44448,15
44449,5
44450,14
44451,4
44452,13
44453,0
44454,0
44455,3
44456,10
44457,14
44458,10
44459,13
44460,7
44461,3
44462,16
44463,6
44464,3
44465,16
44466,11
44467,13
44468,3
44469,12
44470,3
44471,0
44472,4
44473,3
44474,18
44475,11
44476,16
44477,2
44478,3
44479,2
44480,13
44481,2
44482,23
44483,5
44484,23
44485,2
44486,0
44487,15
44488,3
44489,1
44490,6
44491,9
44492,12
44493,16
44494,16
44495,3
44496,7
44497,8
44498,21
44499,3
44500,3
44501,16
44502,8
44503,16
44504,10
44505,3
44506,3
44507,12
44508,4
44509,16
44510,21
44511,3
44512,9
44513,5
44514,19
44515,7
44516,8
44517,8
44518,5
44519,20
44520,10
44521,15
44522,13
44523,2
44524,11
44525,3
44526,3
44527,1
44528,20
44529,21
44530,16
44531,23
44532,3
44533,15
44534,6
44535,2
44536,5
44537,20
44538,3
44539,3
44540,23
44541,7
44542,0
44543,22
44544,9
44545,15
44546,11
44547,13
44548,19
44549,8
44550,1
44551,1
44552,15
44553,20
44554,14
44555,11
44556,15
44557,3
44558,18
44559,6
44560,13
44561,22
44562,16
44563,11
44564,8
44565,16
44566,3
44567,12
44568,3
44569,11
44570,8
44571,12
44572,3
44573,14
44574,3
44575,23
44576,3
44577,10
44578,20
44579,23
44580,11
44581,4
44582,5
44583,16
44584,12
44585,1
44586,15
44587,3
44588,12
44589,12
44590,19
44591,11
44592,15
44593,14
44594,15
44595,22
44596,3
44597,13
44598,3
44599,19
44600,0
44601,12
44602,8
44603,7
44604,3
44605,5
44606,9
44607,15
44608,19
44609,7
44610,10
44611,13
44612,0
44613,10
44614,7
44615,4
44616,20
44617,7
44618,23
44619,16
44620,12
44621,3
44622,1
44623,11
44624,10
44625,3
44626,15
44627,3
44628,20
44629,21
44630,12
44631,13
44632,8
44633,3
44634,5
44635,15
44636,10
44637,3
44638,8
44639,4
44640,11
44641,8
44642,7
44643,7
44644,1
44645,3
44646,13
44647,2
44648,19
44649,17
44650,10
44651,3
44652,3
44653,12
44654,15
44655,2
44656,1
44657,3
44658,11
44659,3
44660,3
44661,4
44662,12
44663,2
44664,5
44665,3
44666,16
44667,15
44668,15
44669,1
44670,8
44671,16
44672,5
44673,16
44674,16
44675,3
44676,14
44677,1
44678,6
44679,10
44680,9
44681,19
44682,23
44683,12
44684,2
44685,2
44686,19
44687,0
44688,16
44689,3
44690,3
44691,23
44692,14
44693,4
44694,13
44695,11
44696,20
44697,2
44698,7
44699,3
44700,4
44701,7
44702,6
44703,16
44704,1
44705,9
44706,13
44707,14
44708,13
44709,7
44710,1
44711,13
44712,14
44713,8
44714,20
44715,13
44716,20
44717,2
44718,8
44719,16
44720,3
44721,3
44722,8
44723,5
44724,4
44725,23
44726,13
44727,5
44728,13
44729,6
44730,15
44731,10
44732,14
44733,10
44734,14
44735,7
44736,8
44737,8
44738,12
44739,0
44740,5
44741,1
44742,16
44743,3
44744,16
44745,5
44746,13
44747,1
44748,11
44749,10
44750,21
44751,3
44752,5
44753,0
44754,18
44755,18
44756,13
44757,6
44758,3
44759,16
44760,2
44761,3
44762,5
44763,23
44764,12
44765,18
44766,9
44767,13
44768,8
44769,3
44770,5
44771,0
44772,5
44773,23
44774,2
44775,13
44776,19
44777,20
44778,23
44779,9
44780,9
44781,2
44782,13
44783,16
44784,3
44785,4
44786,23
44787,9
44788,13
44789,16
44790,8
44791,9
44792,21
44793,16
44794,13
44795,3
44796,12
44797,7
44798,2
44799,14
44800,5
44801,15
44802,3
44803,7
44804,14
44805,20
44806,0
44807,12
44808,10
44809,11
44810,13
44811,6
44812,3
44813,8
44814,8
44815,20
44816,3
44817,1
44818,6
44819,6
44820,14
44821,12
44822,9
44823,6
44824,3
44825,9
44826,2
44827,11
44828,7
44829,3
44830,12
44831,5
44832,16
44833,6
44834,11
44835,7
44836,23
44837,3
44838,3
44839,23
44840,13
44841,16
44842,8
44843,20
44844,18
44845,3
44846,19
44847,12
44848,3
44849,7
44850,23
44851,10
44852,16
44853,2
44854,23
44855,8
44856,16
44857,8
44858,9
44859,8
44860,16
44861,4
44862,10
44863,1
44864,7
44865,3
44866,7
44867,3
44868,7
44869,23
44870,11
44871,6
44872,6
44873,23
44874,15
44875,19
44876,3
44877,7
44878,12
44879,3
44880,10
44881,16
44882,3
44883,10
44884,3
44885,13
44886,3
44887,8
44888,23
44889,16
44890,3
44891,5
44892,10
44893,23
44894,10
44895,15
44896,16
44897,4
44898,2
44899,10
44900,15
44901,20
44902,8
44903,15
44904,9
44905,7
44906,16
44907,13
44908,0
44909,3
44910,9
44911,8
44912,12
44913,7
44914,13
44915,23
44916,4
44917,20
44918,23
44919,13
44920,3
44921,15
44922,6
44923,3
44924,2
44925,11
44926,9
44927,5
44928,13
44929,14
44930,12
44931,3
44932,3
44933,8
44934,21
44935,5
44936,13
44937,5
44938,5
44939,3
44940,7
44941,6
44942,23
44943,12
44944,0
44945,6
44946,15
44947,23
44948,3
44949,0
44950,5
44951,3
44952,15
44953,13
44954,3
44955,15
44956,10
44957,16
44958,13
44959,6
44960,3
44961,9
44962,12
44963,5
44964,7
44965,18
44966,16
44967,2
44968,4
44969,5
44970,7
44971,3
44972,7
44973,10
44974,5
44975,15
44976,16
44977,5
44978,14
44979,16
44980,3
44981,8
44982,6
44983,5
44984,0
44985,3
44986,12
44987,21
44988,16
44989,3
44990,3
44991,1
44992,21
44993,20
44994,16
44995,4
44996,14
44997,10
44998,7
44999,2
45000,8
45001,8
45002,11
45003,23
45004,7
45005,23
45006,23
45007,9
45008,11
45009,0
45010,8
45011,16
45012,11
45013,1
45014,16
45015,16
45016,4
45017,1
45018,21
45019,3
45020,5
45021,5
45022,16
45023,14
45024,3
45025,18
45026,1
45027,2
45028,23
45029,6
45030,5
45031,1
45032,8
45033,16
45034,2
45035,8
45036,13
45037,5
45038,3
45039,6
45040,15
45041,16
45042,23
45043,8
45044,9
45045,12
45046,7
45047,20
45048,15
45049,11
45050,9
45051,13
45052,4
45053,3
45054,5
45055,16
45056,10
45057,6
45058,7
45059,3
45060,7
45061,3
45062,18
45063,20
45064,9
45065,18
45066,20
45067,5
45068,3
45069,10
45070,3
45071,0
45072,13
45073,3
45074,3
45075,20
45076,18
45077,3
45078,3
45079,7
45080,15
45081,3
45082,3
45083,5
45084,21
45085,9
45086,22
45087,3
45088,18
45089,8
45090,6
45091,23
45092,3
45093,1
45094,20
45095,20
45096,11
45097,20
45098,13
45099,7
45100,13
45101,12
45102,3
45103,2
45104,1
45105,12
45106,1
45107,23
45108,15
45109,6
45110,18
45111,3
45112,3
45113,23
45114,3
45115,0
45116,9
45117,5
45118,1
45119,9
45120,13
45121,6
45122,16
45123,21
45124,7
45125,7
45126,15
45127,0
45128,8
45129,10
45130,3
45131,7
45132,21
45133,16
45134,16
45135,1
45136,12
45137,3
45138,10
45139,12
45140,3
45141,1
45142,14
45143,12
45144,8
45145,3
45146,10
45147,6
45148,5
45149,11
45150,3
45151,5
45152,10
45153,3
45154,4
45155,3
45156,20
45157,3
45158,6
45159,3
45160,5
45161,0
45162,3
45163,3
45164,15
45165,7
45166,15
45167,12
45168,12
45169,14
45170,15
45171,8
45172,10
45173,9
45174,12
45175,1
45176,21
45177,12
45178,0
45179,7
45180,1
45181,7
45182,11
45183,11
45184,18
45185,3
45186,6
45187,13
45188,12
45189,23
45190,3
45191,8
45192,20
45193,5
45194,12
45195,3
45196,18
45197,23
45198,16
45199,12
45200,9
45201,14
45202,2
45203,20
45204,6
45205,0
45206,18
45207,4
45208,5
45209,16
45210,16
45211,6
45212,18
45213,14
45214,20
45215,9
45216,3
45217,3
45218,7
45219,5
45220,5
45221,8
45222,3
45223,6
45224,13
45225,14
45226,12
45227,6
45228,3
45229,12
45230,16
45231,14
45232,8
45233,15
45234,14
45235,0
45236,5
45237,14
45238,14
45239,2
45240,3
45241,11
45242,3
45243,19
45244,5
45245,5
45246,21
45247,18
45248,8
45249,13
45250,8
45251,16
45252,6
45253,9
45254,9
45255,3
45256,21
45257,12
45258,1
45259,12
45260,13
45261,8
45262,7
45263,16
45264,23
45265,3
45266,1
45267,16
45268,2
45269,16
45270,15
45271,5
45272,9
45273,7
45274,3
45275,3
45276,19
45277,18
45278,3
45279,8
45280,1
45281,6
45282,9
45283,0
45284,8
45285,3
45286,16
45287,3
45288,3
45289,6
45290,16
45291,3
45292,14
45293,9
45294,14
45295,3
45296,7
45297,14
45298,7
45299,3
45300,16
45301,6
45302,0
45303,15
45304,4
45305,15
45306,11
45307,3
45308,7
45309,7
45310,18
45311,3
45312,13
45313,14
45314,2
45315,7
45316,18
45317,5
45318,11
45319,13
45320,21
45321,7
45322,18
45323,12
45324,12
45325,5
45326,23
45327,13
45328,16
45329,16
45330,10
45331,13
45332,11
45333,14
45334,3
45335,23
45336,12
45337,12
45338,5
45339,3
45340,11
45341,15
45342,3
45343,12
45344,16
45345,3
45346,3
45347,3
45348,5
45349,19
45350,15
45351,12
45352,21
45353,20
45354,21
45355,3
45356,5
45357,15
45358,12
45359,19
45360,6
45361,7
45362,1
45363,3
45364,3
45365,8
45366,14
45367,14
45368,3
45369,0
45370,13
45371,7
45372,1
45373,3
45374,23
45375,7
45376,16
45377,16
45378,15
45379,1
45380,2
45381,13
45382,3
45383,23
45384,3
45385,3
45386,1
45387,3
45388,21
45389,3
45390,8
45391,6
45392,3
45393,2
45394,7
45395,13
45396,8
45397,3
45398,1
45399,15
45400,3
45401,1
45402,12
45403,16
45404,16
45405,6
45406,5
45407,8
45408,3
45409,2
45410,21
45411,13
45412,12
45413,12
45414,14
45415,3
45416,18
45417,8
45418,6
45419,11
45420,3
45421,17
45422,7
45423,8
45424,8
45425,10
45426,9
45427,3
45428,13
45429,7
45430,16
45431,1
45432,20
45433,11
45434,21
45435,5
45436,5
45437,13
45438,8
45439,0
45440,3
45441,3
45442,13
45443,10
45444,19
45445,12
45446,3
45447,1
45448,8
45449,16
45450,23
45451,8
45452,3
45453,21
45454,7
45455,16
45456,18
45457,20
45458,13
45459,5
45460,4
45461,20
45462,16
45463,11
45464,4
45465,3
45466,2
45467,2
45468,9
45469,3
45470,11
45471,12
45472,3
45473,5
45474,0
45475,3
45476,10
45477,0
45478,6
45479,11
45480,5
45481,19
45482,10
45483,9
45484,3
45485,12
45486,12
45487,3
45488,8
45489,9
45490,23
45491,10
45492,13
45493,23
45494,17
45495,9
45496,12
45497,12
45498,10
45499,8
45500,14
45501,12
45502,14
45503,11
45504,3
45505,3
45506,3
45507,20
45508,12
45509,3
45510,5
45511,13
45512,19
45513,11
45514,10
45515,3
45516,17
45517,2
45518,12
45519,3
45520,9
45521,6
45522,2
45523,16
45524,16
45525,7
45526,3
45527,3
45528,16
45529,7
45530,3
45531,13
45532,3
45533,3
45534,8
45535,23
45536,7
45537,13
45538,5
45539,21
45540,3
45541,7
45542,9
45543,3
45544,23
45545,20
45546,21
45547,9
45548,2
45549,6
45550,10
45551,18
45552,8
45553,7
45554,20
45555,15
45556,13
45557,16
45558,7
45559,6
45560,6
45561,12
45562,13
45563,8
45564,2
45565,10
45566,9
45567,16
45568,20
45569,3
45570,16
45571,9
45572,14
45573,23
45574,15
45575,14
45576,13
45577,3
45578,23
45579,16
45580,16
45581,3
45582,10
45583,6
45584,5
45585,16
45586,3
45587,16
45588,8
45589,18
45590,6
45591,3
45592,3
45593,3
45594,5
45595,3
45596,4
45597,3
45598,5
45599,14
45600,20
45601,15
45602,4
45603,5
45604,1
45605,10
45606,0
45607,3
45608,10
45609,5
45610,12
45611,13
45612,0
45613,7
45614,12
45615,4
45616,1
45617,3
45618,3
45619,21
45620,2
45621,0
45622,1
45623,5
45624,8
45625,6
45626,5
45627,0
45628,16
45629,16
45630,19
45631,18
45632,14
45633,20
45634,3
45635,21
45636,15
45637,9
45638,6
45639,9
45640,0
45641,12
45642,19
45643,10
45644,14
45645,4
45646,16
45647,9
45648,8
45649,15
45650,20
45651,20
45652,3
45653,21
45654,6
45655,6
45656,18
45657,10
45658,10
45659,12
45660,17
45661,6
45662,13
45663,0
45664,16
45665,15
45666,13
45667,1
45668,14
45669,3
45670,21
45671,8
45672,6
45673,5
45674,21
45675,4
45676,11
45677,16
45678,5
45679,21
45680,3
45681,7
45682,10
45683,16
45684,5
45685,0
45686,12
45687,3
45688,3
45689,3
45690,13
45691,6
45692,1
45693,13
45694,3
45695,1
45696,18
45697,11
45698,6
45699,23
45700,13
45701,9
45702,5
45703,9
45704,3
45705,13
45706,0
45707,9
45708,1
45709,4
45710,10
45711,15
45712,10
45713,18
45714,18
45715,23
45716,0
45717,23
45718,6
45719,9
45720,20
45721,19
45722,18
45723,3
45724,19
45725,1
45726,10
45727,0
45728,5
45729,11
45730,5
45731,7
45732,6
45733,16
45734,0
45735,7
45736,12
45737,15
45738,2
45739,23
45740,19
45741,6
45742,3
45743,5
45744,3
45745,7
45746,3
45747,6
45748,3
45749,23
45750,5
45751,3
45752,23
45753,9
45754,6
45755,5
45756,16
45757,3
45758,18
45759,16
45760,14
45761,5
45762,19
45763,7
45764,12
45765,3
45766,23
45767,18
45768,16
45769,1
45770,23
45771,21
45772,3
45773,14
45774,3
45775,1
45776,16
45777,12
45778,7
45779,8
45780,8
45781,0
45782,20
45783,9
45784,11
45785,4
45786,12
45787,2
45788,16
45789,7
45790,10
45791,13
45792,3
45793,3
45794,5
45795,2
45796,2
45797,23
45798,6
45799,3
45800,7
45801,16
45802,13
45803,16
45804,16
45805,3
45806,23
45807,6
45808,10
45809,15
45810,11
45811,0
45812,12
45813,20
45814,15
45815,4
45816,3
45817,20
45818,3
45819,3
45820,9
45821,3
45822,15
45823,15
45824,16
45825,0
45826,3
45827,8
45828,19
45829,5
45830,12
45831,15
45832,3
45833,19
45834,12
45835,13
45836,3
45837,4
45838,3
45839,16
45840,16
45841,23
45842,20
45843,14
45844,17
45845,3
45846,18
45847,12
45848,4
45849,2
45850,10
45851,22
45852,9
45853,8
45854,9
45855,7
45856,20
45857,14
45858,20
45859,7
45860,13
45861,7
45862,0
45863,19
45864,18
45865,8
45866,20
45867,19
45868,3
45869,5
45870,3
45871,20
45872,14
45873,20
45874,16
45875,15
45876,12
45877,12
45878,14
45879,4
45880,11
45881,13
45882,8
45883,5
45884,0
45885,9
45886,7
45887,21
45888,5
45889,7
45890,10
45891,15
45892,6
45893,13
45894,7
45895,11
45896,3
45897,18
45898,3
45899,7
45900,13
45901,8
45902,9
45903,3
45904,15
45905,3
45906,0
45907,23
45908,4
45909,7
45910,3
45911,10
45912,9
45913,15
45914,13
45915,6
45916,16
45917,13
45918,0
45919,3
45920,19
45921,21
45922,3
45923,16
45924,20
45925,12
45926,2
45927,7
45928,3
45929,16
45930,3
45931,4
45932,3
45933,23
45934,15
45935,14
45936,7
45937,4
45938,8
45939,21
45940,18
45941,16
45942,5
45943,3
45944,5
45945,8
45946,14
45947,8
45948,1
45949,3
45950,1
45951,3
45952,19
45953,6
45954,9
45955,15
45956,16
45957,16
45958,16
45959,5
45960,7
45961,10
45962,9
45963,3
45964,22
45965,3
45966,1
45967,23
45968,3
45969,0
45970,3
45971,3
45972,12
45973,3
45974,13
45975,19
45976,7
45977,15
45978,7
45979,13
45980,19
45981,3
45982,23
45983,3
45984,6
45985,5
45986,0
45987,6
45988,4
45989,9
45990,15
45991,6
45992,12
45993,10
45994,3
45995,3
45996,14
45997,16
45998,2
45999,11
46000,3
46001,13
46002,5
46003,23
46004,7
46005,3
46006,3
46007,3
46008,11
46009,10
46010,7
46011,3
46012,20
46013,13
46014,21
46015,5
46016,5
46017,10
46018,3
46019,7
46020,3
46021,8
46022,8
46023,16
46024,3
46025,9
46026,3
46027,14
46028,3
46029,13
46030,17
46031,13
46032,6
46033,10
46034,8
46035,11
46036,6
46037,14
46038,23
46039,20
46040,9
46041,3
46042,2
46043,5
46044,21
46045,19
46046,17
46047,16
46048,23
46049,10
46050,16
46051,3
46052,19
46053,0
46054,12
46055,3
46056,10
46057,13
46058,2
46059,23
46060,23
46061,8
46062,3
46063,12
46064,19
46065,9
46066,5
46067,12
46068,16
46069,22
46070,4
46071,20
46072,11
46073,15
46074,13
46075,16
46076,23
46077,6
46078,16
46079,13
46080,7
46081,3
46082,15
46083,3
46084,20
46085,11
46086,3
46087,20
46088,6
46089,10
46090,13
46091,3
46092,10
46093,21
46094,13
46095,5
46096,3
46097,15
46098,2
46099,12
46100,12
46101,7
46102,2
46103,4
46104,2
46105,7
46106,12
46107,8
46108,10
46109,15
46110,2
46111,16
46112,12
46113,4
46114,8
46115,3
46116,3
46117,7
46118,14
46119,9
46120,16
46121,7
46122,22
46123,2
46124,20
46125,3
46126,3
46127,23
46128,13
46129,9
46130,6
46131,16
46132,4
46133,14
46134,3
46135,20
46136,3
46137,16
46138,22
46139,16
46140,14
46141,5
46142,8
46143,22
46144,20
46145,4
46146,3
46147,5
46148,3
46149,3
46150,12
46151,3
46152,11
46153,13
46154,7
46155,6
46156,4
46157,0
46158,13
46159,5
46160,8
46161,5
46162,20
46163,9
46164,3
46165,10
46166,3
46167,18
46168,13
46169,5
46170,12
46171,11
46172,7
46173,23
46174,11
46175,3
46176,10
46177,0
46178,12
46179,3
46180,16
46181,18
46182,6
46183,23
46184,4
46185,3
46186,12
46187,3
46188,9
46189,20
46190,19
46191,22
46192,9
46193,14
46194,16
46195,13
46196,15
46197,3
46198,6
46199,3
46200,6
46201,14
46202,0
46203,23
46204,5
46205,11
46206,3
46207,5
46208,4
46209,3
46210,1
46211,9
46212,18
46213,23
46214,3
46215,16
46216,19
46217,0
46218,8
46219,6
46220,16
46221,6
46222,2
46223,10
46224,19
46225,7
46226,6
46227,1
46228,13
46229,13
46230,0
46231,23
46232,3
46233,8
46234,0
46235,3
46236,3
46237,5
46238,3
46239,16
46240,7
46241,1
46242,1
46243,8
46244,21
46245,23
46246,18
46247,16
46248,3
46249,7
46250,6
46251,18
46252,20
46253,15
46254,19
46255,1
46256,4
46257,12
46258,10
46259,14
46260,13
46261,16
46262,4
46263,12
46264,7
46265,1
46266,0
46267,23
46268,12
46269,15
46270,1
46271,11
46272,8
46273,8
46274,12
46275,3
46276,12
46277,5
46278,7
46279,0
46280,10
46281,16
46282,6
46283,11
46284,12
46285,10
46286,3
46287,10
46288,21
46289,5
46290,5
46291,9
46292,18
46293,3
46294,10
46295,7
46296,23
46297,2
46298,7
46299,7
46300,3
46301,6
46302,20
46303,3
46304,3
46305,6
46306,1
46307,19
46308,5
46309,18
46310,11
46311,3
46312,3
46313,13
46314,16
46315,1
46316,5
46317,6
46318,12
46319,1
46320,3
46321,13
46322,12
46323,3
46324,23
46325,16
46326,10
46327,8
46328,0
46329,18
46330,16
46331,3
46332,15
46333,12
46334,12
46335,18
46336,3
46337,3
46338,6
46339,23
46340,14
46341,1
46342,1
46343,10
46344,12
46345,21
46346,16
46347,18
46348,10
46349,13
46350,0
46351,10
46352,0
46353,7
46354,1
46355,13
46356,3
46357,4
46358,14
46359,10
46360,7
46361,19
46362,16
46363,8
46364,3
46365,3
46366,4
46367,3
46368,2
46369,13
46370,11
46371,10
46372,16
46373,12
46374,4
46375,13
46376,18
46377,16
46378,3
46379,8
46380,2
46381,9
46382,12
46383,20
46384,16
46385,8
46386,23
46387,7
46388,6
46389,3
46390,3
46391,15
46392,6
46393,3
46394,15
46395,6
46396,20
46397,6
46398,3
46399,8
46400,5
46401,2
46402,7
46403,3
46404,9
46405,15
46406,7
46407,7
46408,20
46409,5
46410,19
46411,3
46412,19
46413,15
46414,8
46415,16
46416,13
46417,3
46418,7
46419,21
46420,10
46421,15
46422,16
46423,13
46424,7
46425,10
46426,11
46427,21
46428,8
46429,16
46430,12
46431,0
46432,12
46433,14
46434,9
46435,8
46436,22
46437,0
46438,21
46439,15
46440,12
46441,1
46442,5
46443,15
46444,18
46445,8
46446,3
46447,7
46448,13
46449,21
46450,3
46451,21
46452,10
46453,13
46454,6
46455,3
46456,4
46457,3
46458,5
46459,12
46460,15
46461,0
46462,3
46463,13
46464,3
46465,14
46466,3
46467,6
46468,1
46469,14
46470,9
46471,7
46472,3
46473,15
46474,11
46475,21
46476,0
46477,13
46478,11
46479,9
46480,3
46481,9
46482,11
46483,4
46484,6
46485,21
46486,3
46487,20
46488,10
46489,12
46490,13
46491,5
46492,21
46493,7
46494,7
46495,3
46496,3
46497,23
46498,12
46499,1
46500,8
46501,20
46502,3
46503,12
46504,16
46505,10
46506,4
46507,12
46508,21
46509,2
46510,3
46511,6
46512,2
46513,4
46514,4
46515,7
46516,9
46517,13
46518,8
46519,12
46520,16
46521,8
46522,16
46523,14
46524,23
46525,3
46526,7
46527,17
46528,3
46529,11
46530,3
46531,13
46532,12
46533,20
46534,12
46535,6
46536,7
46537,12
46538,3
46539,7
46540,10
46541,13
46542,20
46543,1
46544,1
46545,3
46546,16
46547,3
46548,23
46549,6
46550,13
46551,3
46552,15
46553,12
46554,21
46555,13
46556,14
46557,8
46558,20
46559,17
46560,5
46561,8
46562,20
46563,10
46564,6
46565,10
46566,0
46567,10
46568,6
46569,3
46570,22
46571,9
46572,4
46573,8
46574,15
46575,11
46576,3
46577,14
46578,10
46579,0
46580,23
46581,1
46582,3
46583,7
46584,5
46585,11
46586,23
46587,4
46588,7
46589,8
46590,4
46591,15
46592,3
46593,23
46594,14
46595,6
46596,14
46597,14
46598,8
46599,15
46600,16
46601,3
46602,3
46603,7
46604,15
46605,3
46606,3
46607,1
46608,8
46609,1
46610,16
46611,8
46612,23
46613,12
46614,16
46615,1
46616,3
46617,8
46618,16
46619,16
46620,16
46621,21
46622,16
46623,7
46624,23
46625,10
46626,12
46627,3
46628,6
46629,16
46630,6
46631,9
46632,13
46633,14
46634,15
46635,4
46636,11
46637,3
46638,3
46639,20
46640,3
46641,11
46642,7
46643,17
46644,14
46645,20
46646,1
46647,18
46648,3
46649,15
46650,15
46651,22
46652,21
46653,13
46654,6
46655,0
46656,16
46657,7
46658,14
46659,16
46660,16
46661,9
46662,6
46663,12
46664,7
46665,4
46666,4
46667,9
46668,21
46669,10
46670,14
46671,7
46672,5
46673,0
46674,12
46675,7
46676,18
46677,23
46678,3
46679,9
46680,0
46681,3
46682,13
46683,6
46684,14
46685,10
46686,11
46687,6
46688,3
46689,6
46690,3
46691,12
46692,3
46693,14
46694,0
46695,7
46696,4
46697,8
46698,12
46699,2
46700,21
46701,13
46702,9
46703,20
46704,10
46705,16
46706,11
46707,9
46708,15
46709,16
46710,6
46711,3
46712,4
46713,6
46714,7
46715,3
46716,3
46717,22
46718,16
46719,0
46720,14
46721,3
46722,3
46723,1
46724,2
46725,15
46726,3
46727,11
46728,16
46729,7
46730,23
46731,8
46732,5
46733,3
46734,5
46735,13
46736,13
46737,23
46738,10
46739,3
46740,4
46741,3
46742,21
46743,20
46744,6
46745,7
46746,0
46747,6
46748,10
46749,16
46750,13
46751,8
46752,0
46753,3
46754,13
46755,3
46756,12
46757,2
46758,13
46759,21
46760,23
46761,10
46762,5
46763,0
46764,6
46765,5
46766,10
46767,2
46768,8
46769,7
46770,3
46771,3
46772,3
46773,16
46774,2
46775,14
46776,2
46777,3
46778,10
46779,3
46780,0
46781,5
46782,5
46783,23
46784,7
46785,1
46786,19
46787,5
46788,23
46789,5
46790,8
46791,6
46792,23
46793,13
46794,18
46795,14
46796,3
46797,6
46798,16
46799,11
46800,16
46801,11
46802,5
46803,12
46804,15
46805,11
46806,15
46807,4
46808,7
46809,5
46810,12
46811,16
46812,22
46813,3
46814,3
46815,21
46816,15
46817,10
46818,14
46819,14
46820,9
46821,4
46822,4
46823,17
46824,7
46825,16
46826,2
46827,20
46828,3
46829,0
46830,3
46831,20
46832,11
46833,6
46834,0
46835,13
46836,3
46837,19
46838,14
46839,1
46840,4
46841,3
46842,18
46843,2
46844,9
46845,13
46846,3
46847,23
46848,8
46849,18
46850,8
46851,9
46852,14
46853,5
46854,20
46855,19
46856,11
46857,5
46858,7
46859,3
46860,11
46861,14
46862,20
46863,16
46864,11
46865,21
46866,11
46867,10
46868,15
46869,14
46870,7
46871,2
46872,0
46873,7
46874,3
46875,15
46876,5
46877,8
46878,19
46879,20
46880,11
46881,0
46882,0
46883,10
46884,8
46885,20
46886,14
46887,3
46888,4
46889,15
46890,0
46891,3
46892,3
46893,4
46894,16
46895,5
46896,8
46897,13
46898,0
46899,8
46900,0
46901,15
46902,5
46903,6
46904,15
46905,7
46906,20
46907,5
46908,3
46909,6
46910,16
46911,9
46912,19
46913,7
46914,23
46915,3
46916,4
46917,16
46918,14
46919,23
46920,3
46921,1
46922,2
46923,7
46924,14
46925,5
46926,18
46927,15
46928,11
46929,5
46930,6
46931,7
46932,7
46933,7
46934,13
46935,3
46936,18
46937,13
46938,12
46939,15
46940,11
46941,7
46942,3
46943,0
46944,7
46945,8
46946,16
46947,3
46948,18
46949,20
46950,16
46951,19
46952,0
46953,7
46954,14
46955,3
46956,16
46957,6
46958,15
46959,12
46960,23
46961,0
46962,23
46963,7
46964,3
46965,0
46966,5
46967,2
46968,9
46969,12
46970,15
46971,16
46972,10
46973,21
46974,3
46975,1
46976,12
46977,7
46978,3
46979,4
46980,8
46981,14
46982,5
46983,20
46984,8
46985,23
46986,13
46987,3
46988,16
46989,20
46990,5
46991,3
46992,1
46993,7
46994,5
46995,16
46996,16
46997,13
46998,21
46999,7
47000,11
47001,0
47002,22
47003,0
47004,23
47005,0
47006,4
47007,4
47008,15
47009,4
47010,8
47011,20
47012,12
47013,3
47014,12
47015,12
47016,6
47017,5
47018,13
47019,13
47020,7
47021,16
47022,2
47023,0
47024,3
47025,12
47026,9
47027,20
47028,12
47029,4
47030,22
47031,3
47032,9
47033,4
47034,13
47035,13
47036,16
47037,6
47038,5
47039,7
47040,1
47041,4
47042,9
47043,11
47044,14
47045,13
47046,12
47047,23
47048,19
47049,3
47050,3
47051,17
47052,14
47053,3
47054,21
47055,12
47056,13
47057,4
47058,3
47059,0
47060,3
47061,8
47062,18
47063,7
47064,15
47065,20
47066,5
47067,6
47068,3
47069,17
47070,7
47071,9
47072,16
47073,15
47074,3
47075,16
47076,0
47077,4
47078,7
47079,7
47080,0
47081,16
47082,20
47083,3
47084,23
47085,2
47086,5
47087,20
47088,21
47089,0
47090,3
47091,18
47092,11
47093,7
47094,14
47095,1
47096,23
47097,13
47098,3
47099,0
47100,5
47101,22
47102,7
47103,3
47104,7
47105,0
47106,1
47107,7
47108,13
47109,19
47110,3
47111,9
47112,8
47113,4
47114,4
47115,7
47116,9
47117,15
47118,10
47119,3
47120,18
47121,19
47122,3
47123,19
47124,3
47125,11
47126,20
47127,19
47128,3
47129,3
47130,3
47131,4
47132,13
47133,20
47134,6
47135,7
47136,7
47137,7
47138,16
47139,23
47140,16
47141,8
47142,1
47143,23
47144,3
47145,23
47146,6
47147,23
47148,16
47149,12
47150,16
47151,9
47152,11
47153,12
47154,0
47155,4
47156,23
47157,4
47158,13
47159,13
47160,3
47161,3
47162,14
47163,16
47164,13
47165,20
47166,1
47167,5
47168,10
47169,0
47170,5
47171,13
47172,16
47173,13
47174,7
47175,0
47176,20
47177,3
47178,15
47179,3
47180,3
47181,10
47182,3
47183,16
47184,16
47185,11
47186,9
47187,12
47188,15
47189,13
47190,16
47191,0
47192,15
47193,8
47194,6
47195,7
47196,3
47197,5
47198,9
47199,0
47200,10
47201,7
47202,6
47203,12
47204,8
47205,3
47206,8
47207,6
47208,3
47209,15
47210,9
47211,14
47212,15
47213,16
47214,3
47215,4
47216,3
47217,3
47218,20
47219,0
47220,3
47221,12
47222,3
47223,16
47224,16
47225,4
47226,6
47227,10
47228,18
47229,1
47230,10
47231,4
47232,13
47233,13
47234,2
47235,11
47236,1
47237,7
47238,21
47239,11
47240,20
47241,14
47242,9
47243,16
47244,10
47245,7
47246,21
47247,20
47248,3
47249,14
47250,9
47251,13
47252,1
47253,4
47254,14
47255,16
47256,3
47257,16
47258,15
47259,7
47260,14
47261,21
47262,2
47263,15
47264,6
47265,23
47266,8
47267,3
47268,13
47269,1
47270,1
47271,3
47272,17
47273,1
47274,20
47275,16
47276,7
47277,12
47278,23
47279,3
47280,13
47281,2
47282,20
47283,4
47284,14
47285,8
47286,4
47287,7
47288,14
47289,3
47290,12
47291,4
47292,3
47293,8
47294,3
47295,9
47296,3
47297,16
47298,6
47299,6
47300,23
47301,0
47302,12
47303,16
47304,2
47305,6
47306,7
47307,8
47308,18
47309,21
47310,13
47311,20
47312,23
47313,6
47314,16
47315,20
47316,10
47317,3
47318,12
47319,3
47320,3
47321,9
47322,0
47323,3
47324,3
47325,7
47326,15
47327,19
47328,0
47329,16
47330,2
47331,14
47332,1
47333,15
47334,2
47335,5
47336,13
47337,21
47338,10
47339,9
47340,4
47341,20
47342,1
47343,3
47344,5
47345,13
47346,13
47347,13
47348,16
47349,3
47350,16
47351,4
47352,7
47353,2
47354,16
47355,15
47356,3
47357,13
47358,1
47359,18
47360,6
47361,6
47362,16
47363,11
47364,1
47365,4
47366,6
47367,3
47368,16
47369,6
47370,16
47371,6
47372,7
47373,13
47374,14
47375,15
47376,3
47377,15
47378,3
47379,16
47380,16
47381,7
47382,8
47383,0
47384,3
47385,3
47386,3
47387,10
47388,5
47389,0
47390,10
47391,8
47392,19
47393,11
47394,6
47395,5
47396,7
47397,8
47398,16
47399,13
47400,1
47401,5
47402,17
47403,3
47404,8
47405,7
47406,5
47407,6
47408,12
47409,2
47410,3
47411,3
47412,13
47413,23
47414,21
47415,13
47416,3
47417,4
47418,23
47419,14
47420,15
47421,1
47422,3
47423,13
47424,3
47425,6
47426,21
47427,16
47428,16
47429,5
47430,7
47431,19
47432,3
47433,12
47434,8
47435,21
47436,8
47437,3
47438,23
47439,1
47440,13
47441,5
47442,2
47443,0
47444,4
47445,1
47446,3
47447,13
47448,19
47449,11
47450,1
47451,8
47452,5
47453,20
47454,7
47455,3
47456,3
47457,10
47458,8
47459,1
47460,5
47461,9
47462,10
47463,0
47464,5
47465,16
47466,21
47467,3
47468,3
47469,3
47470,6
47471,20
47472,3
47473,4
47474,9
47475,16
47476,10
47477,9
47478,3
47479,3
47480,15
47481,3
47482,13
47483,3
47484,12
47485,7
47486,1
47487,1
47488,21
47489,15
47490,7
47491,8
47492,21
47493,13
47494,1
47495,3
47496,6
47497,15
47498,13
47499,16
47500,8
47501,5
47502,8
47503,13
47504,19
47505,0
47506,13
47507,10
47508,12
47509,19
47510,16
47511,19
47512,18
47513,11
47514,21
47515,9
47516,20
47517,3
47518,12
47519,21
47520,21
47521,18
47522,16
47523,9
47524,1
47525,16
47526,5
47527,3
47528,18
47529,2
47530,0
47531,3
47532,5
47533,19
47534,1
47535,3
47536,21
47537,1
