source,target
0,1
0,2
0,3
0,4
0,5
0,6
0,7
0,8
0,9
0,10
0,11
0,12
0,13
0,14
0,15
0,16
0,17
0,18
0,19
0,20
0,21
1,6
1,16
1,19
1,25
1,26
1,27
1,28
1,29
1,30
1,31
1,32
1,33
1,34
1,35
1,36
1,37
1,38
1,39
1,40
1,41
1,42
1,43
1,44
1,45
1,46
1,47
1,48
1,49
1,50
1,51
1,52
1,53
1,54
2,23
2,24
2,26
2,33
2,55
2,56
2,57
2,58
2,59
2,60
2,61
2,62
2,63
3,62
4,6
4,14
4,16
4,20
4,23
4,24
4,34
4,35
4,60
4,62
4,68
4,71
4,80
4,81
4,82
4,83
4,84
4,85
4,86
4,87
4,88
4,89
4,90
4,91
4,92
5,1
5,6
5,9
5,14
5,15
5,18
5,20
5,26
5,27
5,30
5,33
5,35
5,37
5,39
5,48
5,64
5,67
5,68
5,71
5,72
5,75
5,77
5,81
5,82
5,94
5,102
5,106
5,108
5,111
5,112
5,113
5,114
5,115
5,116
5,117
5,118
5,119
5,120
5,121
5,122
5,123
5,124
5,125
5,126
5,127
5,128
5,129
5,130
5,131
5,132
5,133
5,134
5,135
5,136
5,137
5,138
5,139
5,140
5,141
5,142
5,143
5,144
5,145
5,146
5,147
6,1
6,14
6,16
6,23
6,26
6,30
6,33
6,35
6,37
6,39
6,40
6,49
6,52
6,64
6,66
6,70
6,71
6,74
6,75
6,76
6,77
6,81
6,82
6,84
6,88
6,93
6,98
6,104
6,108
6,112
6,113
6,123
6,128
6,129
6,130
6,136
6,139
6,144
6,147
6,148
6,149
6,150
6,151
6,152
6,153
6,154
6,155
6,156
6,157
6,158
6,159
6,160
6,161
6,162
6,163
7,6
7,20
7,35
7,50
7,51
7,64
7,68
7,69
7,71
7,75
7,77
7,82
7,85
7,87
7,89
7,106
7,108
7,126
7,167
7,168
7,169
7,170
7,171
8,51
8,101
8,105
8,106
8,126
8,128
8,187
8,188
8,189
8,190
8,191
8,192
8,193
8,194
8,195
8,196
8,197
8,198
8,199
8,200
8,201
8,202
8,203
9,11
9,165
9,185
9,204
10,213
10,214
10,215
11,2
11,9
11,14
11,20
11,24
11,30
11,37
11,58
11,64
11,69
11,71
11,75
11,78
11,82
11,86
11,100
11,106
11,108
11,111
11,114
11,123
11,126
11,127
11,183
11,224
11,232
11,234
11,238
11,241
12,16
12,23
12,53
12,105
12,130
12,151
12,209
12,243
12,244
12,245
12,246
13,0
13,20
13,64
13,83
13,91
13,113
13,126
13,146
13,154
13,160
13,166
13,223
13,248
13,249
13,250
13,251
13,252
13,253
13,254
13,255
13,256
14,5
14,6
14,8
14,11
14,20
14,28
14,35
14,39
14,58
14,60
14,64
14,66
14,68
14,69
14,71
14,74
14,77
14,84
14,85
14,86
14,92
14,100
14,108
14,112
14,114
14,118
14,125
14,126
14,127
14,173
14,186
14,237
14,257
15,16
15,18
15,36
15,51
15,52
15,64
15,75
15,114
15,127
15,180
15,217
15,220
15,237
15,262
15,266
16,0
16,1
16,3
16,4
16,5
16,6
16,7
16,8
16,14
16,15
16,20
16,24
16,25
16,26
16,27
16,28
16,30
16,33
16,34
16,35
16,37
16,38
16,44
16,48
16,53
16,55
16,56
16,63
16,65
16,67
16,75
16,76
16,78
16,80
16,81
16,83
16,86
16,89
16,90
16,91
16,104
16,108
16,111
16,113
16,114
16,118
16,120
16,121
16,125
16,126
16,128
16,130
16,140
16,142
16,143
16,146
16,147
16,148
16,151
16,154
16,168
16,173
16,178
16,179
16,180
16,183
16,220
16,222
16,223
16,227
16,230
16,233
16,241
16,248
16,255
16,268
16,269
16,273
16,277
16,278
16,279
16,280
16,281
16,282
16,283
16,284
16,285
16,286
16,287
16,288
16,289
16,290
16,291
17,0
17,19
17,53
17,131
17,151
17,158
17,221
17,228
17,271
17,290
17,293
17,294
17,295
17,296
17,297
17,298
17,299
17,300
17,301
17,302
17,303
17,304
17,305
18,0
18,15
18,19
18,53
18,131
18,140
18,186
18,187
18,206
18,312
18,313
19,0
19,1
19,17
19,18
19,38
19,39
19,48
19,53
19,99
19,140
19,141
19,144
19,146
19,151
19,157
19,160
19,162
19,163
19,177
19,180
19,211
19,217
19,221
19,235
19,236
19,263
19,279
19,293
19,298
19,304
19,316
19,317
19,318
19,319
19,320
19,321
19,322
19,323
19,324
19,325
19,326
19,327
20,0
20,3
20,4
20,5
20,6
20,7
20,8
20,11
20,13
20,14
20,15
20,16
20,24
20,33
20,34
20,37
20,39
20,50
20,65
20,67
20,73
20,78
20,82
20,87
20,88
20,89
20,91
20,95
20,108
20,112
20,118
20,120
20,126
20,128
20,130
20,154
20,170
20,173
20,180
20,183
20,187
20,190
20,218
20,219
20,223
20,233
20,238
20,252
20,265
20,274
20,312
20,339
20,340
20,341
20,342
21,0
21,28
21,32
21,35
21,37
21,59
21,62
21,71
21,74
21,83
21,98
21,100
21,102
21,126
21,129
21,141
21,146
21,158
21,159
21,161
21,162
21,183
21,242
21,245
21,254
21,260
21,287
21,288
21,290
21,306
21,314
21,347
21,348
21,349
21,350
21,351
21,352
21,353
21,354
21,355
21,356
21,357
21,358
21,359
21,360
21,361
21,362
21,363
21,364
21,365
21,366
21,367
21,368
21,369
22,60
23,26
23,35
23,94
23,99
23,123
24,78
24,118
24,126
24,216
24,231
24,376
25,1
25,26
25,31
25,36
25,51
25,58
25,60
25,73
25,110
25,112
25,117
25,158
25,176
25,204
25,237
25,247
25,248
25,277
25,304
25,318
25,324
25,365
25,388
25,390
25,391
25,392
25,393
25,394
25,395
25,396
25,397
25,398
25,399
25,400
25,401
25,402
25,403
25,404
25,405
25,406
25,407
25,408
25,409
26,1
26,2
26,5
26,23
26,24
26,25
26,27
26,49
26,62
26,64
26,66
26,70
26,71
26,74
26,377
26,387
27,1
27,5
27,16
27,28
27,66
27,70
27,72
27,73
27,100
27,111
27,112
27,114
27,148
27,183
27,204
27,220
27,258
27,265
27,286
27,346
27,372
27,375
27,411
27,412
27,413
28,1
28,14
28,21
28,27
28,29
28,58
28,62
28,73
28,104
28,108
28,116
28,117
28,123
28,129
28,131
28,148
28,192
28,213
28,224
28,230
28,246
28,272
28,281
28,296
28,334
28,342
28,357
28,384
28,405
28,414
28,415
28,416
28,417
28,418
28,419
28,420
28,421
28,422
28,423
28,424
28,425
28,426
28,427
28,428
28,429
28,430
28,431
28,432
28,433
28,434
28,435
28,436
28,437
28,438
28,439
28,440
28,441
28,442
28,443
28,444
28,445
29,28
29,45
29,83
29,134
29,158
29,160
29,175
29,192
29,193
29,198
29,201
29,202
29,213
29,214
29,221
29,227
29,241
29,259
29,284
29,301
29,306
29,310
29,347
29,368
29,387
29,403
29,446
29,447
29,448
29,449
29,450
29,451
29,452
29,453
29,454
29,455
29,456
29,457
29,458
29,459
29,460
29,461
29,462
29,463
29,464
29,465
29,466
29,467
29,468
29,469
30,1
30,5
30,16
30,20
30,28
30,51
30,55
30,58
30,64
30,66
30,71
30,73
30,77
30,80
30,81
30,84
30,85
30,86
30,216
30,263
30,445
30,470
31,1
31,5
31,9
31,10
31,14
31,16
31,19
31,20
31,24
31,25
31,29
31,37
31,38
31,46
31,47
31,48
31,51
31,53
31,54
31,55
31,58
31,60
31,67
31,69
31,71
31,73
31,78
31,79
31,82
31,83
31,94
31,95
31,104
31,111
31,113
31,114
31,120
31,122
31,123
31,131
31,137
31,146
31,148
31,149
31,150
31,151
31,154
31,157
31,159
31,165
31,173
31,176
31,180
31,186
31,191
31,193
31,198
31,199
31,204
31,205
31,206
31,212
31,217
31,220
31,223
31,228
31,229
31,235
31,236
31,244
31,249
31,251
31,261
31,264
31,276
31,284
31,285
31,294
31,295
31,298
31,321
31,346
31,356
31,364
31,368
31,385
31,388
31,397
31,404
31,406
31,408
31,410
31,411
31,415
31,422
31,423
31,427
31,429
31,430
31,440
31,452
31,457
31,468
31,471
31,472
31,473
31,474
31,475
31,476
31,477
31,478
31,479
31,480
31,481
31,482
31,483
31,484
31,485
31,486
31,487
31,488
31,489
31,490
31,491
31,492
31,493
31,494
31,495
31,496
31,497
31,498
31,499
31,500
31,501
31,502
31,503
31,504
31,505
31,506
31,507
31,508
31,509
31,510
31,511
31,512
31,513
31,514
31,515
31,516
31,517
31,518
31,519
31,520
31,521
31,522
31,523
31,524
31,525
31,526
31,527
31,528
31,529
31,530
31,531
31,532
31,533
31,534
31,535
31,536
31,537
31,538
31,539
32,1
32,9
33,1
33,2
33,5
33,6
33,7
33,19
33,24
33,26
33,28
33,34
33,35
33,37
33,39
33,40
33,44
33,47
33,48
33,52
33,54
33,55
33,58
33,60
33,63
33,65
33,68
33,76
33,77
33,88
33,90
33,91
33,94
33,100
33,103
33,112
33,123
33,124
33,135
33,138
33,141
33,143
33,154
33,155
33,157
33,160
33,162
33,174
33,181
33,183
33,188
33,204
33,206
33,210
33,211
33,234
33,243
33,278
33,293
33,318
33,366
33,372
33,376
33,377
33,384
33,389
33,393
33,447
33,459
33,463
33,540
33,541
33,542
33,543
33,544
33,545
34,343
34,464
34,546
34,547
34,548
35,1
35,4
35,5
35,6
35,7
35,11
35,14
35,16
35,21
35,24
35,26
35,31
35,33
35,37
35,50
35,56
35,60
35,62
35,65
35,69
35,70
35,72
35,74
35,84
35,85
35,87
35,94
35,95
35,98
35,109
35,118
35,122
35,123
35,126
35,128
35,173
35,243
35,265
35,339
35,376
35,377
35,387
35,389
36,15
36,53
36,85
36,127
36,154
36,221
37,1
37,5
37,6
37,11
37,20
37,21
37,24
37,28
37,34
37,38
37,39
37,40
37,41
37,45
37,48
37,52
37,53
37,55
37,62
37,71
37,73
37,74
37,79
37,81
37,83
37,84
37,87
37,88
37,107
37,109
37,110
37,113
37,122
37,129
37,130
37,131
37,140
37,142
37,143
37,144
37,146
37,148
37,152
37,154
37,156
37,157
37,159
37,160
37,168
37,170
37,175
37,181
37,183
37,192
37,193
37,201
37,203
37,206
37,207
37,221
37,222
37,241
37,242
37,245
37,255
37,259
37,260
37,261
37,263
37,267
37,268
37,273
37,281
37,285
37,287
37,293
37,295
37,298
37,300
37,301
37,305
37,307
37,312
37,317
37,338
37,339
37,357
37,358
37,366
37,368
37,369
37,370
37,374
37,375
37,383
37,392
37,395
37,397
37,403
37,405
37,408
37,409
37,412
37,416
37,417
37,420
37,423
37,425
37,427
37,429
37,430
37,433
37,434
37,435
37,438
37,439
37,440
37,453
37,458
37,459
37,460
37,461
37,466
37,470
37,473
37,482
37,485
37,501
37,513
37,514
37,517
37,519
37,527
37,534
37,542
37,544
37,550
37,553
37,558
37,559
37,560
37,561
37,562
37,563
37,564
37,565
37,566
37,567
37,568
37,569
37,570
37,571
37,572
37,573
37,574
37,575
37,576
37,577
37,578
37,579
37,580
37,581
37,582
37,583
37,584
37,585
37,586
37,587
37,588
37,589
37,590
37,591
37,592
37,593
37,594
37,595
37,596
37,597
37,598
37,599
37,600
37,601
37,602
37,603
37,604
37,605
37,606
37,607
37,608
37,609
37,610
37,611
37,612
37,613
37,614
37,615
37,616
37,617
37,618
37,619
37,620
37,621
37,622
37,623
37,624
37,625
37,626
37,627
37,628
37,629
37,630
37,631
37,632
37,633
37,634
37,635
37,636
37,637
37,638
37,639
37,640
37,641
37,642
37,643
37,644
37,645
38,0
38,1
38,6
38,7
38,9
38,11
38,14
38,16
38,19
38,27
38,28
38,29
38,31
38,33
38,36
38,37
38,40
38,44
38,45
38,46
38,50
38,52
38,63
38,65
38,67
38,73
38,76
38,81
38,98
38,100
38,111
38,112
38,113
38,124
38,125
38,127
38,129
38,131
38,136
38,139
38,140
38,143
38,146
38,151
38,152
38,154
38,158
38,159
38,163
38,175
38,177
38,178
38,180
38,183
38,186
38,187
38,190
38,193
38,207
38,218
38,221
38,222
38,223
38,224
38,229
38,234
38,241
38,242
38,244
38,246
38,253
38,255
38,259
38,262
38,263
38,266
38,271
38,272
38,273
38,280
38,287
38,288
38,293
38,295
38,297
38,298
38,300
38,301
38,304
38,316
38,322
38,330
38,338
38,357
38,358
38,359
38,365
38,372
38,380
38,384
38,392
38,414
38,416
38,417
38,451
38,453
38,454
38,459
38,460
38,461
38,462
38,463
38,464
38,466
38,468
38,479
38,511
38,540
38,650
38,651
38,652
38,653
38,654
38,655
38,656
38,657
38,658
38,659
38,660
38,661
38,662
38,663
38,664
38,665
38,666
38,667
38,668
38,669
38,670
39,1
39,5
39,6
39,14
39,19
39,20
39,33
39,36
39,37
39,40
39,47
39,48
39,52
39,53
39,54
39,55
39,77
39,81
39,82
39,84
39,98
39,99
39,106
39,108
39,114
39,126
39,128
39,129
39,131
39,134
39,136
39,137
39,138
39,141
39,142
39,143
39,146
39,150
39,155
39,160
39,161
39,162
39,173
39,180
39,186
39,190
39,206
39,234
39,255
39,263
39,268
39,282
39,318
39,319
39,460
39,463
39,673
39,674
39,675
39,676
40,1
40,44
40,47
40,51
40,54
40,98
40,125
40,129
40,135
40,145
40,146
40,147
40,151
40,153
40,162
40,210
40,212
40,269
40,282
40,288
40,314
40,322
40,325
40,326
40,370
40,385
40,429
40,447
40,558
40,562
40,677
40,678
41,130
42,1
42,48
42,96
42,107
42,131
42,159
42,194
42,215
42,221
42,247
42,261
42,304
42,337
42,353
42,366
42,397
42,399
42,413
42,472
42,481
42,494
42,496
42,505
42,516
42,523
42,524
42,528
42,531
42,560
42,562
42,585
42,594
42,605
42,619
42,661
42,664
42,679
42,680
42,681
42,682
42,683
42,684
42,685
42,686
42,687
43,272
43,451
43,691
44,0
44,9
44,15
44,36
44,38
44,40
44,48
44,52
44,55
44,63
44,67
44,75
44,112
44,125
44,128
44,130
44,135
44,141
44,142
44,143
44,146
44,154
44,157
44,160
44,177
44,179
44,181
44,187
44,193
44,211
44,227
44,236
44,268
44,280
44,319
44,338
44,447
44,485
44,663
44,673
44,692
44,693
44,694
45,29
45,110
45,135
45,160
45,169
45,285
45,341
45,358
45,362
45,370
45,453
45,459
45,485
45,553
45,573
45,669
45,695
45,696
45,697
45,698
45,699
45,700
45,701
45,702
45,703
46,9
46,53
46,101
46,250
46,253
46,273
46,307
46,388
46,392
46,458
46,476
46,704
47,39
47,40
47,131
47,140
47,156
47,159
47,183
47,212
47,214
47,248
47,300
47,305
47,337
47,353
47,358
47,369
47,372
47,392
47,461
47,468
47,483
47,485
47,651
47,652
47,655
47,705
47,706
47,707
47,708
48,52
48,73
48,111
48,127
48,131
48,134
48,143
48,152
48,158
48,174
48,228
48,257
48,266
48,380
48,457
48,464
48,494
48,669
48,700
48,709
48,710
48,711
48,712
48,713
48,714
49,26
49,55
49,136
49,143
49,155
49,319
49,463
50,1
50,7
50,20
50,28
50,35
50,38
50,52
50,62
50,76
50,81
50,104
50,107
50,124
50,129
50,131
50,134
50,150
50,154
50,156
50,159
50,160
50,161
50,162
50,169
50,188
50,190
50,193
50,204
50,224
50,228
50,266
50,278
50,286
50,294
50,295
50,300
50,304
50,312
50,315
50,329
50,337
50,341
50,343
50,384
50,392
50,398
50,400
50,404
50,405
50,406
50,409
50,417
50,420
50,422
50,423
50,425
50,429
50,432
50,441
50,459
50,460
50,461
50,479
50,482
50,498
50,503
50,504
50,506
50,507
50,508
50,511
50,512
50,513
50,519
50,520
50,526
50,527
50,534
50,535
50,536
50,537
50,543
50,550
50,553
50,558
50,560
50,569
50,580
50,581
50,585
50,593
50,596
50,611
50,612
50,613
50,627
50,630
50,654
50,676
50,684
50,689
50,693
50,706
50,715
50,717
50,718
50,719
50,720
50,721
50,722
50,723
50,724
50,725
50,726
50,727
50,728
50,729
50,730
50,731
50,732
50,733
50,734
50,735
50,736
50,737
50,738
50,739
50,740
50,741
50,742
50,743
50,744
50,745
50,746
50,747
50,748
50,749
50,750
50,751
50,752
50,753
50,754
50,755
50,756
50,757
50,758
50,759
50,760
50,761
50,762
50,763
50,764
50,765
50,766
50,767
50,768
50,769
50,770
50,771
50,772
50,773
50,774
51,1
51,7
51,8
51,15
51,16
51,25
51,30
51,33
51,42
51,45
51,50
51,58
51,86
51,91
51,95
51,96
51,104
51,106
51,107
51,108
51,120
51,121
51,122
51,123
51,125
51,126
51,135
51,146
51,148
51,153
51,164
51,167
51,169
51,171
51,173
51,175
51,200
51,203
51,204
51,206
51,216
51,229
51,236
51,237
51,238
51,247
51,259
51,264
51,273
51,274
51,280
51,304
51,309
51,311
51,313
51,330
51,332
51,337
51,350
51,366
51,388
51,394
51,398
51,399
51,403
51,404
51,406
51,407
51,409
51,411
51,413
51,417
51,445
51,448
51,489
51,492
51,493
51,497
51,500
51,508
51,510
51,511
51,513
51,516
51,531
51,534
51,549
51,550
51,556
51,571
51,573
51,574
51,575
51,581
51,585
51,587
51,606
51,619
51,639
51,646
51,674
51,675
51,689
51,714
51,715
51,718
51,724
51,726
51,736
51,747
51,774
51,775
51,776
51,777
51,778
51,779
51,780
51,781
51,782
51,783
51,784
51,785
51,786
51,787
51,788
51,789
51,790
51,791
51,792
51,793
51,794
51,795
51,796
51,797
51,798
51,799
51,800
51,801
51,802
51,803
51,804
51,805
51,806
51,807
52,15
52,48
52,143
52,145
52,155
52,222
52,393
52,446
53,1
53,9
53,12
53,17
53,18
53,19
53,36
53,95
53,96
53,107
53,114
53,143
53,146
53,174
53,188
53,214
53,223
53,307
53,333
53,498
54,52
54,53
54,124
54,255
54,318
54,345
54,674
55,2
55,4
55,6
55,8
55,14
55,16
55,29
55,30
55,39
55,44
55,49
55,60
55,75
55,76
55,77
55,86
55,96
55,106
55,114
55,121
55,124
55,127
55,128
55,131
55,132
55,136
55,142
55,143
55,146
55,151
55,154
55,156
55,159
55,165
55,170
55,177
55,180
55,182
55,183
55,187
55,206
55,216
55,222
55,234
55,263
55,265
55,282
55,288
55,334
55,345
55,349
55,646
56,94
57,2
57,195
57,372
58,1
58,5
58,6
58,7
58,8
58,11
58,14
58,19
58,23
58,25
58,28
58,30
58,31
58,33
58,40
58,50
58,51
58,54
58,62
58,64
58,65
58,66
58,67
58,68
58,71
58,73
58,74
58,81
58,84
58,85
58,94
58,96
58,98
58,104
58,106
58,107
58,108
58,123
58,125
58,126
58,127
58,131
58,134
58,144
58,148
58,157
58,159
58,160
58,161
58,173
58,180
58,188
58,191
58,193
58,204
58,213
58,216
58,221
58,223
58,224
58,234
58,236
58,237
58,241
58,244
58,263
58,266
58,271
58,276
58,278
58,287
58,288
58,289
58,290
58,298
58,300
58,304
58,305
58,306
58,307
58,314
58,319
58,320
58,324
58,325
58,326
58,328
58,333
58,359
58,361
58,365
58,368
58,369
58,376
58,378
58,384
58,392
58,396
58,397
58,401
58,403
58,407
58,411
58,459
58,475
58,479
58,482
58,487
58,508
58,546
58,576
58,663
58,664
58,689
58,714
58,723
58,727
58,777
58,778
58,818
58,819
58,820
58,821
58,822
58,823
58,824
58,825
58,826
58,827
59,1
59,2
59,21
59,26
59,70
59,82
59,100
59,104
59,111
59,122
59,123
59,143
59,206
59,208
59,213
59,224
59,233
59,234
59,253
59,255
59,266
59,337
59,357
59,374
59,391
59,396
59,409
59,412
59,428
59,445
59,450
59,451
59,481
59,510
59,570
59,604
59,608
59,623
59,627
59,685
59,759
59,770
59,823
59,828
59,829
59,830
59,831
59,832
59,833
59,834
59,835
59,836
59,837
59,838
59,839
59,840
59,841
59,842
59,843
59,844
59,845
59,846
60,2
60,4
60,14
60,35
60,36
60,68
60,70
60,75
60,173
60,219
60,336
60,388
61,0
61,2
61,30
61,36
61,51
61,60
61,73
61,82
61,100
61,141
61,189
62,1
62,2
62,3
62,21
62,24
62,26
62,28
62,30
62,35
62,37
62,50
62,58
62,70
62,71
62,74
62,75
62,76
62,77
62,80
62,84
62,85
62,88
62,95
62,107
62,123
62,231
62,276
62,277
62,303
62,316
62,375
62,392
62,545
62,569
62,681
62,847
62,848
62,849
63,2
63,23
63,26
63,44
63,54
63,156
63,325
63,427
63,600
63,727
63,769
63,850
63,851
63,852
63,853
63,854
63,855
63,856
63,857
64,4
64,5
64,7
64,11
64,13
64,14
64,15
64,26
64,58
64,65
64,66
64,68
64,69
64,71
64,74
64,75
64,77
64,85
64,87
64,88
64,90
64,91
64,98
64,106
64,108
64,112
64,114
64,115
64,123
64,126
64,142
64,170
64,187
64,188
64,216
64,236
64,237
64,243
64,263
64,300
65,5
65,20
65,26
65,30
65,31
65,35
65,38
65,39
65,51
65,58
65,64
65,66
65,68
65,69
65,70
65,71
65,73
65,77
65,98
65,106
65,108
65,113
65,142
65,146
65,148
65,150
65,154
65,170
65,223
65,227
65,228
65,237
65,257
65,495
65,556
65,901
66,1
66,2
66,6
66,14
66,26
66,27
66,30
66,58
66,64
66,67
66,68
66,69
66,70
66,71
66,73
66,77
66,82
66,84
66,87
66,93
66,94
66,100
66,104
66,111
66,113
66,122
66,228
66,229
66,377
66,509
66,538
66,840
66,907
66,908
66,909
66,910
66,911
66,912
66,913
66,914
66,915
66,916
66,917
67,0
67,7
67,8
67,9
67,16
67,17
67,19
67,30
67,31
67,37
67,45
67,48
67,58
67,65
67,66
67,68
67,70
67,71
67,73
67,74
67,75
67,84
67,86
67,91
67,95
67,96
67,97
67,98
67,100
67,104
67,106
67,108
67,111
67,112
67,114
67,115
67,125
67,127
67,140
67,146
67,151
67,154
67,157
67,161
67,162
67,163
67,176
67,177
67,180
67,183
67,186
67,188
67,206
67,216
67,217
67,220
67,222
67,223
67,224
67,228
67,237
67,238
67,240
67,244
67,255
67,262
67,263
67,272
67,290
67,306
67,314
67,320
67,322
67,325
67,326
67,327
67,333
67,334
67,346
67,369
67,377
67,562
67,678
67,808
67,828
67,905
67,906
68,5
68,6
68,8
68,14
68,23
68,60
68,64
68,69
68,70
68,71
68,77
68,82
68,84
68,85
68,87
68,88
68,90
68,94
68,98
68,100
68,108
68,111
68,112
68,113
68,120
68,123
68,179
68,221
68,224
68,226
68,265
68,335
68,336
68,376
68,384
69,7
69,14
69,23
69,31
69,35
69,64
69,65
69,66
69,68
69,70
69,71
69,82
69,84
69,85
69,87
69,89
69,91
69,95
69,96
69,113
69,115
69,150
69,224
69,243
69,376
70,2
70,6
70,7
70,20
70,23
70,26
70,27
70,28
70,33
70,35
70,59
70,60
70,62
70,65
70,66
70,67
70,68
70,69
70,71
70,72
70,73
70,74
70,82
70,84
70,87
70,100
70,104
70,113
70,122
70,150
70,164
70,224
70,228
70,237
70,243
70,257
70,265
70,335
70,343
70,384
70,817
71,4
71,5
71,6
71,7
71,11
71,14
71,16
71,21
71,23
71,24
71,26
71,31
71,35
71,37
71,58
71,62
71,64
71,65
71,66
71,67
71,68
71,69
71,70
71,73
71,74
71,75
71,80
71,81
71,82
71,84
71,85
71,91
71,94
71,98
71,112
71,128
71,150
71,168
71,228
71,278
71,290
71,292
71,335
71,410
72,5
72,6
72,14
72,23
72,26
72,27
72,28
72,33
72,35
72,66
72,68
72,70
72,73
72,82
72,84
72,100
72,112
72,114
72,148
72,229
72,257
72,377
72,643
72,850
72,916
72,917
72,919
72,920
72,921
72,922
72,923
72,924
72,925
72,926
72,927
72,928
72,929
72,930
72,931
73,0
73,2
73,5
73,6
73,8
73,11
73,20
73,22
73,23
73,25
73,26
73,27
73,28
73,29
73,37
73,38
73,40
73,44
73,45
73,48
73,51
73,55
73,56
73,58
73,61
73,65
73,66
73,67
73,70
73,71
73,72
73,74
73,75
73,80
73,81
73,84
73,86
73,90
73,94
73,96
73,98
73,107
73,111
73,113
73,114
73,115
73,117
73,118
73,124
73,131
73,135
73,146
73,148
73,151
73,154
73,157
73,158
73,159
73,160
73,161
73,162
73,164
73,166
73,169
73,173
73,175
73,176
73,178
73,180
73,183
73,190
73,193
73,195
73,198
73,203
73,204
73,214
73,215
73,217
73,220
73,221
73,222
73,223
73,227
73,228
73,229
73,233
73,234
73,236
73,237
73,240
73,241
73,242
73,243
73,248
73,252
73,254
73,257
73,259
73,261
73,264
73,265
73,266
73,284
73,287
73,288
73,293
73,294
73,297
73,298
73,299
73,301
73,305
73,314
73,316
73,320
73,324
73,325
73,326
73,333
73,334
73,339
73,341
73,355
73,356
73,358
73,361
73,365
73,368
73,372
73,377
73,380
73,383
73,388
73,397
73,417
73,420
73,448
73,456
73,457
73,459
73,460
73,462
73,465
73,468
73,482
73,487
73,498
73,501
73,502
73,513
73,514
73,520
73,550
73,554
73,556
73,557
73,558
73,560
73,573
73,613
73,652
73,656
73,657
73,659
73,662
73,664
73,669
73,670
73,695
73,700
73,712
73,714
73,727
73,778
73,791
73,817
73,820
73,824
73,847
73,859
73,906
73,932
73,933
73,934
73,935
73,936
73,937
73,938
73,939
73,940
73,941
73,942
73,943
73,944
73,945
73,946
73,947
73,948
73,949
73,950
73,951
73,952
73,953
74,6
74,14
74,21
74,26
74,35
74,37
74,58
74,62
74,64
74,67
74,70
74,71
74,75
74,80
74,84
74,104
74,228
74,292
74,380
75,0
75,6
75,7
75,8
75,11
75,15
75,16
75,18
75,33
75,36
75,62
75,64
75,65
75,67
75,68
75,69
75,71
75,74
75,77
75,82
75,84
75,87
75,88
75,91
75,97
75,98
75,108
75,114
75,115
75,125
75,126
75,127
75,130
75,148
75,151
75,154
75,155
75,170
75,180
75,188
75,190
75,280
75,330
75,336
76,3
76,6
76,16
76,28
76,37
76,38
76,46
76,50
76,52
76,62
76,67
76,77
76,81
76,89
76,94
76,99
76,104
76,112
76,120
76,150
76,159
76,176
76,183
76,196
76,228
76,229
76,233
76,244
76,257
76,264
76,265
76,266
76,278
76,281
76,307
76,315
76,319
76,357
76,373
76,384
76,391
76,399
76,405
76,408
76,412
76,431
76,433
76,435
76,438
76,440
76,441
76,459
76,482
76,490
76,500
76,507
76,534
76,556
76,571
76,580
76,581
76,589
76,598
76,599
76,603
76,604
76,606
76,608
76,611
76,613
76,622
76,650
76,656
76,671
76,675
76,676
76,680
76,713
76,722
76,728
76,729
76,732
76,734
76,738
76,741
76,747
76,750
76,752
76,761
76,766
76,777
76,792
76,805
76,817
76,830
76,840
76,863
76,866
76,868
76,875
76,876
76,881
76,886
76,888
76,892
76,897
76,901
76,954
76,955
76,956
76,957
76,958
76,959
76,960
76,961
76,962
76,963
76,964
76,965
76,966
76,967
76,968
76,969
76,970
76,971
76,972
76,973
76,974
76,975
76,976
76,977
76,978
76,979
76,980
76,981
76,982
76,983
76,984
76,985
76,986
76,987
76,988
76,989
77,5
77,6
77,7
77,11
77,12
77,14
77,16
77,30
77,33
77,35
77,55
77,62
77,64
77,65
77,66
77,68
77,71
77,76
77,80
77,84
77,106
77,108
77,112
77,123
77,126
77,127
77,170
77,183
77,188
77,216
77,278
77,330
77,381
78,3
78,5
78,11
78,20
78,23
78,24
78,26
78,36
78,37
78,60
78,62
78,72
78,75
78,77
78,80
78,85
78,96
78,99
78,100
78,104
78,130
78,150
78,182
78,216
78,221
78,235
78,319
78,340
78,375
78,475
78,552
78,858
78,990
78,991
79,130
79,140
79,141
79,157
79,244
79,247
79,255
79,295
79,325
79,326
79,460
79,509
79,553
79,619
79,825
79,992
80,5
80,23
80,30
80,62
80,74
80,77
80,88
80,98
80,114
80,123
81,7
81,16
81,17
81,30
81,36
81,38
81,39
81,40
81,52
81,57
81,67
81,71
81,76
81,83
81,85
81,91
81,98
81,100
81,112
81,123
81,127
81,129
81,130
81,131
81,134
81,135
81,137
81,142
81,150
81,153
81,159
81,160
81,163
81,177
81,178
81,180
81,191
81,193
81,211
81,212
81,221
81,238
81,241
81,242
81,243
81,263
81,268
81,271
81,272
81,276
81,280
81,288
81,290
81,293
81,295
81,300
81,301
81,303
81,304
81,305
81,306
81,307
81,310
81,316
81,320
81,322
81,326
81,347
81,349
81,350
81,368
81,372
81,392
81,458
81,461
81,463
81,464
81,479
81,481
81,482
81,545
81,656
81,663
81,671
81,681
81,705
81,849
81,860
81,993
81,994
81,995
81,996
82,1
82,3
82,5
82,6
82,9
82,11
82,16
82,47
82,59
82,64
82,66
82,68
82,70
82,71
82,72
82,76
82,78
82,83
82,95
82,97
82,98
82,100
82,102
82,104
82,106
82,110
82,119
82,120
82,122
82,131
82,134
82,146
82,177
82,191
82,196
82,197
82,205
82,224
82,228
82,229
82,233
82,236
82,244
82,247
82,265
82,266
82,273
82,274
82,280
82,281
82,294
82,312
82,315
82,317
82,324
82,329
82,337
82,338
82,343
82,347
82,350
82,387
82,391
82,395
82,396
82,401
82,404
82,405
82,406
82,415
82,420
82,425
82,428
82,433
82,436
82,440
82,448
82,464
82,470
82,471
82,477
82,482
82,494
82,498
82,501
82,507
82,508
82,514
82,515
82,519
82,520
82,521
82,534
82,537
82,539
82,546
82,556
82,560
82,572
82,573
82,574
82,576
82,580
82,581
82,582
82,589
82,593
82,599
82,603
82,604
82,606
82,611
82,612
82,613
82,614
82,616
82,625
82,626
82,629
82,637
82,641
82,642
82,643
82,650
82,664
82,676
82,685
82,713
82,720
82,724
82,728
82,729
82,732
82,735
82,739
82,741
82,742
82,744
82,746
82,749
82,752
82,753
82,758
82,759
82,767
82,771
82,772
82,779
82,780
82,795
82,810
82,815
82,817
82,829
82,835
82,839
82,840
82,841
82,842
82,843
82,844
82,845
82,846
82,850
82,852
82,855
82,861
82,866
82,869
82,874
82,880
82,881
82,885
82,888
82,892
82,893
82,899
82,908
82,910
82,911
82,912
82,913
82,915
82,916
82,917
82,919
82,923
82,924
82,926
82,928
82,929
82,930
82,931
82,933
82,951
82,955
82,959
82,961
82,963
82,965
82,967
82,976
82,977
82,979
82,980
82,981
82,985
82,986
82,997
82,998
82,999
82,1000
82,1001
82,1002
82,1003
82,1004
82,1005
82,1006
82,1007
82,1008
82,1009
82,1010
82,1011
82,1012
82,1013
82,1014
82,1015
82,1016
82,1017
82,1018
82,1019
82,1020
82,1021
82,1022
82,1023
82,1024
82,1025
82,1026
82,1027
82,1028
82,1029
82,1030
82,1031
82,1032
82,1033
82,1034
82,1035
82,1036
82,1037
82,1038
82,1039
82,1040
82,1041
82,1042
82,1043
82,1044
82,1045
82,1046
82,1047
82,1048
82,1049
82,1050
82,1051
82,1052
82,1053
82,1054
82,1055
82,1056
82,1057
82,1058
82,1059
82,1060
82,1061
82,1062
82,1063
82,1064
82,1065
82,1066
82,1067
82,1068
82,1069
82,1070
82,1071
82,1072
82,1073
82,1074
82,1075
82,1076
82,1077
82,1078
82,1079
82,1080
82,1081
82,1082
82,1083
82,1084
82,1085
82,1086
82,1087
82,1088
82,1089
82,1090
82,1091
82,1092
82,1093
82,1094
82,1095
82,1096
82,1097
82,1098
82,1099
82,1100
82,1101
82,1102
82,1103
82,1104
82,1105
82,1106
82,1107
82,1108
82,1109
82,1110
82,1111
82,1112
82,1113
82,1114
82,1115
82,1116
82,1117
82,1118
82,1119
82,1120
82,1121
82,1122
82,1123
82,1124
82,1125
82,1126
82,1127
82,1128
82,1129
82,1130
82,1131
82,1132
82,1133
82,1134
82,1135
82,1136
82,1137
82,1138
82,1139
82,1140
82,1141
82,1142
82,1143
82,1144
82,1145
82,1146
82,1147
82,1148
82,1149
82,1150
82,1151
82,1152
82,1153
82,1154
82,1155
82,1156
82,1157
82,1158
82,1159
82,1160
82,1161
82,1162
82,1163
82,1164
82,1165
82,1166
82,1167
82,1168
82,1169
82,1170
82,1171
82,1172
82,1173
82,1174
82,1175
82,1176
82,1177
82,1178
82,1179
82,1180
82,1181
82,1182
82,1183
82,1184
82,1185
82,1186
82,1187
82,1188
82,1189
82,1190
83,16
83,21
83,29
83,31
83,48
83,81
83,82
83,96
83,100
83,107
83,111
83,112
83,113
83,131
83,134
83,141
83,155
83,158
83,159
83,160
83,165
83,177
83,201
83,221
83,242
83,245
83,251
83,253
83,254
83,264
83,288
83,293
83,298
83,306
83,364
83,368
83,416
83,458
83,463
83,475
83,511
83,562
83,569
83,652
83,661
83,880
83,947
83,1192
83,1193
83,1194
83,1195
84,6
84,14
84,30
84,35
84,37
84,50
84,58
84,61
84,62
84,66
84,67
84,68
84,69
84,70
84,71
84,73
84,74
84,75
84,88
84,95
84,98
84,112
84,114
84,115
84,237
85,1
85,5
85,6
85,7
85,9
85,15
85,17
85,27
85,30
85,36
85,55
85,58
85,60
85,62
85,64
85,65
85,68
85,74
85,75
85,77
85,78
85,84
85,95
85,100
85,108
85,109
85,112
85,114
85,118
85,123
85,126
85,127
85,140
85,150
85,154
85,177
85,180
85,187
85,191
85,220
85,221
85,222
85,224
85,231
85,239
85,262
85,263
85,264
85,381
85,384
85,555
86,4
86,9
86,11
86,14
86,16
86,30
86,34
86,51
86,55
86,56
86,67
86,104
86,106
86,108
86,111
86,114
86,119
86,122
86,126
86,127
86,148
86,152
86,173
86,177
86,180
86,204
86,228
86,229
86,237
86,263
86,315
86,357
86,378
86,384
86,388
86,405
86,539
86,571
86,599
86,625
86,651
86,753
86,767
86,813
86,866
86,887
86,899
86,910
86,961
86,967
86,979
86,1019
86,1060
86,1082
86,1089
86,1090
86,1100
86,1141
86,1198
86,1199
86,1200
86,1201
86,1202
86,1203
86,1204
86,1205
86,1206
86,1207
86,1208
86,1209
86,1210
86,1211
86,1212
86,1213
87,4
87,35
87,64
87,66
87,68
87,69
87,70
87,75
87,80
87,91
87,95
87,115
87,169
87,237
87,383
88,4
88,33
88,37
88,62
88,64
88,71
88,80
88,84
88,85
88,153
88,275
89,7
89,20
89,62
89,69
89,88
89,90
89,91
89,96
90,4
90,5
90,33
90,62
90,64
90,69
90,71
90,75
90,85
90,89
90,91
90,98
90,100
90,109
90,230
90,265
91,13
91,64
91,75
91,87
91,109
91,188
91,540
92,118
92,191
92,194
92,199
92,200
92,227
92,279
92,372
92,457
92,461
92,463
92,545
92,664
92,1214
93,6
93,80
94,5
94,11
94,23
94,24
94,26
94,35
94,37
94,56
94,58
94,66
94,68
94,71
94,73
94,76
94,149
94,204
94,228
94,237
94,340
94,343
95,20
95,35
95,37
95,51
95,69
95,75
95,82
95,85
95,87
95,96
95,168
95,237
95,243
95,253
96,5
96,6
96,8
96,9
96,11
96,14
96,16
96,19
96,23
96,24
96,25
96,28
96,33
96,34
96,36
96,38
96,40
96,42
96,44
96,49
96,51
96,52
96,53
96,55
96,58
96,65
96,67
96,69
96,71
96,73
96,74
96,75
96,77
96,78
96,81
96,82
96,83
96,84
96,88
96,90
96,91
96,98
96,101
96,106
96,108
96,111
96,112
96,114
96,125
96,127
96,128
96,129
96,132
96,133
96,134
96,146
96,147
96,148
96,149
96,150
96,151
96,156
96,158
96,159
96,160
96,161
96,162
96,164
96,175
96,176
96,177
96,178
96,181
96,190
96,193
96,204
96,206
96,212
96,216
96,218
96,224
96,225
96,229
96,232
96,233
96,236
96,238
96,243
96,244
96,251
96,261
96,265
96,273
96,278
96,279
96,289
96,290
96,291
96,292
96,298
96,300
96,303
96,304
96,305
96,314
96,324
96,325
96,326
96,328
96,333
96,334
96,335
96,337
96,339
96,341
96,342
96,359
96,365
96,366
96,380
96,381
96,384
96,399
96,400
96,405
96,407
96,408
96,409
96,417
96,420
96,423
96,428
96,431
96,436
96,440
96,441
96,464
96,470
96,471
96,479
96,481
96,482
96,484
96,492
96,494
96,495
96,496
96,498
96,508
96,512
96,513
96,514
96,520
96,522
96,532
96,537
96,541
96,550
96,555
96,560
96,563
96,569
96,599
96,604
96,605
96,609
96,613
96,623
96,642
96,650
96,689
96,702
96,712
96,723
96,727
96,729
96,741
96,752
96,759
96,766
96,767
96,770
96,772
96,777
96,779
96,781
96,792
96,806
96,807
96,837
96,838
96,842
96,846
96,852
96,853
96,855
96,860
96,868
96,871
96,872
96,876
96,887
96,892
96,933
96,941
96,943
96,944
96,949
96,963
96,967
96,968
96,973
96,979
96,981
96,982
96,988
96,997
96,1012
96,1017
96,1019
96,1038
96,1043
96,1044
96,1045
96,1057
96,1058
96,1060
96,1064
96,1070
96,1110
96,1196
96,1216
96,1229
96,1230
96,1231
96,1232
96,1233
96,1234
96,1235
96,1236
96,1237
96,1238
96,1239
96,1240
96,1241
96,1242
96,1243
96,1244
96,1245
96,1246
96,1247
96,1248
96,1249
96,1250
96,1251
96,1252
96,1253
96,1254
96,1255
96,1256
96,1257
96,1258
96,1259
96,1260
96,1261
97,6
97,9
97,26
97,28
97,30
97,37
97,65
97,67
97,68
97,76
97,82
97,86
97,100
97,106
97,112
97,113
97,119
97,120
97,125
97,150
97,176
97,181
97,190
97,196
97,213
97,225
97,229
97,238
97,260
97,266
97,278
97,279
97,282
97,329
97,338
97,361
97,404
97,433
97,436
97,441
97,444
97,448
97,464
97,469
97,482
97,494
97,495
97,496
97,519
97,534
97,535
97,556
97,564
97,604
97,613
97,622
97,629
97,637
97,656
97,676
97,711
97,719
97,728
97,740
97,749
97,758
97,770
97,817
97,840
97,845
97,851
97,852
97,855
97,867
97,869
97,874
97,881
97,900
97,908
97,910
97,965
97,967
97,974
97,975
97,978
97,979
97,980
97,981
97,982
97,985
97,1033
97,1043
97,1051
97,1058
97,1063
97,1075
97,1078
97,1080
97,1082
97,1086
97,1093
97,1105
97,1124
97,1132
97,1141
97,1156
97,1159
97,1257
97,1259
97,1262
97,1263
97,1264
97,1265
97,1266
97,1267
97,1268
97,1269
97,1270
97,1271
97,1272
97,1273
97,1274
97,1275
97,1276
97,1277
97,1278
97,1279
97,1280
97,1281
97,1282
97,1283
97,1284
97,1285
97,1286
97,1287
97,1288
97,1289
97,1290
97,1291
97,1292
98,1
98,3
98,5
98,6
98,7
98,15
98,16
98,19
98,21
98,23
98,35
98,37
98,38
98,39
98,40
98,44
98,48
98,49
98,52
98,58
98,64
98,65
98,67
98,71
98,73
98,74
98,75
98,77
98,80
98,81
98,82
98,84
98,85
98,86
98,87
98,90
98,96
98,101
98,104
98,106
98,108
98,112
98,114
98,120
98,123
98,124
98,125
98,127
98,128
98,129
98,132
98,134
98,146
98,150
98,151
98,152
98,154
98,155
98,159
98,160
98,161
98,162
98,176
98,177
98,180
98,186
98,187
98,190
98,204
98,206
98,212
98,216
98,218
98,227
98,228
98,236
98,244
98,264
98,266
98,278
98,290
98,306
98,314
98,322
98,325
98,326
98,369
98,384
98,388
98,448
98,475
98,558
98,652
98,880
98,997
98,998
98,1293
99,2
99,98
100,3
100,6
100,11
100,12
100,14
100,21
100,23
100,24
100,26
100,27
100,28
100,30
100,34
100,37
100,38
100,50
100,56
100,59
100,60
100,66
100,67
100,68
100,69
100,70
100,72
100,75
100,76
100,81
100,82
100,83
100,85
100,93
100,95
100,98
100,108
100,112
100,115
100,121
100,122
100,146
100,148
100,150
100,152
100,154
100,177
100,179
100,204
100,223
100,224
100,227
100,228
100,229
100,230
100,234
100,237
100,241
100,253
100,257
100,265
100,274
100,292
100,370
100,375
100,383
100,384
100,388
100,412
100,417
100,471
100,627
100,817
100,901
100,902
100,918
100,1119
101,8
101,24
101,244
101,1294
102,21
102,161
102,200
102,233
102,274
102,288
102,356
102,363
102,364
102,384
102,395
102,461
102,463
102,505
102,514
102,515
102,516
102,565
102,613
102,666
102,794
102,807
102,1287
103,224
104,5
104,7
104,8
104,16
104,19
104,28
104,50
104,59
104,65
104,66
104,67
104,74
104,76
104,80
104,84
104,86
104,93
104,96
104,97
104,100
104,102
104,106
104,110
104,111
104,122
104,123
104,159
104,161
104,176
104,180
104,193
104,212
104,221
104,228
104,229
104,233
104,236
104,237
104,243
104,247
104,261
104,265
104,266
104,274
104,278
104,292
104,304
104,305
104,310
104,315
104,337
104,338
104,371
104,378
104,395
104,400
104,401
104,404
104,405
104,408
104,409
104,418
104,425
104,427
104,428
104,434
104,438
104,440
104,464
104,470
104,471
104,481
104,482
104,489
104,494
104,495
104,498
104,505
104,508
104,516
104,519
104,528
104,534
104,546
104,556
104,560
104,563
104,571
104,596
104,602
104,604
104,608
104,610
104,611
104,613
104,629
104,631
104,638
104,642
104,650
104,656
104,680
104,719
104,722
104,728
104,740
104,747
104,749
104,752
104,753
104,758
104,759
104,760
104,767
104,770
104,777
104,792
104,817
104,839
104,840
104,863
104,866
104,868
104,873
104,874
104,881
104,887
104,888
104,901
104,910
104,915
104,948
104,958
104,980
104,982
104,984
104,986
104,988
104,1002
104,1014
104,1019
104,1037
104,1039
104,1047
104,1054
104,1062
104,1075
104,1077
104,1082
104,1086
104,1087
104,1092
104,1093
104,1105
104,1119
104,1218
104,1219
104,1236
104,1247
104,1252
104,1259
104,1278
104,1297
104,1298
104,1299
104,1300
104,1301
104,1302
104,1303
104,1304
104,1305
104,1306
104,1307
104,1308
104,1309
105,8
106,8
106,11
106,51
106,65
106,123
106,126
106,171
106,189
106,221
106,235
107,42
107,53
107,83
107,110
107,152
107,188
107,214
107,224
107,241
107,264
107,270
107,271
107,300
107,307
107,317
107,337
107,370
107,459
107,479
107,481
107,487
107,550
107,570
107,599
107,612
107,627
107,689
107,727
107,820
107,868
107,947
107,995
107,1022
107,1037
107,1326
107,1327
107,1328
108,5
108,6
108,7
108,9
108,11
108,14
108,26
108,28
108,33
108,51
108,64
108,65
108,68
108,69
108,75
108,77
108,85
108,86
108,100
108,106
108,115
108,120
108,123
108,126
108,127
108,168
108,204
108,216
108,220
108,221
108,263
108,292
108,315
109,91
109,142
109,155
109,179
109,206
109,334
109,345
110,25
110,45
110,47
110,48
110,52
110,107
110,129
110,153
110,160
110,161
110,162
110,169
110,203
110,211
110,214
110,227
110,241
110,245
110,261
110,264
110,266
110,282
110,294
110,304
110,306
110,310
110,324
110,337
110,341
110,384
110,397
110,398
110,403
110,408
110,417
110,440
110,448
110,453
110,459
110,468
110,475
110,481
110,489
110,492
110,501
110,560
110,569
110,585
110,619
110,627
110,649
110,653
110,662
110,665
110,671
110,675
110,703
110,714
110,719
110,722
110,725
110,779
110,796
110,906
110,948
110,1001
110,1293
110,1327
110,1329
110,1330
110,1331
110,1332
111,5
111,11
111,16
111,26
111,30
111,31
111,37
111,38
111,48
111,53
111,59
111,66
111,67
111,68
111,73
111,80
111,83
111,86
111,88
111,90
111,94
111,96
111,104
111,112
111,113
111,114
111,115
111,121
111,122
111,131
111,135
111,146
111,149
111,152
111,154
111,158
111,160
111,161
111,173
111,178
111,179
111,183
111,193
111,195
111,199
111,204
111,216
111,220
111,222
111,223
111,227
111,228
111,234
111,237
111,241
111,253
111,257
111,259
111,264
111,284
111,286
111,288
111,292
111,293
111,331
111,341
111,343
111,349
111,350
111,353
111,357
111,358
111,379
111,382
111,387
111,417
111,448
111,457
111,459
111,462
111,466
111,468
111,478
111,482
111,483
111,484
111,485
111,487
111,491
111,498
111,501
111,513
111,558
111,570
111,646
111,657
111,663
111,664
111,665
111,668
111,669
111,700
111,717
111,817
111,828
111,829
111,880
111,918
111,933
111,937
111,941
111,943
111,945
111,991
111,995
111,1001
111,1195
111,1333
111,1334
111,1335
111,1336
111,1337
112,3
112,5
112,6
112,14
112,16
112,25
112,27
112,33
112,36
112,37
112,38
112,39
112,40
112,44
112,46
112,51
112,52
112,55
112,58
112,60
112,64
112,67
112,68
112,71
112,72
112,73
112,75
112,77
112,78
112,81
112,82
112,84
112,85
112,98
112,104
112,128
112,130
112,131
112,132
112,141
112,142
112,144
112,145
112,146
112,147
112,151
112,153
112,154
112,156
112,157
112,161
112,163
112,177
112,183
112,186
112,193
112,204
112,210
112,211
112,212
112,214
112,217
112,223
112,236
112,259
112,260
112,263
112,266
112,283
112,291
112,293
112,318
112,320
112,322
112,335
112,384
112,411
112,447
112,463
112,475
112,485
112,558
112,654
112,663
112,676
112,717
112,906
112,992
112,1338
113,5
113,6
113,8
113,9
113,13
113,16
113,17
113,28
113,31
113,33
113,37
113,38
113,48
113,53
113,65
113,66
113,67
113,68
113,69
113,70
113,73
113,76
113,82
113,83
113,94
113,97
113,102
113,111
113,114
113,117
113,120
113,122
113,124
113,146
113,148
113,150
113,156
113,159
113,161
113,164
113,166
113,177
113,178
113,183
113,191
113,193
113,204
113,216
113,222
113,223
113,233
113,236
113,241
113,244
113,250
113,251
113,252
113,254
113,257
113,258
113,259
113,265
113,266
113,271
113,272
113,279
113,283
113,285
113,288
113,293
113,295
113,298
113,299
113,301
113,304
113,305
113,307
113,320
113,321
113,322
113,325
113,338
113,341
113,359
113,363
113,365
113,366
113,368
113,369
113,388
113,392
113,395
113,447
113,448
113,452
113,453
113,457
113,475
113,483
113,495
113,544
113,557
113,613
113,646
113,652
113,654
113,656
113,659
113,663
113,673
113,695
113,704
113,711
113,719
113,817
113,828
113,847
113,934
113,937
113,1339
113,1340
113,1341
113,1342
113,1343
113,1344
114,11
114,14
114,15
114,16
114,26
114,27
114,31
114,39
114,53
114,64
114,67
114,71
114,73
114,75
114,84
114,85
114,86
114,96
114,98
114,106
114,107
114,111
114,113
114,115
114,122
114,127
114,130
114,142
114,148
114,154
114,165
114,173
114,180
114,183
114,204
114,216
114,217
114,223
114,224
114,227
114,228
114,234
114,235
114,237
114,257
114,264
114,265
114,279
114,314
114,376
114,412
114,918
115,5
115,20
115,40
115,64
115,65
115,66
115,69
115,75
115,77
115,84
115,87
115,90
115,95
115,100
115,114
115,116
115,122
115,123
115,141
115,168
115,169
115,172
115,206
115,221
115,234
115,238
115,243
115,255
115,335
115,336
115,339
115,384
116,234
117,113
117,250
117,251
117,283
117,365
117,448
117,449
117,462
117,483
117,551
117,584
117,673
117,1196
117,1341
118,14
118,24
118,35
118,126
119,8
119,106
119,229
119,241
119,261
119,281
119,295
119,443
119,448
119,482
119,496
119,497
119,535
119,620
119,637
119,642
119,741
119,769
119,770
119,771
119,802
119,839
119,855
119,900
119,967
119,975
119,979
119,980
119,985
119,1023
119,1038
119,1050
119,1063
119,1068
119,1074
119,1079
119,1080
119,1093
119,1141
119,1191
119,1204
119,1309
119,1346
119,1347
119,1348
119,1349
119,1350
119,1351
120,20
120,108
120,127
120,189
120,222
120,315
120,320
120,337
120,338
120,378
120,389
120,437
120,769
120,829
120,844
120,850
120,882
120,910
120,913
120,919
120,926
120,1018
120,1019
120,1097
120,1100
120,1112
120,1113
120,1115
120,1122
120,1134
120,1136
120,1141
120,1186
120,1209
120,1212
120,1248
120,1352
120,1353
120,1354
120,1355
120,1356
120,1357
120,1358
121,5
121,6
121,30
121,56
121,69
121,74
121,77
121,100
121,111
122,2
122,5
122,6
122,9
122,12
122,19
122,36
122,37
122,48
122,51
122,52
122,56
122,59
122,66
122,67
122,70
122,82
122,86
122,93
122,96
122,98
122,99
122,100
122,104
122,106
122,111
122,113
122,114
122,120
122,127
122,148
122,151
122,177
122,179
122,180
122,187
122,190
122,191
122,204
122,217
122,224
122,228
122,229
122,232
122,233
122,234
122,237
122,257
122,265
122,273
122,277
122,279
122,282
122,286
122,315
122,329
122,338
122,342
122,369
122,370
122,381
122,383
122,388
122,411
122,428
122,434
122,443
122,464
122,471
122,475
122,482
122,495
122,507
122,539
122,547
122,603
122,606
122,613
122,700
122,713
122,728
122,729
122,747
122,749
122,755
122,758
122,759
122,761
122,770
122,771
122,831
122,840
122,850
122,855
122,874
122,881
122,885
122,888
122,908
122,927
122,933
122,944
122,958
122,974
122,979
122,981
122,983
122,1018
122,1020
122,1021
122,1027
122,1031
122,1038
122,1039
122,1041
122,1045
122,1052
122,1057
122,1065
122,1075
122,1087
122,1095
122,1119
122,1136
122,1227
122,1256
122,1257
122,1268
122,1275
122,1279
122,1280
122,1281
122,1284
122,1288
122,1291
122,1302
122,1317
122,1320
122,1321
122,1360
122,1361
122,1362
122,1363
122,1364
122,1365
122,1366
122,1367
122,1368
122,1369
122,1370
122,1371
122,1372
122,1373
122,1374
122,1375
122,1376
123,23
123,35
123,51
123,64
123,127
123,144
123,171
123,216
123,218
123,220
123,234
123,278
123,328
123,472
124,38
124,50
124,52
124,54
124,55
124,134
124,143
124,151
124,205
124,207
124,210
124,221
124,244
124,258
124,266
124,292
124,293
124,304
124,306
124,380
124,384
124,413
124,459
124,460
124,464
124,485
124,489
124,501
124,502
124,664
124,665
124,678
124,724
124,727
124,788
124,792
124,948
124,1220
124,1334
124,1377
125,51
126,5
126,7
126,8
126,9
126,11
126,13
126,14
126,16
126,20
126,21
126,24
126,30
126,33
126,34
126,35
126,37
126,39
126,48
126,51
126,61
126,65
126,75
126,77
126,86
126,91
126,101
126,106
126,107
126,108
126,118
126,125
126,127
126,128
126,142
126,146
126,154
126,168
126,170
126,173
126,180
126,186
126,190
126,206
126,216
126,223
126,228
126,232
126,233
126,235
126,247
126,274
126,285
126,335
126,339
126,381
126,389
126,473
126,549
126,646
127,15
127,36
127,108
127,114
127,116
127,123
127,125
127,126
127,170
127,179
127,238
128,6
128,8
128,33
128,35
128,37
128,39
128,55
128,71
128,88
128,98
128,112
128,126
128,143
128,146
128,147
128,171
128,216
128,255
128,562
128,646
129,21
129,39
129,40
129,131
129,141
129,204
129,253
129,288
129,320
129,338
129,359
129,365
129,368
129,414
129,447
129,460
130,61
130,78
130,79
130,112
130,114
130,143
130,186
130,284
130,312
130,330
130,334
130,338
130,858
131,0
131,17
131,18
131,19
131,24
131,31
131,38
131,42
131,47
131,48
131,50
131,55
131,83
131,96
131,101
131,106
131,111
131,112
131,118
131,124
131,129
131,132
131,134
131,135
131,146
131,148
131,152
131,153
131,158
131,159
131,160
131,164
131,166
131,175
131,176
131,177
131,180
131,183
131,188
131,190
131,193
131,221
131,223
131,224
131,226
131,227
131,228
131,236
131,241
131,247
131,259
131,264
131,266
131,274
131,284
131,288
131,294
131,298
131,299
131,301
131,303
131,305
131,314
131,341
131,357
131,358
131,362
131,363
131,365
131,369
131,370
131,372
131,380
131,383
131,384
131,387
131,392
131,414
131,440
131,448
131,457
131,460
131,461
131,463
131,468
131,481
131,487
131,498
131,564
131,569
131,613
131,654
131,659
131,660
131,663
131,664
131,670
131,671
131,673
131,681
131,682
131,743
131,823
131,902
131,937
131,940
131,942
131,949
131,1001
131,1328
131,1341
131,1378
131,1379
131,1380
132,46
132,55
132,65
132,100
132,111
132,112
132,113
132,124
132,131
132,148
132,152
132,159
132,177
132,193
132,211
132,214
132,223
132,224
132,227
132,244
132,321
132,358
132,359
132,369
132,384
132,391
132,417
132,459
132,475
132,516
132,544
132,613
132,654
132,663
132,1165
132,1381
133,24
133,216
133,688
134,29
134,39
134,48
134,52
134,78
134,83
134,117
134,124
134,131
134,135
134,136
134,143
134,151
134,152
134,159
134,165
134,166
134,170
134,177
134,192
134,193
134,212
134,213
134,242
134,249
134,259
134,261
134,266
134,269
134,271
134,274
134,293
134,303
134,305
134,306
134,307
134,327
134,334
134,353
134,384
134,409
134,412
134,416
134,440
134,457
134,458
134,459
134,468
134,481
134,516
134,563
134,652
134,663
134,689
134,710
134,736
134,777
134,779
134,789
134,913
134,919
134,996
134,1001
134,1118
134,1169
134,1382
134,1383
134,1384
134,1385
134,1386
134,1387
134,1388
135,5
135,6
135,14
135,27
135,33
135,44
135,45
135,51
135,55
135,73
135,96
135,122
135,134
135,140
135,146
135,160
135,183
135,204
135,224
135,228
135,236
135,237
135,249
135,260
135,337
135,357
135,366
135,384
135,387
135,388
135,400
135,403
135,404
135,406
135,411
135,412
135,471
135,472
135,481
135,485
135,488
135,498
135,502
135,510
135,511
135,513
135,516
135,558
135,560
135,584
135,585
135,591
135,593
135,607
135,654
135,682
135,720
135,736
135,742
135,747
135,770
135,823
135,862
135,863
135,901
135,948
135,1003
135,1196
135,1389
135,1390
135,1391
135,1392
135,1393
136,0
136,49
136,54
136,55
136,151
136,170
136,181
136,370
136,809
137,138
137,242
137,260
137,267
137,285
137,318
137,334
137,679
137,1293
137,1394
137,1395
138,0
138,688
138,1396
139,140
139,232
139,288
139,305
139,412
139,1397
140,18
140,19
140,55
140,78
140,79
140,125
140,135
140,142
140,143
140,144
140,146
140,151
140,157
140,161
140,162
140,174
140,177
140,178
140,206
140,211
140,217
140,293
140,314
140,320
140,322
140,325
140,326
140,333
140,351
140,415
140,475
141,19
141,21
141,39
141,138
141,140
141,154
141,155
141,162
141,295
141,543
142,39
142,55
142,63
142,109
142,114
142,126
142,136
142,137
142,138
142,140
142,143
142,146
142,147
142,151
142,154
142,160
142,193
142,204
142,222
142,228
142,248
142,287
142,324
142,336
142,369
142,383
142,553
143,1
143,38
143,39
143,44
143,48
143,49
143,52
143,53
143,55
143,136
143,144
143,155
143,157
143,162
143,214
143,268
143,288
143,385
143,451
143,476
143,544
143,562
143,693
143,848
144,3
144,19
144,112
144,123
144,140
144,143
144,146
144,163
144,193
144,210
144,211
144,234
144,255
144,327
144,447
144,475
145,40
145,52
145,112
145,124
145,136
145,157
146,1
146,5
146,6
146,7
146,8
146,11
146,13
146,14
146,16
146,19
146,21
146,31
146,36
146,37
146,38
146,39
146,40
146,44
146,48
146,51
146,52
146,53
146,55
146,60
146,65
146,67
146,68
146,71
146,73
146,78
146,82
146,91
146,95
146,96
146,98
146,100
146,104
146,105
146,106
146,108
146,111
146,112
146,113
146,114
146,115
146,120
146,122
146,123
146,126
146,127
146,128
146,131
146,135
146,136
146,138
146,140
146,142
146,143
146,144
146,147
146,148
146,150
146,154
146,157
146,161
146,162
146,170
146,173
146,174
146,177
146,179
146,180
146,183
146,187
146,191
146,204
146,206
146,212
146,214
146,216
146,217
146,218
146,220
146,222
146,223
146,224
146,226
146,228
146,235
146,236
146,237
146,238
146,247
146,260
146,263
146,268
146,273
146,274
146,280
146,282
146,290
146,293
146,314
146,316
146,317
146,318
146,319
146,320
146,325
146,327
146,340
146,350
146,353
146,384
146,385
146,392
146,410
146,453
146,457
146,463
146,475
146,485
146,498
146,540
146,544
146,558
146,648
146,663
146,678
146,682
146,717
146,808
146,904
146,937
147,49
147,122
147,128
147,130
147,142
147,143
147,146
147,151
147,157
147,183
147,188
147,260
147,263
147,273
147,311
147,544
148,27
148,28
148,29
148,47
148,51
148,58
148,68
148,73
148,75
148,86
148,106
148,109
148,111
148,113
148,114
148,122
148,146
148,179
148,216
148,228
148,234
148,247
148,260
148,269
148,274
148,360
148,407
148,432
148,502
148,504
148,510
148,531
148,556
148,789
148,983
148,1049
148,1331
148,1403
149,6
149,31
149,94
149,96
149,111
149,228
149,613
150,6
150,8
150,30
150,50
150,65
150,69
150,70
150,71
150,90
150,113
150,174
150,193
150,212
150,224
150,229
150,266
150,294
150,306
150,325
150,326
150,327
150,386
150,388
150,471
150,613
150,817
151,0
151,17
151,19
151,40
151,55
151,96
151,124
151,134
151,136
151,140
151,147
151,162
151,193
151,228
151,286
151,291
151,301
151,304
151,369
151,381
151,403
151,629
151,678
152,38
152,48
152,52
152,86
152,107
152,111
152,113
152,132
152,134
152,164
152,177
152,179
152,201
152,228
152,241
152,247
152,264
152,266
152,273
152,274
152,277
152,283
152,312
152,370
152,387
152,403
152,413
152,457
152,460
152,468
152,489
152,576
152,698
152,799
152,810
152,824
152,995
152,1001
152,1197
152,1200
152,1326
152,1327
152,1359
152,1380
152,1404
153,8
153,40
153,47
153,54
153,61
153,81
153,88
153,112
153,131
153,136
153,177
153,201
153,211
153,213
153,242
153,245
153,287
153,326
153,334
153,367
153,383
153,385
153,387
153,450
153,463
153,543
153,675
153,697
153,906
153,1352
153,1407
153,1408
154,13
154,16
154,20
154,36
154,38
154,43
154,44
154,50
154,55
154,65
154,67
154,73
154,75
154,101
154,111
154,113
154,114
154,126
154,141
154,142
154,144
154,156
154,170
154,177
154,179
154,183
154,220
154,222
154,223
154,239
154,258
154,262
154,263
154,267
154,287
154,330
154,351
154,459
154,558
154,663
154,809
154,1000
155,49
155,52
155,83
155,109
155,141
155,143
155,156
155,178
155,542
156,47
156,55
156,155
156,245
156,292
156,369
156,429
156,475
156,562
156,624
156,648
156,652
157,3
157,44
157,53
157,61
157,140
157,143
157,145
157,146
157,147
157,181
157,188
157,222
157,227
157,236
157,269
157,293
157,304
157,316
157,320
157,325
157,326
157,333
157,365
157,369
157,392
157,447
157,453
157,652
157,905
158,17
158,21
158,47
158,48
158,52
158,83
158,96
158,117
158,131
158,175
158,201
158,227
158,236
158,241
158,259
158,260
158,298
158,365
158,368
158,369
158,387
158,416
158,422
158,453
158,457
158,459
158,465
158,466
158,487
158,558
158,560
158,570
158,648
158,651
158,681
158,700
158,713
158,809
158,819
158,880
158,995
158,1196
158,1328
158,1341
159,0
159,21
159,47
159,52
159,83
159,166
159,188
159,212
159,215
159,221
159,227
159,238
159,246
159,272
159,276
159,290
159,300
159,304
159,305
159,306
159,316
159,326
159,357
159,366
159,372
159,453
159,461
159,485
159,660
159,902
159,999
159,1410
160,0
160,13
160,19
160,29
160,39
160,44
160,45
160,50
160,81
160,83
160,110
160,131
160,132
160,135
160,142
160,143
160,153
160,175
160,190
160,193
160,221
160,227
160,236
160,241
160,245
160,249
160,261
160,266
160,282
160,285
160,292
160,305
160,310
160,325
160,341
160,361
160,368
160,453
160,457
160,464
160,478
160,481
160,488
160,534
160,550
160,568
160,569
160,664
160,669
160,682
160,810
160,823
160,825
160,860
160,938
160,950
160,991
160,1001
160,1411
161,21
161,39
161,55
161,102
161,140
161,146
161,221
161,240
161,266
161,288
161,298
161,314
161,318
161,334
161,355
161,359
161,360
161,553
161,880
161,1412
162,0
162,16
162,17
162,19
162,21
162,36
162,37
162,39
162,40
162,50
162,52
162,64
162,67
162,73
162,81
162,98
162,110
162,123
162,130
162,136
162,140
162,141
162,143
162,146
162,151
162,163
162,178
162,190
162,212
162,217
162,244
162,266
162,298
162,318
162,321
162,322
162,324
162,325
162,326
162,327
162,334
162,343
162,353
162,369
162,447
162,460
162,553
162,675
162,678
162,694
162,777
162,906
162,1340
162,1402
163,19
163,144
163,295
163,320
164,37
164,73
164,131
164,134
164,152
164,227
164,241
164,274
164,287
164,314
164,324
164,326
164,370
164,377
164,457
164,463
164,483
164,502
164,583
164,713
164,733
164,823
164,946
164,947
164,950
164,1328
164,1413
165,9
165,55
165,171
165,184
165,226
165,258
165,291
165,332
166,13
166,19
166,131
166,134
166,159
166,249
166,276
166,288
166,300
166,305
166,359
166,363
166,365
166,368
166,450
166,457
166,458
166,462
166,468
166,483
166,597
166,654
166,659
166,660
166,664
166,943
167,51
167,259
167,292
167,365
167,403
167,407
167,408
167,459
167,469
167,503
167,505
167,510
167,524
167,679
167,736
167,1263
167,1338
167,1383
167,1414
167,1415
168,5
168,7
168,16
168,37
168,71
168,82
168,85
168,95
168,108
168,126
168,336
169,5
169,7
169,33
169,34
169,37
169,45
169,64
169,85
169,87
169,88
169,91
169,103
169,110
169,115
169,153
169,160
169,172
169,211
169,215
169,237
169,243
169,245
169,278
169,311
169,312
169,358
169,397
169,399
169,411
169,460
169,463
169,483
169,492
169,493
169,494
169,501
169,516
169,567
169,573
169,664
169,683
169,689
169,698
169,714
169,724
169,777
169,779
169,944
169,947
169,951
169,1001
169,1330
169,1416
169,1417
170,7
170,37
170,55
170,64
170,65
170,75
170,88
170,127
170,136
170,154
170,174
170,182
170,255
170,542
170,1420
171,7
171,77
171,123
171,165
171,218
171,235
171,376
171,398
171,405
171,422
171,427
171,439
171,505
171,507
171,532
171,608
171,632
171,741
171,805
171,807
171,830
171,964
171,1421
171,1422
171,1423
172,95
172,169
172,243
172,979
172,1095
173,14
173,16
173,20
173,24
173,30
173,51
173,60
173,73
173,86
173,114
173,115
173,116
173,126
173,142
173,146
173,188
173,204
173,216
173,223
173,228
173,234
173,237
173,265
173,275
173,336
173,341
173,474
174,3
174,19
174,48
174,53
174,140
174,146
174,289
174,317
174,341
174,431
174,792
175,29
175,38
175,51
175,73
175,131
175,158
175,160
175,183
175,201
175,213
175,249
175,259
175,265
175,269
175,288
175,357
175,363
175,380
175,410
175,463
175,514
175,558
175,681
175,708
175,902
175,936
175,995
175,1294
175,1424
176,25
176,28
176,31
176,63
176,72
176,96
176,97
176,102
176,104
176,120
176,122
176,177
176,196
176,212
176,216
176,229
176,233
176,236
176,245
176,273
176,278
176,281
176,294
176,315
176,320
176,329
176,338
176,343
176,378
176,389
176,391
176,407
176,412
176,419
176,423
176,424
176,425
176,428
176,430
176,433
176,440
176,441
176,473
176,475
176,481
176,482
176,489
176,494
176,495
176,500
176,508
176,512
176,517
176,519
176,523
176,539
176,546
176,547
176,548
176,556
176,557
176,560
176,571
176,593
176,595
176,603
176,604
176,613
176,621
176,622
176,629
176,637
176,643
176,645
176,649
176,650
176,661
176,676
176,680
176,711
176,720
176,730
176,735
176,740
176,741
176,747
176,752
176,753
176,758
176,759
176,761
176,767
176,770
176,773
176,775
176,780
176,787
176,799
176,812
176,815
176,816
176,817
176,829
176,830
176,835
176,840
176,841
176,844
176,847
176,850
176,865
176,866
176,867
176,868
176,869
176,873
176,874
176,877
176,880
176,881
176,882
176,886
176,887
176,888
176,900
176,908
176,909
176,911
176,913
176,915
176,916
176,917
176,919
176,920
176,921
176,922
176,923
176,925
176,926
176,928
176,929
176,930
176,933
176,955
176,958
176,973
176,974
176,977
176,979
176,980
176,981
176,982
176,986
176,1000
176,1009
176,1016
176,1019
176,1021
176,1025
176,1029
176,1033
176,1036
176,1045
176,1049
176,1053
176,1054
176,1057
176,1060
176,1062
176,1063
176,1067
176,1068
176,1069
176,1070
176,1071
176,1082
176,1085
176,1086
176,1087
176,1088
176,1090
176,1096
176,1097
176,1099
176,1101
176,1105
176,1106
176,1108
176,1111
176,1113
176,1118
176,1119
176,1120
176,1121
176,1122
176,1125
176,1126
176,1132
176,1133
176,1134
176,1136
176,1137
176,1139
176,1140
176,1141
176,1142
176,1148
176,1149
176,1150
176,1152
176,1153
176,1155
176,1156
176,1157
176,1159
176,1160
176,1161
176,1165
176,1167
176,1168
176,1169
176,1170
176,1172
176,1174
176,1175
176,1176
176,1177
176,1180
176,1181
176,1182
176,1183
176,1185
176,1186
176,1187
176,1188
176,1189
176,1191
176,1198
176,1203
176,1206
176,1209
176,1212
176,1219
176,1224
176,1236
176,1242
176,1243
176,1252
176,1255
176,1256
176,1259
176,1266
176,1267
176,1271
176,1276
176,1278
176,1280
176,1285
176,1289
176,1291
176,1292
176,1300
176,1301
176,1304
176,1306
176,1307
176,1309
176,1314
176,1317
176,1344
176,1349
176,1354
176,1357
176,1358
176,1366
176,1367
176,1383
176,1425
176,1426
176,1427
176,1428
176,1429
176,1430
176,1431
176,1432
176,1433
176,1434
176,1435
176,1436
176,1437
176,1438
176,1439
176,1440
176,1441
176,1442
176,1443
176,1444
176,1445
176,1446
176,1447
176,1448
176,1449
176,1450
176,1451
176,1452
176,1453
176,1454
176,1455
176,1456
176,1457
176,1458
176,1459
176,1460
176,1461
176,1462
176,1463
176,1464
176,1465
176,1466
176,1467
176,1468
176,1469
176,1470
176,1471
176,1472
176,1473
176,1474
176,1475
176,1476
176,1477
176,1478
176,1479
176,1480
176,1481
176,1482
176,1483
176,1484
176,1485
176,1486
176,1487
176,1488
176,1489
176,1490
176,1491
176,1492
176,1493
176,1494
176,1495
176,1496
176,1497
176,1498
176,1499
176,1500
176,1501
176,1502
176,1503
176,1504
176,1505
176,1506
176,1507
176,1508
176,1509
176,1510
176,1511
176,1512
176,1513
176,1514
176,1515
176,1516
176,1517
176,1518
176,1519
176,1520
176,1521
177,4
177,5
177,6
177,11
177,14
177,15
177,16
177,23
177,33
177,44
177,55
177,67
177,68
177,75
177,84
177,85
177,86
177,98
177,100
177,106
177,108
177,109
177,120
177,123
177,125
177,130
177,131
177,140
177,143
177,146
177,148
177,150
177,152
177,154
177,155
177,160
177,170
177,172
177,180
177,182
177,186
177,187
177,190
177,209
177,217
177,220
177,221
177,228
177,229
177,263
177,273
177,286
177,312
177,314
177,334
177,345
177,347
177,370
177,383
177,540
177,544
177,997
178,5
178,11
178,14
178,15
178,16
178,20
178,24
178,27
178,30
178,34
178,52
178,67
178,73
178,77
178,78
178,81
178,85
178,101
178,104
178,106
178,107
178,111
178,113
178,118
178,121
178,122
178,126
178,127
178,128
178,129
178,153
178,154
178,155
178,173
178,180
178,187
178,190
178,216
178,220
178,223
178,230
178,233
178,260
178,265
178,266
178,268
178,279
178,304
178,366
178,457
178,540
178,646
179,68
179,100
179,109
179,152
179,154
179,183
179,204
179,220
179,223
179,252
179,269
179,558
180,9
180,15
180,16
180,19
180,38
180,53
180,67
180,75
180,86
180,114
180,120
180,122
180,126
180,127
180,204
180,219
180,220
180,234
180,235
180,236
180,262
180,263
180,692
180,727
181,136
181,453
182,0
182,55
182,78
182,170
182,177
182,187
182,332
182,334
182,344
182,384
182,460
182,544
182,552
182,1523
183,0
183,1
183,11
183,20
183,21
183,27
183,38
183,43
183,47
183,52
183,55
183,67
183,75
183,76
183,77
183,111
183,112
183,113
183,114
183,131
183,135
183,143
183,146
183,147
183,148
183,154
183,175
183,178
183,179
183,191
183,216
183,222
183,223
183,228
183,244
183,246
183,255
183,257
183,259
183,260
183,265
183,269
183,290
183,309
183,317
183,322
183,327
183,330
183,333
183,353
183,412
183,414
183,476
183,555
183,558
183,637
183,809
183,842
183,906
183,943
183,1335
184,165
185,9
185,626
185,753
185,761
185,846
185,1038
185,1397
185,1445
185,1524
185,1525
186,14
186,74
186,112
186,126
186,130
186,134
186,143
186,177
186,193
186,234
186,259
186,292
186,327
186,357
186,459
187,8
188,8
188,19
188,47
188,53
188,77
188,91
188,95
188,107
188,140
188,147
188,157
188,159
188,217
188,287
188,290
188,292
188,304
188,314
188,325
188,326
188,333
188,652
188,674
188,903
189,6
189,8
189,65
189,69
189,84
189,85
189,96
189,100
189,106
189,235
189,646
190,8
190,10
190,29
190,53
190,61
190,112
190,121
190,122
190,126
190,128
190,160
190,162
190,178
190,192
190,193
190,207
190,215
190,221
190,233
190,241
190,246
190,259
190,293
190,300
190,301
190,310
190,314
190,324
190,326
190,342
190,447
190,466
190,521
190,570
190,670
190,700
190,860
190,906
190,936
190,1333
190,1526
190,1527
191,21
191,92
191,164
191,227
191,275
191,310
191,362
191,400
191,457
191,486
191,682
192,29
192,134
192,190
192,193
192,194
192,215
192,245
192,259
192,282
192,290
192,301
192,305
192,310
192,357
192,359
192,367
192,368
192,380
192,457
192,461
192,507
192,511
192,553
192,585
192,697
192,787
192,803
192,905
192,938
192,1001
192,1220
192,1409
192,1425
192,1528
192,1529
192,1530
193,1
193,10
193,19
193,27
193,29
193,31
193,38
193,40
193,43
193,44
193,46
193,49
193,52
193,54
193,61
193,79
193,96
193,97
193,130
193,131
193,132
193,134
193,138
193,139
193,144
193,151
193,156
193,157
193,159
193,160
193,163
193,176
193,181
193,183
193,186
193,188
193,190
193,192
193,206
193,212
193,213
193,215
193,221
193,227
193,241
193,242
193,244
193,246
193,252
193,255
193,259
193,266
193,268
193,271
193,272
193,277
193,280
193,287
193,288
193,290
193,293
193,294
193,298
193,299
193,300
193,301
193,304
193,305
193,306
193,316
193,317
193,320
193,322
193,324
193,325
193,326
193,327
193,334
193,335
193,341
193,357
193,358
193,359
193,366
193,369
193,370
193,392
193,393
193,412
193,415
193,453
193,457
193,459
193,460
193,461
193,463
193,464
193,465
193,468
193,475
193,479
193,480
193,481
193,511
193,513
193,514
193,542
193,558
193,564
193,652
193,653
193,659
193,661
193,663
193,672
193,689
193,694
193,704
193,727
193,820
193,860
193,880
193,903
193,904
193,934
193,996
193,1001
193,1216
193,1231
193,1349
193,1410
193,1419
193,1532
193,1533
193,1534
194,92
194,192
194,214
194,306
194,464
194,1326
195,214
195,545
195,570
195,665
195,1326
196,282
196,315
196,366
196,391
196,502
196,519
196,520
196,563
196,711
196,777
196,923
196,985
196,1084
196,1125
196,1132
196,1146
196,1151
196,1154
196,1159
196,1161
196,1212
196,1373
196,1474
196,1481
196,1512
196,1535
196,1536
196,1537
196,1538
197,194
197,310
197,315
197,320
197,389
197,647
197,815
197,829
197,850
197,882
197,910
197,913
197,973
197,1054
197,1060
197,1072
197,1074
197,1081
197,1083
197,1090
197,1091
197,1092
197,1094
197,1095
197,1100
197,1105
197,1118
197,1122
197,1124
197,1139
197,1212
197,1267
197,1278
197,1290
197,1309
197,1354
197,1386
197,1388
197,1474
197,1482
197,1539
197,1540
197,1541
197,1542
198,8
198,102
198,199
198,310
198,380
198,670
199,8
199,92
199,198
199,254
199,324
199,453
199,664
199,1333
199,1419
199,1526
200,92
200,110
200,213
200,214
200,406
200,413
200,453
200,457
200,458
200,461
200,463
200,468
200,569
200,575
200,695
200,724
200,786
200,798
200,1543
201,153
201,158
201,175
201,198
201,207
201,241
201,333
201,453
201,485
201,670
201,699
201,1544
201,1545
202,8
202,483
202,573
202,1432
203,8
203,110
203,301
203,362
203,448
203,489
203,491
203,573
203,590
203,675
203,783
203,845
203,1225
204,9
204,26
204,27
204,31
204,58
204,73
204,80
204,82
204,86
204,94
204,98
204,100
204,108
204,111
204,114
204,122
204,130
204,135
204,142
204,173
204,180
204,187
204,223
204,228
204,232
204,234
204,253
204,257
204,259
204,328
204,334
204,351
204,513
204,538
204,918
204,1547
205,124
205,206
205,257
205,273
205,281
205,337
205,357
205,400
205,417
205,428
205,444
205,470
205,515
205,536
205,537
205,538
205,539
205,571
205,599
205,623
205,630
205,641
205,649
205,654
205,713
205,734
205,838
205,866
205,874
205,890
205,893
205,896
205,918
205,965
205,967
205,984
205,988
205,1023
205,1027
205,1028
205,1059
205,1062
205,1228
205,1237
205,1244
205,1256
205,1276
205,1319
205,1367
205,1548
205,1549
206,18
206,37
206,39
206,59
206,67
206,109
206,122
206,126
206,140
206,143
206,146
206,234
206,336
206,1000
206,1402
207,124
207,201
207,241
207,261
207,264
207,303
207,310
207,387
207,444
207,457
207,460
207,661
207,663
207,664
207,667
207,670
207,705
207,820
207,944
207,950
207,1001
207,1527
208,59
208,640
208,823
209,255
210,40
210,124
210,144
210,212
210,447
210,458
210,694
210,826
211,19
211,81
211,132
211,144
211,311
211,317
211,318
211,447
212,40
212,47
212,159
212,162
212,210
212,290
212,300
212,326
212,370
212,390
212,422
212,447
212,475
212,903
212,941
213,10
213,29
213,76
213,88
213,153
213,159
213,161
213,175
213,177
213,181
213,190
213,210
213,244
213,245
213,246
213,253
213,288
213,293
213,303
213,325
213,359
213,407
213,460
213,461
213,485
213,513
213,563
213,669
213,670
213,671
213,734
213,1230
213,1411
213,1550
213,1551
214,10
214,29
214,47
214,53
214,107
214,132
214,143
214,194
214,195
214,200
214,246
214,269
214,276
214,288
214,297
214,318
214,372
214,414
214,458
214,485
214,553
214,692
214,707
214,708
214,1335
215,10
215,19
215,73
215,83
215,143
215,159
215,183
215,190
215,192
215,244
215,255
215,293
215,304
215,305
215,310
215,347
215,353
215,384
215,412
215,413
215,456
215,460
215,478
215,479
215,483
215,543
215,555
215,661
215,723
215,937
215,947
215,991
215,1197
215,1522
215,1552
216,24
216,30
216,51
216,77
216,78
216,96
216,106
216,108
216,119
216,123
216,126
216,257
216,340
216,976
217,9
217,15
217,19
217,114
217,162
217,227
217,236
217,280
217,303
217,304
217,319
217,324
217,325
217,326
217,334
217,347
217,351
217,366
217,453
217,459
217,494
217,498
217,553
217,659
217,664
217,669
217,674
217,678
217,943
217,950
218,9
218,11
218,20
218,123
218,128
218,223
218,339
219,20
219,123
219,180
220,15
220,16
220,27
220,123
220,127
220,154
220,179
220,239
220,258
220,263
220,264
220,286
220,650
221,0
221,1
221,5
221,7
221,14
221,16
221,17
221,19
221,21
221,28
221,29
221,33
221,34
221,36
221,37
221,38
221,40
221,42
221,58
221,64
221,65
221,67
221,68
221,73
221,75
221,80
221,81
221,83
221,85
221,98
221,104
221,106
221,108
221,112
221,124
221,125
221,130
221,131
221,150
221,157
221,159
221,160
221,161
221,170
221,177
221,188
221,190
221,193
221,194
221,198
221,206
221,212
221,216
221,223
221,227
221,239
221,241
221,242
221,244
221,246
221,271
221,272
221,276
221,278
221,280
221,288
221,290
221,293
221,295
221,298
221,299
221,300
221,301
221,304
221,305
221,306
221,310
221,314
221,316
221,325
221,326
221,333
221,343
221,352
221,357
221,359
221,392
221,448
221,453
221,459
221,460
221,461
221,463
221,464
221,465
221,545
221,652
221,660
221,663
221,680
221,689
221,705
221,722
221,825
221,847
221,860
221,934
221,943
221,993
221,1196
221,1230
221,1349
221,1553
222,16
222,52
222,55
222,111
222,113
222,142
222,154
222,157
222,183
222,224
222,228
222,261
222,266
222,345
222,453
223,5
223,9
223,13
223,16
223,42
223,53
223,58
223,65
223,68
223,73
223,100
223,101
223,111
223,113
223,114
223,122
223,124
223,127
223,128
223,129
223,131
223,132
223,146
223,154
223,179
223,180
223,183
223,204
223,218
223,221
223,222
223,228
223,234
223,253
223,257
223,259
223,265
223,272
223,274
223,290
223,326
223,367
223,388
223,412
223,448
223,558
223,659
223,840
223,943
223,995
224,4
224,8
224,9
224,11
224,15
224,16
224,17
224,24
224,28
224,33
224,38
224,45
224,47
224,50
224,53
224,58
224,59
224,64
224,67
224,68
224,69
224,70
224,72
224,75
224,82
224,85
224,91
224,93
224,94
224,100
224,103
224,107
224,114
224,123
224,124
224,125
224,131
224,132
224,134
224,135
224,136
224,146
224,148
224,150
224,153
224,154
224,158
224,159
224,160
224,163
224,164
224,177
224,179
224,180
224,186
224,191
224,192
224,193
224,219
224,221
224,222
224,227
224,228
224,229
224,234
224,237
224,238
224,241
224,242
224,244
224,246
224,247
224,254
224,261
224,266
224,294
224,298
224,303
224,304
224,305
224,307
224,341
224,343
224,357
224,359
224,369
224,379
224,384
224,394
224,400
224,412
224,440
224,453
224,457
224,458
224,459
224,468
224,475
224,488
224,492
224,498
224,567
224,569
224,652
224,658
224,663
224,664
224,669
224,697
224,791
224,824
224,829
224,947
224,950
224,995
224,1001
224,1037
224,1199
224,1340
224,1387
224,1534
225,97
225,125
225,266
225,535
225,642
225,762
225,772
225,853
225,968
225,978
225,979
225,984
225,1039
225,1045
225,1257
225,1276
225,1365
225,1554
225,1555
226,9
226,101
226,165
226,242
227,5
227,6
227,8
227,11
227,12
227,14
227,16
227,19
227,20
227,24
227,29
227,31
227,44
227,48
227,55
227,65
227,67
227,73
227,75
227,81
227,84
227,92
227,98
227,100
227,101
227,104
227,106
227,108
227,110
227,111
227,112
227,113
227,114
227,115
227,117
227,120
227,126
227,127
227,128
227,129
227,131
227,136
227,142
227,148
227,154
227,157
227,158
227,159
227,160
227,161
227,164
227,172
227,173
227,177
227,179
227,180
227,186
227,190
227,191
227,193
227,197
227,207
227,212
227,217
227,221
227,223
227,224
227,232
227,234
227,235
227,236
227,237
227,241
227,243
227,244
227,248
227,253
227,259
227,263
227,264
227,266
227,271
227,278
227,279
227,290
227,292
227,293
227,303
227,310
227,314
227,324
227,331
227,334
227,341
227,357
227,359
227,368
227,369
227,370
227,372
227,380
227,383
227,384
227,392
227,395
227,396
227,414
227,415
227,429
227,453
227,457
227,458
227,459
227,460
227,461
227,463
227,467
227,468
227,475
227,482
227,485
227,487
227,489
227,545
227,567
227,656
227,663
227,664
227,669
227,670
227,706
227,820
227,824
227,940
227,948
227,950
227,991
227,997
227,1001
227,1197
227,1230
227,1326
227,1328
227,1522
227,1556
227,1557
228,0
228,3
228,5
228,6
228,11
228,12
228,14
228,15
228,17
228,24
228,26
228,28
228,30
228,31
228,33
228,37
228,45
228,46
228,48
228,49
228,50
228,52
228,54
228,56
228,65
228,66
228,67
228,70
228,71
228,73
228,74
228,76
228,78
228,80
228,82
228,86
228,94
228,98
228,100
228,104
228,106
228,110
228,111
228,112
228,114
228,116
228,117
228,122
228,124
228,125
228,126
228,127
228,130
228,131
228,135
228,142
228,143
228,146
228,147
228,148
228,149
228,150
228,151
228,152
228,158
228,159
228,161
228,164
228,165
228,170
228,173
228,175
228,176
228,177
228,180
228,183
228,186
228,193
228,196
228,199
228,204
228,205
228,211
228,215
228,217
228,218
228,222
228,223
228,224
228,233
228,234
228,236
228,237
228,254
228,256
228,257
228,259
228,264
228,265
228,266
228,269
228,274
228,277
228,278
228,279
228,282
228,283
228,284
228,286
228,288
228,290
228,292
228,294
228,304
228,305
228,314
228,315
228,320
228,324
228,329
228,335
228,337
228,357
228,361
228,363
228,369
228,376
228,377
228,379
228,384
228,388
228,391
228,393
228,394
228,398
228,400
228,403
228,404
228,405
228,407
228,409
228,410
228,411
228,417
228,419
228,425
228,427
228,428
228,430
228,433
228,440
228,443
228,444
228,445
228,449
228,453
228,459
228,460
228,461
228,462
228,464
228,468
228,471
228,473
228,479
228,481
228,482
228,488
228,489
228,490
228,491
228,494
228,495
228,496
228,498
228,503
228,504
228,508
228,509
228,512
228,513
228,514
228,515
228,517
228,520
228,534
228,535
228,537
228,539
228,547
228,550
228,551
228,556
228,557
228,558
228,567
228,571
228,582
228,586
228,599
228,603
228,604
228,606
228,608
228,613
228,628
228,629
228,637
228,650
228,655
228,659
228,664
228,676
228,678
228,680
228,695
228,702
228,703
228,711
228,713
228,719
228,720
228,727
228,728
228,729
228,737
228,739
228,742
228,747
228,750
228,752
228,755
228,756
228,758
228,759
228,761
228,767
228,769
228,770
228,771
228,776
228,777
228,781
228,785
228,786
228,788
228,792
228,802
228,808
228,810
228,817
228,830
228,832
228,842
228,846
228,847
228,863
228,866
228,868
228,873
228,874
228,878
228,880
228,881
228,882
228,886
228,892
228,900
228,901
228,907
228,908
228,915
228,917
228,918
228,932
228,941
228,943
228,944
228,945
228,947
228,948
228,950
228,963
228,965
228,973
228,981
228,982
228,983
228,984
228,986
228,988
228,989
228,994
228,995
228,1001
228,1002
228,1003
228,1014
228,1019
228,1021
228,1032
228,1037
228,1041
228,1045
228,1047
228,1049
228,1053
228,1060
228,1062
228,1065
228,1075
228,1077
228,1082
228,1107
228,1118
228,1196
228,1219
228,1220
228,1232
228,1233
228,1236
228,1239
228,1256
228,1259
228,1261
228,1268
228,1272
228,1274
228,1276
228,1279
228,1280
228,1294
228,1300
228,1301
228,1302
228,1304
228,1313
228,1315
228,1317
228,1326
228,1335
228,1385
228,1391
228,1399
228,1402
228,1425
228,1427
228,1428
228,1448
228,1467
228,1558
228,1559
228,1560
228,1561
228,1562
228,1563
228,1564
228,1565
228,1566
228,1567
228,1568
228,1569
228,1570
228,1571
228,1572
229,31
229,72
229,96
229,97
229,100
229,104
229,150
229,217
229,224
229,236
229,261
229,278
229,297
229,304
229,338
229,343
229,357
229,371
229,412
229,419
229,428
229,430
229,440
229,441
229,444
229,464
229,470
229,471
229,481
229,482
229,491
229,494
229,495
229,501
229,511
229,523
229,538
229,539
229,547
229,560
229,563
229,568
229,571
229,580
229,583
229,588
229,603
229,613
229,616
229,629
229,630
229,639
229,644
229,656
229,669
229,689
229,719
229,728
229,732
229,737
229,740
229,750
229,752
229,761
229,766
229,769
229,770
229,779
229,817
229,829
229,830
229,854
229,855
229,866
229,868
229,872
229,873
229,874
229,880
229,881
229,915
229,933
229,943
229,948
229,979
229,980
229,985
229,1007
229,1014
229,1019
229,1023
229,1027
229,1028
229,1032
229,1037
229,1049
229,1053
229,1054
229,1057
229,1060
229,1061
229,1062
229,1066
229,1068
229,1071
229,1075
229,1076
229,1077
229,1081
229,1082
229,1086
229,1092
229,1093
229,1096
229,1149
229,1165
229,1219
229,1224
229,1257
229,1262
229,1268
229,1275
229,1280
229,1288
229,1296
229,1308
229,1315
229,1320
229,1332
229,1343
229,1354
229,1362
229,1393
229,1447
229,1467
229,1482
229,1573
229,1574
229,1575
229,1576
229,1577
229,1578
229,1579
229,1580
229,1581
230,4
230,30
230,33
230,90
230,95
230,370
230,1401
231,24
231,85
232,204
232,216
232,392
233,76
233,102
233,161
233,166
233,213
233,229
233,288
233,315
233,338
233,343
233,363
233,373
233,395
233,427
233,428
233,438
233,441
233,461
233,463
233,482
233,496
233,539
233,555
233,560
233,571
233,603
233,639
233,658
233,663
233,727
233,752
233,764
233,767
233,770
233,807
233,829
233,838
233,839
233,845
233,873
233,882
233,888
233,899
233,900
233,909
233,915
233,962
233,979
233,980
233,985
233,986
233,1019
233,1025
233,1046
233,1060
233,1061
233,1062
233,1070
233,1075
233,1076
233,1079
233,1086
233,1087
233,1095
233,1104
233,1136
233,1247
233,1255
233,1256
233,1261
233,1276
233,1281
233,1284
233,1287
233,1288
233,1302
233,1320
233,1422
233,1454
233,1550
233,1566
233,1585
233,1586
233,1587
233,1588
233,1589
233,1590
234,11
234,15
234,20
234,38
234,48
234,58
234,111
234,114
234,115
234,116
234,122
234,123
234,125
234,127
234,144
234,173
234,179
234,180
234,186
234,204
234,206
234,223
234,224
234,237
234,257
234,376
234,381
235,0
235,78
235,108
235,171
235,184
235,189
235,206
235,238
235,341
236,1
236,19
236,33
236,34
236,39
236,40
236,51
236,73
236,78
236,81
236,82
236,96
236,98
236,99
236,104
236,106
236,112
236,120
236,125
236,127
236,131
236,135
236,141
236,142
236,146
236,151
236,157
236,158
236,160
236,175
236,176
236,177
236,180
236,191
236,192
236,204
236,217
236,228
236,229
236,246
236,258
236,261
236,263
236,279
236,289
236,293
236,298
236,304
236,306
236,319
236,320
236,323
236,324
236,325
236,331
236,337
236,341
236,377
236,384
236,385
236,394
236,404
236,406
236,424
236,438
236,464
236,481
236,482
236,489
236,496
236,498
236,502
236,514
236,571
236,574
236,585
236,602
236,613
236,652
236,664
236,682
236,694
236,712
236,714
236,727
236,736
236,741
236,747
236,759
236,826
236,948
236,950
236,998
236,1216
236,1307
236,1317
236,1330
236,1384
236,1591
236,1592
236,1593
237,2
237,5
237,6
237,9
237,14
237,15
237,16
237,18
237,23
237,25
237,26
237,27
237,30
237,33
237,36
237,40
237,41
237,42
237,45
237,50
237,51
237,58
237,60
237,62
237,64
237,65
237,67
237,70
237,73
237,75
237,78
237,80
237,81
237,82
237,83
237,84
237,86
237,87
237,91
237,93
237,94
237,95
237,98
237,100
237,101
237,104
237,105
237,106
237,110
237,111
237,112
237,114
237,115
237,117
237,122
237,124
237,126
237,127
237,128
237,131
237,132
237,134
237,135
237,136
237,142
237,146
237,148
237,150
237,151
237,153
237,154
237,157
237,159
237,160
237,161
237,169
237,170
237,171
237,173
237,176
237,179
237,183
237,184
237,186
237,187
237,188
237,189
237,190
237,191
237,192
237,193
237,194
237,196
237,201
237,207
237,213
237,216
237,217
237,220
237,222
237,224
237,226
237,227
237,228
237,233
237,234
237,236
237,240
237,241
237,243
237,247
237,258
237,259
237,260
237,261
237,263
237,264
237,266
237,273
237,278
237,279
237,285
237,289
237,290
237,292
237,304
237,305
237,311
237,312
237,313
237,315
237,324
237,325
237,327
237,337
237,341
237,342
237,351
237,356
237,357
237,358
237,364
237,367
237,369
237,372
237,378
237,380
237,383
237,384
237,385
237,392
237,394
237,395
237,396
237,397
237,401
237,403
237,404
237,405
237,407
237,408
237,409
237,411
237,416
237,417
237,420
237,421
237,425
237,427
237,429
237,436
237,448
237,453
237,454
237,456
237,459
237,460
237,461
237,463
237,468
237,471
237,472
237,473
237,477
237,481
237,482
237,487
237,489
237,492
237,493
237,497
237,498
237,499
237,500
237,501
237,503
237,505
237,508
237,509
237,510
237,511
237,512
237,513
237,514
237,516
237,520
237,521
237,523
237,527
237,528
237,534
237,536
237,537
237,540
237,542
237,546
237,551
237,553
237,556
237,557
237,560
237,562
237,563
237,567
237,569
237,573
237,574
237,576
237,579
237,581
237,582
237,585
237,590
237,604
237,607
237,608
237,611
237,619
237,636
237,659
237,662
237,663
237,669
237,672
237,675
237,687
237,689
237,690
237,696
237,697
237,698
237,703
237,705
237,711
237,712
237,714
237,715
237,716
237,721
237,723
237,724
237,726
237,727
237,731
237,734
237,735
237,736
237,739
237,743
237,744
237,746
237,747
237,776
237,777
237,778
237,779
237,781
237,783
237,786
237,788
237,789
237,790
237,791
237,792
237,794
237,801
237,802
237,805
237,807
237,810
237,819
237,825
237,827
237,830
237,860
237,862
237,863
237,864
237,866
237,867
237,868
237,869
237,873
237,874
237,880
237,903
237,905
237,918
237,942
237,944
237,947
237,948
237,951
237,974
237,994
237,1001
237,1004
237,1005
237,1054
237,1194
237,1201
237,1216
237,1217
237,1219
237,1225
237,1233
237,1236
237,1297
237,1311
237,1330
237,1343
237,1345
237,1352
237,1382
237,1389
237,1391
237,1399
237,1405
237,1426
237,1428
237,1552
237,1561
237,1591
237,1594
237,1595
237,1596
237,1597
237,1598
237,1599
237,1600
237,1601
237,1602
237,1603
237,1604
237,1605
237,1606
237,1607
237,1608
237,1609
237,1610
237,1611
237,1612
237,1613
238,33
238,51
238,127
238,265
239,154
239,220
240,36
240,161
240,215
240,244
240,314
240,355
240,359
240,365
240,399
240,413
240,475
240,707
240,932
241,1
241,5
241,8
241,11
241,16
241,29
241,31
241,37
241,38
241,58
241,73
241,76
241,81
241,85
241,86
241,96
241,100
241,107
241,110
241,111
241,113
241,117
241,119
241,122
241,128
241,129
241,131
241,148
241,152
241,158
241,160
241,161
241,164
241,190
241,193
241,201
241,207
241,212
241,213
241,216
241,221
241,223
241,224
241,227
241,230
241,233
241,237
241,242
241,244
241,245
241,254
241,259
241,260
241,265
241,266
241,272
241,274
241,288
241,293
241,300
241,303
241,310
241,314
241,327
241,331
241,341
241,357
241,368
241,380
241,393
241,394
241,403
241,453
241,457
241,458
241,459
241,460
241,461
241,466
241,468
241,484
241,485
241,558
241,569
241,664
241,670
241,700
241,713
241,828
241,847
241,880
241,903
241,938
241,940
241,995
241,1001
241,1194
241,1527
241,1614
242,21
242,38
242,81
242,83
242,125
242,134
242,137
242,153
242,158
242,226
242,244
242,250
242,254
242,267
242,271
242,272
242,288
242,293
242,295
242,298
242,300
242,305
242,316
242,319
242,333
242,347
242,356
242,364
242,368
242,372
242,453
242,558
242,664
242,671
242,691
242,880
242,934
242,993
242,1293
243,11
243,33
243,35
243,64
243,69
243,75
243,84
243,86
243,95
243,169
243,172
243,237
243,376
243,540
244,79
244,96
244,124
244,140
244,162
244,183
244,193
244,213
244,221
244,240
244,242
244,269
244,290
244,295
244,298
244,306
244,314
244,316
244,317
244,322
244,325
244,333
244,351
244,356
244,359
244,414
244,448
244,558
244,663
244,673
244,1000
245,21
245,83
245,110
245,153
245,156
245,160
245,169
245,177
245,192
245,241
245,266
245,312
245,328
245,332
245,341
245,353
245,362
245,363
245,384
245,385
245,405
245,406
245,460
245,473
245,558
245,564
245,569
245,579
245,654
245,665
245,714
245,799
245,860
245,880
245,887
245,902
245,1247
245,1277
245,1405
245,1439
245,1524
245,1615
245,1616
245,1617
245,1618
245,1619
245,1620
245,1621
245,1622
246,159
246,183
246,213
246,214
246,277
246,293
246,314
246,333
246,341
246,393
246,412
246,458
246,659
246,804
247,152
247,384
247,489
247,568
247,573
247,576
247,661
247,664
247,689
247,1328
247,1605
247,1623
248,13
248,25
248,47
248,130
248,252
248,259
248,289
248,305
248,310
248,324
248,575
248,699
248,808
248,860
248,1424
249,13
249,134
249,135
249,160
249,166
249,175
249,259
249,289
249,293
249,305
249,341
249,347
249,363
249,369
249,404
249,411
249,450
249,455
249,468
249,493
249,496
249,501
249,569
249,607
249,668
249,675
249,698
249,710
249,736
249,948
249,1216
249,1389
249,1425
249,1597
249,1624
250,13
250,46
250,117
250,242
250,251
250,295
250,317
250,360
250,362
250,367
250,417
250,448
250,462
250,536
250,584
250,673
250,998
250,1341
250,1342
251,117
251,310
251,359
251,365
251,1343
252,0
252,13
252,113
252,179
252,251
252,353
252,359
252,368
252,553
253,13
253,38
253,46
253,59
253,83
253,95
253,111
253,129
253,204
253,213
253,273
253,293
253,295
253,300
253,363
253,369
253,414
253,475
253,679
253,713
253,828
253,995
254,13
254,83
254,199
254,241
254,242
254,295
254,304
254,305
254,317
254,341
254,365
254,368
254,392
254,457
254,468
254,659
254,663
254,679
254,813
254,917
254,929
254,1001
254,1160
254,1181
254,1185
254,1358
254,1376
254,1502
254,1506
254,1534
254,1580
254,1625
255,39
255,52
255,140
255,179
255,266
255,283
255,448
255,652
256,13
257,14
257,24
257,37
257,48
257,56
257,65
257,70
257,73
257,76
257,100
257,111
257,113
257,114
257,120
257,164
257,183
257,194
257,204
257,205
257,216
257,223
257,228
257,229
257,234
257,259
257,261
257,265
257,274
257,297
257,298
257,299
257,304
257,305
257,338
257,365
257,369
257,376
257,384
257,388
257,391
257,394
257,404
257,409
257,425
257,428
257,439
257,444
257,448
257,453
257,462
257,464
257,478
257,481
257,482
257,494
257,496
257,498
257,512
257,513
257,538
257,539
257,603
257,604
257,615
257,639
257,640
257,680
257,711
257,713
257,737
257,770
257,840
257,873
257,874
257,881
257,907
257,909
257,915
257,918
257,933
257,937
257,943
257,995
257,1014
257,1030
257,1037
257,1041
257,1046
257,1047
257,1049
257,1075
257,1136
257,1149
257,1268
257,1271
257,1274
257,1279
257,1282
257,1296
257,1320
257,1335
257,1372
257,1380
257,1428
257,1588
257,1626
257,1627
257,1628
257,1629
257,1630
258,27
258,124
258,165
258,220
258,236
258,261
258,263
258,286
258,328
258,329
258,373
258,384
258,400
258,404
258,417
258,419
258,423
258,511
258,513
258,516
258,521
258,533
258,534
258,605
258,663
258,731
258,735
258,736
258,741
258,743
258,747
258,779
258,952
258,1385
258,1430
258,1606
258,1611
258,1633
259,1
259,29
259,38
259,47
259,51
259,54
259,78
259,96
259,109
259,111
259,113
259,131
259,134
259,141
259,142
259,143
259,145
259,148
259,154
259,158
259,159
259,166
259,167
259,175
259,178
259,183
259,186
259,190
259,192
259,193
259,204
259,207
259,215
259,223
259,227
259,228
259,241
259,242
259,244
259,248
259,249
259,251
259,257
259,261
259,266
259,269
259,271
259,288
259,290
259,293
259,295
259,298
259,303
259,304
259,306
259,310
259,322
259,341
259,343
259,357
259,380
259,453
259,454
259,457
259,461
259,462
259,463
259,466
259,468
259,475
259,481
259,483
259,492
259,498
259,527
259,545
259,558
259,560
259,651
259,657
259,659
259,660
259,663
259,664
259,709
259,717
259,809
259,828
259,880
259,918
259,936
259,937
259,943
259,995
259,1233
259,1389
260,21
260,52
260,112
260,114
260,125
260,136
260,137
260,158
260,179
260,206
260,266
260,282
260,541
261,31
261,42
261,45
261,96
261,104
261,110
261,119
261,134
261,160
261,207
261,222
261,224
261,229
261,236
261,237
261,257
261,258
261,259
261,264
261,278
261,292
261,304
261,324
261,337
261,353
261,384
261,385
261,394
261,397
261,398
261,404
261,406
261,409
261,412
261,444
261,457
261,464
261,468
261,481
261,482
261,485
261,486
261,489
261,490
261,498
261,501
261,505
261,506
261,508
261,513
261,516
261,534
261,539
261,560
261,562
261,563
261,572
261,574
261,581
261,585
261,590
261,660
261,663
261,664
261,682
261,689
261,697
261,712
261,714
261,715
261,718
261,720
261,726
261,727
261,736
261,744
261,747
261,777
261,778
261,779
261,784
261,805
261,826
261,863
261,864
261,874
261,948
261,1001
261,1194
261,1217
261,1225
261,1233
261,1236
261,1257
261,1258
261,1266
261,1300
261,1385
261,1389
261,1391
261,1393
261,1560
261,1584
261,1635
261,1636
262,15
262,67
263,11
263,15
263,16
263,18
263,19
263,51
263,67
263,78
263,86
263,108
263,120
263,125
263,127
263,130
263,134
263,143
263,146
263,147
263,148
263,154
263,177
263,179
263,180
263,182
263,204
263,220
263,226
263,235
263,236
263,237
263,238
263,239
263,258
263,282
263,284
263,286
263,312
263,385
263,540
263,552
263,1344
264,83
264,107
264,110
264,114
264,131
264,152
264,207
264,227
264,247
264,261
264,282
264,292
264,359
264,380
264,387
264,402
264,468
264,485
264,492
264,560
264,573
264,662
264,664
264,669
264,673
264,675
264,690
264,710
264,713
264,810
264,824
264,1193
264,1194
264,1411
265,16
265,27
265,28
265,33
265,35
265,48
265,53
265,55
265,67
265,68
265,70
265,73
265,75
265,76
265,82
265,84
265,90
265,96
265,97
265,98
265,100
265,102
265,104
265,112
265,113
265,114
265,122
265,131
265,140
265,149
265,150
265,157
265,160
265,166
265,173
265,175
265,177
265,183
265,196
265,201
265,216
265,223
265,229
265,233
265,238
265,241
265,244
265,266
265,274
265,285
265,288
265,290
265,293
265,298
265,306
265,314
265,315
265,317
265,322
265,326
265,359
265,363
265,388
265,395
265,410
265,420
265,421
265,425
265,435
265,438
265,450
265,460
265,468
265,474
265,481
265,482
265,498
265,508
265,510
265,519
265,534
265,544
265,556
265,564
265,571
265,606
265,639
265,656
265,684
265,693
265,707
265,752
265,791
265,836
265,841
265,868
265,874
265,876
265,881
265,899
265,906
265,907
265,974
265,985
265,999
265,1043
265,1229
265,1241
265,1315
265,1316
265,1326
265,1410
265,1419
265,1548
265,1592
265,1595
265,1637
265,1638
265,1639
265,1640
265,1641
266,9
266,15
266,38
266,43
266,47
266,48
266,50
266,59
266,76
266,86
266,96
266,97
266,104
266,107
266,122
266,124
266,131
266,150
266,152
266,159
266,161
266,162
266,176
266,192
266,193
266,218
266,222
266,227
266,228
266,229
266,245
266,255
266,260
266,273
266,278
266,301
266,304
266,314
266,315
266,343
266,378
266,384
266,391
266,392
266,395
266,405
266,407
266,409
266,412
266,416
266,420
266,423
266,425
266,430
266,434
266,436
266,438
266,440
266,441
266,442
266,443
266,453
266,459
266,460
266,461
266,464
266,489
266,500
266,508
266,519
266,521
266,527
266,534
266,535
266,537
266,556
266,558
266,571
266,580
266,585
266,593
266,595
266,599
266,602
266,603
266,604
266,608
266,609
266,613
266,619
266,625
266,630
266,632
266,638
266,639
266,640
266,649
266,654
266,680
266,684
266,699
266,717
266,719
266,727
266,728
266,734
266,739
266,742
266,746
266,747
266,752
266,758
266,759
266,761
266,766
266,770
266,771
266,806
266,817
266,832
266,833
266,836
266,837
266,841
266,845
266,858
266,866
266,868
266,872
266,874
266,875
266,877
266,881
266,882
266,895
266,897
266,900
266,906
266,944
266,958
266,965
266,967
266,974
266,976
266,978
266,981
266,984
266,986
266,1001
266,1019
266,1023
266,1025
266,1026
266,1049
266,1060
266,1061
266,1066
266,1080
266,1086
266,1098
266,1116
266,1148
266,1223
266,1227
266,1237
266,1241
266,1243
266,1246
266,1247
266,1249
266,1251
266,1279
266,1288
266,1315
266,1317
266,1349
266,1369
266,1385
266,1438
266,1535
266,1559
266,1590
266,1609
266,1643
266,1644
266,1645
266,1646
266,1647
266,1648
266,1649
267,36
267,137
267,151
267,154
267,242
267,1344
268,39
268,143
268,289
268,1634
269,5
269,16
269,30
269,40
269,48
269,88
269,120
269,129
269,148
269,157
269,161
269,175
269,179
269,183
269,214
269,216
269,244
269,259
269,290
269,317
269,319
269,322
269,325
269,353
269,355
269,364
269,370
269,451
269,465
269,485
269,553
269,558
269,561
269,580
269,723
269,906
269,1001
269,1338
269,1340
269,1650
270,107
270,400
270,411
270,613
270,676
271,17
271,101
271,107
271,113
271,134
271,193
271,212
271,242
271,259
271,272
271,290
271,298
271,299
271,300
271,305
271,316
271,383
271,392
271,652
271,663
271,691
271,941
271,1001
272,38
272,43
272,241
272,242
272,271
272,284
272,288
272,290
272,293
272,298
272,301
272,306
272,317
272,368
272,691
272,935
272,1651
273,46
273,122
273,146
273,147
273,152
273,205
273,253
273,266
273,512
273,624
273,652
273,654
273,758
273,958
273,1075
273,1079
273,1113
273,1126
273,1137
273,1153
273,1369
273,1450
273,1469
273,1474
273,1549
273,1590
273,1652
273,1653
273,1654
274,20
274,51
274,82
274,100
274,102
274,131
274,134
274,146
274,148
274,150
274,152
274,164
274,201
274,223
274,241
274,255
274,257
274,264
274,265
274,277
274,283
274,288
274,297
274,333
274,363
274,395
274,398
274,412
274,457
274,461
274,464
274,476
274,489
274,562
274,571
274,575
274,604
274,653
274,698
274,731
274,737
274,807
274,817
274,878
274,901
274,995
274,1119
274,1200
274,1295
274,1655
274,1656
275,20
275,173
275,191
276,159
276,166
276,214
276,293
276,300
276,368
276,370
276,392
276,416
276,458
277,25
277,47
277,48
277,50
277,53
277,62
277,152
277,159
277,174
277,186
277,193
277,195
277,201
277,232
277,236
277,244
277,246
277,274
277,288
277,299
277,304
277,310
277,341
277,351
277,357
277,358
277,370
277,373
277,380
277,391
277,392
277,404
277,412
277,428
277,458
277,462
277,467
277,546
277,585
277,604
277,640
277,656
277,661
277,712
277,713
277,723
277,744
277,747
277,777
277,820
277,878
277,907
277,917
277,937
277,950
277,980
277,995
277,1001
277,1002
277,1195
277,1359
277,1637
277,1657
278,71
278,100
278,104
278,123
278,248
278,261
278,378
278,405
278,418
278,420
278,424
278,431
278,482
278,507
278,537
278,556
278,604
278,608
278,640
278,684
278,727
278,735
278,752
278,766
278,841
278,846
278,866
278,874
278,881
278,900
278,962
278,981
278,1111
278,1122
278,1125
278,1158
278,1247
278,1357
278,1423
278,1481
278,1556
278,1560
278,1569
278,1646
278,1658
279,118
279,123
279,216
279,629
279,1027
279,1039
279,1045
279,1443
279,1659
280,9
280,19
280,38
280,81
280,108
280,125
280,201
280,217
280,321
280,372
280,458
280,475
280,663
280,825
280,940
280,1660
281,76
281,125
281,205
281,350
281,404
281,603
281,796
281,830
281,850
281,909
281,1001
281,1019
281,1052
281,1061
281,1081
281,1087
281,1093
281,1098
281,1323
281,1324
281,1350
281,1404
282,192
282,305
282,407
282,409
282,413
282,575
282,619
282,778
282,967
282,1216
282,1225
282,1310
283,117
283,152
283,557
284,47
284,131
284,175
284,272
284,293
284,295
284,366
284,369
284,468
285,0
285,31
285,45
285,60
285,74
285,113
285,137
285,160
285,288
285,305
285,310
285,342
285,395
285,404
285,415
285,420
285,422
285,433
285,438
285,443
285,467
285,481
285,482
285,487
285,492
285,534
285,556
285,562
285,573
285,602
285,616
285,621
285,626
285,631
285,640
285,663
285,664
285,682
285,720
285,731
285,736
285,747
285,752
285,753
285,767
285,774
285,805
285,810
285,823
285,824
285,860
285,880
285,952
285,980
285,981
285,1362
285,1431
285,1661
286,27
286,79
286,151
286,220
286,258
286,328
287,0
287,38
287,41
287,46
287,129
287,154
287,188
287,193
287,242
287,244
287,286
287,288
287,293
287,295
287,297
287,298
287,322
287,325
287,359
287,360
287,362
287,367
287,368
287,448
287,570
287,788
287,828
288,21
288,38
288,55
288,73
288,83
288,102
288,111
288,129
288,131
288,143
288,161
288,175
288,213
288,214
288,221
288,241
288,242
288,272
288,274
288,285
288,287
288,293
288,305
288,306
288,317
288,357
288,359
288,364
288,365
288,368
288,369
288,370
288,395
288,461
288,479
288,544
288,679
288,878
288,1550
288,1595
289,174
289,236
289,248
289,249
289,268
289,567
289,664
289,682
289,694
289,825
289,947
289,951
289,1411
290,17
290,21
290,125
290,159
290,183
290,188
290,192
290,212
290,216
290,244
290,272
290,317
290,359
290,385
291,151
291,165
291,541
292,0
292,96
292,100
292,104
292,106
292,111
292,112
292,122
292,124
292,156
292,159
292,160
292,167
292,186
292,188
292,201
292,228
292,229
292,249
292,261
292,264
292,304
292,310
292,312
292,324
292,380
292,384
292,387
292,394
292,397
292,400
292,401
292,404
292,406
292,453
292,471
292,481
292,487
292,489
292,490
292,498
292,500
292,502
292,505
292,514
292,516
292,527
292,532
292,535
292,550
292,560
292,562
292,569
292,571
292,574
292,576
292,582
292,585
292,586
292,590
292,592
292,689
292,714
292,718
292,727
292,734
292,736
292,739
292,747
292,759
292,791
292,796
292,805
292,807
292,810
292,862
292,946
292,991
292,1001
292,1197
292,1225
292,1257
292,1311
292,1362
292,1390
292,1391
292,1421
292,1425
292,1456
292,1461
292,1530
292,1666
292,1667
293,17
293,19
293,38
293,83
293,111
293,113
293,124
293,134
293,140
293,146
293,157
293,190
293,193
293,213
293,215
293,221
293,236
293,246
293,249
293,253
293,259
293,272
293,276
293,284
293,288
293,295
293,298
293,314
293,317
293,318
293,322
293,368
293,369
293,416
293,453
293,457
293,459
293,558
293,652
293,658
293,659
293,997
294,15
294,17
294,19
294,20
294,25
294,27
294,28
294,49
294,50
294,52
294,53
294,54
294,59
294,61
294,67
294,73
294,76
294,83
294,109
294,110
294,117
294,120
294,124
294,131
294,135
294,142
294,145
294,148
294,150
294,154
294,157
294,158
294,159
294,160
294,161
294,162
294,163
294,165
294,169
294,176
294,177
294,178
294,183
294,184
294,185
294,186
294,188
294,190
294,193
294,197
294,205
294,206
294,211
294,213
294,214
294,215
294,217
294,224
294,227
294,228
294,229
294,236
294,244
294,245
294,247
294,251
294,253
294,260
294,261
294,262
294,264
294,271
294,278
294,280
294,284
294,291
294,300
294,304
294,305
294,311
294,314
294,315
294,317
294,320
294,321
294,322
294,324
294,325
294,329
294,331
294,333
294,337
294,338
294,341
294,342
294,343
294,348
294,349
294,353
294,358
294,359
294,362
294,364
294,365
294,366
294,369
294,378
294,379
294,384
294,386
294,388
294,389
294,391
294,395
294,396
294,399
294,400
294,401
294,403
294,404
294,408
294,411
294,414
294,416
294,419
294,422
294,427
294,430
294,436
294,440
294,441
294,443
294,447
294,456
294,457
294,460
294,461
294,471
294,473
294,475
294,482
294,485
294,488
294,489
294,490
294,492
294,493
294,495
294,496
294,498
294,501
294,502
294,505
294,509
294,510
294,513
294,514
294,516
294,517
294,520
294,521
294,523
294,531
294,533
294,534
294,535
294,537
294,539
294,553
294,556
294,558
294,561
294,569
294,571
294,578
294,591
294,593
294,596
294,597
294,599
294,602
294,604
294,605
294,608
294,613
294,616
294,622
294,629
294,638
294,649
294,650
294,652
294,655
294,656
294,660
294,662
294,682
294,696
294,697
294,698
294,700
294,701
294,708
294,720
294,724
294,729
294,732
294,736
294,740
294,741
294,752
294,759
294,767
294,770
294,776
294,777
294,778
294,780
294,781
294,791
294,792
294,796
294,799
294,806
294,810
294,817
294,819
294,825
294,829
294,832
294,834
294,837
294,838
294,840
294,841
294,842
294,843
294,847
294,853
294,855
294,863
294,866
294,868
294,869
294,870
294,871
294,873
294,874
294,880
294,881
294,882
294,883
294,885
294,888
294,892
294,910
294,911
294,915
294,926
294,932
294,936
294,941
294,942
294,946
294,948
294,949
294,967
294,972
294,973
294,974
294,975
294,978
294,979
294,980
294,981
294,982
294,984
294,986
294,988
294,993
294,998
294,1002
294,1003
294,1014
294,1018
294,1019
294,1024
294,1034
294,1035
294,1045
294,1046
294,1047
294,1049
294,1054
294,1056
294,1057
294,1058
294,1060
294,1062
294,1064
294,1070
294,1071
294,1078
294,1082
294,1086
294,1087
294,1092
294,1093
294,1094
294,1096
294,1099
294,1100
294,1101
294,1103
294,1105
294,1106
294,1108
294,1110
294,1115
294,1118
294,1119
294,1122
294,1136
294,1137
294,1138
294,1141
294,1142
294,1161
294,1165
294,1191
294,1195
294,1196
294,1209
294,1218
294,1219
294,1220
294,1222
294,1223
294,1242
294,1243
294,1247
294,1248
294,1250
294,1251
294,1253
294,1256
294,1258
294,1266
294,1276
294,1278
294,1285
294,1289
294,1302
294,1307
294,1310
294,1317
294,1320
294,1326
294,1336
294,1343
294,1350
294,1352
294,1354
294,1357
294,1361
294,1365
294,1372
294,1389
294,1394
294,1411
294,1429
294,1436
294,1440
294,1441
294,1446
294,1451
294,1452
294,1464
294,1467
294,1472
294,1505
294,1522
294,1523
294,1525
294,1528
294,1537
294,1549
294,1552
294,1566
294,1591
294,1599
294,1600
294,1601
294,1602
294,1614
294,1626
294,1634
294,1639
294,1642
294,1652
294,1654
294,1662
294,1663
294,1666
294,1671
294,1672
294,1673
294,1674
294,1675
294,1676
294,1677
294,1678
294,1679
294,1680
294,1681
294,1682
294,1683
294,1684
294,1685
294,1686
294,1687
294,1688
294,1689
294,1690
294,1691
295,17
295,38
295,141
295,192
295,242
295,253
295,284
295,317
295,324
295,365
295,368
295,657
295,663
295,678
295,679
295,1408
295,1550
296,17
296,300
296,458
296,478
297,17
297,214
297,300
297,305
297,565
297,658
298,0
298,17
298,19
298,38
298,47
298,83
298,130
298,131
298,158
298,161
298,162
298,221
298,227
298,242
298,254
298,257
298,259
298,271
298,272
298,287
298,288
298,293
298,299
298,301
298,306
298,316
298,359
298,364
298,365
298,367
298,416
298,453
298,458
298,461
298,466
298,475
298,545
298,656
298,659
298,663
298,677
298,937
298,940
298,949
298,995
299,17
299,199
299,257
299,271
299,277
299,298
299,301
299,309
299,392
299,412
299,458
299,654
299,661
300,17
300,92
300,107
300,166
300,212
300,242
300,253
300,271
300,276
300,296
300,316
300,364
300,370
300,392
300,455
300,679
300,691
300,720
300,860
300,941
300,1295
300,1394
301,13
301,17
301,38
301,48
301,131
301,151
301,159
301,188
301,193
301,203
301,241
301,272
301,277
301,288
301,296
301,297
301,298
301,299
301,300
301,307
301,350
301,357
301,358
301,392
301,416
301,458
301,461
301,478
301,482
301,613
301,658
301,695
301,777
301,880
301,949
301,1295
301,1349
301,1651
302,17
302,213
302,307
302,545
303,17
303,96
303,227
303,241
303,300
303,304
303,372
303,453
303,467
303,570
303,938
303,996
303,1230
303,1326
303,1397
303,1692
304,5
304,17
304,19
304,25
304,33
304,39
304,42
304,44
304,51
304,52
304,53
304,54
304,55
304,58
304,66
304,78
304,81
304,96
304,104
304,110
304,112
304,113
304,124
304,138
304,142
304,147
304,151
304,155
304,157
304,159
304,163
304,164
304,174
304,177
304,178
304,180
304,184
304,186
304,187
304,188
304,191
304,193
304,201
304,212
304,215
304,217
304,221
304,224
304,227
304,228
304,229
304,233
304,236
304,237
304,242
304,247
304,249
304,252
304,254
304,256
304,258
304,259
304,261
304,262
304,266
304,271
304,273
304,277
304,278
304,280
304,292
304,295
304,303
304,305
304,311
304,315
304,322
304,324
304,331
304,334
304,339
304,347
304,357
304,384
304,388
304,392
304,394
304,397
304,399
304,400
304,401
304,404
304,405
304,406
304,407
304,408
304,409
304,434
304,440
304,447
304,460
304,461
304,470
304,475
304,477
304,481
304,482
304,493
304,495
304,498
304,500
304,501
304,505
304,507
304,508
304,509
304,510
304,511
304,513
304,516
304,521
304,523
304,524
304,534
304,537
304,538
304,560
304,563
304,568
304,569
304,571
304,581
304,586
304,590
304,593
304,604
304,611
304,617
304,646
304,650
304,652
304,653
304,668
304,669
304,672
304,679
304,694
304,697
304,702
304,710
304,711
304,712
304,715
304,720
304,723
304,726
304,727
304,736
304,739
304,747
304,759
304,776
304,777
304,785
304,788
304,798
304,802
304,805
304,807
304,808
304,810
304,825
304,826
304,830
304,834
304,860
304,861
304,863
304,864
304,874
304,903
304,950
304,984
304,1002
304,1005
304,1057
304,1149
304,1218
304,1219
304,1220
304,1223
304,1230
304,1232
304,1234
304,1237
304,1257
304,1263
304,1265
304,1311
304,1343
304,1393
304,1396
304,1399
304,1425
304,1529
304,1536
304,1537
304,1560
304,1561
304,1574
304,1583
304,1592
304,1599
304,1604
304,1607
304,1661
304,1680
304,1681
304,1693
304,1694
304,1695
304,1696
304,1697
304,1698
304,1699
304,1700
305,17
305,47
305,81
305,131
305,134
305,159
305,160
305,166
305,192
305,193
305,221
305,224
305,242
305,248
305,249
305,254
305,257
305,271
305,282
305,288
305,294
305,297
305,314
305,358
305,392
305,464
305,468
305,651
305,652
305,659
305,661
305,937
305,943
305,995
305,1326
306,7
306,14
306,16
306,17
306,19
306,21
306,29
306,30
306,33
306,36
306,40
306,52
306,67
306,68
306,81
306,83
306,96
306,106
306,108
306,112
306,124
306,129
306,132
306,148
306,150
306,157
306,159
306,160
306,161
306,163
306,183
306,191
306,193
306,197
306,221
306,236
306,241
306,244
306,259
306,265
306,266
306,272
306,278
306,288
306,290
306,295
306,298
306,305
306,319
306,322
306,324
306,325
306,326
306,333
306,335
306,352
306,365
306,370
306,392
306,454
306,457
306,462
306,463
306,470
306,475
306,479
306,571
306,650
306,668
306,681
306,705
306,722
306,723
306,727
306,864
306,953
306,993
306,1001
306,1230
306,1326
306,1419
306,1527
307,17
307,46
307,107
307,302
307,492
307,1349
307,1533
308,306
308,310
308,466
308,622
308,798
308,1087
308,1333
309,183
309,372
309,567
309,573
309,619
309,783
309,810
309,1556
310,29
310,55
310,154
310,192
310,198
310,227
310,241
310,255
310,259
310,280
310,305
310,308
310,322
310,349
310,403
310,457
310,461
310,463
310,485
310,542
310,573
310,663
310,674
310,693
310,708
310,808
310,939
310,941
311,169
311,211
311,313
311,399
311,406
311,408
311,572
311,798
311,1701
312,18
312,20
312,50
312,82
312,96
312,110
312,120
312,152
312,169
312,177
312,201
312,215
312,245
312,247
312,282
312,315
312,341
312,350
312,357
312,373
312,384
312,398
312,403
312,404
312,406
312,407
312,413
312,425
312,453
312,460
312,469
312,487
312,491
312,492
312,516
312,550
312,569
312,576
312,583
312,622
312,685
312,697
312,698
312,714
312,725
312,726
312,791
312,793
312,823
312,867
312,940
312,954
312,1001
312,1217
312,1222
312,1702
313,18
313,311
313,419
313,805
313,807
313,1701
314,0
314,21
314,40
314,46
314,48
314,112
314,131
314,138
314,140
314,146
314,152
314,155
314,156
314,161
314,177
314,188
314,190
314,212
314,213
314,221
314,240
314,244
314,246
314,273
314,305
314,317
314,322
314,324
314,325
314,351
314,359
314,365
314,369
314,556
314,705
314,777
314,932
314,1650
315,19
315,28
315,45
315,50
315,76
315,82
315,86
315,104
315,131
315,154
315,164
315,176
315,177
315,196
315,228
315,229
315,233
315,236
315,244
315,247
315,265
315,266
315,273
315,290
315,294
315,304
315,305
315,312
315,320
315,329
315,337
315,338
315,341
315,343
315,362
315,366
315,384
315,388
315,394
315,397
315,405
315,417
315,430
315,432
315,433
315,434
315,440
315,457
315,464
315,467
315,479
315,481
315,482
315,485
315,489
315,490
315,496
315,498
315,500
315,508
315,509
315,512
315,513
315,519
315,520
315,534
315,536
315,537
315,539
315,546
315,571
315,582
315,597
315,598
315,604
315,629
315,640
315,650
315,656
315,713
315,720
315,723
315,727
315,729
315,732
315,740
315,747
315,750
315,752
315,759
315,766
315,767
315,770
315,777
315,802
315,807
315,817
315,826
315,829
315,840
315,845
315,863
315,868
315,874
315,883
315,900
315,910
315,913
315,936
315,948
315,953
315,955
315,967
315,976
315,980
315,985
315,987
315,1041
315,1052
315,1060
315,1070
315,1076
315,1085
315,1099
315,1100
315,1101
315,1102
315,1106
315,1110
315,1111
315,1115
315,1119
315,1122
315,1126
315,1136
315,1139
315,1141
315,1142
315,1165
315,1170
315,1175
315,1191
315,1209
315,1251
315,1271
315,1291
315,1300
315,1358
315,1368
315,1411
315,1415
315,1463
315,1470
315,1472
315,1473
315,1537
315,1542
315,1562
315,1654
315,1669
315,1703
315,1704
315,1705
315,1706
315,1707
315,1708
315,1709
315,1710
316,19
316,38
316,47
316,81
316,99
316,157
316,159
316,221
316,242
316,244
316,271
316,296
316,298
316,300
316,325
316,327
316,333
316,341
316,355
316,358
316,359
316,372
316,392
316,414
316,458
316,462
316,483
316,545
316,569
316,708
316,860
316,1001
316,1214
316,1378
317,19
317,107
317,146
317,174
317,183
317,193
317,211
317,244
317,250
317,254
317,260
317,265
317,269
317,272
317,288
317,290
317,293
317,295
317,311
317,314
317,319
317,322
317,327
317,337
317,349
317,353
317,453
317,475
317,584
317,652
317,663
317,674
317,678
317,693
317,1594
317,1673
318,19
318,36
318,39
318,54
318,137
318,141
318,161
318,162
318,210
318,211
318,214
318,293
318,447
318,694
319,19
319,39
319,47
319,49
319,78
319,217
319,317
319,322
319,808
319,992
319,1711
320,19
320,52
320,81
320,112
320,140
320,146
320,157
320,163
320,176
320,188
320,236
320,266
320,325
320,327
320,329
320,338
320,465
320,475
320,562
320,613
320,741
320,767
320,813
320,816
320,829
320,906
320,910
320,919
320,922
320,923
320,924
320,926
320,928
320,930
320,1060
320,1097
320,1099
320,1101
320,1102
320,1108
320,1110
320,1118
320,1122
320,1131
320,1136
320,1139
320,1146
320,1150
320,1152
320,1154
320,1160
320,1161
320,1164
320,1174
320,1177
320,1181
320,1182
320,1185
320,1187
320,1243
320,1262
320,1460
320,1481
320,1484
320,1496
320,1501
320,1502
320,1506
320,1542
320,1565
320,1625
320,1709
320,1712
320,1713
320,1714
320,1715
320,1716
321,19
321,162
321,323
321,327
322,19
322,40
322,140
322,162
322,183
322,244
322,259
322,293
322,310
322,317
322,319
322,321
322,325
322,326
322,333
322,353
322,369
322,463
322,558
322,562
322,678
322,711
322,906
323,321
324,19
324,24
324,36
324,73
324,110
324,136
324,142
324,162
324,164
324,190
324,199
324,227
324,228
324,237
324,248
324,261
324,292
324,304
324,325
324,337
324,341
324,343
324,357
324,358
324,384
324,394
324,401
324,403
324,428
324,457
324,487
324,498
324,504
324,516
324,524
324,574
324,578
324,595
324,664
324,700
324,774
324,777
324,791
324,819
324,932
324,1239
324,1382
324,1390
324,1633
324,1697
325,19
325,33
325,36
325,39
325,40
325,53
325,73
325,79
325,96
325,129
325,140
325,146
325,150
325,157
325,160
325,161
325,162
325,188
325,191
325,211
325,217
325,221
325,236
325,244
325,287
325,314
325,320
325,322
325,324
325,326
325,327
325,333
325,343
325,351
325,365
325,369
325,385
325,389
325,447
325,475
325,553
325,562
325,678
325,791
325,808
325,992
325,1338
325,1650
326,81
326,153
326,162
326,188
326,190
326,212
326,214
326,217
326,244
326,282
326,322
326,325
326,327
326,333
326,350
326,372
326,385
326,485
326,558
326,562
326,904
326,906
326,1001
327,144
327,162
327,320
327,321
327,325
327,326
327,362
327,453
327,459
327,562
327,678
327,1408
328,123
328,143
328,258
328,286
328,312
328,430
328,445
328,740
329,42
329,97
329,119
329,196
329,258
329,278
329,294
329,315
329,320
329,338
329,366
329,378
329,406
329,413
329,482
329,519
329,529
329,537
329,539
329,581
329,587
329,629
329,650
329,741
329,767
329,777
329,780
329,829
329,833
329,845
329,855
329,866
329,890
329,915
329,916
329,919
329,922
329,923
329,925
329,926
329,928
329,930
329,955
329,958
329,980
329,981
329,982
329,986
329,1025
329,1029
329,1036
329,1038
329,1060
329,1064
329,1071
329,1085
329,1102
329,1103
329,1107
329,1109
329,1111
329,1115
329,1118
329,1119
329,1121
329,1122
329,1125
329,1131
329,1132
329,1134
329,1136
329,1137
329,1138
329,1139
329,1141
329,1142
329,1150
329,1151
329,1152
329,1153
329,1154
329,1157
329,1158
329,1159
329,1160
329,1161
329,1165
329,1168
329,1169
329,1172
329,1174
329,1175
329,1181
329,1186
329,1191
329,1202
329,1209
329,1212
329,1237
329,1252
329,1278
329,1289
329,1304
329,1308
329,1309
329,1357
329,1358
329,1441
329,1472
329,1473
329,1474
329,1475
329,1481
329,1484
329,1490
329,1495
329,1496
329,1511
329,1519
329,1542
329,1600
329,1625
329,1705
329,1709
329,1714
329,1718
329,1719
329,1720
329,1721
329,1722
329,1723
329,1724
329,1725
329,1726
329,1727
330,77
330,123
330,130
330,183
330,551
330,1330
331,110
331,191
331,236
331,273
331,304
331,324
331,365
331,400
331,502
331,517
331,538
331,649
331,720
331,1728
331,1729
332,165
332,245
333,53
333,96
333,140
333,157
333,183
333,188
333,201
333,244
333,246
333,274
333,306
333,316
333,322
333,325
333,326
333,327
333,351
333,359
333,369
333,385
333,663
333,774
333,819
333,1000
333,1196
334,78
334,109
334,137
335,11
335,24
335,36
335,46
335,63
335,70
335,79
335,88
335,100
335,143
335,150
335,211
335,216
335,382
335,788
335,1344
336,24
336,32
336,34
336,35
336,37
336,60
336,62
336,68
336,75
336,77
336,85
336,142
336,168
336,206
336,375
336,474
337,47
337,51
337,107
337,110
337,205
337,261
337,315
337,317
337,324
337,394
337,516
337,779
337,802
337,804
337,948
337,991
337,1531
337,1616
338,38
338,44
338,82
338,130
338,176
338,257
338,315
338,320
338,329
338,495
338,535
338,571
338,597
338,640
338,658
338,740
338,767
338,770
338,817
338,829
338,835
338,869
338,875
338,900
338,912
338,913
338,915
338,916
338,925
338,926
338,972
338,980
338,985
338,986
338,1052
338,1060
338,1067
338,1068
338,1080
338,1085
338,1087
338,1088
338,1097
338,1103
338,1107
338,1113
338,1124
338,1126
338,1156
338,1158
338,1172
338,1255
338,1272
338,1275
338,1290
338,1306
338,1307
338,1354
338,1357
338,1423
338,1447
338,1448
338,1470
338,1474
338,1488
338,1494
338,1496
338,1502
338,1503
338,1541
338,1706
338,1709
338,1712
338,1730
338,1731
338,1732
338,1733
338,1734
338,1735
338,1736
338,1737
338,1738
339,1
339,6
339,20
339,35
339,37
339,44
339,69
339,87
339,89
339,98
339,115
339,126
339,140
339,150
339,211
339,335
339,389
339,393
339,1338
340,20
340,24
340,94
340,187
340,216
341,0
341,1
341,5
341,9
341,17
341,20
341,28
341,29
341,36
341,43
341,45
341,47
341,49
341,52
341,55
341,67
341,73
341,78
341,79
341,83
341,86
341,96
341,108
341,110
341,111
341,113
341,117
341,127
341,131
341,135
341,142
341,143
341,144
341,145
341,147
341,148
341,151
341,154
341,156
341,157
341,158
341,159
341,163
341,165
341,173
341,174
341,176
341,192
341,193
341,199
341,210
341,211
341,212
341,213
341,214
341,215
341,224
341,226
341,227
341,231
341,234
341,236
341,237
341,241
341,244
341,245
341,246
341,249
341,252
341,254
341,256
341,259
341,261
341,262
341,264
341,273
341,277
341,290
341,293
341,294
341,295
341,296
341,297
341,299
341,300
341,302
341,307
341,310
341,312
341,314
341,315
341,316
341,319
341,324
341,327
341,333
341,334
341,337
341,338
341,350
341,355
341,356
341,357
341,358
341,359
341,360
341,362
341,363
341,364
341,365
341,367
341,380
341,383
341,384
341,392
341,393
341,394
341,400
341,410
341,414
341,429
341,440
341,446
341,448
341,453
341,457
341,459
341,460
341,461
341,468
341,475
341,491
341,493
341,513
341,514
341,545
341,550
341,553
341,562
341,572
341,573
341,585
341,596
341,613
341,619
341,646
341,649
341,655
341,663
341,671
341,689
341,697
341,701
341,705
341,710
341,720
341,736
341,777
341,778
341,779
341,784
341,788
341,792
341,800
341,819
341,841
341,862
341,904
341,940
341,941
341,948
341,994
341,1197
341,1202
341,1216
341,1232
341,1330
341,1341
341,1343
341,1344
341,1397
341,1419
341,1534
341,1626
341,1667
341,1678
342,420
342,429
342,431
342,439
342,443
342,473
342,616
342,623
342,644
342,720
342,727
342,752
342,761
342,762
342,846
342,851
342,880
342,884
342,973
342,981
342,1038
342,1049
342,1445
342,1566
342,1569
342,1641
342,1663
342,1703
342,1740
342,1741
343,1
343,34
343,47
343,50
343,51
343,70
343,73
343,94
343,111
343,124
343,132
343,160
343,162
343,176
343,180
343,188
343,221
343,224
343,228
343,229
343,259
343,266
343,271
343,278
343,294
343,305
343,315
343,320
343,324
343,325
343,329
343,334
343,338
343,384
343,404
343,410
343,416
343,428
343,429
343,430
343,436
343,440
343,441
343,443
343,464
343,473
343,482
343,496
343,498
343,513
343,517
343,519
343,523
343,538
343,543
343,545
343,546
343,547
343,588
343,599
343,613
343,629
343,647
343,649
343,654
343,680
343,689
343,711
343,713
343,729
343,732
343,740
343,744
343,752
343,754
343,755
343,759
343,765
343,767
343,770
343,775
343,813
343,817
343,837
343,843
343,845
343,855
343,866
343,868
343,869
343,874
343,876
343,877
343,881
343,882
343,885
343,887
343,897
343,899
343,909
343,913
343,915
343,916
343,919
343,922
343,925
343,933
343,955
343,969
343,973
343,978
343,980
343,981
343,984
343,986
343,997
343,1010
343,1023
343,1031
343,1036
343,1044
343,1045
343,1046
343,1047
343,1052
343,1058
343,1066
343,1071
343,1079
343,1083
343,1086
343,1088
343,1095
343,1099
343,1102
343,1103
343,1105
343,1106
343,1107
343,1108
343,1110
343,1115
343,1118
343,1120
343,1121
343,1122
343,1129
343,1133
343,1136
343,1138
343,1141
343,1142
343,1161
343,1165
343,1191
343,1206
343,1209
343,1212
343,1224
343,1232
343,1252
343,1256
343,1257
343,1259
343,1278
343,1284
343,1308
343,1309
343,1353
343,1354
343,1364
343,1372
343,1385
343,1441
343,1444
343,1447
343,1452
343,1463
343,1467
343,1470
343,1481
343,1485
343,1486
343,1495
343,1512
343,1537
343,1554
343,1555
343,1587
343,1590
343,1646
343,1662
343,1666
343,1684
343,1689
343,1690
343,1699
343,1706
343,1742
343,1743
343,1744
343,1745
343,1746
344,125
344,182
344,562
345,54
345,55
345,109
345,191
345,222
345,290
345,562
345,859
346,27
346,31
346,124
346,129
346,141
346,177
346,193
346,206
346,345
346,369
346,370
346,557
347,21
347,29
347,215
347,217
347,381
347,396
347,456
347,669
347,777
347,823
347,1001
348,21
349,21
349,317
349,461
349,678
350,21
350,53
350,111
350,141
350,144
350,146
350,183
350,216
350,281
350,319
350,326
350,365
350,373
350,390
350,444
350,459
350,475
350,510
350,531
350,562
350,704
350,715
350,792
350,820
350,1389
350,1650
351,21
351,217
351,244
351,325
351,333
351,353
351,513
351,562
351,906
351,1196
351,1642
351,1650
352,21
352,325
352,1748
353,19
353,21
353,42
353,47
353,134
353,162
353,175
353,183
353,215
353,240
353,245
353,252
353,261
353,269
353,317
353,321
353,322
353,326
353,351
353,364
353,369
353,385
353,481
353,485
353,558
353,627
353,652
353,809
353,903
353,906
353,1642
354,21
354,998
355,21
355,139
355,240
355,295
355,314
355,365
355,553
355,673
355,704
356,21
356,31
356,242
356,244
357,13
357,19
357,21
357,28
357,38
357,47
357,59
357,76
357,79
357,86
357,96
357,102
357,112
357,117
357,129
357,131
357,135
357,151
357,158
357,159
357,174
357,175
357,177
357,183
357,188
357,190
357,192
357,193
357,199
357,205
357,206
357,214
357,217
357,221
357,224
357,227
357,228
357,229
357,241
357,244
357,255
357,259
357,260
357,271
357,277
357,284
357,288
357,290
357,295
357,300
357,301
357,304
357,305
357,312
357,314
357,322
357,324
357,326
357,334
357,341
357,342
357,353
357,359
357,364
357,369
357,379
357,387
357,394
357,397
357,400
357,405
357,406
357,408
357,417
357,418
357,420
357,422
357,423
357,427
357,429
357,430
357,434
357,435
357,436
357,438
357,439
357,441
357,443
357,444
357,451
357,453
357,457
357,459
357,460
357,461
357,468
357,470
357,478
357,479
357,481
357,482
357,485
357,492
357,500
357,505
357,507
357,509
357,510
357,514
357,523
357,526
357,527
357,534
357,537
357,560
357,562
357,564
357,569
357,583
357,590
357,592
357,593
357,595
357,605
357,612
357,617
357,625
357,627
357,632
357,636
357,649
357,652
357,654
357,661
357,667
357,671
357,672
357,679
357,681
357,685
357,700
357,704
357,715
357,727
357,731
357,732
357,735
357,736
357,739
357,742
357,744
357,747
357,753
357,754
357,759
357,770
357,791
357,798
357,799
357,802
357,805
357,806
357,828
357,830
357,837
357,863
357,880
357,902
357,907
357,940
357,943
357,1001
357,1197
357,1321
357,1341
357,1362
357,1382
357,1383
357,1389
357,1391
357,1398
357,1400
357,1402
357,1415
357,1419
357,1552
357,1559
357,1603
357,1609
357,1614
357,1749
357,1750
357,1751
357,1752
357,1753
357,1754
357,1755
358,21
358,45
358,47
358,201
358,212
358,277
358,282
358,301
358,303
358,305
358,316
358,324
358,370
358,403
358,451
358,456
358,458
358,461
358,463
358,468
358,485
358,492
358,1328
358,1544
359,21
359,129
359,157
359,161
359,166
359,192
359,213
359,244
359,264
359,288
359,290
359,295
359,298
359,314
359,316
359,319
359,326
359,333
359,341
359,365
359,367
359,414
359,448
359,461
359,613
359,656
359,663
359,673
359,880
359,1216
359,1412
360,21
361,21
361,102
361,107
361,228
361,288
361,307
361,389
361,460
361,490
361,571
361,593
361,660
361,675
361,681
361,714
361,778
361,804
361,1037
361,1756
362,21
362,45
362,141
362,191
362,213
362,245
362,250
362,300
362,315
362,327
362,365
362,463
362,485
362,578
362,664
362,682
362,823
362,1757
362,1758
363,21
363,166
363,175
363,249
363,251
363,253
363,265
363,274
363,341
363,364
363,369
363,450
363,461
363,468
363,485
363,880
363,905
364,21
364,83
364,102
364,242
364,269
364,288
364,293
364,294
364,298
364,300
364,363
364,367
364,459
364,558
364,906
364,999
365,117
365,129
365,131
365,157
365,158
365,166
365,167
365,191
365,193
365,240
365,251
365,254
365,295
365,298
365,306
365,310
365,314
365,325
365,331
365,350
365,359
365,362
365,448
365,461
365,468
365,485
365,710
365,949
365,1342
365,1412
366,135
366,159
366,193
366,210
366,254
366,284
366,294
366,384
366,404
366,409
366,427
366,434
366,468
366,469
366,472
366,481
366,491
366,501
366,507
366,508
366,511
366,534
366,562
366,571
366,584
366,587
366,593
366,630
366,661
366,715
366,720
366,727
366,739
366,744
366,747
366,759
366,776
366,779
366,795
366,799
366,822
366,830
366,901
366,948
366,1219
366,1220
366,1222
366,1399
366,1411
366,1426
366,1557
366,1583
366,1760
366,1761
367,192
367,250
367,298
367,359
367,364
367,584
367,673
367,1341
368,29
368,83
368,129
368,158
368,166
368,192
368,213
368,241
368,242
368,252
368,254
368,272
368,276
368,288
368,293
368,295
368,359
368,448
368,461
368,476
368,558
368,659
368,672
368,828
368,935
368,1551
369,21
369,47
369,131
369,142
369,151
369,156
369,157
369,158
369,161
369,162
369,163
369,176
369,193
369,211
369,212
369,222
369,249
369,253
369,257
369,284
369,293
369,297
369,314
369,321
369,322
369,325
369,333
369,346
369,353
369,357
369,359
369,363
369,378
369,385
369,448
369,475
369,558
369,564
369,608
369,659
369,663
369,678
369,734
369,743
369,802
369,937
369,1196
370,81
370,100
370,107
370,136
370,152
370,164
370,177
370,193
370,212
370,227
370,230
370,274
370,276
370,277
370,306
370,328
370,447
370,463
370,475
370,543
370,573
370,668
370,669
370,723
370,847
370,880
370,940
370,949
370,1295
371,423
371,869
371,1011
371,1762
371,1763
372,32
372,38
372,47
372,57
372,92
372,131
372,159
372,214
372,242
372,276
372,280
372,303
372,309
372,316
372,326
372,458
372,461
372,565
372,681
372,691
372,708
372,1214
373,290
373,341
373,350
373,397
373,407
373,532
373,585
373,705
373,723
373,726
373,742
373,788
373,794
373,797
373,810
373,830
373,838
373,1310
373,1387
373,1473
373,1561
373,1573
373,1597
373,1667
373,1697
374,59
374,132
374,255
374,273
374,277
374,373
374,397
374,412
374,428
374,438
374,490
374,492
374,534
374,537
374,571
374,588
374,589
374,590
374,593
374,603
374,607
374,617
374,734
374,737
374,742
374,764
374,830
374,840
374,983
374,1008
374,1391
374,1428
374,1447
374,1764
374,1765
374,1766
374,1767
375,27
375,62
376,24
376,35
376,234
376,243
376,257
376,389
376,555
377,24
377,26
377,35
377,164
378,48
378,86
378,147
378,245
378,278
378,320
378,329
378,338
378,369
378,438
378,496
378,512
378,546
378,571
378,614
378,643
378,767
378,780
378,817
378,866
378,882
378,922
378,1019
378,1045
378,1060
378,1070
378,1086
378,1092
378,1099
378,1100
378,1108
378,1112
378,1122
378,1136
378,1139
378,1142
378,1202
378,1209
378,1212
378,1246
378,1256
378,1276
378,1301
378,1304
378,1308
378,1355
378,1357
378,1372
378,1429
378,1447
378,1469
378,1473
378,1481
378,1517
378,1541
378,1580
378,1639
378,1709
378,1768
378,1769
379,3
379,5
379,6
379,37
379,42
379,47
379,62
379,64
379,71
379,80
379,88
379,93
379,100
379,104
379,111
379,213
379,224
379,228
379,259
379,301
379,306
379,357
379,440
379,448
379,457
379,461
379,485
379,534
379,588
379,617
379,627
379,629
379,664
379,813
379,815
379,869
379,880
379,882
379,886
379,936
379,972
379,1099
379,1111
379,1131
379,1351
379,1387
379,1389
379,1480
379,1486
379,1542
379,1763
379,1770
380,38
380,48
380,58
380,73
380,74
380,94
380,96
380,104
380,122
380,124
380,131
380,159
380,164
380,175
380,192
380,198
380,227
380,229
380,259
380,264
380,289
380,292
380,304
380,322
380,341
380,383
380,388
380,396
380,400
380,411
380,453
380,454
380,457
380,459
380,460
380,467
380,468
380,478
380,481
380,485
380,490
380,498
380,513
380,560
380,567
380,572
380,660
380,663
380,669
380,689
380,700
380,778
380,781
380,820
380,824
380,948
380,1001
380,1193
380,1667
381,15
381,77
381,234
381,347
382,111
383,6
383,28
383,37
383,73
383,93
383,100
383,104
383,112
383,142
383,177
383,213
383,229
383,266
383,271
383,314
383,341
383,373
383,496
383,560
383,611
383,622
383,690
383,777
383,779
383,1099
383,1100
383,1107
383,1141
383,1321
383,1706
383,1732
384,28
384,30
384,33
384,38
384,45
384,50
384,51
384,58
384,62
384,64
384,68
384,70
384,76
384,81
384,85
384,86
384,96
384,100
384,104
384,110
384,112
384,115
384,120
384,124
384,131
384,132
384,134
384,135
384,148
384,154
384,158
384,164
384,165
384,176
384,191
384,192
384,193
384,201
384,213
384,216
384,224
384,227
384,228
384,236
384,237
384,245
384,247
384,257
384,258
384,261
384,266
384,270
384,278
384,292
384,304
384,311
384,312
384,324
384,337
384,341
384,342
384,343
384,353
384,366
384,394
384,408
384,440
384,459
384,464
384,469
384,471
384,481
384,482
384,489
384,492
384,494
384,498
384,513
384,516
384,553
384,560
384,567
384,575
384,576
384,582
384,583
384,585
384,604
384,619
384,637
384,649
384,664
384,665
384,675
384,689
384,714
384,720
384,723
384,727
384,736
384,746
384,784
384,790
384,792
384,796
384,799
384,810
384,823
384,874
384,932
384,944
384,948
384,950
384,951
384,952
384,1001
384,1037
384,1216
384,1225
384,1341
384,1389
384,1598
384,1666
384,1758
385,31
385,40
385,143
385,146
385,211
385,236
385,245
385,261
385,290
385,292
385,311
385,325
385,326
385,333
385,353
385,369
385,387
385,450
385,501
385,527
385,566
385,576
385,678
385,781
385,792
385,904
385,938
385,1293
385,1405
386,1055
386,1525
386,1535
387,26
387,29
387,35
387,135
387,152
387,153
387,158
387,207
387,264
387,292
387,357
387,385
387,403
387,453
387,460
387,481
387,485
387,524
387,569
387,697
387,725
387,778
387,792
387,1344
387,1694
388,25
388,27
388,31
388,46
388,51
388,60
388,73
388,86
388,87
388,96
388,113
388,122
388,135
388,150
388,191
388,223
388,228
388,229
388,257
388,265
388,288
388,294
388,331
388,374
388,396
388,400
388,428
388,436
388,444
388,460
388,464
388,509
388,511
388,582
388,613
388,669
388,702
388,713
388,874
388,907
388,908
388,1195
388,1220
388,1332
388,1650
389,35
389,273
389,376
389,912
389,915
389,1060
389,1129
389,1162
389,1541
389,1542
389,1653
389,1689
389,1771
390,5
390,56
390,76
390,212
390,553
391,59
391,76
391,257
391,277
391,556
391,570
391,599
391,629
391,838
391,842
391,843
391,844
391,846
391,895
391,1105
391,1244
391,1319
391,1361
391,1439
391,1456
391,1570
391,1741
391,1749
391,1772
391,1773
391,1774
391,1775
392,25
392,38
392,47
392,50
392,96
392,113
392,146
392,193
392,221
392,254
392,271
392,276
392,277
392,299
392,300
392,301
392,304
392,305
392,306
392,316
392,446
392,457
392,509
392,544
392,860
392,949
392,1526
393,40
393,52
393,193
393,210
393,246
393,390
393,475
394,25
394,236
394,241
394,257
394,261
394,292
394,304
394,324
394,337
394,341
394,384
394,398
394,417
394,425
394,440
394,444
394,453
394,459
394,482
394,505
394,539
394,546
394,582
394,669
394,689
394,736
394,737
394,807
394,824
394,844
394,866
394,868
394,952
394,985
394,1003
394,1244
394,1391
394,1421
394,1531
394,1607
394,1668
394,1671
394,1695
394,1699
395,25
395,102
395,147
395,159
395,164
395,213
395,215
395,274
395,282
395,285
395,288
395,405
395,412
395,420
395,427
395,461
395,492
395,507
395,556
395,588
395,646
395,685
395,777
395,876
395,1321
395,1564
395,1614
395,1739
396,25
396,46
396,107
396,272
396,310
396,330
396,347
396,380
396,411
396,418
396,460
396,489
396,490
396,546
396,573
396,604
396,663
396,723
396,779
396,878
396,901
396,944
396,1002
396,1187
396,1197
396,1776
397,42
397,110
397,169
397,174
397,270
397,282
397,285
397,306
397,311
397,312
397,315
397,357
397,373
397,398
397,401
397,404
397,406
397,408
397,409
397,411
397,412
397,420
397,459
397,471
397,492
397,500
397,505
397,509
397,513
397,516
397,520
397,523
397,527
397,529
397,531
397,534
397,583
397,590
397,592
397,594
397,604
397,605
397,636
397,685
397,710
397,714
397,731
397,733
397,734
397,738
397,742
397,748
397,759
397,776
397,779
397,792
397,794
397,802
397,807
397,830
397,834
397,873
397,948
397,956
397,1193
397,1200
397,1218
397,1240
397,1382
397,1390
397,1391
397,1421
397,1563
397,1574
397,1607
397,1608
397,1697
397,1777
397,1778
397,1779
397,1780
397,1781
398,110
398,171
398,247
398,261
398,312
398,394
398,401
398,405
398,408
398,409
398,425
398,469
398,483
398,492
398,496
398,503
398,510
398,550
398,560
398,563
398,567
398,587
398,604
398,627
398,666
398,714
398,729
398,734
398,736
398,745
398,747
398,791
398,796
398,886
398,1005
398,1221
398,1263
398,1391
398,1398
398,1405
398,1562
398,1598
398,1604
398,1667
398,1750
399,29
399,143
399,169
399,311
399,326
399,390
399,402
399,407
399,448
399,451
399,463
399,503
399,510
399,792
399,1402
399,1701
400,135
400,164
400,191
400,205
400,210
400,224
400,228
400,258
400,292
400,304
400,331
400,357
400,366
400,380
400,388
400,417
400,422
400,428
400,429
400,432
400,436
400,443
400,493
400,502
400,508
400,509
400,513
400,516
400,525
400,531
400,534
400,537
400,538
400,560
400,571
400,575
400,624
400,630
400,649
400,665
400,712
400,732
400,739
400,824
400,863
400,867
400,944
400,948
400,962
400,1002
400,1219
400,1269
400,1341
400,1390
400,1399
400,1421
400,1649
400,1676
401,25
401,304
401,324
401,398
401,400
401,415
401,447
401,459
401,495
401,501
401,574
401,649
401,671
401,701
401,792
401,824
401,952
401,1200
401,1598
402,264
402,399
402,422
402,493
402,619
402,697
402,722
402,785
402,860
402,1200
403,29
403,110
403,135
403,151
403,152
403,167
403,241
403,310
403,312
403,324
403,373
403,404
403,503
403,507
403,562
403,576
403,583
403,585
403,703
403,715
403,734
403,736
403,766
403,793
403,1001
403,1222
403,1332
403,1344
403,1383
403,1414
404,97
404,134
404,135
404,164
404,174
404,215
404,236
404,249
404,257
404,261
404,281
404,285
404,312
404,315
404,337
404,350
404,361
404,366
404,391
404,397
404,398
404,403
404,407
404,408
404,409
404,412
404,417
404,427
404,477
404,481
404,497
404,504
404,505
404,507
404,509
404,510
404,513
404,514
404,515
404,534
404,537
404,562
404,576
404,581
404,585
404,586
404,604
404,631
404,640
404,654
404,665
404,676
404,726
404,727
404,731
404,734
404,736
404,741
404,742
404,747
404,751
404,759
404,776
404,777
404,791
404,792
404,794
404,796
404,800
404,804
404,807
404,830
404,831
404,863
404,866
404,901
404,918
404,948
404,949
404,1198
404,1202
404,1219
404,1220
404,1222
404,1232
404,1299
404,1311
404,1330
404,1359
404,1389
404,1438
404,1573
404,1583
404,1603
404,1605
404,1608
404,1623
404,1643
404,1758
404,1782
405,245
405,357
405,395
405,420
405,430
405,435
405,438
405,440
405,473
405,492
405,501
405,517
405,520
405,523
405,560
405,585
405,591
405,598
405,604
405,605
405,606
405,623
405,636
405,640
405,644
405,649
405,684
405,710
405,747
405,748
405,756
405,779
405,792
405,868
405,895
405,981
405,983
405,1198
405,1263
405,1398
405,1436
405,1618
405,1664
405,1755
405,1765
405,1774
405,1783
406,135
406,311
406,502
406,516
406,534
406,710
406,736
406,912
406,1607
407,167
407,213
407,572
407,726
407,805
407,1701
408,110
408,132
408,167
408,311
408,407
408,409
408,456
408,504
408,506
408,509
408,527
408,726
408,797
408,798
408,801
408,803
408,805
408,807
408,823
408,830
408,1377
408,1400
409,261
409,282
409,366
409,398
409,404
409,408
409,469
409,500
409,506
409,510
409,562
409,573
409,586
409,627
409,723
409,726
409,747
409,792
409,798
409,804
409,805
409,1383
409,1785
410,31
410,73
410,228
410,265
410,343
410,907
411,27
411,31
411,135
411,143
411,169
411,215
411,249
411,270
411,380
411,396
411,397
411,493
411,501
411,563
411,569
411,573
411,675
411,690
411,724
411,779
411,854
411,976
411,979
411,982
411,984
411,985
411,1050
411,1217
411,1277
411,1356
411,1361
411,1676
411,1786
412,27
412,37
412,44
412,49
412,68
412,100
412,114
412,122
412,135
412,139
412,176
412,183
412,188
412,193
412,201
412,208
412,215
412,224
412,244
412,246
412,261
412,277
412,290
412,295
412,299
412,315
412,350
412,355
412,373
412,374
412,384
412,395
412,397
412,458
412,485
412,510
412,516
412,522
412,527
412,570
412,591
412,608
412,615
412,639
412,653
412,655
412,661
412,665
412,686
412,687
412,706
412,734
412,738
412,742
412,788
412,823
412,830
412,838
412,863
412,878
412,901
412,937
412,957
412,1119
412,1296
412,1312
412,1391
412,1608
412,1645
412,1739
412,1766
412,1787
413,42
413,124
413,152
413,200
413,215
413,240
413,282
413,312
413,456
413,524
413,714
413,718
413,779
413,786
413,1346
413,1381
413,1411
413,1592
413,1788
414,214
414,253
414,359
414,673
415,227
415,419
415,424
415,433
415,475
415,482
415,511
415,652
415,676
415,799
415,1220
415,1319
415,1399
415,1419
415,1574
416,38
416,83
416,134
416,158
416,276
416,293
416,298
416,301
416,343
416,517
416,767
416,860
416,876
416,880
416,1001
416,1244
416,1618
416,1663
417,38
417,51
417,110
417,164
417,205
417,228
417,250
417,258
417,325
417,337
417,342
417,357
417,366
417,394
417,400
417,404
417,408
417,429
417,436
417,462
417,472
417,482
417,498
417,500
417,501
417,507
417,508
417,509
417,511
417,512
417,516
417,520
417,523
417,524
417,533
417,534
417,536
417,537
417,550
417,553
417,560
417,563
417,575
417,582
417,593
417,595
417,625
417,654
417,689
417,715
417,720
417,727
417,736
417,747
417,748
417,753
417,755
417,777
417,806
417,863
417,918
417,948
417,956
417,1016
417,1223
417,1233
417,1258
417,1335
417,1341
417,1392
417,1398
417,1415
417,1425
417,1627
417,1633
417,1643
417,1645
417,1676
417,1752
417,1754
417,1755
417,1761
417,1782
417,1789
418,358
418,396
418,489
418,512
418,546
418,1790
419,191
419,313
419,415
419,435
419,627
419,943
419,1430
420,208
420,285
420,342
420,353
420,357
420,395
420,397
420,405
420,423
420,431
420,434
420,492
420,507
420,508
420,509
420,517
420,533
420,534
420,537
420,556
420,587
420,592
420,597
420,602
420,606
420,608
420,636
420,640
420,645
420,701
420,713
420,727
420,734
420,736
420,747
420,830
420,831
420,838
420,863
420,876
420,880
420,948
420,968
420,980
420,1012
420,1028
420,1219
420,1240
420,1362
420,1391
420,1548
420,1561
420,1564
420,1606
420,1633
420,1663
420,1697
420,1771
420,1781
420,1791
421,625
421,750
421,1552
422,31
422,148
422,158
422,171
422,192
422,212
422,285
422,400
422,402
422,432
422,493
422,513
422,514
422,523
422,525
422,531
422,687
422,724
422,734
422,736
422,744
422,802
422,948
422,1196
422,1219
422,1255
422,1317
422,1608
422,1649
422,1659
422,1671
423,371
423,406
423,420
423,424
423,427
423,429
423,507
423,524
423,529
423,534
423,597
423,754
423,1223
423,1794
423,1795
423,1796
423,1797
423,1798
424,427
424,432
424,436
424,438
424,440
424,517
424,592
424,597
424,600
424,716
424,753
424,870
424,873
424,1235
424,1531
424,1790
424,1798
424,1799
424,1800
425,9
425,14
425,50
425,104
425,257
425,278
425,312
425,347
425,394
425,398
425,419
425,430
425,431
425,433
425,439
425,440
425,481
425,515
425,516
425,519
425,534
425,537
425,539
425,556
425,560
425,581
425,588
425,602
425,606
425,613
425,630
425,639
425,645
425,700
425,719
425,725
425,737
425,752
425,766
425,770
425,777
425,779
425,843
425,866
425,868
425,873
425,880
425,881
425,897
425,900
425,907
425,978
425,981
425,1035
425,1238
425,1328
425,1360
425,1393
425,1398
425,1559
425,1663
425,1681
425,1683
425,1741
425,1767
425,1774
425,1801
425,1802
426,1803
427,31
427,63
427,171
427,264
427,278
427,357
427,395
427,422
427,423
427,424
427,430
427,432
427,436
427,440
427,441
427,512
427,521
427,522
427,527
427,532
427,534
427,537
427,550
427,592
427,593
427,608
427,617
427,625
427,627
427,629
427,667
427,685
427,729
427,740
427,743
427,745
427,751
427,753
427,754
427,767
427,776
427,800
427,834
427,835
427,869
427,943
427,948
427,1207
427,1218
427,1223
427,1257
427,1282
427,1321
427,1390
427,1422
427,1645
427,1750
427,1751
427,1755
427,1804
427,1805
428,34
428,42
428,59
428,72
428,96
428,97
428,132
428,164
428,196
428,205
428,225
428,273
428,277
428,278
428,279
428,283
428,285
428,324
428,338
428,342
428,343
428,350
428,371
428,374
428,378
428,388
428,394
428,395
428,396
428,397
428,398
428,400
428,405
428,406
428,412
428,417
428,418
428,419
428,423
428,424
428,425
428,427
428,429
428,430
428,432
428,433
428,436
428,438
428,440
428,441
428,442
428,443
428,444
428,461
428,464
428,470
428,472
428,473
428,475
428,477
428,492
428,494
428,495
428,507
428,508
428,512
428,514
428,515
428,517
428,519
428,523
428,525
428,526
428,527
428,528
428,530
428,534
428,535
428,537
428,538
428,539
428,547
428,560
428,571
428,587
428,588
428,590
428,591
428,593
428,603
428,604
428,606
428,608
428,609
428,610
428,617
428,620
428,621
428,622
428,625
428,626
428,627
428,629
428,630
428,632
428,636
428,638
428,639
428,641
428,642
428,644
428,647
428,650
428,658
428,668
428,676
428,680
428,707
428,711
428,713
428,719
428,728
428,732
428,734
428,735
428,737
428,739
428,740
428,741
428,742
428,744
428,745
428,747
428,749
428,750
428,752
428,756
428,759
428,760
428,761
428,764
428,770
428,772
428,773
428,775
428,776
428,780
428,815
428,817
428,830
428,832
428,835
428,836
428,837
428,840
428,841
428,842
428,845
428,850
428,854
428,855
428,863
428,866
428,868
428,869
428,870
428,873
428,874
428,875
428,876
428,877
428,879
428,880
428,881
428,882
428,885
428,886
428,888
428,892
428,894
428,897
428,899
428,901
428,907
428,908
428,909
428,910
428,912
428,913
428,914
428,915
428,917
428,918
428,933
428,955
428,956
428,958
428,961
428,963
428,966
428,967
428,970
428,973
428,974
428,978
428,979
428,980
428,981
428,982
428,984
428,986
428,988
428,989
428,1010
428,1014
428,1015
428,1017
428,1018
428,1020
428,1021
428,1022
428,1027
428,1033
428,1035
428,1036
428,1037
428,1039
428,1040
428,1041
428,1043
428,1045
428,1047
428,1049
428,1051
428,1052
428,1053
428,1060
428,1061
428,1062
428,1063
428,1067
428,1068
428,1069
428,1071
428,1074
428,1075
428,1078
428,1079
428,1081
428,1082
428,1084
428,1085
428,1086
428,1087
428,1088
428,1089
428,1092
428,1093
428,1094
428,1095
428,1096
428,1098
428,1099
428,1100
428,1101
428,1102
428,1104
428,1106
428,1112
428,1116
428,1119
428,1121
428,1122
428,1124
428,1133
428,1136
428,1137
428,1139
428,1141
428,1149
428,1161
428,1165
428,1174
428,1186
428,1208
428,1209
428,1218
428,1219
428,1223
428,1228
428,1233
428,1236
428,1250
428,1251
428,1252
428,1256
428,1257
428,1259
428,1263
428,1267
428,1268
428,1271
428,1273
428,1274
428,1276
428,1278
428,1279
428,1286
428,1287
428,1292
428,1296
428,1300
428,1302
428,1305
428,1306
428,1307
428,1308
428,1309
428,1312
428,1320
428,1349
428,1354
428,1364
428,1366
428,1367
428,1368
428,1372
428,1385
428,1386
428,1391
428,1392
428,1399
428,1400
428,1415
428,1421
428,1425
428,1426
428,1427
428,1428
428,1430
428,1432
428,1435
428,1436
428,1438
428,1440
428,1441
428,1442
428,1447
428,1449
428,1450
428,1451
428,1452
428,1453
428,1454
428,1458
428,1460
428,1461
428,1464
428,1465
428,1467
428,1471
428,1512
428,1541
428,1548
428,1549
428,1560
428,1562
428,1563
428,1564
428,1568
428,1569
428,1573
428,1575
428,1578
428,1580
428,1581
428,1584
428,1588
428,1589
428,1590
428,1610
428,1627
428,1628
428,1629
428,1636
428,1638
428,1640
428,1645
428,1646
428,1648
428,1653
428,1654
428,1656
428,1661
428,1663
428,1679
428,1690
428,1699
428,1708
428,1713
428,1718
428,1729
428,1746
428,1766
428,1767
428,1774
428,1796
428,1803
428,1806
428,1807
428,1808
428,1809
428,1810
428,1811
428,1812
428,1813
428,1814
428,1815
428,1816
428,1817
428,1818
428,1819
428,1820
428,1821
428,1822
428,1823
428,1824
428,1825
428,1826
428,1827
428,1828
429,31
429,40
429,132
429,156
429,190
429,278
429,324
429,342
429,343
429,357
429,394
429,400
429,417
429,421
429,423
429,431
429,436
429,440
429,503
429,509
429,520
429,533
429,534
429,562
429,595
429,616
429,625
429,654
429,720
429,752
429,756
429,759
429,770
429,831
429,868
429,873
429,1005
429,1201
429,1232
429,1236
429,1310
429,1552
429,1761
430,371
430,405
430,422
430,425
430,427
430,428
430,431
430,438
430,440
430,441
430,514
430,520
430,527
430,528
430,533
430,534
430,537
430,571
430,600
430,616
430,623
430,624
430,625
430,627
430,640
430,742
430,746
430,837
430,980
430,1016
430,1017
430,1236
430,1299
430,1321
430,1362
430,1584
430,1585
430,1613
430,1633
430,1755
430,1790
430,1804
430,1829
430,1830
431,159
431,342
431,420
431,425
431,430
431,479
431,503
431,589
431,645
431,779
431,981
431,1325
431,1427
431,1445
431,1729
432,400
432,422
432,424
432,496
432,512
432,610
432,1321
432,1337
433,102
433,285
433,425
433,428
433,441
433,502
433,514
433,522
433,528
433,534
433,535
433,599
433,617
433,643
433,749
433,759
433,846
433,855
433,882
433,892
433,963
433,975
433,979
433,1041
433,1049
433,1105
433,1250
433,1365
433,1367
433,1569
433,1578
433,1751
433,1793
433,1796
434,86
434,315
434,366
434,420
434,424
434,430
434,529
434,605
434,627
434,658
434,735
434,746
434,868
434,873
434,962
434,1201
434,1663
435,405
435,419
435,430
435,438
435,441
435,445
435,617
435,713
435,1809
436,424
436,427
436,430
436,526
436,550
436,590
436,595
436,608
436,625
436,636
436,743
436,913
436,1235
436,1428
436,1567
436,1581
436,1589
436,1641
436,1661
436,1793
436,1803
436,1806
437,1331
437,1524
438,195
438,285
438,378
438,405
438,419
438,420
438,424
438,430
438,435
438,439
438,440
438,441
438,470
438,514
438,535
438,610
438,616
438,617
438,627
438,631
438,639
438,654
438,713
438,727
438,739
438,752
438,764
438,832
438,943
438,958
438,980
438,1227
438,1398
438,1548
438,1585
438,1618
438,1761
438,1809
438,1811
438,1831
439,36
439,107
439,171
439,342
439,425
439,438
439,440
439,627
439,629
439,630
439,631
439,842
439,846
439,875
439,876
439,1243
439,1244
439,1321
439,1361
439,1585
439,1703
439,1755
439,1798
440,31
440,96
440,102
440,110
440,131
440,264
440,288
440,293
440,304
440,341
440,343
440,363
440,384
440,394
440,405
440,424
440,425
440,427
440,438
440,459
440,461
440,508
440,517
440,523
440,550
440,573
440,585
440,625
440,645
440,649
440,669
440,671
440,682
440,727
440,747
440,752
440,759
440,776
440,824
440,830
440,831
440,837
440,846
440,873
440,874
440,887
440,1017
440,1038
440,1093
440,1240
440,1399
440,1428
440,1531
440,1609
440,1681
440,1801
441,334
441,418
441,423
441,427
441,430
441,435
441,438
441,593
441,597
441,627
441,729
441,832
441,846
441,853
441,877
441,894
441,981
441,1045
441,1207
441,1270
441,1755
441,1818
441,1832
442,419
442,606
442,607
442,625
442,876
442,900
442,1422
442,1761
442,1833
443,119
443,285
443,342
443,477
443,517
443,533
443,539
443,547
443,571
443,606
443,625
443,649
443,729
443,817
443,866
443,883
443,887
443,888
443,900
443,964
443,984
443,1035
443,1045
443,1046
443,1059
443,1063
443,1065
443,1069
443,1071
443,1075
443,1107
443,1108
443,1268
443,1281
443,1321
443,1371
443,1564
443,1571
443,1590
443,1820
443,1821
443,1834
443,1835
444,97
444,205
444,229
444,257
444,261
444,394
444,428
444,464
444,495
444,496
444,512
444,604
444,637
444,639
444,732
444,734
444,802
444,817
444,855
444,881
444,890
444,943
444,978
444,1025
444,1033
444,1251
444,1257
444,1268
444,1296
444,1367
444,1382
444,1467
444,1627
444,1699
444,1793
445,435
445,550
445,976
445,1448
445,1654
445,1836
446,52
446,1343
446,1662
447,40
447,129
447,144
447,157
447,162
447,211
447,318
447,401
447,475
447,694
448,117
448,250
448,317
448,355
448,359
448,368
448,483
448,511
448,565
448,671
448,679
448,1544
449,117
449,673
449,1001
449,1408
450,112
450,153
450,166
450,214
450,249
450,255
450,267
450,363
450,385
450,463
450,468
450,485
450,661
450,824
450,880
450,937
450,1001
451,43
451,188
451,269
451,358
451,399
451,485
451,537
451,565
451,570
451,691
451,901
451,1544
451,1600
452,295
452,494
452,659
453,29
453,38
453,45
453,110
453,113
453,146
453,153
453,158
453,159
453,181
453,199
453,201
453,213
453,214
453,217
453,222
453,224
453,227
453,241
453,242
453,245
453,257
453,259
453,266
453,280
453,292
453,293
453,303
453,317
453,319
453,327
453,357
453,380
453,387
453,394
453,457
453,459
453,460
453,462
453,466
453,467
453,468
453,479
453,481
453,485
453,491
453,558
453,564
453,569
453,663
453,664
453,700
453,825
453,918
453,941
453,943
453,991
453,1001
453,1380
453,1390
453,1591
453,1837
454,29
454,259
454,306
454,943
455,249
455,300
455,1553
456,215
456,347
456,358
456,413
456,485
456,502
456,523
456,710
456,759
456,778
456,820
456,823
456,825
456,947
456,1231
456,1362
456,1390
456,1411
457,29
457,73
457,92
457,111
457,131
457,134
457,152
457,158
457,164
457,166
457,191
457,192
457,193
457,207
457,227
457,241
457,254
457,259
457,293
457,306
457,310
457,324
457,341
457,358
457,380
457,392
457,453
457,459
457,462
457,463
457,468
457,478
457,485
457,513
457,663
457,669
457,680
457,709
457,940
457,950
457,995
457,1001
457,1216
457,1326
457,1341
457,1349
457,1389
457,1553
457,1594
457,1626
458,83
458,134
458,159
458,166
458,178
458,210
458,214
458,241
458,246
458,276
458,296
458,298
458,299
458,316
458,334
458,358
458,412
458,461
458,682
458,722
458,860
458,879
458,937
458,1216
458,1378
458,1550
458,1674
459,0
459,8
459,9
459,15
459,29
459,38
459,42
459,43
459,45
459,47
459,49
459,50
459,58
459,76
459,107
459,110
459,111
459,120
459,124
459,131
459,132
459,134
459,136
459,151
459,153
459,154
459,158
459,159
459,166
459,167
459,170
459,177
459,181
459,186
459,193
459,199
459,210
459,211
459,212
459,217
459,220
459,221
459,222
459,227
459,228
459,237
459,241
459,242
459,245
459,248
459,249
459,252
459,255
459,256
459,259
459,262
459,264
459,266
459,268
459,278
459,282
459,286
459,293
459,295
459,297
459,300
459,304
459,310
459,312
459,321
459,325
459,326
459,327
459,328
459,329
459,339
459,341
459,348
459,350
459,353
459,357
459,364
459,366
459,370
459,383
459,384
459,391
459,392
459,394
459,397
459,399
459,401
459,407
459,408
459,409
459,416
459,440
459,454
459,457
459,460
459,461
459,469
459,471
459,475
459,480
459,481
459,482
459,489
459,490
459,500
459,501
459,513
459,514
459,516
459,527
459,542
459,552
459,560
459,563
459,569
459,572
459,574
459,576
459,582
459,585
459,619
459,646
459,675
459,689
459,703
459,706
459,708
459,710
459,719
459,720
459,721
459,727
459,736
459,777
459,778
459,781
459,791
459,797
459,799
459,803
459,805
459,807
459,848
459,869
459,880
459,937
459,941
459,944
459,1001
459,1225
459,1327
459,1328
459,1377
459,1396
459,1399
459,1405
459,1416
459,1599
459,1600
459,1676
459,1758
460,1
460,39
460,45
460,79
460,124
460,131
460,147
460,152
460,169
460,201
460,203
460,210
460,214
460,215
460,217
460,222
460,227
460,240
460,241
460,264
460,280
460,304
460,305
460,312
460,341
460,358
460,366
460,387
460,396
460,453
460,459
460,475
460,489
460,524
460,534
460,553
460,569
460,572
460,573
460,575
460,578
460,660
460,663
460,664
460,672
460,697
460,698
460,699
460,714
460,726
460,777
460,781
460,792
460,796
460,822
460,825
460,845
460,866
460,932
460,947
460,1001
460,1200
460,1225
460,1591
460,1677
461,8
461,29
461,38
461,47
461,92
461,102
461,159
461,161
461,192
461,193
461,200
461,221
461,227
461,233
461,244
461,259
461,265
461,266
461,274
461,288
461,294
461,301
461,304
461,314
461,322
461,326
461,329
461,341
461,349
461,358
461,359
461,363
461,365
461,368
461,372
461,395
461,427
461,440
461,458
461,468
461,479
461,485
461,520
461,522
461,525
461,544
461,571
461,646
461,663
461,817
461,847
461,869
461,907
461,948
461,949
461,995
461,1001
461,1199
461,1321
461,1378
461,1563
461,1564
461,1645
461,1805
462,29
462,117
462,250
462,306
462,316
462,453
462,457
462,463
462,564
462,660
462,680
462,936
462,938
462,1326
463,29
463,38
463,39
463,49
463,83
463,92
463,159
463,175
463,192
463,193
463,197
463,200
463,221
463,227
463,259
463,306
463,310
463,322
463,358
463,457
463,462
463,468
463,485
463,498
463,558
463,569
463,661
463,671
463,709
463,819
463,1000
463,1230
463,1544
464,29
464,34
464,48
464,66
464,96
464,97
464,117
464,160
464,194
464,205
464,208
464,210
464,213
464,217
464,221
464,228
464,229
464,233
464,236
464,245
464,257
464,261
464,274
464,278
464,297
464,305
464,310
464,315
464,324
464,338
464,342
464,343
464,350
464,378
464,384
464,388
464,394
464,408
464,409
464,411
464,428
464,430
464,434
464,440
464,441
464,442
464,443
464,444
464,467
464,468
464,471
464,473
464,482
464,489
464,494
464,495
464,496
464,498
464,516
464,517
464,519
464,538
464,539
464,547
464,548
464,556
464,560
464,562
464,582
464,599
464,604
464,609
464,613
464,622
464,628
464,629
464,631
464,639
464,641
464,669
464,711
464,713
464,719
464,727
464,729
464,741
464,750
464,752
464,755
464,758
464,759
464,761
464,767
464,770
464,771
464,772
464,774
464,780
464,798
464,804
464,817
464,831
464,834
464,837
464,840
464,841
464,842
464,844
464,855
464,860
464,866
464,867
464,868
464,873
464,874
464,876
464,879
464,881
464,882
464,883
464,888
464,892
464,897
464,899
464,900
464,901
464,905
464,907
464,908
464,910
464,915
464,933
464,936
464,943
464,950
464,952
464,955
464,958
464,963
464,967
464,976
464,979
464,980
464,981
464,982
464,983
464,985
464,986
464,988
464,1005
464,1010
464,1014
464,1015
464,1018
464,1020
464,1023
464,1030
464,1038
464,1039
464,1041
464,1043
464,1044
464,1047
464,1049
464,1050
464,1054
464,1060
464,1061
464,1063
464,1064
464,1066
464,1067
464,1068
464,1071
464,1074
464,1075
464,1076
464,1078
464,1086
464,1093
464,1095
464,1096
464,1100
464,1101
464,1105
464,1108
464,1110
464,1111
464,1112
464,1118
464,1126
464,1149
464,1165
464,1174
464,1189
464,1191
464,1215
464,1227
464,1228
464,1233
464,1240
464,1247
464,1251
464,1253
464,1256
464,1257
464,1259
464,1268
464,1270
464,1272
464,1273
464,1274
464,1275
464,1276
464,1279
464,1281
464,1282
464,1288
464,1291
464,1296
464,1303
464,1306
464,1308
464,1309
464,1315
464,1316
464,1317
464,1326
464,1348
464,1354
464,1364
464,1365
464,1366
464,1367
464,1372
464,1413
464,1415
464,1427
464,1433
464,1434
464,1435
464,1436
464,1438
464,1441
464,1448
464,1449
464,1450
464,1451
464,1461
464,1467
464,1474
464,1531
464,1532
464,1549
464,1554
464,1578
464,1581
464,1626
464,1628
464,1630
464,1646
464,1662
464,1687
464,1689
464,1690
464,1713
464,1717
464,1729
464,1740
464,1746
464,1753
464,1775
464,1801
464,1817
464,1818
464,1820
464,1821
464,1825
464,1838
464,1839
464,1840
464,1841
464,1842
464,1843
464,1844
464,1845
464,1846
464,1847
464,1848
464,1849
464,1850
464,1851
464,1852
464,1853
464,1854
464,1855
465,158
465,670
465,936
466,29
466,53
466,158
466,241
466,298
466,308
466,392
466,453
466,465
466,570
466,661
466,669
466,670
466,699
466,938
466,996
466,1333
466,1526
467,303
467,667
467,668
467,991
467,1001
468,29
468,31
468,38
468,43
468,47
468,110
468,131
468,134
468,152
468,166
468,193
468,199
468,200
468,201
468,227
468,228
468,241
468,249
468,254
468,259
468,261
468,264
468,284
468,289
468,303
468,305
468,341
468,357
468,358
468,363
468,365
468,366
468,380
468,415
468,450
468,453
468,457
468,461
468,463
468,464
468,469
468,482
468,664
468,669
468,713
468,722
468,822
468,934
468,940
468,995
468,1001
468,1195
468,1419
469,167
469,266
469,398
469,409
469,456
469,468
469,584
469,710
469,793
469,826
469,1222
469,1856
470,282
470,419
470,438
470,508
470,534
470,556
470,610
470,747
470,759
470,760
470,761
470,873
470,968
470,1362
471,2
471,3
471,5
471,23
471,47
471,48
471,68
471,69
471,96
471,100
471,104
471,110
471,135
471,193
471,207
471,217
471,224
471,237
471,245
471,247
471,292
471,366
471,377
471,384
471,396
471,404
471,409
471,464
471,482
471,489
471,503
471,527
471,550
471,563
471,574
471,585
471,604
471,611
471,627
471,654
471,714
471,715
471,720
471,723
471,726
471,727
471,736
471,747
471,774
471,777
471,780
471,792
471,803
471,807
471,810
471,841
471,860
471,901
471,1216
471,1220
471,1221
471,1227
471,1232
471,1311
471,1345
471,1383
471,1405
471,1666
472,42
472,117
472,123
472,135
472,164
472,366
472,417
472,428
472,498
472,510
472,514
472,531
472,538
472,592
472,649
472,739
472,863
472,948
472,1002
472,1220
472,1222
472,1400
472,1633
473,24
473,97
473,164
473,245
473,342
473,405
473,607
473,639
473,645
473,702
473,756
473,761
473,841
473,874
473,876
473,877
473,900
473,943
473,1367
473,1436
473,1467
473,1564
473,1857
474,77
475,34
475,78
475,112
475,140
475,143
475,144
475,146
475,156
475,157
475,177
475,224
475,255
475,317
475,320
475,369
475,393
475,415
475,447
475,460
475,513
475,562
475,823
475,997
475,1224
475,1402
476,46
476,129
476,143
476,274
476,360
476,368
476,564
477,53
477,55
477,288
477,304
477,397
477,443
477,513
477,523
477,562
477,663
478,257
478,296
478,301
478,407
478,448
478,457
478,509
478,514
478,670
478,713
478,1362
479,63
479,107
479,141
479,278
479,315
479,360
479,424
479,453
479,461
479,496
479,527
479,610
479,612
479,625
479,629
479,630
479,645
479,656
479,740
479,749
479,750
479,753
479,754
479,767
479,770
479,789
479,837
479,843
479,844
479,868
479,873
479,875
479,876
479,879
479,884
479,885
479,894
479,896
479,963
479,965
479,966
479,970
479,976
479,978
479,985
479,1028
479,1034
479,1038
479,1039
479,1047
479,1049
479,1066
479,1068
479,1075
479,1082
479,1093
479,1098
479,1107
479,1215
479,1236
479,1254
479,1259
479,1268
479,1317
479,1321
479,1463
479,1659
479,1665
479,1754
479,1801
479,1846
479,1858
479,1859
479,1860
480,10
480,358
480,1861
481,31
481,42
481,45
481,59
481,83
481,107
481,110
481,119
481,120
481,131
481,134
481,135
481,153
481,160
481,164
481,176
481,188
481,193
481,195
481,213
481,228
481,229
481,236
481,247
481,249
481,259
481,261
481,264
481,280
481,285
481,292
481,304
481,315
481,334
481,337
481,353
481,357
481,366
481,380
481,384
481,387
481,404
481,409
481,420
481,425
481,453
481,472
481,475
481,482
481,491
481,492
481,500
481,501
481,504
481,505
481,506
481,508
481,511
481,513
481,514
481,516
481,534
481,537
481,539
481,553
481,560
481,562
481,569
481,584
481,586
481,617
481,627
481,662
481,665
481,669
481,687
481,689
481,698
481,710
481,715
481,720
481,726
481,727
481,734
481,743
481,747
481,777
481,783
481,794
481,800
481,802
481,804
481,805
481,807
481,830
481,834
481,860
481,863
481,864
481,866
481,874
481,918
481,943
481,945
481,948
481,951
481,994
481,1001
481,1004
481,1005
481,1198
481,1218
481,1219
481,1220
481,1263
481,1327
481,1332
481,1335
481,1389
481,1390
481,1391
481,1415
481,1427
481,1529
481,1700
481,1798
481,1800
481,1862
481,1863
482,31
482,153
482,215
482,227
482,229
482,261
482,272
482,278
482,281
482,285
482,292
482,304
482,329
482,337
482,338
482,343
482,358
482,366
482,371
482,384
482,391
482,394
482,406
482,415
482,419
482,430
482,434
482,440
482,442
482,453
482,461
482,464
482,468
482,473
482,481
482,496
482,517
482,523
482,524
482,534
482,537
482,539
482,550
482,553
482,560
482,571
482,587
482,593
482,597
482,604
482,606
482,609
482,610
482,613
482,619
482,629
482,638
482,656
482,666
482,669
482,676
482,684
482,689
482,722
482,723
482,727
482,747
482,752
482,756
482,767
482,770
482,781
482,802
482,807
482,829
482,833
482,837
482,842
482,866
482,880
482,910
482,933
482,948
482,963
482,973
482,980
482,981
482,985
482,1018
482,1019
482,1050
482,1054
482,1060
482,1079
482,1081
482,1127
482,1150
482,1159
482,1191
482,1212
482,1223
482,1227
482,1257
482,1260
482,1261
482,1272
482,1277
482,1321
482,1372
482,1386
482,1397
482,1398
482,1437
482,1474
482,1485
482,1493
482,1505
482,1535
482,1542
482,1569
482,1676
482,1690
482,1723
482,1824
482,1833
482,1838
482,1864
482,1865
482,1866
482,1867
483,10
483,31
483,47
483,102
483,111
483,117
483,136
483,164
483,166
483,179
483,202
483,208
483,213
483,215
483,316
483,448
483,652
483,673
483,780
483,796
483,947
483,1336
483,1539
483,1868
484,241
485,44
485,45
485,47
485,111
485,112
485,124
485,135
485,146
485,159
485,183
485,201
485,213
485,214
485,227
485,241
485,252
485,261
485,264
485,269
485,310
485,315
485,325
485,326
485,334
485,353
485,358
485,362
485,363
485,365
485,380
485,387
485,412
485,450
485,451
485,453
485,456
485,457
485,458
485,461
485,463
485,544
485,652
485,699
485,713
485,792
485,938
485,995
485,1001
485,1694
486,191
487,107
487,158
487,201
487,324
487,578
487,664
487,669
487,706
487,825
487,1328
488,135
488,160
488,415
488,502
488,682
488,866
489,48
489,152
489,247
489,261
489,311
489,460
489,516
489,583
489,727
489,759
489,779
489,791
489,1216
490,261
490,516
490,578
490,779
491,31
491,48
491,203
491,264
491,341
491,366
491,453
491,481
491,665
491,948
491,1335
491,1416
491,1666
492,110
492,169
492,264
492,307
492,312
492,398
492,405
492,481
492,539
492,560
492,569
492,583
492,664
492,669
492,947
492,951
492,954
492,1001
492,1299
492,1522
492,1607
493,31
493,249
493,400
493,402
493,408
493,411
493,422
493,467
493,516
493,649
493,668
493,714
493,792
493,796
493,798
494,6
494,28
494,42
494,68
494,96
494,97
494,104
494,111
494,122
494,148
494,150
494,157
494,169
494,176
494,177
494,212
494,215
494,217
494,223
494,224
494,228
494,229
494,233
494,236
494,251
494,257
494,311
494,314
494,329
494,366
494,378
494,384
494,394
494,405
494,428
494,444
494,452
494,464
494,489
494,496
494,498
494,501
494,507
494,508
494,510
494,534
494,539
494,544
494,556
494,571
494,587
494,593
494,604
494,622
494,658
494,663
494,728
494,737
494,740
494,750
494,770
494,771
494,775
494,777
494,792
494,817
494,840
494,845
494,866
494,907
494,908
494,917
494,948
494,950
494,971
494,986
494,988
494,1027
494,1039
494,1075
494,1093
494,1134
494,1149
494,1247
494,1273
494,1279
494,1301
494,1306
494,1448
494,1467
494,1608
494,1659
494,1671
494,1771
495,96
495,97
495,104
495,113
495,176
495,222
495,228
495,229
495,286
495,304
495,338
495,401
495,428
495,433
495,436
495,444
495,464
495,547
495,556
495,560
495,571
495,572
495,637
495,656
495,817
495,843
495,855
495,866
495,873
495,874
495,882
495,892
495,967
495,971
495,974
495,981
495,1002
495,1014
495,1027
495,1031
495,1039
495,1043
495,1047
495,1049
495,1062
495,1218
495,1259
495,1268
495,1291
495,1296
495,1362
495,1531
495,1554
495,1820
495,1821
496,31
496,42
496,96
496,97
496,159
496,191
496,229
496,236
496,249
496,257
496,278
496,290
496,294
496,328
496,371
496,378
496,383
496,398
496,411
496,431
496,432
496,437
496,443
496,469
496,479
496,502
496,517
496,520
496,535
496,609
496,621
496,639
496,642
496,656
496,741
496,750
496,755
496,767
496,770
496,842
496,867
496,873
496,882
496,884
496,892
496,900
496,961
496,962
496,967
496,968
496,972
496,975
496,981
496,982
496,984
496,985
496,1023
496,1043
496,1045
496,1050
496,1052
496,1053
496,1056
496,1061
496,1062
496,1063
496,1065
496,1068
496,1070
496,1076
496,1093
496,1095
496,1105
496,1107
496,1191
496,1223
496,1224
496,1237
496,1251
496,1256
496,1257
496,1260
496,1261
496,1272
496,1276
496,1280
496,1320
496,1349
496,1390
496,1542
496,1554
496,1562
496,1676
496,1684
496,1823
496,1869
496,1870
496,1871
496,1872
496,1873
497,404
497,562
497,563
497,796
497,1222
498,31
498,47
498,53
498,79
498,96
498,111
498,131
498,135
498,146
498,151
498,158
498,159
498,193
498,212
498,217
498,221
498,224
498,229
498,237
498,254
498,257
498,259
498,261
498,270
498,292
498,294
498,304
498,305
498,315
498,324
498,326
498,337
498,343
498,357
498,366
498,380
498,384
498,394
498,400
498,404
498,406
498,408
498,411
498,417
498,453
498,460
498,463
498,464
498,466
498,468
498,472
498,481
498,482
498,492
498,494
498,500
498,501
498,505
498,507
498,510
498,511
498,513
498,531
498,560
498,562
498,571
498,656
498,664
498,682
498,720
498,723
498,727
498,736
498,744
498,777
498,778
498,791
498,830
498,841
498,863
498,943
498,948
498,951
498,1001
498,1193
498,1328
498,1362
498,1383
498,1390
498,1874
499,312
499,404
499,408
499,409
499,492
499,510
499,511
499,581
499,585
499,586
499,698
499,744
499,799
499,1217
499,1263
499,1390
499,1604
499,1695
500,31
500,409
500,417
500,508
500,509
500,584
500,710
500,805
500,807
500,1383
500,1399
501,31
501,48
501,110
501,111
501,124
501,169
501,199
501,217
501,229
501,249
501,254
501,261
501,294
501,304
501,341
501,349
501,384
501,385
501,398
501,401
501,405
501,411
501,417
501,459
501,460
501,464
501,468
501,475
501,478
501,481
501,491
501,494
501,498
501,502
501,539
501,550
501,563
501,574
501,582
501,619
501,654
501,663
501,664
501,714
501,722
501,755
501,781
501,817
501,824
501,937
501,944
501,952
501,995
501,1001
501,1345
501,1695
502,124
502,135
502,148
502,164
502,190
502,236
502,292
502,321
502,380
502,400
502,406
502,433
502,456
502,488
502,501
502,505
502,509
502,513
502,520
502,524
502,531
502,562
502,581
502,586
502,668
502,682
502,720
502,738
502,742
502,744
502,777
502,863
502,1009
502,1198
502,1232
502,1300
502,1359
502,1390
502,1411
502,1551
502,1602
502,1605
502,1629
502,1666
502,1875
503,167
503,403
503,505
503,736
503,948
503,1222
504,324
504,408
504,507
504,509
504,734
504,850
504,863
504,1173
504,1389
505,42
505,102
505,167
505,171
505,304
505,357
505,394
505,404
505,502
505,509
505,510
505,511
505,513
505,514
505,560
505,583
505,585
505,586
505,617
505,636
505,702
505,729
505,734
505,736
505,744
505,794
505,805
505,807
505,863
505,915
505,948
505,1219
505,1222
505,1383
505,1390
505,1392
505,1400
505,1414
505,1604
505,1609
506,408
506,409
506,571
506,685
506,710
506,726
506,1425
506,1701
507,192
507,334
507,398
507,733
507,1604
508,47
508,135
508,192
508,261
508,304
508,315
508,417
508,420
508,422
508,430
508,440
508,481
508,482
508,494
508,495
508,500
508,509
508,516
508,534
508,537
508,550
508,560
508,571
508,591
508,593
508,605
508,613
508,616
508,625
508,676
508,720
508,745
508,746
508,747
508,753
508,791
508,794
508,802
508,907
508,948
508,1066
508,1195
508,1257
508,1362
508,1391
508,1399
508,1426
508,1604
508,1607
508,1649
508,1681
509,79
509,392
509,408
509,429
509,448
509,478
509,500
509,502
509,504
509,505
509,508
509,514
509,584
509,587
509,646
509,649
509,654
509,738
509,801
509,805
509,830
509,863
509,1389
509,1604
510,135
510,167
510,398
510,404
510,409
510,499
510,505
510,520
510,540
510,562
510,594
510,736
510,777
510,800
510,826
510,830
510,1003
510,1222
510,1345
510,1378
510,1425
510,1604
511,83
511,135
511,192
511,258
511,366
511,415
511,448
511,498
511,505
511,514
511,563
511,581
511,584
511,585
511,586
511,734
511,794
511,807
511,863
511,864
511,1005
511,1222
511,1300
511,1546
511,1604
511,1624
511,1667
511,1760
512,418
512,419
512,427
512,432
512,632
512,754
512,980
513,31
513,50
513,92
513,111
513,135
513,193
513,213
513,228
513,258
513,261
513,294
513,304
513,315
513,341
513,343
513,366
513,380
513,384
513,397
513,404
513,422
513,440
513,457
513,459
513,477
513,498
513,502
513,505
513,512
513,514
513,516
513,521
513,532
513,537
513,560
513,567
513,584
513,593
513,613
513,649
513,664
513,677
513,682
513,715
513,720
513,729
513,742
513,759
513,795
513,799
513,800
513,878
513,901
513,934
513,948
513,1104
513,1219
513,1232
513,1389
513,1390
513,1415
513,1426
513,1530
513,1562
513,1606
513,1616
513,1668
513,1758
513,1760
513,1782
514,31
514,175
514,236
514,404
514,478
514,505
514,509
514,511
514,513
514,539
514,576
514,697
514,729
514,880
514,1019
514,1399
515,31
515,102
515,205
515,337
516,42
516,102
516,110
516,132
516,134
516,135
516,169
516,258
516,261
516,272
516,304
516,311
516,324
516,337
516,373
516,380
516,384
516,396
516,397
516,406
516,409
516,412
516,417
516,425
516,481
516,489
516,490
516,493
516,506
516,508
516,524
516,534
516,562
516,585
516,604
516,685
516,689
516,700
516,720
516,723
516,724
516,727
516,734
516,736
516,747
516,777
516,779
516,788
516,791
516,800
516,806
516,901
516,1215
516,1219
516,1265
516,1315
516,1425
516,1573
516,1612
516,1616
516,1875
517,31
517,331
517,405
517,416
517,424
517,440
517,443
517,529
517,713
517,764
517,1013
517,1564
517,1606
517,1663
518,31
518,286
518,397
518,507
518,523
518,594
518,596
518,598
518,609
518,748
518,762
518,1255
518,1398
518,1417
519,97
519,132
519,213
519,278
519,315
519,320
519,337
519,342
519,374
519,424
519,425
519,430
519,436
519,438
519,440
519,492
519,504
519,526
519,534
519,537
519,538
519,539
519,588
519,604
519,606
519,608
519,610
519,617
519,620
519,626
519,630
519,641
519,650
519,711
519,729
519,740
519,741
519,742
519,756
519,787
519,812
519,815
519,817
519,844
519,845
519,846
519,867
519,868
519,869
519,873
519,874
519,881
519,893
519,897
519,900
519,908
519,911
519,916
519,919
519,922
519,926
519,928
519,961
519,963
519,968
519,978
519,981
519,1030
519,1054
519,1069
519,1071
519,1075
519,1078
519,1084
519,1093
519,1098
519,1102
519,1113
519,1120
519,1122
519,1128
519,1129
519,1132
519,1133
519,1136
519,1137
519,1143
519,1145
519,1150
519,1153
519,1159
519,1161
519,1165
519,1174
519,1191
519,1212
519,1224
519,1252
519,1267
519,1268
519,1269
519,1281
519,1291
519,1309
519,1353
519,1358
519,1392
519,1428
519,1447
519,1480
519,1484
519,1490
519,1495
519,1542
519,1625
519,1640
519,1687
519,1713
519,1721
519,1798
519,1879
519,1880
519,1881
520,105
520,196
520,236
520,264
520,285
520,295
520,397
520,417
520,461
520,502
520,510
520,516
520,521
520,523
520,537
520,556
520,562
520,590
520,676
520,777
520,799
520,802
520,1584
520,1607
520,1883
521,31
521,258
521,371
521,422
521,427
521,513
521,520
521,523
521,525
521,526
521,527
521,528
521,536
521,537
521,589
521,590
521,591
521,593
521,595
521,605
521,715
521,716
521,746
521,770
521,980
521,1001
521,1007
521,1219
521,1321
521,1362
521,1425
521,1426
521,1562
521,1612
521,1645
521,1682
521,1697
521,1761
521,1800
521,1884
522,427
522,433
522,685
523,42
523,397
523,422
523,456
523,518
523,520
523,537
523,550
523,590
523,591
523,685
523,741
523,869
523,964
523,1008
523,1584
523,1644
523,1682
524,167
524,324
524,387
524,413
524,460
524,502
524,660
524,698
524,830
524,932
524,951
524,1612
524,1681
524,1776
525,422
525,521
525,590
525,1609
525,1885
526,436
526,1612
526,1633
527,31
527,292
527,357
527,385
527,397
527,399
527,407
527,408
527,412
527,427
527,430
527,438
527,459
527,460
527,461
527,471
527,516
527,521
527,550
527,560
527,582
527,592
527,605
527,608
527,625
527,630
527,680
527,689
527,720
527,742
527,830
527,932
527,944
527,948
527,967
527,1219
527,1410
527,1766
527,1789
527,1792
528,42
528,205
528,324
528,334
528,366
528,427
528,433
528,520
528,594
528,595
528,713
528,715
528,776
528,1300
528,1461
528,1633
529,423
529,517
529,746
529,1794
530,31
530,428
530,511
530,531
530,644
530,740
530,1219
530,1428
531,31
531,350
531,422
531,498
531,536
531,806
531,1649
531,1778
531,1886
532,31
532,373
532,398
532,427
532,513
532,805
532,869
532,1604
532,1658
533,31
533,258
533,430
533,443
533,595
533,606
533,636
533,869
533,956
533,962
533,1781
534,10
534,31
534,135
534,151
534,159
534,160
534,164
534,199
534,213
534,236
534,249
534,261
534,278
534,282
534,285
534,304
534,309
534,312
534,315
534,324
534,337
534,357
534,373
534,397
534,399
534,400
534,401
534,404
534,406
534,407
534,417
534,423
534,425
534,427
534,460
534,464
534,470
534,481
534,482
534,494
534,504
534,505
534,507
534,508
534,510
534,511
534,513
534,516
534,535
534,537
534,560
534,568
534,573
534,576
534,585
534,587
534,590
534,593
534,595
534,598
534,604
534,705
534,712
534,720
534,727
534,729
534,733
534,736
534,743
534,747
534,755
534,766
534,770
534,777
534,779
534,785
534,788
534,789
534,791
534,792
534,794
534,796
534,798
534,802
534,806
534,863
534,866
534,869
534,882
534,901
534,948
534,949
534,994
534,1004
534,1005
534,1114
534,1207
534,1216
534,1219
534,1222
534,1223
534,1225
534,1226
534,1233
534,1255
534,1257
534,1310
534,1326
534,1345
534,1346
534,1362
534,1398
534,1399
534,1415
534,1425
534,1522
534,1524
534,1536
534,1574
534,1611
534,1663
534,1681
534,1882
534,1887
534,1888
535,119
535,225
535,338
535,433
535,436
535,438
535,441
535,534
535,642
535,741
535,842
535,846
535,881
535,892
535,979
535,1019
535,1037
535,1079
535,1253
535,1261
535,1281
535,1287
535,1363
535,1438
536,205
536,250
536,414
536,417
536,448
536,521
536,556
536,595
536,597
536,747
536,880
536,901
536,1223
536,1362
536,1390
536,1643
536,1682
537,31
537,50
537,205
537,278
537,329
537,337
537,357
537,366
537,371
537,374
537,415
537,417
537,418
537,425
537,427
537,430
537,436
537,507
537,508
537,513
537,516
537,519
537,523
537,533
537,550
537,560
537,590
537,593
537,595
537,597
537,604
537,605
537,608
537,613
537,630
537,644
537,649
537,680
537,684
537,741
537,744
537,746
537,747
537,779
537,787
537,817
537,835
537,869
537,918
537,1009
537,1011
537,1219
537,1223
537,1236
537,1269
537,1331
537,1426
537,1428
537,1440
537,1600
537,1614
537,1627
537,1643
537,1889
538,31
538,66
538,80
538,156
538,205
538,257
538,278
538,304
538,331
538,400
538,405
538,410
538,425
538,441
538,472
538,482
538,498
538,508
538,519
538,520
538,539
538,560
538,571
538,594
538,603
538,615
538,637
538,639
538,640
538,642
538,676
538,713
538,722
538,747
538,761
538,832
538,873
538,881
538,883
538,908
538,918
538,933
538,961
538,978
538,984
538,986
538,1021
538,1023
538,1033
538,1041
538,1043
538,1118
538,1273
538,1276
538,1291
538,1296
538,1392
538,1415
538,1461
538,1464
538,1635
538,1720
538,1743
538,1851
538,1857
539,31
539,102
539,196
539,205
539,229
539,257
539,261
539,278
539,281
539,315
539,338
539,394
539,405
539,408
539,411
539,425
539,428
539,443
539,444
539,464
539,481
539,492
539,494
539,501
539,510
539,512
539,514
539,519
539,538
539,547
539,571
539,588
539,629
539,633
539,637
539,640
539,642
539,713
539,732
539,736
539,737
539,749
539,758
539,759
539,760
539,770
539,817
539,840
539,850
539,855
539,873
539,874
539,881
539,882
539,893
539,899
539,900
539,908
539,910
539,912
539,933
539,961
539,963
539,965
539,967
539,969
539,978
539,980
539,982
539,986
539,1014
539,1019
539,1023
539,1027
539,1030
539,1031
539,1034
539,1038
539,1039
539,1040
539,1041
539,1045
539,1047
539,1056
539,1060
539,1062
539,1069
539,1074
539,1075
539,1080
539,1083
539,1084
539,1086
539,1088
539,1092
539,1093
539,1098
539,1108
539,1110
539,1118
539,1202
539,1208
539,1228
539,1256
539,1268
539,1271
539,1277
539,1284
539,1288
539,1296
539,1319
539,1320
539,1324
539,1425
539,1441
539,1539
539,1571
539,1580
539,1622
539,1664
539,1771
539,1819
539,1878
539,1883
539,1890
539,1891
539,1892
539,1893
540,91
541,0
541,291
542,155
543,141
543,215
543,370
543,573
543,734
543,852
543,889
543,964
543,968
543,978
543,1003
543,1047
543,1413
544,40
544,102
544,107
544,113
544,132
544,143
544,147
544,155
544,177
544,182
544,204
544,213
544,265
544,282
544,288
544,306
544,392
544,463
544,485
544,794
544,1413
545,195
545,298
545,302
545,316
545,341
545,659
545,1601
546,34
546,394
546,396
546,572
546,580
546,723
546,792
547,34
547,97
547,229
547,343
547,424
547,425
547,428
547,443
547,495
547,613
547,640
547,711
547,713
547,743
547,750
547,752
547,770
547,817
547,856
547,881
547,899
547,907
547,958
547,979
547,1014
547,1047
547,1069
547,1124
547,1137
547,1224
547,1296
547,1349
547,1369
547,1613
547,1708
547,1728
547,1851
548,31
548,34
548,254
548,637
548,903
548,1689
548,1735
549,126
549,216
549,1787
550,50
550,51
550,102
550,107
550,134
550,159
550,160
550,167
550,188
550,191
550,192
550,200
550,207
550,213
550,292
550,311
550,312
550,333
550,337
550,341
550,349
550,351
550,373
550,384
550,398
550,409
550,427
550,436
550,440
550,471
550,482
550,501
550,508
550,510
550,523
550,527
550,531
550,537
550,582
550,592
550,628
550,629
550,631
550,680
550,698
550,724
550,745
550,747
550,779
550,791
550,878
550,947
550,1009
550,1024
550,1251
550,1321
550,1445
550,1584
550,1640
550,1658
550,1753
550,1894
551,117
551,264
551,330
551,573
552,78
552,703
553,45
553,50
553,79
553,142
553,154
553,161
553,162
553,192
553,214
553,217
553,252
553,269
553,296
553,355
553,390
553,460
553,564
553,570
553,669
553,819
553,947
553,1591
554,0
554,334
554,688
555,215
555,255
556,52
556,245
556,268
556,285
556,314
556,320
556,342
556,395
556,405
556,407
556,420
556,438
556,448
556,461
556,465
556,487
556,489
556,509
556,516
556,520
556,536
556,553
556,573
556,597
556,602
556,604
556,608
556,614
556,617
556,641
556,656
556,700
556,720
556,752
556,761
556,774
556,790
556,791
556,866
556,878
556,900
556,956
556,958
556,1239
556,1247
556,1306
556,1423
556,1569
556,1628
556,1641
556,1773
556,1798
556,1810
556,1884
556,1895
557,130
557,176
557,283
557,346
557,922
557,928
557,1252
557,1512
558,40
558,98
558,111
558,134
558,135
558,140
558,141
558,146
558,154
558,158
558,175
558,183
558,223
558,228
558,242
558,244
558,245
558,252
558,259
558,260
558,266
558,269
558,291
558,293
558,298
558,322
558,326
558,351
558,353
558,364
558,368
558,369
558,453
558,463
558,485
558,542
558,654
558,678
558,809
558,902
558,906
558,1001
558,1191
559,1220
560,31
560,42
560,50
560,51
560,96
560,104
560,110
560,131
560,135
560,158
560,164
560,176
560,217
560,229
560,233
560,236
560,245
560,259
560,261
560,264
560,292
560,304
560,324
560,331
560,337
560,341
560,357
560,380
560,383
560,384
560,398
560,400
560,405
560,417
560,425
560,428
560,430
560,452
560,459
560,464
560,482
560,492
560,495
560,498
560,500
560,505
560,508
560,513
560,527
560,534
560,537
560,538
560,539
560,553
560,558
560,587
560,604
560,605
560,608
560,631
560,663
560,664
560,665
560,666
560,668
560,676
560,682
560,698
560,720
560,722
560,727
560,736
560,739
560,741
560,747
560,756
560,772
560,777
560,785
560,791
560,792
560,799
560,817
560,831
560,843
560,846
560,861
560,863
560,866
560,868
560,879
560,880
560,882
560,950
560,963
560,964
560,974
560,978
560,979
560,981
560,984
560,1002
560,1019
560,1034
560,1038
560,1043
560,1047
560,1105
560,1215
560,1216
560,1217
560,1225
560,1229
560,1257
560,1270
560,1296
560,1306
560,1317
560,1325
560,1328
560,1361
560,1362
560,1400
560,1411
560,1415
560,1445
560,1536
560,1645
560,1774
560,1786
560,1798
560,1840
560,1850
560,1884
560,1896
561,251
562,40
562,42
562,67
562,83
562,85
562,128
562,143
562,156
562,222
562,261
562,285
562,292
562,320
562,322
562,325
562,326
562,327
562,344
562,345
562,350
562,351
562,357
562,366
562,403
562,409
562,475
562,497
562,499
562,502
562,516
562,520
562,583
562,626
562,693
562,698
562,736
562,777
562,782
562,795
562,799
562,807
562,830
562,912
562,1215
562,1258
562,1389
562,1557
562,1604
563,196
563,213
563,222
563,261
563,497
563,501
563,511
563,646
563,685
563,726
563,777
563,791
563,792
563,799
563,807
563,860
563,1200
563,1609
564,52
564,97
564,213
564,222
564,245
564,305
564,360
564,368
564,369
564,453
564,462
564,476
564,553
564,937
564,995
564,1390
564,1426
565,297
565,372
565,451
566,385
566,666
566,1616
567,215
567,289
567,309
567,380
567,398
567,456
567,1666
568,46
568,247
568,334
568,373
568,511
568,534
568,734
568,742
568,1391
568,1557
568,1607
568,1661
568,1851
569,83
569,96
569,110
569,160
569,241
569,245
569,249
569,292
569,304
569,316
569,357
569,387
569,453
569,460
569,463
569,475
569,492
569,578
569,585
569,709
569,777
569,796
569,810
569,825
569,947
569,950
569,951
569,991
569,996
569,1192
569,1333
569,1379
569,1405
569,1411
570,29
570,107
570,158
570,190
570,195
570,303
570,373
570,391
570,412
570,451
570,466
570,553
570,585
570,823
570,1199
570,1325
571,34
571,86
571,97
571,104
571,151
571,205
571,225
571,229
571,236
571,244
571,247
571,274
571,277
571,292
571,294
571,304
571,306
571,315
571,338
571,366
571,378
571,408
571,411
571,428
571,430
571,441
571,443
571,444
571,445
571,471
571,482
571,494
571,495
571,500
571,506
571,508
571,509
571,522
571,523
571,531
571,537
571,538
571,539
571,543
571,547
571,588
571,589
571,597
571,599
571,603
571,604
571,629
571,639
571,643
571,656
571,669
571,719
571,727
571,728
571,729
571,747
571,752
571,759
571,760
571,767
571,770
571,771
571,777
571,779
571,801
571,805
571,817
571,823
571,830
571,843
571,845
571,854
571,860
571,863
571,873
571,878
571,881
571,882
571,885
571,886
571,887
571,893
571,896
571,897
571,900
571,915
571,965
571,966
571,967
571,969
571,973
571,981
571,982
571,985
571,986
571,1002
571,1019
571,1037
571,1038
571,1039
571,1041
571,1043
571,1045
571,1062
571,1076
571,1218
571,1236
571,1251
571,1256
571,1280
571,1291
571,1296
571,1300
571,1335
571,1382
571,1397
571,1435
571,1585
571,1614
571,1646
571,1684
571,1701
571,1817
571,1819
571,1834
571,1898
571,1899
571,1900
572,261
572,311
572,341
572,380
572,383
572,407
572,413
572,453
572,460
572,495
572,546
572,660
572,664
572,689
572,725
572,747
572,783
572,807
572,932
572,952
572,1389
572,1399
572,1406
572,1546
573,45
573,164
573,169
573,202
573,203
573,247
573,264
573,285
573,298
573,309
573,310
573,370
573,396
573,397
573,409
573,460
573,543
573,556
573,578
573,666
573,718
573,723
573,724
573,726
573,778
573,1411
573,1522
573,1598
573,1710
574,324
574,401
574,766
574,781
574,790
575,200
575,248
575,282
575,672
575,792
575,796
575,943
576,152
576,247
576,385
576,403
576,404
576,584
576,585
576,724
576,766
576,782
576,805
577,779
578,324
578,362
578,487
578,490
578,569
578,573
578,723
578,782
578,823
579,1299
579,1311
579,1346
579,1902
580,172
580,269
580,421
580,546
580,585
580,654
580,680
580,738
580,817
580,861
580,964
580,1031
580,1041
580,1049
580,1165
580,1276
580,1362
580,1366
580,1404
580,1475
581,261
581,404
581,425
581,499
581,502
581,511
581,585
581,720
581,864
581,994
581,1003
582,292
582,295
582,311
582,324
582,341
582,394
582,408
582,459
582,500
582,501
582,527
582,550
582,571
582,759
582,862
582,863
582,948
582,1005
582,1027
582,1226
582,1232
582,1382
582,1903
583,164
583,312
583,357
583,397
583,403
583,489
583,492
583,505
583,507
583,562
583,585
583,654
583,689
583,726
583,736
583,759
583,789
583,805
583,854
583,940
583,1377
583,1382
583,1904
584,117
584,135
584,250
584,317
584,367
584,469
584,500
584,509
584,511
584,576
584,673
584,715
584,733
584,736
584,807
584,826
584,828
584,863
584,948
584,1222
584,1332
584,1389
584,1529
584,1530
584,1750
584,1760
585,110
585,135
585,192
585,216
585,261
585,264
585,278
585,341
585,373
585,397
585,403
585,404
585,405
585,407
585,408
585,409
585,421
585,490
585,492
585,505
585,511
585,516
585,569
585,570
585,576
585,581
585,583
585,584
585,588
585,660
585,665
585,708
585,710
585,715
585,718
585,726
585,729
585,747
585,766
585,777
585,779
585,788
585,793
585,798
585,803
585,805
585,807
585,826
585,847
585,862
585,901
585,902
585,995
585,1222
585,1226
585,1264
585,1356
585,1377
585,1389
585,1390
585,1404
585,1414
585,1425
585,1616
585,1636
585,1657
585,1676
585,1695
586,409
586,499
586,502
586,505
586,511
586,581
586,725
586,734
586,736
586,803
586,805
586,863
586,1383
586,1390
586,1604
587,398
587,509
588,183
588,264
588,273
588,343
588,374
588,379
588,389
588,391
588,395
588,420
588,422
588,425
588,427
588,428
588,440
588,473
588,482
588,504
588,517
588,519
588,530
588,534
588,537
588,539
588,571
588,585
588,596
588,599
588,606
588,608
588,622
588,628
588,639
588,640
588,658
588,719
588,737
588,740
588,817
588,843
588,866
588,868
588,874
588,912
588,945
588,955
588,958
588,980
588,982
588,985
588,1006
588,1027
588,1030
588,1041
588,1062
588,1075
588,1082
588,1083
588,1085
588,1092
588,1095
588,1100
588,1102
588,1104
588,1110
588,1120
588,1122
588,1136
588,1137
588,1165
588,1271
588,1276
588,1280
588,1296
588,1298
588,1300
588,1301
588,1302
588,1319
588,1388
588,1457
588,1458
588,1559
588,1565
588,1581
588,1590
588,1636
588,1654
588,1767
588,1812
588,1819
588,1854
588,1900
589,431
589,521
589,599
589,623
589,629
589,727
589,738
589,838
589,846
589,873
589,883
589,893
589,895
589,897
589,959
589,1049
589,1317
589,1393
589,1445
589,1524
589,1569
589,1649
589,1751
589,1882
590,203
590,261
590,357
590,397
590,436
590,520
590,523
590,525
590,534
590,537
590,591
590,592
590,594
590,605
590,620
590,636
590,676
590,738
590,742
590,744
590,746
590,779
590,796
590,830
590,1399
590,1426
590,1608
590,1611
590,1682
590,1704
590,1765
590,1883
591,135
591,397
591,523
591,590
591,1399
591,1583
591,1584
591,1627
591,1846
591,1905
592,397
592,427
592,550
592,948
593,135
593,366
593,406
593,417
593,427
593,428
593,508
593,513
593,534
593,537
593,587
593,597
593,613
593,658
593,734
593,736
593,760
593,799
593,841
593,948
593,1036
593,1219
593,1325
593,1361
593,1426
593,1527
593,1613
593,1712
594,42
594,102
594,397
594,409
594,492
594,507
594,510
594,518
594,538
594,590
594,676
594,776
594,1222
594,1260
594,1347
594,1359
594,1389
594,1391
594,1561
594,1573
595,436
595,521
595,533
595,686
595,716
595,743
595,744
595,870
595,1223
595,1236
595,1550
595,1661
595,1781
595,1795
595,1906
596,104
596,518
596,588
596,719
596,1223
596,1584
597,166
597,242
597,256
597,338
597,358
597,420
597,423
597,424
597,521
597,536
597,537
597,556
597,748
597,762
597,883
597,884
597,892
597,894
597,896
597,965
597,1215
597,1236
597,1254
597,1266
597,1320
597,1568
597,1580
597,1612
597,1761
597,1763
597,1834
597,1907
598,633
598,649
598,753
598,1234
599,343
599,391
599,427
599,430
599,433
599,440
599,589
599,604
599,654
599,713
599,729
599,741
599,750
599,759
599,838
599,840
599,842
599,846
599,868
599,873
599,877
599,880
599,881
599,908
599,958
599,981
599,984
599,1019
599,1023
599,1026
599,1030
599,1031
599,1095
599,1244
599,1247
599,1319
599,1436
599,1548
599,1774
599,1831
599,1908
600,424
600,430
600,1422
600,1790
601,616
601,1753
602,285
602,425
602,556
602,606
602,640
602,645
602,731
602,734
602,741
602,752
602,985
602,1013
602,1573
602,1639
602,1753
602,1909
603,281
603,337
603,374
603,428
603,527
603,530
603,639
603,656
603,740
603,817
603,866
603,881
603,900
603,908
603,971
603,1015
603,1027
603,1052
603,1053
603,1062
603,1067
603,1075
603,1107
603,1255
603,1260
603,1261
603,1305
603,1372
603,1435
603,1448
603,1449
603,1548
603,1571
603,1656
603,1766
603,1894
604,3
604,102
604,273
604,315
604,373
604,398
604,404
604,405
604,417
604,428
604,440
604,441
604,469
604,489
604,493
604,509
604,510
604,516
604,517
604,519
604,537
604,570
604,571
604,603
604,637
604,641
604,654
604,714
604,724
604,727
604,779
604,786
604,832
604,873
604,917
604,1020
604,1027
604,1219
604,1223
604,1299
604,1356
604,1361
604,1473
604,1573
604,1600
604,1645
604,1661
604,1724
604,1765
604,1771
604,1910
605,42
605,164
605,278
605,338
605,357
605,397
605,405
605,424
605,430
605,434
605,436
605,470
605,505
605,507
605,508
605,510
605,511
605,518
605,520
605,521
605,524
605,526
605,527
605,534
605,535
605,537
605,562
605,587
605,590
605,593
605,597
605,598
605,620
605,625
605,630
605,636
605,684
605,716
605,736
605,741
605,748
605,760
605,800
605,867
605,1223
605,1236
605,1269
605,1321
605,1356
605,1359
605,1362
605,1391
605,1398
605,1400
605,1422
605,1430
605,1530
605,1557
605,1646
605,1663
605,1681
605,1790
605,1800
605,1810
605,1911
605,1912
606,51
606,76
606,245
606,265
606,337
606,398
606,405
606,417
606,418
606,419
606,420
606,424
606,430
606,434
606,436
606,442
606,443
606,482
606,512
606,519
606,533
606,537
606,588
606,593
606,602
606,604
606,610
606,614
606,616
606,625
606,630
606,636
606,644
606,734
606,736
606,744
606,745
606,747
606,748
606,800
606,835
606,838
606,845
606,866
606,867
606,868
606,873
606,900
606,956
606,985
606,1011
606,1016
606,1017
606,1020
606,1093
606,1220
606,1319
606,1431
606,1441
606,1524
606,1560
606,1627
606,1787
606,1808
606,1829
606,1913
606,1914
607,135
607,249
607,442
607,473
607,943
607,1332
607,1345
607,1389
608,59
608,104
608,171
608,260
608,278
608,290
608,369
608,391
608,412
608,427
608,436
608,439
608,451
608,519
608,527
608,537
608,556
608,560
608,632
608,640
608,654
608,756
608,955
608,1197
608,1219
608,1317
608,1356
608,1385
609,213
609,438
609,482
609,496
609,741
609,761
609,764
609,837
609,846
609,887
609,961
609,979
609,985
609,1017
609,1207
609,1241
609,1314
609,1362
609,1436
609,1873
609,1909
609,1915
609,1916
610,432
610,438
610,612
610,616
610,631
610,1110
610,1863
611,37
611,76
611,104
611,383
611,433
611,482
611,637
611,732
611,747
611,753
611,761
611,762
611,836
611,837
611,839
611,965
611,968
611,975
611,980
611,1017
611,1063
611,1133
611,1148
611,1267
611,1398
611,1579
611,1755
611,1891
612,631
612,1269
613,36
613,73
613,76
613,79
613,81
613,96
613,97
613,102
613,112
613,113
613,117
613,131
613,134
613,137
613,150
613,159
613,164
613,174
613,176
613,177
613,197
613,205
613,217
613,222
613,224
613,228
613,229
613,233
613,236
613,244
613,247
613,265
613,266
613,270
613,288
613,294
613,295
613,320
613,325
613,326
613,329
613,338
613,343
613,359
613,365
613,366
613,388
613,404
613,407
613,408
613,409
613,425
613,436
613,441
613,444
613,447
613,448
613,460
613,464
613,465
613,467
613,475
613,479
613,481
613,482
613,492
613,495
613,500
613,501
613,504
613,508
613,510
613,514
613,519
613,527
613,531
613,534
613,537
613,539
613,547
613,562
613,567
613,586
613,593
613,604
613,624
613,639
613,647
613,654
613,656
613,665
613,682
613,711
613,727
613,737
613,740
613,741
613,745
613,747
613,751
613,752
613,758
613,759
613,770
613,777
613,791
613,829
613,837
613,840
613,841
613,855
613,866
613,867
613,872
613,874
613,887
613,900
613,910
613,913
613,919
613,922
613,926
613,963
613,973
613,979
613,1033
613,1037
613,1038
613,1043
613,1054
613,1055
613,1060
613,1062
613,1068
613,1071
613,1078
613,1093
613,1094
613,1095
613,1096
613,1099
613,1100
613,1104
613,1110
613,1113
613,1115
613,1119
613,1122
613,1133
613,1134
613,1136
613,1137
613,1139
613,1141
613,1186
613,1209
613,1212
613,1219
613,1239
613,1241
613,1256
613,1257
613,1275
613,1294
613,1301
613,1308
613,1309
613,1354
613,1364
613,1365
613,1398
613,1427
613,1448
613,1469
613,1532
613,1536
613,1581
613,1585
613,1600
613,1602
613,1675
613,1709
613,1714
613,1753
613,1803
613,1823
613,1899
613,1917
614,621
614,854
614,855
614,988
614,1060
614,1076
614,1092
614,1565
614,1724
614,1918
614,1919
615,140
615,257
615,322
615,412
615,428
615,538
615,737
615,840
615,958
615,1035
615,1296
615,1654
616,156
616,245
616,285
616,342
616,419
616,429
616,430
616,433
616,435
616,438
616,440
616,604
616,606
616,609
616,610
616,621
616,624
616,625
616,631
616,636
616,649
616,658
616,684
616,753
616,761
616,837
616,871
616,958
616,1216
616,1227
616,1237
616,1241
616,1242
616,1436
616,1585
616,1618
616,1663
616,1754
616,1809
617,427
617,435
617,438
617,481
617,505
617,556
617,640
617,719
617,740
617,756
617,1301
617,1393
617,1585
617,1645
618,406
618,438
618,507
618,562
618,631
618,734
618,1237
618,1389
618,1400
618,1421
618,1607
619,42
619,79
619,282
619,311
619,402
619,459
619,501
619,633
619,659
619,689
619,783
619,784
619,895
619,991
619,1583
619,1600
620,49
620,518
620,590
620,643
620,846
620,853
620,1020
620,1024
620,1268
620,1321
620,1404
620,1566
621,285
621,438
621,496
621,614
621,616
621,631
621,835
621,1810
622,1
622,31
622,45
622,97
622,157
622,176
622,211
622,229
622,244
622,245
622,269
622,277
622,308
622,324
622,329
622,358
622,373
622,391
622,408
622,428
622,432
622,438
622,441
622,444
622,448
622,456
622,460
622,464
622,467
622,479
622,482
622,492
622,495
622,496
622,504
622,512
622,523
622,527
622,534
622,537
622,538
622,570
622,571
622,588
622,599
622,603
622,604
622,613
622,645
622,654
622,680
622,698
622,724
622,727
622,728
622,734
622,758
622,761
622,770
622,792
622,802
622,829
622,834
622,835
622,837
622,838
622,843
622,845
622,848
622,855
622,873
622,874
622,900
622,906
622,909
622,912
622,913
622,914
622,956
622,967
622,980
622,987
622,1023
622,1030
622,1042
622,1057
622,1067
622,1071
622,1075
622,1087
622,1093
622,1094
622,1095
622,1100
622,1105
622,1119
622,1120
622,1124
622,1126
622,1138
622,1149
622,1197
622,1209
622,1212
622,1224
622,1256
622,1274
622,1280
622,1291
622,1298
622,1326
622,1335
622,1345
622,1348
622,1365
622,1367
622,1369
622,1397
622,1450
622,1453
622,1474
622,1569
622,1572
622,1581
622,1588
622,1590
622,1650
622,1663
622,1745
622,1771
622,1812
622,1820
622,1878
622,1920
623,59
623,205
623,342
623,405
623,418
623,430
623,589
623,632
623,729
623,752
623,837
623,838
623,841
623,866
623,871
623,879
623,884
623,893
623,978
623,981
623,1019
623,1027
623,1047
623,1207
623,1244
623,1247
623,1268
623,1361
623,1422
623,1524
623,1585
623,1639
623,1640
623,1646
623,1662
623,1774
623,1844
623,1921
623,1922
624,156
624,400
624,418
624,424
624,430
624,616
624,1649
624,1781
624,1790
624,1834
624,1902
625,421
625,427
625,428
625,429
625,430
625,436
625,442
625,443
625,527
625,616
625,636
625,767
625,867
625,900
626,185
626,285
626,562
626,764
626,768
626,873
626,1441
626,1697
626,1774
627,31
627,45
627,51
627,78
627,107
627,110
627,122
627,248
627,353
627,357
627,366
627,398
627,409
627,419
627,421
627,424
627,427
627,430
627,434
627,438
627,441
627,442
627,471
627,481
627,500
627,511
627,527
627,546
627,560
627,572
627,593
627,612
627,716
627,722
627,727
627,943
627,1004
627,1236
627,1422
627,1585
627,1592
627,1666
627,1790
628,550
628,630
628,631
628,1241
628,1314
628,1431
628,1658
628,1895
629,151
629,427
629,589
629,756
629,873
629,882
629,965
629,980
629,984
629,1044
629,1256
629,1276
629,1366
629,1923
630,205
630,245
630,278
630,337
630,425
630,517
630,519
630,527
630,537
630,556
630,602
630,606
630,656
630,748
630,761
630,959
630,967
630,976
630,1023
630,1219
630,1247
630,1319
630,1321
630,1461
630,1640
630,1641
630,1654
630,1741
630,1921
631,285
631,438
631,439
631,550
631,610
631,612
631,616
631,618
631,621
631,628
631,632
631,835
631,846
631,1227
631,1243
631,1422
631,1431
631,1436
631,1478
631,1548
631,1575
631,1610
631,1639
631,1653
631,1658
631,1798
631,1808
631,1910
632,512
632,623
632,631
632,866
632,943
632,1321
632,1889
633,1524
633,1618
633,1924
634,684
634,1618
635,883
635,1260
636,397
636,405
636,420
636,436
636,505
636,533
636,590
636,625
636,633
636,658
636,734
636,797
636,830
636,943
636,1613
636,1829
637,24
637,36
637,76
637,97
637,100
637,119
637,183
637,196
637,213
637,229
637,245
637,274
637,278
637,315
637,320
637,329
637,338
637,384
637,433
637,444
637,445
637,461
637,495
637,504
637,519
637,537
637,539
637,547
637,571
637,593
637,609
637,622
637,642
637,650
637,695
637,719
637,732
637,740
637,750
637,757
637,758
637,761
637,770
637,812
637,813
637,814
637,815
637,817
637,829
637,842
637,855
637,865
637,869
637,874
637,908
637,910
637,911
637,916
637,923
637,947
637,965
637,975
637,976
637,978
637,986
637,1014
637,1027
637,1031
637,1033
637,1036
637,1038
637,1045
637,1048
637,1050
637,1060
637,1062
637,1065
637,1066
637,1067
637,1075
637,1076
637,1077
637,1078
637,1081
637,1082
637,1085
637,1087
637,1088
637,1089
637,1092
637,1093
637,1095
637,1098
637,1100
637,1106
637,1107
637,1118
637,1130
637,1131
637,1133
637,1137
637,1141
637,1142
637,1145
637,1151
637,1160
637,1162
637,1165
637,1172
637,1181
637,1203
637,1204
637,1243
637,1251
637,1255
637,1266
637,1267
637,1271
637,1272
637,1276
637,1277
637,1278
637,1281
637,1282
637,1284
637,1285
637,1288
637,1292
637,1305
637,1307
637,1316
637,1320
637,1354
637,1364
637,1372
637,1393
637,1404
637,1447
637,1458
637,1467
637,1474
637,1475
637,1493
637,1509
637,1512
637,1528
637,1541
637,1568
637,1569
637,1580
637,1589
637,1625
637,1715
637,1725
637,1735
637,1736
637,1743
637,1820
637,1823
637,1851
637,1899
637,1925
637,1926
637,1927
637,1928
637,1929
637,1930
637,1931
637,1932
638,445
638,887
638,888
638,1031
638,1072
638,1077
638,1079
638,1080
638,1083
638,1173
638,1261
638,1321
638,1663
638,1823
638,1878
638,1891
638,1933
638,1934
639,257
639,412
639,425
639,428
639,429
639,444
639,464
639,473
639,496
639,512
639,527
639,538
639,580
639,588
639,603
639,625
639,638
639,641
639,720
639,755
639,773
639,840
639,843
639,863
639,873
639,881
639,886
639,900
639,960
639,966
639,983
639,1021
639,1027
639,1034
639,1041
639,1076
639,1228
639,1240
639,1259
639,1296
639,1654
639,1820
640,42
640,164
640,208
640,257
640,277
640,278
640,285
640,315
640,337
640,404
640,405
640,418
640,420
640,421
640,428
640,430
640,438
640,440
640,442
640,443
640,477
640,495
640,509
640,512
640,538
640,539
640,547
640,602
640,608
640,617
640,624
640,637
640,641
640,644
640,656
640,683
640,740
640,752
640,755
640,756
640,760
640,761
640,764
640,826
640,839
640,876
640,881
640,981
640,1006
640,1019
640,1038
640,1078
640,1243
640,1297
640,1312
640,1321
640,1378
640,1391
640,1415
640,1569
640,1645
640,1646
640,1647
640,1773
640,1793
640,1801
640,1857
640,1935
641,205
641,440
641,519
641,556
641,639
641,640
641,1089
641,1123
642,225
642,441
642,496
642,535
642,538
642,637
642,680
642,729
642,741
642,757
642,759
642,762
642,767
642,892
642,900
642,908
642,978
642,981
642,984
642,986
642,1027
642,1038
642,1043
642,1049
642,1058
642,1075
642,1256
642,1276
642,1277
642,1282
642,1306
642,1367
642,1549
642,1684
642,1775
642,1821
642,1834
642,1859
642,1936
643,433
643,831
643,1909
644,342
644,371
644,405
644,417
644,427
644,434
644,436
644,443
644,519
644,530
644,533
644,537
644,568
644,606
644,631
644,640
644,753
644,895
644,967
644,976
644,982
644,1011
644,1426
644,1583
644,1676
644,1784
644,1811
644,1889
645,405
645,420
645,425
645,431
645,440
645,441
645,473
645,684
645,729
645,749
645,753
645,756
645,837
645,876
645,961
645,1234
645,1244
645,1321
645,1403
645,1436
645,1569
645,1640
645,1641
645,1832
645,1895
645,1937
646,126
646,461
646,1551
647,910
647,972
647,1031
647,1072
647,1079
647,1211
647,1307
647,1308
647,1309
647,1449
647,1934
647,1938
647,1939
648,156
648,158
649,110
649,191
649,205
649,285
649,331
649,341
649,343
649,357
649,384
649,401
649,404
649,405
649,417
649,427
649,433
649,440
649,443
649,472
649,491
649,493
649,509
649,512
649,513
649,574
649,598
649,625
649,630
649,682
649,710
649,720
649,736
649,752
649,764
649,862
649,878
649,901
649,948
649,1018
649,1110
649,1227
649,1332
649,1473
649,1597
649,1641
649,1693
649,1758
650,813
650,815
650,839
650,1060
650,1108
650,1112
650,1141
650,1158
650,1167
650,1903
650,1940
650,1941
650,1942
650,1943
650,1944
651,38
651,86
651,158
651,162
652,38
652,47
652,49
652,83
652,113
652,130
652,156
652,157
652,188
652,212
652,242
652,255
652,273
652,293
652,317
652,353
652,463
652,485
652,678
652,1759
653,110
653,186
653,274
653,297
653,304
653,373
653,374
653,384
653,412
653,448
653,546
653,590
653,604
653,661
653,902
653,1200
653,1332
653,1766
654,48
654,50
654,76
654,131
654,132
654,135
654,159
654,166
654,205
654,245
654,266
654,273
654,299
654,311
654,312
654,343
654,357
654,398
654,417
654,429
654,438
654,461
654,471
654,501
654,509
654,558
654,580
654,583
654,599
654,608
654,613
654,622
654,760
654,777
654,781
654,791
654,799
654,807
654,902
654,955
654,958
654,1399
654,1590
654,1836
655,295
656,28
656,38
656,81
656,194
656,229
656,236
656,277
656,298
656,315
656,359
656,365
656,464
656,479
656,495
656,496
656,547
656,603
656,613
656,630
656,640
656,758
656,839
656,866
656,961
656,967
656,980
656,981
656,988
656,1019
656,1041
656,1053
656,1063
656,1082
656,1095
656,1247
656,1255
656,1260
656,1261
656,1277
656,1296
656,1306
656,1307
656,1819
657,259
657,295
657,935
658,293
658,297
658,301
658,338
658,434
658,593
658,846
658,867
658,873
658,1015
658,1322
659,166
659,217
659,236
659,246
659,254
659,259
659,293
659,305
659,368
659,369
659,453
659,545
659,619
659,1037
660,47
660,159
660,166
660,255
660,259
660,261
660,271
660,305
660,366
660,380
660,462
660,524
660,555
660,572
660,573
660,585
660,664
660,723
660,932
660,1592
660,1615
660,1739
661,38
661,277
661,299
661,301
661,305
661,366
661,412
661,467
661,665
661,669
661,1342
661,1533
662,110
662,414
662,709
662,823
663,19
663,38
663,40
663,41
663,44
663,112
663,131
663,134
663,146
663,151
663,154
663,190
663,193
663,201
663,207
663,217
663,227
663,229
663,244
663,254
663,258
663,260
663,261
663,264
663,266
663,271
663,280
663,293
663,295
663,298
663,300
663,310
663,314
663,316
663,317
663,321
663,322
663,333
663,359
663,360
663,366
663,367
663,369
663,380
663,396
663,453
663,457
663,460
663,461
663,467
663,477
663,501
663,543
663,560
663,563
663,567
663,664
663,669
663,681
663,726
663,825
663,880
663,951
663,991
663,1001
663,1216
663,1334
663,1349
664,42
664,61
664,92
664,111
664,124
664,131
664,160
664,166
664,169
664,199
664,207
664,217
664,224
664,227
664,236
664,242
664,247
664,259
664,261
664,264
664,285
664,289
664,295
664,324
664,362
664,453
664,460
664,461
664,468
664,482
664,487
664,501
664,513
664,558
664,560
664,572
664,660
664,681
664,682
664,690
664,696
664,697
664,706
664,714
664,825
664,860
664,938
664,946
664,949
664,951
664,991
664,995
664,1191
664,1333
664,1343
664,1410
664,1534
664,1596
665,110
665,195
665,245
665,400
665,481
665,491
665,560
665,585
665,649
665,715
665,791
665,948
666,164
666,201
666,467
666,482
666,485
666,560
666,566
666,573
666,668
666,744
666,823
666,946
666,1000
666,1702
667,192
667,207
667,309
667,453
667,467
667,668
667,670
667,1527
668,249
668,306
668,370
668,467
668,502
668,520
668,940
668,941
668,991
669,29
669,48
669,110
669,164
669,201
669,227
669,247
669,248
669,264
669,303
669,347
669,370
669,380
669,394
669,440
669,453
669,460
669,464
669,466
669,468
669,482
669,487
669,492
669,553
669,664
669,791
669,820
669,950
669,1193
669,1197
669,1333
669,1526
670,83
670,198
670,201
670,207
670,213
670,214
670,227
670,241
670,465
670,466
670,478
670,667
670,700
670,820
670,944
670,950
671,131
671,242
671,401
671,440
671,463
671,680
671,867
671,888
671,897
671,965
671,976
671,984
671,985
671,1207
671,1237
671,1284
671,1307
671,1321
671,1729
671,1871
671,1945
672,368
672,1543
673,44
673,117
673,244
673,250
673,251
673,264
673,355
673,367
673,414
673,448
673,449
673,483
673,584
673,880
673,1001
673,1342
673,1418
673,1673
674,39
674,217
675,110
675,124
675,153
675,162
675,249
675,361
675,411
675,777
675,791
675,810
675,819
675,906
675,1225
675,1543
675,1591
675,1887
676,39
676,326
676,404
676,507
676,590
676,593
676,867
676,908
676,1390
677,40
677,298
677,1001
678,40
678,124
678,151
678,162
678,217
678,295
678,317
678,322
678,325
678,327
678,349
678,369
678,385
678,558
678,652
678,679
678,1196
679,42
679,137
679,167
679,253
679,254
679,288
679,295
679,300
679,448
679,479
679,678
680,257
680,310
680,343
680,422
680,430
680,457
680,462
680,550
680,580
680,591
680,642
680,749
680,753
680,766
680,842
680,873
680,878
680,961
680,964
680,975
680,976
680,979
680,984
680,985
680,1027
680,1042
680,1043
680,1063
680,1064
680,1076
680,1207
680,1223
680,1228
680,1260
680,1261
680,1276
680,1321
680,1322
680,1372
680,1446
680,1584
680,1755
680,1771
680,1823
680,1859
680,1934
680,1946
681,57
681,175
681,191
681,306
681,372
681,462
681,940
681,1405
682,39
682,42
682,131
682,135
682,146
682,191
682,236
682,261
682,264
682,285
682,289
682,362
682,406
682,417
682,440
682,458
682,482
682,488
682,490
682,498
682,502
682,513
682,531
682,546
682,553
682,560
682,585
682,649
682,664
682,700
682,714
682,723
682,727
682,747
682,777
682,778
682,799
682,800
682,810
682,824
682,826
682,856
682,949
682,1001
682,1557
682,1666
682,1887
683,1541
684,42
684,634
684,645
684,804
684,846
684,876
684,1206
684,1240
684,1314
684,1321
684,1434
684,1436
684,1618
685,59
685,337
685,391
685,395
685,397
685,427
685,500
685,506
685,514
685,516
685,522
685,523
685,742
685,748
685,791
685,792
685,795
685,796
685,805
685,807
685,823
685,829
685,830
685,835
685,869
685,1009
685,1193
685,1310
685,1326
685,1345
685,1600
685,1784
686,42
686,412
686,595
687,42
687,412
687,422
687,562
687,684
687,734
687,830
688,133
688,138
689,29
689,50
689,107
689,134
689,164
689,169
689,193
689,200
689,229
689,247
689,261
689,282
689,292
689,300
689,341
689,380
689,394
689,404
689,409
689,417
689,456
689,481
689,482
689,489
689,497
689,516
689,527
689,567
689,572
689,583
689,619
689,710
689,736
689,759
689,778
689,779
689,781
689,785
689,796
689,799
689,874
689,932
689,948
689,949
689,951
689,1001
689,1027
689,1300
689,1399
690,107
690,167
690,215
690,217
690,264
690,383
690,411
690,511
690,664
690,723
690,724
690,777
690,1379
690,1676
691,43
691,242
691,271
691,272
691,300
691,372
691,451
691,1580
692,214
693,143
693,310
693,317
693,562
694,19
694,162
694,210
694,236
694,289
694,318
694,447
695,166
695,200
695,215
695,252
695,293
695,295
695,298
695,301
695,392
695,453
695,529
695,646
695,667
695,707
695,847
695,1381
696,45
696,324
696,569
696,581
696,664
697,45
697,153
697,192
697,402
697,637
697,664
697,991
697,1534
698,45
698,102
698,249
698,274
698,399
698,524
698,1404
699,45
699,110
699,201
699,248
699,460
699,466
699,485
699,825
699,938
700,45
700,158
700,241
700,248
700,324
700,357
700,380
700,425
700,453
700,465
700,516
700,670
700,710
700,951
700,991
700,1341
701,45
701,341
701,401
701,781
702,1244
702,1760
703,36
703,45
703,110
703,264
703,403
703,459
703,493
703,552
703,779
703,783
703,786
703,788
703,792
704,46
704,136
704,355
704,475
704,1352
705,47
705,306
705,1199
706,47
706,191
706,487
706,664
706,785
706,948
706,991
706,1543
706,1702
706,1846
706,1947
707,47
707,97
707,214
707,295
707,317
707,545
707,629
707,695
707,708
707,975
707,995
707,1064
707,1326
707,1548
707,1573
708,214
709,151
709,310
709,457
709,463
709,569
709,662
709,940
709,1381
710,48
710,134
710,191
710,249
710,264
710,304
710,341
710,365
710,397
710,405
710,406
710,456
710,459
710,469
710,481
710,500
710,506
710,585
710,649
710,689
710,700
710,799
710,862
710,935
710,998
710,1003
710,1220
710,1298
710,1411
710,1678
711,72
711,97
711,176
711,196
711,254
711,257
711,304
711,315
711,320
711,322
711,338
711,343
711,378
711,424
711,430
711,440
711,464
711,482
711,519
711,547
711,556
711,557
711,613
711,730
711,770
711,771
711,787
711,807
711,829
711,833
711,840
711,845
711,866
711,912
711,919
711,921
711,922
711,923
711,926
711,927
711,928
711,930
711,933
711,955
711,961
711,977
711,980
711,1054
711,1057
711,1060
711,1065
711,1067
711,1068
711,1085
711,1086
711,1089
711,1120
711,1121
711,1125
711,1128
711,1134
711,1136
711,1137
711,1140
711,1142
711,1143
711,1146
711,1147
711,1152
711,1153
711,1157
711,1161
711,1170
711,1172
711,1174
711,1175
711,1182
711,1183
711,1185
711,1188
711,1224
711,1247
711,1251
711,1252
711,1262
711,1288
711,1289
711,1301
711,1309
711,1353
711,1358
711,1368
711,1447
711,1463
711,1467
711,1474
711,1481
711,1482
711,1484
711,1490
711,1493
711,1495
711,1497
711,1506
711,1517
711,1520
711,1521
711,1625
711,1653
711,1714
711,1715
711,1724
711,1725
711,1948
711,1949
711,1950
711,1951
711,1952
711,1953
712,48
712,337
712,697
712,948
712,1006
713,48
713,111
713,158
713,164
713,205
713,241
713,253
713,257
713,264
713,277
713,278
713,343
713,388
713,391
713,394
713,420
713,428
713,438
713,464
713,468
713,478
713,485
713,491
713,501
713,509
713,517
713,519
713,530
713,534
713,538
713,539
713,547
713,599
713,743
713,843
713,871
713,878
713,881
713,886
713,907
713,908
713,945
713,995
713,1012
713,1027
713,1031
713,1075
713,1086
713,1118
713,1232
713,1272
713,1319
713,1399
713,1461
713,1743
713,1794
713,1889
714,48
714,110
714,169
714,236
714,261
714,361
714,380
714,383
714,396
714,397
714,398
714,402
714,413
714,460
714,490
714,492
714,493
714,556
714,664
714,778
714,779
714,781
714,944
714,947
714,950
714,1416
714,1777
715,261
715,350
715,357
715,366
715,403
715,417
715,471
715,481
715,513
715,528
715,584
715,585
715,665
715,736
715,766
715,793
715,805
715,807
715,827
715,948
715,1219
715,1222
715,1345
715,1390
716,424
716,521
716,595
716,627
716,632
716,753
716,1627
716,1645
716,1829
716,1954
717,111
717,146
717,211
717,259
717,260
717,266
717,269
717,311
717,326
717,333
717,353
717,485
718,129
718,413
718,573
718,734
718,800
719,97
719,110
719,196
719,213
719,398
719,400
719,425
719,428
719,438
719,459
719,462
719,495
719,530
719,588
719,596
719,617
719,640
719,720
719,747
719,752
719,758
719,764
719,866
719,907
719,1054
719,1062
719,1078
719,1119
719,1584
720,124
720,135
720,261
720,285
720,300
720,304
720,342
720,351
720,366
720,384
720,398
720,400
720,403
720,409
720,417
720,429
720,433
720,443
720,444
720,471
720,482
720,491
720,498
720,507
720,508
720,509
720,512
720,513
720,516
720,519
720,530
720,534
720,538
720,556
720,560
720,576
720,581
720,602
720,604
720,606
720,607
720,616
720,624
720,625
720,639
720,649
720,713
720,719
720,741
720,747
720,824
720,825
720,867
720,870
720,876
720,878
720,887
720,915
720,932
720,980
720,1003
720,1006
720,1012
720,1019
720,1227
720,1240
720,1356
720,1398
720,1741
720,1761
720,1885
720,1955
720,1956
721,954
722,83
722,245
722,306
722,337
722,402
722,438
722,458
722,468
722,492
722,500
722,501
722,505
722,534
722,538
722,560
722,590
722,642
722,725
722,727
722,729
722,752
722,759
722,843
722,868
722,871
722,873
722,876
722,880
722,890
722,980
722,1027
722,1028
722,1031
722,1038
722,1118
722,1244
722,1276
722,1398
722,1648
722,1653
722,1662
722,1663
723,215
723,306
723,573
723,578
723,1037
724,200
724,411
724,573
724,576
724,622
724,779
724,786
724,948
724,1200
725,110
725,215
725,247
725,286
725,312
725,383
725,387
725,398
725,402
725,403
725,407
725,408
725,425
725,483
725,489
725,492
725,556
725,566
725,572
725,586
725,604
725,722
725,745
725,779
725,793
725,799
725,806
725,807
725,810
725,866
725,945
725,1200
725,1337
725,1346
725,1400
725,1406
725,1416
725,1666
725,1776
725,1957
726,341
726,407
726,408
726,409
726,460
726,506
726,563
726,573
726,583
726,585
726,663
726,734
726,798
726,1222
726,1400
726,1473
727,63
727,107
727,124
727,178
727,193
727,227
727,230
727,236
727,261
727,266
727,272
727,292
727,304
727,306
727,310
727,315
727,342
727,384
727,404
727,405
727,417
727,420
727,438
727,440
727,441
727,459
727,471
727,481
727,498
727,516
727,534
727,560
727,589
727,616
727,625
727,722
727,736
727,739
727,744
727,747
727,777
727,779
727,791
727,805
727,807
727,851
727,872
727,897
727,900
727,947
727,981
727,1001
727,1257
727,1365
727,1385
727,1427
727,1585
727,1641
727,1798
727,1832
727,1883
728,229
728,338
728,411
728,514
728,547
728,571
728,603
728,637
728,656
728,680
728,758
728,759
728,767
728,770
728,802
728,830
728,838
728,841
728,882
728,979
728,980
728,982
728,987
728,1046
728,1050
728,1060
728,1061
728,1063
728,1065
728,1066
728,1086
728,1096
728,1165
728,1167
728,1260
728,1321
728,1448
728,1457
728,1851
728,1872
729,47
729,76
729,315
729,337
729,343
729,398
729,425
729,427
729,431
729,441
729,443
729,482
729,500
729,505
729,513
729,514
729,534
729,599
729,623
729,637
729,642
729,645
729,722
729,725
729,736
729,759
729,845
729,846
729,866
729,867
729,872
729,873
729,874
729,876
729,877
729,880
729,884
729,886
729,892
729,893
729,895
729,897
729,899
729,948
729,959
729,963
729,965
729,978
729,981
729,984
729,989
729,1029
729,1038
729,1047
729,1078
729,1165
729,1227
729,1270
729,1309
729,1319
729,1347
729,1364
729,1390
729,1549
729,1606
729,1646
729,1684
729,1697
729,1704
729,1743
729,1791
729,1830
729,1876
729,1914
730,912
730,1092
730,1102
730,1719
731,285
731,744
731,797
731,805
732,357
732,400
732,420
732,428
732,429
732,444
732,510
732,517
732,531
732,535
732,539
732,593
732,630
732,637
732,760
732,770
732,863
732,867
732,868
732,984
732,1165
732,1240
732,1317
733,164
733,507
733,584
733,1530
734,205
734,213
734,295
734,373
734,397
734,398
734,403
734,404
734,422
734,504
734,505
734,511
734,516
734,531
734,543
734,586
734,618
734,636
734,718
734,725
734,726
734,736
734,744
734,805
734,830
734,863
734,1219
734,1263
734,1389
734,1390
734,1391
734,1529
734,1530
734,1570
734,1607
734,1624
734,1700
734,1760
735,830
736,135
736,167
736,192
736,249
736,270
736,285
736,304
736,357
736,394
736,398
736,403
736,404
736,406
736,407
736,417
736,420
736,422
736,492
736,503
736,504
736,505
736,507
736,509
736,510
736,511
736,512
736,513
736,516
736,534
736,539
736,560
736,562
736,583
736,584
736,586
736,587
736,593
736,649
736,689
736,715
736,726
736,727
736,729
736,734
736,742
736,744
736,747
736,759
736,760
736,776
736,779
736,795
736,803
736,805
736,807
736,830
736,831
736,860
736,864
736,948
736,1201
736,1222
736,1232
736,1345
736,1383
736,1389
736,1390
736,1399
736,1400
736,1414
736,1415
736,1426
736,1552
736,1603
736,1604
736,1606
736,1697
736,1760
736,1875
736,1904
737,229
737,274
737,334
737,342
737,343
737,374
737,394
737,398
737,421
737,424
737,425
737,430
737,494
737,509
737,517
737,519
737,534
737,535
737,539
737,571
737,588
737,589
737,599
737,603
737,606
737,610
737,613
737,615
737,622
737,628
737,638
737,639
737,641
737,680
737,711
737,713
737,719
737,740
737,752
737,764
737,770
737,773
737,835
737,866
737,868
737,874
737,876
737,881
737,882
737,893
737,900
737,908
737,933
737,965
737,983
737,986
737,1023
737,1035
737,1037
737,1041
737,1048
737,1072
737,1073
737,1075
737,1077
737,1085
737,1089
737,1116
737,1119
737,1123
737,1267
737,1268
737,1312
737,1317
737,1448
737,1559
737,1588
737,1654
737,1656
737,1812
737,1910
738,397
738,502
738,509
738,580
738,589
738,590
738,795
738,817
738,830
738,1265
738,1883
739,406
739,1584
739,1958
740,97
740,104
740,229
740,257
740,315
740,338
740,343
740,427
740,428
740,430
740,494
740,512
740,519
740,530
740,588
740,603
740,617
740,629
740,637
740,640
740,737
740,748
740,758
740,770
740,813
740,817
740,837
740,874
740,933
740,967
740,980
740,983
740,1043
740,1052
740,1062
740,1071
740,1075
740,1085
740,1093
740,1099
740,1100
740,1106
740,1108
740,1110
740,1115
740,1116
740,1119
740,1121
740,1130
740,1137
740,1142
740,1165
740,1174
740,1186
740,1202
740,1224
740,1266
740,1279
740,1285
740,1301
740,1309
740,1320
740,1374
740,1447
740,1457
740,1458
740,1460
740,1464
740,1471
740,1473
740,1476
740,1482
740,1559
740,1590
740,1633
740,1654
740,1719
740,1734
740,1917
740,1925
741,119
741,258
741,270
741,416
741,518
741,523
741,535
741,560
741,685
741,752
741,776
741,795
741,841
741,897
741,922
741,963
741,1227
741,1237
741,1315
741,1372
741,1398
741,1791
741,1798
742,135
742,373
742,374
742,397
742,407
742,412
742,430
742,433
742,502
742,513
742,527
742,568
742,590
742,595
742,597
742,676
742,776
742,830
742,948
742,1116
742,1200
742,1391
742,1607
742,1644
742,1751
742,1766
743,424
743,427
743,436
743,481
743,534
743,556
743,595
743,645
743,713
743,752
743,760
743,792
743,1321
743,1385
743,1552
743,1611
743,1618
743,1633
744,422
744,499
744,502
744,505
744,590
744,595
744,1389
744,1390
744,1425
744,1604
744,1623
745,192
745,398
745,427
745,430
745,550
745,604
745,606
745,613
745,725
745,943
745,1666
746,406
746,434
746,529
746,537
746,590
746,806
746,1201
746,1233
746,1300
746,1613
746,1627
746,1643
746,1761
747,104
747,135
747,228
747,236
747,237
747,258
747,261
747,304
747,357
747,366
747,371
747,397
747,404
747,405
747,409
747,417
747,420
747,423
747,428
747,430
747,440
747,441
747,470
747,481
747,508
747,509
747,512
747,516
747,534
747,536
747,537
747,560
747,571
747,572
747,585
747,595
747,597
747,604
747,605
747,606
747,611
747,680
747,712
747,727
747,736
747,748
747,754
747,756
747,783
747,795
747,873
747,907
747,948
747,952
747,976
747,1236
747,1257
747,1398
747,1426
747,1747
747,1875
748,397
748,405
748,518
748,630
748,740
749,281
749,428
749,496
749,539
749,645
749,676
749,680
749,727
749,739
749,750
749,758
749,770
749,845
749,900
749,961
749,962
749,963
749,965
749,966
749,975
749,978
749,984
749,985
749,988
749,1041
749,1049
749,1093
749,1105
749,1260
749,1306
749,1366
749,1445
749,1566
749,1570
749,1818
749,1824
749,1897
749,1937
750,76
750,215
750,229
750,257
750,411
750,441
750,444
750,494
750,547
750,593
750,599
750,603
750,614
750,621
750,629
750,636
750,642
750,656
750,684
750,713
750,749
750,756
750,764
750,817
750,831
750,832
750,846
750,850
750,874
750,875
750,886
750,892
750,900
750,908
750,961
750,963
750,964
750,966
750,970
750,976
750,978
750,979
750,985
750,1019
750,1042
750,1049
750,1050
750,1051
750,1057
750,1122
750,1149
750,1244
750,1257
750,1272
750,1277
750,1321
750,1364
750,1365
750,1369
750,1399
750,1434
750,1567
750,1568
750,1590
750,1670
750,1743
750,1793
750,1818
750,1926
750,1929
751,427
751,1082
751,1113
751,1122
751,1469
751,1691
752,153
752,278
752,285
752,315
752,334
752,342
752,378
752,395
752,420
752,423
752,425
752,429
752,430
752,434
752,436
752,438
752,440
752,441
752,461
752,470
752,517
752,556
752,602
752,604
752,613
752,616
752,623
752,625
752,631
752,638
752,640
752,645
752,649
752,719
752,727
752,741
752,743
752,760
752,761
752,764
752,834
752,836
752,838
752,841
752,843
752,853
752,866
752,867
752,868
752,869
752,871
752,873
752,876
752,877
752,887
752,900
752,974
752,981
752,985
752,1012
752,1013
752,1017
752,1071
752,1075
752,1116
752,1227
752,1236
752,1241
752,1243
752,1247
752,1259
752,1266
752,1306
752,1315
752,1362
752,1398
752,1434
752,1456
752,1527
752,1569
752,1585
752,1609
752,1612
752,1618
752,1639
752,1640
752,1641
752,1646
752,1663
752,1664
752,1676
752,1683
752,1761
752,1773
752,1798
752,1801
752,1846
752,1883
752,1895
753,185
753,427
753,645
753,813
753,1755
753,1798
754,423
754,427
754,512
755,228
755,428
755,464
755,496
755,501
755,534
755,603
755,609
755,625
755,639
755,732
755,756
755,890
755,952
755,958
755,1044
755,1319
755,1378
755,1647
756,405
756,429
756,438
756,440
756,441
756,473
756,519
756,597
756,608
756,614
756,616
756,617
756,620
756,629
756,632
756,645
756,680
756,764
756,867
756,871
756,943
756,1016
756,1362
756,1431
756,1796
757,629
757,642
757,854
757,963
757,964
757,975
757,976
757,978
757,985
757,1237
757,1569
758,273
758,448
758,539
758,637
758,656
758,719
758,740
758,770
758,817
758,845
758,846
758,874
758,882
758,899
758,915
758,975
758,1019
758,1033
758,1034
758,1049
758,1052
758,1058
758,1062
758,1063
758,1065
758,1067
758,1073
758,1075
758,1080
758,1082
758,1101
758,1207
758,1255
758,1277
758,1279
758,1280
758,1284
758,1371
758,1448
758,1729
758,1821
758,1900
758,1924
758,1959
759,59
759,76
759,222
759,266
759,310
759,315
759,378
759,397
759,404
759,430
759,433
759,436
759,440
759,441
759,456
759,464
759,489
759,539
759,571
759,583
759,599
759,642
759,645
759,689
759,722
759,728
759,729
759,736
759,752
759,753
759,767
759,846
759,852
759,860
759,866
759,873
759,875
759,881
759,889
759,896
759,897
759,900
759,948
759,963
759,969
759,981
759,984
759,985
759,1078
759,1105
759,1247
759,1257
759,1847
760,104
760,245
760,258
760,315
760,342
760,417
760,428
760,433
760,438
760,470
760,479
760,482
760,508
760,527
760,534
760,563
760,571
760,593
760,604
760,605
760,616
760,630
760,654
760,726
760,732
760,736
760,741
760,752
760,767
760,772
760,841
760,860
760,864
760,865
760,868
760,872
760,873
760,876
760,881
760,887
760,896
760,899
760,907
760,965
760,968
760,981
760,994
760,1005
760,1034
760,1047
760,1075
760,1119
760,1219
760,1223
760,1243
760,1250
760,1259
760,1265
760,1319
760,1320
760,1557
760,1607
760,1622
760,1684
760,1704
760,1753
760,1821
760,1937
761,185
761,342
761,444
761,538
761,547
761,556
761,609
761,630
761,637
761,640
761,1020
761,1137
761,1165
761,1238
761,1296
761,1798
762,342
762,408
762,597
762,805
762,897
762,1255
762,1319
762,1361
762,1403
762,1471
762,1549
762,1816
762,1834
762,1960
763,764
763,1026
763,1933
763,1961
764,245
764,424
764,425
764,438
764,517
764,606
764,616
764,626
764,627
764,719
764,752
764,763
764,836
764,873
764,964
764,967
764,983
764,1026
764,1206
764,1243
764,1247
764,1436
764,1440
764,1441
764,1535
764,1621
764,1639
764,1647
764,1649
764,1663
764,1798
764,1858
764,1864
764,1933
764,1961
765,1872
766,1038
766,1792
767,34
767,278
767,285
767,315
767,320
767,338
767,378
767,405
767,416
767,427
767,556
767,571
767,573
767,625
767,629
767,638
767,642
767,647
767,656
767,658
767,759
767,765
767,815
767,841
767,842
767,846
767,855
767,865
767,868
767,874
767,876
767,882
767,887
767,897
767,899
767,900
767,912
767,926
767,973
767,975
767,979
767,980
767,981
767,984
767,986
767,1019
767,1027
767,1038
767,1043
767,1045
767,1050
767,1057
767,1058
767,1060
767,1067
767,1068
767,1070
767,1071
767,1077
767,1079
767,1081
767,1083
767,1092
767,1093
767,1096
767,1099
767,1100
767,1101
767,1106
767,1110
767,1115
767,1118
767,1119
767,1122
767,1136
767,1138
767,1139
767,1141
767,1174
767,1202
767,1209
767,1227
767,1250
767,1280
767,1282
767,1288
767,1290
767,1305
767,1307
767,1308
767,1355
767,1362
767,1372
767,1388
767,1442
767,1467
767,1474
767,1537
767,1539
767,1541
767,1569
767,1580
767,1690
767,1709
767,1719
768,439
768,626
768,1015
768,1774
768,1783
769,884
769,887
769,1019
769,1082
769,1206
769,1445
770,135
770,281
770,338
770,357
770,419
770,438
770,496
770,521
770,529
770,539
770,571
770,606
770,609
770,625
770,627
770,739
770,758
770,759
770,765
770,817
770,831
770,842
770,843
770,850
770,865
770,882
770,888
770,900
770,908
770,909
770,933
770,968
770,980
770,984
770,985
770,988
770,1011
770,1019
770,1027
770,1030
770,1038
770,1039
770,1063
770,1068
770,1071
770,1074
770,1087
770,1093
770,1105
770,1107
770,1223
770,1244
770,1253
770,1255
770,1277
770,1278
770,1279
770,1281
770,1288
770,1349
770,1354
770,1372
770,1385
770,1426
770,1450
770,1454
770,1552
770,1581
770,1628
770,1755
770,1826
770,1890
770,1927
770,1962
770,1963
771,571
771,839
771,982
771,986
771,1019
771,1047
771,1050
771,1066
771,1078
771,1237
771,1262
771,1321
771,1349
771,1371
771,1571
771,1733
771,1928
772,852
772,875
772,963
772,968
772,1270
772,1568
773,639
773,963
773,1513
774,324
774,333
774,502
775,279
775,324
775,343
775,494
775,1244
775,1301
775,1443
775,1646
775,1659
775,1671
776,366
776,427
776,440
776,523
776,594
776,741
776,742
776,948
776,1461
776,1633
776,1643
776,1780
777,96
777,162
777,215
777,324
777,459
777,460
777,481
777,562
777,569
777,675
777,727
777,1525
778,282
778,341
778,380
778,387
778,456
778,714
778,951
778,991
779,59
779,134
779,169
779,229
779,278
779,337
779,366
779,373
779,396
779,397
779,405
779,411
779,413
779,425
779,431
779,489
779,490
779,516
779,534
779,537
779,550
779,562
779,573
779,577
779,585
779,590
779,604
779,685
779,689
779,703
779,714
779,724
779,727
779,796
779,830
779,838
779,866
779,1362
779,1385
779,1641
779,1767
780,378
780,483
780,923
780,955
780,1083
780,1102
780,1122
780,1126
780,1136
780,1138
780,1142
780,1174
780,1368
780,1432
780,1539
780,1632
780,1714
780,1965
781,124
781,297
781,380
781,383
781,385
781,411
781,574
781,689
781,701
781,714
781,723
781,726
781,792
781,951
781,1666
782,409
782,562
782,576
782,578
782,1227
782,1616
782,1694
783,203
783,309
783,572
783,573
783,619
783,703
783,810
783,1416
784,619
784,1702
785,706
785,1345
786,200
786,413
786,724
786,788
786,1346
786,1887
787,215
787,320
787,537
787,788
787,911
787,1102
787,1113
787,1120
787,1140
787,1174
787,1177
787,1182
787,1190
787,1358
787,1478
787,1484
787,1504
787,1505
787,1948
788,287
788,516
788,786
788,1330
788,1597
789,583
789,790
789,1221
790,411
790,556
790,574
790,789
790,1599
790,1758
791,324
791,398
791,403
791,459
791,563
791,675
791,792
791,799
792,385
792,387
792,401
792,405
792,409
792,460
792,485
792,493
792,703
792,723
792,791
792,798
792,860
792,1311
792,1626
792,1887
793,102
793,312
793,373
793,403
793,408
793,510
793,585
793,794
793,1222
794,102
794,373
794,505
794,508
794,511
794,863
794,864
794,867
794,1232
794,1258
794,1385
794,1607
794,1760
795,366
795,502
795,513
795,521
795,562
795,685
795,736
795,738
795,741
795,747
795,948
795,1009
795,1255
795,1478
795,1530
795,1606
795,1608
795,1882
796,281
796,398
796,483
796,493
796,569
796,575
796,590
796,685
796,689
796,807
796,1221
796,1546
796,1667
796,1677
796,1887
797,408
797,731
798,311
798,407
798,408
798,493
798,726
798,792
799,245
799,406
799,513
799,520
799,562
799,689
799,710
799,792
799,796
799,807
799,1004
799,1546
800,404
800,427
800,510
800,513
800,605
800,685
800,807
801,408
801,501
801,509
801,802
801,807
801,810
801,861
801,967
801,1896
802,212
802,337
802,520
802,801
802,807
802,1389
802,1399
803,192
803,408
803,471
803,585
803,586
803,807
803,943
803,1005
803,1414
803,1415
803,1701
803,1785
804,246
804,282
804,337
804,361
804,409
804,665
804,684
804,807
804,1383
805,261
805,285
805,304
805,313
805,357
805,407
805,408
805,409
805,500
805,505
805,509
805,532
805,571
805,576
805,583
805,585
805,586
805,685
805,715
805,727
805,731
805,734
805,736
805,762
805,806
805,807
805,830
805,922
805,1005
805,1345
805,1390
805,1391
805,1399
805,1400
805,1414
805,1604
805,1760
805,1784
805,1882
805,1955
806,746
806,791
806,805
806,807
806,1377
806,1966
807,313
807,394
807,397
807,408
807,500
807,505
807,511
807,546
807,562
807,563
807,572
807,584
807,585
807,627
807,654
807,685
807,715
807,726
807,727
807,796
807,799
807,800
807,801
807,802
807,804
807,805
807,826
807,994
807,1004
807,1220
807,1263
807,1330
807,1747
807,1760
807,1862
808,1
808,130
808,136
808,248
808,319
808,325
808,327
809,136
809,154
809,158
809,183
809,259
809,269
809,353
809,558
809,902
809,906
809,1669
810,152
810,309
810,569
810,698
810,783
810,1225
810,1616
811,1308
811,1707
811,1828
812,1211
813,650
813,753
813,1358
813,1376
813,1517
813,1724
813,1967
813,1968
814,1120
814,1488
814,1827
815,496
815,833
815,912
815,913
815,1060
815,1085
815,1107
815,1142
815,1144
815,1496
815,1581
815,1734
815,1969
816,924
816,1496
816,1625
816,1943
817,9
817,68
817,76
817,97
817,100
817,102
817,104
817,107
817,111
817,113
817,150
817,190
817,205
817,228
817,229
817,233
817,274
817,278
817,288
817,294
817,300
817,315
817,338
817,343
817,378
817,396
817,411
817,443
817,444
817,461
817,464
817,471
817,473
817,482
817,495
817,496
817,501
817,517
817,519
817,535
817,537
817,538
817,547
817,571
817,580
817,588
817,603
817,604
817,613
817,637
817,639
817,656
817,695
817,738
817,740
817,753
817,755
817,758
817,767
817,769
817,770
817,775
817,802
817,820
817,840
817,855
817,866
817,874
817,899
817,901
817,907
817,908
817,909
817,910
817,916
817,933
817,944
817,950
817,962
817,966
817,974
817,980
817,982
817,986
817,1014
817,1027
817,1031
817,1040
817,1041
817,1045
817,1049
817,1050
817,1052
817,1053
817,1060
817,1062
817,1063
817,1067
817,1068
817,1071
817,1073
817,1075
817,1086
817,1093
817,1101
817,1109
817,1137
817,1141
817,1165
817,1205
817,1210
817,1219
817,1256
817,1259
817,1274
817,1276
817,1277
817,1281
817,1287
817,1301
817,1309
817,1317
817,1354
817,1368
817,1423
817,1443
817,1447
817,1458
817,1467
817,1475
817,1489
817,1587
817,1689
817,1746
817,1859
818,206
819,158
819,324
819,333
819,370
819,463
819,553
820,107
820,207
820,227
820,272
820,350
820,456
820,670
820,944
820,995
820,1349
821,824
822,468
822,1970
823,129
823,164
823,208
823,285
823,310
823,408
823,456
823,475
823,578
823,946
823,948
823,1194
823,1557
823,1756
824,152
824,264
824,285
824,380
824,394
824,400
824,401
824,440
824,946
824,947
824,991
824,1655
824,1693
825,79
825,215
825,289
825,453
825,456
825,487
825,569
825,664
825,699
825,949
825,951
825,1293
826,210
826,261
826,469
826,510
826,584
826,585
826,640
826,682
826,807
826,1383
827,311
827,715
827,1219
828,117
828,253
828,288
828,301
828,349
828,368
828,584
828,995
828,1037
829,164
829,320
829,338
829,486
829,626
829,685
829,787
829,820
829,910
829,912
829,913
829,915
829,916
829,919
829,933
829,977
829,1023
829,1030
829,1060
829,1063
829,1076
829,1092
829,1100
829,1101
829,1102
829,1105
829,1106
829,1113
829,1118
829,1128
829,1133
829,1136
829,1153
829,1161
829,1174
829,1186
829,1209
829,1267
829,1282
829,1288
829,1289
829,1290
829,1308
829,1334
829,1355
829,1357
829,1447
829,1482
829,1497
829,1501
829,1510
829,1565
829,1580
829,1581
829,1590
829,1600
829,1644
829,1691
829,1712
829,1718
829,1732
829,1737
829,1971
829,1972
830,373
830,397
830,412
830,509
830,510
830,524
830,562
830,590
830,734
830,735
830,738
830,742
830,805
830,1222
830,1573
830,1608
830,1681
830,1766
831,59
831,440
831,643
831,736
831,872
831,884
831,887
831,1218
831,1256
831,1619
831,1704
831,1774
831,1973
832,441
832,538
832,604
832,750
832,1207
832,1325
833,59
833,329
833,373
833,391
833,411
833,482
833,507
833,570
833,614
833,638
833,653
833,815
833,835
833,839
833,855
833,911
833,916
833,924
833,955
833,1131
833,1133
833,1142
833,1143
833,1145
833,1161
833,1186
833,1188
833,1209
833,1247
833,1271
833,1290
833,1323
833,1460
833,1474
833,1482
833,1495
833,1497
833,1517
833,1713
834,59
834,838
834,1620
835,606
835,621
835,631
836,764
836,1026
836,1663
837,422
837,428
837,430
837,616
837,1017
837,1038
837,1857
838,59
838,373
838,391
838,420
838,589
838,599
838,606
838,623
838,834
838,844
838,846
838,906
838,1403
838,1422
838,1441
838,1649
838,1775
838,1909
838,1921
839,59
839,245
839,420
839,656
839,771
839,833
839,979
839,1177
839,1190
839,1282
839,1309
839,1322
839,1349
839,1448
839,1715
840,59
840,76
840,97
840,104
840,176
840,201
840,215
840,244
840,254
840,257
840,266
840,294
840,315
840,320
840,329
840,374
840,378
840,393
840,407
840,412
840,428
840,429
840,431
840,433
840,438
840,464
840,494
840,539
840,556
840,599
840,604
840,611
840,613
840,639
840,642
840,653
840,669
840,711
840,728
840,758
840,759
840,760
840,767
840,770
840,817
840,866
840,868
840,874
840,909
840,915
840,919
840,924
840,959
840,963
840,986
840,1021
840,1041
840,1053
840,1060
840,1063
840,1068
840,1071
840,1075
840,1087
840,1100
840,1108
840,1119
840,1126
840,1136
840,1139
840,1141
840,1142
840,1202
840,1209
840,1280
840,1286
840,1302
840,1307
840,1308
840,1372
840,1385
840,1464
840,1588
840,1688
840,1967
841,593
841,623
841,867
841,881
841,882
841,893
841,981
841,1012
841,1239
841,1240
841,1244
841,1314
841,1433
841,1524
841,1641
841,1662
841,1974
842,59
842,183
842,391
842,436
842,439
842,496
842,535
842,599
842,680
842,746
842,855
842,887
842,915
842,968
842,974
842,983
842,985
842,1019
842,1032
842,1043
842,1049
842,1237
842,1255
842,1260
842,1261
842,1270
842,1322
842,1349
842,1372
842,1387
842,1567
842,1570
842,1648
842,1741
842,1745
842,1801
842,1824
842,1883
842,1911
842,1926
842,1975
842,1976
842,1977
843,59
843,391
843,425
843,437
843,517
843,560
843,588
843,633
843,639
843,713
843,743
843,752
843,765
843,770
843,836
843,838
843,841
843,851
843,868
843,871
843,889
843,958
843,960
843,967
843,973
843,981
843,1013
843,1023
843,1024
843,1031
843,1243
843,1319
843,1321
843,1331
843,1361
843,1422
843,1563
843,1565
843,1619
843,1649
843,1662
843,1683
843,1741
843,1772
843,1773
843,1774
843,1858
843,1898
843,1975
844,59
844,151
844,394
844,626
844,643
844,838
844,1006
844,1422
844,1564
844,1783
845,59
845,97
845,197
845,278
845,282
845,315
845,342
845,343
845,509
845,517
845,519
845,546
845,571
845,583
845,606
845,622
845,656
845,669
845,685
845,729
845,749
845,758
845,772
845,870
845,874
845,912
845,975
845,987
845,1026
845,1038
845,1058
845,1060
845,1072
845,1075
845,1087
845,1093
845,1100
845,1108
845,1119
845,1136
845,1156
845,1158
845,1251
845,1259
845,1280
845,1290
845,1306
845,1309
845,1321
845,1391
845,1404
845,1448
845,1451
845,1560
845,1590
845,1690
845,1713
846,59
846,185
846,278
846,342
846,405
846,440
846,441
846,519
846,535
846,560
846,597
846,599
846,620
846,631
846,658
846,684
846,729
846,759
846,767
846,838
846,843
846,851
846,867
846,883
846,885
846,889
846,893
846,895
846,897
846,898
846,964
846,965
846,967
846,968
846,989
846,1034
846,1038
846,1270
846,1303
846,1325
846,1403
846,1566
846,1640
846,1774
846,1775
846,1793
846,1813
846,1816
846,1834
846,1884
847,188
847,221
847,241
847,248
847,298
847,300
847,389
847,395
847,456
847,457
847,608
847,787
847,845
847,912
847,972
847,995
847,1085
847,1103
847,1111
847,1290
847,1359
847,1419
847,1445
847,1866
847,1941
847,1978
848,459
848,1326
849,283
850,337
850,926
850,1057
850,1150
850,1184
850,1542
850,1699
850,1772
850,1877
850,1884
850,1899
850,1972
851,97
851,342
851,773
851,846
851,897
851,964
851,984
851,1319
851,1325
851,1554
851,1773
851,1813
851,1922
852,543
852,772
852,968
852,985
852,1038
852,1065
852,1403
852,1979
853,63
853,441
853,556
853,620
853,752
853,762
853,831
853,875
853,892
853,893
853,897
853,968
853,971
853,974
853,1038
853,1047
853,1064
853,1244
853,1250
853,1318
853,1364
853,1524
853,1775
853,1810
854,583
854,614
854,757
854,855
854,856
854,875
854,964
854,967
854,978
854,982
854,983
854,984
854,985
854,987
854,1027
854,1039
854,1047
854,1059
854,1065
854,1251
854,1276
854,1367
854,1370
854,1525
854,1579
854,1659
854,1945
854,1980
855,59
855,495
855,556
855,727
855,767
855,866
855,892
855,897
855,900
855,964
855,967
855,968
855,978
855,981
855,983
855,1038
855,1043
855,1044
855,1253
855,1254
855,1256
855,1282
855,1403
855,1413
855,1554
855,1579
855,1979
856,854
856,976
856,1276
856,1936
856,1981
857,1540
858,78
858,130
859,345
860,213
860,248
860,285
860,300
860,304
860,316
860,392
860,402
860,416
860,458
860,464
860,481
860,504
860,540
860,545
860,571
860,664
860,736
860,759
860,760
860,792
860,864
860,867
860,874
860,938
860,1400
861,580
861,744
861,801
861,1389
862,135
862,249
862,285
862,292
862,341
862,398
862,406
862,429
862,511
862,582
862,585
862,649
862,710
862,864
862,893
862,1663
863,135
863,315
863,400
863,472
863,502
863,504
863,505
863,509
863,511
863,584
863,639
863,702
863,732
863,734
863,794
863,994
863,1378
863,1399
863,1530
863,1562
863,1749
863,1894
864,201
864,304
864,306
864,504
864,510
864,511
864,512
864,581
864,736
864,760
864,794
864,860
864,862
864,1003
864,1400
865,42
865,391
865,482
865,513
865,767
865,770
865,887
865,1019
865,1039
865,1077
865,1100
865,1115
865,1474
865,1686
865,1746
866,172
866,205
866,257
866,273
866,278
866,320
866,329
866,338
866,343
866,378
866,394
866,405
866,443
866,444
866,464
866,473
866,488
866,495
866,517
866,534
866,560
866,588
866,603
866,606
866,623
866,630
866,632
866,719
866,729
866,752
866,813
866,817
866,829
866,844
866,855
866,868
866,873
866,874
866,877
866,881
866,885
866,900
866,910
866,912
866,913
866,915
866,922
866,933
866,960
866,974
866,985
866,986
866,1018
866,1019
866,1039
866,1047
866,1063
866,1067
866,1085
866,1088
866,1092
866,1099
866,1100
866,1105
866,1113
866,1121
866,1122
866,1124
866,1136
866,1141
866,1149
866,1212
866,1224
866,1246
866,1250
866,1255
866,1280
866,1288
866,1309
866,1325
866,1348
866,1354
866,1365
866,1366
866,1372
866,1387
866,1448
866,1469
866,1580
866,1589
866,1614
866,1647
866,1689
866,1718
866,1729
866,1846
866,1917
866,1949
867,97
867,225
867,400
867,404
867,464
867,496
867,519
867,525
867,599
867,605
867,606
867,613
867,625
867,629
867,658
867,676
867,720
867,729
867,732
867,746
867,747
867,761
867,794
867,806
867,841
867,854
867,857
867,860
867,873
867,874
867,875
867,876
867,880
867,881
867,886
867,892
867,900
867,943
867,961
867,984
867,1027
867,1038
867,1043
867,1045
867,1047
867,1062
867,1105
867,1219
867,1242
867,1272
867,1317
867,1325
867,1391
867,1445
867,1663
867,1818
867,1838
867,1849
867,1858
867,1933
868,107
868,394
868,405
868,425
868,434
868,599
868,606
868,607
868,752
868,760
868,880
868,882
868,981
868,1019
868,1247
868,1268
868,1439
868,1569
868,1618
868,1640
868,1741
868,1983
869,338
869,427
869,523
869,532
869,534
869,1584
869,1635
869,1682
870,424
870,595
871,713
871,881
871,882
871,962
871,1073
871,1802
872,310
872,427
872,729
872,831
872,841
872,876
872,880
872,1319
872,1362
873,225
873,411
873,422
873,424
873,425
873,428
873,432
873,434
873,439
873,440
873,470
873,495
873,496
873,512
873,520
873,538
873,571
873,589
873,599
873,606
873,622
873,626
873,629
873,639
873,658
873,680
873,722
873,729
873,746
873,752
873,753
873,759
873,760
873,854
873,866
873,867
873,875
873,886
873,888
873,895
873,900
873,917
873,943
873,958
873,961
873,962
873,967
873,978
873,979
873,984
873,985
873,986
873,1037
873,1038
873,1045
873,1047
873,1080
873,1105
873,1207
873,1219
873,1223
873,1274
873,1280
873,1300
873,1317
873,1319
873,1325
873,1392
873,1428
873,1445
873,1578
873,1646
873,1648
873,1753
873,1858
874,104
874,205
874,229
874,257
874,261
874,304
874,310
874,315
874,338
874,343
874,383
874,428
874,440
874,442
874,464
874,473
874,481
874,495
874,496
874,519
874,539
874,547
874,563
874,588
874,613
874,728
874,729
874,740
874,755
874,760
874,761
874,767
874,770
874,817
874,836
874,840
874,843
874,860
874,866
874,873
874,881
874,882
874,907
874,910
874,912
874,923
874,933
874,963
874,980
874,985
874,1029
874,1057
874,1062
874,1070
874,1071
874,1075
874,1078
874,1082
874,1085
874,1086
874,1092
874,1093
874,1100
874,1108
874,1110
874,1118
874,1119
874,1126
874,1136
874,1141
874,1165
874,1202
874,1211
874,1233
874,1256
874,1267
874,1268
874,1277
874,1278
874,1290
874,1291
874,1307
874,1354
874,1359
874,1368
874,1386
874,1404
874,1438
874,1449
874,1688
874,1828
874,1984
875,338
875,425
875,439
875,599
875,727
875,750
875,772
875,846
875,853
875,854
875,867
875,873
875,894
875,896
875,897
875,900
875,963
875,967
875,972
875,975
875,978
875,1038
875,1059
875,1207
875,1259
875,1260
875,1276
875,1364
875,1703
875,1793
875,1849
875,1859
876,395
876,416
876,431
876,439
876,442
876,473
876,616
876,640
876,645
876,684
876,722
876,729
876,756
876,760
876,761
876,767
876,846
876,867
876,872
876,877
876,881
876,900
876,1243
876,1314
876,1321
876,1398
876,1434
876,1646
876,1909
877,441
877,473
877,616
877,631
877,729
877,876
877,981
877,1548
877,1639
877,1801
878,288
878,341
878,513
878,514
878,550
878,556
878,649
878,680
878,713
878,907
878,1012
878,1138
878,1362
878,1559
878,1743
879,458
879,623
879,884
879,896
879,1317
879,1774
879,1858
880,158
880,161
880,193
880,245
880,259
880,285
880,342
880,359
880,363
880,416
880,425
880,448
880,514
880,599
880,606
880,640
880,663
880,673
880,684
880,729
880,752
880,759
880,764
880,767
880,843
880,868
880,871
880,872
880,873
880,899
880,974
880,981
880,985
880,995
880,1015
880,1023
880,1026
880,1242
880,1259
880,1319
880,1321
880,1640
880,1662
880,1813
880,1933
881,191
881,229
881,245
881,257
881,278
881,395
881,415
881,416
881,424
881,425
881,428
881,429
881,430
881,431
881,444
881,464
881,489
881,495
881,509
881,512
881,519
881,535
881,550
881,556
881,571
881,599
881,603
881,604
881,623
881,639
881,640
881,641
881,645
881,712
881,713
881,752
881,758
881,759
881,761
881,838
881,840
881,841
881,866
881,867
881,868
881,871
881,873
881,874
881,876
881,877
881,882
881,900
881,958
881,959
881,968
881,985
881,986
881,998
881,1015
881,1037
881,1062
881,1071
881,1086
881,1243
881,1247
881,1259
881,1296
881,1318
881,1532
881,1582
881,1640
881,1898
881,1910
882,343
882,378
882,433
882,495
882,496
882,629
882,758
882,765
882,767
882,836
882,841
882,850
882,868
882,871
882,888
882,892
882,897
882,912
882,933
882,963
882,981
882,986
882,1014
882,1055
882,1063
882,1071
882,1079
882,1086
882,1094
882,1096
882,1099
882,1244
882,1251
882,1267
882,1281
882,1282
882,1291
882,1307
882,1319
882,1354
882,1441
882,1448
882,1456
883,443
883,538
883,589
883,597
883,635
883,846
883,887
883,897
883,968
883,1026
883,1227
883,1256
883,1260
883,1303
883,1364
883,1566
883,1622
883,1816
883,1842
884,597
884,623
884,729
884,769
884,831
884,879
884,889
884,896
884,1034
884,1215
884,1841
884,1846
884,1858
884,1922
885,892
885,969
885,1531
886,398
886,508
886,535
886,550
886,563
886,571
886,614
886,639
886,642
886,729
886,750
886,842
886,846
886,867
886,873
886,875
886,880
886,889
886,893
886,897
886,900
886,964
886,965
886,968
886,970
886,971
886,973
886,978
886,981
886,1027
886,1049
886,1087
886,1118
886,1208
886,1210
886,1215
886,1227
886,1255
886,1257
886,1259
886,1266
886,1272
886,1282
886,1303
886,1306
886,1323
886,1353
886,1448
886,1554
886,1565
886,1566
886,1569
886,1573
886,1641
886,1698
886,1985
887,245
887,496
887,609
887,613
887,638
887,680
887,752
887,769
887,813
887,842
887,865
887,871
887,883
887,892
887,900
887,966
887,967
887,975
887,981
887,1019
887,1045
887,1049
887,1063
887,1065
887,1073
887,1079
887,1204
887,1215
887,1218
887,1237
887,1244
887,1255
887,1259
887,1260
887,1261
887,1276
887,1281
887,1284
887,1322
887,1325
887,1371
887,1372
887,1445
887,1568
887,1571
887,1618
887,1619
887,1621
887,1639
887,1647
887,1680
887,1743
887,1772
887,1826
887,1834
887,1841
887,1850
887,1907
887,1922
887,1934
887,1986
888,431
888,443
888,597
888,638
888,882
888,889
888,892
888,981
888,1034
888,1043
888,1259
888,1261
888,1445
888,1890
888,1914
888,1934
889,543
889,846
889,884
889,888
889,967
889,972
889,1034
889,1403
889,1531
889,1641
889,1775
889,1818
890,444
890,894
890,897
890,1038
890,1774
891,892
891,1816
891,1841
892,433
892,638
892,642
892,729
892,741
892,749
892,846
892,853
892,882
892,885
892,887
892,888
892,891
892,894
892,897
892,961
892,963
892,968
892,971
892,989
892,1034
892,1038
892,1079
892,1105
892,1306
892,1325
892,1367
892,1845
893,205
893,589
893,729
893,841
893,843
893,853
893,894
893,897
893,963
893,965
893,1017
893,1268
893,1270
893,1364
893,1565
894,441
894,597
894,890
894,892
894,893
894,1033
894,1325
895,729
895,846
895,959
895,963
895,966
895,981
895,1034
895,1270
895,1319
895,1441
895,1445
895,1554
895,1772
895,1783
895,1908
896,205
896,597
896,879
896,884
897,425
897,589
897,729
897,741
897,759
897,762
897,767
897,846
897,851
897,853
897,882
897,883
897,890
897,892
897,893
897,900
897,963
897,965
897,966
897,985
897,986
897,1023
897,1043
897,1049
897,1255
897,1303
897,1567
897,1774
897,1775
897,1793
897,1914
898,1277
899,547
899,729
899,767
899,967
899,983
899,985
899,1025
899,1027
899,1049
899,1062
899,1165
899,1250
899,1268
899,1445
900,107
900,151
900,338
900,342
900,378
900,395
900,405
900,420
900,424
900,431
900,438
900,439
900,441
900,443
900,470
900,495
900,522
900,535
900,547
900,571
900,597
900,599
900,603
900,606
900,616
900,624
900,625
900,638
900,639
900,642
900,645
900,680
900,713
900,727
900,749
900,750
900,752
900,768
900,770
900,772
900,774
900,831
900,836
900,837
900,841
900,843
900,846
900,855
900,865
900,866
900,867
900,873
900,875
900,879
900,882
900,884
900,887
900,892
900,893
900,896
900,897
900,958
900,959
900,961
900,962
900,963
900,965
900,966
900,967
900,968
900,973
900,979
900,981
900,985
900,986
900,987
900,1015
900,1019
900,1027
900,1044
900,1049
900,1079
900,1080
900,1105
900,1189
900,1215
900,1227
900,1237
900,1243
900,1244
900,1253
900,1268
900,1270
900,1272
900,1282
900,1291
900,1303
900,1319
900,1361
900,1365
900,1387
900,1445
900,1471
900,1548
900,1554
900,1569
900,1619
900,1640
900,1648
900,1664
900,1684
900,1729
900,1746
900,1771
900,1774
900,1779
900,1813
900,1817
900,1818
900,1834
900,1858
900,1859
900,1860
900,1877
900,1884
900,1892
900,1907
900,1908
900,1914
900,1918
900,1922
900,1987
901,33
901,76
901,129
901,135
901,265
901,295
901,366
901,396
901,412
901,451
901,464
901,471
901,513
901,516
901,534
901,723
901,817
901,1201
901,1219
901,1223
901,1341
901,1390
902,1
902,7
902,45
902,52
902,65
902,73
902,76
902,102
902,110
902,112
902,131
902,150
902,159
902,163
902,175
902,183
902,188
902,201
902,211
902,215
902,232
902,233
902,234
902,241
902,244
902,245
902,247
902,255
902,259
902,264
902,269
902,288
902,298
902,301
902,305
902,327
902,353
902,357
902,358
902,361
902,363
902,364
902,369
902,373
902,396
902,401
902,411
902,412
902,453
902,460
902,462
902,475
902,485
902,489
902,500
902,509
902,558
902,560
902,569
902,580
902,585
902,619
902,627
902,639
902,653
902,654
902,661
902,689
902,714
902,715
902,723
902,727
902,747
902,755
902,759
902,784
902,788
902,798
902,805
902,809
902,874
902,880
902,906
902,1000
902,1001
902,1193
902,1200
902,1332
902,1356
902,1405
902,1657
903,188
903,212
903,241
904,385
905,157
905,192
905,363
906,153
906,162
906,190
906,269
906,320
906,322
906,351
906,353
906,364
906,558
906,675
906,809
906,838
907,66
907,150
907,257
907,265
907,357
907,394
907,410
907,428
907,464
907,494
907,508
907,510
907,526
907,537
907,546
907,547
907,629
907,713
907,716
907,744
907,760
907,874
907,878
907,908
907,1296
907,1585
907,1863
908,97
908,134
908,148
908,176
908,229
908,245
908,329
908,412
908,428
908,464
908,494
908,513
908,519
908,538
908,539
908,547
908,556
908,599
908,603
908,637
908,642
908,661
908,676
908,713
908,755
908,770
908,817
908,838
908,839
908,852
908,866
908,881
908,907
908,915
908,948
908,963
908,995
908,1007
908,1031
908,1033
908,1041
908,1043
908,1075
908,1078
908,1080
908,1116
908,1138
908,1279
908,1302
908,1319
908,1456
908,1548
908,1590
908,1656
909,281
909,770
909,915
909,987
909,1081
909,1119
909,1286
909,1306
909,1453
909,1897
910,445
910,614
910,647
910,772
910,817
910,887
910,915
910,933
910,1019
910,1039
910,1052
910,1085
910,1091
910,1092
910,1093
910,1256
910,1278
910,1280
910,1354
910,1386
910,1446
910,1449
910,1456
910,1578
910,1690
910,1821
910,1851
910,1891
911,912
911,1085
911,1116
911,1120
911,1127
911,1368
911,1376
911,1474
911,1476
911,1482
911,1490
911,1736
911,1988
912,36
912,97
912,338
912,378
912,389
912,406
912,539
912,562
912,588
912,622
912,730
912,749
912,815
912,826
912,829
912,845
912,865
912,882
912,911
912,914
912,961
912,1029
912,1052
912,1060
912,1061
912,1071
912,1081
912,1082
912,1085
912,1086
912,1089
912,1091
912,1093
912,1094
912,1095
912,1099
912,1100
912,1101
912,1107
912,1113
912,1118
912,1122
912,1129
912,1142
912,1211
912,1291
912,1307
912,1308
912,1309
912,1324
912,1387
912,1388
912,1447
912,1454
912,1457
912,1468
912,1471
912,1472
912,1688
912,1689
912,1691
912,1708
912,1872
912,1929
912,1930
912,1989
912,1990
913,338
913,436
913,815
913,829
913,922
913,955
913,1060
913,1082
913,1095
913,1099
913,1104
913,1132
913,1136
913,1140
913,1146
913,1167
913,1284
913,1357
913,1466
913,1489
913,1504
913,1520
913,1590
913,1757
914,383
914,912
914,933
914,983
914,1033
914,1082
914,1094
914,1126
914,1129
914,1135
914,1138
914,1141
914,1267
914,1308
914,1354
914,1457
914,1472
914,1689
914,1690
914,1928
914,1929
915,66
915,192
915,273
915,338
915,389
915,505
915,758
915,770
915,815
915,829
915,908
915,909
915,912
915,919
915,976
915,980
915,1007
915,1054
915,1060
915,1066
915,1087
915,1092
915,1093
915,1094
915,1095
915,1099
915,1101
915,1105
915,1110
915,1111
915,1113
915,1115
915,1122
915,1134
915,1154
915,1209
915,1212
915,1277
915,1279
915,1288
915,1305
915,1306
915,1307
915,1309
915,1350
915,1354
915,1357
915,1467
915,1470
915,1472
915,1473
915,1477
915,1481
915,1540
915,1590
915,1689
915,1941
916,813
916,816
916,917
916,926
916,928
916,977
916,1060
916,1118
916,1122
916,1127
916,1140
916,1141
916,1143
916,1146
916,1150
916,1161
916,1163
916,1164
916,1174
916,1186
916,1292
916,1309
916,1474
916,1475
916,1501
916,1854
916,1942
916,1968
916,1992
916,1993
917,48
917,277
917,334
917,519
917,604
917,753
917,873
917,955
917,1100
917,1142
917,1150
917,1176
917,1304
917,1473
917,1501
917,1714
917,1725
917,1994
918,11
918,94
918,111
918,114
918,116
918,135
918,204
918,205
918,234
918,237
918,241
918,257
918,259
918,269
918,381
918,404
918,417
918,453
918,457
918,468
918,481
918,498
918,512
918,537
918,538
918,747
918,901
918,937
918,943
918,948
918,995
918,1317
919,389
919,915
919,1060
919,1103
919,1113
919,1119
919,1153
919,1186
919,1212
919,1479
919,1714
919,1950
919,1991
920,1099
920,1537
921,813
921,929
921,1155
921,1158
921,1162
921,1182
921,1184
921,1185
921,1358
921,1376
921,1512
921,1518
921,1521
921,1716
921,1725
921,1997
921,1998
922,320
922,378
922,557
922,647
922,741
922,805
922,812
922,813
922,866
922,913
922,919
922,923
922,924
922,925
922,933
922,1060
922,1107
922,1118
922,1136
922,1139
922,1142
922,1146
922,1152
922,1160
922,1161
922,1170
922,1171
922,1186
922,1189
922,1190
922,1209
922,1224
922,1267
922,1304
922,1358
922,1474
922,1481
922,1482
922,1495
922,1497
922,1502
922,1506
922,1516
922,1518
922,1519
922,1542
922,1714
922,1715
922,1757
922,1867
922,1903
922,1943
922,1948
922,1991
922,1999
922,2000
922,2001
922,2002
923,254
923,922
923,926
923,1131
923,1136
923,1150
923,1159
923,1161
923,1176
923,1182
923,1189
923,1252
923,1355
923,1514
923,1516
923,1517
923,1542
923,2003
924,650
924,816
924,919
924,931
924,1140
924,1151
924,1160
924,1167
924,1172
924,1213
924,1376
924,1474
924,1493
924,1501
924,1716
924,1726
924,1943
924,1978
924,1994
925,1134
926,529
926,609
926,869
926,923
926,924
926,928
926,929
926,930
926,931
926,1003
926,1057
926,1060
926,1082
926,1118
926,1132
926,1134
926,1136
926,1137
926,1140
926,1151
926,1155
926,1157
926,1160
926,1161
926,1162
926,1164
926,1168
926,1170
926,1171
926,1172
926,1173
926,1174
926,1176
926,1177
926,1182
926,1184
926,1185
926,1187
926,1189
926,1224
926,1252
926,1308
926,1309
926,1461
926,1493
926,1499
926,1503
926,1506
926,1507
926,1512
926,1513
926,1515
926,1516
926,1517
926,1518
926,1520
926,1521
926,1725
926,1951
926,1998
926,1999
926,2000
926,2004
926,2005
927,1182
928,643
928,923
928,929
928,930
928,931
928,1122
928,1151
928,1161
928,1164
928,1167
928,1171
928,1180
928,1185
928,1501
928,1506
928,1532
928,1542
928,1724
928,1867
928,1881
928,2007
928,2008
929,529
929,650
929,812
929,813
929,924
929,928
929,930
929,931
929,1152
929,1153
929,1154
929,1157
929,1159
929,1160
929,1161
929,1166
929,1167
929,1171
929,1174
929,1182
929,1185
929,1355
929,1375
929,1493
929,1501
929,1506
929,1542
929,1708
929,1723
929,1997
929,2009
930,329
930,928
930,1151
930,1176
930,1190
930,1291
930,1307
930,1532
930,1953
931,928
931,1152
931,1178
931,1532
931,1738
931,2010
932,110
932,240
932,311
932,324
932,384
932,460
932,524
932,527
932,572
932,660
932,689
932,766
932,826
933,31
933,36
933,53
933,73
933,82
933,96
933,100
933,111
933,113
933,114
933,122
933,127
933,196
933,222
933,229
933,234
933,257
933,278
933,343
933,378
933,391
933,436
933,444
933,460
933,464
933,482
933,538
933,539
933,547
933,563
933,603
933,711
933,713
933,740
933,751
933,758
933,770
933,817
933,829
933,866
933,873
933,874
933,878
933,880
933,882
933,908
933,910
933,922
933,943
933,958
933,965
933,983
933,1023
933,1033
933,1054
933,1060
933,1067
933,1076
933,1095
933,1100
933,1105
933,1110
933,1122
933,1136
933,1137
933,1142
933,1159
933,1169
933,1174
933,1202
933,1271
933,1290
933,1308
933,1309
933,1372
933,1431
933,1447
933,1457
933,1506
933,1532
933,1716
933,1725
933,1746
933,2004
933,2011
934,242
935,272
935,368
935,657
935,710
936,175
936,190
936,295
936,310
936,315
936,462
936,464
936,465
936,941
936,1296
937,42
937,73
937,113
937,146
937,159
937,160
937,213
937,222
937,257
937,259
937,298
937,305
937,325
937,327
937,412
937,450
937,458
937,564
937,943
937,995
938,107
938,192
938,199
938,241
938,303
938,385
938,462
938,465
938,466
938,485
938,571
938,664
938,699
938,723
938,860
938,1333
938,1526
939,310
940,457
940,468
940,668
940,681
940,709
940,941
940,1326
940,1692
941,212
941,300
941,310
941,453
941,668
941,940
941,995
941,1333
941,1397
941,1660
942,1295
943,73
943,96
943,111
943,124
943,159
943,166
943,183
943,217
943,221
943,228
943,257
943,259
943,269
943,305
943,357
943,388
943,417
943,419
943,427
943,438
943,453
943,454
943,464
943,473
943,481
943,489
943,498
943,558
943,573
943,607
943,627
943,629
943,632
943,636
943,664
943,669
943,676
943,706
943,745
943,756
943,803
943,867
943,873
943,915
943,918
943,937
943,952
943,995
943,1240
943,1389
943,1428
943,1467
943,1798
944,169
944,199
944,207
944,215
944,245
944,264
944,311
944,341
944,366
944,453
944,489
944,501
944,662
944,670
944,714
944,860
944,1216
945,585
945,588
945,713
946,164
946,664
946,823
946,824
946,1197
947,107
947,164
947,169
947,215
947,289
947,456
947,483
947,553
947,569
947,714
947,727
947,810
947,824
947,948
947,991
947,1217
947,1411
947,1601
948,110
948,124
948,135
948,227
948,228
948,229
948,236
948,249
948,261
948,264
948,278
948,292
948,315
948,324
948,337
948,357
948,366
948,380
948,384
948,385
948,397
948,400
948,404
948,412
948,417
948,420
948,422
948,427
948,471
948,472
948,481
948,482
948,491
948,502
948,503
948,505
948,507
948,508
948,511
948,512
948,513
948,521
948,527
948,531
948,534
948,556
948,560
948,583
948,584
948,585
948,592
948,593
948,649
948,665
948,676
948,689
948,706
948,712
948,715
948,724
948,729
948,736
948,742
948,747
948,759
948,776
948,789
948,795
948,823
948,863
948,864
948,908
948,918
948,947
948,953
948,1219
948,1233
948,1317
948,1390
948,1391
948,1392
948,1524
948,1606
948,1645
948,1791
948,1846
949,241
949,295
949,298
949,300
949,365
949,370
949,406
949,461
949,664
949,689
949,708
949,810
949,824
949,825
950,45
950,83
950,164
950,207
950,217
950,241
950,264
950,274
950,277
950,464
950,494
950,560
950,569
950,661
950,669
950,670
950,714
950,995
950,1328
951,169
951,481
951,488
951,492
951,524
951,553
951,569
951,664
951,689
951,778
951,781
951,825
951,1001
951,1216
951,1311
951,1346
952,394
952,401
952,417
952,419
952,519
952,572
952,747
952,755
952,943
952,1216
952,1223
952,1611
952,1627
952,1659
953,213
953,306
953,366
953,824
954,492
954,721
955,72
955,148
955,174
955,229
955,278
955,320
955,329
955,338
955,343
955,378
955,408
955,424
955,430
955,504
955,519
955,535
955,547
955,557
955,588
955,608
955,629
955,638
955,654
955,741
955,765
955,777
955,780
955,813
955,815
955,817
955,830
955,833
955,840
955,866
955,874
955,882
955,911
955,913
955,916
955,917
955,919
955,921
955,922
955,923
955,924
955,926
955,927
955,928
955,929
955,977
955,980
955,1003
955,1014
955,1025
955,1036
955,1040
955,1045
955,1046
955,1049
955,1056
955,1057
955,1062
955,1066
955,1067
955,1069
955,1071
955,1082
955,1084
955,1085
955,1087
955,1088
955,1089
955,1090
955,1091
955,1092
955,1095
955,1096
955,1099
955,1101
955,1102
955,1106
955,1108
955,1110
955,1112
955,1115
955,1118
955,1119
955,1120
955,1121
955,1129
955,1132
955,1133
955,1134
955,1136
955,1137
955,1139
955,1141
955,1142
955,1143
955,1146
955,1147
955,1148
955,1149
955,1150
955,1151
955,1152
955,1153
955,1154
955,1155
955,1156
955,1157
955,1158
955,1159
955,1160
955,1164
955,1165
955,1166
955,1167
955,1168
955,1169
955,1170
955,1171
955,1172
955,1174
955,1175
955,1178
955,1180
955,1181
955,1182
955,1185
955,1186
955,1188
955,1189
955,1202
955,1206
955,1209
955,1212
955,1219
955,1224
955,1251
955,1252
955,1269
955,1280
955,1282
955,1290
955,1304
955,1306
955,1309
955,1317
955,1353
955,1357
955,1368
955,1371
955,1372
955,1386
955,1390
955,1391
955,1444
955,1449
955,1456
955,1457
955,1458
955,1466
955,1467
955,1472
955,1475
955,1477
955,1484
955,1486
955,1489
955,1490
955,1493
955,1505
955,1506
955,1509
955,1511
955,1512
955,1514
955,1515
955,1516
955,1517
955,1518
955,1519
955,1520
955,1521
955,1532
955,1542
955,1569
955,1590
955,1625
955,1632
955,1644
955,1652
955,1688
955,1706
955,1707
955,1714
955,1715
955,1719
955,1725
955,1826
955,1940
955,1948
955,1950
955,1965
955,1971
955,1998
955,2002
955,2003
955,2012
955,2013
956,510
956,562
956,1595
957,412
957,424
957,428
957,438
957,440
957,442
957,445
957,526
957,528
957,539
957,556
957,624
957,802
957,1428
957,1609
957,1761
958,76
958,176
958,273
958,438
958,443
958,547
958,556
958,588
958,599
958,617
958,649
958,654
958,753
958,755
958,770
958,773
958,776
958,843
958,871
958,873
958,900
958,933
958,963
958,965
958,988
958,1015
958,1030
958,1047
958,1060
958,1075
958,1167
958,1224
958,1361
958,1365
958,1372
958,1435
958,1445
958,1450
958,1454
958,1461
958,1588
958,1590
958,1618
958,1633
958,1812
959,391
959,438
959,589
959,630
959,638
959,645
959,729
959,769
959,770
959,838
959,853
959,881
959,892
959,893
959,895
959,897
959,900
959,961
959,966
959,968
959,978
959,985
959,986
959,989
959,1067
959,1082
959,1105
959,1122
959,1244
959,1385
959,1404
959,1448
959,1585
959,1646
959,1772
959,2014
960,639
960,843
960,844
960,866
960,1319
960,1498
961,97
961,496
961,609
961,645
961,656
961,680
961,749
961,770
961,875
961,892
961,900
961,912
961,963
961,975
961,978
961,979
961,987
961,1014
961,1015
961,1019
961,1039
961,1049
961,1050
961,1059
961,1063
961,1065
961,1093
961,1105
961,1202
961,1207
961,1237
961,1255
961,1260
961,1261
961,1278
961,1280
961,1282
961,1302
961,1306
961,1321
961,1371
961,1372
961,1445
961,1688
961,1897
961,1937
962,132
962,278
962,400
962,420
962,433
962,441
962,443
962,461
962,496
962,517
962,521
962,526
962,529
962,533
962,595
962,616
962,742
962,744
962,749
962,768
962,769
962,841
962,850
962,853
962,856
962,867
962,868
962,873
962,885
962,892
962,900
962,966
962,967
962,974
962,975
962,978
962,979
962,985
962,987
962,1027
962,1039
962,1043
962,1045
962,1047
962,1050
962,1065
962,1215
962,1223
962,1250
962,1276
962,1277
962,1365
962,1367
962,1430
962,1436
962,1448
962,1542
962,1611
962,1612
962,1645
962,1664
962,1754
962,1821
962,1859
962,1897
962,1909
963,278
963,405
963,424
963,425
963,433
963,444
963,519
963,560
963,599
963,645
963,729
963,741
963,749
963,759
963,760
963,764
963,772
963,774
963,841
963,846
963,850
963,874
963,881
963,882
963,885
963,893
963,894
963,895
963,896
963,897
963,900
963,908
963,958
963,965
963,968
963,978
963,1023
963,1027
963,1033
963,1037
963,1075
963,1093
963,1095
963,1227
963,1228
963,1244
963,1253
963,1254
963,1268
963,1291
963,1306
963,1325
963,1391
963,1445
963,1567
963,1569
963,1571
963,1622
963,1664
963,1793
963,1818
963,1820
963,1844
963,1860
963,1922
964,443
964,523
964,543
964,580
964,645
964,764
964,846
964,851
964,855
964,968
964,975
964,978
964,1044
964,1282
964,1403
964,1457
964,1525
964,1554
964,1641
964,1848
964,2015
965,205
965,425
965,431
965,597
965,629
965,635
965,729
965,749
965,846
965,851
965,872
965,893
965,897
965,900
965,958
965,963
965,966
965,968
965,969
965,978
965,979
965,1027
965,1028
965,1038
965,1043
965,1077
965,1079
965,1098
965,1249
965,1250
965,1270
965,1272
965,1317
965,1320
965,1641
965,1684
965,1859
965,1860
966,433
966,639
966,817
966,887
966,892
966,895
966,897
966,959
966,962
966,965
966,989
966,1019
966,1034
966,1043
966,1075
966,1105
966,1319
966,1320
966,1325
966,1433
966,1818
966,2016
966,2017
966,2018
967,97
967,282
967,496
967,560
967,571
967,630
967,764
967,801
967,843
967,846
967,854
967,871
967,887
967,889
967,900
967,968
967,973
967,978
967,979
967,1049
967,1105
967,1228
967,1253
967,1276
967,1403
967,1618
967,1681
967,1896
968,225
968,543
968,842
968,846
968,852
968,883
968,892
968,900
968,963
968,964
968,967
968,975
968,978
968,984
968,989
968,1023
968,1038
968,1044
968,1045
968,1047
968,1077
968,1227
968,1234
968,1257
968,1260
968,1261
968,1403
968,1586
968,1834
969,225
969,855
969,885
969,965
969,970
969,980
969,985
969,1039
969,1113
969,1254
969,1320
969,1586
969,1816
969,1834
969,1859
969,1990
969,2019
970,969
970,1325
971,494
971,886
971,897
971,984
971,1023
971,1027
971,1039
971,1266
971,1387
971,1531
972,1403
972,1945
973,320
973,342
973,571
973,647
973,767
973,768
973,829
973,843
973,846
973,855
973,896
973,900
973,912
973,922
973,967
973,980
973,1023
973,1038
973,1060
973,1070
973,1083
973,1087
973,1095
973,1103
973,1105
973,1107
973,1122
973,1136
973,1174
973,1254
973,1281
973,1289
973,1307
973,1309
973,1447
973,1539
973,1567
974,97
974,560
974,842
974,853
974,866
974,984
974,1251
974,1590
974,1786
974,1849
974,1945
975,707
975,749
975,757
975,875
975,961
975,964
975,968
975,978
975,985
975,1039
975,1045
975,1237
975,1276
975,1403
975,1586
975,1859
975,2020
976,97
976,216
976,630
976,757
976,831
976,856
976,915
976,963
976,970
976,985
976,1034
976,1041
976,1050
976,1053
976,1207
976,1275
976,1277
976,1320
976,1321
976,1721
976,1786
976,2020
977,979
977,1052
977,1053
977,1158
977,1284
977,1321
977,1372
977,1510
977,1632
977,1918
977,1930
977,1942
977,1963
977,1978
978,425
978,444
978,519
978,538
978,543
978,560
978,597
978,620
978,623
978,642
978,729
978,749
978,750
978,757
978,758
978,767
978,772
978,846
978,875
978,886
978,889
978,897
978,959
978,961
978,962
978,963
978,964
978,965
978,967
978,968
978,975
978,976
978,979
978,981
978,984
978,1019
978,1027
978,1039
978,1041
978,1043
978,1044
978,1047
978,1065
978,1075
978,1093
978,1107
978,1118
978,1227
978,1244
978,1253
978,1268
978,1270
978,1306
978,1317
978,1320
978,1366
978,1367
978,1554
978,1648
979,0
979,86
979,117
979,172
979,225
979,363
979,411
979,444
979,535
979,547
979,609
979,680
979,750
979,767
979,900
979,961
979,962
979,965
979,967
979,968
979,978
979,984
979,985
979,1043
979,1044
979,1046
979,1050
979,1107
979,1237
979,1251
979,1256
979,1276
980,119
980,196
980,229
980,254
980,273
980,278
980,285
980,315
980,320
980,338
980,378
980,420
980,430
980,436
980,438
980,464
980,482
980,512
980,519
980,537
980,539
980,571
980,588
980,604
980,614
980,629
980,647
980,650
980,680
980,711
980,722
980,728
980,747
980,751
980,752
980,759
980,767
980,770
980,780
980,812
980,815
980,817
980,850
980,852
980,866
980,881
980,909
980,910
980,913
980,915
980,916
980,926
980,973
980,981
980,982
980,984
980,985
980,988
980,1019
980,1036
980,1043
980,1045
980,1049
980,1060
980,1063
980,1068
980,1071
980,1074
980,1079
980,1081
980,1082
980,1084
980,1088
980,1091
980,1092
980,1093
980,1098
980,1103
980,1105
980,1106
980,1108
980,1112
980,1115
980,1118
980,1119
980,1122
980,1125
980,1128
980,1131
980,1136
980,1137
980,1138
980,1139
980,1141
980,1142
980,1144
980,1146
980,1149
980,1152
980,1154
980,1157
980,1158
980,1159
980,1161
980,1164
980,1165
980,1166
980,1169
980,1174
980,1186
980,1202
980,1209
980,1210
980,1212
980,1224
980,1237
980,1252
980,1269
980,1278
980,1281
980,1291
980,1304
980,1307
980,1309
980,1372
980,1404
980,1442
980,1449
980,1450
980,1456
980,1460
980,1461
980,1470
980,1471
980,1479
980,1481
980,1488
980,1490
980,1491
980,1495
980,1498
980,1501
980,1503
980,1506
980,1538
980,1590
980,1640
980,1676
980,1689
980,1699
980,1708
980,1714
980,1724
980,1734
980,1736
980,1753
980,1757
980,1803
980,1826
980,1929
980,1965
980,1967
980,1992
980,2021
981,156
981,245
981,278
981,279
981,285
981,315
981,342
981,405
981,425
981,430
981,431
981,440
981,441
981,443
981,495
981,496
981,517
981,556
981,571
981,597
981,599
981,623
981,638
981,640
981,642
981,649
981,656
981,680
981,684
981,727
981,729
981,752
981,760
981,767
981,841
981,843
981,850
981,855
981,868
981,876
981,877
981,880
981,882
981,886
981,887
981,888
981,895
981,900
981,978
981,984
981,985
981,988
981,1038
981,1044
981,1046
981,1047
981,1049
981,1050
981,1070
981,1228
981,1237
981,1238
981,1244
981,1247
981,1249
981,1251
981,1255
981,1276
981,1314
981,1321
981,1325
981,1369
981,1434
981,1437
981,1445
981,1579
981,1618
981,1662
981,1821
981,1858
981,1898
982,411
982,496
982,771
982,854
982,985
982,986
982,1045
982,1050
982,1276
982,1859
983,764
983,842
983,854
983,855
983,899
983,914
983,916
983,933
983,986
983,1061
983,1062
983,1260
983,1261
983,1386
983,1571
983,1904
984,205
984,225
984,342
984,343
984,411
984,425
984,428
984,443
984,538
984,560
984,599
984,624
984,629
984,638
984,640
984,642
984,680
984,729
984,732
984,749
984,759
984,767
984,770
984,851
984,854
984,867
984,868
984,873
984,876
984,882
984,961
984,967
984,968
984,971
984,974
984,978
984,979
984,980
984,981
984,985
984,986
984,988
984,1024
984,1027
984,1030
984,1038
984,1039
984,1042
984,1043
984,1045
984,1065
984,1105
984,1207
984,1227
984,1250
984,1260
984,1261
984,1276
984,1277
984,1280
984,1321
984,1364
984,1365
984,1786
984,1823
984,1844
984,1911
984,1945
984,1983
985,394
985,441
985,445
985,496
985,602
985,606
985,614
985,629
985,680
985,741
985,750
985,752
985,757
985,852
985,854
985,899
985,900
985,962
985,975
985,976
985,979
985,982
985,984
985,1043
985,1045
985,1046
985,1050
985,1057
985,1207
985,1228
985,1237
985,1251
985,1255
985,1260
985,1261
985,1277
985,1321
985,1555
985,1639
985,1663
985,1689
985,1801
985,1835
985,1884
986,338
986,494
986,515
986,538
986,642
986,767
986,771
986,817
986,882
986,897
986,900
986,959
986,982
986,983
986,984
986,985
986,1014
986,1027
986,1043
986,1052
986,1075
986,1086
986,1165
986,1251
986,1256
986,1302
986,1319
986,1448
986,1569
986,1578
986,1851
986,2022
987,854
987,961
987,983
987,1207
987,1237
987,1261
987,1317
987,1321
987,1371
988,205
988,614
988,984
988,1045
988,1063
988,1307
988,1890
988,1920
989,729
989,846
989,892
989,966
989,968
989,1034
989,1043
989,1077
989,1210
989,1306
989,1324
989,1325
990,78
991,78
991,215
991,292
991,337
991,453
991,467
991,569
991,619
991,663
991,664
991,697
991,700
991,706
991,723
991,778
991,824
991,947
991,1411
991,1522
991,1591
991,1957
992,49
992,79
992,151
992,319
992,1711
993,242
993,306
994,409
994,503
994,581
994,797
994,802
994,807
994,863
994,1414
995,107
995,111
995,152
995,158
995,175
995,253
995,257
995,259
995,274
995,277
995,298
995,305
995,365
995,457
995,461
995,468
995,485
995,501
995,564
995,585
995,828
995,880
995,937
995,941
995,943
995,1335
995,1349
995,1362
995,1380
996,303
996,569
996,998
997,293
997,343
997,475
998,251
998,351
998,710
999,46
999,107
999,159
999,212
999,295
999,364
999,448
1000,206
1000,244
1000,333
1000,463
1000,666
1001,45
1001,110
1001,134
1001,152
1001,153
1001,160
1001,169
1001,192
1001,193
1001,199
1001,202
1001,207
1001,213
1001,227
1001,228
1001,241
1001,242
1001,249
1001,254
1001,261
1001,271
1001,278
1001,281
1001,284
1001,292
1001,306
1001,312
1001,316
1001,326
1001,347
1001,357
1001,364
1001,403
1001,411
1001,416
1001,449
1001,450
1001,453
1001,457
1001,458
1001,459
1001,460
1001,461
1001,467
1001,468
1001,481
1001,485
1001,487
1001,492
1001,498
1001,501
1001,521
1001,558
1001,569
1001,607
1001,663
1001,667
1001,670
1001,673
1001,677
1001,679
1001,689
1001,698
1001,725
1001,727
1001,825
1001,906
1001,941
1001,951
1001,1194
1001,1197
1001,1217
1001,1225
1001,1405
1001,1406
1001,1411
1001,1527
1001,1887
1002,304
1002,396
1002,472
1002,495
1002,526
1002,571
1002,604
1002,1332
1003,135
1003,141
1003,228
1003,366
1003,394
1003,510
1003,543
1003,581
1003,636
1003,640
1003,710
1003,720
1003,864
1003,892
1003,926
1003,1060
1003,1110
1003,1134
1003,1137
1003,1142
1003,1940
1004,497
1004,510
1004,569
1004,627
1004,715
1004,777
1004,792
1004,799
1004,807
1004,1220
1005,805
1005,1384
1005,1649
1006,324
1006,398
1006,422
1006,424
1006,640
1006,680
1006,756
1006,844
1007,42
1007,191
1007,297
1007,521
1007,523
1007,644
1007,908
1007,915
1007,951
1007,1697
1008,523
1009,502
1010,97
1010,562
1010,1187
1010,1404
1010,1496
1010,1515
1010,2001
1011,371
1011,430
1011,438
1011,537
1011,606
1011,644
1011,753
1011,1249
1011,1784
1012,713
1012,1909
1013,517
1014,535
1014,547
1014,680
1014,817
1014,882
1014,961
1014,974
1014,976
1014,983
1014,986
1014,1019
1014,1023
1014,1057
1014,1087
1014,1237
1014,1251
1014,1268
1014,1349
1014,1590
1015,59
1015,519
1015,606
1015,658
1015,768
1015,961
1015,1268
1016,436
1016,1433
1017,440
1017,837
1017,1038
1017,1251
1017,1319
1017,1362
1018,97
1018,191
1018,443
1018,482
1018,512
1018,649
1018,711
1018,750
1018,829
1018,873
1018,881
1018,980
1018,1052
1018,1053
1018,1057
1018,1071
1018,1085
1018,1095
1018,1097
1018,1099
1018,1100
1018,1107
1018,1110
1018,1112
1018,1113
1018,1167
1018,1357
1018,1370
1018,1373
1018,1375
1018,1445
1018,1457
1018,1472
1018,1633
1018,1690
1018,1972
1018,2023
1019,86
1019,104
1019,178
1019,245
1019,261
1019,281
1019,306
1019,378
1019,395
1019,405
1019,429
1019,430
1019,431
1019,440
1019,441
1019,443
1019,496
1019,514
1019,517
1019,535
1019,539
1019,556
1019,571
1019,599
1019,609
1019,623
1019,625
1019,629
1019,638
1019,642
1019,649
1019,656
1019,680
1019,684
1019,722
1019,727
1019,750
1019,758
1019,762
1019,766
1019,767
1019,769
1019,770
1019,771
1019,772
1019,842
1019,843
1019,865
1019,866
1019,868
1019,871
1019,872
1019,881
1019,883
1019,887
1019,889
1019,897
1019,900
1019,910
1019,961
1019,966
1019,971
1019,972
1019,973
1019,974
1019,975
1019,978
1019,979
1019,980
1019,981
1019,982
1019,983
1019,984
1019,985
1019,986
1019,987
1019,1014
1019,1024
1019,1030
1019,1031
1019,1034
1019,1035
1019,1038
1019,1042
1019,1044
1019,1045
1019,1046
1019,1047
1019,1050
1019,1059
1019,1061
1019,1062
1019,1063
1019,1064
1019,1065
1019,1066
1019,1069
1019,1070
1019,1079
1019,1124
1019,1141
1019,1203
1019,1204
1019,1206
1019,1215
1019,1218
1019,1227
1019,1237
1019,1244
1019,1245
1019,1247
1019,1248
1019,1249
1019,1250
1019,1251
1019,1253
1019,1254
1019,1255
1019,1256
1019,1259
1019,1260
1019,1261
1019,1272
1019,1276
1019,1277
1019,1280
1019,1305
1019,1315
1019,1319
1019,1325
1019,1347
1019,1349
1019,1350
1019,1369
1019,1371
1019,1372
1019,1436
1019,1441
1019,1445
1019,1448
1019,1449
1019,1525
1019,1531
1019,1568
1019,1570
1019,1571
1019,1572
1019,1573
1019,1577
1019,1622
1019,1640
1019,1641
1019,1647
1019,1686
1019,1718
1019,1740
1019,1745
1019,1772
1019,1774
1019,1786
1019,1816
1019,1818
1019,1823
1019,1824
1019,1826
1019,1834
1019,1835
1019,1840
1019,1841
1019,1842
1019,1846
1019,1850
1019,1851
1019,1858
1019,1859
1019,1873
1019,1884
1019,1890
1019,1892
1019,1898
1019,1907
1019,1925
1019,1934
1019,1959
1019,1960
1019,1986
1019,2016
1019,2024
1019,2025
1019,2026
1019,2027
1020,492
1020,604
1020,620
1020,761
1020,1218
1021,337
1021,495
1021,538
1021,639
1021,866
1021,929
1021,931
1021,1167
1021,1259
1021,1291
1021,1358
1021,1518
1021,1899
1021,2028
1022,740
1022,1439
1022,1741
1022,1784
1023,1244
1023,2025
1024,550
1024,620
1024,984
1024,1019
1024,1319
1024,1321
1024,1441
1024,1566
1025,191
1025,436
1025,444
1025,899
1025,1086
1025,1087
1025,1137
1025,1165
1025,1242
1025,1288
1025,1308
1025,1353
1025,1354
1025,1372
1025,1447
1026,763
1026,764
1026,1247
1026,1640
1026,1663
1026,1933
1026,1961
1027,205
1027,279
1027,409
1027,475
1027,494
1027,495
1027,539
1027,603
1027,604
1027,623
1027,629
1027,637
1027,639
1027,642
1027,680
1027,689
1027,713
1027,722
1027,769
1027,770
1027,817
1027,839
1027,846
1027,867
1027,899
1027,965
1027,971
1027,978
1027,984
1027,986
1027,988
1027,1038
1027,1044
1027,1047
1027,1049
1027,1059
1027,1075
1027,1107
1027,1189
1027,1256
1027,1276
1027,1282
1027,1291
1027,1303
1027,1317
1027,1319
1027,1367
1027,1554
1027,1569
1027,1819
1027,1859
1028,205
1028,959
1028,965
1028,966
1028,1774
1029,729
1029,770
1029,874
1029,912
1029,966
1029,1084
1029,1085
1029,1086
1029,1165
1029,1285
1029,1309
1029,1456
1029,1589
1029,1646
1029,1966
1030,539
1030,599
1030,770
1030,967
1030,972
1030,975
1030,980
1030,984
1030,1019
1030,1031
1030,1061
1030,1064
1030,1165
1030,1255
1030,1256
1030,1276
1030,1319
1030,1349
1030,1369
1030,1475
1030,1699
1030,1884
1030,1911
1030,1936
1031,539
1031,580
1031,599
1031,647
1031,713
1031,1019
1031,1030
1031,1072
1031,1280
1031,1353
1032,764
1032,842
1032,1075
1032,1082
1032,1816
1033,495
1033,538
1033,892
1033,894
1033,897
1033,933
1033,963
1033,1023
1033,1038
1033,1047
1033,1075
1033,1092
1033,1268
1033,1307
1033,1354
1033,1445
1033,1793
1034,846
1034,884
1034,888
1034,889
1034,892
1034,895
1034,966
1034,989
1034,1270
1034,1445
1034,1665
1034,1774
1034,1841
1035,278
1035,285
1035,342
1035,395
1035,422
1035,425
1035,428
1035,430
1035,438
1035,440
1035,441
1035,443
1035,470
1035,493
1035,495
1035,512
1035,514
1035,599
1035,614
1035,616
1035,625
1035,639
1035,641
1035,642
1035,702
1035,719
1035,722
1035,741
1035,742
1035,749
1035,750
1035,752
1035,761
1035,772
1035,837
1035,840
1035,842
1035,855
1035,875
1035,877
1035,882
1035,887
1035,888
1035,892
1035,897
1035,899
1035,900
1035,956
1035,959
1035,961
1035,963
1035,964
1035,967
1035,972
1035,1016
1035,1019
1035,1020
1035,1031
1035,1038
1035,1047
1035,1064
1035,1069
1035,1075
1035,1100
1035,1189
1035,1247
1035,1256
1035,1276
1035,1280
1035,1362
1035,1364
1035,1440
1035,1568
1035,1569
1035,1586
1035,1628
1035,1644
1035,1665
1035,1820
1035,1845
1035,1859
1035,1877
1035,1936
1035,2014
1035,2029
1036,72
1036,254
1036,315
1036,320
1036,343
1036,378
1036,496
1036,504
1036,535
1036,557
1036,593
1036,610
1036,650
1036,740
1036,767
1036,780
1036,815
1036,913
1036,915
1036,916
1036,919
1036,922
1036,923
1036,926
1036,927
1036,928
1036,930
1036,955
1036,971
1036,977
1036,980
1036,1054
1036,1070
1036,1071
1036,1082
1036,1085
1036,1088
1036,1095
1036,1099
1036,1102
1036,1105
1036,1108
1036,1110
1036,1113
1036,1120
1036,1122
1036,1129
1036,1134
1036,1136
1036,1137
1036,1138
1036,1139
1036,1141
1036,1142
1036,1146
1036,1150
1036,1152
1036,1154
1036,1158
1036,1159
1036,1160
1036,1161
1036,1164
1036,1165
1036,1166
1036,1167
1036,1169
1036,1170
1036,1171
1036,1172
1036,1174
1036,1180
1036,1181
1036,1186
1036,1187
1036,1188
1036,1189
1036,1212
1036,1309
1036,1373
1036,1376
1036,1458
1036,1460
1036,1467
1036,1468
1036,1471
1036,1473
1036,1474
1036,1475
1036,1481
1036,1482
1036,1485
1036,1486
1036,1489
1036,1495
1036,1498
1036,1501
1036,1504
1036,1506
1036,1512
1036,1513
1036,1516
1036,1517
1036,1520
1036,1532
1036,1537
1036,1625
1036,1706
1036,1709
1036,1714
1036,1716
1036,1725
1036,1734
1036,1866
1036,1867
1036,1881
1036,1965
1036,1991
1036,1992
1036,2030
1037,107
1037,257
1037,278
1037,361
1037,408
1037,534
1037,535
1037,659
1037,712
1037,723
1037,828
1037,873
1037,881
1037,892
1037,899
1037,1116
1037,1268
1037,1600
1037,1906
1037,2031
1038,185
1038,342
1038,440
1038,640
1038,642
1038,680
1038,837
1038,852
1038,853
1038,867
1038,873
1038,890
1038,892
1038,968
1038,973
1038,984
1038,1017
1038,1141
1038,1254
1038,1325
1039,225
1039,494
1039,865
1039,971
1039,975
1039,978
1039,984
1039,1062
1039,1237
1039,1276
1039,1306
1039,1820
1040,1107
1041,257
1041,281
1041,397
1041,417
1041,420
1041,490
1041,539
1041,580
1041,588
1041,603
1041,604
1041,606
1041,639
1041,642
1041,737
1041,749
1041,750
1041,776
1041,855
1041,866
1041,874
1041,960
1041,961
1041,964
1041,965
1041,976
1041,978
1041,980
1041,985
1041,1028
1041,1031
1041,1033
1041,1043
1041,1047
1041,1075
1041,1080
1041,1086
1041,1296
1041,1317
1041,1319
1041,1362
1041,1428
1041,1548
1041,1588
1041,1630
1041,1701
1041,1720
1042,36
1042,984
1042,1050
1042,1276
1043,411
1043,496
1043,538
1043,629
1043,642
1043,680
1043,740
1043,757
1043,767
1043,836
1043,854
1043,855
1043,875
1043,881
1043,888
1043,897
1043,965
1043,966
1043,975
1043,978
1043,979
1043,980
1043,982
1043,984
1043,985
1043,986
1043,989
1043,1039
1043,1044
1043,1078
1043,1089
1043,1093
1043,1107
1043,1165
1043,1228
1043,1251
1043,1256
1043,1276
1043,1280
1043,1403
1043,1445
1043,1639
1043,1646
1043,1786
1043,1818
1043,1945
1044,629
1044,855
1044,964
1044,968
1044,972
1044,979
1044,1045
1044,1256
1044,1364
1044,1403
1044,1554
1045,225
1045,443
1045,887
1045,962
1045,964
1045,968
1045,975
1045,982
1045,984
1045,1044
1045,1107
1045,1251
1045,1256
1045,1276
1045,1461
1045,1531
1045,1818
1045,1823
1046,443
1046,979
1046,1050
1046,1064
1046,1228
1046,1276
1046,1403
1047,495
1047,543
1047,547
1047,623
1047,729
1047,771
1047,853
1047,854
1047,866
1047,958
1047,962
1047,968
1047,1027
1047,1033
1047,1049
1047,1096
1047,1237
1047,1256
1047,1276
1048,967
1048,1050
1048,1072
1048,1077
1048,1080
1048,1093
1048,1288
1048,1321
1048,1439
1048,1708
1049,257
1049,338
1049,342
1049,556
1049,589
1049,606
1049,630
1049,642
1049,749
1049,750
1049,758
1049,839
1049,842
1049,846
1049,855
1049,887
1049,892
1049,897
1049,900
1049,922
1049,961
1049,967
1049,981
1049,1027
1049,1034
1049,1047
1049,1100
1049,1228
1049,1255
1049,1256
1049,1260
1049,1261
1049,1306
1049,1319
1049,1364
1049,1403
1050,496
1050,771
1050,961
1050,962
1050,976
1050,979
1050,982
1050,1042
1050,1046
1050,1064
1050,1237
1050,1260
1050,1261
1050,1590
1051,1075
1052,97
1052,281
1052,603
1052,740
1052,817
1052,839
1052,976
1052,977
1052,979
1052,986
1052,1030
1052,1058
1052,1061
1052,1082
1052,1101
1052,1107
1052,1281
1052,1284
1052,1305
1052,1321
1052,1708
1052,1853
1052,1865
1052,1892
1053,496
1053,550
1053,603
1053,642
1053,846
1053,976
1053,985
1053,1043
1053,1050
1053,1065
1053,1072
1053,1107
1053,1321
1053,1578
1054,97
1054,120
1054,164
1054,196
1054,197
1054,229
1054,315
1054,329
1054,338
1054,343
1054,405
1054,406
1054,424
1054,440
1054,464
1054,489
1054,511
1054,519
1054,538
1054,547
1054,613
1054,650
1054,711
1054,741
1054,758
1054,791
1054,812
1054,813
1054,829
1054,867
1054,881
1054,883
1054,908
1054,915
1054,922
1054,933
1054,1023
1054,1036
1054,1038
1054,1078
1054,1083
1054,1095
1054,1105
1054,1111
1054,1112
1054,1115
1054,1118
1054,1121
1054,1122
1054,1126
1054,1131
1054,1132
1054,1134
1054,1136
1054,1137
1054,1141
1054,1142
1054,1150
1054,1153
1054,1158
1054,1161
1054,1165
1054,1167
1054,1174
1054,1186
1054,1191
1054,1224
1054,1227
1054,1237
1054,1279
1054,1289
1054,1290
1054,1291
1054,1304
1054,1307
1054,1372
1054,1451
1054,1463
1054,1467
1054,1490
1054,1512
1054,1539
1054,1594
1054,1644
1054,1735
1054,1820
1054,1846
1054,1868
1054,1985
1054,2008
1055,386
1056,1050
1056,1066
1056,1079
1056,1572
1056,1687
1056,1824
1056,1854
1056,1873
1056,1891
1057,445
1057,1174
1057,1181
1057,1187
1057,1260
1057,1261
1057,1358
1057,1513
1057,1716
1057,2032
1058,635
1058,656
1058,758
1058,845
1058,1052
1058,1104
1058,1309
1058,1570
1058,1820
1059,443
1059,854
1059,875
1059,961
1059,1027
1059,1062
1059,1276
1059,1277
1059,1321
1059,1871
1059,1884
1060,320
1060,338
1060,351
1060,378
1060,445
1060,614
1060,647
1060,650
1060,767
1060,815
1060,817
1060,829
1060,845
1060,913
1060,915
1060,916
1060,919
1060,922
1060,926
1060,958
1060,1033
1060,1064
1060,1068
1060,1070
1060,1092
1060,1099
1060,1110
1060,1111
1060,1112
1060,1113
1060,1120
1060,1122
1060,1134
1060,1136
1060,1137
1060,1139
1060,1141
1060,1142
1060,1174
1060,1186
1060,1209
1060,1267
1060,1275
1060,1280
1060,1307
1060,1309
1060,1354
1060,1357
1060,1387
1060,1473
1060,1474
1060,1481
1060,1482
1060,1489
1060,1537
1060,1625
1060,1631
1060,1705
1060,1828
1060,1880
1061,273
1061,281
1061,443
1061,483
1061,496
1061,638
1061,656
1061,842
1061,912
1061,983
1061,1019
1061,1030
1061,1052
1061,1057
1061,1063
1061,1065
1061,1076
1061,1096
1061,1105
1061,1122
1061,1124
1061,1203
1061,1261
1061,1321
1061,1450
1061,1934
1062,205
1062,495
1062,496
1062,571
1062,603
1062,637
1062,713
1062,719
1062,740
1062,758
1062,771
1062,817
1062,867
1062,874
1062,881
1062,899
1062,912
1062,967
1062,983
1062,1019
1062,1039
1062,1043
1062,1059
1062,1065
1062,1075
1062,1165
1062,1255
1062,1256
1062,1267
1062,1280
1062,1285
1062,1286
1062,1291
1062,1372
1062,1448
1062,1571
1062,1572
1062,1897
1063,281
1063,443
1063,496
1063,609
1063,656
1063,753
1063,758
1063,817
1063,829
1063,835
1063,882
1063,887
1063,892
1063,961
1063,980
1063,988
1063,1019
1063,1052
1063,1055
1063,1061
1063,1065
1063,1067
1063,1069
1063,1077
1063,1082
1063,1107
1063,1207
1063,1237
1063,1278
1063,1280
1063,1309
1063,1349
1063,1350
1063,1462
1063,1587
1063,1851
1064,707
1064,853
1064,888
1064,1019
1064,1030
1064,1046
1064,1050
1064,1205
1064,1207
1064,1228
1064,1260
1064,1372
1064,1578
1064,1851
1065,443
1065,496
1065,852
1065,854
1065,887
1065,962
1065,978
1065,984
1065,1203
1065,1205
1065,1237
1065,1248
1065,1255
1065,1260
1065,1261
1065,1321
1065,1372
1065,1442
1065,1846
1065,1851
1065,2033
1066,343
1066,728
1066,771
1066,915
1066,1056
1066,1252
1066,1280
1066,1288
1066,1372
1066,1572
1066,1587
1067,338
1067,603
1067,758
1067,817
1067,874
1067,895
1067,912
1067,933
1067,988
1067,989
1067,1045
1067,1061
1067,1062
1067,1063
1067,1068
1067,1072
1067,1077
1067,1094
1067,1288
1067,1353
1067,1647
1067,1872
1067,1920
1068,315
1068,338
1068,378
1068,680
1068,765
1068,769
1068,770
1068,817
1068,886
1068,965
1068,975
1068,1053
1068,1064
1068,1067
1068,1073
1068,1077
1068,1079
1068,1080
1068,1081
1068,1086
1068,1087
1068,1093
1068,1099
1068,1208
1068,1259
1068,1280
1068,1281
1068,1323
1068,1350
1068,1354
1068,1451
1068,1684
1068,1890
1068,1891
1069,1019
1070,378
1070,496
1070,629
1070,767
1070,912
1070,979
1070,1019
1070,1044
1070,1045
1070,1055
1070,1057
1070,1060
1070,1099
1070,1105
1070,1107
1070,1110
1070,1115
1070,1119
1070,1124
1070,1136
1070,1282
1070,1308
1070,1372
1070,1427
1070,1467
1070,1706
1071,229
1071,254
1071,320
1071,343
1071,387
1071,389
1071,423
1071,440
1071,443
1071,496
1071,504
1071,519
1071,613
1071,622
1071,658
1071,752
1071,756
1071,767
1071,770
1071,780
1071,815
1071,829
1071,845
1071,873
1071,874
1071,882
1071,911
1071,912
1071,913
1071,915
1071,916
1071,923
1071,924
1071,926
1071,955
1071,973
1071,1003
1071,1018
1071,1036
1071,1060
1071,1063
1071,1078
1071,1080
1071,1081
1071,1084
1071,1085
1071,1086
1071,1087
1071,1090
1071,1093
1071,1094
1071,1095
1071,1096
1071,1100
1071,1104
1071,1106
1071,1110
1071,1111
1071,1112
1071,1113
1071,1115
1071,1118
1071,1120
1071,1122
1071,1125
1071,1129
1071,1134
1071,1136
1071,1137
1071,1138
1071,1139
1071,1141
1071,1142
1071,1143
1071,1148
1071,1149
1071,1152
1071,1161
1071,1165
1071,1167
1071,1174
1071,1188
1071,1209
1071,1212
1071,1223
1071,1267
1071,1285
1071,1290
1071,1308
1071,1355
1071,1368
1071,1431
1071,1447
1071,1448
1071,1472
1071,1481
1071,1482
1071,1485
1071,1490
1071,1581
1071,1625
1071,1688
1071,1691
1071,1705
1071,1735
1071,1786
1071,1950
1071,1972
1071,2007
1071,2034
1072,647
1072,845
1072,1031
1072,1048
1072,1067
1072,1073
1072,1075
1072,1076
1072,1077
1072,1081
1072,1101
1072,1282
1072,1325
1072,1706
1072,1991
1073,439
1073,509
1073,535
1073,603
1073,887
1073,1072
1073,1077
1073,1305
1073,1557
1073,1570
1073,1643
1073,1888
1073,1934
1074,765
1074,910
1074,912
1074,913
1074,1062
1074,1068
1074,1088
1074,1094
1074,1107
1074,1136
1074,1141
1074,1284
1074,1287
1074,1288
1074,1478
1074,1731
1074,2026
1075,97
1075,425
1075,443
1075,519
1075,547
1075,556
1075,588
1075,603
1075,629
1075,638
1075,642
1075,680
1075,713
1075,740
1075,752
1075,758
1075,764
1075,769
1075,817
1075,845
1075,855
1075,874
1075,900
1075,908
1075,914
1075,958
1075,963
1075,966
1075,978
1075,986
1075,1016
1075,1027
1075,1032
1075,1033
1075,1038
1075,1049
1075,1051
1075,1052
1075,1062
1075,1067
1075,1072
1075,1077
1075,1078
1075,1079
1075,1101
1075,1165
1075,1268
1075,1272
1075,1276
1075,1288
1075,1291
1075,1306
1075,1320
1075,1325
1075,1427
1075,1442
1075,1464
1075,1567
1075,1646
1075,1884
1076,278
1076,431
1076,436
1076,496
1076,512
1076,571
1076,614
1076,637
1076,639
1076,680
1076,829
1076,972
1076,976
1076,1044
1076,1045
1076,1061
1076,1064
1076,1207
1076,1251
1076,1255
1076,1260
1076,1261
1076,1365
1076,1372
1076,1441
1076,1448
1076,1934
1077,603
1077,865
1077,965
1077,968
1077,1063
1077,1065
1077,1067
1077,1079
1077,1255
1077,1277
1077,1284
1077,1305
1077,1569
1077,1570
1077,1571
1077,1853
1077,1928
1078,97
1078,328
1078,411
1078,436
1078,640
1078,645
1078,719
1078,729
1078,771
1078,843
1078,855
1078,965
1078,967
1078,978
1078,979
1078,1030
1078,1031
1078,1043
1078,1048
1078,1051
1078,1075
1078,1080
1078,1093
1078,1094
1078,1271
1078,1306
1078,1320
1078,1618
1078,1771
1079,535
1079,638
1079,765
1079,887
1079,892
1079,965
1079,1019
1079,1031
1079,1056
1079,1072
1079,1077
1079,1083
1079,1284
1079,1683
1079,1823
1079,1832
1079,1876
1079,1891
1079,1934
1080,97
1080,119
1080,281
1080,338
1080,539
1080,638
1080,766
1080,839
1080,866
1080,908
1080,1038
1080,1048
1080,1050
1080,1052
1080,1053
1080,1071
1080,1077
1080,1093
1080,1098
1080,1107
1080,1277
1080,1284
1080,1288
1080,1305
1080,1320
1080,1353
1080,1354
1080,1449
1080,1708
1081,281
1081,909
1081,912
1081,914
1081,988
1081,989
1081,1048
1081,1072
1081,1092
1081,1094
1081,1119
1081,1136
1081,1320
1081,1323
1081,1448
1081,1455
1081,1482
1081,1589
1081,1689
1081,1854
1081,1893
1082,588
1082,599
1082,656
1082,751
1082,758
1082,769
1082,874
1082,892
1082,910
1082,913
1082,914
1082,915
1082,926
1082,959
1082,961
1082,969
1082,980
1082,1025
1082,1031
1082,1032
1082,1049
1082,1052
1082,1055
1082,1063
1082,1071
1082,1083
1082,1085
1082,1086
1082,1089
1082,1091
1082,1094
1082,1095
1082,1096
1082,1097
1082,1101
1082,1113
1082,1119
1082,1122
1082,1134
1082,1137
1082,1138
1082,1141
1082,1207
1082,1252
1082,1288
1082,1308
1082,1388
1082,1404
1082,1444
1082,1445
1082,1467
1082,1537
1082,1706
1082,1929
1082,2035
1082,2036
1083,780
1083,815
1083,1079
1083,1096
1083,1099
1083,1104
1083,1107
1083,1113
1083,1115
1083,1290
1083,1539
1083,1566
1083,1732
1084,787
1084,813
1084,919
1084,1085
1084,1113
1084,1119
1084,1284
1084,1368
1084,1473
1084,1497
1084,1589
1084,1654
1085,229
1085,315
1085,320
1085,338
1085,588
1085,740
1085,787
1085,815
1085,874
1085,910
1085,912
1085,961
1085,1018
1085,1027
1085,1029
1085,1071
1085,1082
1085,1084
1085,1086
1085,1110
1085,1112
1085,1119
1085,1126
1085,1133
1085,1136
1085,1141
1085,1142
1085,1165
1085,1202
1085,1209
1085,1252
1085,1285
1085,1320
1085,1357
1085,1447
1085,1454
1085,1457
1085,1458
1085,1532
1085,1713
1085,1743
1085,1984
1085,2035
1086,315
1086,338
1086,343
1086,378
1086,496
1086,599
1086,647
1086,658
1086,711
1086,713
1086,817
1086,835
1086,837
1086,843
1086,874
1086,882
1086,885
1086,888
1086,900
1086,908
1086,909
1086,910
1086,912
1086,915
1086,968
1086,980
1086,981
1086,986
1086,1018
1086,1025
1086,1029
1086,1031
1086,1050
1086,1052
1086,1053
1086,1057
1086,1064
1086,1071
1086,1073
1086,1076
1086,1082
1086,1085
1086,1087
1086,1088
1086,1094
1086,1095
1086,1096
1086,1099
1086,1100
1086,1106
1086,1108
1086,1118
1086,1136
1086,1137
1086,1138
1086,1141
1086,1142
1086,1165
1086,1208
1086,1209
1086,1275
1086,1276
1086,1277
1086,1278
1086,1286
1086,1288
1086,1292
1086,1308
1086,1309
1086,1322
1086,1354
1086,1372
1086,1467
1086,1482
1086,1541
1086,1572
1086,1578
1086,1581
1086,1590
1086,1719
1087,281
1087,427
1087,603
1087,758
1087,770
1087,980
1087,983
1087,1014
1087,1025
1087,1052
1087,1071
1087,1072
1087,1073
1087,1088
1087,1095
1087,1105
1087,1110
1087,1121
1087,1122
1087,1156
1087,1210
1087,1278
1087,1281
1087,1282
1087,1288
1087,1306
1087,1309
1087,1350
1087,1386
1087,1447
1087,1448
1087,1449
1087,1541
1087,1687
1087,1825
1087,1851
1087,1873
1087,1892
1087,1929
1087,2026
1088,338
1088,813
1088,842
1088,1079
1088,1081
1088,1087
1088,1092
1088,1094
1088,1288
1088,1308
1088,1387
1088,1456
1088,1589
1088,1687
1088,1691
1088,2037
1089,86
1089,195
1089,425
1089,556
1089,637
1089,641
1089,737
1089,766
1089,839
1089,912
1089,914
1089,955
1089,1043
1089,1082
1089,1094
1089,1119
1089,1123
1089,1138
1089,1309
1089,1362
1089,1388
1089,1404
1089,1447
1089,1559
1089,1654
1089,1706
1089,1989
1089,2035
1090,916
1090,1081
1090,1088
1090,1092
1090,1099
1090,1139
1090,1307
1090,1354
1090,1541
1090,1718
1091,910
1091,1474
1092,378
1092,614
1092,910
1092,1081
1092,1088
1092,1090
1092,1094
1092,1139
1092,1354
1092,1386
1092,1387
1092,1462
1092,1541
1092,1580
1092,1589
1092,1718
1092,1731
1093,119
1093,281
1093,338
1093,440
1093,496
1093,519
1093,539
1093,629
1093,749
1093,767
1093,770
1093,817
1093,845
1093,874
1093,910
1093,912
1093,961
1093,963
1093,967
1093,978
1093,980
1093,1043
1093,1048
1093,1074
1093,1078
1093,1080
1093,1081
1093,1088
1093,1094
1093,1096
1093,1107
1093,1108
1093,1119
1093,1139
1093,1141
1093,1202
1093,1256
1093,1271
1093,1281
1093,1308
1093,1309
1093,1351
1093,1353
1093,1372
1093,1404
1093,1448
1093,1571
1093,1581
1093,1847
1093,1985
1094,97
1094,882
1094,910
1094,912
1094,1067
1094,1081
1094,1082
1094,1085
1094,1091
1094,1092
1094,1093
1094,1095
1094,1096
1094,1097
1094,1122
1094,1323
1094,1590
1094,1743
1095,172
1095,496
1095,588
1095,599
1095,622
1095,656
1095,824
1095,874
1095,888
1095,912
1095,913
1095,915
1095,933
1095,955
1095,963
1095,1018
1095,1061
1095,1078
1095,1082
1095,1086
1095,1092
1095,1093
1095,1094
1095,1115
1095,1118
1095,1121
1095,1134
1095,1135
1095,1136
1095,1137
1095,1142
1095,1165
1095,1175
1095,1204
1095,1251
1095,1282
1095,1308
1095,1320
1095,1322
1095,1354
1095,1372
1095,1455
1095,1471
1095,1482
1095,1489
1095,1549
1095,1572
1095,1872
1095,1925
1095,2012
1096,278
1096,620
1096,770
1096,837
1096,866
1096,879
1096,882
1096,910
1096,933
1096,958
1096,980
1096,983
1096,985
1096,1047
1096,1052
1096,1053
1096,1056
1096,1061
1096,1063
1096,1064
1096,1071
1096,1078
1096,1081
1096,1082
1096,1083
1096,1086
1096,1093
1096,1094
1096,1105
1096,1122
1096,1136
1096,1137
1096,1141
1096,1165
1096,1237
1096,1267
1096,1288
1096,1306
1096,1307
1096,1354
1096,1446
1096,1539
1096,1541
1096,1566
1096,1581
1096,1853
1096,1891
1096,1974
1096,1990
1097,647
1097,910
1097,1082
1097,1091
1097,1094
1097,1099
1097,1123
1097,1449
1097,1537
1098,47
1098,281
1098,519
1098,539
1098,620
1098,637
1098,729
1098,873
1098,910
1098,965
1098,980
1098,1052
1098,1074
1098,1080
1098,1081
1098,1085
1098,1089
1098,1093
1098,1208
1098,1256
1098,1286
1098,1321
1098,1569
1098,1570
1098,1878
1098,1928
1099,383
1099,647
1099,910
1099,913
1099,915
1099,920
1099,1060
1099,1083
1099,1097
1099,1101
1099,1111
1099,1118
1099,1139
1099,1281
1099,1290
1099,1355
1099,1477
1099,1732
1100,338
1100,374
1100,389
1100,436
1100,588
1100,629
1100,740
1100,758
1100,829
1100,845
1100,855
1100,865
1100,869
1100,874
1100,913
1100,914
1100,916
1100,933
1100,968
1100,977
1100,1018
1100,1020
1100,1033
1100,1052
1100,1060
1100,1070
1100,1087
1100,1105
1100,1113
1100,1118
1100,1122
1100,1126
1100,1134
1100,1141
1100,1186
1100,1209
1100,1278
1100,1354
1100,1357
1100,1373
1100,1431
1100,1447
1100,1458
1100,1461
1100,1537
1100,1721
1100,1828
1100,1927
1100,1984
1100,2038
1101,758
1101,817
1101,1052
1101,1061
1101,1072
1101,1082
1101,1099
1101,1105
1101,1571
1102,730
1102,815
1102,910
1102,1092
1102,1118
1102,1122
1102,1128
1102,1134
1102,1139
1102,1198
1102,1374
1102,1375
1103,730
1103,740
1103,919
1103,1107
1103,1110
1103,1113
1103,1115
1103,1122
1103,1174
1103,1307
1103,1321
1103,1474
1103,1691
1103,1893
1103,1900
1103,1940
1103,1941
1104,329
1104,389
1104,588
1104,913
1104,915
1104,1058
1104,1083
1104,1100
1104,1115
1104,1134
1104,1154
1104,1212
1104,1306
1104,1350
1104,1372
1104,1427
1104,1537
1104,1709
1105,34
1105,97
1105,119
1105,278
1105,315
1105,433
1105,482
1105,495
1105,496
1105,519
1105,522
1105,535
1105,547
1105,556
1105,560
1105,629
1105,638
1105,642
1105,680
1105,729
1105,730
1105,741
1105,749
1105,760
1105,765
1105,767
1105,770
1105,771
1105,815
1105,817
1105,829
1105,834
1105,836
1105,838
1105,841
1105,855
1105,856
1105,857
1105,866
1105,867
1105,873
1105,889
1105,892
1105,895
1105,896
1105,897
1105,898
1105,912
1105,915
1105,959
1105,961
1105,963
1105,966
1105,967
1105,973
1105,974
1105,975
1105,976
1105,978
1105,980
1105,982
1105,984
1105,988
1105,1015
1105,1038
1105,1039
1105,1043
1105,1045
1105,1046
1105,1049
1105,1054
1105,1061
1105,1070
1105,1072
1105,1076
1105,1078
1105,1081
1105,1083
1105,1085
1105,1087
1105,1096
1105,1100
1105,1101
1105,1107
1105,1109
1105,1113
1105,1115
1105,1118
1105,1122
1105,1138
1105,1141
1105,1142
1105,1147
1105,1191
1105,1202
1105,1207
1105,1227
1105,1228
1105,1247
1105,1253
1105,1256
1105,1257
1105,1270
1105,1275
1105,1276
1105,1278
1105,1290
1105,1303
1105,1305
1105,1308
1105,1315
1105,1317
1105,1348
1105,1362
1105,1386
1105,1441
1105,1460
1105,1473
1105,1539
1105,1569
1105,1644
1105,1662
1105,1821
1105,1840
1105,1841
1105,1847
1105,1849
1105,1850
1105,1858
1105,1884
1105,1940
1106,337
1106,343
1106,378
1106,767
1106,829
1106,915
1106,924
1106,955
1106,1090
1106,1100
1106,1105
1106,1107
1106,1110
1106,1115
1106,1119
1106,1120
1106,1136
1106,1137
1106,1138
1106,1139
1106,1141
1106,1142
1106,1267
1106,1354
1106,1442
1106,1447
1106,1469
1106,1472
1106,1532
1106,1654
1106,1709
1107,97
1107,279
1107,343
1107,438
1107,443
1107,496
1107,603
1107,629
1107,637
1107,680
1107,815
1107,888
1107,899
1107,910
1107,912
1107,922
1107,973
1107,978
1107,979
1107,985
1107,1018
1107,1027
1107,1037
1107,1043
1107,1045
1107,1051
1107,1052
1107,1074
1107,1080
1107,1083
1107,1093
1107,1099
1107,1105
1107,1106
1107,1108
1107,1115
1107,1123
1107,1141
1107,1251
1107,1255
1107,1256
1107,1257
1107,1280
1107,1281
1107,1284
1107,1309
1107,1349
1107,1372
1107,1386
1107,1387
1107,1431
1107,1463
1107,1466
1107,1472
1107,1539
1107,1540
1107,1581
1107,1691
1107,1920
1108,358
1108,443
1108,1210
1108,1834
1108,1940
1109,817
1109,923
1109,1301
1109,1309
1109,1466
1109,1690
1110,320
1110,343
1110,378
1110,588
1110,610
1110,614
1110,638
1110,649
1110,663
1110,740
1110,767
1110,769
1110,815
1110,855
1110,886
1110,915
1110,933
1110,955
1110,974
1110,1003
1110,1018
1110,1030
1110,1031
1110,1060
1110,1063
1110,1065
1110,1070
1110,1071
1110,1073
1110,1081
1110,1085
1110,1087
1110,1099
1110,1100
1110,1103
1110,1106
1110,1108
1110,1113
1110,1115
1110,1118
1110,1126
1110,1136
1110,1138
1110,1139
1110,1141
1110,1142
1110,1153
1110,1154
1110,1191
1110,1209
1110,1212
1110,1224
1110,1259
1110,1278
1110,1289
1110,1309
1110,1319
1110,1357
1110,1372
1110,1373
1110,1427
1110,1451
1110,1467
1110,1469
1110,1471
1110,1474
1110,1489
1110,1581
1110,1587
1110,1600
1110,1690
1110,1768
1110,1918
1110,1949
1111,1060
1111,1113
1111,1149
1111,1158
1111,1167
1111,1180
1111,1212
1111,1307
1111,1481
1111,1538
1111,1542
1111,1631
1111,1757
1111,1770
1111,1988
1111,2039
1112,758
1112,987
1112,1018
1112,1060
1112,1085
1112,1113
1112,1158
1112,1180
1112,1486
1112,1532
1112,1588
1112,1630
1113,273
1113,751
1113,787
1113,829
1113,912
1113,915
1113,1018
1113,1082
1113,1083
1113,1084
1113,1100
1113,1103
1113,1111
1113,1112
1113,1136
1113,1209
1113,1307
1113,1447
1113,1474
1113,1476
1113,1539
1113,1691
1113,1769
1113,1917
1113,1950
1113,1967
1114,1652
1115,638
1115,767
1115,865
1115,892
1115,915
1115,1070
1115,1083
1115,1090
1115,1095
1115,1099
1115,1100
1115,1103
1115,1105
1115,1107
1115,1108
1115,1113
1115,1122
1115,1134
1115,1138
1115,1447
1115,1538
1115,1539
1115,1709
1115,1734
1116,448
1116,742
1116,752
1116,850
1116,916
1116,1014
1116,1015
1116,1020
1116,1100
1116,1114
1116,1137
1116,1242
1116,1280
1116,1291
1116,1292
1116,1489
1116,1520
1116,1687
1116,1725
1116,1864
1116,1903
1116,2038
1117,1512
1117,1516
1117,2007
1118,329
1118,519
1118,535
1118,536
1118,538
1118,713
1118,741
1118,842
1118,853
1118,871
1118,916
1118,922
1118,926
1118,930
1118,975
1118,980
1118,985
1118,1023
1118,1038
1118,1095
1118,1099
1118,1100
1118,1102
1118,1122
1118,1134
1118,1136
1118,1152
1118,1153
1118,1161
1118,1172
1118,1180
1118,1212
1118,1252
1118,1256
1118,1290
1118,1306
1118,1307
1118,1308
1118,1353
1118,1354
1118,1373
1118,1463
1118,1474
1118,1481
1118,1492
1118,1495
1118,1867
1118,1899
1118,1948
1119,86
1119,100
1119,104
1119,122
1119,156
1119,217
1119,229
1119,233
1119,266
1119,273
1119,274
1119,278
1119,315
1119,319
1119,320
1119,329
1119,378
1119,412
1119,476
1119,519
1119,587
1119,613
1119,622
1119,629
1119,630
1119,653
1119,719
1119,730
1119,740
1119,759
1119,760
1119,767
1119,791
1119,840
1119,841
1119,845
1119,847
1119,874
1119,877
1119,909
1119,919
1119,955
1119,979
1119,1060
1119,1062
1119,1070
1119,1071
1119,1081
1119,1082
1119,1084
1119,1089
1119,1093
1119,1099
1119,1100
1119,1106
1119,1115
1119,1120
1119,1126
1119,1136
1119,1142
1119,1153
1119,1165
1119,1209
1119,1224
1119,1256
1119,1267
1119,1284
1119,1285
1119,1308
1119,1344
1119,1355
1119,1368
1119,1404
1119,1431
1119,1453
1119,1471
1119,1472
1119,1482
1119,1520
1119,1532
1119,1538
1119,1580
1119,1644
1119,1709
1119,1854
1119,1884
1119,2007
1119,2019
1119,2040
1120,814
1120,815
1120,911
1120,916
1120,1102
1120,1106
1120,1111
1120,1122
1120,1126
1120,1161
1120,1175
1120,1358
1120,1447
1120,1469
1120,1481
1120,1520
1120,1532
1120,1538
1120,1654
1120,1688
1120,1706
1120,1769
1120,1988
1120,2001
1120,2007
1120,2041
1120,2042
1121,343
1121,740
1121,928
1121,1087
1121,1095
1121,1142
1121,1153
1121,1175
1121,1252
1121,1279
1121,1309
1121,1447
1121,1462
1121,1489
1121,1706
1121,1714
1121,1719
1122,34
1122,107
1122,151
1122,196
1122,197
1122,229
1122,261
1122,278
1122,279
1122,306
1122,315
1122,320
1122,329
1122,334
1122,342
1122,343
1122,378
1122,383
1122,394
1122,404
1122,405
1122,411
1122,415
1122,419
1122,426
1122,427
1122,433
1122,440
1122,441
1122,443
1122,495
1122,496
1122,509
1122,510
1122,514
1122,517
1122,519
1122,523
1122,532
1122,535
1122,538
1122,548
1122,560
1122,571
1122,588
1122,599
1122,609
1122,614
1122,626
1122,629
1122,638
1122,639
1122,642
1122,643
1122,645
1122,647
1122,658
1122,676
1122,727
1122,729
1122,730
1122,734
1122,741
1122,750
1122,751
1122,767
1122,769
1122,774
1122,780
1122,830
1122,831
1122,834
1122,835
1122,841
1122,842
1122,843
1122,844
1122,845
1122,850
1122,852
1122,853
1122,855
1122,863
1122,866
1122,868
1122,882
1122,883
1122,885
1122,887
1122,895
1122,897
1122,898
1122,900
1122,910
1122,912
1122,915
1122,916
1122,920
1122,928
1122,933
1122,959
1122,961
1122,963
1122,964
1122,966
1122,969
1122,971
1122,973
1122,974
1122,975
1122,978
1122,980
1122,981
1122,982
1122,983
1122,985
1122,986
1122,989
1122,1014
1122,1018
1122,1025
1122,1027
1122,1034
1122,1038
1122,1039
1122,1042
1122,1045
1122,1046
1122,1047
1122,1050
1122,1054
1122,1056
1122,1057
1122,1058
1122,1060
1122,1061
1122,1062
1122,1065
1122,1066
1122,1068
1122,1069
1122,1070
1122,1071
1122,1076
1122,1079
1122,1082
1122,1087
1122,1088
1122,1090
1122,1092
1122,1094
1122,1095
1122,1096
1122,1097
1122,1099
1122,1100
1122,1101
1122,1102
1122,1103
1122,1104
1122,1105
1122,1107
1122,1108
1122,1110
1122,1115
1122,1118
1122,1120
1122,1128
1122,1129
1122,1134
1122,1136
1122,1137
1122,1138
1122,1139
1122,1141
1122,1142
1122,1159
1122,1165
1122,1204
1122,1207
1122,1209
1122,1218
1122,1224
1122,1227
1122,1243
1122,1244
1122,1248
1122,1250
1122,1251
1122,1253
1122,1256
1122,1259
1122,1262
1122,1269
1122,1270
1122,1275
1122,1276
1122,1277
1122,1280
1122,1281
1122,1282
1122,1284
1122,1288
1122,1290
1122,1291
1122,1305
1122,1307
1122,1308
1122,1309
1122,1315
1122,1317
1122,1320
1122,1321
1122,1324
1122,1350
1122,1351
1122,1355
1122,1357
1122,1361
1122,1365
1122,1367
1122,1372
1122,1387
1122,1413
1122,1425
1122,1427
1122,1433
1122,1437
1122,1442
1122,1448
1122,1449
1122,1462
1122,1463
1122,1465
1122,1471
1122,1472
1122,1474
1122,1475
1122,1481
1122,1538
1122,1539
1122,1541
1122,1549
1122,1554
1122,1566
1122,1567
1122,1568
1122,1580
1122,1607
1122,1608
1122,1622
1122,1639
1122,1640
1122,1644
1122,1662
1122,1664
1122,1684
1122,1686
1122,1688
1122,1689
1122,1690
1122,1703
1122,1704
1122,1726
1122,1743
1122,1774
1122,1784
1122,1786
1122,1801
1122,1803
1122,1816
1122,1817
1122,1820
1122,1821
1122,1823
1122,1824
1122,1826
1122,1842
1122,1845
1122,1846
1122,1858
1122,1859
1122,1860
1122,1878
1122,1892
1122,1918
1122,1930
1122,1977
1122,1979
1122,2025
1122,2043
1123,641
1123,737
1123,988
1123,1089
1123,1267
1123,1447
1123,1464
1124,1354
1124,1448
1124,1490
1125,1128
1125,1212
1125,1474
1125,1941
1126,910
1126,914
1126,924
1126,1085
1126,1099
1126,1108
1126,1110
1126,1111
1126,1119
1126,1120
1126,1262
1126,1267
1126,1447
1126,1468
1126,1505
1126,1644
1126,1654
1126,1691
1126,1709
1126,1828
1127,911
1127,916
1128,1212
1128,1888
1128,1996
1129,911
1129,912
1129,955
1129,1094
1129,1113
1129,1122
1129,1133
1129,1136
1129,1172
1129,1188
1129,1290
1129,1472
1129,1481
1129,1786
1129,1992
1130,740
1130,1489
1131,813
1131,916
1131,1112
1131,1140
1131,1158
1131,1166
1131,1180
1131,1281
1131,1542
1132,102
1132,813
1132,913
1132,1069
1132,1117
1132,1135
1132,1136
1132,1150
1132,1154
1132,1158
1132,1159
1132,1167
1132,1172
1132,1267
1132,1468
1132,1489
1132,1516
1132,1532
1132,1625
1132,1734
1132,1736
1132,2046
1133,658
1133,761
1133,815
1133,829
1133,912
1133,914
1133,916
1133,977
1133,1046
1133,1085
1133,1106
1133,1112
1133,1113
1133,1117
1133,1126
1133,1132
1133,1134
1133,1139
1133,1142
1133,1143
1133,1153
1133,1209
1133,1224
1133,1252
1133,1267
1133,1291
1133,1357
1133,1460
1133,1472
1133,1484
1133,1489
1133,1495
1133,1498
1133,1520
1133,1589
1133,1827
1133,1930
1133,2042
1133,2047
1133,2048
1133,2049
1134,829
1134,925
1134,926
1134,1003
1134,1060
1134,1082
1134,1084
1134,1095
1134,1102
1134,1115
1134,1118
1134,1122
1134,1136
1134,1137
1134,1142
1134,1172
1134,1289
1134,1291
1134,1308
1134,1470
1134,1474
1134,1532
1134,1537
1134,1590
1134,1691
1134,1714
1134,1891
1135,829
1135,925
1135,1094
1135,1095
1135,1097
1135,1099
1135,1111
1135,1118
1135,1151
1135,1181
1135,1212
1135,1308
1135,1461
1135,1690
1136,72
1136,172
1136,273
1136,278
1136,320
1136,343
1136,378
1136,557
1136,588
1136,647
1136,650
1136,767
1136,780
1136,812
1136,829
1136,845
1136,866
1136,874
1136,913
1136,916
1136,919
1136,922
1136,923
1136,924
1136,925
1136,926
1136,928
1136,930
1136,933
1136,955
1136,977
1136,985
1136,1060
1136,1070
1136,1079
1136,1081
1136,1085
1136,1086
1136,1095
1136,1096
1136,1100
1136,1101
1136,1103
1136,1106
1136,1110
1136,1111
1136,1112
1136,1113
1136,1115
1136,1118
1136,1122
1136,1129
1136,1131
1136,1132
1136,1134
1136,1137
1136,1139
1136,1141
1136,1142
1136,1143
1136,1152
1136,1153
1136,1159
1136,1161
1136,1166
1136,1167
1136,1170
1136,1172
1136,1174
1136,1175
1136,1186
1136,1188
1136,1209
1136,1212
1136,1252
1136,1290
1136,1291
1136,1306
1136,1309
1136,1322
1136,1355
1136,1447
1136,1448
1136,1467
1136,1474
1136,1475
1136,1481
1136,1482
1136,1485
1136,1495
1136,1497
1136,1512
1136,1520
1136,1528
1136,1532
1136,1537
1136,1538
1136,1542
1136,1625
1136,1706
1137,320
1137,343
1137,519
1137,588
1137,647
1137,650
1137,740
1137,761
1137,815
1137,866
1137,913
1137,915
1137,926
1137,933
1137,955
1137,979
1137,1023
1137,1025
1137,1060
1137,1071
1137,1078
1137,1082
1137,1084
1137,1085
1137,1086
1137,1094
1137,1095
1137,1096
1137,1102
1137,1106
1137,1108
1137,1110
1137,1120
1137,1122
1137,1127
1137,1128
1137,1132
1137,1133
1137,1134
1137,1136
1137,1138
1137,1141
1137,1142
1137,1146
1137,1149
1137,1151
1137,1165
1137,1167
1137,1172
1137,1209
1137,1211
1137,1212
1137,1224
1137,1267
1137,1284
1137,1291
1137,1308
1137,1309
1137,1319
1137,1322
1137,1351
1137,1355
1137,1368
1137,1404
1137,1460
1137,1467
1137,1470
1137,1472
1137,1473
1137,1475
1137,1484
1137,1504
1137,1532
1137,1538
1137,1590
1137,1631
1137,1689
1137,1714
1137,1721
1137,1733
1137,1736
1137,1866
1137,1929
1137,1988
1137,2046
1138,878
1138,914
1138,923
1138,1082
1138,1083
1138,1159
1138,1388
1138,1539
1139,254
1139,378
1139,650
1139,815
1139,829
1139,911
1139,916
1139,919
1139,922
1139,931
1139,1038
1139,1060
1139,1088
1139,1090
1139,1092
1139,1099
1139,1102
1139,1113
1139,1118
1139,1122
1139,1136
1139,1142
1139,1143
1139,1144
1139,1153
1139,1158
1139,1167
1139,1212
1139,1307
1139,1354
1139,1355
1139,1357
1139,1368
1139,1481
1139,1580
1139,1713
1139,1718
1139,1736
1139,1932
1139,1940
1140,913
1140,1497
1140,1517
1141,383
1141,650
1141,772
1141,895
1141,963
1141,967
1141,982
1141,1019
1141,1038
1141,1062
1141,1074
1141,1083
1141,1090
1141,1093
1141,1094
1141,1103
1141,1106
1141,1107
1141,1111
1141,1118
1141,1122
1141,1132
1141,1159
1141,1172
1141,1254
1141,1324
1141,1448
1141,1539
1141,1541
1141,1542
1141,1581
1141,1586
1141,1720
1141,1728
1141,1735
1141,1942
1141,2007
1142,254
1142,320
1142,378
1142,504
1142,519
1142,740
1142,751
1142,780
1142,787
1142,812
1142,815
1142,911
1142,913
1142,915
1142,916
1142,917
1142,919
1142,920
1142,921
1142,922
1142,923
1142,926
1142,927
1142,933
1142,955
1142,969
1142,1003
1142,1023
1142,1036
1142,1060
1142,1069
1142,1085
1142,1087
1142,1095
1142,1099
1142,1101
1142,1103
1142,1105
1142,1106
1142,1108
1142,1110
1142,1113
1142,1116
1142,1118
1142,1120
1142,1121
1142,1122
1142,1129
1142,1131
1142,1133
1142,1134
1142,1136
1142,1139
1142,1141
1142,1143
1142,1146
1142,1152
1142,1153
1142,1155
1142,1157
1142,1158
1142,1159
1142,1161
1142,1170
1142,1172
1142,1174
1142,1182
1142,1185
1142,1186
1142,1187
1142,1189
1142,1209
1142,1289
1142,1291
1142,1304
1142,1308
1142,1355
1142,1386
1142,1442
1142,1447
1142,1467
1142,1473
1142,1474
1142,1478
1142,1481
1142,1482
1142,1484
1142,1494
1142,1495
1142,1501
1142,1505
1142,1508
1142,1512
1142,1515
1142,1520
1142,1521
1142,1528
1142,1537
1142,1542
1142,1625
1142,1644
1142,1705
1142,1706
1142,1714
1142,1715
1142,1716
1142,1718
1142,1734
1142,1757
1142,1866
1142,1881
1142,1899
1142,1940
1142,1948
1142,1950
1142,1953
1142,1971
1142,1988
1142,2003
1142,2012
1142,2019
1142,2039
1142,2049
1142,2052
1142,2053
1142,2054
1143,916
1143,923
1143,1042
1143,1126
1143,1128
1143,1144
1143,1152
1143,1153
1143,1161
1143,1174
1143,1291
1143,1358
1143,1374
1143,1460
1143,1474
1143,1480
1143,1486
1143,1495
1143,1542
1143,1565
1143,1625
1143,1631
1143,1688
1143,1721
1143,1880
1143,1948
1144,815
1144,1143
1144,1490
1145,254
1145,925
1145,1151
1145,1631
1145,2055
1146,813
1146,815
1146,913
1146,1132
1146,1140
1146,1144
1146,1150
1146,1152
1146,1169
1146,1373
1146,1376
1146,1474
1146,1542
1146,1734
1147,2004
1147,2056
1148,320
1148,389
1148,683
1148,741
1148,773
1148,812
1148,816
1148,850
1148,888
1148,916
1148,917
1148,921
1148,926
1148,928
1148,929
1148,930
1148,931
1148,977
1148,1103
1148,1132
1148,1143
1148,1150
1148,1157
1148,1160
1148,1161
1148,1164
1148,1167
1148,1168
1148,1169
1148,1170
1148,1171
1148,1173
1148,1174
1148,1175
1148,1177
1148,1179
1148,1180
1148,1182
1148,1184
1148,1185
1148,1187
1148,1189
1148,1190
1148,1224
1148,1252
1148,1308
1148,1356
1148,1485
1148,1486
1148,1492
1148,1493
1148,1494
1148,1495
1148,1499
1148,1503
1148,1505
1148,1507
1148,1511
1148,1512
1148,1513
1148,1515
1148,1517
1148,1519
1148,1521
1148,1540
1148,1542
1148,1625
1148,1716
1148,1725
1148,1938
1148,1950
1148,1951
1148,1968
1148,1991
1148,1993
1148,1998
1148,2003
1148,2004
1148,2005
1148,2042
1148,2046
1148,2050
1148,2051
1148,2057
1148,2058
1149,622
1149,750
1149,1137
1149,1589
1150,850
1150,923
1150,1131
1150,1158
1150,1496
1150,1722
1150,1867
1150,2006
1151,278
1151,519
1151,813
1151,923
1151,924
1151,928
1151,930
1151,980
1151,1023
1151,1137
1151,1159
1151,1167
1151,1172
1151,1188
1151,1200
1151,1281
1151,1358
1151,1375
1151,1386
1151,1542
1151,1625
1151,1631
1151,1879
1151,2012
1151,2028
1152,254
1152,320
1152,922
1152,1146
1152,1155
1152,1157
1152,1173
1152,1488
1152,1489
1152,1495
1152,1542
1152,1722
1152,1867
1152,1918
1152,1972
1152,1991
1153,273
1153,320
1153,490
1153,812
1153,916
1153,919
1153,929
1153,1118
1153,1121
1153,1128
1153,1143
1153,1161
1153,1485
1153,1495
1153,1501
1153,1971
1154,915
1154,1110
1155,1152
1155,1187
1155,1189
1155,1493
1156,338
1156,614
1156,656
1156,740
1156,770
1156,815
1156,910
1156,972
1156,977
1156,980
1156,985
1156,1055
1156,1080
1156,1084
1156,1087
1156,1102
1156,1167
1156,1170
1156,1267
1156,1275
1156,1302
1156,1306
1156,1353
1156,1447
1156,1448
1156,1475
1156,1484
1156,1489
1156,1517
1156,1518
1156,1949
1156,1991
1156,2004
1157,773
1157,787
1157,921
1157,926
1157,929
1157,930
1157,931
1157,1116
1157,1145
1157,1152
1157,1160
1157,1164
1157,1166
1157,1169
1157,1170
1157,1174
1157,1175
1157,1178
1157,1179
1157,1181
1157,1182
1157,1185
1157,1493
1157,1509
1157,1513
1157,1518
1157,1532
1157,1565
1157,1654
1157,1708
1157,1715
1157,1716
1157,1725
1157,1943
1157,1950
1157,1991
1157,1999
1157,2001
1157,2028
1158,650
1158,850
1158,1132
1158,1150
1158,1168
1158,1307
1158,1484
1158,1506
1158,1867
1158,2006
1158,2009
1159,919
1159,923
1159,933
1159,1122
1159,1132
1159,1138
1159,1140
1159,1158
1159,1170
1159,1474
1159,1501
1159,1542
1159,1625
1159,1941
1160,922
1160,923
1160,924
1160,929
1160,1140
1160,1151
1160,1152
1160,1154
1160,1157
1160,1166
1160,1167
1160,1169
1160,1502
1160,1506
1160,1725
1160,1726
1160,1942
1160,2009
1161,320
1161,338
1161,378
1161,557
1161,606
1161,741
1161,751
1161,780
1161,787
1161,815
1161,816
1161,829
1161,850
1161,911
1161,916
1161,919
1161,922
1161,923
1161,924
1161,925
1161,926
1161,927
1161,928
1161,930
1161,933
1161,977
1161,1060
1161,1084
1161,1097
1161,1106
1161,1112
1161,1117
1161,1118
1161,1120
1161,1121
1161,1125
1161,1131
1161,1132
1161,1136
1161,1139
1161,1140
1161,1142
1161,1150
1161,1152
1161,1157
1161,1158
1161,1159
1161,1160
1161,1162
1161,1164
1161,1166
1161,1167
1161,1169
1161,1172
1161,1174
1161,1175
1161,1185
1161,1186
1161,1189
1161,1209
1161,1212
1161,1252
1161,1291
1161,1304
1161,1309
1161,1357
1161,1358
1161,1376
1161,1447
1161,1481
1161,1484
1161,1489
1161,1490
1161,1492
1161,1495
1161,1501
1161,1502
1161,1509
1161,1512
1161,1514
1161,1518
1161,1520
1161,1537
1161,1652
1161,1707
1161,1709
1161,1715
1161,1719
1161,1723
1161,1736
1161,1757
1161,1872
1161,1899
1161,1918
1161,1942
1161,1953
1161,1971
1161,1984
1161,1991
1161,2009
1161,2012
1161,2048
1161,2061
1162,1173
1162,1503
1162,2062
1163,1815
1163,1948
1164,928
1164,930
1164,1131
1164,1140
1164,1161
1164,1167
1164,1168
1164,1178
1164,1181
1164,1312
1164,1376
1164,1484
1164,1501
1164,1715
1164,1723
1164,1736
1164,1991
1164,2063
1165,132
1165,229
1165,278
1165,320
1165,329
1165,331
1165,343
1165,430
1165,433
1165,519
1165,537
1165,547
1165,571
1165,588
1165,599
1165,614
1165,629
1165,729
1165,732
1165,740
1165,761
1165,770
1165,771
1165,780
1165,817
1165,839
1165,842
1165,874
1165,880
1165,899
1165,910
1165,913
1165,915
1165,923
1165,926
1165,928
1165,929
1165,955
1165,967
1165,969
1165,986
1165,1023
1165,1025
1165,1028
1165,1031
1165,1033
1165,1036
1165,1038
1165,1043
1165,1046
1165,1049
1165,1052
1165,1057
1165,1062
1165,1065
1165,1071
1165,1081
1165,1085
1165,1086
1165,1090
1165,1092
1165,1095
1165,1096
1165,1099
1165,1100
1165,1110
1165,1113
1165,1117
1165,1119
1165,1122
1165,1126
1165,1132
1165,1133
1165,1134
1165,1136
1165,1137
1165,1138
1165,1139
1165,1141
1165,1142
1165,1150
1165,1151
1165,1159
1165,1162
1165,1167
1165,1224
1165,1248
1165,1252
1165,1256
1165,1258
1165,1266
1165,1267
1165,1286
1165,1289
1165,1304
1165,1305
1165,1306
1165,1307
1165,1309
1165,1322
1165,1348
1165,1368
1165,1372
1165,1392
1165,1404
1165,1447
1165,1448
1165,1449
1165,1451
1165,1454
1165,1467
1165,1470
1165,1471
1165,1472
1165,1474
1165,1475
1165,1482
1165,1486
1165,1512
1165,1520
1165,1579
1165,1625
1165,1653
1165,1684
1165,1690
1165,1691
1165,1705
1165,1743
1165,1823
1165,1867
1165,1872
1165,1932
1166,813
1166,850
1166,919
1166,929
1166,955
1166,1131
1166,1152
1166,1157
1166,1169
1166,1224
1166,1292
1166,1725
1166,1827
1166,1993
1166,1998
1166,2049
1166,2055
1166,2064
1167,650
1167,813
1167,913
1167,924
1167,1111
1167,1164
1167,1166
1167,1169
1167,1185
1167,1212
1167,1474
1167,1480
1167,1484
1167,1505
1167,1725
1168,931
1168,1131
1168,1164
1168,1180
1168,1867
1168,1943
1169,813
1169,815
1169,1140
1169,1160
1169,1166
1169,1167
1169,1184
1169,1580
1169,1722
1169,1867
1169,1903
1170,373
1170,816
1170,922
1170,930
1170,931
1170,1152
1170,1158
1170,1160
1170,1161
1170,1169
1170,1172
1170,1177
1170,1180
1170,1182
1170,1185
1170,1308
1170,1376
1170,1506
1170,1508
1170,1512
1170,1517
1170,1532
1170,1625
1170,1715
1170,1951
1170,1984
1170,2060
1171,931
1171,1131
1171,1185
1171,1376
1172,923
1172,924
1172,926
1172,1132
1172,1167
1172,1376
1172,1580
1172,1724
1172,2028
1172,2041
1173,1079
1173,1162
1173,1484
1174,338
1174,740
1174,765
1174,767
1174,787
1174,916
1174,926
1174,933
1174,973
1174,980
1174,1039
1174,1054
1174,1060
1174,1076
1174,1097
1174,1103
1174,1108
1174,1110
1174,1118
1174,1132
1174,1135
1174,1136
1174,1137
1174,1139
1174,1142
1174,1146
1174,1164
1174,1186
1174,1209
1174,1210
1174,1307
1174,1309
1174,1358
1174,1364
1174,1372
1174,1463
1174,1471
1174,1474
1174,1482
1174,1495
1174,1496
1174,1501
1174,1521
1174,1537
1174,1743
1174,1867
1174,1950
1174,1951
1174,1990
1174,2034
1175,320
1175,811
1175,924
1175,926
1175,931
1175,1057
1175,1084
1175,1085
1175,1095
1175,1120
1175,1121
1175,1136
1175,1157
1175,1161
1175,1163
1175,1164
1175,1173
1175,1174
1175,1176
1175,1179
1175,1180
1175,1181
1175,1182
1175,1183
1175,1185
1175,1187
1175,1351
1175,1376
1175,1387
1175,1472
1175,1494
1175,1507
1175,1512
1175,1516
1175,1541
1175,1691
1175,1707
1175,1716
1175,1724
1175,1725
1175,1867
1175,1984
1175,1997
1175,1999
1175,2060
1176,1521
1177,1135
1177,1500
1177,1736
1178,1166
1178,1173
1178,1716
1178,1968
1178,2065
1179,373
1179,1509
1180,1358
1180,1497
1181,1164
1181,1184
1181,1358
1181,1376
1181,1507
1181,1517
1181,1993
1181,2002
1182,643
1182,923
1182,927
1182,929
1182,930
1182,1162
1182,1187
1182,1513
1182,1532
1182,1724
1182,1899
1182,1998
1182,2056
1183,1726
1184,850
1184,924
1184,1174
1184,1177
1184,1183
1184,1499
1184,1951
1184,2010
1184,2056
1185,850
1185,929
1185,1152
1185,1167
1185,1169
1185,1171
1185,1715
1185,1726
1185,1867
1185,2050
1186,278
1186,407
1186,423
1186,433
1186,519
1186,622
1186,658
1186,740
1186,741
1186,780
1186,813
1186,829
1186,833
1186,850
1186,869
1186,916
1186,919
1186,922
1186,924
1186,926
1186,933
1186,980
1186,1017
1186,1060
1186,1100
1186,1103
1186,1111
1186,1113
1186,1118
1186,1125
1186,1128
1186,1131
1186,1132
1186,1136
1186,1137
1186,1141
1186,1142
1186,1143
1186,1151
1186,1157
1186,1166
1186,1209
1186,1212
1186,1252
1186,1267
1186,1289
1186,1291
1186,1292
1186,1304
1186,1307
1186,1309
1186,1453
1186,1471
1186,1474
1186,1475
1186,1481
1186,1482
1186,1487
1186,1488
1186,1490
1186,1491
1186,1496
1186,1512
1186,1532
1186,1709
1186,1735
1186,1737
1186,1757
1186,1828
1186,1903
1186,1941
1187,1182
1187,1358
1187,1881
1188,614
1188,787
1188,813
1188,815
1188,833
1188,916
1188,923
1188,926
1188,928
1188,977
1188,1125
1188,1126
1188,1129
1188,1133
1188,1135
1188,1136
1188,1141
1188,1146
1188,1152
1188,1153
1188,1157
1188,1164
1188,1167
1188,1172
1188,1175
1188,1176
1188,1185
1188,1187
1188,1358
1188,1512
1188,1532
1188,1716
1188,1942
1188,1943
1188,1992
1188,2028
1188,2034
1188,2059
1189,645
1189,1190
1189,1519
1189,2003
1189,2004
1190,922
1190,1189
1190,1953
1190,2003
1191,213
1191,225
1191,311
1191,329
1191,341
1191,343
1191,558
1191,573
1191,664
1191,749
1191,770
1191,771
1191,874
1191,897
1191,900
1191,961
1191,968
1191,978
1191,989
1191,1030
1191,1043
1191,1052
1191,1060
1191,1065
1191,1073
1191,1082
1191,1102
1191,1110
1191,1114
1191,1115
1191,1204
1191,1247
1191,1251
1191,1255
1191,1277
1191,1281
1191,1285
1191,1307
1191,1309
1191,1321
1191,1676
1191,1967
1192,83
1192,569
1193,264
1193,380
1193,669
1193,685
1194,83
1194,241
1194,264
1194,636
1194,823
1194,1611
1195,277
1195,468
1195,663
1195,1591
1196,96
1196,117
1196,135
1196,158
1196,333
1196,351
1196,354
1196,369
1196,678
1197,152
1197,215
1197,227
1197,669
1198,502
1199,705
1200,311
1200,397
1200,604
1200,724
1201,429
1201,434
1201,507
1201,746
1201,901
1201,1610
1202,86
1202,320
1202,329
1202,366
1202,378
1202,404
1202,517
1202,539
1202,642
1202,740
1202,767
1202,840
1202,874
1202,916
1202,920
1202,924
1202,926
1202,933
1202,955
1202,961
1202,969
1202,973
1202,980
1202,1068
1202,1084
1202,1085
1202,1093
1202,1095
1202,1100
1202,1105
1202,1106
1202,1108
1202,1119
1202,1121
1202,1124
1202,1136
1202,1141
1202,1142
1202,1209
1202,1256
1202,1267
1202,1271
1202,1289
1202,1353
1202,1354
1202,1447
1202,1498
1202,1652
1202,1654
1202,1719
1202,2023
1203,1061
1204,443
1204,887
1204,1019
1204,1063
1204,1237
1204,1579
1204,1824
1205,86
1205,1064
1205,1065
1206,684
1206,769
1206,1436
1206,1687
1206,2027
1207,417
1207,427
1207,441
1207,534
1207,680
1207,855
1207,976
1207,984
1207,985
1207,1063
1207,1064
1207,1237
1207,1255
1207,1260
1207,1397
1207,1445
1207,1755
1207,1762
1207,1859
1207,2015
1208,886
1208,1059
1208,1098
1209,273
1209,378
1209,389
1209,647
1209,767
1209,829
1209,910
1209,916
1209,922
1209,1060
1209,1070
1209,1082
1209,1085
1209,1091
1209,1094
1209,1108
1209,1110
1209,1113
1209,1118
1209,1119
1209,1133
1209,1136
1209,1142
1209,1174
1209,1186
1209,1278
1209,1307
1209,1474
1209,1481
1209,1482
1209,1589
1209,1590
1209,1705
1209,2049
1210,989
1210,1087
1210,1108
1210,1255
1210,1260
1210,1261
1211,812
1211,1099
1211,1388
1211,1688
1212,751
1212,769
1212,915
1212,919
1212,1111
1212,1113
1212,1128
1212,1358
1212,1474
1212,1532
1212,1542
1212,1734
1212,1890
1213,86
1213,924
1213,1903
1214,316
1214,372
1215,560
1215,562
1215,597
1215,884
1215,887
1215,1907
1216,55
1216,124
1216,144
1216,212
1216,249
1216,282
1216,290
1216,326
1216,356
1216,359
1216,384
1216,396
1216,458
1216,460
1216,468
1216,471
1216,482
1216,489
1216,493
1216,560
1216,567
1216,656
1216,663
1216,792
1216,820
1216,951
1216,952
1216,1675
1217,312
1217,822
1217,947
1217,1330
1218,571
1218,831
1218,887
1218,1019
1218,1020
1218,1774
1219,42
1219,312
1219,357
1219,358
1219,366
1219,400
1219,404
1219,407
1219,411
1219,420
1219,422
1219,436
1219,460
1219,464
1219,469
1219,470
1219,505
1219,513
1219,515
1219,521
1219,527
1219,530
1219,534
1219,537
1219,556
1219,571
1219,574
1219,581
1219,585
1219,586
1219,589
1219,593
1219,604
1219,613
1219,619
1219,655
1219,715
1219,728
1219,734
1219,747
1219,760
1219,796
1219,807
1219,817
1219,827
1219,830
1219,854
1219,863
1219,867
1219,901
1219,1119
1219,1218
1219,1222
1219,1223
1219,1264
1219,1299
1219,1385
1219,1398
1219,1473
1219,1643
1219,1662
1219,1681
1219,1695
1219,1701
1219,1761
1219,1882
1219,1904
1220,4
1220,23
1220,25
1220,28
1220,37
1220,52
1220,68
1220,94
1220,112
1220,156
1220,164
1220,238
1220,260
1220,266
1220,280
1220,282
1220,324
1220,366
1220,370
1220,407
1220,409
1220,415
1220,460
1220,471
1220,489
1220,508
1220,510
1220,516
1220,520
1220,559
1220,572
1220,606
1220,710
1220,791
1220,807
1220,952
1220,1007
1220,1219
1220,1311
1220,1328
1220,1332
1221,789
1221,1887
1222,312
1222,366
1222,403
1222,469
1222,497
1222,503
1222,505
1222,507
1222,510
1222,511
1222,584
1222,715
1222,726
1222,736
1222,744
1222,793
1222,830
1222,1359
1223,304
1223,417
1223,423
1223,427
1223,493
1223,496
1223,516
1223,534
1223,595
1223,596
1223,597
1223,680
1223,901
1223,952
1223,962
1223,1236
1223,1611
1223,1694
1223,1794
1223,1889
1223,1906
1224,86
1224,107
1224,136
1224,172
1224,176
1224,191
1224,196
1224,229
1224,278
1224,301
1224,315
1224,320
1224,338
1224,343
1224,350
1224,378
1224,423
1224,425
1224,430
1224,473
1224,475
1224,482
1224,489
1224,492
1224,495
1224,496
1224,504
1224,519
1224,538
1224,547
1224,557
1224,580
1224,604
1224,610
1224,613
1224,622
1224,629
1224,630
1224,711
1224,719
1224,729
1224,730
1224,740
1224,741
1224,753
1224,755
1224,770
1224,772
1224,773
1224,780
1224,787
1224,812
1224,813
1224,814
1224,815
1224,817
1224,833
1224,843
1224,850
1224,851
1224,855
1224,865
1224,866
1224,868
1224,869
1224,910
1224,911
1224,913
1224,917
1224,919
1224,921
1224,922
1224,923
1224,926
1224,927
1224,928
1224,930
1224,931
1224,955
1224,958
1224,977
1224,978
1224,980
1224,1021
1224,1025
1224,1030
1224,1040
1224,1049
1224,1053
1224,1054
1224,1057
1224,1064
1224,1067
1224,1069
1224,1071
1224,1088
1224,1094
1224,1099
1224,1102
1224,1106
1224,1110
1224,1113
1224,1117
1224,1118
1224,1120
1224,1121
1224,1122
1224,1125
1224,1127
1224,1129
1224,1133
1224,1134
1224,1137
1224,1139
1224,1140
1224,1141
1224,1142
1224,1143
1224,1147
1224,1148
1224,1149
1224,1152
1224,1153
1224,1154
1224,1156
1224,1157
1224,1158
1224,1160
1224,1162
1224,1163
1224,1164
1224,1165
1224,1166
1224,1167
1224,1169
1224,1170
1224,1174
1224,1175
1224,1176
1224,1181
1224,1182
1224,1185
1224,1186
1224,1187
1224,1188
1224,1189
1224,1190
1224,1219
1224,1245
1224,1250
1224,1252
1224,1256
1224,1259
1224,1262
1224,1267
1224,1271
1224,1272
1224,1275
1224,1291
1224,1301
1224,1304
1224,1308
1224,1309
1224,1349
1224,1354
1224,1366
1224,1368
1224,1372
1224,1399
1224,1435
1224,1441
1224,1447
1224,1448
1224,1451
1224,1456
1224,1458
1224,1460
1224,1464
1224,1472
1224,1475
1224,1480
1224,1481
1224,1483
1224,1484
1224,1486
1224,1489
1224,1490
1224,1493
1224,1495
1224,1497
1224,1499
1224,1506
1224,1508
1224,1512
1224,1514
1224,1515
1224,1516
1224,1517
1224,1518
1224,1520
1224,1521
1224,1528
1224,1532
1224,1538
1224,1542
1224,1580
1224,1612
1224,1625
1224,1631
1224,1632
1224,1653
1224,1654
1224,1662
1224,1705
1224,1706
1224,1707
1224,1708
1224,1709
1224,1713
1224,1715
1224,1716
1224,1719
1224,1723
1224,1725
1224,1746
1224,1753
1224,1771
1224,1820
1224,1822
1224,1823
1224,1845
1224,1866
1224,1872
1224,1880
1224,1881
1224,1884
1224,1899
1224,1903
1224,1925
1224,1940
1224,1943
1224,1948
1224,1949
1224,1952
1224,1984
1224,1991
1224,1992
1224,1997
1224,2000
1224,2001
1224,2002
1224,2004
1224,2027
1224,2039
1224,2047
1224,2060
1224,2066
1224,2067
1224,2068
1224,2069
1225,203
1225,282
1225,1416
1225,1616
1226,195
1226,397
1226,417
1226,534
1226,556
1226,562
1226,582
1226,585
1226,724
1226,727
1226,743
1226,747
1226,994
1226,1216
1226,1390
1226,1592
1226,1760
1227,245
1227,438
1227,482
1227,631
1227,729
1227,883
1227,886
1227,900
1227,963
1227,968
1227,1257
1227,1321
1227,1415
1227,1422
1227,1918
1227,2018
1228,205
1228,425
1228,538
1228,639
1228,772
1228,841
1228,896
1228,963
1228,967
1228,968
1228,981
1228,982
1228,985
1228,1046
1228,1049
1228,1280
1228,1413
1228,1542
1229,152
1229,304
1229,507
1229,560
1229,723
1229,1297
1229,1382
1230,112
1230,210
1230,211
1230,227
1230,303
1230,393
1230,1000
1231,456
1231,463
1232,134
1232,158
1232,191
1232,228
1232,304
1232,341
1232,343
1232,397
1232,398
1232,404
1232,429
1232,492
1232,502
1232,513
1232,713
1232,736
1232,794
1232,830
1232,908
1232,1057
1232,1266
1232,1602
1233,261
1233,534
1233,746
1233,948
1234,418
1234,562
1234,645
1234,741
1234,1237
1234,1345
1235,436
1235,600
1235,872
1235,1807
1235,1912
1236,430
1236,512
1236,595
1236,597
1236,1223
1236,1633
1237,616
1237,741
1237,757
1237,771
1237,842
1237,843
1237,866
1237,887
1237,900
1237,975
1237,979
1237,981
1237,985
1237,987
1237,1019
1237,1039
1237,1047
1237,1064
1237,1065
1237,1204
1237,1207
1237,1234
1237,1255
1237,1260
1237,1261
1237,1272
1237,1662
1238,761
1239,324
1239,556
1239,764
1239,841
1240,342
1240,397
1240,420
1240,440
1240,599
1240,631
1240,639
1240,640
1240,684
1240,732
1240,760
1240,837
1240,841
1240,846
1240,876
1240,880
1240,981
1240,1362
1240,1434
1241,1362
1241,1436
1242,616
1242,867
1242,1314
1243,616
1243,631
1243,684
1243,752
1243,763
1244,205
1244,394
1244,416
1244,599
1244,623
1244,645
1244,841
1244,846
1244,882
1244,885
1244,887
1244,978
1244,981
1244,1023
1244,1249
1244,1313
1244,1728
1244,1784
1245,1253
1246,1163
1246,1443
1246,1950
1247,245
1247,599
1247,623
1247,656
1247,752
1247,764
1247,837
1247,843
1247,866
1247,867
1247,868
1247,1018
1247,1026
1247,1314
1247,1423
1247,1439
1247,1441
1247,1524
1247,1569
1247,1639
1247,1933
1248,1281
1248,1308
1248,1589
1248,1884
1248,1941
1249,750
1249,965
1249,1244
1249,1256
1250,433
1250,535
1250,760
1250,853
1250,899
1250,1325
1250,1622
1251,337
1251,427
1251,444
1251,550
1251,571
1251,711
1251,854
1251,857
1251,882
1251,963
1251,967
1251,974
1251,979
1251,981
1251,985
1251,986
1251,1017
1251,1019
1251,1045
1251,1076
1251,1095
1251,1257
1251,1567
1251,1590
1251,1774
1252,557
1252,812
1252,813
1252,916
1252,917
1252,919
1252,923
1252,926
1252,928
1252,929
1252,977
1252,1045
1252,1057
1252,1066
1252,1084
1252,1085
1252,1117
1252,1118
1252,1121
1252,1131
1252,1137
1252,1140
1252,1146
1252,1152
1252,1153
1252,1154
1252,1157
1252,1159
1252,1161
1252,1164
1252,1166
1252,1169
1252,1172
1252,1177
1252,1181
1252,1212
1252,1292
1252,1309
1252,1484
1252,1487
1252,1495
1252,1501
1252,1506
1252,1511
1252,1512
1252,1513
1252,1515
1252,1532
1252,1538
1252,1542
1252,1625
1252,1725
1252,1932
1252,1998
1252,1999
1252,2003
1252,2009
1252,2028
1252,2048
1252,2055
1252,2070
1252,2071
1253,535
1253,963
1253,967
1253,1245
1253,1259
1253,1413
1253,1774
1254,342
1254,597
1254,831
1254,852
1254,855
1254,963
1254,969
1254,1034
1254,1038
1254,1325
1254,1704
1254,1744
1254,1816
1255,42
1255,337
1255,422
1255,523
1255,534
1255,603
1255,656
1255,762
1255,770
1255,842
1255,887
1255,897
1255,961
1255,981
1255,983
1255,985
1255,1030
1255,1049
1255,1062
1255,1065
1255,1076
1255,1077
1255,1107
1255,1210
1255,1237
1255,1249
1255,1259
1255,1260
1255,1261
1255,1274
1255,1282
1255,1320
1255,1322
1255,1349
1255,1372
1255,1448
1255,1570
1255,1775
1255,1824
1255,1884
1255,1926
1255,2033
1256,496
1256,629
1256,831
1256,855
1256,883
1256,986
1256,1023
1256,1027
1256,1030
1256,1044
1256,1045
1256,1047
1256,1049
1256,1105
1256,1249
1256,1276
1256,1306
1256,1319
1256,1367
1256,1531
1256,1549
1256,1590
1256,1740
1256,1786
1257,97
1257,261
1257,427
1257,495
1257,508
1257,560
1257,597
1257,609
1257,642
1257,645
1257,727
1257,846
1257,853
1257,855
1257,886
1257,890
1257,963
1257,981
1257,986
1257,1047
1257,1227
1257,1251
1257,1253
1257,1684
1258,236
1258,261
1258,562
1258,747
1258,794
1258,1676
1259,97
1259,495
1259,639
1259,752
1259,760
1259,875
1259,887
1259,888
1259,981
1259,1019
1259,1253
1259,1255
1259,1260
1259,1261
1259,1427
1259,1445
1259,1571
1259,1572
1259,1703
1259,1823
1259,1914
1260,496
1260,517
1260,594
1260,603
1260,635
1260,656
1260,680
1260,749
1260,842
1260,875
1260,883
1260,887
1260,961
1260,968
1260,983
1260,984
1260,985
1260,1019
1260,1046
1260,1049
1260,1050
1260,1057
1260,1064
1260,1065
1260,1076
1260,1207
1260,1210
1260,1237
1260,1255
1260,1259
1260,1261
1260,1274
1260,1321
1260,1322
1260,1350
1260,1554
1260,1567
1260,1570
1260,1801
1260,1824
1260,1851
1260,1884
1260,1926
1260,2015
1261,496
1261,535
1261,656
1261,680
1261,842
1261,887
1261,888
1261,961
1261,968
1261,983
1261,984
1261,985
1261,987
1261,1019
1261,1046
1261,1049
1261,1050
1261,1057
1261,1061
1261,1065
1261,1076
1261,1210
1261,1255
1261,1259
1261,1260
1261,1274
1261,1321
1261,1322
1261,1349
1261,1350
1261,1372
1261,1567
1261,1570
1261,1590
1261,1745
1261,1801
1261,1824
1261,1851
1261,1871
1261,1883
1261,1926
1261,1976
1262,562
1263,167
1264,702
1264,1390
1265,738
1265,1359
1266,151
1266,261
1266,290
1266,430
1266,445
1266,547
1266,597
1266,685
1266,750
1266,752
1266,758
1266,885
1266,886
1266,963
1266,968
1266,971
1266,1033
1266,1038
1266,1275
1266,1382
1266,1531
1266,1728
1266,1729
1266,1793
1266,1889
1267,378
1267,815
1267,882
1267,922
1267,1062
1267,1132
1267,1136
1267,1186
1267,1224
1267,1368
1267,1372
1267,1464
1267,1482
1267,1485
1267,1512
1267,1532
1267,1538
1267,1941
1267,2001
1268,342
1268,443
1268,444
1268,495
1268,519
1268,620
1268,623
1268,853
1268,868
1268,874
1268,893
1268,899
1268,900
1268,963
1268,978
1268,1014
1268,1023
1268,1033
1268,1037
1268,1075
1268,1078
1268,1272
1268,1317
1268,1348
1269,400
1269,420
1269,438
1269,441
1269,537
1269,605
1269,612
1269,621
1269,711
1269,719
1269,750
1269,753
1269,1552
1269,1632
1269,1640
1269,1754
1269,1771
1269,1798
1269,1987
1270,441
1270,729
1270,772
1270,842
1270,846
1270,893
1270,895
1270,896
1270,965
1270,966
1270,1034
1270,1648
1271,164
1271,254
1271,483
1271,519
1271,588
1271,639
1271,741
1271,787
1271,829
1271,850
1271,917
1271,919
1271,923
1271,976
1271,1033
1271,1093
1271,1098
1271,1100
1271,1120
1271,1136
1271,1141
1271,1152
1271,1153
1271,1161
1271,1163
1271,1166
1271,1188
1271,1209
1271,1224
1271,1279
1271,1291
1271,1354
1271,1366
1271,1506
1271,1512
1271,1588
1271,1656
1271,1708
1271,1725
1271,1842
1271,1948
1271,1953
1271,1984
1271,2071
1272,713
1272,965
1272,1023
1272,1237
1272,1268
1272,1320
1272,1571
1272,1832
1273,97
1273,637
1273,1085
1273,1371
1273,1719
1273,1734
1273,1880
1274,97
1274,1050
1274,1260
1274,1261
1274,1871
1275,1945
1276,205
1276,225
1276,378
1276,496
1276,538
1276,580
1276,588
1276,629
1276,680
1276,854
1276,856
1276,875
1276,887
1276,967
1276,975
1276,979
1276,982
1276,984
1276,1019
1276,1030
1276,1039
1276,1042
1276,1043
1276,1045
1276,1046
1276,1047
1276,1059
1276,1060
1276,1105
1276,1256
1276,1308
1276,1320
1276,1413
1276,1571
1276,1911
1276,1936
1276,1981
1276,2072
1277,245
1277,898
1277,962
1277,976
1277,984
1277,985
1277,1059
1277,1077
1278,961
1278,979
1278,1079
1278,1105
1278,1257
1278,1281
1278,1449
1279,97
1279,257
1279,283
1279,494
1279,740
1279,758
1279,770
1279,842
1279,908
1279,915
1279,1055
1279,1057
1279,1271
1279,1349
1279,1690
1280,97
1280,445
1280,496
1280,588
1280,680
1280,749
1280,910
1280,963
1280,968
1280,975
1280,984
1280,1019
1280,1031
1280,1063
1280,1066
1280,1068
1280,1079
1280,1107
1280,1228
1280,1277
1280,1305
1280,1322
1280,1371
1280,1448
1280,1824
1280,1851
1280,1883
1280,1897
1281,1305
1281,1851
1282,425
1282,427
1282,461
1282,609
1282,621
1282,642
1282,645
1282,835
1282,855
1282,900
1282,961
1282,964
1282,1057
1282,1255
1282,1349
1282,1555
1282,1571
1282,1834
1283,1353
1284,1077
1284,1647
1284,1823
1285,329
1285,740
1285,829
1285,910
1285,1029
1285,1062
1285,1071
1285,1075
1285,1076
1285,1082
1285,1085
1285,1087
1285,1107
1285,1120
1285,1134
1285,1137
1285,1138
1285,1174
1285,1191
1285,1284
1285,1354
1285,1357
1285,1404
1285,1581
1285,1691
1285,1828
1285,1929
1286,638
1286,909
1286,1056
1286,1062
1286,1371
1286,1571
1286,1933
1287,97
1287,535
1287,1284
1287,1685
1288,97
1288,405
1288,638
1288,767
1288,768
1288,829
1288,842
1288,866
1288,915
1288,988
1288,1025
1288,1048
1288,1053
1288,1062
1288,1066
1288,1072
1288,1075
1288,1079
1288,1080
1288,1082
1288,1086
1288,1096
1288,1259
1288,1277
1288,1349
1288,1353
1288,1372
1288,1444
1288,1447
1288,1570
1288,1571
1288,1587
1288,1664
1288,1685
1288,1891
1289,320
1289,483
1289,751
1289,915
1289,926
1289,1085
1289,1099
1289,1101
1289,1103
1289,1106
1289,1110
1289,1132
1289,1134
1289,1149
1289,1161
1289,1175
1289,1186
1289,1210
1289,1290
1289,1308
1289,1388
1289,1470
1289,1473
1289,1474
1289,1590
1289,1644
1289,1652
1289,1726
1289,1734
1289,1929
1289,1965
1289,2019
1289,2067
1290,1083
1290,1099
1290,1386
1290,1539
1290,1691
1291,495
1291,519
1291,882
1291,900
1291,963
1291,1021
1291,1062
1291,1116
1291,1137
1291,1319
1291,1460
1292,504
1292,912
1292,1099
1292,1102
1292,1166
1292,1210
1292,1458
1292,1473
1292,1475
1292,1486
1292,1903
1292,1984
1292,1990
1293,81
1293,137
1293,242
1293,351
1293,367
1293,385
1293,825
1294,101
1294,175
1294,668
1295,274
1295,300
1295,301
1295,370
1295,942
1295,1420
1295,1551
1296,257
1296,331
1296,412
1296,425
1296,428
1296,430
1296,444
1296,495
1296,519
1296,538
1296,539
1296,547
1296,560
1296,571
1296,588
1296,615
1296,639
1296,656
1296,661
1296,753
1296,761
1296,854
1296,855
1296,881
1296,907
1296,936
1296,1041
1296,1366
1296,1559
1296,1654
1296,1767
1296,1819
1296,1884
1297,860
1297,1229
1298,710
1299,213
1299,240
1299,398
1299,404
1299,492
1299,579
1300,261
1300,511
1300,571
1300,689
1300,739
1300,744
1300,746
1300,798
1300,1399
1300,1608
1301,176
1301,260
1301,378
1301,494
1301,588
1301,702
1301,711
1301,734
1301,740
1301,1109
1301,1113
1301,1128
1301,1211
1301,1353
1301,1355
1301,1659
1302,104
1302,556
1302,638
1302,908
1302,961
1302,967
1302,986
1302,1454
1302,1588
1303,846
1303,883
1303,897
1303,1027
1304,378
1304,871
1304,916
1304,922
1304,924
1304,1069
1304,1102
1304,1120
1304,1138
1304,1142
1304,1224
1304,1291
1304,1457
1304,1467
1304,1481
1304,1486
1304,1501
1304,1520
1304,1918
1305,603
1305,968
1305,1052
1305,1077
1305,1280
1305,1281
1305,1446
1305,2073
1306,278
1306,338
1306,342
1306,609
1306,642
1306,656
1306,658
1306,727
1306,741
1306,749
1306,752
1306,765
1306,815
1306,845
1306,855
1306,879
1306,892
1306,897
1306,909
1306,925
1306,955
1306,961
1306,963
1306,978
1306,989
1306,1032
1306,1038
1306,1039
1306,1049
1306,1052
1306,1075
1306,1076
1306,1087
1306,1094
1306,1096
1306,1104
1306,1118
1306,1136
1306,1142
1306,1156
1306,1256
1306,1272
1306,1278
1306,1280
1306,1447
1306,1448
1306,1450
1306,1505
1306,1653
1306,1708
1306,1713
1306,1743
1306,1824
1306,1890
1306,2026
1307,988
1307,1113
1307,1451
1307,1731
1308,378
1308,647
1308,767
1308,926
1308,1025
1308,1082
1308,1087
1308,1088
1308,1093
1308,1095
1308,1134
1308,1276
1308,1320
1308,1363
1308,1451
1308,1589
1308,1687
1308,1989
1308,2034
1309,119
1309,320
1309,343
1309,647
1309,729
1309,741
1309,817
1309,839
1309,866
1309,892
1309,922
1309,973
1309,1033
1309,1049
1309,1058
1309,1120
1309,1121
1309,1122
1309,1136
1309,1157
1309,1165
1309,1171
1309,1174
1309,1184
1309,1187
1309,1224
1309,1353
1309,1365
1309,1445
1309,1448
1309,1462
1309,1463
1309,1481
1309,1482
1309,1495
1309,1510
1309,1511
1309,1513
1309,1516
1309,1517
1309,1537
1309,1541
1309,1542
1309,1589
1309,1686
1309,1689
1309,1713
1309,1718
1309,1724
1309,1731
1309,1738
1309,1803
1309,1853
1309,1867
1309,1881
1309,1903
1309,1951
1309,2002
1309,2013
1310,282
1311,174
1311,725
1311,792
1312,1184
1313,1244
1313,1433
1314,616
1314,628
1314,684
1314,876
1314,1242
1315,516
1316,844
1316,1244
1316,1321
1317,236
1317,383
1317,560
1317,589
1317,620
1317,867
1317,873
1317,879
1317,965
1317,987
1317,1027
1317,1029
1317,1268
1317,1321
1317,1325
1317,1367
1317,1646
1318,853
1318,1524
1318,1921
1319,762
1319,764
1319,851
1319,966
1319,1017
1319,1030
1320,547
1320,597
1320,729
1320,740
1320,866
1320,899
1320,915
1320,965
1320,966
1320,968
1320,971
1320,975
1320,976
1320,978
1320,982
1320,985
1320,987
1320,1038
1320,1057
1320,1062
1320,1063
1320,1075
1320,1080
1320,1095
1320,1249
1320,1255
1320,1270
1320,1272
1320,1276
1320,1308
1320,1350
1320,1445
1320,1448
1320,1520
1320,1542
1320,1684
1320,1844
1321,225
1321,395
1321,422
1321,427
1321,443
1321,479
1321,521
1321,550
1321,630
1321,631
1321,632
1321,638
1321,645
1321,680
1321,684
1321,771
1321,843
1321,876
1321,961
1321,976
1321,984
1321,985
1321,987
1321,1024
1321,1048
1321,1052
1321,1059
1321,1065
1321,1227
1321,1244
1321,1260
1321,1261
1321,1316
1321,1317
1321,1318
1321,1369
1321,1572
1321,1618
1321,1639
1321,1646
1321,1762
1321,1865
1321,1983
1321,2020
1321,2074
1322,842
1322,1260
1322,1261
1323,281
1323,886
1324,281
1324,802
1324,912
1324,989
1324,1055
1324,1210
1324,1308
1324,1356
1324,1687
1325,419
1325,431
1325,434
1325,570
1325,680
1325,753
1325,846
1325,851
1325,873
1325,887
1325,892
1325,894
1325,956
1325,963
1325,966
1325,970
1325,989
1325,1019
1325,1038
1325,1072
1325,1075
1325,1250
1325,1254
1325,1317
1325,1322
1325,1445
1325,1752
1325,1877
1326,107
1326,152
1326,194
1326,195
1326,227
1326,303
1326,305
1326,457
1326,462
1326,463
1326,622
1326,707
1326,848
1326,940
1327,1527
1328,158
1328,164
1328,247
1328,425
1328,448
1328,487
1328,560
1328,1220
1329,310
1329,985
1330,110
1330,247
1330,330
1330,404
1330,411
1330,555
1330,585
1330,604
1330,723
1330,788
1330,796
1330,807
1330,1217
1330,1404
1331,437
1331,439
1331,537
1331,824
1331,1823
1332,110
1332,403
1332,584
1332,585
1332,607
1332,649
1333,111
1333,199
1333,308
1333,466
1333,569
1333,664
1333,669
1333,938
1333,941
1333,1526
1334,663
1335,111
1335,183
1335,214
1335,257
1335,368
1335,417
1335,481
1335,491
1335,622
1335,995
1335,1380
1336,483
1337,725
1337,1222
1337,1672
1338,167
1338,325
1338,339
1339,8
1339,113
1339,164
1339,242
1339,244
1339,272
1339,293
1339,350
1339,380
1339,462
1339,572
1339,665
1339,720
1339,944
1340,162
1341,102
1341,117
1341,131
1341,158
1341,250
1341,367
1341,384
1341,414
1341,417
1341,463
1341,901
1342,113
1342,251
1342,252
1342,365
1342,673
1343,300
1344,213
1344,267
1344,272
1344,387
1344,905
1345,785
1346,413
1346,714
1346,786
1346,951
1347,594
1347,965
1347,969
1347,1207
1347,1766
1348,512
1348,839
1348,1617
1349,134
1349,188
1349,193
1349,221
1349,297
1349,300
1349,307
1349,378
1349,492
1349,496
1349,663
1349,672
1349,771
1349,839
1349,842
1349,987
1349,995
1349,1030
1349,1038
1349,1063
1349,1255
1349,1261
1349,1279
1349,1282
1349,1288
1349,1371
1349,1449
1349,1571
1349,1572
1349,1685
1349,1687
1349,1702
1349,2022
1350,1019
1350,1065
1350,1260
1350,1261
1350,1801
1350,1851
1351,97
1351,725
1351,729
1351,816
1351,919
1351,924
1351,1124
1351,1131
1351,1173
1351,1175
1351,1353
1351,1358
1351,1376
1351,1631
1351,1988
1351,2075
1352,704
1353,338
1353,983
1353,1030
1353,1031
1353,1045
1353,1061
1353,1067
1353,1079
1353,1087
1353,1088
1353,1093
1353,1284
1353,1288
1353,1309
1353,1372
1353,1525
1353,1687
1353,1920
1353,1945
1353,1963
1354,338
1354,638
1354,769
1354,882
1354,910
1354,1025
1354,1060
1354,1090
1354,1092
1354,1118
1354,1124
1354,1248
1354,1267
1354,1286
1354,1307
1354,1317
1354,1448
1354,1456
1354,1472
1354,1689
1354,1768
1354,1828
1354,1891
1354,1949
1355,378
1355,1122
1355,1139
1355,1142
1355,1301
1355,1467
1355,1468
1355,1706
1355,1734
1356,107
1356,411
1356,585
1356,604
1356,608
1356,612
1356,1065
1356,1148
1356,1322
1356,1386
1356,1691
1356,1700
1356,1705
1356,1801
1356,2074
1357,913
1357,1060
1357,1940
1357,2036
1358,787
1358,813
1358,922
1358,1120
1358,1155
1358,1161
1358,1174
1358,1180
1358,1181
1358,1187
1358,1212
1358,1479
1358,1492
1358,1495
1358,1510
1358,1511
1358,1716
1358,2054
1359,502
1359,1265
1359,1799
1360,1608
1361,439
1361,593
1361,762
1361,835
1361,838
1361,843
1361,958
1361,985
1361,1460
1361,1817
1362,337
1362,456
1362,470
1362,478
1362,520
1362,534
1362,536
1362,560
1362,739
1362,779
1362,872
1362,995
1362,1017
1362,1038
1362,1241
1362,1524
1362,1562
1362,1577
1362,1584
1362,1618
1362,1640
1362,1645
1362,1817
1363,1308
1364,470
1364,729
1364,750
1364,883
1364,884
1364,893
1364,1044
1364,1247
1364,1445
1364,1662
1364,1975
1365,836
1365,1044
1365,1364
1365,1403
1366,427
1366,580
1366,629
1366,1441
1367,473
1367,629
1367,962
1367,1362
1367,1569
1367,1571
1367,1586
1367,1663
1367,1921
1368,320
1368,355
1368,780
1368,787
1368,815
1368,911
1368,963
1368,1084
1368,1093
1368,1106
1368,1111
1368,1119
1368,1126
1368,1137
1368,1141
1368,1142
1368,1165
1368,1224
1368,1267
1368,1291
1368,1309
1368,1320
1368,1447
1368,1473
1368,1652
1368,1688
1368,1691
1368,1736
1368,1769
1369,273
1369,750
1369,762
1369,981
1369,1019
1369,1030
1369,1075
1369,1321
1369,1590
1370,854
1371,443
1371,758
1371,771
1371,887
1371,892
1371,987
1371,1019
1371,1233
1371,1280
1371,1286
1371,1322
1371,1349
1371,1637
1371,1793
1372,603
1372,842
1372,887
1372,933
1372,958
1372,977
1372,980
1372,1019
1372,1062
1372,1064
1372,1065
1372,1066
1372,1095
1372,1107
1372,1110
1372,1174
1372,1255
1372,1261
1372,1288
1372,1353
1372,1656
1372,1743
1372,2032
1373,2047
1374,1143
1375,813
1375,1102
1375,1442
1375,1631
1376,1146
1376,1484
1376,1801
1376,2005
1377,408
1377,583
1377,585
1377,806
1378,316
1378,435
1378,458
1378,461
1378,507
1378,510
1378,616
1378,640
1378,753
1378,755
1378,772
1378,978
1379,300
1379,568
1379,569
1380,77
1380,111
1380,152
1380,183
1380,213
1380,257
1380,269
1380,326
1380,453
1380,479
1380,707
1380,842
1380,995
1380,1007
1380,1335
1381,0
1381,413
1381,709
1381,941
1382,397
1382,429
1382,501
1382,583
1382,685
1382,727
1383,167
1383,403
1383,407
1383,409
1383,500
1383,505
1383,586
1383,826
1383,1415
1384,134
1384,1005
1385,134
1385,261
1385,315
1385,324
1385,427
1385,507
1385,516
1385,521
1385,528
1385,593
1385,608
1385,727
1385,735
1385,779
1385,840
1385,915
1385,948
1385,1219
1385,1453
1385,1592
1385,1838
1386,843
1386,910
1386,983
1386,1056
1386,1087
1386,1092
1386,1107
1386,1151
1386,1290
1386,1307
1386,1356
1386,1497
1386,1589
1386,1691
1387,47
1387,53
1387,295
1387,327
1387,373
1387,398
1387,866
1387,910
1387,912
1387,971
1387,1060
1387,1088
1387,1092
1387,1107
1387,1412
1387,1454
1387,1580
1387,1584
1387,1687
1387,1732
1387,1760
1387,1820
1387,1990
1388,1082
1388,1138
1388,1211
1389,47
1389,135
1389,249
1389,259
1389,261
1389,285
1389,350
1389,357
1389,404
1389,481
1389,504
1389,509
1389,513
1389,545
1389,562
1389,571
1389,572
1389,579
1389,584
1389,585
1389,594
1389,607
1389,734
1389,736
1389,744
1389,802
1389,861
1389,943
1389,1104
1389,1390
1389,1398
1389,1399
1389,1400
1389,1421
1389,1425
1389,1603
1389,1660
1389,1697
1390,135
1390,324
1390,397
1390,400
1390,406
1390,420
1390,427
1390,456
1390,469
1390,496
1390,499
1390,502
1390,505
1390,513
1390,564
1390,585
1390,586
1390,676
1390,715
1390,729
1390,733
1390,734
1390,736
1390,744
1390,805
1390,901
1390,948
1390,1222
1390,1226
1390,1264
1390,1389
1390,1426
1390,1530
1390,1552
1390,1624
1390,1791
1390,1875
1391,135
1391,357
1391,394
1391,505
1391,508
1391,562
1391,568
1391,587
1391,594
1391,676
1391,731
1391,742
1391,776
1391,805
1391,845
1391,948
1391,1557
1391,1606
1391,1764
1391,1851
1392,135
1392,417
1392,505
1392,519
1392,538
1392,590
1392,948
1392,1165
1392,1461
1392,1633
1392,1761
1393,135
1393,164
1393,425
1393,534
1393,589
1393,617
1393,637
1393,739
1393,1279
1393,1680
1394,137
1394,300
1394,362
1395,137
1395,1293
1396,55
1397,185
1397,303
1397,441
1397,846
1397,867
1397,894
1397,941
1397,963
1397,967
1397,988
1397,989
1397,1272
1397,1369
1397,1445
1397,1817
1397,1841
1397,1843
1397,1960
1398,42
1398,245
1398,337
1398,357
1398,398
1398,405
1398,409
1398,416
1398,417
1398,421
1398,425
1398,438
1398,439
1398,441
1398,482
1398,508
1398,518
1398,527
1398,533
1398,534
1398,562
1398,574
1398,597
1398,598
1398,605
1398,610
1398,613
1398,634
1398,684
1398,720
1398,727
1398,741
1398,752
1398,756
1398,760
1398,837
1398,841
1398,876
1398,968
1398,1016
1398,1017
1398,1023
1398,1223
1398,1244
1398,1314
1398,1316
1398,1361
1398,1391
1398,1569
1398,1618
1398,1876
1398,1933
1399,341
1399,366
1399,400
1399,459
1399,500
1399,505
1399,508
1399,509
1399,514
1399,562
1399,572
1399,590
1399,591
1399,654
1399,689
1399,713
1399,800
1399,802
1399,805
1399,863
1399,1300
1399,1389
1400,408
1400,523
1400,560
1400,618
1400,725
1400,726
1400,736
1400,805
1400,860
1400,1389
1400,1607
1401,39
1401,91
1401,339
1402,49
1402,475
1403,645
1403,762
1403,838
1403,846
1403,852
1403,855
1403,889
1403,964
1403,967
1403,968
1403,972
1403,975
1403,1044
1403,1046
1403,1365
1403,1422
1403,1525
1403,1554
1403,1569
1403,1834
1403,1882
1403,1945
1403,1977
1403,2015
1403,2076
1404,152
1404,278
1404,281
1404,329
1404,585
1404,622
1404,698
1404,845
1404,874
1404,909
1404,916
1404,917
1404,924
1404,958
1404,1010
1404,1058
1404,1068
1404,1072
1404,1081
1404,1082
1404,1084
1404,1085
1404,1089
1404,1093
1404,1094
1404,1110
1404,1119
1404,1120
1404,1126
1404,1136
1404,1140
1404,1141
1404,1149
1404,1166
1404,1169
1404,1191
1404,1271
1404,1278
1404,1280
1404,1304
1404,1307
1404,1372
1404,1385
1404,1457
1404,1520
1404,1528
1404,1538
1404,1570
1404,1588
1404,1590
1404,1625
1404,1719
1404,1929
1404,1990
1404,2035
1405,385
1405,398
1405,569
1405,681
1405,1001
1405,1645
1406,572
1406,664
1406,725
1406,1411
1407,153
1408,153
1408,295
1408,327
1408,449
1409,192
1410,213
1410,458
1410,527
1410,664
1411,213
1411,264
1411,413
1411,456
1411,502
1411,560
1411,569
1411,710
1411,947
1411,991
1412,161
1412,359
1412,365
1412,1387
1413,543
1413,855
1413,974
1413,1038
1413,1227
1413,1228
1413,1253
1413,1276
1414,167
1414,403
1414,409
1414,503
1414,505
1414,585
1414,803
1414,805
1414,994
1414,1425
1415,167
1416,247
1416,309
1416,397
1416,491
1416,714
1416,783
1416,1225
1416,1666
1416,1777
1417,169
1418,673
1419,199
1419,306
1419,1533
1419,1543
1420,1295
1421,171
1421,394
1421,400
1421,1389
1421,1536
1421,1557
1421,1607
1422,334
1422,373
1422,427
1422,442
1422,600
1422,623
1422,631
1422,838
1422,844
1422,1227
1422,1403
1422,1612
1422,1790
1422,1944
1423,438
1423,556
1423,1247
1423,1878
1424,175
1424,248
1425,506
1425,510
1425,516
1425,534
1425,744
1425,1005
1425,1389
1425,1414
1425,1562
1425,1663
1425,1862
1426,366
1426,397
1426,417
1426,503
1426,508
1426,513
1426,514
1426,516
1426,521
1426,534
1426,537
1426,564
1426,590
1426,593
1426,736
1426,739
1426,747
1426,830
1426,1390
1426,1391
1426,1606
1426,1798
1427,1049
1427,1052
1427,1110
1427,1259
1427,1319
1428,436
1428,440
1428,530
1428,537
1428,943
1429,378
1429,386
1429,855
1429,973
1429,1052
1429,1079
1429,1099
1429,1252
1429,1482
1429,1525
1429,1581
1430,419
1430,1794
1431,631
1431,1100
1432,202
1432,614
1432,631
1432,1360
1433,1313
1433,1830
1434,517
1434,684
1434,750
1434,1640
1435,1038
1436,473
1436,631
1436,645
1436,684
1436,764
1436,1206
1436,1241
1437,604
1438,535
1438,645
1438,1422
1438,1910
1439,831
1439,868
1439,1022
1439,1247
1439,1618
1439,1683
1439,1987
1440,537
1440,764
1440,1618
1441,764
1441,838
1441,895
1441,1024
1441,1247
1441,1524
1442,378
1442,1065
1442,1102
1442,1113
1442,1122
1442,1291
1442,1358
1443,279
1443,1246
1443,1659
1444,343
1444,1288
1444,1305
1444,1646
1445,185
1445,431
1445,550
1445,589
1445,749
1445,769
1445,895
1445,899
1445,961
1445,1034
1445,1259
1445,1325
1445,1364
1445,1569
1445,1786
1446,1572
1447,740
1447,839
1447,912
1447,926
1447,933
1447,973
1447,980
1447,1025
1447,1060
1447,1067
1447,1073
1447,1082
1447,1085
1447,1100
1447,1120
1447,1123
1447,1142
1447,1161
1447,1165
1447,1224
1447,1288
1447,1306
1447,1353
1447,1451
1447,1468
1447,1471
1447,1517
1447,1538
1447,1570
1447,1589
1447,1654
1447,1685
1447,1736
1447,1872
1447,2012
1448,445
1448,603
1448,758
1448,765
1448,882
1448,962
1448,967
1448,986
1448,1019
1448,1062
1448,1076
1448,1124
1448,1141
1448,1255
1448,1280
1448,1307
1448,1365
1448,1449
1448,1687
1448,1851
1448,1945
1449,910
1449,1019
1449,1349
1450,273
1450,415
1450,958
1450,1079
1450,1461
1450,1590
1451,1307
1452,1687
1453,603
1453,909
1453,911
1453,1094
1453,1200
1453,1267
1453,1457
1453,1725
1453,1888
1453,1991
1454,281
1454,910
1454,912
1454,1085
1454,1309
1454,1387
1455,1743
1456,292
1456,391
1456,752
1456,817
1456,824
1456,882
1456,910
1456,1092
1456,1309
1456,1372
1456,1777
1456,1982
1457,740
1457,933
1457,964
1457,1050
1457,1099
1457,1474
1458,232
1458,273
1458,281
1458,338
1458,378
1458,389
1458,588
1458,680
1458,740
1458,751
1458,815
1458,817
1458,915
1458,919
1458,923
1458,955
1458,1023
1458,1082
1458,1084
1458,1085
1458,1103
1458,1106
1458,1108
1458,1110
1458,1112
1458,1116
1458,1119
1458,1120
1458,1121
1458,1125
1458,1126
1458,1136
1458,1137
1458,1139
1458,1142
1458,1143
1458,1159
1458,1161
1458,1166
1458,1175
1458,1209
1458,1212
1458,1224
1458,1271
1458,1292
1458,1309
1458,1320
1458,1353
1458,1357
1458,1358
1458,1368
1458,1447
1458,1462
1458,1463
1458,1467
1458,1468
1458,1475
1458,1481
1458,1486
1458,1487
1458,1589
1458,1590
1458,1644
1458,1652
1458,1653
1458,1654
1458,1706
1458,1707
1458,1709
1458,1734
1458,1847
1458,1903
1458,2044
1458,2061
1459,1580
1460,813
1460,1143
1460,1291
1460,1361
1460,1447
1460,1963
1460,1978
1461,292
1461,538
1461,562
1461,630
1461,713
1461,770
1461,776
1461,817
1461,913
1461,926
1461,958
1461,980
1461,1045
1461,1099
1461,1100
1461,1104
1461,1133
1461,1256
1461,1392
1461,1450
1461,1633
1461,1812
1461,1828
1461,1990
1462,1092
1462,1309
1462,1472
1462,1589
1462,1909
1463,438
1463,447
1463,647
1463,1108
1463,1215
1463,1309
1463,1452
1464,97
1464,538
1464,740
1464,817
1464,912
1464,919
1464,1075
1464,1089
1464,1108
1464,1123
1464,1267
1465,1355
1465,1670
1465,1769
1465,1815
1465,1948
1465,2040
1466,913
1466,1107
1466,1109
1466,1688
1467,343
1467,394
1467,405
1467,412
1467,440
1467,473
1467,513
1467,711
1467,767
1467,817
1467,841
1467,892
1467,915
1467,943
1467,1014
1467,1037
1467,1070
1467,1082
1467,1086
1467,1110
1467,1136
1467,1137
1467,1142
1467,1165
1467,1201
1467,1304
1467,1319
1467,1355
1467,1441
1467,1458
1467,1512
1467,1706
1467,1708
1467,1813
1467,1854
1468,1108
1468,1290
1468,1447
1468,1688
1468,1965
1469,273
1469,1769
1470,320
1470,389
1470,815
1470,915
1470,1106
1470,1130
1470,1134
1470,1289
1470,1473
1470,1652
1470,1734
1470,2034
1471,762
1471,912
1471,1319
1471,1447
1471,1689
1472,320
1472,378
1472,683
1472,740
1472,912
1472,913
1472,915
1472,1085
1472,1090
1472,1106
1472,1107
1472,1113
1472,1120
1472,1122
1472,1130
1472,1224
1472,1267
1472,1354
1472,1355
1472,1457
1472,1462
1472,1466
1472,1532
1472,1541
1472,1590
1472,1644
1472,1688
1472,1709
1472,1946
1473,310
1473,315
1473,373
1473,378
1473,604
1473,649
1473,726
1473,917
1473,1060
1473,1219
1473,1292
1473,1468
1473,2036
1474,178
1474,273
1474,338
1474,501
1474,512
1474,523
1474,569
1474,810
1474,833
1474,838
1474,1091
1474,1103
1474,1110
1474,1113
1474,1122
1474,1125
1474,1209
1474,1457
1474,1598
1474,1695
1474,1903
1474,1940
1474,2044
1475,172
1475,592
1475,656
1475,916
1475,985
1475,1030
1475,1069
1475,1137
1475,1165
1475,1292
1475,1372
1475,1464
1475,1654
1475,1859
1475,1903
1475,1972
1476,1045
1476,1113
1476,1652
1476,1690
1477,915
1477,1099
1477,1113
1477,1212
1477,1307
1478,631
1479,919
1479,1532
1479,2034
1480,650
1480,1167
1481,320
1481,378
1481,815
1481,922
1481,925
1481,1060
1481,1111
1481,1118
1481,1120
1481,1122
1481,1125
1481,1131
1481,1161
1481,1186
1481,1212
1481,1267
1481,1474
1481,1625
1481,1707
1481,1903
1482,278
1482,833
1482,911
1482,916
1482,919
1482,923
1482,955
1482,1023
1482,1042
1482,1081
1482,1086
1482,1095
1482,1125
1482,1131
1482,1132
1482,1136
1482,1143
1482,1146
1482,1150
1482,1159
1482,1165
1482,1166
1482,1169
1482,1186
1482,1208
1482,1209
1482,1212
1482,1354
1482,1423
1482,1448
1482,1473
1482,1474
1482,1480
1482,1484
1482,1490
1482,1501
1482,1517
1482,1532
1482,1625
1482,1631
1482,1715
1482,1735
1482,1890
1482,1993
1482,2005
1483,977
1483,1167
1483,1460
1483,1498
1483,1508
1484,320
1484,787
1484,977
1484,1128
1484,1131
1484,1146
1484,1158
1484,1167
1484,1173
1484,1376
1484,1474
1484,1482
1484,2006
1485,1152
1485,1542
1485,1723
1485,1867
1486,799
1486,929
1486,1120
1486,1132
1486,1155
1486,1157
1486,1168
1486,1212
1486,1317
1486,1320
1486,1358
1486,1376
1486,1493
1486,1510
1486,1512
1486,1515
1486,1532
1486,1625
1486,1688
1486,1715
1486,1725
1486,2013
1487,812
1487,850
1487,919
1487,1085
1487,1112
1487,1125
1487,1143
1487,1152
1487,1157
1487,1162
1487,1172
1487,1267
1487,1423
1487,1447
1487,1457
1487,1458
1487,1496
1487,1502
1487,1506
1487,1509
1487,1518
1487,1538
1487,1647
1487,1723
1487,1725
1487,1888
1487,1942
1487,1984
1487,2008
1487,2049
1487,2055
1488,511
1488,1186
1488,1532
1489,815
1489,913
1489,1130
1489,1152
1489,1153
1489,1212
1489,1504
1489,1918
1489,1948
1490,812
1490,815
1490,911
1490,924
1490,1111
1490,1118
1490,1120
1490,1144
1490,1495
1490,1625
1490,1735
1490,1948
1490,1969
1491,812
1491,813
1491,958
1491,987
1491,1442
1491,1580
1491,1723
1491,1724
1491,1757
1492,643
1492,1358
1493,1491
1493,1632
1493,1953
1494,1517
1495,72
1495,254
1495,645
1495,650
1495,812
1495,813
1495,921
1495,922
1495,924
1495,1118
1495,1132
1495,1140
1495,1143
1495,1157
1495,1159
1495,1169
1495,1170
1495,1173
1495,1174
1495,1187
1495,1252
1495,1267
1495,1358
1495,1473
1495,1480
1495,1484
1495,1490
1495,1494
1495,1505
1495,1508
1495,1512
1495,1513
1495,1519
1495,1625
1495,1708
1495,1938
1495,1950
1495,1993
1495,2002
1496,815
1496,1487
1497,1180
1497,2077
1498,1103
1499,1144
1499,1146
1499,1183
1499,1212
1499,1512
1500,925
1500,1145
1501,916
1501,924
1501,928
1501,1146
1501,1150
1501,1154
1501,1157
1501,1164
1501,1169
1501,1473
1501,1476
1501,1496
1501,1500
1501,1542
1501,1722
1501,1724
1501,1867
1501,1972
1502,816
1502,2065
1503,1034
1503,1162
1503,1723
1503,2059
1504,913
1504,1131
1504,1489
1504,1542
1505,1930
1506,254
1506,850
1506,922
1506,923
1506,1160
1506,1164
1506,1166
1506,1169
1506,1171
1506,1172
1506,1181
1506,1252
1506,1867
1506,1899
1506,1940
1506,1984
1506,2030
1506,2041
1506,2077
1507,1181
1508,813
1508,917
1508,931
1508,1173
1508,1177
1508,1184
1508,1483
1508,1503
1508,1632
1508,1716
1508,2041
1509,439
1509,683
1509,912
1509,1117
1509,1163
1509,1177
1509,1179
1509,1497
1509,1716
1509,1943
1509,2045
1510,1358
1511,815
1511,1358
1511,1509
1511,2005
1511,2007
1512,343
1512,557
1512,921
1512,1118
1512,1136
1512,1142
1512,1161
1512,1170
1512,1173
1512,1186
1512,1224
1512,1252
1512,1304
1512,1309
1512,1467
1512,1481
1512,1488
1512,1495
1512,1518
1513,1182
1513,1951
1513,2067
1514,1509
1515,1513
1516,1173
1516,1180
1516,1184
1516,1187
1516,1515
1517,378
1517,813
1517,916
1517,923
1517,1101
1517,1140
1517,1170
1517,1309
1517,1447
1517,1494
1517,1735
1517,2004
1517,2032
1518,922
1518,926
1518,931
1518,1117
1518,1157
1518,1166
1518,1168
1518,1169
1518,1174
1518,1180
1518,1187
1518,1493
1518,1512
1518,1516
1518,1519
1518,1715
1518,1716
1518,1942
1518,1968
1518,2002
1519,1189
1519,1515
1519,1516
1519,1951
1520,913
1520,923
1520,926
1520,927
1520,1097
1520,1116
1520,1120
1520,1132
1520,1157
1520,1166
1520,1167
1520,1170
1520,1172
1520,1182
1520,1189
1520,1190
1520,1252
1520,1304
1520,1320
1520,1489
1520,1516
1520,1532
1520,1725
1520,1881
1520,2007
1520,2030
1521,931
1521,1057
1521,1168
1521,1176
1521,1182
1521,1183
1521,1184
1521,1187
1521,1189
1521,1376
1521,1517
1522,215
1522,573
1522,940
1522,991
1522,1869
1523,182
1524,185
1524,282
1524,437
1524,589
1524,606
1524,623
1524,633
1524,841
1524,853
1524,1247
1524,1318
1524,1441
1524,1535
1525,185
1525,386
1525,777
1525,854
1525,964
1525,1019
1525,1353
1525,1403
1526,199
1526,466
1526,669
1526,938
1526,1333
1527,201
1527,207
1527,241
1527,306
1527,593
1527,667
1527,1327
1528,192
1528,320
1528,378
1528,419
1528,637
1528,977
1528,1111
1528,1120
1528,1136
1528,1142
1528,1161
1528,1224
1528,1653
1528,1689
1529,192
1529,492
1529,584
1529,734
1529,1347
1529,1530
1529,1602
1530,192
1530,584
1530,734
1530,795
1530,830
1530,863
1530,1529
1530,2078
1531,337
1531,394
1531,424
1531,440
1531,885
1531,889
1531,971
1531,1045
1531,1256
1531,1265
1531,1266
1532,72
1532,254
1532,320
1532,343
1532,483
1532,519
1532,650
1532,683
1532,740
1532,812
1532,815
1532,919
1532,925
1532,926
1532,927
1532,928
1532,930
1532,931
1532,933
1532,977
1532,1057
1532,1102
1532,1112
1532,1118
1532,1120
1532,1132
1532,1134
1532,1136
1532,1153
1532,1155
1532,1157
1532,1160
1532,1164
1532,1170
1532,1172
1532,1174
1532,1175
1532,1177
1532,1178
1532,1181
1532,1182
1532,1183
1532,1185
1532,1186
1532,1188
1532,1189
1532,1212
1532,1224
1532,1252
1532,1267
1532,1291
1532,1307
1532,1368
1532,1442
1532,1479
1532,1494
1532,1496
1532,1510
1532,1512
1532,1514
1532,1515
1532,1517
1532,1520
1532,1521
1532,1542
1532,1565
1532,1668
1532,1724
1532,1776
1532,1881
1532,1951
1532,1998
1532,1999
1532,2005
1532,2008
1532,2079
1533,307
1533,661
1533,1419
1534,254
1534,664
1535,386
1535,764
1535,1524
1535,1617
1536,1421
1537,320
1537,343
1537,769
1537,910
1537,916
1537,920
1537,926
1537,1030
1537,1060
1537,1082
1537,1097
1537,1104
1537,1110
1537,1111
1537,1121
1537,1127
1537,1134
1537,1136
1537,1142
1537,1161
1537,1174
1537,1252
1537,1307
1537,1308
1537,1309
1537,1354
1537,1480
1537,1504
1537,1510
1537,1541
1537,1770
1537,2034
1538,910
1538,1103
1538,1107
1538,1111
1538,1120
1538,1122
1538,1322
1538,1353
1538,1447
1539,483
1539,780
1539,1083
1539,1107
1539,1113
1539,1115
1539,1122
1539,1138
1539,1290
1539,1691
1539,1732
1540,910
1540,912
1540,1107
1541,338
1541,389
1541,683
1541,1087
1541,1090
1541,1092
1541,1141
1541,1208
1541,1309
1541,1489
1541,1537
1541,1691
1541,1930
1541,1990
1542,389
1542,496
1542,923
1542,928
1542,929
1542,1131
1542,1136
1542,1151
1542,1152
1542,1157
1542,1212
1542,1252
1542,1307
1542,1485
1542,1504
1542,1532
1542,1709
1542,1867
1542,1972
1542,1999
1543,200
1543,574
1543,672
1543,675
1543,706
1543,1419
1544,201
1544,358
1544,447
1544,448
1544,451
1544,463
1544,838
1544,1660
1545,201
1546,511
1546,572
1546,796
1546,799
1547,204
1548,438
1548,599
1548,603
1548,631
1548,707
1549,762
1549,1256
1549,1590
1550,213
1550,295
1550,458
1550,595
1550,860
1550,1594
1551,213
1551,368
1551,502
1551,646
1552,47
1552,215
1552,357
1552,400
1552,409
1552,421
1552,716
1552,744
1552,794
1552,1269
1552,1346
1552,1390
1553,455
1553,457
1554,225
1554,495
1554,727
1554,851
1554,855
1554,895
1554,964
1554,978
1554,1044
1554,1260
1554,1403
1554,1847
1554,1872
1555,895
1556,227
1556,309
1556,823
1557,562
1557,1421
1557,1607
1558,562
1559,205
1559,425
1559,430
1559,556
1559,588
1559,606
1559,630
1559,641
1559,740
1559,851
1559,980
1559,1026
1559,1089
1559,1247
1559,1296
1559,1321
1559,1348
1559,1654
1559,1683
1559,1741
1560,261
1560,401
1560,758
1560,1798
1560,1909
1561,594
1561,1750
1562,337
1562,398
1562,469
1562,510
1562,513
1562,863
1562,1362
1562,1425
1563,510
1563,841
1563,843
1563,1427
1563,1987
1564,395
1564,473
1564,517
1564,1319
1564,1909
1565,524
1565,1244
1566,620
1566,749
1566,883
1566,1024
1566,1439
1566,1703
1566,1730
1566,1774
1566,1801
1567,436
1567,842
1567,846
1567,897
1567,963
1567,973
1567,1251
1567,1260
1567,1261
1568,597
1568,887
1568,1571
1569,342
1569,589
1569,640
1569,645
1569,752
1569,757
1569,986
1569,1077
1569,1247
1569,1367
1569,1403
1569,1445
1569,1580
1569,1640
1569,1684
1570,734
1570,744
1570,1073
1570,1077
1570,1255
1570,1260
1570,1261
1570,1288
1570,1447
1570,1571
1570,1826
1570,1928
1570,1934
1570,1983
1571,443
1571,448
1571,603
1571,771
1571,887
1571,963
1571,983
1571,1019
1571,1062
1571,1077
1571,1093
1571,1101
1571,1259
1571,1272
1571,1276
1571,1282
1571,1286
1571,1288
1571,1349
1571,1367
1571,1568
1571,1570
1571,1572
1571,1587
1571,1890
1571,1934
1572,1019
1572,1062
1572,1066
1572,1321
1572,1349
1572,1446
1572,1571
1573,373
1573,404
1573,500
1573,516
1573,707
1573,830
1573,1607
1574,9
1575,337
1575,631
1575,1752
1576,1585
1577,1362
1578,433
1578,769
1578,873
1578,979
1578,986
1578,1045
1578,1053
1578,1064
1578,1228
1578,1280
1578,1286
1579,855
1580,254
1580,691
1580,1092
1580,1353
1580,1387
1580,1687
1581,588
1581,658
1581,815
1581,829
1581,909
1581,1081
1581,1092
1581,1093
1581,1107
1581,1110
1581,1141
1581,1248
1581,1252
1581,1307
1581,1387
1582,298
1582,661
1583,366
1583,591
1583,619
1583,1701
1584,520
1584,523
1584,550
1584,591
1584,596
1584,680
1584,739
1584,869
1584,1362
1584,1387
1584,1882
1585,430
1585,438
1585,439
1585,616
1585,617
1585,623
1585,907
1585,1576
1585,1808
1586,968
1586,975
1587,656
1587,771
1587,1042
1587,1062
1587,1063
1587,1066
1587,1203
1587,1206
1587,1288
1587,1309
1587,1444
1587,1571
1587,1718
1587,1965
1588,374
1588,412
1588,428
1588,494
1588,587
1588,622
1588,639
1588,737
1588,840
1588,843
1588,958
1588,1033
1588,1041
1588,1051
1588,1112
1588,1156
1588,1271
1588,1302
1588,1320
1588,1404
1588,2035
1589,436
1589,638
1589,1092
1589,1248
1589,1281
1589,1307
1589,1308
1589,1353
1589,1462
1589,1891
1590,443
1590,622
1590,654
1590,740
1590,750
1590,817
1590,829
1590,908
1590,913
1590,915
1590,958
1590,1014
1590,1050
1590,1057
1590,1086
1590,1134
1590,1209
1590,1251
1590,1256
1590,1261
1590,1369
1590,1450
1590,1475
1590,1549
1591,83
1591,553
1591,1195
1591,1776
1592,413
1592,546
1592,627
1592,1385
1593,1804
1594,317
1595,213
1595,288
1595,956
1596,664
1597,249
1597,788
1598,398
1598,573
1598,718
1599,790
1600,451
1600,685
1601,83
1601,483
1601,545
1601,583
1601,792
1601,947
1602,164
1602,502
1602,1529
1603,731
1603,736
1603,1389
1604,505
1604,506
1604,507
1604,509
1604,510
1604,511
1604,532
1604,562
1604,586
1604,744
1604,805
1604,1425
1605,502
1606,510
1606,517
1606,736
1606,1426
1607,366
1607,373
1607,394
1607,397
1607,406
1607,408
1607,492
1607,568
1607,734
1607,742
1607,860
1607,1421
1607,1557
1607,1638
1607,1697
1608,422
1608,590
1608,795
1608,830
1608,1360
1608,1882
1609,505
1609,525
1609,563
1610,631
1610,1201
1610,1761
1611,518
1611,534
1611,590
1611,743
1611,952
1611,1194
1611,1223
1611,1236
1611,1633
1611,1643
1612,516
1612,521
1612,524
1612,526
1612,830
1612,1681
1613,430
1613,512
1613,593
1613,597
1613,636
1613,716
1613,746
1614,1660
1615,698
1616,245
1616,337
1616,489
1616,513
1616,516
1616,566
1616,585
1616,782
1616,810
1616,1225
1617,834
1617,1535
1618,405
1618,416
1618,418
1618,438
1618,616
1618,633
1618,634
1618,636
1618,684
1618,743
1618,752
1618,868
1618,958
1618,967
1618,981
1618,1078
1618,1243
1618,1321
1618,1362
1618,1439
1618,1440
1618,1640
1619,831
1619,843
1619,887
1619,1922
1620,834
1620,1774
1620,1895
1620,2081
1621,887
1622,760
1622,883
1622,1250
1623,744
1624,249
1624,511
1624,734
1624,1390
1624,1760
1625,650
1625,812
1625,813
1625,815
1625,919
1625,1060
1625,1130
1625,1143
1625,1159
1625,1211
1625,1277
1625,1291
1625,1481
1625,1504
1625,1517
1625,1542
1625,1631
1625,1688
1625,1735
1626,159
1626,257
1626,457
1626,464
1626,792
1627,436
1627,444
1627,504
1627,537
1627,591
1627,716
1627,746
1627,952
1627,1392
1628,257
1628,473
1628,556
1628,1330
1629,257
1629,502
1630,1112
1631,1375
1632,1493
1632,1508
1633,324
1633,338
1633,401
1633,420
1633,440
1633,470
1633,472
1633,523
1633,526
1633,528
1633,534
1633,539
1633,634
1633,647
1633,687
1633,716
1633,740
1633,776
1633,873
1633,881
1633,926
1633,958
1633,1018
1633,1082
1633,1092
1633,1097
1633,1099
1633,1101
1633,1134
1633,1236
1633,1257
1633,1292
1633,1307
1633,1353
1633,1392
1633,1450
1633,1461
1633,1584
1633,1611
1633,1740
1634,268
1635,538
1635,869
1636,141
1636,261
1636,428
1636,585
1636,588
1637,244
1637,290
1638,1607
1639,342
1639,378
1639,623
1639,631
1639,741
1639,764
1639,877
1639,887
1639,1043
1639,1321
1639,1647
1639,1649
1639,1909
1639,1987
1640,416
1640,519
1640,550
1640,623
1640,630
1640,645
1640,741
1640,752
1640,846
1640,868
1640,881
1640,900
1640,980
1640,1026
1640,1038
1640,1269
1640,1362
1640,1434
1640,1435
1640,1569
1640,1618
1640,1802
1640,1895
1640,1921
1641,206
1641,310
1641,342
1641,436
1641,556
1641,645
1641,649
1641,727
1641,841
1641,886
1641,889
1641,964
1641,965
1641,1741
1641,1774
1641,1779
1642,351
1643,417
1643,510
1643,537
1643,595
1643,746
1643,776
1643,1219
1643,1222
1643,1611
1643,1761
1644,427
1644,523
1644,1126
1644,1248
1644,1308
1645,373
1645,399
1645,417
1645,427
1645,436
1645,461
1645,515
1645,516
1645,521
1645,560
1645,589
1645,604
1645,617
1645,640
1645,716
1645,948
1645,1362
1645,1405
1645,1851
1646,623
1646,729
1646,752
1646,775
1646,873
1646,1029
1646,1043
1646,1317
1646,1321
1646,1444
1647,764
1647,887
1647,1243
1647,1284
1647,1639
1648,978
1648,1270
1648,1319
1649,422
1649,531
1649,589
1649,838
1649,1005
1649,1639
1649,1694
1649,1921
1649,1933
1650,314
1650,325
1650,350
1650,351
1651,272
1652,273
1652,1114
1652,1289
1652,1470
1652,1476
1653,273
1653,389
1653,631
1653,1099
1653,1141
1653,1306
1654,273
1654,588
1654,615
1654,630
1654,639
1654,740
1654,815
1654,836
1654,841
1654,958
1654,980
1654,1038
1654,1055
1654,1084
1654,1089
1654,1120
1654,1123
1654,1127
1654,1177
1654,1186
1654,1202
1654,1296
1654,1355
1654,1367
1654,1373
1654,1447
1654,1459
1654,1471
1654,1489
1654,1532
1654,1559
1654,1706
1654,1770
1655,824
1656,274
1656,370
1656,417
1656,1828
1657,585
1658,512
1658,532
1658,550
1658,628
1658,631
1659,854
1659,1301
1660,941
1660,1750
1661,428
1661,436
1661,568
1661,595
1661,604
1661,705
1662,446
1662,623
1662,698
1662,841
1662,843
1662,1020
1662,1219
1662,1234
1662,1237
1662,1364
1662,1639
1662,1761
1662,1774
1662,1793
1662,1909
1662,1975
1663,342
1663,416
1663,420
1663,425
1663,434
1663,505
1663,510
1663,517
1663,523
1663,605
1663,622
1663,625
1663,638
1663,722
1663,736
1663,752
1663,764
1663,836
1663,862
1663,866
1663,867
1663,985
1663,1026
1663,1425
1663,1681
1663,1703
1663,2082
1664,1034
1664,1288
1664,1816
1665,762
1665,1034
1665,1038
1665,1108
1666,460
1666,491
1666,502
1666,567
1666,583
1666,627
1666,682
1666,725
1666,745
1666,781
1666,1416
1667,380
1667,511
1667,796
1668,311
1668,337
1668,394
1668,513
1668,1532
1668,1776
1669,809
1670,677
1670,1465
1670,1948
1671,394
1671,499
1671,1443
1671,1659
1671,2083
1672,1337
1673,673
1674,458
1675,1216
1676,396
1676,411
1677,796
1678,341
1678,710
1679,371
1680,1393
1681,524
1681,830
1681,967
1681,1612
1682,523
1682,590
1682,869
1683,425
1683,752
1683,1079
1683,1876
1684,729
1684,831
1684,885
1684,897
1684,965
1684,1569
1685,1349
1685,1687
1685,1934
1686,865
1686,1309
1686,1920
1687,1056
1687,1206
1687,1349
1687,1387
1687,1452
1687,1580
1687,1685
1687,1934
1688,483
1688,1099
1688,1113
1688,1138
1688,1211
1688,1471
1689,215
1689,912
1689,915
1689,1081
1689,1354
1689,1471
1689,1497
1689,1541
1689,1946
1690,761
1690,845
1690,910
1690,914
1690,1018
1690,1109
1690,1110
1690,1113
1690,1135
1690,1279
1690,1474
1690,1476
1690,1478
1690,1652
1690,1691
1691,1088
1691,1107
1691,1113
1691,1134
1691,1290
1691,1356
1691,1386
1691,1541
1691,1644
1692,303
1692,940
1693,415
1693,649
1693,824
1694,387
1694,407
1694,485
1694,544
1694,782
1694,1649
1695,394
1695,501
1695,585
1696,1955
1697,324
1697,1389
1697,1607
1698,1427
1699,394
1699,444
1699,850
1700,373
1701,311
1701,313
1701,334
1701,399
1701,407
1701,506
1701,571
1702,195
1702,706
1702,784
1702,1349
1703,1566
1704,373
1704,590
1704,831
1704,838
1705,1356
1705,1565
1706,383
1706,1070
1706,1087
1706,1108
1706,1121
1706,1355
1706,1872
1707,811
1708,1102
1708,1174
1708,1183
1708,1185
1708,1187
1708,1851
1708,1881
1708,1899
1709,1212
1709,1486
1709,1538
1710,247
1710,573
1710,1362
1710,1640
1710,1801
1710,1974
1711,319
1711,992
1712,215
1712,593
1712,645
1712,1081
1712,1307
1712,1539
1713,174
1713,1038
1713,1670
1714,1154
1714,1187
1714,1189
1715,529
1715,839
1715,1164
1715,1173
1715,1376
1715,1723
1715,1724
1716,816
1716,917
1716,924
1716,929
1716,1120
1716,1177
1716,1358
1716,1506
1716,1509
1716,1713
1716,1951
1716,1991
1716,1994
1716,2002
1716,2046
1717,1307
1718,1090
1718,1092
1718,1139
1718,1309
1719,278
1719,338
1719,740
1719,751
1719,767
1719,815
1719,916
1719,1073
1719,1084
1719,1085
1719,1097
1719,1114
1719,1121
1719,1133
1719,1136
1719,1141
1719,1172
1719,1202
1719,1309
1719,1324
1719,1474
1719,1644
1719,1734
1719,1770
1719,1972
1720,538
1720,1172
1720,1964
1721,976
1721,1757
1722,650
1722,1152
1722,1291
1722,1501
1723,614
1723,1485
1723,1503
1723,2059
1723,2065
1724,813
1724,1944
1725,255
1725,389
1725,650
1725,816
1725,850
1725,917
1725,921
1725,923
1725,926
1725,928
1725,930
1725,1010
1725,1117
1725,1132
1725,1157
1725,1160
1725,1162
1725,1164
1725,1166
1725,1168
1725,1169
1725,1172
1725,1173
1725,1174
1725,1177
1725,1179
1725,1180
1725,1181
1725,1182
1725,1184
1725,1185
1725,1187
1725,1189
1725,1190
1725,1224
1725,1358
1725,1493
1725,1494
1725,1503
1725,1505
1725,1506
1725,1508
1725,1509
1725,1511
1725,1512
1725,1513
1725,1514
1725,1516
1725,1517
1725,1518
1725,1519
1725,1521
1725,1715
1725,1716
1725,1723
1725,1826
1725,1881
1725,1943
1725,1951
1725,1953
1725,1968
1725,1997
1725,1998
1725,2000
1725,2003
1725,2005
1725,2009
1725,2012
1725,2028
1725,2030
1725,2057
1725,2058
1725,2060
1726,1183
1726,2039
1727,1516
1728,1141
1728,1244
1728,1266
1729,431
1730,337
1730,1566
1731,815
1731,1092
1731,1129
1731,1307
1731,1478
1731,1688
1732,383
1732,1083
1732,1099
1732,1539
1733,771
1733,897
1733,1057
1733,1102
1733,1128
1733,1138
1733,1474
1733,1743
1733,1941
1734,879
1734,915
1734,1212
1734,1284
1734,1355
1735,680
1735,1102
1735,1140
1735,1280
1735,1376
1735,1490
1735,1510
1735,1721
1735,1757
1735,2039
1736,311
1736,911
1736,1102
1736,1137
1736,1307
1736,1486
1736,2001
1736,2047
1736,2071
1737,813
1737,1738
1738,931
1738,1737
1738,2084
1739,412
1740,342
1740,1244
1741,342
1741,391
1741,420
1741,550
1741,629
1741,630
1741,646
1741,764
1741,842
1741,868
1741,1022
1741,1200
1741,1319
1741,1439
1741,1641
1742,324
1743,343
1743,492
1743,495
1743,496
1743,517
1743,538
1743,539
1743,713
1743,729
1743,750
1743,843
1743,878
1743,887
1743,1319
1743,1362
1743,1372
1743,1455
1743,1820
1744,1254
1745,842
1745,1261
1746,756
1746,770
1746,817
1746,865
1746,933
1746,1307
1746,1447
1746,1453
1746,1841
1747,467
1747,807
1747,1760
1748,352
1749,509
1749,863
1750,584
1750,1561
1751,396
1751,433
1751,742
1751,830
1752,1575
1753,371
1753,601
1754,417
1754,1269
1755,405
1755,427
1755,430
1755,441
1755,680
1755,753
1755,1207
1755,1790
1756,823
1757,362
1757,913
1757,1144
1757,1721
1758,362
1758,649
1758,790
1758,1901
1759,652
1760,366
1760,511
1760,584
1760,702
1760,734
1760,794
1760,799
1760,805
1760,807
1760,1005
1760,1624
1760,1747
1761,438
1761,442
1761,597
1761,746
1761,1392
1761,1610
1761,1643
1761,1662
1761,1805
1761,2085
1762,371
1763,597
1764,1391
1765,428
1765,436
1765,590
1765,595
1765,948
1765,1584
1766,373
1766,374
1766,412
1766,427
1766,527
1766,603
1766,653
1766,742
1766,830
1766,1347
1767,205
1767,245
1767,374
1767,425
1767,428
1767,714
1767,779
1767,880
1767,933
1767,1296
1768,378
1768,785
1768,989
1768,1079
1768,1085
1768,1099
1768,1110
1768,1307
1768,1354
1768,1447
1768,1448
1768,1589
1768,1590
1768,1719
1768,1851
1768,2037
1769,378
1769,1113
1769,1163
1769,1903
1769,1948
1769,2040
1770,1111
1771,389
1771,420
1771,428
1771,436
1771,539
1771,604
1771,680
1771,727
1771,753
1771,806
1771,916
1771,1069
1771,1184
1771,1224
1771,1269
1771,1307
1771,1376
1771,1460
1771,1492
1771,1691
1771,1722
1771,1736
1771,1815
1772,887
1772,895
1773,556
1773,640
1773,838
1774,405
1774,560
1774,599
1774,623
1774,626
1774,768
1774,831
1774,843
1774,871
1774,879
1774,890
1774,897
1774,1028
1774,1034
1774,1218
1774,1251
1774,1253
1774,1566
1774,1620
1774,1641
1774,1649
1774,1662
1774,1840
1774,1850
1774,1858
1774,1895
1775,642
1775,734
1775,838
1775,846
1775,853
1775,889
1775,897
1775,1255
1775,1403
1775,1878
1776,483
1776,619
1776,1532
1776,1591
1776,1668
1777,397
1777,714
1777,1416
1777,1982
1778,531
1779,1641
1780,397
1780,507
1780,562
1780,734
1780,776
1780,1257
1781,420
1781,533
1781,595
1781,624
1782,513
1783,768
1783,844
1783,895
1783,1315
1783,1774
1783,1814
1784,805
1784,1022
1784,1244
1785,409
1786,974
1786,984
1786,1319
1786,1445
1787,1543
1788,413
1789,616
1790,418
1790,424
1790,430
1790,600
1790,624
1790,627
1790,1422
1790,1755
1790,1792
1791,420
1791,729
1791,948
1791,1390
1792,1790
1792,1805
1793,436
1793,441
1793,445
1793,556
1793,606
1793,725
1793,764
1793,846
1793,897
1793,963
1793,1015
1793,1033
1793,1079
1793,1227
1793,1244
1793,1371
1793,1413
1793,1566
1793,1701
1793,1832
1793,1877
1794,422
1794,423
1794,529
1794,713
1794,1223
1794,1430
1794,1627
1794,2080
1795,423
1795,595
1796,423
1796,433
1797,423
1798,290
1798,423
1798,424
1798,439
1798,519
1798,556
1798,631
1798,727
1798,741
1798,753
1798,761
1798,764
1798,943
1799,424
1800,424
1800,605
1801,425
1801,440
1801,640
1801,985
1801,1566
1802,425
1802,1640
1803,426
1803,436
1803,1653
1803,2086
1804,430
1804,623
1804,1593
1805,427
1805,1761
1805,1792
1806,436
1807,1235
1808,631
1808,1585
1809,423
1809,430
1809,435
1809,438
1809,442
1809,616
1810,438
1810,556
1810,621
1810,726
1810,807
1810,1585
1810,1889
1811,438
1811,974
1812,958
1812,1068
1813,846
1813,2017
1814,1783
1815,1948
1816,762
1816,843
1816,846
1816,883
1816,891
1816,1254
1816,1664
1816,1858
1817,1038
1817,1361
1817,1362
1818,749
1818,963
1818,966
1818,1045
1818,1835
1819,1296
1820,342
1820,443
1820,495
1820,629
1820,639
1820,897
1820,963
1820,1064
1820,1256
1820,1387
1820,1743
1820,1823
1821,443
1821,978
1821,1276
1821,1850
1822,445
1822,654
1822,929
1822,1881
1823,496
1823,842
1823,984
1823,1019
1823,1045
1823,1077
1823,1079
1823,1259
1823,1284
1823,1331
1823,2087
1824,1056
1824,1204
1824,1823
1825,443
1825,976
1825,1053
1825,1072
1825,1087
1825,1137
1825,1207
1825,1278
1825,1281
1825,1282
1825,1489
1825,1824
1826,1206
1827,310
1827,814
1827,823
1827,952
1827,1213
1828,1126
1828,1461
1828,1656
1828,1949
1828,2036
1829,636
1830,430
1831,438
1832,645
1832,1272
1832,1793
1832,1882
1833,419
1834,443
1834,597
1834,624
1834,762
1834,846
1834,887
1834,897
1834,900
1834,968
1834,1108
1834,1403
1835,443
1835,645
1835,961
1835,982
1835,985
1835,1042
1835,1059
1835,1818
1836,445
1837,453
1838,806
1838,1400
1838,1667
1839,739
1839,1017
1840,1774
1841,884
1841,887
1841,891
1841,1034
1841,1105
1841,1445
1842,883
1843,1367
1844,963
1845,892
1845,961
1846,706
1846,884
1847,1042
1847,1554
1847,1946
1848,964
1849,974
1849,1981
1850,846
1850,1019
1850,1774
1851,538
1851,910
1851,986
1851,1064
1851,1065
1851,1087
1851,1260
1851,1261
1851,1280
1851,1281
1851,1350
1851,1391
1851,1448
1851,1708
1851,1801
1851,1897
1852,443
1852,1281
1852,1774
1853,1077
1853,1237
1853,1309
1854,916
1854,1056
1854,1079
1854,1448
1854,1467
1855,919
1855,1357
1855,2077
1856,469
1857,538
1857,640
1857,837
1858,342
1858,430
1858,764
1858,843
1858,867
1858,879
1858,884
1858,981
1858,1019
1858,1621
1858,1774
1858,1816
1858,1922
1859,642
1859,875
1859,900
1859,965
1859,969
1859,975
1859,1207
1860,963
1860,965
1861,10
1861,480
1862,807
1862,1425
1863,907
1864,764
1865,764
1865,1321
1866,1940
1867,850
1867,930
1867,1023
1867,1150
1867,1152
1867,1158
1867,1160
1867,1168
1867,1169
1867,1180
1867,1185
1867,1376
1867,1485
1867,1505
1867,1506
1867,1542
1867,1631
1867,1632
1867,1724
1867,1951
1867,2000
1867,2009
1867,2030
1868,483
1868,1153
1868,1709
1868,1903
1869,1522
1869,1776
1870,324
1871,1059
1871,1261
1871,1274
1872,496
1872,614
1872,629
1872,765
1872,988
1872,1095
1872,1165
1872,1224
1872,1441
1872,1447
1872,1554
1872,1706
1872,2012
1873,609
1873,1056
1874,436
1874,1422
1875,502
1875,516
1876,729
1876,1079
1876,1683
1877,850
1877,968
1877,1325
1878,1423
1878,1775
1879,2012
1880,919
1880,1060
1880,1102
1880,1131
1880,1159
1880,1373
1880,1539
1880,1652
1881,928
1881,1187
1882,534
1882,589
1882,795
1882,805
1882,1403
1882,1584
1882,1608
1882,1832
1883,520
1883,590
1883,727
1883,738
1883,1261
1884,850
1884,985
1884,1019
1884,1059
1884,1260
1885,525
1886,313
1886,531
1886,540
1886,807
1886,1560
1886,2072
1887,786
1887,792
1887,796
1887,1221
1888,404
1888,777
1888,1128
1888,1345
1888,1996
1889,492
1889,713
1890,888
1890,988
1890,1571
1891,1056
1891,2026
1892,539
1892,1019
1892,1934
1893,815
1893,1103
1894,603
1894,823
1895,628
1895,645
1895,1620
1895,1640
1895,2089
1896,801
1896,967
1897,749
1897,846
1897,909
1897,961
1897,962
1897,972
1897,1052
1897,1851
1898,981
1899,1532
1899,1972
1899,1974
1900,1058
1900,1570
1901,1758
1902,579
1903,1769
1904,583
1904,1377
1905,591
1906,595
1907,597
1907,887
1907,1019
1907,1215
1908,599
1908,895
1908,1319
1909,643
1909,838
1909,1564
1909,1662
1910,604
1910,881
1910,1438
1911,1276
1912,424
1912,1235
1913,167
1914,492
1914,606
1914,729
1914,764
1914,888
1914,897
1914,1227
1915,609
1916,1987
1917,740
1917,1111
1917,1113
1917,1301
1917,1734
1918,650
1918,1128
1918,1152
1918,1159
1918,1227
1918,1376
1919,614
1919,645
1919,1723
1920,1686
1921,838
1921,1367
1921,1640
1921,1649
1922,838
1922,851
1922,884
1922,1619
1923,629
1923,968
1924,633
1924,758
1925,1281
1925,1826
1926,771
1926,842
1926,1260
1926,1261
1927,1280
1927,1928
1928,771
1928,1077
1928,1098
1928,1570
1928,1927
1929,912
1929,1082
1929,1137
1929,1248
1929,1404
1930,1445
1930,1505
1931,637
1931,1067
1931,1929
1932,1143
1932,1484
1933,763
1933,764
1933,838
1933,1026
1933,1247
1933,1649
1933,1774
1933,1961
1934,167
1934,647
1934,887
1934,888
1934,1061
1934,1079
1934,1570
1934,1571
1934,1685
1934,1687
1934,1892
1934,1986
1934,2086
1935,739
1936,856
1936,1030
1936,1276
1937,645
1937,749
1937,760
1937,961
1937,1319
1938,2084
1939,1172
1940,1103
1940,1105
1940,1108
1940,1307
1940,1357
1940,1506
1940,1866
1941,1103
1941,1248
1942,1944
1943,1157
1943,1509
1944,1422
1944,1724
1944,1942
1945,854
1945,972
1945,974
1945,984
1945,1275
1945,1403
1946,1689
1946,1847
1946,2024
1947,247
1947,706
1948,1163
1948,1465
1948,1769
1948,1815
1948,1972
1948,2040
1949,1052
1949,1539
1949,1828
1950,919
1950,1113
1951,1177
1951,1180
1952,2007
1953,930
1953,1190
1953,2032
1954,424
1954,716
1955,805
1955,830
1955,1696
1956,2090
1957,991
1958,683
1958,739
1959,769
1960,762
1961,764
1961,1026
1961,1933
1962,1138
1963,977
1963,1353
1964,390
1965,1468
1966,806
1966,1029
1967,813
1967,1113
1968,1518
1968,1942
1969,815
1970,822
1971,1307
1971,1471
1972,1501
1972,1542
1973,831
1974,585
1974,841
1974,1710
1975,1662
1976,1261
1977,1403
1978,977
1979,852
1980,854
1981,856
1981,1114
1981,1276
1981,1849
1982,1456
1982,1777
1983,984
1983,1570
1984,910
1985,1864
1986,1934
1987,1269
1987,1321
1987,1439
1987,1639
1987,1916
1988,911
1988,1120
1989,914
1989,1123
1989,1138
1989,1308
1990,912
1990,1292
1990,1461
1990,1541
1990,2034
1991,919
1991,922
1991,1307
1991,1716
1991,1736
1991,2063
1992,278
1992,812
1992,813
1992,916
1992,922
1992,923
1992,1143
1992,1187
1992,1188
1992,1224
1992,1474
1992,1483
1992,1490
1992,1495
1992,1505
1992,1632
1992,1903
1992,1950
1992,1991
1992,2034
1993,1162
1993,1166
1993,1181
1994,924
1995,2032
1996,1128
1997,1716
1998,1166
1998,1182
1999,1516
1999,1517
1999,1716
2000,927
2000,1162
2000,1723
2000,2059
2001,922
2001,1120
2001,1516
2001,1542
2001,1997
2001,2012
2002,1177
2002,1716
2003,1189
2004,1513
2004,1517
2004,2010
2004,2091
2005,1376
2005,1511
2005,2057
2006,1150
2006,1162
2006,2063
2007,151
2007,1999
2007,2008
2008,1085
2008,2007
2009,1152
2009,1158
2010,1184
2011,2046
2012,838
2012,1151
2012,1872
2013,1180
2013,1515
2014,959
2015,964
2015,1207
2015,1260
2015,1403
2016,966
2017,966
2017,1813
2018,966
2018,1189
2019,837
2019,969
2020,968
2020,975
2020,978
2021,823
2022,986
2023,850
2023,1111
2023,1143
2024,1946
2025,1023
2026,1137
2026,1307
2026,1372
2026,1873
2026,1891
2027,1206
2028,923
2028,928
2028,1151
2028,1152
2028,1157
2028,1167
2028,1172
2028,1542
2028,1725
2028,1899
2029,645
2029,1253
2030,1145
2030,1506
2030,1867
2031,201
2032,1189
2032,1372
2032,1517
2032,1995
2032,2079
2033,366
2033,510
2033,1065
2034,1091
2034,1101
2034,1108
2034,1479
2034,1652
2034,1990
2035,750
2035,888
2035,922
2035,1143
2035,1152
2035,1157
2035,1182
2035,1480
2035,1494
2035,1506
2035,1516
2035,1722
2035,1725
2035,2010
2036,389
2036,1113
2036,1212
2036,1307
2036,1357
2036,1473
2036,1828
2036,2034
2037,1851
2038,232
2038,1322
2039,1111
2039,1726
2039,1735
2040,1769
2041,1508
2042,1120
2042,1281
2043,958
2043,1042
2043,1920
2044,1112
2044,1474
2045,1376
2045,1509
2046,1899
2047,1373
2047,1736
2048,1069
2048,1375
2048,1480
2049,916
2049,1632
2050,159
2050,229
2050,278
2050,288
2050,373
2050,433
2050,451
2050,471
2050,604
2050,653
2050,656
2050,762
2050,823
2050,961
2050,985
2050,1084
2050,1158
2050,1319
2050,1385
2050,1471
2050,1497
2051,1118
2052,172
2052,751
2052,814
2052,1212
2052,1355
2053,1163
2053,1169
2053,1170
2053,1171
2053,1180
2053,1376
2053,1474
2053,1506
2053,1716
2053,1899
2053,1971
2053,1972
2053,2030
2054,1358
2055,1631
2056,1182
2057,2005
2057,2084
2058,983
2059,1723
2060,1513
2061,919
2061,1212
2062,1162
2063,1164
2063,2006
2064,917
2064,1128
2064,1453
2064,1506
2064,1827
2064,1888
2064,1903
2065,1178
2065,1502
2065,1723
2066,1950
2067,1184
2067,1307
2067,1513
2068,1189
2068,1510
2069,1516
2069,2056
2070,1443
2070,1701
2071,1736
2072,1276
2072,1440
2073,1305
2074,1321
2075,1351
2076,1403
2077,1497
2078,1530
2079,1953
2080,1794
2080,2088
2081,1620
2082,985
2082,1663
2083,1671
2084,1737
2084,1738
2085,595
2085,1761
2086,1934
2087,1823
2088,2080
2089,1895
2090,1200
2090,1956
2091,1881
2091,2004
