node_id,z0
0,0
1,1
2,2
3,3
4,0
5,4
6,5
7,6
8,7
9,0
10,8
11,9
12,10
13,11
14,10
15,3
16,12
17,12
18,4
19,13
20,14
21,15
22,6
23,13
24,16
25,17
26,18
27,4
28,9
29,19
30,20
31,0
32,21
33,3
34,9
35,22
36,11
37,7
38,23
39,15
40,10
41,24
42,3
43,25
44,26
45,27
46,22
47,28
48,16
49,16
50,1
51,29
52,1
53,30
54,10
55,14
56,13
57,13
58,9
59,5
60,14
61,26
62,8
63,22
64,10
65,11
66,3
67,31
68,10
69,11
70,3
71,16
72,13
73,26
74,31
75,24
76,17
77,31
78,32
79,7
80,16
81,26
82,6
83,6
84,28
85,33
86,20
87,5
88,13
89,17
90,19
91,34
92,19
93,20
94,9
95,9
96,25
97,6
98,24
99,1
100,13
101,5
102,13
103,18
104,10
105,10
106,15
107,13
108,16
109,33
110,1
111,18
112,6
113,13
114,26
115,19
116,34
117,9
118,26
119,19
120,32
121,13
122,13
123,5
124,14
125,11
126,26
127,10
128,11
129,4
130,13
131,13
132,12
133,26
134,13
135,9
136,4
137,15
138,3
139,16
140,29
141,20
142,2
143,13
144,34
145,20
146,11
147,6
148,9
149,6
150,3
151,31
152,13
153,9
154,30
155,6
156,14
157,18
158,34
159,6
160,16
161,15
162,26
163,5
164,26
165,15
166,3
167,2
168,0
169,2
170,8
171,4
172,25
173,5
174,10
175,27
176,3
177,26
178,15
179,30
180,3
181,13
182,35
183,6
184,5
185,32
186,20
187,13
188,12
189,31
190,26
191,19
192,10
193,22
194,12
195,7
196,35
197,31
198,20
199,31
200,28
201,22
202,36
203,13
204,19
205,32
206,27
207,13
208,29
209,37
210,15
211,3
212,27
213,29
214,17
215,11
216,6
217,35
218,19
219,26
220,26
221,26
222,13
223,13
224,36
225,9
226,0
227,13
228,31
229,3
230,13
231,4
232,0
233,33
234,35
235,10
236,25
237,31
238,17
239,12
240,29
241,3
242,37
243,15
244,28
245,24
246,31
247,22
248,13
249,9
250,11
251,11
252,34
253,29
254,18
255,26
256,13
257,27
258,16
259,5
260,13
261,13
262,26
263,18
264,25
265,19
266,24
267,19
268,26
269,13
270,13
271,15
272,3
273,7
274,13
275,16
276,15
277,13
278,14
279,23
280,31
281,6
282,29
283,15
284,21
285,27
286,15
287,16
288,5
289,14
290,18
291,27
292,26
293,13
294,13
295,33
296,11
297,9
298,28
299,14
300,3
301,28
302,29
303,36
304,0
305,6
306,11
307,22
308,3
309,27
310,24
311,9
312,4
313,5
314,15
315,26
316,13
317,3
318,16
319,28
320,12
321,26
322,16
323,13
324,17
325,7
326,24
327,37
328,1
329,31
330,30
331,20
332,22
333,34
334,28
335,5
336,26
337,0
338,12
339,30
340,30
341,31
342,3
343,31
344,20
345,11
346,12
347,10
348,2
349,13
350,35
351,4
352,26
353,4
354,7
355,3
356,10
357,16
358,31
359,13
360,33
361,11
362,1
363,18
364,7
365,1
366,13
367,26
368,20
369,3
370,23
371,17
372,17
373,3
374,26
375,1
376,30
377,21
378,29
379,3
380,5
381,14
382,26
383,26
384,26
385,36
386,4
387,20
388,33
389,35
390,3
391,19
392,15
393,33
394,2
395,26
396,19
397,31
398,21
399,29
400,13
401,12
402,26
403,37
404,22
405,13
406,5
407,1
408,28
409,16
410,26
411,20
412,30
413,22
414,13
415,26
416,17
417,5
418,35
419,24
420,11
421,13
422,10
423,0
424,3
425,0
426,7
427,37
428,0
429,8
430,33
431,28
432,0
433,27
434,9
435,35
436,27
437,16
438,26
439,20
440,24
441,26
442,13
443,23
444,26
445,11
446,2
447,9
448,10
449,16
450,22
451,13
452,27
453,26
454,33
455,16
456,13
457,29
458,2
459,13
460,26
461,7
462,11
463,31
464,12
465,27
466,36
467,10
468,17
469,1
470,7
471,13
472,26
473,33
474,6
475,26
476,4
477,10
478,12
479,0
480,13
481,35
482,24
483,14
484,20
485,37
486,31
487,29
488,8
489,19
490,18
491,13
492,31
493,5
494,26
495,27
496,10
497,34
498,16
499,6
500,2
501,27
502,13
503,13
504,13
505,31
506,7
507,35
508,28
509,10
510,31
511,10
512,26
513,6
514,35
515,5
516,20
517,3
518,5
519,0
520,5
521,14
522,3
523,15
524,11
525,33
526,24
527,23
528,24
529,31
530,28
531,6
532,24
533,19
534,33
535,34
536,33
537,26
538,25
539,26
540,24
541,20
542,34
543,19
544,17
545,28
546,26
547,29
548,13
549,9
550,37
551,5
552,10
553,13
554,0
555,14
556,10
557,21
558,7
559,13
560,1
561,26
562,10
563,3
564,5
565,17
566,26
567,9
568,32
569,33
570,15
571,30
572,9
573,20
574,7
575,20
576,31
577,32
578,30
579,13
580,29
581,33
582,20
583,11
584,8
585,26
586,21
587,23
588,12
589,24
590,24
591,37
592,5
593,25
594,3
595,2
596,27
597,9
598,26
599,11
600,26
601,26
602,12
603,23
604,16
605,26
606,16
607,32
608,23
609,1
610,9
611,16
612,14
613,0
614,1
615,12
616,36
617,11
618,15
619,3
620,17
621,0
622,13
623,13
624,25
625,29
626,23
627,35
628,3
629,36
630,3
631,3
632,16
633,30
634,7
635,3
636,15
637,26
638,5
639,26
640,37
641,2
642,7
643,2
644,11
645,36
646,13
647,27
648,20
649,9
650,0
651,36
652,26
653,7
654,26
655,16
656,2
657,11
658,3
659,31
660,11
661,10
662,6
663,19
664,26
665,11
666,17
667,29
668,26
669,5
670,26
671,26
672,13
673,11
674,11
675,13
676,30
677,10
678,13
679,5
680,3
681,34
682,28
683,30
684,3
685,9
686,15
687,3
688,3
689,28
690,26
691,29
692,16
693,22
694,31
695,16
696,16
697,26
698,1
699,0
700,21
701,1
702,19
703,13
704,26
705,29
706,3
707,10
708,24
709,26
710,5
711,20
712,32
713,9
714,0
715,13
716,25
717,13
718,31
719,8
720,13
721,7
722,26
723,32
724,30
725,25
726,18
727,36
728,15
729,7
730,22
731,17
732,27
733,13
734,11
735,29
736,13
737,31
738,23
739,13
740,33
741,21
742,20
743,28
744,11
745,3
746,11
747,1
748,13
749,34
750,0
751,27
752,11
753,13
754,12
755,2
756,13
757,28
758,30
759,24
760,33
761,25
762,1
763,4
764,11
765,29
766,10
767,10
768,7
769,13
770,13
771,12
772,28
773,26
774,15
775,20
776,26
777,16
778,9
779,23
780,9
781,26
782,0
783,26
784,10
785,7
786,13
787,9
788,20
789,15
790,26
791,26
792,5
793,0
794,35
795,26
796,32
797,18
798,30
799,1
800,28
801,15
802,24
803,20
804,22
805,37
806,16
807,37
808,27
809,33
810,12
811,1
812,10
813,33
814,22
815,15
816,3
817,23
818,26
819,18
820,37
821,9
822,23
823,13
824,8
825,13
826,13
827,16
828,3
829,19
830,22
831,29
832,9
833,26
834,19
835,11
836,13
837,34
838,1
839,18
840,20
841,33
842,16
843,19
844,6
845,24
846,15
847,28
848,28
849,27
850,16
851,2
852,20
853,1
854,3
855,16
856,0
857,2
858,13
859,13
860,13
861,26
862,26
863,26
864,36
865,1
866,34
867,10
868,37
869,26
870,18
871,20
872,5
873,10
874,26
875,15
876,30
877,29
878,13
879,18
880,20
881,27
882,20
883,1
884,9
885,20
886,4
887,11
888,3
889,20
890,13
891,10
892,32
893,10
894,18
895,4
896,19
897,6
898,12
899,26
900,11
901,13
902,16
903,15
904,7
905,20
906,7
907,12
908,26
909,14
910,13
911,3
912,13
913,26
914,17
915,28
916,26
917,23
918,26
919,30
920,9
921,6
922,15
923,16
924,26
925,31
926,11
927,0
928,26
929,26
930,11
931,24
932,6
933,16
934,16
935,9
936,10
937,26
938,3
939,26
940,6
941,28
942,26
943,34
944,7
945,23
946,26
947,30
948,10
949,20
950,3
951,8
952,23
953,3
954,11
955,16
956,33
957,26
958,2
959,5
960,13
961,26
962,7
963,28
964,13
965,35
966,10
967,3
968,18
969,26
970,36
971,18
972,18
973,16
974,15
975,22
976,33
977,37
978,24
979,29
980,11
981,32
982,10
983,37
984,11
985,25
986,13
987,9
988,10
989,13
990,3
991,5
992,16
993,13
994,0
995,20
996,3
997,31
998,32
999,10
1000,35
1001,18
1002,13
1003,13
1004,12
1005,15
1006,18
1007,31
1008,13
1009,22
1010,15
1011,11
1012,20
1013,29
1014,13
1015,26
1016,35
1017,29
1018,33
1019,14
1020,24
1021,21
1022,11
1023,3
1024,13
1025,10
1026,32
1027,9
1028,20
1029,0
1030,6
1031,10
1032,13
1033,12
1034,26
1035,4
1036,7
1037,5
1038,28
1039,6
1040,7
1041,2
1042,36
1043,33
1044,35
1045,5
1046,5
1047,8
1048,13
1049,30
1050,18
1051,17
1052,7
1053,2
1054,1
1055,20
1056,20
1057,25
1058,17
1059,32
1060,4
1061,13
1062,26
1063,31
1064,9
1065,13
1066,9
1067,32
1068,13
1069,26
1070,12
1071,10
1072,6
1073,3
1074,6
1075,21
1076,33
1077,20
1078,26
1079,33
1080,19
1081,13
1082,12
1083,26
1084,26
1085,35
1086,2
1087,0
1088,33
1089,7
1090,31
1091,20
1092,3
1093,16
1094,27
1095,24
1096,16
1097,20
1098,15
1099,35
1100,7
1101,6
1102,24
1103,13
1104,16
1105,13
1106,24
1107,3
1108,37
1109,26
1110,20
1111,13
1112,23
1113,37
1114,3
1115,31
1116,13
1117,26
1118,26
1119,6
1120,22
1121,16
1122,4
1123,15
1124,36
1125,16
1126,13
1127,33
1128,20
1129,29
1130,1
1131,34
1132,15
1133,15
1134,31
1135,20
1136,20
1137,16
1138,0
1139,16
1140,2
1141,30
1142,11
1143,24
1144,37
1145,3
1146,26
1147,13
1148,21
1149,27
1150,15
1151,10
1152,13
1153,24
1154,1
1155,26
1156,17
1157,16
1158,13
1159,26
1160,17
1161,11
1162,15
1163,5
1164,13
1165,25
1166,21
1167,0
1168,6
1169,0
1170,29
1171,30
1172,16
1173,11
1174,6
1175,23
1176,9
1177,34
1178,18
1179,18
1180,35
1181,26
1182,26
1183,36
1184,31
1185,28
1186,11
1187,18
1188,18
1189,28
1190,11
1191,20
1192,26
1193,11
1194,16
1195,35
1196,13
1197,13
1198,3
1199,21
1200,13
1201,5
1202,27
1203,9
1204,18
1205,8
1206,20
1207,13
1208,29
1209,13
1210,12
1211,4
1212,8
1213,6
1214,16
1215,20
1216,26
1217,10
1218,10
1219,14
1220,32
1221,25
1222,17
1223,13
1224,6
1225,3
1226,35
1227,16
1228,25
1229,27
1230,35
1231,4
1232,6
1233,13
1234,27
1235,26
1236,3
1237,8
1238,26
1239,3
1240,6
1241,9
1242,11
1243,13
1244,28
1245,26
1246,26
1247,16
1248,23
1249,28
1250,26
1251,1
1252,13
1253,13
1254,10
1255,11
1256,7
1257,13
1258,26
1259,15
1260,6
1261,27
1262,26
1263,33
1264,7
1265,5
1266,22
1267,27
1268,31
1269,5
1270,20
1271,3
1272,26
1273,26
1274,1
1275,13
1276,28
1277,14
1278,25
1279,26
1280,20
1281,29
1282,18
1283,13
1284,15
1285,7
1286,20
1287,1
1288,7
1289,28
1290,7
1291,27
1292,29
1293,15
1294,28
1295,35
1296,11
1297,31
1298,2
1299,18
1300,7
1301,13
1302,15
1303,26
1304,0
1305,19
1306,31
1307,26
1308,4
1309,16
1310,34
1311,3
1312,3
1313,6
1314,12
1315,14
1316,0
1317,17
1318,29
1319,26
1320,27
1321,13
1322,4
1323,13
1324,3
1325,0
1326,11
1327,26
1328,37
1329,16
1330,26
1331,6
1332,5
1333,20
1334,9
1335,16
1336,26
1337,28
1338,0
1339,27
1340,24
1341,12
1342,24
1343,30
1344,26
1345,33
1346,5
1347,11
1348,13
1349,6
1350,21
1351,30
1352,32
1353,21
1354,13
1355,13
1356,9
1357,33
1358,33
1359,29
1360,13
1361,26
1362,2
1363,0
1364,16
1365,36
1366,13
1367,29
1368,13
1369,8
1370,3
1371,13
1372,28
1373,15
1374,10
1375,28
1376,13
1377,10
1378,30
1379,26
1380,22
1381,24
1382,7
1383,11
1384,1
1385,30
1386,10
1387,18
1388,23
1389,17
1390,30
1391,14
1392,16
1393,30
1394,9
1395,13
1396,0
1397,11
1398,13
1399,33
1400,21
1401,18
1402,2
1403,4
1404,27
1405,25
1406,32
1407,13
1408,33
1409,28
1410,16
1411,33
1412,28
1413,16
1414,28
1415,1
1416,4
1417,15
1418,20
1419,26
1420,18
1421,37
1422,13
1423,29
1424,9
1425,7
1426,13
1427,34
1428,16
1429,32
1430,6
1431,5
1432,13
1433,26
1434,34
1435,13
1436,26
1437,2
1438,33
1439,20
1440,5
1441,7
1442,10
1443,7
1444,28
1445,26
1446,26
1447,26
1448,21
1449,27
1450,37
1451,16
1452,7
1453,19
1454,0
1455,17
1456,14
1457,10
1458,16
1459,17
1460,24
1461,13
1462,2
1463,10
1464,10
1465,9
1466,3
1467,6
1468,3
1469,20
1470,11
1471,10
1472,10
1473,19
1474,9
1475,23
1476,0
1477,6
1478,0
1479,18
1480,3
1481,26
1482,12
1483,11
1484,18
1485,20
1486,27
1487,13
1488,15
1489,9
1490,15
1491,29
1492,0
1493,23
1494,26
1495,20
1496,14
1497,34
1498,35
1499,30
1500,13
1501,3
1502,32
1503,20
1504,12
1505,6
1506,26
1507,5
1508,24
1509,16
1510,35
1511,13
1512,4
1513,33
1514,21
1515,13
1516,17
1517,21
1518,16
1519,31
1520,33
1521,21
1522,23
1523,24
1524,34
1525,20
1526,29
1527,6
1528,13
1529,3
1530,28
1531,26
1532,13
1533,18
1534,29
1535,6
1536,3
1537,0
1538,24
1539,36
1540,11
1541,5
1542,2
1543,6
1544,16
1545,8
1546,3
1547,13
1548,10
1549,20
1550,13
1551,33
1552,37
1553,7
1554,26
1555,7
1556,13
1557,3
1558,18
1559,21
1560,33
1561,30
1562,24
1563,26
1564,25
1565,10
1566,10
1567,6
1568,38
1569,1
1570,0
1571,14
1572,13
1573,14
1574,16
1575,26
1576,20
1577,27
1578,8
1579,19
1580,13
1581,13
1582,20
1583,26
1584,15
1585,21
1586,26
1587,37
1588,0
1589,17
1590,26
1591,1
1592,13
1593,5
1594,31
1595,26
1596,13
1597,37
1598,29
1599,26
1600,26
1601,34
1602,20
1603,13
1604,5
1605,13
1606,28
1607,1
1608,13
1609,33
1610,33
1611,10
1612,9
1613,30
1614,7
1615,30
1616,13
1617,10
1618,16
1619,12
1620,33
1621,13
1622,3
1623,33
1624,19
1625,21
1626,3
1627,0
1628,22
1629,26
1630,26
1631,0
1632,26
1633,30
1634,26
1635,30
1636,7
1637,11
1638,0
1639,32
1640,25
1641,30
1642,26
1643,7
1644,0
1645,30
1646,26
1647,35
1648,26
1649,23
1650,13
1651,26
1652,16
1653,13
1654,3
1655,23
1656,26
1657,5
1658,29
1659,13
1660,31
1661,20
1662,10
1663,22
1664,2
1665,13
1666,9
1667,29
1668,13
1669,16
1670,23
1671,26
1672,34
1673,26
1674,17
1675,16
1676,11
1677,37
1678,6
1679,15
1680,34
1681,17
1682,3
1683,13
1684,10
1685,32
1686,2
1687,27
1688,26
1689,33
1690,10
1691,34
1692,3
1693,26
1694,13
1695,26
1696,5
1697,1
1698,5
1699,15
1700,30
1701,17
1702,26
1703,19
1704,33
1705,19
1706,27
1707,33
1708,15
1709,30
1710,28
1711,18
1712,23
1713,3
1714,16
1715,28
1716,3
1717,13
1718,16
1719,31
1720,5
1721,20
1722,0
1723,16
1724,6
1725,29
1726,11
1727,26
1728,13
1729,2
1730,26
1731,24
1732,21
1733,24
1734,3
1735,29
1736,28
1737,11
1738,14
1739,7
1740,14
1741,20
1742,7
1743,10
1744,6
1745,33
1746,10
1747,13
1748,6
1749,4
1750,7
1751,10
1752,16
1753,26
1754,37
1755,26
1756,33
1757,16
1758,31
1759,2
1760,29
1761,3
1762,9
1763,11
1764,5
1765,27
1766,26
1767,6
1768,29
1769,24
1770,24
1771,26
1772,6
1773,3
1774,31
1775,4
1776,13
1777,26
1778,23
1779,20
1780,11
1781,26
1782,13
1783,0
1784,18
1785,20
1786,13
1787,9
1788,2
1789,28
1790,13
1791,9
1792,18
1793,9
1794,9
1795,26
1796,22
1797,5
1798,4
1799,31
1800,13
1801,29
1802,10
1803,25
1804,11
1805,26
1806,15
1807,5
1808,17
1809,29
1810,6
1811,13
1812,0
1813,30
1814,3
1815,26
1816,13
1817,7
1818,11
1819,3
1820,26
1821,21
1822,9
1823,36
1824,29
1825,26
1826,34
1827,22
1828,18
1829,1
1830,16
1831,28
1832,22
1833,14
1834,0
1835,18
1836,17
1837,11
1838,31
1839,6
1840,27
1841,30
1842,2
1843,27
1844,35
1845,33
1846,33
1847,28
1848,20
1849,27
1850,36
1851,31
1852,26
1853,29
1854,13
1855,1
1856,17
1857,35
1858,11
1859,19
1860,11
1861,1
1862,10
1863,5
1864,24
1865,26
1866,7
1867,26
1868,19
1869,13
1870,24
1871,7
1872,26
1873,19
1874,17
1875,13
1876,15
1877,5
1878,13
1879,33
1880,3
1881,16
1882,15
1883,1
1884,13
1885,13
1886,6
1887,16
1888,28
1889,26
1890,19
1891,30
1892,11
1893,7
1894,18
1895,26
1896,29
1897,20
1898,27
1899,26
1900,16
1901,26
1902,15
1903,36
1904,36
1905,3
1906,33
1907,16
1908,5
1909,13
1910,5
1911,10
1912,15
1913,20
1914,26
1915,0
1916,16
1917,13
1918,24
1919,9
1920,18
1921,13
1922,33
1923,16
1924,1
1925,9
1926,26
1927,24
1928,20
1929,18
1930,27
1931,3
1932,26
1933,7
1934,6
1935,8
1936,26
1937,2
1938,3
1939,28
1940,2
1941,29
1942,26
1943,1
1944,0
1945,18
1946,29
1947,26
1948,26
1949,15
1950,23
1951,13
1952,1
1953,19
1954,37
1955,20
1956,26
1957,33
1958,11
1959,32
1960,31
1961,34
1962,14
1963,10
1964,10
1965,12
1966,26
1967,5
1968,22
1969,5
1970,5
1971,14
1972,27
1973,3
1974,11
1975,34
1976,33
1977,10
1978,37
1979,1
1980,37
1981,6
1982,7
1983,33
1984,20
1985,10
1986,1
1987,33
1988,30
1989,20
1990,1
1991,26
1992,26
1993,32
1994,9
1995,10
1996,13
1997,10
1998,6
1999,35
2000,27
2001,18
2002,13
2003,3
2004,20
2005,9
2006,0
2007,28
2008,13
2009,24
2010,21
2011,4
2012,29
2013,37
2014,18
2015,2
2016,13
2017,9
2018,33
2019,12
2020,1
2021,24
2022,36
2023,31
2024,24
2025,7
2026,10
2027,3
2028,24
2029,13
2030,3
2031,10
2032,20
2033,11
2034,24
2035,28
2036,13
2037,20
2038,20
2039,0
2040,3
2041,28
2042,16
2043,31
2044,15
2045,3
2046,13
2047,23
2048,24
2049,26
2050,20
2051,6
2052,11
2053,6
2054,12
2055,13
2056,1
2057,4
2058,29
2059,18
2060,18
2061,1
2062,8
2063,18
2064,13
2065,3
2066,18
2067,24
2068,2
2069,20
2070,37
2071,25
2072,35
2073,26
2074,7
2075,3
2076,26
2077,26
2078,1
2079,3
2080,26
2081,26
2082,10
2083,34
2084,13
2085,27
2086,13
2087,24
2088,13
2089,13
2090,34
2091,11
2092,29
2093,3
2094,10
2095,28
2096,37
2097,20
2098,0
2099,12
2100,12
2101,24
2102,10
2103,32
2104,35
2105,0
2106,13
2107,26
2108,30
2109,28
2110,13
2111,37
2112,13
2113,3
2114,0
2115,30
2116,15
2117,26
2118,25
2119,13
2120,14
2121,16
2122,16
2123,1
2124,34
2125,6
2126,12
2127,26
2128,20
2129,3
2130,10
2131,20
2132,11
2133,6
2134,26
2135,27
2136,13
2137,1
2138,13
2139,20
2140,13
2141,13
2142,0
2143,29
2144,33
2145,13
2146,18
2147,22
2148,20
2149,6
2150,34
2151,13
2152,16
2153,29
2154,1
2155,27
2156,24
2157,26
2158,26
2159,26
2160,31
2161,6
2162,5
2163,6
2164,15
2165,12
2166,16
2167,26
2168,13
2169,22
2170,10
2171,20
2172,13
2173,17
2174,2
2175,18
2176,3
2177,26
2178,12
2179,26
2180,11
2181,26
2182,3
2183,13
2184,16
2185,6
2186,32
2187,0
2188,2
2189,28
2190,24
2191,20
2192,27
2193,33
2194,28
2195,7
2196,3
2197,33
2198,23
2199,26
2200,13
2201,26
2202,14
2203,2
2204,15
2205,7
2206,25
2207,30
2208,6
2209,18
2210,24
2211,33
2212,8
2213,10
2214,18
2215,17
2216,11
2217,24
2218,25
2219,3
2220,9
2221,3
2222,31
2223,29
2224,25
2225,3
2226,5
2227,13
2228,14
2229,31
2230,33
2231,3
2232,26
2233,28
2234,11
2235,27
2236,36
2237,29
2238,18
2239,17
2240,13
2241,7
2242,6
2243,25
2244,13
2245,29
2246,30
2247,10
2248,10
2249,16
2250,16
2251,5
2252,9
2253,10
2254,9
2255,33
2256,18
2257,31
2258,30
2259,31
2260,5
2261,10
2262,13
2263,15
2264,26
2265,31
2266,30
2267,27
2268,30
2269,25
2270,1
2271,26
2272,31
2273,26
2274,26
2275,15
2276,5
2277,0
2278,5
2279,25
2280,31
2281,13
2282,21
2283,15
2284,28
2285,6
2286,26
2287,11
2288,11
2289,13
2290,17
2291,16
2292,34
2293,6
2294,3
2295,3
2296,1
2297,11
2298,29
2299,11
2300,13
2301,3
2302,13
2303,19
2304,16
2305,13
2306,13
2307,15
2308,34
2309,12
2310,4
2311,26
2312,16
2313,13
2314,3
2315,20
2316,29
2317,6
2318,22
2319,24
2320,33
2321,20
2322,13
2323,13
2324,6
2325,25
2326,16
2327,29
2328,6
2329,9
2330,3
2331,23
2332,27
2333,36
2334,1
2335,15
2336,26
2337,9
2338,9
2339,36
2340,33
2341,9
2342,15
2343,3
2344,22
2345,28
2346,33
2347,15
2348,18
2349,0
2350,31
2351,3
2352,28
2353,2
2354,7
2355,18
2356,19
2357,9
2358,26
2359,7
2360,3
2361,31
2362,9
2363,0
2364,7
2365,6
2366,4
2367,12
2368,33
2369,13
2370,26
2371,16
2372,34
2373,11
2374,30
2375,35
2376,11
2377,20
2378,27
2379,34
2380,26
2381,10
2382,21
2383,19
2384,13
2385,6
2386,13
2387,7
2388,24
2389,3
2390,33
2391,6
2392,13
2393,36
2394,35
2395,7
2396,9
2397,15
2398,20
2399,26
2400,3
2401,18
2402,3
2403,23
2404,28
2405,20
2406,26
2407,2
2408,0
2409,13
2410,27
2411,19
2412,3
2413,10
2414,17
2415,30
2416,0
2417,34
2418,29
2419,16
2420,7
2421,17
2422,26
2423,11
2424,10
2425,6
2426,35
2427,16
2428,34
2429,6
2430,35
2431,13
2432,15
2433,16
2434,22
2435,6
2436,11
2437,13
2438,26
2439,3
2440,33
2441,24
2442,31
2443,3
2444,4
2445,12
2446,13
2447,25
2448,24
2449,23
2450,20
2451,5
2452,34
2453,9
2454,3
2455,19
2456,29
2457,20
2458,11
2459,28
2460,28
2461,13
2462,1
2463,30
2464,27
2465,1
2466,30
2467,23
2468,33
2469,24
2470,26
2471,7
2472,13
2473,22
2474,6
2475,13
2476,20
2477,13
2478,24
2479,13
2480,0
2481,5
2482,34
2483,29
2484,23
2485,32
2486,26
2487,20
2488,29
2489,29
2490,26
2491,26
2492,28
2493,13
2494,25
2495,3
2496,32
2497,11
2498,29
2499,14
2500,13
2501,18
2502,34
2503,14
2504,20
2505,11
2506,13
2507,26
2508,21
2509,5
2510,26
2511,0
2512,30
2513,28
2514,11
2515,34
2516,26
2517,13
2518,24
2519,20
2520,18
2521,29
2522,12
2523,7
2524,0
2525,10
2526,17
2527,26
2528,13
2529,29
2530,13
2531,30
2532,25
2533,16
2534,11
2535,13
2536,22
2537,6
2538,36
2539,4
2540,11
2541,21
2542,12
2543,7
2544,30
2545,23
2546,24
2547,19
2548,10
2549,13
2550,13
2551,12
2552,27
2553,32
2554,37
2555,10
2556,13
2557,29
2558,27
2559,11
2560,37
2561,29
2562,27
2563,29
2564,0
2565,32
2566,13
2567,9
2568,6
2569,21
2570,33
2571,10
2572,2
2573,31
2574,1
2575,5
2576,28
2577,5
2578,31
2579,23
2580,29
2581,25
2582,13
2583,0
2584,26
2585,28
2586,16
2587,26
2588,7
2589,13
2590,27
2591,3
2592,33
2593,8
2594,15
2595,29
2596,0
2597,20
2598,26
2599,27
2600,3
2601,15
2602,9
2603,28
2604,13
2605,3
2606,13
2607,31
2608,10
2609,10
2610,26
2611,16
2612,26
2613,35
2614,31
2615,34
2616,9
2617,24
2618,13
2619,17
2620,13
2621,31
2622,16
2623,32
2624,26
2625,0
2626,29
2627,37
2628,29
2629,6
2630,0
2631,29
2632,3
2633,24
2634,26
2635,33
2636,1
2637,32
2638,22
2639,26
2640,33
2641,23
2642,28
2643,11
2644,34
2645,1
2646,13
2647,24
2648,26
2649,18
2650,26
2651,28
2652,11
2653,3
2654,11
2655,15
2656,9
2657,33
2658,7
2659,37
2660,16
2661,24
2662,15
2663,15
2664,9
2665,10
2666,1
2667,1
2668,9
2669,33
2670,20
2671,13
2672,34
2673,22
2674,13
2675,28
2676,10
2677,13
2678,18
2679,31
2680,13
2681,13
2682,16
2683,20
2684,29
2685,10
2686,3
2687,6
2688,29
2689,30
2690,34
2691,13
2692,3
2693,29
2694,13
2695,14
2696,11
2697,23
2698,5
2699,4
2700,26
2701,6
2702,0
2703,15
2704,24
2705,11
2706,14
2707,7
2708,10
2709,28
2710,10
2711,26
2712,10
2713,22
2714,17
2715,19
2716,18
2717,26
2718,26
2719,18
2720,16
2721,34
2722,13
2723,16
2724,3
2725,11
2726,18
2727,27
2728,13
2729,28
2730,13
2731,16
2732,30
2733,0
2734,3
2735,22
2736,23
2737,14
2738,6
2739,13
2740,13
2741,24
2742,29
2743,13
2744,31
2745,29
2746,19
2747,14
2748,14
2749,13
2750,34
2751,29
2752,7
2753,19
2754,20
2755,16
2756,13
2757,34
2758,8
2759,6
2760,13
2761,2
2762,23
2763,6
2764,10
2765,26
2766,6
2767,13
2768,35
2769,10
2770,18
2771,3
2772,30
2773,31
2774,21
2775,0
2776,10
2777,30
2778,1
2779,13
2780,13
2781,13
2782,1
2783,16
2784,16
2785,13
2786,10
2787,19
2788,13
2789,6
2790,14
2791,33
2792,31
2793,16
2794,10
2795,17
2796,35
2797,15
2798,20
2799,28
2800,13
2801,20
2802,13
2803,33
2804,20
2805,13
2806,33
2807,26
2808,34
2809,16
2810,19
2811,0
2812,14
2813,25
2814,8
2815,9
2816,18
2817,10
2818,0
2819,18
2820,30
2821,8
2822,26
2823,27
2824,12
2825,13
2826,33
2827,0
2828,26
2829,22
2830,23
2831,26
2832,9
2833,3
2834,7
2835,1
2836,29
2837,22
2838,0
2839,37
2840,11
2841,7
2842,26
2843,15
2844,5
2845,23
2846,26
2847,26
2848,0
2849,12
2850,28
2851,1
2852,26
2853,30
2854,26
2855,28
2856,31
2857,10
2858,19
2859,26
2860,27
2861,15
2862,24
2863,7
2864,26
2865,3
2866,15
2867,23
2868,15
2869,3
2870,6
2871,15
2872,27
2873,13
2874,19
2875,20
2876,13
2877,3
2878,22
2879,23
2880,24
2881,30
2882,33
2883,37
2884,23
2885,27
2886,26
2887,24
2888,31
2889,16
2890,3
2891,30
2892,13
2893,20
2894,10
2895,20
2896,13
2897,29
2898,16
2899,27
2900,24
2901,6
2902,18
2903,26
2904,3
2905,13
2906,13
2907,9
2908,24
2909,16
2910,11
2911,37
2912,26
2913,13
2914,26
2915,24
2916,9
2917,28
2918,16
2919,16
2920,29
2921,14
2922,31
2923,6
2924,13
2925,2
2926,26
2927,23
2928,9
2929,15
2930,37
2931,21
2932,29
2933,27
2934,15
2935,3
2936,10
2937,18
2938,13
2939,13
2940,24
2941,24
2942,2
2943,3
2944,37
2945,12
2946,27
2947,11
2948,11
2949,11
2950,23
2951,20
2952,36
2953,31
2954,11
2955,36
2956,3
2957,25
2958,10
2959,13
2960,35
2961,25
2962,18
2963,29
2964,37
2965,22
2966,7
2967,5
2968,19
2969,13
2970,10
2971,31
2972,13
2973,20
2974,15
2975,29
2976,13
2977,12
2978,1
2979,31
2980,36
2981,26
2982,20
2983,20
2984,23
2985,34
2986,12
2987,29
2988,23
2989,13
2990,13
2991,13
2992,13
2993,27
2994,10
2995,22
2996,6
2997,13
2998,31
2999,10
3000,25
3001,17
3002,26
3003,1
3004,3
3005,2
3006,31
3007,6
3008,33
3009,29
3010,18
3011,15
3012,20
3013,26
3014,29
3015,34
3016,3
3017,37
3018,15
3019,10
3020,26
3021,13
3022,3
3023,22
3024,26
3025,28
3026,33
3027,4
3028,2
3029,26
3030,31
3031,24
3032,19
3033,27
3034,33
3035,15
3036,24
3037,26
3038,37
3039,15
3040,26
3041,5
3042,25
3043,17
3044,0
3045,10
3046,13
3047,3
3048,11
3049,6
3050,26
3051,20
3052,33
3053,13
3054,28
3055,30
3056,13
3057,19
3058,14
3059,21
3060,6
3061,6
3062,21
3063,28
3064,0
3065,18
3066,11
3067,17
3068,36
3069,25
3070,32
3071,1
3072,26
3073,26
3074,18
3075,26
3076,16
3077,10
3078,20
3079,16
3080,37
3081,16
3082,33
3083,23
3084,6
3085,3
3086,2
3087,3
3088,4
3089,29
3090,1
3091,22
3092,15
3093,24
3094,32
3095,0
3096,33
3097,30
3098,7
3099,10
3100,26
3101,1
3102,2
3103,27
3104,36
3105,28
3106,20
3107,3
3108,11
3109,29
3110,6
3111,1
3112,35
3113,16
3114,13
3115,2
3116,13
3117,9
3118,18
3119,6
3120,10
3121,17
3122,1
3123,23
3124,24
3125,9
3126,27
3127,13
3128,26
3129,7
3130,28
3131,18
3132,27
3133,16
3134,20
3135,9
3136,4
3137,15
3138,6
3139,34
3140,25
3141,5
3142,4
3143,5
3144,1
3145,13
3146,13
3147,9
3148,21
3149,33
3150,13
3151,3
3152,14
3153,16
3154,31
3155,11
3156,7
3157,27
3158,25
3159,26
3160,14
3161,16
3162,11
3163,7
3164,5
3165,25
3166,7
3167,3
3168,18
3169,30
3170,9
3171,21
3172,14
3173,33
3174,16
3175,5
3176,4
3177,3
3178,14
3179,26
3180,33
3181,31
3182,26
3183,3
3184,10
3185,13
3186,10
3187,25
3188,13
3189,16
3190,31
3191,18
3192,15
3193,3
3194,12
3195,11
3196,1
3197,37
3198,1
3199,18
3200,13
3201,7
3202,16
3203,29
3204,23
3205,28
3206,18
3207,9
3208,7
3209,21
3210,29
3211,29
3212,31
3213,13
3214,26
3215,13
3216,13
3217,24
3218,37
3219,16
3220,37
3221,20
3222,19
3223,16
3224,13
3225,17
3226,16
3227,10
3228,32
3229,33
3230,0
3231,16
3232,18
3233,18
3234,24
3235,20
3236,16
3237,22
3238,26
3239,6
3240,13
3241,6
3242,33
3243,11
3244,33
3245,8
3246,1
3247,2
3248,22
3249,27
3250,26
3251,13
3252,16
3253,10
3254,21
3255,31
3256,9
3257,6
3258,3
3259,31
3260,13
3261,3
3262,13
3263,34
3264,15
3265,3
3266,26
3267,20
3268,7
3269,16
3270,9
3271,15
3272,13
3273,27
3274,5
3275,26
3276,10
3277,18
3278,31
3279,28
3280,12
3281,12
3282,17
3283,12
3284,27
3285,26
3286,13
3287,21
3288,1
3289,24
3290,17
3291,6
3292,3
3293,21
3294,33
3295,24
3296,15
3297,37
3298,37
3299,3
3300,13
3301,17
3302,13
3303,12
3304,16
3305,5
3306,12
3307,14
3308,10
3309,25
3310,3
3311,29
3312,11
3313,3
3314,34
3315,13
3316,20
3317,3
3318,33
3319,4
3320,27
3321,33
3322,37
3323,22
3324,7
3325,5
3326,25
3327,3
3328,35
3329,6
3330,6
3331,16
3332,8
3333,11
3334,24
3335,13
3336,28
3337,16
3338,15
3339,26
3340,28
3341,19
3342,10
3343,24
3344,8
3345,29
3346,11
3347,33
3348,36
3349,11
3350,2
3351,37
3352,11
3353,13
3354,13
3355,17
3356,13
3357,9
3358,30
3359,31
3360,3
3361,15
3362,30
3363,30
3364,30
3365,37
3366,16
3367,13
3368,26
3369,23
3370,5
3371,26
3372,27
3373,26
3374,1
3375,13
3376,3
3377,13
3378,34
3379,13
3380,34
3381,4
3382,34
3383,5
3384,30
3385,33
3386,26
3387,34
3388,30
3389,26
3390,15
3391,13
3392,35
3393,13
3394,16
3395,2
3396,6
3397,23
3398,13
3399,33
3400,2
3401,34
3402,18
3403,7
3404,13
3405,13
3406,2
3407,26
3408,5
3409,26
3410,29
3411,33
3412,1
3413,0
3414,16
3415,5
3416,16
3417,10
3418,26
3419,13
3420,24
3421,26
3422,2
3423,27
3424,26
3425,13
3426,35
3427,26
3428,2
3429,13
3430,20
3431,13
3432,1
3433,13
3434,29
3435,25
3436,26
3437,33
3438,8
3439,7
3440,30
3441,2
3442,19
3443,13
3444,28
3445,5
3446,0
3447,15
3448,3
3449,13
3450,13
3451,33
3452,5
3453,13
3454,0
3455,16
3456,23
3457,30
3458,36
3459,13
3460,13
3461,16
3462,0
3463,3
3464,16
3465,11
3466,33
3467,13
3468,13
3469,37
3470,24
3471,28
3472,3
3473,15
3474,18
3475,30
3476,5
3477,21
3478,18
3479,37
3480,16
3481,4
3482,26
3483,30
3484,25
3485,16
3486,3
3487,6
3488,7
3489,15
3490,27
3491,26
3492,3
3493,3
3494,29
3495,20
3496,26
3497,20
3498,26
3499,34
3500,7
3501,5
3502,15
3503,12
3504,15
3505,16
3506,26
3507,36
3508,28
3509,16
3510,5
3511,20
3512,23
3513,0
3514,29
3515,6
3516,34
3517,29
3518,30
3519,18
3520,22
3521,11
3522,29
3523,13
3524,13
3525,26
3526,26
3527,10
3528,13
3529,24
3530,3
3531,29
3532,20
3533,26
3534,18
3535,26
3536,16
3537,13
3538,20
3539,1
3540,13
3541,18
3542,3
3543,30
3544,13
3545,30
3546,31
3547,13
3548,37
3549,13
3550,1
3551,28
3552,31
3553,6
3554,29
3555,37
3556,20
3557,6
3558,11
3559,34
3560,0
3561,31
3562,6
3563,24
3564,20
3565,23
3566,30
3567,28
3568,6
3569,11
3570,13
3571,1
3572,13
3573,13
3574,0
3575,10
3576,30
3577,22
3578,20
3579,16
3580,30
3581,10
3582,27
3583,31
3584,37
3585,13
3586,7
3587,33
3588,10
3589,2
3590,0
3591,26
3592,27
3593,26
3594,9
3595,13
3596,29
3597,33
3598,16
3599,37
3600,13
3601,15
3602,12
3603,24
3604,5
3605,22
3606,11
3607,15
3608,6
3609,22
3610,13
3611,23
3612,35
3613,13
3614,7
3615,1
3616,28
3617,15
3618,7
3619,26
3620,18
3621,15
3622,33
3623,11
3624,31
3625,13
3626,14
3627,7
3628,0
3629,6
3630,13
3631,18
3632,16
3633,16
3634,29
3635,10
3636,26
3637,26
3638,28
3639,33
3640,13
3641,22
3642,16
3643,31
3644,27
3645,30
3646,13
3647,6
3648,29
3649,36
3650,7
3651,0
3652,26
3653,16
3654,20
3655,26
3656,13
3657,16
3658,36
3659,3
3660,30
3661,33
3662,25
3663,6
3664,13
3665,14
3666,26
3667,20
3668,5
3669,26
3670,26
3671,31
3672,29
3673,20
3674,14
3675,24
3676,10
3677,14
3678,19
3679,26
3680,24
3681,30
3682,3
3683,19
3684,14
3685,11
3686,31
3687,3
3688,37
3689,20
3690,13
3691,13
3692,15
3693,3
3694,13
3695,13
3696,33
3697,9
3698,20
3699,3
3700,8
3701,13
3702,11
3703,27
3704,16
3705,33
3706,25
3707,22
3708,24
3709,22
3710,22
3711,22
3712,13
3713,12
3714,31
3715,14
3716,13
3717,26
3718,13
3719,3
3720,26
3721,33
3722,10
3723,22
3724,13
3725,26
3726,6
3727,3
3728,28
3729,5
3730,3
3731,3
3732,3
3733,11
3734,3
3735,13
3736,17
3737,13
3738,29
3739,24
3740,1
3741,36
3742,5
3743,6
3744,15
3745,10
3746,12
3747,3
3748,13
3749,1
3750,31
3751,26
3752,20
3753,27
3754,13
3755,13
3756,29
3757,16
3758,28
3759,11
3760,26
3761,29
3762,37
3763,23
3764,26
3765,31
3766,11
3767,1
3768,3
3769,12
3770,23
3771,23
3772,15
3773,6
3774,26
3775,10
3776,12
3777,5
3778,17
3779,17
3780,23
3781,10
3782,25
3783,31
3784,6
3785,3
3786,20
3787,3
3788,13
3789,13
3790,14
3791,20
3792,5
3793,30
3794,13
3795,24
3796,13
3797,24
3798,4
3799,33
3800,3
3801,14
3802,30
3803,13
3804,26
3805,11
3806,10
3807,26
3808,11
3809,7
3810,37
3811,13
3812,2
3813,26
3814,20
3815,37
3816,23
3817,13
3818,15
3819,29
3820,16
3821,33
3822,9
3823,13
3824,26
3825,35
3826,27
3827,26
3828,11
3829,13
3830,19
3831,13
3832,29
3833,11
3834,3
3835,0
3836,13
3837,10
3838,16
3839,15
3840,11
3841,15
3842,10
3843,33
3844,5
3845,18
3846,10
3847,5
3848,11
3849,11
3850,36
3851,10
3852,26
3853,10
3854,33
3855,3
3856,16
3857,26
3858,30
3859,10
3860,21
3861,13
3862,18
3863,6
3864,25
3865,36
3866,13
3867,27
3868,34
3869,24
3870,32
3871,16
3872,10
3873,34
3874,9
3875,22
3876,27
3877,12
3878,26
3879,17
3880,34
3881,16
3882,11
3883,28
3884,29
3885,13
3886,16
3887,11
3888,32
3889,1
3890,6
3891,27
3892,24
3893,9
3894,13
3895,6
3896,24
3897,14
3898,0
3899,26
3900,3
3901,5
3902,24
3903,16
3904,5
3905,29
3906,24
3907,13
3908,3
3909,16
3910,31
3911,13
3912,13
3913,26
3914,26
3915,13
3916,13
3917,7
3918,15
3919,3
3920,13
3921,25
3922,27
3923,19
3924,31
3925,11
3926,12
3927,11
3928,5
3929,13
3930,15
3931,31
3932,20
3933,0
3934,11
3935,16
3936,20
3937,13
3938,5
3939,16
3940,13
3941,17
3942,7
3943,26
3944,28
3945,26
3946,29
3947,29
3948,25
3949,29
3950,6
3951,15
3952,17
3953,19
3954,27
3955,3
3956,26
3957,11
3958,2
3959,5
3960,13
3961,2
3962,13
3963,33
3964,25
3965,11
3966,22
3967,3
3968,29
3969,29
3970,26
3971,22
3972,28
3973,19
3974,15
3975,13
3976,20
3977,11
3978,20
3979,5
3980,13
3981,11
3982,20
3983,11
3984,28
3985,6
3986,1
3987,13
3988,3
3989,11
3990,18
3991,31
3992,3
3993,35
3994,10
3995,35
3996,34
3997,26
3998,11
3999,18
4000,32
4001,30
4002,2
4003,1
4004,0
4005,9
4006,9
4007,26
4008,4
4009,36
4010,17
4011,20
4012,3
4013,6
4014,28
4015,13
4016,7
4017,16
4018,13
4019,17
4020,16
4021,9
4022,10
4023,29
4024,6
4025,23
4026,11
4027,13
4028,10
4029,3
4030,11
4031,16
4032,33
4033,26
4034,10
4035,24
4036,5
4037,31
4038,13
4039,26
4040,20
4041,13
4042,3
4043,27
4044,28
4045,12
4046,29
4047,13
4048,13
4049,13
4050,10
4051,16
4052,14
4053,26
4054,5
4055,18
4056,15
4057,26
4058,35
4059,3
4060,12
4061,13
4062,5
4063,6
4064,37
4065,15
4066,13
4067,2
4068,33
4069,12
4070,1
4071,14
4072,4
4073,26
4074,34
4075,3
4076,31
4077,26
4078,17
4079,18
4080,25
4081,3
4082,13
4083,23
4084,37
4085,25
4086,29
4087,31
4088,13
4089,11
4090,29
4091,30
4092,18
4093,8
4094,26
4095,17
4096,11
4097,0
4098,27
4099,27
4100,10
4101,18
4102,8
4103,0
4104,21
4105,6
4106,16
4107,6
4108,7
4109,0
4110,2
4111,26
4112,29
4113,26
4114,6
4115,3
4116,0
4117,15
4118,35
4119,10
4120,10
4121,15
4122,37
4123,2
4124,13
4125,13
4126,13
4127,30
4128,18
4129,10
4130,7
4131,23
4132,33
4133,18
4134,23
4135,13
4136,27
4137,21
4138,15
4139,14
4140,6
4141,15
4142,37
4143,26
4144,31
4145,6
4146,9
4147,20
4148,10
4149,17
4150,29
4151,3
4152,2
4153,34
4154,0
4155,26
4156,32
4157,32
4158,19
4159,15
4160,7
4161,2
4162,24
4163,28
4164,13
4165,31
4166,22
4167,2
4168,13
4169,15
4170,7
4171,16
4172,22
4173,20
4174,7
4175,15
4176,13
4177,12
4178,20
4179,7
4180,18
4181,19
4182,9
4183,23
4184,10
4185,29
4186,5
4187,2
4188,15
4189,3
4190,19
4191,26
4192,1
4193,13
4194,6
4195,13
4196,13
4197,10
4198,7
4199,13
4200,28
4201,16
4202,31
4203,3
4204,28
4205,13
4206,13
4207,12
4208,29
4209,23
4210,31
4211,16
4212,6
4213,16
4214,3
4215,26
4216,27
4217,10
4218,10
4219,23
4220,10
4221,10
4222,18
4223,33
4224,37
4225,15
4226,27
4227,3
4228,19
4229,6
4230,1
4231,4
4232,6
4233,15
4234,26
4235,28
4236,16
4237,8
4238,10
4239,25
4240,27
4241,5
4242,30
4243,6
4244,34
4245,26
4246,13
4247,6
4248,26
4249,26
4250,24
4251,30
4252,30
4253,17
4254,26
4255,9
4256,17
4257,24
4258,16
4259,30
4260,23
4261,26
4262,20
4263,13
4264,26
4265,10
4266,33
4267,0
4268,24
4269,31
4270,28
4271,5
4272,26
4273,6
4274,32
4275,27
4276,5
4277,28
4278,33
4279,10
4280,7
4281,18
4282,2
4283,6
4284,7
4285,13
4286,5
4287,3
4288,26
4289,36
4290,33
4291,30
4292,11
4293,34
4294,20
4295,13
4296,1
4297,35
4298,16
4299,11
4300,14
4301,13
4302,26
4303,26
4304,13
4305,11
4306,22
4307,28
4308,7
4309,11
4310,13
4311,36
4312,13
4313,15
4314,26
4315,10
4316,13
4317,12
4318,3
4319,18
4320,13
4321,33
4322,31
4323,7
4324,13
4325,3
4326,32
4327,26
4328,35
4329,0
4330,26
4331,26
4332,11
4333,8
4334,0
4335,21
4336,16
4337,1
4338,28
4339,16
4340,13
4341,26
4342,26
4343,3
4344,5
4345,17
4346,13
4347,26
4348,33
4349,16
4350,5
4351,15
4352,14
4353,26
4354,13
4355,13
4356,3
4357,26
4358,34
4359,20
4360,8
4361,37
4362,1
4363,12
4364,1
4365,9
4366,29
4367,28
4368,29
4369,12
4370,3
4371,26
4372,14
4373,33
4374,3
4375,31
4376,14
4377,21
4378,3
4379,11
4380,5
4381,26
4382,7
4383,10
4384,26
4385,13
4386,28
4387,15
4388,19
4389,0
4390,0
4391,7
4392,32
4393,10
4394,13
4395,9
4396,15
4397,3
4398,26
4399,5
4400,2
4401,13
4402,20
4403,15
4404,22
4405,20
4406,22
4407,0
4408,13
4409,10
4410,26
4411,33
4412,26
4413,5
4414,20
4415,3
4416,18
4417,7
4418,13
4419,13
4420,24
4421,20
4422,16
4423,6
4424,22
4425,6
4426,29
4427,10
4428,6
4429,11
4430,33
4431,15
4432,26
4433,11
4434,12
4435,15
4436,14
4437,10
4438,28
4439,5
4440,13
4441,12
4442,16
4443,24
4444,6
4445,0
4446,6
4447,27
4448,11
4449,23
4450,22
4451,26
4452,13
4453,20
4454,11
4455,0
4456,22
4457,37
4458,18
4459,3
4460,24
4461,30
4462,13
4463,31
4464,14
4465,5
4466,12
4467,13
4468,13
4469,21
4470,30
4471,12
4472,33
4473,17
4474,18
4475,13
4476,31
4477,14
4478,31
4479,34
4480,25
4481,28
4482,27
4483,30
4484,23
4485,30
4486,29
4487,16
4488,35
4489,13
4490,38
4491,30
4492,33
4493,18
4494,8
4495,3
4496,20
4497,20
4498,23
4499,24
4500,20
4501,0
4502,7
4503,10
4504,1
4505,16
4506,13
4507,0
4508,4
4509,28
4510,27
4511,14
4512,3
4513,0
4514,26
4515,26
4516,33
4517,29
4518,7
4519,19
4520,22
4521,32
4522,20
4523,13
4524,10
4525,19
4526,1
4527,30
4528,3
4529,12
4530,29
4531,13
4532,7
4533,26
4534,13
4535,26
4536,3
4537,10
4538,3
4539,22
4540,22
4541,5
4542,23
4543,33
4544,28
4545,35
4546,14
4547,26
4548,3
4549,18
4550,30
4551,13
4552,10
4553,25
4554,24
4555,32
4556,37
4557,30
4558,6
4559,11
4560,13
4561,21
4562,36
4563,13
4564,23
4565,37
4566,20
4567,15
4568,18
4569,3
4570,20
4571,31
4572,11
4573,5
4574,27
4575,36
4576,15
4577,26
4578,26
4579,15
4580,1
4581,20
4582,20
4583,6
4584,10
4585,20
4586,3
4587,34
4588,32
4589,5
4590,15
4591,11
4592,13
4593,3
4594,3
4595,6
4596,26
4597,6
4598,29
4599,6
4600,10
4601,16
4602,13
4603,26
4604,25
4605,27
4606,26
4607,13
4608,33
4609,16
4610,10
4611,21
4612,26
4613,5
4614,5
4615,28
4616,29
4617,37
4618,31
4619,10
4620,10
4621,11
4622,26
4623,7
4624,24
4625,26
4626,18
4627,23
4628,26
4629,20
4630,7
4631,30
4632,13
4633,13
4634,33
4635,13
4636,26
4637,6
4638,16
4639,13
4640,29
4641,26
4642,10
4643,5
4644,13
4645,7
4646,16
4647,20
4648,24
4649,12
4650,23
4651,13
4652,28
4653,25
4654,20
4655,35
4656,18
4657,17
4658,12
4659,15
4660,27
4661,24
4662,18
4663,13
4664,11
4665,17
4666,26
4667,6
4668,3
4669,19
4670,2
4671,18
4672,18
4673,29
4674,15
4675,13
4676,13
4677,26
4678,3
4679,19
4680,0
4681,11
4682,22
4683,2
4684,9
4685,3
4686,3
4687,37
4688,26
4689,11
4690,26
4691,16
4692,14
4693,30
4694,13
4695,13
4696,26
4697,26
4698,25
4699,13
4700,24
4701,10
4702,8
4703,11
4704,31
4705,29
4706,16
4707,18
4708,17
4709,29
4710,26
4711,18
4712,13
4713,28
4714,9
4715,10
4716,13
4717,13
4718,18
4719,12
4720,13
4721,26
4722,26
4723,30
4724,20
4725,13
4726,31
4727,16
4728,30
4729,1
4730,37
4731,35
4732,11
4733,13
4734,26
4735,22
4736,12
4737,26
4738,30
4739,34
4740,29
4741,22
4742,3
4743,31
4744,8
4745,3
4746,3
4747,30
4748,26
4749,26
4750,0
4751,6
4752,24
4753,13
4754,3
4755,13
4756,11
4757,18
4758,13
4759,14
4760,9
4761,6
4762,16
4763,3
4764,20
4765,24
4766,13
4767,13
4768,12
4769,33
4770,29
4771,7
4772,37
4773,10
4774,16
4775,26
4776,37
4777,37
4778,31
4779,5
4780,27
4781,24
4782,5
4783,13
4784,11
4785,26
4786,3
4787,13
4788,13
4789,22
4790,37
4791,31
4792,28
4793,34
4794,26
4795,35
4796,29
4797,5
4798,21
4799,29
4800,17
4801,11
4802,24
4803,23
4804,1
4805,13
4806,13
4807,24
4808,21
4809,12
4810,33
4811,13
4812,16
4813,17
4814,0
4815,24
4816,25
4817,31
4818,36
4819,30
4820,9
4821,25
4822,31
4823,15
4824,27
4825,24
4826,10
4827,4
4828,24
4829,32
4830,2
4831,30
4832,33
4833,24
4834,34
4835,23
4836,27
4837,9
4838,11
4839,26
4840,29
4841,16
4842,34
4843,17
4844,18
4845,26
4846,4
4847,27
4848,28
4849,15
4850,26
4851,0
4852,26
4853,14
4854,11
4855,33
4856,6
4857,6
4858,17
4859,30
4860,13
4861,31
4862,28
4863,15
4864,13
4865,31
4866,13
4867,13
4868,37
4869,10
4870,10
4871,13
4872,3
4873,20
4874,25
4875,10
4876,37
4877,26
4878,14
4879,34
4880,15
4881,29
4882,26
4883,10
4884,13
4885,26
4886,19
4887,6
4888,13
4889,13
4890,31
4891,23
4892,15
4893,13
4894,20
4895,10
4896,14
4897,24
4898,13
4899,28
4900,34
4901,23
4902,13
4903,9
4904,13
4905,23
4906,35
4907,37
4908,25
4909,9
4910,26
4911,20
4912,36
4913,3
4914,13
4915,6
4916,18
4917,13
4918,30
4919,34
4920,9
4921,13
4922,29
4923,13
4924,15
4925,3
4926,26
4927,26
4928,5
4929,26
4930,27
4931,29
4932,29
4933,4
4934,7
4935,29
4936,8
4937,3
4938,6
4939,26
4940,24
4941,33
4942,11
4943,19
4944,18
4945,33
4946,23
4947,24
4948,13
4949,18
4950,26
4951,13
4952,7
4953,17
4954,7
4955,26
4956,26
4957,5
4958,13
4959,18
4960,14
4961,6
4962,32
4963,20
4964,10
4965,33
4966,16
4967,2
4968,26
4969,10
4970,26
4971,6
4972,25
4973,9
4974,28
4975,37
4976,13
4977,26
4978,33
4979,13
4980,24
4981,13
4982,24
4983,13
4984,0
4985,19
4986,29
4987,28
4988,15
4989,26
4990,26
4991,1
4992,28
4993,33
4994,20
4995,2
4996,11
4997,26
4998,26
4999,18
5000,3
5001,36
5002,13
5003,29
5004,7
5005,12
5006,6
5007,29
5008,7
5009,35
5010,13
5011,9
5012,33
5013,7
5014,15
5015,27
5016,28
5017,28
5018,13
5019,13
5020,13
5021,37
5022,5
5023,20
5024,13
5025,20
5026,3
5027,15
5028,13
5029,27
5030,16
5031,7
5032,33
5033,13
5034,6
5035,26
5036,10
5037,3
5038,13
5039,30
5040,16
5041,26
5042,26
5043,31
5044,29
5045,7
5046,4
5047,31
5048,3
5049,13
5050,20
5051,26
5052,35
5053,33
5054,24
5055,5
5056,13
5057,29
5058,13
5059,11
5060,10
5061,6
5062,6
5063,10
5064,0
5065,18
5066,5
5067,33
5068,15
5069,5
5070,0
5071,36
5072,13
5073,11
5074,0
5075,6
5076,21
5077,17
5078,20
5079,26
5080,22
5081,14
5082,6
5083,1
5084,32
5085,30
5086,24
5087,26
5088,5
5089,26
5090,8
5091,20
5092,7
5093,13
5094,27
5095,3
5096,1
5097,24
5098,18
5099,6
5100,11
5101,2
5102,29
5103,9
5104,26
5105,13
5106,26
5107,23
5108,28
5109,0
5110,13
5111,25
5112,3
5113,25
5114,12
5115,10
5116,26
5117,27
5118,13
5119,16
5120,23
5121,5
5122,13
5123,33
5124,15
5125,0
5126,35
5127,9
5128,7
5129,13
5130,20
5131,35
5132,2
5133,0
5134,21
5135,27
5136,18
5137,2
5138,3
5139,24
5140,14
5141,5
5142,7
5143,5
5144,33
5145,36
5146,11
5147,14
5148,29
5149,31
5150,23
5151,0
5152,37
5153,27
5154,29
5155,13
5156,11
5157,35
5158,18
5159,26
5160,9
5161,26
5162,37
5163,13
5164,6
5165,13
5166,13
5167,28
5168,27
5169,30
5170,19
5171,32
5172,24
5173,20
5174,29
5175,15
5176,36
5177,22
5178,27
5179,13
5180,6
5181,20
5182,17
5183,31
5184,28
5185,7
5186,6
5187,14
5188,6
5189,10
5190,3
5191,24
5192,13
5193,20
5194,2
5195,31
5196,8
5197,10
5198,27
5199,22
5200,29
5201,7
5202,26
5203,26
5204,15
5205,10
5206,20
5207,32
5208,20
5209,37
5210,24
5211,29
5212,29
5213,10
5214,31
5215,1
5216,20
5217,31
5218,22
5219,13
5220,15
5221,27
5222,30
5223,26
5224,25
5225,12
5226,31
5227,10
5228,11
5229,3
5230,33
5231,22
5232,36
5233,20
5234,2
5235,2
5236,34
5237,29
5238,8
5239,29
5240,0
5241,18
5242,8
5243,3
5244,16
5245,13
5246,31
5247,33
5248,26
5249,4
5250,3
5251,16
5252,33
5253,7
5254,30
5255,28
5256,24
5257,6
5258,9
5259,29
5260,0
5261,16
5262,16
5263,12
5264,10
5265,13
5266,2
5267,30
5268,5
5269,13
5270,13
5271,16
5272,3
5273,5
5274,6
5275,26
5276,11
5277,4
5278,8
5279,13
5280,33
5281,5
5282,28
5283,27
5284,29
5285,13
5286,26
5287,13
5288,26
5289,26
5290,11
5291,13
5292,1
5293,26
5294,26
5295,14
5296,18
5297,29
5298,30
5299,26
5300,24
5301,6
5302,18
5303,13
5304,13
5305,16
5306,11
5307,20
5308,26
5309,5
5310,21
5311,26
5312,31
5313,20
5314,13
5315,6
5316,5
5317,33
5318,3
5319,24
5320,10
5321,14
5322,37
5323,25
5324,26
5325,12
5326,18
5327,31
5328,26
5329,15
5330,6
5331,18
5332,13
5333,20
5334,20
5335,16
5336,2
5337,11
5338,24
5339,7
5340,11
5341,34
5342,3
5343,13
5344,7
5345,13
5346,24
5347,13
5348,3
5349,30
5350,19
5351,27
5352,3
5353,0
5354,30
5355,23
5356,23
5357,26
5358,21
5359,35
5360,15
5361,13
5362,16
5363,3
5364,30
5365,6
5366,16
5367,22
5368,34
5369,10
5370,10
5371,24
5372,13
5373,20
5374,3
5375,26
5376,26
5377,23
5378,5
5379,1
5380,22
5381,22
5382,11
5383,10
5384,16
5385,13
5386,13
5387,3
5388,31
5389,16
5390,3
5391,16
5392,1
5393,2
5394,1
5395,18
5396,27
5397,3
5398,29
5399,26
5400,26
5401,25
5402,13
5403,22
5404,11
5405,11
5406,16
5407,7
5408,20
5409,20
5410,1
5411,26
5412,8
5413,13
5414,1
5415,20
5416,22
5417,16
5418,33
5419,20
5420,11
5421,26
5422,6
5423,26
5424,13
5425,32
5426,19
5427,25
5428,19
5429,13
5430,28
5431,18
5432,26
5433,33
5434,3
5435,10
5436,16
5437,3
5438,27
5439,13
5440,6
5441,14
5442,35
5443,23
5444,22
5445,31
5446,14
5447,20
5448,3
5449,13
5450,26
5451,8
5452,20
5453,31
5454,12
5455,33
5456,15
5457,3
5458,4
5459,26
5460,20
5461,0
5462,11
5463,18
5464,4
5465,13
5466,24
5467,1
5468,27
5469,16
5470,26
5471,2
5472,26
5473,13
5474,26
5475,37
5476,7
5477,32
5478,27
5479,29
5480,16
5481,30
5482,12
5483,5
5484,34
5485,3
5486,6
5487,13
5488,26
5489,21
5490,7
5491,15
5492,2
5493,26
5494,24
5495,34
5496,23
5497,13
5498,1
5499,36
5500,6
5501,33
5502,33
5503,31
5504,26
5505,6
5506,26
5507,0
5508,1
5509,34
5510,12
5511,33
5512,25
5513,35
5514,10
5515,16
5516,14
5517,5
5518,33
5519,31
5520,3
5521,17
5522,1
5523,10
5524,14
5525,33
5526,17
5527,16
5528,0
5529,25
5530,9
5531,20
5532,10
5533,31
5534,3
5535,26
5536,26
5537,3
5538,20
5539,1
5540,36
5541,33
5542,13
5543,26
5544,13
5545,12
5546,1
5547,11
5548,2
5549,11
5550,27
5551,21
5552,9
5553,20
5554,10
5555,3
5556,35
5557,32
5558,6
5559,8
5560,33
5561,25
5562,26
5563,0
5564,3
5565,12
5566,13
5567,31
5568,4
5569,11
5570,4
5571,20
5572,13
5573,6
5574,7
5575,1
5576,33
5577,10
5578,26
5579,34
5580,7
5581,7
5582,13
5583,31
5584,28
5585,33
5586,26
5587,15
5588,23
5589,29
5590,20
5591,23
5592,37
5593,11
5594,26
5595,17
5596,15
5597,3
5598,9
5599,20
5600,27
5601,19
5602,11
5603,3
5604,26
5605,18
5606,34
5607,14
5608,37
5609,13
5610,10
5611,3
5612,26
5613,8
5614,6
5615,5
5616,5
5617,31
5618,17
5619,13
5620,15
5621,0
5622,24
5623,7
5624,4
5625,20
5626,37
5627,18
5628,35
5629,25
5630,13
5631,22
5632,5
5633,9
5634,31
5635,6
5636,25
5637,19
5638,9
5639,13
5640,26
5641,26
5642,33
5643,5
5644,11
5645,27
5646,26
5647,16
5648,22
5649,30
5650,29
5651,3
5652,3
5653,0
5654,13
5655,13
5656,6
5657,23
5658,20
5659,30
5660,34
5661,0
5662,14
5663,13
5664,36
5665,5
5666,23
5667,26
5668,10
5669,20
5670,30
5671,3
5672,13
5673,13
5674,0
5675,25
5676,26
5677,23
5678,29
5679,16
5680,3
5681,30
5682,19
5683,2
5684,27
5685,26
5686,18
5687,27
5688,26
5689,11
5690,2
5691,31
5692,13
5693,7
5694,26
5695,29
5696,37
5697,26
5698,11
5699,26
5700,17
5701,27
5702,13
5703,20
5704,34
5705,4
5706,10
5707,25
5708,25
5709,13
5710,26
5711,1
5712,35
5713,10
5714,20
5715,16
5716,34
5717,26
5718,35
5719,3
5720,23
5721,33
5722,19
5723,27
5724,21
5725,11
5726,12
5727,29
5728,12
5729,10
5730,3
5731,31
5732,27
5733,23
5734,13
5735,29
5736,13
5737,7
5738,31
5739,12
5740,13
5741,13
5742,26
5743,37
5744,19
5745,33
5746,26
5747,13
5748,34
5749,16
5750,13
5751,17
5752,33
5753,9
5754,8
5755,13
5756,26
5757,20
5758,29
5759,26
5760,12
5761,31
5762,16
5763,24
5764,3
5765,10
5766,13
5767,13
5768,24
5769,13
5770,36
5771,26
5772,14
5773,15
5774,10
5775,3
5776,16
5777,8
5778,22
5779,27
5780,26
5781,34
5782,10
5783,1
5784,24
5785,13
5786,0
5787,20
5788,3
5789,20
5790,11
5791,0
5792,10
5793,13
5794,13
5795,20
5796,13
5797,28
5798,34
5799,23
5800,1
5801,9
5802,18
5803,11
5804,26
5805,5
5806,13
5807,27
5808,13
5809,26
5810,28
5811,5
5812,35
5813,7
5814,6
5815,34
5816,7
5817,27
5818,3
5819,12
5820,29
5821,2
5822,26
5823,13
5824,31
5825,3
5826,26
5827,37
5828,3
5829,35
5830,27
5831,1
5832,31
5833,3
5834,34
5835,13
5836,3
5837,30
5838,34
5839,26
5840,18
5841,33
5842,3
5843,33
5844,20
5845,13
5846,32
5847,5
5848,28
5849,28
5850,15
5851,31
5852,31
5853,16
5854,13
5855,9
5856,30
5857,17
5858,30
5859,25
5860,0
5861,10
5862,7
5863,3
5864,15
5865,30
5866,13
5867,14
5868,11
5869,26
5870,0
5871,20
5872,5
5873,3
5874,13
5875,30
5876,35
5877,20
5878,24
5879,13
5880,20
5881,28
5882,30
5883,37
5884,0
5885,7
5886,29
5887,26
5888,1
5889,37
5890,18
5891,11
5892,3
5893,25
5894,3
5895,4
5896,3
5897,3
5898,20
5899,35
5900,7
5901,13
5902,6
5903,31
5904,13
5905,24
5906,17
5907,11
5908,22
5909,10
5910,16
5911,19
5912,3
5913,26
5914,26
5915,11
5916,18
5917,22
5918,26
5919,3
5920,3
5921,17
5922,7
5923,22
5924,19
5925,13
5926,3
5927,11
5928,30
5929,26
5930,35
5931,3
5932,18
5933,0
5934,28
5935,16
5936,3
5937,3
5938,8
5939,21
5940,26
5941,30
5942,15
5943,16
5944,23
5945,26
5946,37
5947,1
5948,15
5949,6
5950,2
5951,13
5952,5
5953,18
5954,10
5955,17
5956,7
5957,18
5958,2
5959,18
5960,5
5961,13
5962,28
5963,10
5964,3
5965,19
5966,33
5967,24
5968,13
5969,3
5970,16
5971,3
5972,7
5973,21
5974,16
5975,3
5976,32
5977,13
5978,13
5979,29
5980,11
5981,2
5982,21
5983,26
5984,24
5985,11
5986,13
5987,16
5988,26
5989,3
5990,33
5991,22
5992,13
5993,27
5994,28
5995,7
5996,22
5997,16
5998,7
5999,37
6000,37
6001,5
6002,11
6003,8
6004,9
6005,3
6006,34
6007,20
6008,19
6009,16
6010,29
6011,20
6012,28
6013,13
6014,25
6015,26
6016,21
6017,33
6018,11
6019,1
6020,13
6021,11
6022,7
6023,36
6024,18
6025,3
6026,13
6027,26
6028,18
6029,13
6030,37
6031,27
6032,21
6033,18
6034,3
6035,13
6036,3
6037,29
6038,13
6039,20
6040,20
6041,18
6042,13
6043,25
6044,26
6045,24
6046,21
6047,6
6048,7
6049,31
6050,31
6051,31
6052,3
6053,11
6054,13
6055,13
6056,13
6057,33
6058,23
6059,13
6060,26
6061,6
6062,3
6063,30
6064,17
6065,10
6066,7
6067,11
6068,31
6069,18
6070,27
6071,6
6072,7
6073,10
6074,3
6075,19
6076,11
6077,33
6078,24
6079,3
6080,13
6081,36
6082,22
6083,6
6084,15
6085,22
6086,15
6087,13
6088,3
6089,33
6090,13
6091,10
6092,16
6093,6
6094,16
6095,30
6096,26
6097,13
6098,13
6099,23
6100,37
6101,10
6102,7
6103,3
6104,26
6105,26
6106,6
6107,17
6108,11
6109,33
6110,0
6111,26
6112,0
6113,33
6114,18
6115,16
6116,11
6117,13
6118,20
6119,4
6120,11
6121,17
6122,20
6123,36
6124,12
6125,27
6126,6
6127,31
6128,33
6129,23
6130,7
6131,22
6132,31
6133,23
6134,26
6135,13
6136,24
6137,31
6138,33
6139,6
6140,20
6141,26
6142,23
6143,3
6144,9
6145,26
6146,29
6147,25
6148,0
6149,34
6150,33
6151,13
6152,20
6153,20
6154,29
6155,24
6156,13
6157,6
6158,24
6159,33
6160,8
6161,25
6162,37
6163,13
6164,11
6165,29
6166,2
6167,11
6168,6
6169,34
6170,21
6171,10
6172,3
6173,11
6174,10
6175,13
6176,5
6177,14
6178,7
6179,11
6180,33
6181,33
6182,13
6183,2
6184,36
6185,27
6186,30
6187,27
6188,16
6189,10
6190,13
6191,23
6192,31
6193,11
6194,26
6195,0
6196,25
6197,3
6198,13
6199,13
6200,26
6201,13
6202,34
6203,3
6204,13
6205,21
6206,3
6207,37
6208,26
6209,3
6210,3
6211,26
6212,33
6213,34
6214,13
6215,16
6216,13
6217,30
6218,3
6219,29
6220,14
6221,37
6222,2
6223,15
6224,15
6225,11
6226,13
6227,20
6228,0
6229,27
6230,13
6231,13
6232,24
6233,3
6234,12
6235,22
6236,18
6237,10
6238,13
6239,26
6240,37
6241,16
6242,20
6243,3
6244,26
6245,31
6246,21
6247,24
6248,2
6249,27
6250,13
6251,31
6252,13
6253,6
6254,13
6255,13
6256,7
6257,7
6258,37
6259,12
6260,7
6261,26
6262,13
6263,26
6264,5
6265,13
6266,27
6267,33
6268,16
6269,13
6270,2
6271,2
6272,26
6273,10
6274,29
6275,31
6276,1
6277,27
6278,24
6279,13
6280,13
6281,26
6282,18
6283,10
6284,0
6285,10
6286,26
6287,3
6288,12
6289,26
6290,11
6291,26
6292,26
6293,14
6294,3
6295,29
6296,8
6297,34
6298,3
6299,3
6300,3
6301,15
6302,19
6303,1
6304,28
6305,13
6306,26
6307,21
6308,21
6309,27
6310,17
6311,9
6312,13
6313,13
6314,15
6315,8
6316,30
6317,27
6318,31
6319,25
6320,20
6321,28
6322,2
6323,13
6324,33
6325,20
6326,13
6327,17
6328,26
6329,15
6330,7
6331,26
6332,0
6333,26
6334,11
6335,26
6336,1
6337,26
6338,13
6339,15
6340,29
6341,37
6342,27
6343,29
6344,1
6345,15
6346,6
6347,18
6348,27
6349,5
6350,10
6351,14
6352,37
6353,28
6354,2
6355,34
6356,0
6357,37
6358,29
6359,35
6360,7
6361,26
6362,7
6363,33
6364,10
6365,13
6366,13
6367,13
6368,3
6369,17
6370,12
6371,9
6372,7
6373,9
6374,15
6375,23
6376,13
6377,9
6378,37
6379,25
6380,16
6381,35
6382,13
6383,11
6384,30
6385,1
6386,20
6387,37
6388,27
6389,20
6390,11
6391,27
6392,4
6393,25
6394,21
6395,26
6396,18
6397,31
6398,37
6399,12
6400,26
6401,18
6402,16
6403,29
6404,31
6405,6
6406,26
6407,26
6408,2
6409,35
6410,37
6411,13
6412,26
6413,3
6414,29
6415,37
6416,22
6417,13
6418,8
6419,21
6420,17
6421,7
6422,3
6423,0
6424,23
6425,37
6426,0
6427,9
6428,1
6429,25
6430,33
6431,13
6432,14
6433,26
6434,28
6435,13
6436,24
6437,19
6438,15
6439,19
6440,13
6441,6
6442,31
6443,30
6444,7
6445,32
6446,6
6447,13
6448,25
6449,16
6450,13
6451,13
6452,11
6453,13
6454,26
6455,13
6456,20
6457,23
6458,20
6459,33
6460,15
6461,27
6462,36
6463,3
6464,12
6465,22
6466,30
6467,30
6468,5
6469,36
6470,6
6471,27
6472,26
6473,35
6474,17
6475,36
6476,10
6477,27
6478,26
6479,5
6480,13
6481,24
6482,5
6483,20
6484,5
6485,22
6486,20
6487,2
6488,4
6489,12
6490,15
6491,24
6492,11
6493,33
6494,3
6495,17
6496,15
6497,16
6498,3
6499,10
6500,11
6501,22
6502,21
6503,5
6504,33
6505,25
6506,1
6507,5
6508,6
6509,35
6510,23
6511,29
6512,27
6513,35
6514,17
6515,11
6516,26
6517,20
6518,24
6519,25
6520,23
6521,26
6522,13
6523,23
6524,20
6525,29
6526,26
6527,3
6528,15
6529,34
6530,26
6531,11
6532,29
6533,11
6534,31
6535,17
6536,16
6537,24
6538,13
6539,13
6540,10
6541,22
6542,16
6543,13
6544,26
6545,6
6546,26
6547,19
6548,5
6549,27
6550,13
6551,18
6552,3
6553,30
6554,25
6555,8
6556,15
6557,22
6558,12
6559,30
6560,32
6561,20
6562,11
6563,11
6564,13
6565,31
6566,26
6567,33
6568,14
6569,3
6570,26
6571,16
6572,26
6573,10
6574,7
6575,18
6576,28
6577,26
6578,3
6579,26
6580,6
6581,20
6582,30
6583,9
6584,29
6585,10
6586,6
6587,13
6588,11
6589,11
6590,26
6591,16
6592,35
6593,13
6594,23
6595,7
6596,3
6597,13
6598,33
6599,24
6600,4
6601,33
6602,29
6603,13
6604,31
6605,5
6606,0
6607,13
6608,26
6609,13
6610,10
6611,10
6612,9
6613,25
6614,17
6615,9
6616,29
6617,13
6618,28
6619,26
6620,23
6621,11
6622,22
6623,16
6624,22
6625,22
6626,3
6627,33
6628,11
6629,13
6630,13
6631,7
6632,26
6633,13
6634,27
6635,11
6636,13
6637,37
6638,3
6639,20
6640,26
6641,13
6642,20
6643,13
6644,7
6645,13
6646,7
6647,13
6648,3
6649,26
6650,16
6651,23
6652,35
6653,3
6654,26
6655,20
6656,24
6657,36
6658,25
6659,13
6660,26
6661,2
6662,17
6663,24
6664,17
6665,31
6666,2
6667,22
6668,1
6669,26
6670,35
6671,24
6672,17
6673,13
6674,27
6675,29
6676,28
6677,18
6678,22
6679,13
6680,32
6681,20
6682,5
6683,4
6684,26
6685,3
6686,10
6687,23
6688,25
6689,33
6690,28
6691,1
6692,17
6693,13
6694,7
6695,27
6696,22
6697,10
6698,20
6699,33
6700,37
6701,24
6702,29
6703,24
6704,25
6705,13
6706,10
6707,13
6708,18
6709,15
6710,15
6711,26
6712,3
6713,26
6714,26
6715,6
6716,11
6717,11
6718,11
6719,31
6720,14
6721,12
6722,29
6723,16
6724,15
6725,10
6726,16
6727,3
6728,36
6729,15
6730,28
6731,18
6732,28
6733,33
6734,30
6735,14
6736,20
6737,29
6738,31
6739,13
6740,33
6741,29
6742,9
6743,9
6744,13
6745,18
6746,33
6747,29
6748,30
6749,29
6750,26
6751,13
6752,16
6753,26
6754,7
6755,26
6756,11
6757,37
6758,9
6759,3
6760,33
6761,25
6762,15
6763,3
6764,24
6765,10
6766,13
6767,34
6768,17
6769,30
6770,26
6771,37
6772,23
6773,33
6774,35
6775,29
6776,28
6777,3
6778,16
6779,13
6780,35
6781,20
6782,13
6783,37
6784,34
6785,26
6786,31
6787,9
6788,35
6789,3
6790,37
6791,31
6792,16
6793,17
6794,13
6795,20
6796,26
6797,28
6798,26
6799,9
6800,26
6801,13
6802,26
6803,5
6804,3
6805,21
6806,34
6807,15
6808,26
6809,14
6810,27
6811,3
6812,13
6813,13
6814,15
6815,28
6816,16
6817,22
6818,11
6819,25
6820,16
6821,1
6822,9
6823,25
6824,25
6825,1
6826,7
6827,13
6828,35
6829,30
6830,37
6831,27
6832,10
6833,33
6834,13
6835,29
6836,13
6837,18
6838,26
6839,26
6840,16
6841,22
6842,35
6843,34
6844,27
6845,0
6846,16
6847,14
6848,10
6849,37
6850,26
6851,33
6852,6
6853,14
6854,27
6855,16
6856,27
6857,13
6858,27
6859,34
6860,9
6861,0
6862,9
6863,11
6864,21
6865,0
6866,10
6867,5
6868,4
6869,9
6870,26
6871,10
6872,35
6873,17
6874,10
6875,13
6876,28
6877,9
6878,17
6879,12
6880,16
6881,29
6882,31
6883,15
6884,0
6885,20
6886,7
6887,13
6888,14
6889,18
6890,0
6891,33
6892,5
6893,26
6894,31
6895,6
6896,13
6897,16
6898,25
6899,35
6900,28
6901,25
6902,14
6903,13
6904,3
6905,12
6906,2
6907,11
6908,2
6909,19
6910,34
6911,23
6912,6
6913,25
6914,20
6915,1
6916,1
6917,35
6918,25
6919,9
6920,26
6921,23
6922,13
6923,3
6924,29
6925,11
6926,5
6927,27
6928,15
6929,29
6930,16
6931,1
6932,10
6933,26
6934,26
6935,32
6936,1
6937,6
6938,6
6939,20
6940,26
6941,24
6942,6
6943,7
6944,13
6945,12
6946,3
6947,15
6948,13
6949,26
6950,6
6951,16
6952,6
6953,33
6954,10
6955,19
6956,28
6957,2
6958,13
6959,23
6960,11
6961,37
6962,17
6963,31
6964,21
6965,26
6966,3
6967,13
6968,14
6969,33
6970,11
6971,9
6972,36
6973,29
6974,7
6975,3
6976,13
6977,27
6978,29
6979,1
6980,5
6981,26
6982,27
6983,10
6984,11
6985,34
6986,19
6987,30
6988,29
6989,13
6990,19
6991,16
6992,3
6993,24
6994,21
6995,27
6996,36
6997,6
6998,15
6999,15
7000,33
7001,31
7002,3
7003,9
7004,19
7005,20
7006,5
7007,16
7008,6
7009,19
7010,26
7011,13
7012,0
7013,6
7014,13
7015,9
7016,3
7017,1
7018,26
7019,10
7020,6
7021,23
7022,1
7023,26
7024,18
7025,16
7026,24
7027,37
7028,1
7029,6
7030,11
7031,30
7032,8
7033,13
7034,17
7035,23
7036,26
7037,15
7038,27
7039,32
7040,29
7041,0
7042,32
7043,26
7044,26
7045,26
7046,26
7047,25
7048,22
7049,29
7050,34
7051,13
7052,11
7053,25
7054,10
7055,4
7056,10
7057,11
7058,3
7059,7
7060,13
7061,18
7062,10
7063,13
7064,13
7065,29
7066,26
7067,3
7068,15
7069,27
7070,13
7071,13
7072,28
7073,21
7074,33
7075,13
7076,14
7077,15
7078,31
7079,2
7080,14
7081,28
7082,15
7083,37
7084,5
7085,5
7086,29
7087,24
7088,21
7089,1
7090,12
7091,15
7092,16
7093,2
7094,13
7095,16
7096,6
7097,13
7098,7
7099,21
7100,12
7101,23
7102,1
7103,17
7104,33
7105,26
7106,16
7107,27
7108,13
7109,26
7110,2
7111,20
7112,24
7113,37
7114,26
7115,20
7116,20
7117,18
7118,2
7119,23
7120,0
7121,1
7122,25
7123,5
7124,18
7125,24
7126,3
7127,0
7128,31
7129,5
7130,2
7131,20
7132,10
7133,14
7134,24
7135,16
7136,26
7137,26
7138,19
7139,2
7140,12
7141,6
7142,10
7143,26
7144,11
7145,32
7146,7
7147,19
7148,26
7149,21
7150,6
7151,27
7152,3
7153,18
7154,20
7155,35
7156,18
7157,1
7158,26
7159,37
7160,17
7161,13
7162,16
7163,11
7164,24
7165,0
7166,26
7167,3
7168,26
7169,13
7170,16
7171,12
7172,16
7173,14
7174,1
7175,25
7176,6
7177,13
7178,29
7179,1
7180,10
7181,21
7182,13
7183,13
7184,30
7185,5
7186,26
7187,32
7188,13
7189,4
7190,9
7191,22
7192,13
7193,29
7194,11
7195,13
7196,13
7197,13
7198,24
7199,35
7200,11
7201,1
7202,28
7203,28
7204,13
7205,0
7206,11
7207,32
7208,33
7209,27
7210,37
7211,10
7212,17
7213,13
7214,17
7215,13
7216,10
7217,7
7218,28
7219,36
7220,26
7221,3
7222,12
7223,26
7224,32
7225,30
7226,22
7227,16
7228,25
7229,27
7230,29
7231,16
7232,15
7233,10
7234,26
7235,13
7236,27
7237,26
7238,13
7239,13
7240,33
7241,30
7242,13
7243,16
7244,2
7245,30
7246,23
7247,13
7248,11
7249,30
7250,3
7251,24
7252,15
7253,20
7254,24
7255,15
7256,10
7257,13
7258,31
7259,28
7260,22
7261,21
7262,29
7263,13
7264,30
7265,2
7266,12
7267,13
7268,13
7269,7
7270,5
7271,16
7272,13
7273,28
7274,8
7275,35
7276,2
7277,18
7278,17
7279,0
7280,13
7281,25
7282,11
7283,22
7284,20
7285,27
7286,10
7287,35
7288,13
7289,30
7290,28
7291,15
7292,34
7293,5
7294,7
7295,13
7296,35
7297,26
7298,23
7299,16
7300,31
7301,24
7302,4
7303,9
7304,26
7305,24
7306,27
7307,13
7308,10
7309,15
7310,10
7311,11
7312,13
7313,15
7314,9
7315,28
7316,20
7317,27
7318,7
7319,37
7320,15
7321,26
7322,6
7323,30
7324,26
7325,10
7326,29
7327,20
7328,6
7329,16
7330,13
7331,15
7332,17
7333,16
7334,12
7335,24
7336,33
7337,20
7338,9
7339,26
7340,17
7341,24
7342,22
7343,2
7344,1
7345,26
7346,26
7347,15
7348,26
7349,26
7350,13
7351,6
7352,4
7353,12
7354,29
7355,26
7356,29
7357,10
7358,36
7359,13
7360,10
7361,26
7362,5
7363,10
7364,26
7365,0
7366,30
7367,5
7368,31
7369,13
7370,18
7371,23
7372,12
7373,22
7374,31
7375,23
7376,31
7377,29
7378,11
7379,29
7380,28
7381,26
7382,22
7383,20
7384,36
7385,32
7386,8
7387,16
7388,13
7389,26
7390,10
7391,13
7392,28
7393,6
7394,0
7395,33
7396,20
7397,13
7398,1
7399,12
7400,12
7401,20
7402,5
7403,21
7404,29
7405,34
7406,13
7407,3
7408,26
7409,25
7410,18
7411,5
7412,22
7413,24
7414,16
7415,16
7416,10
7417,26
7418,29
7419,11
7420,26
7421,28
7422,11
7423,21
7424,10
7425,33
7426,10
7427,13
7428,3
7429,22
7430,10
7431,24
7432,13
7433,3
7434,37
7435,24
7436,21
7437,26
7438,13
7439,31
7440,1
7441,33
7442,24
7443,13
7444,33
7445,5
7446,0
7447,33
7448,16
7449,33
7450,13
7451,33
7452,13
7453,1
7454,18
7455,16
7456,26
7457,15
7458,4
7459,13
7460,20
7461,5
7462,36
7463,11
7464,26
7465,13
7466,26
7467,27
7468,24
7469,0
7470,13
7471,11
7472,29
7473,13
7474,3
7475,30
7476,5
7477,13
7478,13
7479,5
7480,17
7481,10
7482,11
7483,37
7484,4
7485,23
7486,0
7487,17
7488,30
7489,24
7490,33
7491,30
7492,34
7493,26
7494,19
7495,27
7496,3
7497,24
7498,11
7499,24
7500,33
7501,10
7502,13
7503,33
7504,13
7505,33
7506,6
7507,18
7508,13
7509,3
7510,13
7511,30
7512,28
7513,20
7514,27
7515,24
7516,6
7517,5
7518,35
7519,14
7520,13
7521,2
7522,14
7523,3
7524,26
7525,26
7526,34
7527,16
7528,9
7529,9
7530,20
7531,25
7532,24
7533,26
7534,26
7535,32
7536,15
7537,16
7538,29
7539,12
7540,20
7541,16
7542,7
7543,23
7544,7
7545,15
7546,5
7547,34
7548,13
7549,3
7550,26
7551,31
7552,26
7553,26
7554,1
7555,7
7556,3
7557,9
7558,16
7559,32
7560,26
7561,12
7562,5
7563,12
7564,13
7565,13
7566,16
7567,13
7568,26
7569,3
7570,24
7571,11
7572,23
7573,20
7574,11
7575,9
7576,1
7577,15
7578,17
7579,18
7580,13
7581,7
7582,1
7583,27
7584,37
7585,10
7586,13
7587,26
7588,23
7589,31
7590,10
7591,20
7592,3
7593,26
7594,6
7595,6
7596,8
7597,20
7598,8
7599,13
7600,20
7601,13
7602,13
7603,24
7604,26
7605,0
7606,31
7607,31
7608,5
7609,4
7610,13
7611,7
7612,34
7613,20
7614,1
7615,10
7616,24
7617,1
7618,6
7619,0
7620,13
7621,33
7622,36
7623,13
7624,26
7625,29
7626,26
7627,23
7628,15
7629,26
7630,24
7631,16
7632,36
7633,31
7634,28
7635,1
7636,16
7637,31
7638,20
7639,3
7640,5
7641,13
7642,32
7643,13
7644,25
7645,34
7646,17
7647,23
7648,2
7649,37
7650,30
7651,36
7652,31
7653,27
7654,12
7655,26
7656,5
7657,11
7658,9
7659,24
7660,31
7661,6
7662,11
7663,20
7664,18
7665,34
7666,13
7667,6
7668,13
7669,0
7670,26
7671,13
7672,22
7673,11
7674,5
7675,10
7676,20
7677,21
7678,13
7679,20
7680,17
7681,20
7682,9
7683,11
7684,10
7685,3
7686,10
7687,25
7688,17
7689,10
7690,26
7691,32
7692,25
7693,15
7694,24
7695,26
7696,1
7697,7
7698,12
7699,29
7700,12
7701,11
7702,3
7703,6
7704,34
7705,13
7706,6
7707,24
7708,3
7709,25
7710,26
7711,3
7712,31
7713,34
7714,13
7715,21
7716,35
7717,3
7718,29
7719,25
7720,34
7721,10
7722,10
7723,13
7724,32
7725,37
7726,2
7727,29
7728,4
7729,26
7730,7
7731,29
7732,13
7733,22
7734,23
7735,12
7736,26
7737,20
7738,22
7739,13
7740,21
7741,6
7742,37
7743,24
7744,22
7745,24
7746,5
7747,13
7748,0
7749,30
7750,15
7751,23
7752,3
7753,26
7754,37
7755,26
7756,12
7757,13
7758,26
7759,7
7760,13
7761,5
7762,10
7763,28
7764,23
7765,13
7766,24
7767,37
7768,30
7769,1
7770,10
7771,26
7772,9
7773,5
7774,27
7775,29
7776,17
7777,26
7778,7
7779,16
7780,24
7781,13
7782,13
7783,0
7784,5
7785,18
7786,11
7787,11
7788,28
7789,13
7790,5
7791,3
7792,5
7793,0
7794,28
7795,15
7796,35
7797,13
7798,26
7799,28
7800,11
7801,7
7802,16
7803,5
7804,33
7805,26
7806,20
7807,13
7808,5
7809,10
7810,36
7811,19
7812,5
7813,26
7814,28
7815,33
7816,26
7817,23
7818,32
7819,26
7820,17
7821,23
7822,1
7823,26
7824,10
7825,13
7826,13
7827,13
7828,11
7829,7
7830,8
7831,10
7832,34
7833,13
7834,26
7835,25
7836,3
7837,4
7838,29
7839,26
7840,10
7841,6
7842,0
7843,13
7844,6
7845,26
7846,14
7847,12
7848,29
7849,37
7850,26
7851,12
7852,24
7853,7
7854,7
7855,22
7856,18
7857,11
7858,22
7859,13
7860,24
7861,26
7862,27
7863,15
7864,7
7865,26
7866,14
7867,6
7868,2
7869,11
7870,20
7871,29
7872,15
7873,23
7874,30
7875,23
7876,15
7877,5
7878,37
7879,27
7880,5
7881,11
7882,19
7883,0
7884,1
7885,29
7886,1
7887,16
7888,16
7889,3
7890,26
7891,26
7892,13
7893,14
7894,11
7895,0
7896,26
7897,13
7898,30
7899,0
7900,16
7901,26
7902,26
7903,15
7904,23
7905,23
7906,20
7907,16
7908,10
7909,35
7910,34
7911,31
7912,13
7913,20
7914,31
7915,3
7916,37
7917,26
7918,13
7919,4
7920,26
7921,34
7922,2
7923,4
7924,27
7925,25
7926,16
7927,2
7928,15
7929,37
7930,13
7931,2
7932,36
7933,4
7934,31
7935,30
7936,9
7937,12
7938,2
7939,21
7940,18
7941,13
7942,18
7943,17
7944,1
7945,27
7946,0
7947,36
7948,35
7949,18
7950,29
7951,17
7952,23
7953,26
7954,33
7955,33
7956,14
7957,28
7958,10
7959,26
7960,33
7961,2
7962,1
7963,11
7964,37
7965,20
7966,3
7967,10
7968,16
7969,16
7970,2
7971,11
7972,26
7973,7
7974,8
7975,10
7976,22
7977,6
7978,15
7979,17
7980,30
7981,13
7982,16
7983,7
7984,33
7985,13
7986,20
7987,32
7988,28
7989,0
7990,10
7991,29
7992,34
7993,29
7994,24
7995,20
7996,20
7997,31
7998,22
7999,0
8000,25
8001,28
8002,19
8003,31
8004,26
8005,6
8006,13
8007,11
8008,6
8009,30
8010,1
8011,7
8012,13
8013,30
8014,21
8015,31
8016,6
8017,18
8018,13
8019,10
8020,13
8021,24
8022,3
8023,7
8024,11
8025,13
8026,2
8027,23
8028,7
8029,22
8030,26
8031,6
8032,15
8033,9
8034,13
8035,21
8036,13
8037,20
8038,16
8039,28
8040,13
8041,27
8042,11
8043,6
8044,18
8045,28
8046,12
8047,28
8048,30
8049,13
8050,16
8051,20
8052,13
8053,28
8054,22
8055,26
8056,9
8057,30
8058,7
8059,37
8060,13
8061,18
8062,13
8063,19
8064,11
8065,31
8066,6
8067,31
8068,30
8069,13
8070,4
8071,13
8072,19
8073,35
8074,33
8075,27
8076,16
8077,33
8078,20
8079,0
8080,16
8081,30
8082,27
8083,8
8084,18
8085,11
8086,9
8087,31
8088,31
8089,1
8090,28
8091,33
8092,2
8093,9
8094,26
8095,19
8096,10
8097,15
8098,21
8099,36
8100,29
8101,5
8102,27
8103,26
8104,9
8105,3
8106,10
8107,1
8108,13
8109,21
8110,13
8111,21
8112,26
8113,30
8114,15
8115,33
8116,28
8117,16
8118,10
8119,5
8120,33
8121,33
8122,35
8123,37
8124,13
8125,13
8126,29
8127,17
8128,6
8129,0
8130,13
8131,13
8132,27
8133,5
8134,13
8135,10
8136,11
8137,28
8138,34
8139,7
8140,32
8141,11
8142,31
8143,0
8144,33
8145,33
8146,21
8147,0
8148,20
8149,31
8150,26
8151,7
8152,7
8153,36
8154,26
8155,26
8156,13
8157,7
8158,28
8159,29
8160,8
8161,6
8162,11
8163,13
8164,35
8165,28
8166,26
8167,23
8168,18
8169,27
8170,13
8171,18
8172,15
8173,15
8174,33
8175,36
8176,15
8177,28
8178,3
8179,6
8180,10
8181,13
8182,26
8183,24
8184,13
8185,34
8186,12
8187,11
8188,16
8189,13
8190,13
8191,34
8192,13
8193,4
8194,1
8195,34
8196,26
8197,5
8198,21
8199,12
8200,13
8201,28
8202,18
8203,33
8204,0
8205,37
8206,35
8207,6
8208,27
8209,26
8210,24
8211,31
8212,7
8213,22
8214,1
8215,35
8216,13
8217,1
8218,17
8219,13
8220,26
8221,8
8222,13
8223,13
8224,2
8225,13
8226,33
8227,3
8228,10
8229,16
8230,15
8231,13
8232,15
8233,27
8234,29
8235,28
8236,10
8237,13
8238,13
8239,30
8240,28
8241,15
8242,30
8243,29
8244,31
8245,13
8246,3
8247,26
8248,25
8249,7
8250,31
8251,29
8252,9
8253,5
8254,11
8255,29
8256,15
8257,3
8258,10
8259,26
8260,3
8261,29
8262,9
8263,33
8264,0
8265,35
8266,29
8267,6
8268,24
8269,31
8270,17
8271,26
8272,4
8273,6
8274,13
8275,22
8276,14
8277,29
8278,9
8279,6
8280,5
8281,31
8282,25
8283,2
8284,21
8285,29
8286,0
8287,30
8288,13
8289,5
8290,26
8291,36
8292,13
8293,11
8294,30
8295,28
8296,6
8297,6
8298,29
8299,6
8300,15
8301,35
8302,27
8303,0
8304,12
8305,3
8306,32
8307,26
8308,16
8309,12
8310,33
8311,33
8312,16
8313,12
8314,13
8315,2
8316,13
8317,8
8318,3
8319,15
8320,16
8321,14
8322,2
8323,7
8324,12
8325,26
8326,25
8327,24
8328,13
8329,13
8330,12
8331,29
8332,5
8333,27
8334,5
8335,20
8336,6
8337,27
8338,16
8339,13
8340,10
8341,13
8342,12
8343,3
8344,33
8345,5
8346,26
8347,22
8348,26
8349,13
8350,28
8351,0
8352,16
8353,10
8354,17
8355,10
8356,16
8357,17
8358,26
8359,16
8360,16
8361,26
8362,29
8363,28
8364,0
8365,7
8366,26
8367,14
8368,31
8369,16
8370,16
8371,13
8372,13
8373,27
8374,13
8375,16
8376,37
8377,33
8378,13
8379,37
8380,10
8381,26
8382,31
8383,26
8384,17
8385,30
8386,14
8387,26
8388,31
8389,11
8390,20
8391,18
8392,25
8393,0
8394,18
8395,31
8396,15
8397,27
8398,13
8399,20
8400,14
8401,6
8402,31
8403,15
8404,16
8405,30
8406,19
8407,24
8408,1
8409,37
8410,6
8411,9
8412,33
8413,37
8414,10
8415,33
8416,0
8417,30
8418,35
8419,26
8420,20
8421,32
8422,16
8423,7
8424,13
8425,16
8426,27
8427,12
8428,16
8429,7
8430,17
8431,5
8432,31
8433,18
8434,27
8435,19
8436,25
8437,9
8438,23
8439,6
8440,3
8441,26
8442,16
8443,13
8444,16
8445,36
8446,31
8447,14
8448,13
8449,9
8450,16
8451,3
8452,26
8453,10
8454,9
8455,33
8456,6
8457,26
8458,15
8459,0
8460,13
8461,15
8462,13
8463,27
8464,27
8465,18
8466,33
8467,6
8468,1
8469,12
8470,32
8471,26
8472,3
8473,37
8474,29
8475,4
8476,13
8477,22
8478,13
8479,19
8480,26
8481,9
8482,1
8483,12
8484,20
8485,14
8486,8
8487,31
8488,2
8489,13
8490,20
8491,2
8492,27
8493,8
8494,20
8495,20
8496,15
8497,3
8498,31
8499,5
8500,23
8501,19
8502,24
8503,26
8504,2
8505,27
8506,33
8507,7
8508,10
8509,2
8510,34
8511,24
8512,26
8513,25
8514,4
8515,10
8516,16
8517,6
8518,23
8519,29
8520,26
8521,26
8522,10
8523,20
8524,26
8525,10
8526,12
8527,14
8528,24
8529,16
8530,37
8531,11
8532,6
8533,17
8534,13
8535,12
8536,24
8537,37
8538,10
8539,23
8540,9
8541,26
8542,31
8543,16
8544,19
8545,4
8546,13
8547,18
8548,19
8549,22
8550,26
8551,24
8552,33
8553,34
8554,13
8555,20
8556,6
8557,0
8558,10
8559,13
8560,20
8561,29
8562,4
8563,14
8564,6
8565,27
8566,27
8567,33
8568,36
8569,14
8570,10
8571,5
8572,13
8573,1
8574,11
8575,5
8576,1
8577,26
8578,29
8579,17
8580,34
8581,29
8582,5
8583,29
8584,19
8585,24
8586,20
8587,25
8588,26
8589,33
8590,0
8591,20
8592,33
8593,13
8594,23
8595,26
8596,13
8597,31
8598,13
8599,23
8600,2
8601,21
8602,11
8603,33
8604,10
8605,37
8606,18
8607,35
8608,21
8609,13
8610,7
8611,10
8612,2
8613,13
8614,11
8615,12
8616,3
8617,10
8618,13
8619,23
8620,16
8621,27
8622,13
8623,5
8624,13
8625,26
8626,31
8627,24
8628,15
8629,13
8630,28
8631,24
8632,19
8633,31
8634,13
8635,24
8636,28
8637,5
8638,28
8639,6
8640,11
8641,7
8642,22
8643,31
8644,25
8645,7
8646,11
8647,6
8648,26
8649,16
8650,30
8651,31
8652,1
8653,26
8654,34
8655,34
8656,22
8657,13
8658,25
8659,26
8660,6
8661,34
8662,13
8663,10
8664,29
8665,35
8666,13
8667,18
8668,26
8669,5
8670,2
8671,26
8672,23
8673,13
8674,33
8675,12
8676,33
8677,21
8678,20
8679,12
8680,2
8681,13
8682,13
8683,28
8684,13
8685,37
8686,13
8687,15
8688,6
8689,26
8690,27
8691,10
8692,37
8693,10
8694,28
8695,28
8696,10
8697,24
8698,4
8699,11
8700,24
8701,19
8702,2
8703,11
8704,13
8705,27
8706,23
8707,30
8708,13
8709,30
8710,16
8711,10
8712,20
8713,1
8714,5
8715,27
8716,27
8717,33
8718,9
8719,21
8720,14
8721,33
8722,13
8723,12
8724,28
8725,2
8726,15
8727,1
8728,33
8729,15
8730,13
8731,11
8732,21
8733,30
8734,15
8735,13
8736,30
8737,34
8738,18
8739,33
8740,30
8741,32
8742,34
8743,21
8744,37
8745,13
8746,30
8747,0
8748,7
8749,26
8750,11
8751,3
8752,1
8753,37
8754,5
8755,23
8756,3
8757,20
8758,13
8759,10
8760,33
8761,29
8762,13
8763,13
8764,22
8765,12
8766,13
8767,26
8768,6
8769,7
8770,5
8771,10
8772,11
8773,1
8774,12
8775,9
8776,28
8777,19
8778,13
8779,13
8780,1
8781,4
8782,12
8783,9
8784,26
8785,19
8786,36
8787,9
8788,4
8789,24
8790,13
8791,8
8792,5
8793,8
8794,36
8795,16
8796,19
8797,33
8798,21
8799,10
8800,34
8801,26
8802,17
8803,16
8804,6
8805,6
8806,34
8807,9
8808,10
8809,3
8810,34
8811,16
8812,2
8813,26
8814,31
8815,26
8816,31
8817,13
8818,10
8819,16
8820,26
8821,10
8822,26
8823,3
8824,33
8825,28
8826,26
8827,3
8828,30
8829,10
8830,26
8831,17
8832,11
8833,37
8834,21
8835,28
8836,13
8837,6
8838,29
8839,30
8840,13
8841,6
8842,10
8843,18
8844,4
8845,18
8846,31
8847,0
8848,30
8849,12
8850,21
8851,31
8852,13
8853,6
8854,17
8855,27
8856,13
8857,16
8858,25
8859,9
8860,2
8861,2
8862,3
8863,27
8864,13
8865,3
8866,21
8867,35
8868,11
8869,27
8870,16
8871,18
8872,34
8873,10
8874,5
8875,5
8876,13
8877,13
8878,13
8879,13
8880,9
8881,31
8882,29
8883,26
8884,10
8885,22
8886,17
8887,13
8888,23
8889,6
8890,1
8891,37
8892,17
8893,6
8894,23
8895,17
8896,15
8897,29
8898,15
8899,8
8900,0
8901,5
8902,35
8903,23
8904,7
8905,14
8906,3
8907,11
8908,10
8909,20
8910,13
8911,1
8912,28
8913,34
8914,24
8915,20
8916,27
8917,2
8918,29
8919,22
8920,2
8921,18
8922,13
8923,36
8924,11
8925,13
8926,13
8927,26
8928,13
8929,34
8930,31
8931,33
8932,13
8933,35
8934,12
8935,37
8936,13
8937,14
8938,11
8939,13
8940,13
8941,5
8942,24
8943,33
8944,13
8945,18
8946,16
8947,16
8948,9
8949,14
8950,0
8951,10
8952,13
8953,26
8954,27
8955,13
8956,13
8957,28
8958,36
8959,0
8960,3
8961,31
8962,30
8963,2
8964,37
8965,16
8966,5
8967,20
8968,13
8969,16
8970,27
8971,3
8972,30
8973,34
8974,24
8975,12
8976,12
8977,1
8978,35
8979,36
8980,21
8981,3
8982,6
8983,35
8984,16
8985,12
8986,26
8987,34
8988,6
8989,34
8990,13
8991,13
8992,26
8993,37
8994,28
8995,13
8996,29
8997,26
8998,6
8999,31
9000,21
9001,24
9002,13
9003,10
9004,26
9005,33
9006,9
9007,1
9008,17
9009,34
9010,13
9011,33
9012,6
9013,6
9014,13
9015,6
9016,1
9017,30
9018,29
9019,1
9020,15
9021,37
9022,1
9023,9
9024,19
9025,27
9026,27
9027,26
9028,30
9029,5
9030,24
9031,6
9032,26
9033,7
9034,17
9035,37
9036,26
9037,24
9038,13
9039,11
9040,13
9041,31
9042,15
9043,3
9044,30
9045,6
9046,29
9047,15
9048,13
9049,10
9050,20
9051,13
9052,13
9053,23
9054,35
9055,11
9056,37
9057,11
9058,16
9059,26
9060,10
9061,32
9062,26
9063,27
9064,19
9065,8
9066,13
9067,27
9068,16
9069,15
9070,13
9071,24
9072,31
9073,3
9074,25
9075,16
9076,12
9077,7
9078,9
9079,27
9080,7
9081,28
9082,13
9083,13
9084,3
9085,10
9086,13
9087,7
9088,26
9089,28
9090,11
9091,33
9092,7
9093,16
9094,23
9095,13
9096,10
9097,36
9098,13
9099,29
9100,21
9101,26
9102,10
9103,29
9104,30
9105,26
9106,1
9107,13
9108,31
9109,9
9110,26
9111,3
9112,26
9113,32
9114,26
9115,13
9116,18
9117,9
9118,20
9119,13
9120,0
9121,20
9122,27
9123,11
9124,22
9125,2
9126,30
9127,26
9128,5
9129,13
9130,20
9131,13
9132,13
9133,7
9134,33
9135,13
9136,18
9137,20
9138,24
9139,7
9140,0
9141,20
9142,19
9143,24
9144,29
9145,13
9146,13
9147,11
9148,13
9149,1
9150,28
9151,34
9152,30
9153,16
9154,13
9155,13
9156,26
9157,25
9158,8
9159,0
9160,30
9161,13
9162,17
9163,6
9164,6
9165,14
9166,15
9167,18
9168,7
9169,3
9170,13
9171,7
9172,35
9173,6
9174,13
9175,11
9176,13
9177,5
9178,24
9179,16
9180,16
9181,10
9182,13
9183,13
9184,3
9185,2
9186,26
9187,6
9188,13
9189,26
9190,13
9191,11
9192,3
9193,26
9194,23
9195,28
9196,13
9197,33
9198,30
9199,25
9200,20
9201,36
9202,33
9203,5
9204,16
9205,7
9206,4
9207,13
9208,32
9209,13
9210,13
9211,27
9212,13
9213,11
9214,17
9215,31
9216,27
9217,16
9218,15
9219,14
9220,3
9221,8
9222,10
9223,6
9224,31
9225,13
9226,0
9227,26
9228,3
9229,28
9230,34
9231,20
9232,26
9233,33
9234,11
9235,12
9236,2
9237,5
9238,16
9239,34
9240,3
9241,13
9242,10
9243,28
9244,37
9245,31
9246,26
9247,13
9248,22
9249,7
9250,20
9251,37
9252,30
9253,7
9254,24
9255,34
9256,20
9257,20
9258,16
9259,14
9260,10
9261,37
9262,19
9263,20
9264,26
9265,33
9266,5
9267,15
9268,16
9269,6
9270,3
9271,3
9272,14
9273,13
9274,13
9275,29
9276,15
9277,31
9278,33
9279,3
9280,28
9281,27
9282,13
9283,26
9284,21
9285,24
9286,26
9287,4
9288,6
9289,20
9290,33
9291,13
9292,26
9293,16
9294,13
9295,3
9296,16
9297,3
9298,37
9299,13
9300,3
9301,18
9302,27
9303,6
9304,31
9305,6
9306,26
9307,20
9308,20
9309,16
9310,7
9311,11
9312,13
9313,11
9314,18
9315,9
9316,30
9317,13
9318,11
9319,13
9320,5
9321,10
9322,15
9323,26
9324,15
9325,19
9326,5
9327,37
9328,3
9329,22
9330,11
9331,13
9332,1
9333,3
9334,31
9335,26
9336,16
9337,21
9338,26
9339,19
9340,13
9341,22
9342,3
9343,29
9344,6
9345,22
9346,17
9347,16
9348,5
9349,11
9350,21
9351,34
9352,9
9353,10
9354,19
9355,17
9356,13
9357,32
9358,30
9359,18
9360,32
9361,18
9362,10
9363,37
9364,27
9365,36
9366,26
9367,29
9368,23
9369,29
9370,6
9371,18
9372,13
9373,0
9374,3
9375,17
9376,18
9377,0
9378,3
9379,3
9380,26
9381,11
9382,0
9383,12
9384,6
9385,3
9386,11
9387,21
9388,13
9389,37
9390,13
9391,33
9392,32
9393,3
9394,13
9395,28
9396,26
9397,3
9398,30
9399,26
9400,22
9401,6
9402,11
9403,15
9404,2
9405,13
9406,10
9407,13
9408,13
9409,16
9410,3
9411,3
9412,26
9413,16
9414,15
9415,0
9416,33
9417,26
9418,15
9419,26
9420,13
9421,1
9422,2
9423,13
9424,7
9425,13
9426,26
9427,13
9428,1
9429,13
9430,22
9431,33
9432,26
9433,1
9434,29
9435,13
9436,7
9437,31
9438,26
9439,0
9440,13
9441,27
9442,3
9443,13
9444,26
9445,30
9446,3
9447,5
9448,9
9449,0
9450,5
9451,33
9452,6
9453,36
9454,20
9455,13
9456,28
9457,15
9458,17
9459,5
9460,23
9461,10
9462,3
9463,35
9464,26
9465,11
9466,5
9467,13
9468,11
9469,8
9470,0
9471,10
9472,3
9473,10
9474,10
9475,9
9476,6
9477,27
9478,9
9479,15
9480,6
9481,33
9482,10
9483,11
9484,1
9485,3
9486,3
9487,4
9488,9
9489,16
9490,11
9491,5
9492,13
9493,22
9494,33
9495,3
9496,13
9497,2
9498,26
9499,27
9500,29
9501,16
9502,13
9503,10
9504,15
9505,13
9506,9
9507,6
9508,15
9509,25
9510,22
9511,5
9512,16
9513,20
9514,30
9515,29
9516,14
9517,19
9518,9
9519,16
9520,13
9521,26
9522,10
9523,3
9524,27
9525,13
9526,37
9527,33
9528,14
9529,18
9530,26
9531,26
9532,28
9533,10
9534,10
9535,33
9536,0
9537,1
9538,6
9539,6
9540,3
9541,20
9542,28
9543,11
9544,35
9545,29
9546,9
9547,26
9548,2
9549,26
9550,13
9551,29
9552,35
9553,15
9554,26
9555,29
9556,14
9557,12
9558,25
9559,30
9560,13
9561,17
9562,21
9563,0
9564,10
9565,11
9566,10
9567,26
9568,3
9569,26
9570,12
9571,20
9572,16
9573,4
9574,20
9575,27
9576,0
9577,10
9578,36
9579,28
9580,3
9581,15
9582,29
9583,13
9584,23
9585,2
9586,7
9587,13
9588,11
9589,5
9590,13
9591,33
9592,28
9593,5
9594,26
9595,9
9596,24
9597,13
9598,27
9599,17
9600,34
9601,3
9602,7
9603,37
9604,17
9605,32
9606,31
9607,11
9608,20
9609,30
9610,37
9611,5
9612,9
9613,0
9614,3
9615,5
9616,0
9617,13
9618,11
9619,13
9620,5
9621,26
9622,3
9623,30
9624,26
9625,32
9626,28
9627,10
9628,16
9629,7
9630,24
9631,5
9632,28
9633,5
9634,32
9635,1
9636,3
9637,13
9638,2
9639,3
9640,15
9641,26
9642,29
9643,30
9644,36
9645,37
9646,16
9647,11
9648,6
9649,7
9650,35
9651,20
9652,15
9653,33
9654,12
9655,19
9656,11
9657,15
9658,9
9659,30
9660,7
9661,12
9662,18
9663,26
9664,7
9665,37
9666,1
9667,28
9668,33
9669,26
9670,4
9671,11
9672,13
9673,7
9674,18
9675,31
9676,37
9677,33
9678,26
9679,34
9680,16
9681,7
9682,26
9683,20
9684,6
9685,20
9686,27
9687,16
9688,11
9689,30
9690,24
9691,26
9692,26
9693,18
9694,20
9695,4
9696,10
9697,11
9698,28
9699,13
9700,27
9701,11
9702,15
9703,13
9704,21
9705,1
9706,6
9707,26
9708,34
9709,18
9710,17
9711,18
9712,12
9713,13
9714,18
9715,23
9716,12
9717,29
9718,10
9719,25
9720,13
9721,6
9722,14
9723,28
9724,26
9725,13
9726,15
9727,20
9728,9
9729,9
9730,22
9731,18
9732,13
9733,27
9734,11
9735,30
9736,5
9737,24
9738,26
9739,32
9740,20
9741,10
9742,16
9743,20
9744,7
9745,20
9746,16
9747,17
9748,11
9749,13
9750,4
9751,19
9752,15
9753,27
9754,7
9755,11
9756,19
9757,1
9758,11
9759,21
9760,2
9761,20
9762,11
9763,14
9764,33
9765,5
9766,11
9767,26
9768,21
9769,4
9770,10
9771,7
9772,22
9773,13
9774,30
9775,9
9776,3
9777,16
9778,9
9779,18
9780,16
9781,30
9782,34
9783,24
9784,34
9785,26
9786,2
9787,22
9788,26
9789,17
9790,3
9791,29
9792,32
9793,30
9794,26
9795,29
9796,5
9797,29
9798,29
9799,31
9800,11
9801,6
9802,21
9803,29
9804,26
9805,20
9806,18
9807,26
9808,26
9809,25
9810,13
9811,34
9812,20
9813,16
9814,13
9815,26
9816,5
9817,13
9818,26
9819,29
9820,0
9821,26
9822,28
9823,5
9824,24
9825,28
9826,18
9827,14
9828,30
9829,28
9830,22
9831,25
9832,15
9833,3
9834,26
9835,11
9836,9
9837,15
9838,3
9839,26
9840,14
9841,23
9842,22
9843,11
9844,16
9845,3
9846,10
9847,30
9848,7
9849,12
9850,10
9851,13
9852,28
9853,32
9854,26
9855,37
9856,29
9857,31
9858,13
9859,0
9860,15
9861,11
9862,4
9863,26
9864,10
9865,17
9866,6
9867,20
9868,30
9869,30
9870,21
9871,14
9872,11
9873,22
9874,0
9875,26
9876,13
9877,20
9878,11
9879,34
9880,11
9881,3
9882,26
9883,13
9884,22
9885,29
9886,30
9887,26
9888,13
9889,10
9890,34
9891,0
9892,26
9893,29
9894,6
9895,33
9896,21
9897,14
9898,33
9899,13
9900,26
9901,28
9902,23
9903,13
9904,27
9905,26
9906,13
9907,10
9908,14
9909,13
9910,29
9911,34
9912,0
9913,4
9914,15
9915,33
9916,25
9917,25
9918,22
9919,24
9920,13
9921,11
9922,14
9923,6
9924,12
9925,33
9926,15
9927,16
9928,3
9929,18
9930,34
9931,13
9932,13
9933,30
9934,1
9935,22
9936,10
9937,20
9938,29
9939,23
9940,19
9941,10
9942,21
9943,32
9944,13
9945,26
9946,19
9947,32
9948,13
9949,36
9950,36
9951,16
9952,19
9953,18
9954,26
9955,15
9956,18
9957,13
9958,34
9959,16
9960,13
9961,28
9962,0
9963,26
9964,24
9965,19
9966,15
9967,21
9968,13
9969,32
9970,29
9971,3
9972,23
9973,20
9974,22
9975,29
9976,13
9977,10
9978,33
9979,15
9980,16
9981,11
9982,11
9983,26
9984,33
9985,11
9986,26
9987,3
9988,5
9989,7
9990,29
9991,10
9992,16
9993,13
9994,21
9995,15
9996,22
9997,7
9998,32
9999,30
10000,2
10001,16
10002,1
10003,34
10004,0
10005,3
10006,13
10007,31
10008,10
10009,0
10010,6
10011,10
10012,0
10013,37
10014,23
10015,26
10016,13
10017,14
10018,1
10019,13
10020,30
10021,7
10022,37
10023,16
10024,22
10025,26
10026,21
10027,15
10028,8
10029,18
10030,16
10031,5
10032,35
10033,28
10034,30
10035,33
10036,13
10037,26
10038,10
10039,35
10040,6
10041,26
10042,3
10043,15
10044,15
10045,30
10046,26
10047,13
10048,9
10049,13
10050,26
10051,18
10052,21
10053,26
10054,31
10055,13
10056,18
10057,23
10058,16
10059,13
10060,4
10061,15
10062,19
10063,20
10064,3
10065,5
10066,3
10067,16
10068,19
10069,13
10070,20
10071,7
10072,26
10073,30
10074,30
10075,29
10076,4
10077,13
10078,7
10079,6
10080,17
10081,34
10082,20
10083,14
10084,16
10085,26
10086,13
10087,26
10088,5
10089,14
10090,26
10091,22
10092,5
10093,0
10094,3
10095,30
10096,13
10097,26
10098,22
10099,27
10100,3
10101,15
10102,36
10103,1
10104,6
10105,21
10106,25
10107,28
10108,18
10109,33
10110,37
10111,9
10112,10
10113,20
10114,25
10115,28
10116,13
10117,5
10118,27
10119,10
10120,5
10121,23
10122,16
10123,13
10124,31
10125,12
10126,35
10127,22
10128,10
10129,34
10130,37
10131,3
10132,6
10133,8
10134,16
10135,28
10136,33
10137,11
10138,37
10139,6
10140,9
10141,18
10142,11
10143,3
10144,18
10145,20
10146,17
10147,10
10148,18
10149,26
10150,7
10151,13
10152,27
10153,4
10154,23
10155,6
10156,1
10157,4
10158,13
10159,36
10160,2
10161,21
10162,26
10163,28
10164,5
10165,24
10166,29
10167,30
10168,27
10169,15
10170,16
10171,13
10172,28
10173,16
10174,21
10175,3
10176,29
10177,24
10178,23
10179,13
10180,5
10181,3
10182,11
10183,7
10184,14
10185,17
10186,1
10187,24
10188,2
10189,13
10190,0
10191,26
10192,5
10193,27
10194,17
10195,25
10196,13
10197,24
10198,11
10199,27
10200,20
10201,21
10202,31
10203,28
10204,31
10205,3
10206,13
10207,26
10208,7
10209,17
10210,30
10211,11
10212,17
10213,30
10214,0
10215,10
10216,17
10217,13
10218,3
10219,26
10220,13
10221,23
10222,13
10223,0
10224,9
10225,26
10226,13
10227,2
10228,6
10229,0
10230,20
10231,26
10232,30
10233,33
10234,3
10235,1
10236,28
10237,27
10238,9
10239,13
10240,23
10241,10
10242,13
10243,16
10244,17
10245,30
10246,13
10247,27
10248,13
10249,14
10250,35
10251,19
10252,9
10253,13
10254,31
10255,16
10256,36
10257,3
10258,18
10259,3
10260,11
10261,3
10262,11
10263,23
10264,6
10265,20
10266,32
10267,23
10268,13
10269,26
10270,10
10271,2
10272,29
10273,0
10274,10
10275,13
10276,13
10277,17
10278,26
10279,15
10280,6
10281,11
10282,7
10283,6
10284,35
10285,27
10286,22
10287,13
10288,2
10289,26
10290,3
10291,31
10292,6
10293,37
10294,2
10295,26
10296,20
10297,28
10298,3
10299,36
10300,13
10301,3
10302,16
10303,22
10304,10
10305,12
10306,13
10307,29
10308,20
10309,0
10310,7
10311,37
10312,16
10313,11
10314,27
10315,18
10316,37
10317,10
10318,8
10319,9
10320,13
10321,26
10322,13
10323,13
10324,7
10325,20
10326,24
10327,37
10328,11
10329,30
10330,6
10331,26
10332,33
10333,1
10334,6
10335,13
10336,33
10337,15
10338,8
10339,2
10340,4
10341,34
10342,0
10343,13
10344,34
10345,7
10346,37
10347,26
10348,26
10349,29
10350,36
10351,29
10352,26
10353,26
10354,5
10355,30
10356,26
10357,6
10358,1
10359,13
10360,23
10361,26
10362,21
10363,23
10364,18
10365,4
10366,13
10367,1
10368,1
10369,6
10370,9
10371,36
10372,26
10373,25
10374,33
10375,20
10376,11
10377,20
10378,12
10379,23
10380,26
10381,31
10382,11
10383,26
10384,20
10385,28
10386,3
10387,32
10388,35
10389,13
10390,26
10391,29
10392,2
10393,13
10394,13
10395,34
10396,5
10397,5
10398,2
10399,10
10400,17
10401,30
10402,29
10403,17
10404,28
10405,31
10406,33
10407,10
10408,23
10409,15
10410,13
10411,13
10412,6
10413,3
10414,5
10415,30
10416,25
10417,30
10418,35
10419,18
10420,16
10421,33
10422,30
10423,16
10424,26
10425,26
10426,3
10427,28
10428,6
10429,25
10430,28
10431,16
10432,11
10433,11
10434,6
10435,11
10436,6
10437,26
10438,10
10439,1
10440,24
10441,35
10442,13
10443,20
10444,25
10445,33
10446,21
10447,26
10448,2
10449,13
10450,13
10451,6
10452,16
10453,34
10454,30
10455,13
10456,5
10457,31
10458,10
10459,37
10460,28
10461,26
10462,0
10463,3
10464,34
10465,26
10466,13
10467,3
10468,11
10469,6
10470,26
10471,20
10472,33
10473,16
10474,19
10475,28
10476,13
10477,34
10478,14
10479,3
10480,11
10481,35
10482,13
10483,11
10484,9
10485,15
10486,26
10487,33
10488,1
10489,26
10490,6
10491,6
10492,21
10493,3
10494,26
10495,24
10496,27
10497,24
10498,12
10499,31
10500,33
10501,9
10502,23
10503,26
10504,32
10505,19
10506,22
10507,3
10508,13
10509,19
10510,24
10511,5
10512,2
10513,7
10514,19
10515,18
10516,1
10517,30
10518,13
10519,33
10520,13
10521,24
10522,1
10523,30
10524,31
10525,10
10526,26
10527,26
10528,10
10529,20
10530,14
10531,3
10532,10
10533,5
10534,15
10535,16
10536,21
10537,31
10538,26
10539,23
10540,28
10541,31
10542,13
10543,17
10544,25
10545,16
10546,7
10547,3
10548,16
10549,14
10550,24
10551,26
10552,12
10553,31
10554,26
10555,2
10556,18
10557,12
10558,32
10559,28
10560,16
10561,23
10562,20
10563,10
10564,26
10565,11
10566,12
10567,26
10568,36
10569,21
10570,26
10571,1
10572,15
10573,20
10574,13
10575,26
10576,13
10577,27
10578,13
10579,13
10580,28
10581,16
10582,13
10583,24
10584,17
10585,13
10586,20
10587,29
10588,14
10589,14
10590,12
10591,34
10592,26
10593,21
10594,27
10595,21
10596,1
10597,15
10598,15
10599,24
10600,26
10601,6
10602,13
10603,6
10604,0
10605,12
10606,13
10607,6
10608,1
10609,15
10610,34
10611,4
10612,37
10613,20
10614,0
10615,11
10616,27
10617,33
10618,1
10619,20
10620,18
10621,26
10622,17
10623,15
10624,26
10625,28
10626,0
10627,32
10628,33
10629,3
10630,10
10631,13
10632,31
10633,26
10634,19
10635,30
10636,9
10637,7
10638,9
10639,12
10640,31
10641,16
10642,37
10643,16
10644,16
10645,12
10646,26
10647,26
10648,26
10649,14
10650,13
10651,17
10652,33
10653,2
10654,13
10655,29
10656,27
10657,7
10658,34
10659,36
10660,29
10661,24
10662,3
10663,13
10664,17
10665,6
10666,5
10667,29
10668,16
10669,3
10670,3
10671,24
10672,16
10673,11
10674,31
10675,15
10676,29
10677,31
10678,31
10679,13
10680,9
10681,11
10682,17
10683,12
10684,0
10685,11
10686,30
10687,10
10688,0
10689,27
10690,9
10691,12
10692,13
10693,30
10694,10
10695,20
10696,16
10697,6
10698,10
10699,13
10700,15
10701,3
10702,36
10703,10
10704,14
10705,9
10706,13
10707,16
10708,1
10709,13
10710,9
10711,13
10712,6
10713,1
10714,5
10715,10
10716,26
10717,33
10718,16
10719,24
10720,15
10721,11
10722,26
10723,14
10724,11
10725,8
10726,28
10727,26
10728,24
10729,9
10730,26
10731,34
10732,34
10733,13
10734,26
10735,22
10736,3
10737,7
10738,28
10739,31
10740,0
10741,31
10742,2
10743,17
10744,10
10745,33
10746,19
10747,28
10748,4
10749,26
10750,26
10751,33
10752,27
10753,5
10754,33
10755,13
10756,3
10757,7
10758,0
10759,24
10760,26
10761,1
10762,16
10763,32
10764,13
10765,3
10766,31
10767,24
10768,3
10769,13
10770,34
10771,28
10772,9
10773,2
10774,27
10775,16
10776,31
10777,22
10778,9
10779,6
10780,24
10781,16
10782,2
10783,7
10784,15
10785,1
10786,13
10787,23
10788,36
10789,17
10790,15
10791,20
10792,14
10793,33
10794,32
10795,15
10796,9
10797,28
10798,5
10799,10
10800,26
10801,3
10802,14
10803,15
10804,19
10805,16
10806,27
10807,1
10808,13
10809,20
10810,31
10811,15
10812,8
10813,27
10814,10
10815,30
10816,29
10817,1
10818,10
10819,18
10820,13
10821,12
10822,26
10823,13
10824,1
10825,2
10826,31
10827,7
10828,15
10829,3
10830,3
10831,23
10832,11
10833,15
10834,1
10835,13
10836,18
10837,18
10838,3
10839,35
10840,24
10841,26
10842,0
10843,36
10844,28
10845,14
10846,17
10847,7
10848,3
10849,28
10850,26
10851,3
10852,21
10853,16
10854,5
10855,16
10856,10
10857,18
10858,17
10859,16
10860,10
10861,15
10862,11
10863,12
10864,6
10865,29
10866,35
10867,33
10868,30
10869,14
10870,27
10871,26
10872,20
10873,12
10874,9
10875,20
10876,13
10877,7
10878,2
10879,33
10880,15
10881,6
10882,6
10883,16
10884,26
10885,3
10886,10
10887,36
10888,30
10889,24
10890,17
10891,15
10892,33
10893,17
10894,24
10895,16
10896,24
10897,10
10898,5
10899,34
10900,5
10901,14
10902,2
10903,25
10904,37
10905,0
10906,13
10907,12
10908,31
10909,5
10910,18
10911,30
10912,13
10913,16
10914,11
10915,26
10916,16
10917,13
10918,36
10919,17
10920,3
10921,11
10922,24
10923,3
10924,13
10925,11
10926,18
10927,3
10928,28
10929,13
10930,26
10931,14
10932,26
10933,1
10934,17
10935,20
10936,25
10937,27
10938,26
10939,3
10940,27
10941,13
10942,20
10943,4
10944,12
10945,23
10946,29
10947,22
10948,11
10949,8
10950,27
10951,14
10952,4
10953,13
10954,33
10955,5
10956,11
10957,13
10958,28
10959,4
10960,26
10961,11
10962,27
10963,11
10964,7
10965,29
10966,5
10967,24
10968,16
10969,0
10970,5
10971,26
10972,8
10973,25
10974,17
10975,15
10976,22
10977,5
10978,8
10979,28
10980,7
10981,15
10982,28
10983,26
10984,9
10985,26
10986,26
10987,10
10988,3
10989,0
10990,0
10991,26
10992,35
10993,27
10994,16
10995,15
10996,36
10997,13
10998,7
10999,11
11000,27
11001,3
11002,26
11003,33
11004,31
11005,15
11006,15
11007,27
11008,26
11009,10
11010,7
11011,26
11012,5
11013,33
11014,0
11015,25
11016,26
11017,8
11018,3
11019,20
11020,21
11021,13
11022,13
11023,9
11024,13
11025,10
11026,24
11027,8
11028,6
11029,33
11030,25
11031,26
11032,5
11033,2
11034,27
11035,5
11036,33
11037,10
11038,3
11039,13
11040,20
11041,19
11042,12
11043,33
11044,26
11045,29
11046,21
11047,11
11048,13
11049,16
11050,23
11051,17
11052,3
11053,21
11054,13
11055,21
11056,34
11057,27
11058,16
11059,25
11060,31
11061,30
11062,24
11063,13
11064,6
11065,3
11066,13
11067,20
11068,13
11069,26
11070,21
11071,11
11072,20
11073,24
11074,18
11075,26
11076,11
11077,31
11078,9
11079,31
11080,6
11081,6
11082,11
11083,26
11084,12
11085,13
11086,2
11087,34
11088,0
11089,29
11090,11
11091,16
11092,23
11093,20
11094,26
11095,13
11096,13
11097,26
11098,3
11099,13
11100,3
11101,24
11102,37
11103,26
11104,2
11105,13
11106,1
11107,33
11108,26
11109,6
11110,26
11111,18
11112,18
11113,6
11114,33
11115,26
11116,35
11117,13
11118,16
11119,30
11120,2
11121,36
11122,13
11123,37
11124,18
11125,0
11126,0
11127,0
11128,0
11129,35
11130,31
11131,9
11132,20
11133,33
11134,27
11135,8
11136,13
11137,18
11138,3
11139,5
11140,11
11141,13
11142,13
11143,11
11144,2
11145,31
11146,31
11147,11
11148,2
11149,18
11150,27
11151,9
11152,7
11153,20
11154,30
11155,5
11156,28
11157,3
11158,26
11159,11
11160,15
11161,34
11162,34
11163,37
11164,9
11165,26
11166,15
11167,27
11168,13
11169,37
11170,11
11171,7
11172,16
11173,3
11174,24
11175,28
11176,14
11177,2
11178,22
11179,12
11180,3
11181,13
11182,21
11183,2
11184,5
11185,3
11186,5
11187,8
11188,6
11189,21
11190,16
11191,21
11192,20
11193,23
11194,5
11195,6
11196,6
11197,6
11198,7
11199,7
11200,16
11201,13
11202,26
11203,10
11204,8
11205,29
11206,14
11207,20
11208,3
11209,17
11210,31
11211,28
11212,9
11213,7
11214,27
11215,28
11216,31
11217,13
11218,34
11219,13
11220,16
11221,26
11222,20
11223,3
11224,28
11225,26
11226,27
11227,13
11228,21
11229,1
11230,11
11231,0
11232,16
11233,2
11234,13
11235,15
11236,13
11237,24
11238,29
11239,24
11240,13
11241,11
11242,24
11243,15
11244,24
11245,27
11246,24
11247,6
11248,26
11249,30
11250,10
11251,33
11252,14
11253,24
11254,21
11255,1
11256,13
11257,13
11258,36
11259,11
11260,33
11261,5
11262,1
11263,29
11264,13
11265,35
11266,11
11267,11
11268,26
11269,16
11270,9
11271,1
11272,13
11273,13
11274,30
11275,23
11276,12
11277,15
11278,13
11279,31
11280,33
11281,0
11282,7
11283,27
11284,35
11285,21
11286,27
11287,34
11288,3
11289,30
11290,26
11291,2
11292,13
11293,6
11294,11
11295,22
11296,17
11297,13
11298,34
11299,34
11300,20
11301,17
11302,26
11303,3
11304,23
11305,6
11306,26
11307,9
11308,13
11309,8
11310,26
11311,30
11312,21
11313,6
11314,2
11315,30
11316,3
11317,5
11318,20
11319,2
11320,6
11321,13
11322,3
11323,24
11324,19
11325,5
11326,20
11327,9
11328,27
11329,3
11330,15
11331,3
11332,6
11333,33
11334,13
11335,16
11336,24
11337,31
11338,1
11339,37
11340,26
11341,7
11342,11
11343,26
11344,26
11345,9
11346,24
11347,26
11348,30
11349,1
11350,33
11351,35
11352,7
11353,4
11354,7
11355,13
11356,19
11357,18
11358,11
11359,10
11360,31
11361,31
11362,12
11363,16
11364,3
11365,26
11366,11
11367,24
11368,17
11369,7
11370,11
11371,15
11372,28
11373,5
11374,25
11375,10
11376,0
11377,5
11378,9
11379,18
11380,13
11381,24
11382,19
11383,13
11384,0
11385,3
11386,20
11387,26
11388,4
11389,16
11390,3
11391,25
11392,24
11393,2
11394,7
11395,13
11396,2
11397,18
11398,29
11399,26
11400,20
11401,31
11402,5
11403,26
11404,5
11405,0
11406,20
11407,26
11408,13
11409,0
11410,18
11411,10
11412,15
11413,26
11414,30
11415,11
11416,35
11417,22
11418,33
11419,31
11420,31
11421,13
11422,33
11423,21
11424,24
11425,13
11426,1
11427,11
11428,23
11429,3
11430,25
11431,9
11432,20
11433,13
11434,24
11435,23
11436,11
11437,3
11438,3
11439,24
11440,11
11441,13
11442,24
11443,11
11444,34
11445,11
11446,13
11447,33
11448,0
11449,32
11450,25
11451,26
11452,1
11453,26
11454,10
11455,20
11456,3
11457,31
11458,6
11459,0
11460,32
11461,36
11462,25
11463,33
11464,35
11465,15
11466,33
11467,25
11468,30
11469,25
11470,21
11471,20
11472,0
11473,30
11474,37
11475,35
11476,12
11477,16
11478,33
11479,15
11480,17
11481,13
11482,13
11483,11
11484,20
11485,11
11486,26
11487,0
11488,13
11489,20
11490,28
11491,6
11492,28
11493,9
11494,29
11495,31
11496,18
11497,26
11498,10
11499,26
11500,11
11501,23
11502,24
11503,13
11504,30
11505,35
11506,6
11507,30
11508,4
11509,21
11510,35
11511,30
11512,7
11513,4
11514,34
11515,34
11516,18
11517,34
11518,9
11519,16
11520,32
11521,16
11522,20
11523,33
11524,8
11525,9
11526,29
11527,13
11528,1
11529,27
11530,5
11531,24
11532,29
11533,22
11534,37
11535,11
11536,27
11537,3
11538,33
11539,13
11540,13
11541,27
11542,27
11543,31
11544,2
11545,7
11546,28
11547,15
11548,21
11549,17
11550,14
11551,24
11552,10
11553,6
11554,14
11555,22
11556,30
11557,31
11558,17
11559,26
11560,25
11561,16
11562,10
11563,20
11564,13
11565,6
11566,26
11567,7
11568,17
11569,26
11570,14
11571,24
11572,18
11573,26
11574,31
11575,36
11576,7
11577,27
11578,27
11579,6
11580,33
11581,14
11582,27
11583,17
11584,16
11585,30
11586,6
11587,5
11588,13
11589,25
11590,16
11591,13
11592,33
11593,10
11594,29
11595,1
11596,37
11597,10
11598,22
11599,13
11600,7
11601,26
11602,3
11603,3
11604,26
11605,21
11606,1
11607,27
11608,32
11609,20
11610,31
11611,0
11612,23
11613,7
11614,31
11615,6
11616,23
11617,0
11618,3
11619,26
11620,3
11621,13
11622,1
11623,13
11624,26
11625,26
11626,26
11627,32
11628,10
11629,6
11630,8
11631,6
11632,3
11633,1
11634,13
11635,17
11636,6
11637,20
11638,6
11639,3
11640,9
11641,5
11642,15
11643,0
11644,6
11645,36
11646,3
11647,22
11648,3
11649,16
11650,13
11651,28
11652,1
11653,29
11654,26
11655,13
11656,31
11657,26
11658,0
11659,6
11660,13
11661,1
11662,5
11663,13
11664,7
11665,12
11666,13
11667,33
11668,28
11669,28
11670,5
11671,26
11672,23
11673,29
11674,15
11675,30
11676,18
11677,28
11678,8
11679,35
11680,20
11681,35
11682,16
11683,20
11684,13
11685,27
11686,17
11687,1
11688,19
11689,13
11690,33
11691,10
11692,5
11693,26
11694,0
11695,23
11696,31
11697,10
11698,16
11699,20
11700,27
11701,26
11702,13
11703,15
11704,5
11705,37
11706,34
11707,3
11708,13
11709,3
11710,7
11711,20
11712,20
11713,25
11714,19
11715,7
11716,3
11717,13
11718,17
11719,27
11720,26
11721,29
11722,1
11723,13
11724,6
11725,19
11726,23
11727,31
11728,6
11729,7
11730,6
11731,16
11732,11
11733,30
11734,27
11735,13
11736,1
11737,25
11738,20
11739,35
11740,33
11741,29
11742,15
11743,1
11744,25
11745,34
11746,10
11747,13
11748,28
11749,13
11750,10
11751,6
11752,13
11753,13
11754,3
11755,16
11756,6
11757,12
11758,24
11759,20
11760,30
11761,7
11762,20
11763,20
11764,17
11765,18
11766,10
11767,2
11768,3
11769,8
11770,13
11771,1
11772,24
11773,12
11774,1
11775,1
11776,19
11777,11
11778,17
11779,8
11780,5
11781,26
11782,14
11783,30
11784,29
11785,14
11786,26
11787,17
11788,13
11789,3
11790,22
11791,4
11792,31
11793,30
11794,26
11795,15
11796,6
11797,28
11798,30
11799,5
11800,29
11801,26
11802,13
11803,16
11804,13
11805,16
11806,13
11807,3
11808,30
11809,25
11810,29
11811,31
11812,6
11813,15
11814,26
11815,12
11816,5
11817,16
11818,13
11819,19
11820,16
11821,10
11822,26
11823,5
11824,20
11825,30
11826,37
11827,3
11828,31
11829,25
11830,10
11831,34
11832,13
11833,10
11834,16
11835,32
11836,34
11837,15
11838,31
11839,26
11840,19
11841,26
11842,33
11843,6
11844,16
11845,24
11846,34
11847,24
11848,3
11849,35
11850,12
11851,3
11852,13
11853,13
11854,24
11855,27
11856,18
11857,27
11858,10
11859,29
11860,30
11861,16
11862,3
11863,13
11864,9
11865,6
11866,21
11867,5
11868,9
11869,15
11870,15
11871,26
11872,16
11873,15
11874,20
11875,27
11876,27
11877,31
11878,24
11879,26
11880,9
11881,31
11882,9
11883,10
11884,26
11885,33
11886,10
11887,0
11888,26
11889,10
11890,19
11891,17
11892,20
11893,25
11894,29
11895,31
11896,1
11897,29
11898,13
11899,28
11900,26
11901,24
11902,30
11903,26
11904,14
11905,16
11906,2
11907,24
11908,31
11909,13
11910,38
11911,34
11912,36
11913,24
11914,23
11915,3
11916,13
11917,15
11918,22
11919,13
11920,37
11921,23
11922,13
11923,10
11924,26
11925,11
11926,27
11927,23
11928,5
11929,26
11930,6
11931,11
11932,37
11933,13
11934,33
11935,13
11936,19
11937,0
11938,7
11939,25
11940,26
11941,3
11942,31
11943,20
11944,6
11945,12
11946,9
11947,15
11948,26
11949,26
11950,20
11951,13
11952,11
11953,22
11954,26
11955,26
11956,15
11957,25
11958,24
11959,9
11960,16
11961,10
11962,23
11963,26
11964,3
11965,7
11966,13
11967,20
11968,24
11969,24
11970,31
11971,21
11972,13
11973,6
11974,26
11975,5
11976,16
11977,16
11978,18
11979,5
11980,10
11981,30
11982,5
11983,9
11984,13
11985,11
11986,6
11987,20
11988,0
11989,0
11990,26
11991,37
11992,20
11993,12
11994,16
11995,31
11996,30
11997,9
11998,34
11999,27
12000,12
12001,13
12002,32
12003,3
12004,20
12005,27
12006,37
12007,26
12008,31
12009,26
12010,3
12011,31
12012,27
12013,17
12014,3
12015,35
12016,18
12017,27
12018,3
12019,0
12020,15
12021,30
12022,36
12023,30
12024,31
12025,20
12026,27
12027,13
12028,16
12029,7
12030,7
12031,24
12032,26
12033,10
12034,13
12035,6
12036,27
12037,23
12038,15
12039,23
12040,33
12041,13
12042,5
12043,5
12044,20
12045,13
12046,26
12047,6
12048,30
12049,33
12050,31
12051,14
12052,32
12053,4
12054,11
12055,8
12056,23
12057,30
12058,26
12059,19
12060,26
12061,28
12062,28
12063,10
12064,29
12065,5
12066,3
12067,26
12068,0
12069,36
12070,5
12071,20
12072,15
12073,10
12074,13
12075,13
12076,3
12077,31
12078,33
12079,36
12080,13
12081,20
12082,2
12083,26
12084,24
12085,2
12086,19
12087,8
12088,26
12089,37
12090,32
12091,7
12092,28
12093,25
12094,26
12095,19
12096,26
12097,13
12098,33
12099,26
12100,18
12101,29
12102,30
12103,13
12104,20
12105,37
12106,37
12107,6
12108,18
12109,9
12110,11
12111,10
12112,37
12113,36
12114,3
12115,26
12116,26
12117,23
12118,15
12119,3
12120,29
12121,37
12122,13
12123,30
12124,34
12125,5
12126,9
12127,17
12128,13
12129,34
12130,10
12131,33
12132,35
12133,14
12134,27
12135,20
12136,9
12137,35
12138,16
12139,11
12140,4
12141,7
12142,26
12143,21
12144,10
12145,2
12146,25
12147,13
12148,1
12149,35
12150,26
12151,11
12152,30
12153,13
12154,3
12155,2
12156,14
12157,13
12158,19
12159,34
12160,29
12161,28
12162,25
12163,11
12164,11
12165,23
12166,19
12167,13
12168,29
12169,26
12170,33
12171,27
12172,7
12173,2
12174,0
12175,15
12176,23
12177,18
12178,0
12179,4
12180,2
12181,24
12182,32
12183,5
12184,18
12185,11
12186,11
12187,16
12188,6
12189,1
12190,16
12191,30
12192,13
12193,3
12194,22
12195,17
12196,9
12197,7
12198,13
12199,10
12200,16
12201,17
12202,25
12203,13
12204,2
12205,20
12206,19
12207,13
12208,31
12209,27
12210,28
12211,24
12212,11
12213,20
12214,29
12215,29
12216,26
12217,5
12218,34
12219,19
12220,10
12221,35
12222,24
12223,6
12224,27
12225,26
12226,11
12227,10
12228,10
12229,9
12230,26
12231,24
12232,1
12233,24
12234,20
12235,21
12236,10
12237,16
12238,37
12239,14
12240,1
12241,2
12242,12
12243,33
12244,18
12245,13
12246,3
12247,32
12248,35
12249,21
12250,33
12251,0
12252,13
12253,15
12254,20
12255,31
12256,3
12257,13
12258,13
12259,5
12260,20
12261,0
12262,25
12263,29
12264,26
12265,15
12266,31
12267,19
12268,16
12269,3
12270,14
12271,35
12272,7
12273,13
12274,2
12275,6
12276,26
12277,7
12278,24
12279,15
12280,10
12281,26
12282,16
12283,3
12284,13
12285,13
12286,33
12287,26
12288,30
12289,13
12290,20
12291,2
12292,28
12293,26
12294,13
12295,10
12296,1
12297,27
12298,4
12299,30
12300,27
12301,36
12302,13
12303,3
12304,20
12305,29
12306,28
12307,16
12308,23
12309,13
12310,18
12311,5
12312,6
12313,37
12314,31
12315,26
12316,15
12317,10
12318,10
12319,28
12320,29
12321,27
12322,6
12323,10
12324,21
12325,14
12326,25
12327,15
12328,11
12329,10
12330,5
12331,16
12332,13
12333,8
12334,7
12335,29
12336,3
12337,3
12338,26
12339,35
12340,33
12341,2
12342,7
12343,5
12344,11
12345,30
12346,22
12347,27
12348,13
12349,25
12350,21
12351,1
12352,15
12353,33
12354,20
12355,28
12356,28
12357,2
12358,1
12359,3
12360,34
12361,25
12362,13
12363,0
12364,30
12365,34
12366,16
12367,1
12368,26
12369,16
12370,29
12371,28
12372,3
12373,20
12374,36
12375,9
12376,33
12377,31
12378,7
12379,13
12380,31
12381,26
12382,17
12383,8
12384,17
12385,1
12386,20
12387,20
12388,37
12389,9
12390,3
12391,13
12392,22
12393,28
12394,11
12395,13
12396,18
12397,5
12398,13
12399,13
12400,37
12401,13
12402,0
12403,13
12404,6
12405,26
12406,27
12407,13
12408,30
12409,15
12410,7
12411,30
12412,8
12413,0
12414,19
12415,20
12416,34
12417,21
12418,37
12419,24
12420,15
12421,3
12422,28
12423,10
12424,9
12425,1
12426,0
12427,14
12428,11
12429,22
12430,31
12431,35
12432,6
12433,23
12434,6
12435,6
12436,7
12437,26
12438,26
12439,0
12440,11
12441,27
12442,29
12443,26
12444,20
12445,26
12446,26
12447,27
12448,10
12449,35
12450,26
12451,26
12452,0
12453,1
12454,20
12455,3
12456,26
12457,11
12458,13
12459,1
12460,28
12461,28
12462,35
12463,3
12464,27
12465,12
12466,10
12467,15
12468,27
12469,31
12470,22
12471,10
12472,1
12473,3
12474,26
12475,24
12476,30
12477,24
12478,7
12479,23
12480,26
12481,26
12482,2
12483,6
12484,34
12485,11
12486,27
12487,24
12488,30
12489,31
12490,31
12491,15
12492,13
12493,35
12494,10
12495,20
12496,28
12497,21
12498,10
12499,15
12500,33
12501,13
12502,25
12503,26
12504,13
12505,36
12506,26
12507,11
12508,15
12509,30
12510,29
12511,13
12512,27
12513,17
12514,19
12515,26
12516,24
12517,6
12518,9
12519,20
12520,31
12521,6
12522,15
12523,6
12524,27
12525,26
12526,10
12527,20
12528,34
12529,13
12530,15
12531,6
12532,33
12533,4
12534,8
12535,9
12536,26
12537,2
12538,27
12539,16
12540,25
12541,0
12542,10
12543,28
12544,30
12545,21
12546,16
12547,15
12548,20
12549,23
12550,13
12551,21
12552,27
12553,37
12554,7
12555,13
12556,8
12557,15
12558,3
12559,25
12560,20
12561,19
12562,25
12563,26
12564,33
12565,1
12566,16
12567,26
12568,3
12569,22
12570,24
12571,26
12572,6
12573,17
12574,10
12575,4
12576,33
12577,13
12578,31
12579,1
12580,10
12581,0
12582,18
12583,33
12584,29
12585,37
12586,4
12587,26
12588,11
12589,16
12590,16
12591,13
12592,11
12593,4
12594,32
12595,11
12596,27
12597,22
12598,28
12599,19
12600,16
12601,14
12602,30
12603,13
12604,15
12605,13
12606,11
12607,28
12608,0
12609,0
12610,11
12611,26
12612,6
12613,17
12614,15
12615,3
12616,7
12617,17
12618,27
12619,32
12620,11
12621,20
12622,28
12623,7
12624,20
12625,20
12626,3
12627,34
12628,24
12629,10
12630,20
12631,7
12632,33
12633,2
12634,3
12635,20
12636,27
12637,13
12638,26
12639,32
12640,18
12641,20
12642,5
12643,10
12644,11
12645,0
12646,10
12647,25
12648,11
12649,5
12650,32
12651,7
12652,10
12653,11
12654,11
12655,36
12656,29
12657,8
12658,18
12659,29
12660,16
12661,17
12662,26
12663,14
12664,16
12665,33
12666,27
12667,11
12668,0
12669,2
12670,17
12671,11
12672,23
12673,15
12674,33
12675,20
12676,36
12677,19
12678,31
12679,5
12680,26
12681,33
12682,16
12683,3
12684,24
12685,33
12686,8
12687,17
12688,37
12689,27
12690,29
12691,16
12692,26
12693,20
12694,10
12695,27
12696,16
12697,25
12698,12
12699,27
12700,35
12701,24
12702,13
12703,20
12704,20
12705,18
12706,13
12707,3
12708,33
12709,0
12710,13
12711,15
12712,15
12713,13
12714,1
12715,1
12716,10
12717,13
12718,5
12719,36
12720,13
12721,9
12722,31
12723,17
12724,15
12725,37
12726,3
12727,6
12728,13
12729,26
12730,15
12731,20
12732,13
12733,13
12734,13
12735,24
12736,29
12737,28
12738,22
12739,10
12740,26
12741,9
12742,3
12743,6
12744,13
12745,1
12746,26
12747,37
12748,36
12749,13
12750,11
12751,5
12752,10
12753,9
12754,3
12755,26
12756,11
12757,26
12758,13
12759,3
12760,28
12761,36
12762,5
12763,21
12764,10
12765,4
12766,20
12767,14
12768,26
12769,22
12770,20
12771,20
12772,16
12773,20
12774,22
12775,2
12776,16
12777,11
12778,29
12779,5
12780,15
12781,11
12782,9
12783,25
12784,26
12785,31
12786,13
12787,11
12788,37
12789,26
12790,13
12791,18
12792,5
12793,35
12794,13
12795,9
12796,20
12797,13
12798,15
12799,13
12800,5
12801,26
12802,3
12803,1
12804,13
12805,26
12806,11
12807,16
12808,11
12809,5
12810,16
12811,13
12812,4
12813,30
12814,10
12815,12
12816,3
12817,16
12818,28
12819,1
12820,16
12821,30
12822,18
12823,24
12824,21
12825,16
12826,35
12827,10
12828,3
12829,20
12830,3
12831,27
12832,6
12833,26
12834,24
12835,3
12836,18
12837,0
12838,13
12839,13
12840,26
12841,30
12842,15
12843,26
12844,13
12845,13
12846,13
12847,13
12848,15
12849,0
12850,11
12851,20
12852,33
12853,24
12854,6
12855,9
12856,13
12857,33
12858,27
12859,4
12860,21
12861,30
12862,10
12863,29
12864,9
12865,26
12866,13
12867,26
12868,16
12869,26
12870,3
12871,13
12872,3
12873,23
12874,13
12875,31
12876,0
12877,20
12878,34
12879,8
12880,24
12881,19
12882,6
12883,23
12884,18
12885,9
12886,1
12887,23
12888,34
12889,29
12890,20
12891,21
12892,26
12893,4
12894,9
12895,12
12896,23
12897,29
12898,15
12899,16
12900,27
12901,28
12902,16
12903,29
12904,16
12905,6
12906,13
12907,2
12908,21
12909,13
12910,32
12911,3
12912,0
12913,8
12914,3
12915,35
12916,0
12917,16
12918,13
12919,14
12920,13
12921,13
12922,28
12923,4
12924,19
12925,26
12926,20
12927,3
12928,3
12929,0
12930,2
12931,17
12932,14
12933,18
12934,30
12935,37
12936,28
12937,29
12938,13
12939,0
12940,29
12941,3
12942,30
12943,16
12944,0
12945,10
12946,5
12947,28
12948,15
12949,6
12950,6
12951,35
12952,28
12953,33
12954,13
12955,15
12956,26
12957,20
12958,5
12959,2
12960,1
12961,24
12962,6
12963,10
12964,29
12965,34
12966,10
12967,30
12968,7
12969,33
12970,18
12971,11
12972,2
12973,26
12974,14
12975,29
12976,13
12977,11
12978,19
12979,26
12980,13
12981,6
12982,26
12983,22
12984,21
12985,20
12986,30
12987,33
12988,15
12989,33
12990,32
12991,16
12992,26
12993,6
12994,11
12995,29
12996,11
12997,21
12998,26
12999,34
13000,3
13001,24
13002,13
13003,33
13004,9
13005,29
13006,3
13007,13
13008,5
13009,13
13010,13
13011,26
13012,3
13013,29
13014,5
13015,13
13016,14
13017,20
13018,15
13019,13
13020,12
13021,17
13022,28
13023,30
13024,0
13025,29
13026,11
13027,20
13028,35
13029,26
13030,37
13031,3
13032,5
13033,28
13034,17
13035,13
13036,15
13037,5
13038,16
13039,13
13040,19
13041,0
13042,5
13043,37
13044,13
13045,15
13046,18
13047,13
13048,16
13049,13
13050,25
13051,12
13052,13
13053,3
13054,3
13055,21
13056,20
13057,13
13058,14
13059,6
13060,35
13061,26
13062,21
13063,6
13064,26
13065,35
13066,28
13067,26
13068,13
13069,13
13070,30
13071,13
13072,13
13073,17
13074,20
13075,30
13076,17
13077,14
13078,20
13079,13
13080,13
13081,26
13082,31
13083,20
13084,0
13085,26
13086,21
13087,22
13088,26
13089,31
13090,10
13091,24
13092,37
13093,14
13094,13
13095,26
13096,10
13097,33
13098,35
13099,26
13100,3
13101,11
13102,11
13103,1
13104,0
13105,11
13106,27
13107,26
13108,33
13109,6
13110,20
13111,31
13112,13
13113,2
13114,3
13115,26
13116,7
13117,5
13118,25
13119,17
13120,11
13121,13
13122,13
13123,6
13124,16
13125,2
13126,24
13127,2
13128,28
13129,17
13130,29
13131,16
13132,37
13133,21
13134,34
13135,37
13136,26
13137,34
13138,18
13139,13
13140,13
13141,16
13142,13
13143,5
13144,13
13145,11
13146,26
13147,27
13148,13
13149,17
13150,33
13151,28
13152,1
13153,5
13154,13
13155,26
13156,25
13157,28
13158,11
13159,14
13160,20
13161,13
13162,18
13163,16
13164,27
13165,13
13166,7
13167,8
13168,3
13169,13
13170,17
13171,27
13172,12
13173,13
13174,29
13175,37
13176,3
13177,16
13178,31
13179,26
13180,27
13181,37
13182,13
13183,29
13184,29
13185,23
13186,13
13187,26
13188,3
13189,29
13190,13
13191,8
13192,27
13193,20
13194,5
13195,31
13196,13
13197,22
13198,9
13199,13
13200,6
13201,3
13202,3
13203,30
13204,9
13205,22
13206,29
13207,26
13208,0
13209,26
13210,27
13211,7
13212,26
13213,13
13214,5
13215,11
13216,26
13217,2
13218,22
13219,32
13220,23
13221,12
13222,1
13223,13
13224,34
13225,16
13226,17
13227,19
13228,24
13229,3
13230,12
13231,24
13232,13
13233,14
13234,4
13235,27
13236,11
13237,14
13238,33
13239,24
13240,26
13241,37
13242,26
13243,10
13244,15
13245,18
13246,17
13247,30
13248,3
13249,1
13250,22
13251,33
13252,15
13253,33
13254,21
13255,0
13256,24
13257,6
13258,34
13259,26
13260,7
13261,7
13262,10
13263,3
13264,16
13265,16
13266,25
13267,14
13268,23
13269,13
13270,29
13271,15
13272,13
13273,15
13274,15
13275,13
13276,9
13277,13
13278,3
13279,26
13280,35
13281,18
13282,26
13283,29
13284,15
13285,18
13286,11
13287,16
13288,17
13289,26
13290,26
13291,11
13292,29
13293,21
13294,13
13295,5
13296,13
13297,30
13298,0
13299,24
13300,6
13301,25
13302,34
13303,21
13304,23
13305,26
13306,30
13307,28
13308,31
13309,32
13310,27
13311,21
13312,17
13313,25
13314,10
13315,13
13316,16
13317,7
13318,13
13319,27
13320,10
13321,10
13322,1
13323,33
13324,24
13325,33
13326,13
13327,17
13328,27
13329,16
13330,20
13331,27
13332,18
13333,2
13334,6
13335,22
13336,13
13337,6
13338,13
13339,15
13340,29
13341,26
13342,32
13343,17
13344,34
13345,23
13346,0
13347,33
13348,28
13349,13
13350,35
13351,26
13352,26
13353,21
13354,14
13355,10
13356,3
13357,6
13358,11
13359,16
13360,17
13361,4
13362,27
13363,27
13364,34
13365,29
13366,29
13367,16
13368,34
13369,31
13370,35
13371,3
13372,6
13373,12
13374,26
13375,11
13376,31
13377,26
13378,26
13379,34
13380,8
13381,6
13382,31
13383,17
13384,12
13385,15
13386,18
13387,26
13388,1
13389,20
13390,21
13391,11
13392,13
13393,21
13394,13
13395,26
13396,35
13397,19
13398,30
13399,18
13400,1
13401,12
13402,15
13403,26
13404,16
13405,11
13406,29
13407,13
13408,17
13409,29
13410,29
13411,13
13412,28
13413,26
13414,26
13415,22
13416,35
13417,14
13418,6
13419,15
13420,6
13421,16
13422,20
13423,33
13424,0
13425,16
13426,29
13427,13
13428,11
13429,13
13430,35
13431,5
13432,6
13433,37
13434,37
13435,25
13436,16
13437,34
13438,26
13439,28
13440,6
13441,31
13442,7
13443,21
13444,6
13445,15
13446,5
13447,15
13448,23
13449,16
13450,12
13451,8
13452,25
13453,1
13454,37
13455,31
13456,24
13457,20
13458,36
13459,3
13460,9
13461,26
13462,16
13463,24
13464,31
13465,13
13466,10
13467,12
13468,3
13469,34
13470,18
13471,6
13472,16
13473,19
13474,36
13475,34
13476,3
13477,29
13478,27
13479,13
13480,26
13481,12
13482,13
13483,0
13484,6
13485,15
13486,17
13487,9
13488,27
13489,26
13490,22
13491,16
13492,17
13493,20
13494,20
13495,16
13496,11
13497,13
13498,31
13499,10
13500,9
13501,2
13502,27
13503,29
13504,3
13505,13
13506,31
13507,30
13508,13
13509,33
13510,9
13511,26
13512,18
13513,33
13514,1
13515,26
13516,11
13517,5
13518,24
13519,33
13520,8
13521,6
13522,20
13523,16
13524,11
13525,29
13526,31
13527,35
13528,22
13529,13
13530,14
13531,17
13532,13
13533,4
13534,10
13535,13
13536,5
13537,4
13538,1
13539,9
13540,21
13541,31
13542,11
13543,17
13544,9
13545,20
13546,26
13547,8
13548,3
13549,13
13550,13
13551,30
13552,16
13553,24
13554,1
13555,13
13556,36
13557,22
13558,17
13559,7
13560,24
13561,33
13562,29
13563,33
13564,34
13565,2
13566,1
13567,15
13568,35
13569,13
13570,35
13571,27
13572,28
13573,5
13574,15
13575,13
13576,29
13577,33
13578,30
13579,28
13580,33
13581,27
13582,13
13583,13
13584,10
13585,29
13586,26
13587,21
13588,15
13589,15
13590,15
13591,13
13592,35
13593,16
13594,13
13595,13
13596,13
13597,11
13598,18
13599,16
13600,29
13601,0
13602,16
13603,20
13604,5
13605,13
13606,29
13607,25
13608,26
13609,6
13610,13
13611,11
13612,11
13613,2
13614,15
13615,3
13616,13
13617,20
13618,26
13619,5
13620,16
13621,29
13622,16
13623,6
13624,3
13625,13
13626,33
13627,26
13628,26
13629,13
13630,37
13631,10
13632,12
13633,30
13634,21
13635,21
13636,13
13637,9
13638,26
13639,17
13640,15
13641,6
13642,1
13643,10
13644,17
13645,15
13646,33
13647,31
13648,3
13649,11
13650,11
13651,20
13652,26
13653,13
13654,34
13655,18
13656,16
13657,6
13658,11
13659,31
13660,20
13661,26
13662,16
13663,27
13664,13
13665,15
13666,32
13667,26
13668,6
13669,20
13670,13
13671,23
13672,3
13673,28
13674,14
13675,3
13676,2
13677,7
13678,11
13679,15
13680,26
13681,11
13682,10
13683,28
13684,36
13685,30
13686,13
13687,2
13688,37
13689,32
13690,7
13691,17
13692,6
13693,33
13694,7
13695,3
13696,26
13697,20
13698,16
13699,16
13700,1
13701,13
13702,26
13703,20
13704,33
13705,31
13706,9
13707,16
13708,16
13709,26
13710,22
13711,11
13712,26
13713,13
13714,8
13715,13
13716,11
13717,31
13718,36
13719,20
13720,11
13721,26
13722,25
13723,16
13724,13
13725,26
13726,16
13727,13
13728,6
13729,17
13730,18
13731,25
13732,27
13733,33
13734,2
13735,3
13736,27
13737,26
13738,3
13739,24
13740,12
13741,10
13742,15
13743,5
13744,37
13745,17
13746,26
13747,33
13748,18
13749,10
13750,3
13751,7
13752,25
13753,0
13754,26
13755,37
13756,3
13757,23
13758,16
13759,20
13760,26
13761,24
13762,14
13763,31
13764,1
13765,18
13766,33
13767,13
13768,35
13769,15
13770,8
13771,13
13772,33
13773,29
13774,18
13775,26
13776,29
13777,3
13778,26
13779,6
13780,13
13781,12
13782,0
13783,16
13784,26
13785,5
13786,5
13787,34
13788,17
13789,1
13790,13
13791,13
13792,7
13793,29
13794,15
13795,10
13796,28
13797,15
13798,27
13799,26
13800,30
13801,28
13802,6
13803,29
13804,23
13805,25
13806,12
13807,13
13808,34
13809,1
13810,33
13811,17
13812,6
13813,6
13814,20
13815,11
13816,10
13817,13
13818,11
13819,29
13820,26
13821,3
13822,13
13823,3
13824,26
13825,31
13826,6
13827,37
13828,13
13829,18
13830,25
13831,1
13832,21
13833,31
13834,26
13835,13
13836,25
13837,13
13838,10
13839,5
13840,13
13841,22
13842,26
13843,25
13844,6
13845,1
13846,27
13847,16
13848,26
13849,36
13850,26
13851,13
13852,13
13853,13
13854,6
13855,16
13856,28
13857,1
13858,24
13859,26
13860,11
13861,27
13862,1
13863,32
13864,20
13865,24
13866,26
13867,31
13868,6
13869,0
13870,3
13871,7
13872,26
13873,26
13874,22
13875,15
13876,26
13877,5
13878,3
13879,10
13880,33
13881,6
13882,10
13883,33
13884,32
13885,13
13886,1
13887,20
13888,13
13889,6
13890,34
13891,13
13892,32
13893,4
13894,15
13895,29
13896,26
13897,13
13898,26
13899,18
13900,33
13901,9
13902,14
13903,3
13904,21
13905,18
13906,13
13907,11
13908,30
13909,26
13910,29
13911,29
13912,3
13913,4
13914,13
13915,16
13916,26
13917,21
13918,4
13919,26
13920,14
13921,16
13922,29
13923,16
13924,3
13925,30
13926,13
13927,20
13928,17
13929,13
13930,26
13931,24
13932,13
13933,17
13934,31
13935,26
13936,16
13937,21
13938,27
13939,13
13940,6
13941,26
13942,13
13943,12
13944,5
13945,3
13946,21
13947,31
13948,23
13949,6
13950,29
13951,13
13952,14
13953,25
13954,13
13955,21
13956,4
13957,3
13958,7
13959,17
13960,3
13961,13
13962,16
13963,26
13964,0
13965,12
13966,13
13967,26
13968,22
13969,36
13970,29
13971,29
13972,20
13973,13
13974,13
13975,23
13976,26
13977,3
13978,11
13979,13
13980,20
13981,7
13982,29
13983,16
13984,13
13985,20
13986,12
13987,21
13988,7
13989,30
13990,21
13991,35
13992,6
13993,30
13994,35
13995,21
13996,6
13997,12
13998,2
13999,18
14000,13
14001,13
14002,31
14003,13
14004,3
14005,30
14006,12
14007,32
14008,5
14009,9
14010,22
14011,13
14012,17
14013,26
14014,5
14015,15
14016,14
14017,13
14018,29
14019,21
14020,25
14021,37
14022,13
14023,17
14024,26
14025,26
14026,23
14027,23
14028,35
14029,11
14030,20
14031,21
14032,17
14033,2
14034,35
14035,20
14036,1
14037,24
14038,7
14039,27
14040,3
14041,26
14042,26
14043,26
14044,13
14045,26
14046,26
14047,18
14048,20
14049,3
14050,31
14051,1
14052,10
14053,15
14054,32
14055,11
14056,18
14057,11
14058,7
14059,26
14060,18
14061,31
14062,29
14063,10
14064,13
14065,27
14066,18
14067,13
14068,26
14069,13
14070,3
14071,37
14072,1
14073,26
14074,13
14075,32
14076,26
14077,20
14078,15
14079,10
14080,35
14081,14
14082,3
14083,23
14084,37
14085,17
14086,28
14087,16
14088,6
14089,13
14090,0
14091,22
14092,21
14093,27
14094,11
14095,3
14096,24
14097,18
14098,22
14099,9
14100,20
14101,28
14102,29
14103,29
14104,7
14105,12
14106,5
14107,25
14108,0
14109,26
14110,16
14111,10
14112,22
14113,33
14114,9
14115,24
14116,6
14117,1
14118,16
14119,3
14120,6
14121,12
14122,13
14123,4
14124,11
14125,27
14126,13
14127,13
14128,13
14129,13
14130,26
14131,16
14132,22
14133,18
14134,25
14135,13
14136,24
14137,5
14138,17
14139,12
14140,29
14141,10
14142,10
14143,16
14144,5
14145,29
14146,15
14147,24
14148,19
14149,26
14150,21
14151,10
14152,7
14153,24
14154,26
14155,15
14156,13
14157,13
14158,1
14159,33
14160,26
14161,3
14162,26
14163,15
14164,3
14165,10
14166,3
14167,24
14168,6
14169,26
14170,8
14171,10
14172,31
14173,18
14174,20
14175,26
14176,24
14177,29
14178,24
14179,18
14180,5
14181,4
14182,31
14183,16
14184,11
14185,7
14186,20
14187,10
14188,3
14189,33
14190,29
14191,7
14192,15
14193,30
14194,13
14195,29
14196,37
14197,20
14198,10
14199,15
14200,6
14201,28
14202,29
14203,13
14204,3
14205,2
14206,24
14207,26
14208,3
14209,25
14210,6
14211,2
14212,28
14213,6
14214,16
14215,14
14216,26
14217,30
14218,34
14219,25
14220,13
14221,27
14222,16
14223,30
14224,13
14225,31
14226,3
14227,6
14228,27
14229,1
14230,11
14231,11
14232,3
14233,26
14234,13
14235,13
14236,10
14237,0
14238,7
14239,26
14240,26
14241,3
14242,13
14243,13
14244,12
14245,19
14246,34
14247,17
14248,33
14249,33
14250,26
14251,9
14252,20
14253,18
14254,26
14255,26
14256,20
14257,29
14258,18
14259,27
14260,32
14261,1
14262,3
14263,3
14264,11
14265,28
14266,33
14267,31
14268,26
14269,3
14270,9
14271,24
14272,34
14273,27
14274,26
14275,31
14276,3
14277,24
14278,11
14279,36
14280,24
14281,26
14282,17
14283,5
14284,27
14285,15
14286,13
14287,22
14288,13
14289,13
14290,25
14291,13
14292,31
14293,1
14294,13
14295,26
14296,2
14297,21
14298,37
14299,17
14300,26
14301,30
14302,18
14303,2
14304,13
14305,3
14306,31
14307,3
14308,24
14309,13
14310,25
14311,28
14312,37
14313,36
14314,31
14315,35
14316,10
14317,13
14318,20
14319,8
14320,13
14321,13
14322,26
14323,28
14324,12
14325,33
14326,26
14327,3
14328,15
14329,3
14330,20
14331,16
14332,13
14333,30
14334,26
14335,25
14336,9
14337,12
14338,34
14339,27
14340,17
14341,14
14342,1
14343,26
14344,13
14345,35
14346,16
14347,13
14348,23
14349,16
14350,10
14351,2
14352,27
14353,6
14354,13
14355,11
14356,22
14357,16
14358,3
14359,25
14360,6
14361,17
14362,27
14363,27
14364,26
14365,9
14366,22
14367,17
14368,11
14369,26
14370,15
14371,26
14372,3
14373,9
14374,25
14375,29
14376,36
14377,26
14378,13
14379,14
14380,27
14381,22
14382,20
14383,26
14384,16
14385,30
14386,14
14387,17
14388,25
14389,24
14390,26
14391,13
14392,16
14393,20
14394,29
14395,28
14396,28
14397,20
14398,31
14399,34
14400,36
14401,18
14402,12
14403,28
14404,31
14405,23
14406,27
14407,31
14408,21
14409,20
14410,26
14411,9
14412,3
14413,7
14414,27
14415,3
14416,9
14417,1
14418,16
14419,21
14420,0
14421,10
14422,31
14423,17
14424,37
14425,16
14426,27
14427,13
14428,17
14429,26
14430,33
14431,14
14432,12
14433,35
14434,6
14435,31
14436,30
14437,13
14438,10
14439,10
14440,16
14441,15
14442,7
14443,32
14444,37
14445,7
14446,23
14447,26
14448,12
14449,30
14450,11
14451,26
14452,3
14453,37
14454,25
14455,31
14456,34
14457,13
14458,22
14459,15
14460,30
14461,34
14462,18
14463,27
14464,25
14465,5
14466,26
14467,26
14468,15
14469,13
14470,13
14471,18
14472,26
14473,20
14474,8
14475,16
14476,3
14477,7
14478,18
14479,22
14480,1
14481,32
14482,21
14483,10
14484,28
14485,27
14486,13
14487,13
14488,11
14489,37
14490,0
14491,13
14492,13
14493,24
14494,26
14495,16
14496,10
14497,9
14498,21
14499,12
14500,13
14501,0
14502,18
14503,16
14504,33
14505,29
14506,10
14507,17
14508,13
14509,5
14510,6
14511,3
14512,0
14513,13
14514,0
14515,23
14516,18
14517,11
14518,3
14519,9
14520,6
14521,26
14522,23
14523,20
14524,20
14525,10
14526,29
14527,13
14528,10
14529,36
14530,2
14531,12
14532,29
14533,36
14534,27
14535,31
14536,17
14537,10
14538,27
14539,28
14540,26
14541,31
14542,16
14543,17
14544,2
14545,16
14546,3
14547,26
14548,29
14549,7
14550,27
14551,36
14552,28
14553,5
14554,34
14555,0
14556,20
14557,29
14558,30
14559,23
14560,33
14561,31
14562,26
14563,18
14564,13
14565,26
14566,13
14567,14
14568,13
14569,11
14570,1
14571,0
14572,20
14573,29
14574,35
14575,33
14576,10
14577,7
14578,13
14579,16
14580,11
14581,3
14582,20
14583,3
14584,13
14585,29
14586,36
14587,4
14588,16
14589,3
14590,14
14591,27
14592,7
14593,34
14594,15
14595,16
14596,15
14597,31
14598,10
14599,12
14600,16
14601,27
14602,1
14603,10
14604,18
14605,33
14606,26
14607,12
14608,13
14609,12
14610,29
14611,19
14612,24
14613,29
14614,5
14615,26
14616,37
14617,29
14618,36
14619,10
14620,7
14621,13
14622,7
14623,15
14624,15
14625,13
14626,11
14627,16
14628,18
14629,24
14630,20
14631,19
14632,31
14633,29
14634,13
14635,13
14636,26
14637,16
14638,3
14639,26
14640,2
14641,37
14642,7
14643,17
14644,5
14645,16
14646,3
14647,3
14648,20
14649,13
14650,26
14651,30
14652,24
14653,18
14654,7
14655,28
14656,27
14657,29
14658,25
14659,10
14660,14
14661,5
14662,20
14663,2
14664,7
14665,26
14666,31
14667,26
14668,17
14669,9
14670,15
14671,24
14672,3
14673,29
14674,21
14675,10
14676,20
14677,30
14678,3
14679,33
14680,1
14681,26
14682,3
14683,10
14684,33
14685,37
14686,12
14687,31
14688,26
14689,26
14690,6
14691,29
14692,36
14693,22
14694,2
14695,22
14696,31
14697,6
14698,36
14699,33
14700,16
14701,25
14702,23
14703,19
14704,36
14705,18
14706,16
14707,37
14708,13
14709,11
14710,29
14711,19
14712,27
14713,4
14714,35
14715,33
14716,22
14717,18
14718,17
14719,26
14720,14
14721,34
14722,24
14723,26
14724,15
14725,24
14726,3
14727,15
14728,29
14729,28
14730,13
14731,0
14732,21
14733,11
14734,3
14735,18
14736,30
14737,24
14738,13
14739,22
14740,27
14741,13
14742,3
14743,13
14744,10
14745,33
14746,24
14747,13
14748,10
14749,8
14750,13
14751,7
14752,11
14753,7
14754,5
14755,21
14756,30
14757,20
14758,24
14759,15
14760,15
14761,37
14762,26
14763,5
14764,33
14765,6
14766,6
14767,3
14768,20
14769,10
14770,15
14771,34
14772,21
14773,36
14774,26
14775,6
14776,16
14777,29
14778,3
14779,29
14780,12
14781,31
14782,37
14783,35
14784,22
14785,9
14786,10
14787,5
14788,21
14789,16
14790,16
14791,5
14792,26
14793,34
14794,17
14795,36
14796,4
14797,7
14798,21
14799,30
14800,16
14801,16
14802,32
14803,12
14804,18
14805,10
14806,3
14807,26
14808,23
14809,2
14810,20
14811,7
14812,2
14813,8
14814,35
14815,13
14816,16
14817,9
14818,29
14819,11
14820,12
14821,13
14822,10
14823,19
14824,23
14825,4
14826,0
14827,6
14828,11
14829,20
14830,30
14831,0
14832,10
14833,26
14834,16
14835,9
14836,15
14837,32
14838,25
14839,13
14840,16
14841,23
14842,21
14843,10
14844,33
14845,1
14846,28
14847,23
14848,6
14849,28
14850,31
14851,7
14852,6
14853,36
14854,5
14855,0
14856,31
14857,28
14858,5
14859,7
14860,14
14861,6
14862,33
14863,29
14864,29
14865,9
14866,31
14867,33
14868,28
14869,20
14870,36
14871,7
14872,13
14873,23
14874,20
14875,3
14876,26
14877,13
14878,13
14879,34
14880,7
14881,15
14882,33
14883,1
14884,30
14885,16
14886,37
14887,8
14888,20
14889,1
14890,13
14891,15
14892,26
14893,12
14894,25
14895,24
14896,20
14897,1
14898,2
14899,20
14900,10
14901,2
14902,20
14903,1
14904,10
14905,11
14906,3
14907,9
14908,26
14909,2
14910,3
14911,19
14912,16
14913,1
14914,36
14915,33
14916,5
14917,24
14918,7
14919,26
14920,26
14921,5
14922,26
14923,1
14924,30
14925,2
14926,29
14927,32
14928,9
14929,29
14930,9
14931,13
14932,20
14933,11
14934,13
14935,11
14936,10
14937,2
14938,22
14939,23
14940,27
14941,2
14942,31
14943,27
14944,19
14945,3
14946,26
14947,13
14948,16
14949,21
14950,26
14951,31
14952,13
14953,30
14954,20
14955,19
14956,30
14957,24
14958,0
14959,30
14960,3
14961,13
14962,27
14963,5
14964,26
14965,11
14966,26
14967,0
14968,26
14969,13
14970,27
14971,9
14972,30
14973,18
14974,22
14975,28
14976,10
14977,1
14978,6
14979,6
14980,16
14981,13
14982,16
14983,1
14984,6
14985,3
14986,6
14987,1
14988,16
14989,0
14990,27
14991,26
14992,3
14993,13
14994,3
14995,14
14996,1
14997,26
14998,11
14999,24
15000,5
15001,9
15002,12
15003,0
15004,13
15005,11
15006,25
15007,26
15008,27
15009,1
15010,15
15011,37
15012,23
15013,4
15014,29
15015,26
15016,37
15017,25
15018,26
15019,30
15020,4
15021,6
15022,27
15023,27
15024,17
15025,35
15026,23
15027,21
15028,3
15029,24
15030,30
15031,26
15032,20
15033,16
15034,26
15035,15
15036,12
15037,11
15038,27
15039,32
15040,24
15041,13
15042,16
15043,26
15044,7
15045,14
15046,26
15047,15
15048,17
15049,11
15050,30
15051,15
15052,19
15053,5
15054,3
15055,16
15056,23
15057,0
15058,26
15059,10
15060,31
15061,33
15062,29
15063,18
15064,2
15065,19
15066,11
15067,29
15068,10
15069,28
15070,3
15071,20
15072,34
15073,32
15074,13
15075,26
15076,9
15077,26
15078,14
15079,20
15080,33
15081,16
15082,12
15083,15
15084,24
15085,6
15086,14
15087,34
15088,13
15089,15
15090,9
15091,37
15092,23
15093,28
15094,22
15095,10
15096,1
15097,22
15098,26
15099,26
15100,20
15101,16
15102,7
15103,33
15104,26
15105,9
15106,24
15107,31
15108,28
15109,26
15110,21
15111,26
15112,4
15113,22
15114,26
15115,13
15116,15
15117,26
15118,3
15119,23
15120,11
15121,26
15122,20
15123,16
15124,10
15125,13
15126,21
15127,7
15128,9
15129,13
15130,26
15131,16
15132,12
15133,7
15134,26
15135,5
15136,31
15137,22
15138,12
15139,35
15140,16
15141,28
15142,27
15143,1
15144,17
15145,3
15146,13
15147,26
15148,34
15149,24
15150,15
15151,9
15152,1
15153,30
15154,37
15155,17
15156,6
15157,16
15158,5
15159,15
15160,13
15161,20
15162,3
15163,17
15164,13
15165,13
15166,18
15167,23
15168,27
15169,13
15170,22
15171,37
15172,36
15173,13
15174,13
15175,25
15176,3
15177,18
15178,20
15179,11
15180,31
15181,30
15182,10
15183,37
15184,6
15185,27
15186,24
15187,25
15188,33
15189,26
15190,8
15191,26
15192,24
15193,32
15194,29
15195,13
15196,0
15197,29
15198,7
15199,15
15200,15
15201,29
15202,6
15203,28
15204,7
15205,17
15206,10
15207,15
15208,33
15209,36
15210,17
15211,25
15212,6
15213,29
15214,27
15215,20
15216,11
15217,21
15218,27
15219,11
15220,20
15221,26
15222,16
15223,21
15224,26
15225,0
15226,16
15227,12
15228,3
15229,11
15230,9
15231,18
15232,12
15233,28
15234,19
15235,12
15236,9
15237,18
15238,20
15239,34
15240,20
15241,19
15242,16
15243,30
15244,5
15245,27
15246,34
15247,13
15248,13
15249,9
15250,21
15251,23
15252,31
15253,13
15254,18
15255,17
15256,5
15257,33
15258,29
15259,31
15260,25
15261,30
15262,7
15263,13
15264,34
15265,35
15266,1
15267,28
15268,2
15269,11
15270,29
15271,29
15272,20
15273,29
15274,13
15275,10
15276,29
15277,3
15278,35
15279,20
15280,33
15281,3
15282,11
15283,16
15284,13
15285,6
15286,7
15287,19
15288,17
15289,13
15290,10
15291,30
15292,26
15293,26
15294,34
15295,13
15296,13
15297,16
15298,31
15299,5
15300,33
15301,35
15302,13
15303,9
15304,26
15305,24
15306,31
15307,1
15308,14
15309,13
15310,30
15311,10
15312,12
15313,16
15314,13
15315,3
15316,7
15317,15
15318,20
15319,26
15320,2
15321,9
15322,6
15323,22
15324,11
15325,12
15326,7
15327,15
15328,3
15329,26
15330,11
15331,11
15332,30
15333,10
15334,7
15335,13
15336,13
15337,7
15338,23
15339,34
15340,26
15341,37
15342,12
15343,1
15344,1
15345,0
15346,15
15347,33
15348,13
15349,31
15350,3
15351,6
15352,26
15353,3
15354,3
15355,19
15356,18
15357,27
15358,26
15359,13
15360,16
15361,2
15362,14
15363,20
15364,16
15365,29
15366,13
15367,30
15368,24
15369,15
15370,30
15371,12
15372,36
15373,23
15374,10
15375,18
15376,37
15377,18
15378,23
15379,10
15380,26
15381,13
15382,13
15383,7
15384,6
15385,13
15386,24
15387,31
15388,35
15389,26
15390,7
15391,12
15392,13
15393,12
15394,24
15395,11
15396,6
15397,26
15398,10
15399,9
15400,29
15401,11
15402,24
15403,3
15404,15
15405,23
15406,21
15407,3
15408,13
15409,24
15410,29
15411,6
15412,27
15413,26
15414,22
15415,7
15416,15
15417,13
15418,12
15419,7
15420,3
15421,13
15422,20
15423,27
15424,11
15425,30
15426,16
15427,26
15428,13
15429,25
15430,6
15431,13
15432,27
15433,1
15434,3
15435,7
15436,3
15437,26
15438,33
15439,9
15440,35
15441,18
15442,34
15443,20
15444,23
15445,23
15446,21
15447,20
15448,22
15449,19
15450,31
15451,26
15452,28
15453,5
15454,3
15455,2
15456,16
15457,11
15458,11
15459,26
15460,18
15461,23
15462,13
15463,10
15464,0
15465,16
15466,13
15467,11
15468,16
15469,0
15470,11
15471,29
15472,29
15473,13
15474,19
15475,28
15476,26
15477,20
15478,13
15479,6
15480,3
15481,10
15482,16
15483,27
15484,35
15485,15
15486,29
15487,18
15488,13
15489,5
15490,23
15491,18
15492,33
15493,16
15494,33
15495,26
15496,13
15497,13
15498,29
15499,3
15500,7
15501,14
15502,27
15503,10
15504,13
15505,9
15506,25
15507,16
15508,18
15509,21
15510,5
15511,5
15512,31
15513,28
15514,13
15515,10
15516,33
15517,13
15518,3
15519,34
15520,30
15521,35
15522,13
15523,0
15524,7
15525,13
15526,13
15527,20
15528,17
15529,37
15530,24
15531,3
15532,30
15533,34
15534,13
15535,13
15536,17
15537,33
15538,16
15539,31
15540,20
15541,24
15542,31
15543,15
15544,33
15545,10
15546,26
15547,27
15548,13
15549,22
15550,26
15551,1
15552,11
15553,16
15554,6
15555,18
15556,4
15557,33
15558,31
15559,26
15560,10
15561,11
15562,33
15563,20
15564,9
15565,22
15566,20
15567,3
15568,11
15569,3
15570,15
15571,26
15572,1
15573,26
15574,28
15575,13
15576,26
15577,28
15578,26
15579,26
15580,0
15581,11
15582,27
15583,13
15584,10
15585,20
15586,9
15587,22
15588,26
15589,18
15590,13
15591,37
15592,34
15593,26
15594,16
15595,9
15596,26
15597,6
15598,37
15599,10
15600,2
15601,28
15602,10
15603,30
15604,26
15605,33
15606,18
15607,30
15608,3
15609,29
15610,31
15611,17
15612,33
15613,20
15614,13
15615,12
15616,14
15617,31
15618,26
15619,1
15620,13
15621,5
15622,34
15623,3
15624,35
15625,10
15626,3
15627,31
15628,0
15629,3
15630,13
15631,13
15632,29
15633,6
15634,21
15635,1
15636,29
15637,8
15638,16
15639,11
15640,32
15641,37
15642,5
15643,5
15644,24
15645,33
15646,20
15647,18
15648,26
15649,26
15650,29
15651,7
15652,3
15653,10
15654,36
15655,13
15656,0
15657,10
15658,31
15659,26
15660,31
15661,30
15662,11
15663,28
15664,6
15665,5
15666,13
15667,20
15668,9
15669,1
15670,16
15671,26
15672,29
15673,16
15674,23
15675,21
15676,13
15677,3
15678,26
15679,13
15680,5
15681,3
15682,19
15683,10
15684,20
15685,6
15686,22
15687,2
15688,10
15689,13
15690,22
15691,0
15692,1
15693,24
15694,27
15695,0
15696,7
15697,25
15698,3
15699,14
15700,11
15701,10
15702,13
15703,13
15704,37
15705,12
15706,16
15707,2
15708,13
15709,25
15710,17
15711,25
15712,33
15713,33
15714,30
15715,33
15716,1
15717,26
15718,6
15719,30
15720,35
15721,15
15722,3
15723,9
15724,28
15725,22
15726,25
15727,17
15728,6
15729,4
15730,20
15731,37
15732,26
15733,7
15734,15
15735,6
15736,26
15737,26
15738,28
15739,3
15740,12
15741,17
15742,25
15743,20
15744,29
15745,33
15746,30
15747,0
15748,3
15749,25
15750,3
15751,30
15752,6
15753,22
15754,5
15755,14
15756,35
15757,13
15758,26
15759,25
15760,6
15761,27
15762,29
15763,5
15764,21
15765,26
15766,31
15767,17
15768,30
15769,28
15770,3
15771,37
15772,15
15773,6
15774,26
15775,0
15776,3
15777,11
15778,19
15779,2
15780,25
15781,11
15782,11
15783,32
15784,7
15785,31
15786,29
15787,26
15788,13
15789,3
15790,29
15791,13
15792,23
15793,36
15794,29
15795,20
15796,36
15797,24
15798,17
15799,0
15800,15
15801,37
15802,26
15803,9
15804,1
15805,7
15806,26
15807,11
15808,26
15809,21
15810,36
15811,30
15812,26
15813,20
15814,13
15815,18
15816,12
15817,26
15818,6
15819,5
15820,32
15821,31
15822,18
15823,1
15824,26
15825,32
15826,30
15827,5
15828,25
15829,28
15830,3
15831,21
15832,22
15833,1
15834,3
15835,4
15836,26
15837,12
15838,3
15839,9
15840,1
15841,14
15842,27
15843,33
15844,13
15845,32
15846,13
15847,26
15848,17
15849,33
15850,20
15851,28
15852,36
15853,12
15854,13
15855,15
15856,7
15857,10
15858,3
15859,36
15860,14
15861,5
15862,26
15863,3
15864,9
15865,5
15866,13
15867,13
15868,12
15869,10
15870,0
15871,13
15872,3
15873,4
15874,13
15875,10
15876,30
15877,15
15878,13
15879,11
15880,24
15881,8
15882,26
15883,21
15884,24
15885,11
15886,9
15887,5
15888,20
15889,16
15890,15
15891,20
15892,36
15893,10
15894,11
15895,21
15896,3
15897,15
15898,29
15899,13
15900,7
15901,0
15902,13
15903,3
15904,13
15905,0
15906,13
15907,26
15908,0
15909,26
15910,2
15911,16
15912,35
15913,24
15914,13
15915,33
15916,2
15917,28
15918,6
15919,28
15920,15
15921,20
15922,12
15923,1
15924,26
15925,13
15926,5
15927,35
15928,20
15929,14
15930,27
15931,11
15932,13
15933,13
15934,16
15935,21
15936,11
15937,36
15938,15
15939,28
15940,3
15941,26
15942,14
15943,18
15944,13
15945,36
15946,1
15947,26
15948,21
15949,14
15950,5
15951,7
15952,34
15953,14
15954,26
15955,13
15956,6
15957,3
15958,5
15959,20
15960,26
15961,26
15962,13
15963,10
15964,33
15965,13
15966,25
15967,33
15968,7
15969,19
15970,20
15971,7
15972,22
15973,20
15974,26
15975,16
15976,24
15977,22
15978,26
15979,17
15980,11
15981,28
15982,1
15983,17
15984,5
15985,29
15986,7
15987,16
15988,2
15989,17
15990,26
15991,28
15992,29
15993,26
15994,13
15995,7
15996,3
15997,8
15998,18
15999,37
16000,37
16001,22
16002,29
16003,1
16004,23
16005,26
16006,13
16007,33
16008,9
16009,4
16010,24
16011,6
16012,26
16013,18
16014,10
16015,10
16016,33
16017,11
16018,33
16019,25
16020,13
16021,6
16022,34
16023,6
16024,5
16025,26
16026,0
16027,26
16028,0
16029,24
16030,16
16031,36
16032,13
16033,26
16034,33
16035,24
16036,0
16037,22
16038,24
16039,26
16040,13
16041,13
16042,3
16043,20
16044,10
16045,26
16046,13
16047,13
16048,6
16049,24
16050,7
16051,3
16052,24
16053,14
16054,6
16055,13
16056,26
16057,8
16058,37
16059,29
16060,13
16061,16
16062,11
16063,25
16064,15
16065,20
16066,13
16067,26
16068,14
16069,3
16070,32
16071,3
16072,26
16073,34
16074,25
16075,12
16076,13
16077,13
16078,13
16079,24
16080,30
16081,6
16082,33
16083,11
16084,7
16085,31
16086,6
16087,26
16088,11
16089,10
16090,18
16091,10
16092,23
16093,18
16094,24
16095,30
16096,32
16097,17
16098,18
16099,27
16100,16
16101,23
16102,13
16103,24
16104,16
16105,23
16106,2
16107,13
16108,2
16109,16
16110,7
16111,26
16112,7
16113,6
16114,3
16115,18
16116,26
16117,26
16118,24
16119,16
16120,2
16121,19
16122,29
16123,29
16124,26
16125,3
16126,13
16127,6
16128,26
16129,26
16130,7
16131,26
16132,18
16133,12
16134,17
16135,4
16136,32
16137,32
16138,10
16139,18
16140,19
16141,11
16142,13
16143,13
16144,17
16145,11
16146,20
16147,1
16148,37
16149,18
16150,12
16151,11
16152,11
16153,10
16154,3
16155,3
16156,29
16157,16
16158,37
16159,21
16160,16
16161,13
16162,26
16163,28
16164,22
16165,4
16166,19
16167,10
16168,18
16169,11
16170,3
16171,13
16172,7
16173,28
16174,13
16175,20
16176,30
16177,37
16178,5
16179,18
16180,13
16181,13
16182,33
16183,13
16184,29
16185,5
16186,22
16187,29
16188,1
16189,34
16190,24
16191,15
16192,10
16193,13
16194,26
16195,26
16196,29
16197,3
16198,35
16199,34
16200,13
16201,34
16202,29
16203,28
16204,30
16205,2
16206,26
16207,26
16208,1
16209,24
16210,13
16211,11
16212,0
16213,26
16214,3
16215,12
16216,13
16217,37
16218,9
16219,9
16220,3
16221,34
16222,13
16223,29
16224,23
16225,12
16226,26
16227,3
16228,33
16229,13
16230,6
16231,26
16232,6
16233,30
16234,13
16235,13
16236,19
16237,27
16238,13
16239,9
16240,3
16241,24
16242,11
16243,11
16244,26
16245,0
16246,7
16247,21
16248,13
16249,28
16250,23
16251,4
16252,23
16253,6
16254,16
16255,13
16256,28
16257,19
16258,1
16259,29
16260,10
16261,15
16262,17
16263,28
16264,30
16265,2
16266,31
16267,26
16268,20
16269,13
16270,13
16271,17
16272,26
16273,8
16274,16
16275,20
16276,36
16277,30
16278,29
16279,31
16280,4
16281,12
16282,1
16283,11
16284,12
16285,26
16286,13
16287,26
16288,27
16289,26
16290,3
16291,11
16292,31
16293,26
16294,29
16295,3
16296,26
16297,18
16298,28
16299,33
16300,34
16301,11
16302,29
16303,37
16304,6
16305,3
16306,13
16307,4
16308,17
16309,6
16310,22
16311,13
16312,26
16313,15
16314,26
16315,13
16316,0
16317,27
16318,13
16319,6
16320,23
16321,19
16322,14
16323,18
16324,25
16325,6
16326,30
16327,31
16328,13
16329,16
16330,29
16331,5
16332,33
16333,22
16334,16
16335,16
16336,24
16337,18
16338,13
16339,16
16340,20
16341,26
16342,30
16343,4
16344,27
16345,14
16346,28
16347,34
16348,26
16349,21
16350,27
16351,26
16352,0
16353,11
16354,13
16355,22
16356,5
16357,29
16358,35
16359,13
16360,29
16361,16
16362,17
16363,11
16364,24
16365,11
16366,17
16367,10
16368,19
16369,20
16370,1
16371,26
16372,29
16373,23
16374,28
16375,30
16376,28
16377,26
16378,31
16379,6
16380,10
16381,21
16382,2
16383,31
16384,21
16385,19
16386,15
16387,11
16388,13
16389,23
16390,34
16391,26
16392,37
16393,10
16394,4
16395,11
16396,29
16397,16
16398,6
16399,16
16400,37
16401,10
16402,15
16403,30
16404,24
16405,11
16406,26
16407,20
16408,10
16409,13
16410,37
16411,33
16412,11
16413,27
16414,11
16415,35
16416,35
16417,26
16418,25
16419,6
16420,12
16421,20
16422,20
16423,13
16424,13
16425,3
16426,7
16427,13
16428,11
16429,10
16430,26
16431,22
16432,35
16433,6
16434,28
16435,29
16436,5
16437,26
16438,4
16439,10
16440,27
16441,15
16442,1
16443,2
16444,13
16445,30
16446,16
16447,13
16448,14
16449,13
16450,1
16451,34
16452,28
16453,33
16454,14
16455,12
16456,13
16457,23
16458,7
16459,29
16460,7
16461,5
16462,18
16463,28
16464,13
16465,13
16466,32
16467,15
16468,26
16469,13
16470,17
16471,29
16472,9
16473,13
16474,21
16475,5
16476,26
16477,36
16478,15
16479,35
16480,19
16481,36
16482,29
16483,3
16484,13
16485,29
16486,9
16487,10
16488,33
16489,13
16490,16
16491,7
16492,34
16493,13
16494,27
16495,6
16496,13
16497,2
16498,3
16499,21
16500,6
16501,26
16502,14
16503,1
16504,16
16505,3
16506,24
16507,37
16508,11
16509,0
16510,14
16511,19
16512,11
16513,31
16514,34
16515,24
16516,15
16517,22
16518,28
16519,3
16520,11
16521,32
16522,21
16523,30
16524,29
16525,13
16526,26
16527,31
16528,34
16529,34
16530,13
16531,28
16532,28
16533,23
16534,20
16535,26
16536,3
16537,27
16538,22
16539,11
16540,27
16541,13
16542,23
16543,33
16544,13
16545,10
16546,29
16547,30
16548,24
16549,20
16550,10
16551,15
16552,11
16553,26
16554,33
16555,20
16556,2
16557,10
16558,21
16559,7
16560,28
16561,28
16562,24
16563,1
16564,0
16565,13
16566,10
16567,26
16568,29
16569,10
16570,32
16571,7
16572,30
16573,25
16574,26
16575,24
16576,26
16577,30
16578,27
16579,26
16580,24
16581,29
16582,17
16583,10
16584,1
16585,11
16586,26
16587,13
16588,35
16589,20
16590,37
16591,23
16592,29
16593,16
16594,26
16595,0
16596,17
16597,0
16598,26
16599,5
16600,31
16601,37
16602,20
16603,13
16604,31
16605,27
16606,11
16607,31
16608,18
16609,10
16610,27
16611,10
16612,21
16613,34
16614,7
16615,1
16616,33
16617,18
16618,13
16619,32
16620,28
16621,13
16622,1
16623,26
16624,6
16625,16
16626,34
16627,26
16628,16
16629,13
16630,34
16631,32
16632,26
16633,7
16634,8
16635,11
16636,20
16637,3
16638,16
16639,17
16640,13
16641,10
16642,7
16643,10
16644,31
16645,26
16646,1
16647,29
16648,0
16649,13
16650,13
16651,9
16652,13
16653,21
16654,13
16655,30
16656,16
16657,3
16658,20
16659,34
16660,13
16661,11
16662,16
16663,12
16664,17
16665,16
16666,13
16667,21
16668,11
16669,26
16670,29
16671,13
16672,26
16673,1
16674,12
16675,30
16676,24
16677,17
16678,26
16679,20
16680,29
16681,31
16682,15
16683,6
16684,13
16685,5
16686,6
16687,5
16688,6
16689,6
16690,24
16691,11
16692,0
16693,10
16694,30
16695,26
16696,33
16697,31
16698,33
16699,26
16700,25
16701,28
16702,24
16703,24
16704,27
16705,26
16706,11
16707,20
16708,13
16709,13
16710,10
16711,29
16712,26
16713,23
16714,15
16715,21
16716,20
16717,3
16718,24
16719,29
16720,33
16721,37
16722,15
16723,13
16724,0
16725,16
16726,17
16727,26
16728,1
16729,16
16730,9
16731,0
16732,6
16733,25
16734,0
16735,23
16736,28
16737,34
16738,23
16739,13
16740,22
16741,1
16742,1
16743,10
16744,10
16745,30
16746,13
16747,25
16748,21
16749,24
16750,1
16751,13
16752,16
16753,26
16754,20
16755,20
16756,33
16757,12
16758,26
16759,32
16760,3
16761,24
16762,16
16763,9
16764,11
16765,3
16766,3
16767,31
16768,25
16769,6
16770,32
16771,28
16772,6
16773,17
16774,13
16775,27
16776,27
16777,3
16778,26
16779,3
16780,18
16781,14
16782,24
16783,1
16784,24
16785,5
16786,6
16787,7
16788,30
16789,33
16790,29
16791,2
16792,36
16793,22
16794,24
16795,20
16796,10
16797,26
16798,26
16799,16
16800,13
16801,22
16802,13
16803,23
16804,16
16805,23
16806,30
16807,9
16808,34
16809,26
16810,20
16811,36
16812,13
16813,26
16814,2
16815,29
16816,26
16817,31
16818,15
16819,30
16820,20
16821,37
16822,6
16823,16
16824,13
16825,13
16826,20
16827,10
16828,26
16829,15
16830,24
16831,10
16832,26
16833,28
16834,33
16835,17
16836,27
16837,13
16838,13
16839,33
16840,3
16841,26
16842,26
16843,16
16844,28
16845,23
16846,26
16847,5
16848,2
16849,13
16850,15
16851,3
16852,35
16853,9
16854,16
16855,33
16856,10
16857,10
16858,26
16859,18
16860,21
16861,37
16862,37
16863,17
16864,13
16865,0
16866,5
16867,1
16868,4
16869,5
16870,24
16871,20
16872,27
16873,24
16874,13
16875,13
16876,13
16877,5
16878,9
16879,11
16880,13
16881,14
16882,8
16883,10
16884,34
16885,13
16886,3
16887,21
16888,34
16889,0
16890,26
16891,15
16892,0
16893,24
16894,5
16895,17
16896,24
16897,6
16898,24
16899,35
16900,24
16901,11
16902,26
16903,1
16904,3
16905,21
16906,29
16907,37
16908,37
16909,15
16910,10
16911,10
16912,3
16913,35
16914,15
16915,20
16916,12
16917,28
16918,24
16919,7
16920,13
16921,18
16922,33
16923,16
16924,22
16925,27
16926,20
16927,20
16928,20
16929,18
16930,31
16931,21
16932,18
16933,35
16934,4
16935,3
16936,13
16937,1
16938,31
16939,13
16940,28
16941,0
16942,33
16943,37
16944,21
16945,29
16946,10
16947,13
16948,13
16949,5
16950,10
16951,29
16952,22
16953,7
16954,13
16955,20
16956,32
16957,7
16958,10
16959,3
16960,20
16961,26
16962,3
16963,28
16964,37
16965,15
16966,33
16967,6
16968,29
16969,33
16970,7
16971,37
16972,26
16973,13
16974,29
16975,12
16976,15
16977,32
16978,29
16979,7
16980,20
16981,10
16982,7
16983,10
16984,26
16985,10
16986,26
16987,3
16988,11
16989,13
16990,13
16991,13
16992,21
16993,11
16994,22
16995,23
16996,36
16997,20
16998,3
16999,30
17000,13
17001,30
17002,11
17003,35
17004,4
17005,15
17006,29
17007,16
17008,11
17009,11
17010,11
17011,14
17012,21
17013,24
17014,13
17015,22
17016,15
17017,26
17018,3
17019,1
17020,24
17021,17
17022,13
17023,13
17024,3
17025,4
17026,24
17027,13
17028,26
17029,26
17030,26
17031,7
17032,29
17033,10
17034,29
17035,1
17036,23
17037,22
17038,26
17039,29
17040,31
17041,13
17042,3
17043,34
17044,14
17045,30
17046,31
17047,23
17048,12
17049,13
17050,18
17051,23
17052,13
17053,37
17054,22
17055,12
17056,6
17057,3
17058,33
17059,11
17060,33
17061,3
17062,10
17063,30
17064,6
17065,11
17066,25
17067,16
17068,16
17069,20
17070,18
17071,9
17072,3
17073,14
17074,19
17075,4
17076,37
17077,30
17078,29
17079,26
17080,18
17081,13
17082,37
17083,13
17084,0
17085,26
17086,3
17087,12
17088,10
17089,15
17090,20
17091,10
17092,5
17093,3
17094,21
17095,29
17096,33
17097,29
17098,26
17099,7
17100,30
17101,31
17102,24
17103,0
17104,11
17105,29
17106,13
17107,1
17108,26
17109,37
17110,28
17111,12
17112,27
17113,13
17114,11
17115,7
17116,15
17117,6
17118,19
17119,12
17120,28
17121,3
17122,26
17123,14
17124,26
17125,13
17126,4
17127,10
17128,1
17129,22
17130,13
17131,10
17132,10
17133,23
17134,2
17135,26
17136,26
17137,29
17138,24
17139,27
17140,31
17141,4
17142,26
17143,12
17144,37
17145,0
17146,10
17147,3
17148,30
17149,16
17150,18
17151,18
17152,11
17153,3
17154,12
17155,15
17156,20
17157,9
17158,15
17159,6
17160,15
17161,26
17162,15
17163,19
17164,36
17165,20
17166,3
17167,31
17168,13
17169,1
17170,26
17171,29
17172,31
17173,24
17174,9
17175,26
17176,20
17177,30
17178,7
17179,22
17180,17
17181,27
17182,2
17183,2
17184,3
17185,15
17186,13
17187,1
17188,36
17189,12
17190,25
17191,5
17192,22
17193,33
17194,3
17195,32
17196,6
17197,27
17198,0
17199,31
17200,29
17201,16
17202,17
17203,33
17204,11
17205,26
17206,15
17207,24
17208,20
17209,6
17210,25
17211,13
17212,5
17213,12
17214,21
17215,30
17216,3
17217,26
17218,13
17219,30
17220,7
17221,10
17222,16
17223,22
17224,0
17225,13
17226,1
17227,3
17228,3
17229,3
17230,30
17231,26
17232,29
17233,26
17234,5
17235,37
17236,20
17237,13
17238,20
17239,24
17240,11
17241,24
17242,29
17243,20
17244,24
17245,31
17246,7
17247,18
17248,36
17249,25
17250,34
17251,24
17252,32
17253,3
17254,18
17255,27
17256,0
17257,13
17258,12
17259,0
17260,17
17261,26
17262,13
17263,1
17264,9
17265,13
17266,13
17267,23
17268,35
17269,10
17270,26
17271,13
17272,29
17273,34
17274,14
17275,5
17276,14
17277,20
17278,7
17279,24
17280,26
17281,7
17282,34
17283,21
17284,3
17285,30
17286,15
17287,37
17288,17
17289,26
17290,18
17291,18
17292,3
17293,26
17294,26
17295,24
17296,13
17297,15
17298,30
17299,1
17300,5
17301,15
17302,11
17303,1
17304,33
17305,16
17306,12
17307,16
17308,7
17309,1
17310,16
17311,4
17312,23
17313,33
17314,26
17315,25
17316,13
17317,3
17318,5
17319,10
17320,20
17321,9
17322,25
17323,16
17324,11
17325,35
17326,13
17327,35
17328,1
17329,36
17330,33
17331,21
17332,26
17333,1
17334,20
17335,9
17336,24
17337,13
17338,16
17339,2
17340,28
17341,13
17342,20
17343,26
17344,24
17345,13
17346,24
17347,5
17348,13
17349,24
17350,29
17351,24
17352,33
17353,12
17354,26
17355,3
17356,13
17357,26
17358,23
17359,20
17360,28
17361,13
17362,1
17363,26
17364,13
17365,1
17366,13
17367,17
17368,22
17369,12
17370,36
17371,20
17372,35
17373,13
17374,16
17375,26
17376,13
17377,30
17378,27
17379,32
17380,16
17381,10
17382,3
17383,1
17384,26
17385,10
17386,30
17387,13
17388,12
17389,1
17390,20
17391,37
17392,17
17393,16
17394,3
17395,23
17396,24
17397,13
17398,26
17399,27
17400,27
17401,29
17402,13
17403,34
17404,18
17405,30
17406,3
17407,24
17408,20
17409,30
17410,13
17411,17
17412,13
17413,25
17414,35
17415,16
17416,11
17417,13
17418,26
17419,15
17420,5
17421,5
17422,28
17423,14
17424,13
17425,24
17426,24
17427,18
17428,17
17429,21
17430,33
17431,23
17432,2
17433,20
17434,18
17435,22
17436,21
17437,14
17438,0
17439,28
17440,26
17441,20
17442,5
17443,18
17444,26
17445,12
17446,30
17447,26
17448,6
17449,5
17450,29
17451,16
17452,31
17453,21
17454,13
17455,12
17456,7
17457,30
17458,27
17459,37
17460,3
17461,33
17462,7
17463,22
17464,11
17465,10
17466,13
17467,5
17468,4
17469,15
17470,30
17471,3
17472,26
17473,26
17474,15
17475,16
17476,11
17477,15
17478,23
17479,14
17480,26
17481,13
17482,24
17483,3
17484,34
17485,26
17486,26
17487,13
17488,1
17489,18
17490,24
17491,32
17492,12
17493,26
17494,34
17495,0
17496,19
17497,11
17498,15
17499,19
17500,26
17501,32
17502,22
17503,33
17504,34
17505,26
17506,35
17507,12
17508,34
17509,7
17510,11
17511,13
17512,31
17513,29
17514,13
17515,7
17516,13
17517,5
17518,33
17519,10
17520,6
17521,7
17522,11
17523,11
17524,13
17525,13
17526,13
17527,24
17528,28
17529,26
17530,27
17531,31
17532,0
17533,2
17534,13
17535,15
17536,18
17537,37
17538,16
17539,7
17540,5
17541,26
17542,26
17543,26
17544,26
17545,13
17546,7
17547,3
17548,1
17549,3
17550,3
17551,28
17552,5
17553,6
17554,21
17555,26
17556,37
17557,3
17558,31
17559,9
17560,37
17561,20
17562,10
17563,15
17564,0
17565,29
17566,37
17567,10
17568,11
17569,7
17570,31
17571,24
17572,27
17573,33
17574,13
17575,37
17576,31
17577,20
17578,1
17579,13
17580,7
17581,27
17582,10
17583,26
17584,27
17585,13
17586,10
17587,24
17588,19
17589,13
17590,10
17591,10
17592,28
17593,22
17594,3
17595,23
17596,11
17597,29
17598,21
17599,2
17600,13
17601,8
17602,13
17603,26
17604,11
17605,13
17606,21
17607,27
17608,13
17609,33
17610,30
17611,17
17612,27
17613,6
17614,11
17615,30
17616,13
17617,6
17618,13
17619,15
17620,15
17621,20
17622,11
17623,12
17624,11
17625,18
17626,18
17627,26
17628,23
17629,20
17630,18
17631,3
17632,29
17633,1
17634,13
17635,35
17636,24
17637,13
17638,30
17639,4
17640,20
17641,24
17642,7
17643,28
17644,10
17645,7
17646,5
17647,25
17648,2
17649,20
17650,16
17651,34
17652,6
17653,26
17654,3
17655,6
17656,3
17657,11
17658,24
17659,37
17660,31
17661,3
17662,16
17663,7
17664,0
17665,37
17666,10
17667,26
17668,0
17669,28
17670,8
17671,24
17672,2
17673,13
17674,5
17675,13
17676,26
17677,13
17678,5
17679,15
17680,16
17681,5
17682,20
17683,3
17684,5
17685,16
17686,24
17687,23
17688,23
17689,5
17690,11
17691,9
17692,13
17693,26
17694,31
17695,29
17696,26
17697,26
17698,3
17699,28
17700,13
17701,33
17702,9
17703,3
17704,5
17705,26
17706,26
17707,35
17708,20
17709,3
17710,23
17711,33
17712,8
17713,24
17714,3
17715,33
17716,26
17717,31
17718,3
17719,7
17720,37
17721,19
17722,22
17723,14
17724,3
17725,10
17726,34
17727,1
17728,26
17729,27
17730,11
17731,27
17732,13
17733,20
17734,13
17735,1
17736,13
17737,13
17738,20
17739,37
17740,13
17741,29
17742,28
17743,16
17744,13
17745,13
17746,35
17747,7
17748,23
17749,13
17750,3
17751,0
17752,30
17753,10
17754,6
17755,1
17756,13
17757,13
17758,28
17759,26
17760,18
17761,23
17762,34
17763,7
17764,35
17765,8
17766,13
17767,13
17768,27
17769,10
17770,1
17771,3
17772,13
17773,3
17774,33
17775,15
17776,3
17777,17
17778,26
17779,23
17780,13
17781,37
17782,27
17783,6
17784,15
17785,4
17786,3
17787,30
17788,24
17789,13
17790,4
17791,21
17792,0
17793,27
17794,31
17795,28
17796,26
17797,24
17798,20
17799,3
17800,24
17801,21
17802,7
17803,29
17804,13
17805,11
17806,19
17807,35
17808,9
17809,4
17810,20
17811,13
17812,10
17813,34
17814,34
17815,16
17816,13
17817,26
17818,12
17819,33
17820,26
17821,23
17822,11
17823,25
17824,19
17825,25
17826,20
17827,17
17828,23
17829,20
17830,30
17831,6
17832,33
17833,26
17834,12
17835,21
17836,13
17837,13
17838,33
17839,31
17840,13
17841,23
17842,22
17843,26
17844,3
17845,37
17846,34
17847,13
17848,11
17849,8
17850,29
17851,13
17852,3
17853,13
17854,13
17855,1
17856,13
17857,3
17858,27
17859,28
17860,31
17861,26
17862,5
17863,6
17864,26
17865,18
17866,13
17867,20
17868,1
17869,26
17870,3
17871,33
17872,32
17873,13
17874,5
17875,12
17876,13
17877,24
17878,6
17879,30
17880,10
17881,33
17882,19
17883,7
17884,36
17885,20
17886,13
17887,16
17888,9
17889,13
17890,13
17891,26
17892,28
17893,24
17894,3
17895,11
17896,9
17897,20
17898,2
17899,29
17900,34
17901,26
17902,27
17903,15
17904,25
17905,22
17906,29
17907,10
17908,11
17909,11
17910,3
17911,26
17912,3
17913,3
17914,2
17915,37
17916,13
17917,26
17918,13
17919,18
17920,30
17921,20
17922,13
17923,20
17924,10
17925,16
17926,9
17927,34
17928,31
17929,26
17930,17
17931,34
17932,19
17933,3
17934,13
17935,26
17936,11
17937,3
17938,35
17939,37
17940,34
17941,13
17942,11
17943,3
17944,10
17945,13
17946,7
17947,29
17948,0
17949,10
17950,33
17951,37
17952,3
17953,27
17954,7
17955,37
17956,20
17957,10
17958,33
17959,33
17960,9
17961,16
17962,33
17963,3
17964,13
17965,5
17966,13
17967,11
17968,33
17969,17
17970,13
17971,30
17972,29
17973,9
17974,5
17975,2
17976,21
17977,0
17978,13
17979,4
17980,16
17981,1
17982,4
17983,13
17984,26
17985,3
17986,29
17987,20
17988,18
17989,21
17990,29
17991,14
17992,28
17993,19
17994,24
17995,16
17996,29
17997,26
17998,18
17999,0
18000,13
18001,26
18002,9
18003,13
18004,0
18005,20
18006,26
18007,3
18008,13
18009,29
18010,28
18011,30
18012,11
18013,13
18014,26
18015,13
18016,19
18017,10
18018,24
18019,34
18020,26
18021,10
18022,29
18023,25
18024,27
18025,17
18026,28
18027,16
18028,33
18029,3
18030,31
18031,20
18032,8
18033,26
18034,37
18035,11
18036,11
18037,26
18038,12
18039,10
18040,27
18041,33
18042,20
18043,13
18044,18
18045,25
18046,28
18047,19
18048,3
18049,37
18050,1
18051,35
18052,7
18053,1
18054,10
18055,6
18056,30
18057,18
18058,33
18059,20
18060,6
18061,26
18062,15
18063,29
18064,25
18065,20
18066,29
18067,18
18068,13
18069,11
18070,8
18071,15
18072,24
18073,13
18074,26
18075,16
18076,26
18077,0
18078,20
18079,31
18080,23
18081,24
18082,20
18083,8
18084,30
18085,1
18086,6
18087,30
18088,15
18089,13
18090,26
18091,21
18092,26
18093,11
18094,26
18095,5
18096,28
18097,23
18098,5
18099,26
18100,10
18101,10
18102,7
18103,11
18104,10
18105,0
18106,30
18107,14
18108,31
18109,27
18110,21
18111,14
18112,0
18113,26
18114,11
18115,13
18116,36
18117,30
18118,12
18119,13
18120,15
18121,33
18122,33
18123,14
18124,16
18125,25
18126,20
18127,29
18128,36
18129,13
18130,9
18131,33
18132,6
18133,26
18134,26
18135,28
18136,13
18137,3
18138,21
18139,37
18140,26
18141,13
18142,16
18143,13
18144,12
18145,27
18146,26
18147,26
18148,26
18149,13
18150,13
18151,33
18152,7
18153,34
18154,13
18155,15
18156,1
18157,3
18158,35
18159,9
18160,6
18161,25
18162,5
18163,12
18164,16
18165,20
18166,26
18167,9
18168,3
18169,26
18170,13
18171,13
18172,33
18173,26
18174,7
18175,3
18176,27
18177,21
18178,31
18179,7
18180,34
18181,30
18182,7
18183,16
18184,27
18185,21
18186,18
18187,13
18188,20
18189,29
18190,31
18191,13
18192,20
18193,24
18194,13
18195,13
18196,13
18197,31
18198,13
18199,5
18200,34
18201,5
18202,28
18203,0
18204,7
18205,3
18206,20
18207,29
18208,6
18209,14
18210,37
18211,1
18212,7
18213,33
18214,13
18215,0
18216,20
18217,26
18218,20
18219,6
18220,10
18221,13
18222,16
18223,11
18224,6
18225,6
18226,22
18227,17
18228,30
18229,13
18230,21
18231,31
18232,14
18233,6
18234,19
18235,26
18236,31
18237,24
18238,21
18239,10
18240,3
18241,2
18242,34
18243,15
18244,10
18245,18
18246,36
18247,12
18248,35
18249,26
18250,5
18251,26
18252,24
18253,1
18254,29
18255,5
18256,11
18257,28
18258,7
18259,10
18260,31
18261,33
18262,13
18263,14
18264,3
18265,26
18266,33
18267,26
18268,37
18269,9
18270,4
18271,0
18272,17
18273,13
18274,7
18275,12
18276,26
18277,20
18278,8
18279,11
18280,13
18281,20
18282,16
18283,13
18284,27
18285,33
18286,34
18287,24
18288,13
18289,11
18290,5
18291,3
18292,9
18293,26
18294,3
18295,12
18296,5
18297,26
18298,5
18299,3
18300,37
18301,6
18302,32
18303,30
18304,13
18305,24
18306,10
18307,12
18308,30
18309,16
18310,21
18311,34
18312,6
18313,26
18314,0
18315,15
18316,11
18317,22
18318,24
18319,10
18320,15
18321,3
18322,3
18323,34
18324,20
18325,14
18326,1
18327,13
18328,30
18329,25
18330,22
18331,9
18332,27
18333,20
18334,13
18335,7
18336,10
18337,8
18338,34
18339,26
18340,16
18341,13
18342,12
18343,10
18344,6
18345,21
18346,0
18347,30
18348,13
18349,33
18350,31
18351,8
18352,23
18353,22
18354,1
18355,37
18356,14
18357,28
18358,25
18359,12
18360,26
18361,8
18362,1
18363,2
18364,17
18365,13
18366,15
18367,1
18368,27
18369,33
18370,20
18371,9
18372,36
18373,16
18374,20
18375,32
18376,3
18377,10
18378,28
18379,30
18380,29
18381,16
18382,10
18383,33
18384,37
18385,16
18386,0
18387,6
18388,26
18389,16
18390,29
18391,11
18392,12
18393,7
18394,33
18395,13
18396,13
18397,20
18398,30
18399,20
18400,0
18401,13
18402,24
18403,34
18404,7
18405,25
18406,15
18407,11
18408,27
18409,26
18410,10
18411,6
18412,34
18413,0
18414,10
18415,13
18416,26
18417,18
18418,20
18419,13
18420,18
18421,10
18422,13
18423,18
18424,13
18425,5
18426,30
18427,17
18428,13
18429,36
18430,10
18431,16
18432,13
18433,7
18434,29
18435,14
18436,0
18437,30
18438,13
18439,26
18440,26
18441,3
18442,13
18443,13
18444,3
18445,1
18446,1
18447,27
18448,11
18449,32
18450,11
18451,34
18452,22
18453,15
18454,29
18455,24
18456,20
18457,25
18458,36
18459,18
18460,11
18461,29
18462,28
18463,11
18464,26
18465,15
18466,37
18467,13
18468,9
18469,20
18470,35
18471,2
18472,26
18473,30
18474,27
18475,9
18476,4
18477,24
18478,26
18479,28
18480,13
18481,3
18482,18
18483,2
18484,13
18485,26
18486,28
18487,13
18488,27
18489,29
18490,27
18491,3
18492,26
18493,19
18494,13
18495,30
18496,23
18497,6
18498,5
18499,28
18500,17
18501,23
18502,26
18503,21
18504,15
18505,36
18506,11
18507,21
18508,31
18509,16
18510,26
18511,8
18512,0
18513,23
18514,29
18515,23
18516,5
18517,6
18518,5
18519,30
18520,34
18521,19
18522,26
18523,31
18524,24
18525,20
18526,3
18527,29
18528,25
18529,14
18530,3
18531,24
18532,29
18533,18
18534,22
18535,6
18536,2
18537,0
18538,8
18539,16
18540,13
18541,31
18542,25
18543,28
18544,10
18545,16
18546,32
18547,24
18548,3
18549,13
18550,20
18551,10
18552,6
18553,11
18554,13
18555,13
18556,30
18557,37
18558,21
18559,28
18560,37
18561,3
18562,26
18563,31
18564,23
18565,10
18566,34
18567,23
18568,16
18569,22
18570,37
18571,36
18572,30
18573,6
18574,35
18575,6
18576,10
18577,26
18578,34
18579,12
18580,26
18581,34
18582,20
18583,27
18584,20
18585,10
18586,24
18587,10
18588,17
18589,10
18590,6
18591,16
18592,16
18593,13
18594,12
18595,5
18596,13
18597,1
18598,26
18599,37
18600,20
18601,24
18602,10
18603,37
18604,9
18605,26
18606,10
18607,9
18608,30
18609,24
18610,13
18611,1
18612,27
18613,37
18614,6
18615,22
18616,1
18617,34
18618,29
18619,5
18620,3
18621,13
18622,12
18623,37
18624,29
18625,1
18626,10
18627,20
18628,29
18629,14
18630,13
18631,4
18632,12
18633,25
18634,3
18635,11
18636,3
18637,26
18638,26
18639,3
18640,1
18641,31
18642,13
18643,3
18644,24
18645,29
18646,15
18647,15
18648,27
18649,15
18650,3
18651,5
18652,24
18653,10
18654,29
18655,32
18656,17
18657,27
18658,10
18659,27
18660,25
18661,16
18662,13
18663,33
18664,11
18665,29
18666,6
18667,9
18668,3
18669,12
18670,16
18671,13
18672,24
18673,24
18674,17
18675,33
18676,13
18677,21
18678,11
18679,6
18680,20
18681,13
18682,37
18683,9
18684,26
18685,11
18686,13
18687,10
18688,10
18689,34
18690,16
18691,19
18692,26
18693,33
18694,13
18695,13
18696,9
18697,11
18698,5
18699,32
18700,3
18701,13
18702,13
18703,23
18704,10
18705,17
18706,31
18707,13
18708,15
18709,33
18710,3
18711,5
18712,26
18713,11
18714,29
18715,30
18716,14
18717,13
18718,28
18719,18
18720,33
18721,29
18722,9
18723,15
18724,29
18725,3
18726,3
18727,12
18728,15
18729,15
18730,0
18731,13
18732,26
18733,17
18734,15
18735,2
18736,24
18737,6
18738,15
18739,16
18740,4
18741,6
18742,8
18743,26
18744,37
18745,17
18746,22
18747,15
18748,13
18749,3
18750,13
18751,26
18752,20
18753,31
18754,26
18755,22
18756,18
18757,16
18758,1
18759,30
18760,20
18761,27
18762,24
18763,0
18764,26
18765,2
18766,26
18767,21
18768,28
18769,11
18770,25
18771,15
18772,11
18773,30
18774,16
18775,13
18776,6
18777,1
18778,1
18779,20
18780,20
18781,2
18782,15
18783,13
18784,7
18785,13
18786,36
18787,26
18788,34
18789,24
18790,13
18791,13
18792,29
18793,5
18794,21
18795,20
18796,6
18797,15
18798,7
18799,18
18800,17
18801,17
18802,7
18803,31
18804,34
18805,20
18806,33
18807,24
18808,32
18809,23
18810,3
18811,15
18812,13
18813,36
18814,30
18815,26
18816,6
18817,3
18818,35
18819,13
18820,13
18821,6
18822,11
18823,13
18824,24
18825,29
18826,28
18827,30
18828,25
18829,13
18830,13
18831,22
18832,13
18833,6
18834,33
18835,19
18836,26
18837,26
18838,3
18839,24
18840,24
18841,28
18842,13
18843,33
18844,36
18845,25
18846,28
18847,5
18848,11
18849,3
18850,3
18851,13
18852,26
18853,16
18854,16
18855,30
18856,5
18857,34
18858,0
18859,27
18860,10
18861,13
18862,3
18863,12
18864,26
18865,26
18866,33
18867,16
18868,14
18869,10
18870,13
18871,13
18872,15
18873,10
18874,13
18875,26
18876,31
18877,13
18878,37
18879,13
18880,5
18881,26
18882,20
18883,26
18884,3
18885,31
18886,21
18887,33
18888,6
18889,4
18890,11
18891,7
18892,7
18893,11
18894,17
18895,18
18896,28
18897,12
18898,17
18899,3
18900,14
18901,25
18902,13
18903,27
18904,13
18905,29
18906,26
18907,24
18908,28
18909,36
18910,13
18911,11
18912,5
18913,28
18914,29
18915,10
18916,17
18917,6
18918,10
18919,33
18920,5
18921,26
18922,28
18923,11
18924,0
18925,35
18926,14
18927,29
18928,2
18929,6
18930,8
18931,26
18932,6
18933,3
18934,14
18935,26
18936,13
18937,13
18938,13
18939,18
18940,11
18941,16
18942,24
18943,26
18944,13
18945,9
18946,5
18947,37
18948,22
18949,30
18950,27
18951,19
18952,24
18953,25
18954,0
18955,17
18956,6
18957,26
18958,28
18959,9
18960,3
18961,15
18962,26
18963,3
18964,15
18965,23
18966,29
18967,9
18968,3
18969,9
18970,5
18971,23
18972,20
18973,1
18974,25
18975,12
18976,11
18977,18
18978,5
18979,10
18980,31
18981,3
18982,0
18983,26
18984,29
18985,13
18986,11
18987,14
18988,20
18989,25
18990,2
18991,13
18992,13
18993,5
18994,26
18995,6
18996,12
18997,20
18998,26
18999,28
19000,30
19001,17
19002,12
19003,0
19004,15
19005,13
19006,13
19007,30
19008,29
19009,21
19010,1
19011,26
19012,23
19013,3
19014,10
19015,4
19016,34
19017,31
19018,5
19019,30
19020,29
19021,0
19022,1
19023,29
19024,5
19025,10
19026,3
19027,36
19028,26
19029,6
19030,16
19031,9
19032,20
19033,16
19034,5
19035,12
19036,5
19037,6
19038,36
19039,11
19040,11
19041,26
19042,13
19043,5
19044,34
19045,13
19046,13
19047,28
19048,13
19049,30
19050,21
19051,24
19052,6
19053,20
19054,13
19055,29
19056,14
19057,0
19058,27
19059,13
19060,1
19061,15
19062,26
19063,18
19064,26
19065,13
19066,20
19067,13
19068,19
19069,6
19070,26
19071,15
19072,20
19073,2
19074,18
19075,5
19076,16
19077,3
19078,13
19079,24
19080,13
19081,30
19082,6
19083,23
19084,15
19085,16
19086,1
19087,26
19088,33
19089,33
19090,26
19091,26
19092,1
19093,13
19094,16
19095,10
19096,26
19097,16
19098,5
19099,36
19100,16
19101,20
19102,17
19103,6
19104,3
19105,10
19106,23
19107,10
19108,1
19109,11
19110,13
19111,13
19112,11
19113,16
19114,29
19115,13
19116,18
19117,19
19118,20
19119,33
19120,1
19121,14
19122,37
19123,9
19124,11
19125,3
19126,6
19127,12
19128,26
19129,11
19130,31
19131,11
19132,23
19133,3
19134,9
19135,26
19136,3
19137,27
19138,14
19139,26
19140,16
19141,13
19142,16
19143,11
19144,0
19145,5
19146,29
19147,13
19148,22
19149,6
19150,20
19151,7
19152,8
19153,35
19154,21
19155,11
19156,2
19157,2
19158,26
19159,13
19160,21
19161,31
19162,13
19163,13
19164,20
19165,22
19166,28
19167,24
19168,24
19169,24
19170,31
19171,35
19172,16
19173,20
19174,12
19175,13
19176,3
19177,13
19178,32
19179,4
19180,13
19181,11
19182,12
19183,31
19184,36
19185,4
19186,2
19187,16
19188,15
19189,10
19190,9
19191,3
19192,35
19193,15
19194,3
19195,26
19196,11
19197,26
19198,13
19199,3
19200,6
19201,13
19202,18
19203,9
19204,18
19205,11
19206,9
19207,33
19208,13
19209,23
19210,5
19211,13
19212,20
19213,16
19214,35
19215,13
19216,33
19217,13
19218,18
19219,29
19220,26
19221,36
19222,29
19223,26
19224,24
19225,12
19226,30
19227,20
19228,35
19229,26
19230,11
19231,6
19232,18
19233,9
19234,22
19235,29
19236,21
19237,3
19238,24
19239,32
19240,30
19241,15
19242,28
19243,1
19244,27
19245,20
19246,13
19247,13
19248,1
19249,26
19250,19
19251,22
19252,13
19253,10
19254,1
19255,13
19256,2
19257,1
19258,29
19259,22
19260,8
19261,6
19262,7
19263,7
19264,6
19265,27
19266,31
19267,13
19268,9
19269,13
19270,26
19271,33
19272,3
19273,3
19274,10
19275,13
19276,1
19277,26
19278,26
19279,26
19280,13
19281,24
19282,31
19283,34
19284,20
19285,21
19286,30
19287,28
19288,11
19289,17
19290,35
19291,18
19292,10
19293,26
19294,34
19295,26
19296,13
19297,24
19298,35
19299,29
19300,28
19301,10
19302,7
19303,11
19304,15
19305,24
19306,5
19307,30
19308,32
19309,28
19310,20
19311,30
19312,13
19313,13
19314,36
19315,13
19316,13
19317,29
19318,35
19319,14
19320,28
19321,22
19322,27
19323,30
19324,31
19325,16
19326,17
19327,2
19328,14
19329,18
19330,11
19331,3
19332,34
19333,20
19334,33
19335,6
19336,13
19337,1
19338,32
19339,26
19340,30
19341,1
19342,14
19343,13
19344,14
19345,13
19346,13
19347,0
19348,24
19349,26
19350,8
19351,29
19352,13
19353,26
19354,23
19355,14
19356,34
19357,16
19358,24
19359,13
19360,12
19361,30
19362,26
19363,6
19364,10
19365,29
19366,26
19367,16
19368,4
19369,10
19370,15
19371,3
19372,20
19373,26
19374,33
19375,13
19376,6
19377,17
19378,24
19379,3
19380,20
19381,19
19382,26
19383,24
19384,20
19385,16
19386,5
19387,3
19388,3
19389,10
19390,25
19391,7
19392,31
19393,16
19394,3
19395,16
19396,3
19397,16
19398,20
19399,13
19400,20
19401,24
19402,5
19403,10
19404,3
19405,33
19406,3
19407,13
19408,20
19409,9
19410,25
19411,10
19412,26
19413,3
19414,18
19415,37
19416,13
19417,21
19418,29
19419,19
19420,11
19421,30
19422,23
19423,27
19424,9
19425,15
19426,29
19427,13
19428,16
19429,21
19430,0
19431,13
19432,4
19433,37
19434,27
19435,17
19436,35
19437,5
19438,10
19439,22
19440,10
19441,25
19442,26
19443,2
19444,30
19445,11
19446,8
19447,16
19448,3
19449,4
19450,4
19451,16
19452,20
19453,29
19454,3
19455,29
19456,13
19457,13
19458,27
19459,13
19460,13
19461,24
19462,36
19463,9
19464,21
19465,26
19466,20
19467,15
19468,21
19469,6
19470,6
19471,23
19472,26
19473,13
19474,6
19475,11
19476,13
19477,7
19478,0
19479,20
19480,13
19481,26
19482,13
19483,29
19484,7
19485,7
19486,5
19487,3
19488,3
19489,10
19490,29
19491,17
19492,16
19493,37
19494,28
19495,31
19496,13
19497,35
19498,3
19499,1
19500,31
19501,25
19502,6
19503,33
19504,28
19505,13
19506,23
19507,13
19508,20
19509,6
19510,5
19511,3
19512,14
19513,11
19514,2
19515,7
19516,33
19517,35
19518,16
19519,26
19520,7
19521,27
19522,25
19523,4
19524,3
19525,37
19526,5
19527,6
19528,35
19529,11
19530,3
19531,30
19532,13
19533,29
19534,3
19535,13
19536,13
19537,9
19538,26
19539,16
19540,10
19541,31
19542,8
19543,11
19544,10
19545,12
19546,26
19547,10
19548,10
19549,18
19550,13
19551,28
19552,9
19553,11
19554,5
19555,6
19556,14
19557,26
19558,13
19559,9
19560,24
19561,13
19562,19
19563,26
19564,14
19565,30
19566,16
19567,12
19568,17
19569,35
19570,13
19571,31
19572,7
19573,24
19574,26
19575,26
19576,22
19577,34
19578,13
19579,22
19580,24
19581,29
19582,13
19583,26
19584,0
19585,26
19586,15
19587,31
19588,29
19589,26
19590,26
19591,23
19592,34
19593,3
19594,37
19595,6
19596,24
19597,17
19598,26
19599,0
19600,3
19601,26
19602,13
19603,37
19604,33
19605,15
19606,9
19607,13
19608,24
19609,16
19610,14
19611,34
19612,16
19613,33
19614,13
19615,17
19616,11
19617,24
19618,34
19619,3
19620,13
19621,13
19622,30
19623,13
19624,1
19625,4
19626,8
19627,24
19628,5
19629,36
19630,0
19631,6
19632,17
19633,2
19634,3
19635,5
19636,6
19637,10
19638,31
19639,13
19640,12
19641,18
19642,35
19643,11
19644,9
19645,24
19646,12
19647,26
19648,37
19649,3
19650,8
19651,26
19652,9
19653,16
19654,23
19655,13
19656,23
19657,26
19658,7
19659,20
19660,11
19661,28
19662,13
19663,9
19664,20
19665,5
19666,26
19667,7
19668,24
19669,25
19670,21
19671,26
19672,12
19673,10
19674,13
19675,11
19676,20
19677,5
19678,8
19679,13
19680,21
19681,33
19682,6
19683,1
19684,12
19685,35
19686,3
19687,14
19688,18
19689,31
19690,2
19691,13
19692,28
19693,14
19694,3
19695,13
19696,21
19697,25
19698,17
19699,6
19700,6
19701,26
19702,25
19703,14
19704,12
19705,1
19706,5
19707,1
19708,20
19709,28
19710,26
19711,25
19712,13
19713,6
19714,12
19715,3
19716,25
19717,20
19718,13
19719,31
19720,12
19721,26
19722,11
19723,27
19724,28
19725,1
19726,23
19727,1
19728,1
19729,20
19730,24
19731,27
19732,15
19733,1
19734,9
19735,26
19736,16
19737,23
19738,37
19739,15
19740,24
19741,21
19742,20
19743,36
19744,9
19745,28
19746,37
19747,16
19748,25
19749,18
19750,29
19751,36
19752,25
19753,8
19754,14
19755,15
19756,37
19757,3
19758,25
19759,13
19760,25
19761,34
19762,16
19763,14
19764,5
19765,10
19766,6
19767,12
19768,11
19769,4
19770,2
19771,3
19772,24
19773,6
19774,20
19775,28
19776,23
19777,28
19778,29
19779,23
19780,13
19781,2
19782,3
19783,13
19784,10
19785,24
19786,13
19787,11
19788,26
19789,17
19790,11
19791,7
19792,33
19793,14
19794,13
19795,7
19796,32
19797,24
19798,16
19799,13
19800,10
19801,28
19802,9
19803,36
19804,13
19805,6
19806,29
19807,22
19808,7
19809,11
19810,26
19811,21
19812,13
19813,20
19814,13
19815,20
19816,18
19817,24
19818,26
19819,0
19820,15
19821,3
19822,28
19823,12
19824,26
19825,26
19826,11
19827,24
19828,25
19829,26
19830,9
19831,28
19832,31
19833,18
19834,0
19835,31
19836,24
19837,11
19838,16
19839,13
19840,9
19841,27
19842,2
19843,33
19844,4
19845,26
19846,13
19847,34
19848,34
19849,6
19850,13
19851,4
19852,26
19853,22
19854,15
19855,20
19856,0
19857,20
19858,31
19859,24
19860,13
19861,17
19862,20
19863,13
19864,26
19865,20
19866,26
19867,7
19868,3
19869,32
19870,15
19871,3
19872,8
19873,24
19874,12
19875,34
19876,9
19877,25
19878,3
19879,13
19880,29
19881,19
19882,19
19883,13
19884,5
19885,13
19886,11
19887,10
19888,25
19889,20
19890,13
19891,4
19892,3
19893,33
19894,0
19895,37
19896,3
19897,3
19898,13
19899,13
19900,13
19901,37
19902,5
19903,31
19904,11
19905,34
19906,36
19907,16
19908,12
19909,34
19910,21
19911,10
19912,14
19913,8
19914,22
19915,11
19916,1
19917,4
19918,33
19919,35
19920,15
19921,23
19922,1
19923,34
19924,35
19925,17
19926,14
19927,7
19928,13
19929,33
19930,11
19931,16
19932,11
19933,14
19934,33
19935,29
19936,27
19937,13
19938,16
19939,5
19940,11
19941,7
19942,6
19943,13
19944,31
19945,13
19946,31
19947,27
19948,26
19949,6
19950,33
19951,7
19952,32
19953,5
19954,13
19955,9
19956,11
19957,18
19958,29
19959,13
19960,6
19961,6
19962,9
19963,3
19964,15
19965,3
19966,16
19967,31
19968,24
19969,15
19970,27
19971,16
19972,26
19973,15
19974,24
19975,7
19976,22
19977,17
19978,20
19979,26
19980,26
19981,19
19982,13
19983,14
19984,13
19985,26
19986,13
19987,1
19988,6
19989,16
19990,23
19991,11
19992,11
19993,33
19994,33
19995,26
19996,10
19997,13
19998,16
19999,35
20000,10
20001,33
20002,13
20003,13
20004,16
20005,35
20006,28
20007,26
20008,30
20009,28
20010,27
20011,15
20012,17
20013,10
20014,33
20015,3
20016,28
20017,26
20018,13
20019,18
20020,10
20021,35
20022,11
20023,13
20024,7
20025,10
20026,18
20027,3
20028,26
20029,35
20030,20
20031,26
20032,13
20033,18
20034,13
20035,26
20036,15
20037,8
20038,17
20039,18
20040,2
20041,9
20042,30
20043,6
20044,29
20045,0
20046,15
20047,13
20048,26
20049,15
20050,20
20051,13
20052,13
20053,1
20054,31
20055,23
20056,28
20057,1
20058,13
20059,1
20060,31
20061,10
20062,17
20063,26
20064,11
20065,16
20066,26
20067,10
20068,33
20069,10
20070,29
20071,18
20072,1
20073,10
20074,33
20075,6
20076,21
20077,28
20078,24
20079,28
20080,2
20081,26
20082,26
20083,24
20084,28
20085,11
20086,11
20087,30
20088,16
20089,16
20090,26
20091,20
20092,20
20093,7
20094,13
20095,26
20096,35
20097,28
20098,3
20099,5
20100,18
20101,24
20102,31
20103,11
20104,27
20105,31
20106,33
20107,7
20108,12
20109,3
20110,33
20111,16
20112,3
20113,20
20114,18
20115,26
20116,13
20117,30
20118,37
20119,5
20120,12
20121,31
20122,11
20123,21
20124,20
20125,29
20126,28
20127,0
20128,6
20129,13
20130,12
20131,5
20132,35
20133,24
20134,33
20135,30
20136,31
20137,13
20138,28
20139,28
20140,26
20141,13
20142,16
20143,10
20144,26
20145,1
20146,37
20147,28
20148,12
20149,24
20150,11
20151,30
20152,19
20153,22
20154,26
20155,7
20156,13
20157,23
20158,20
20159,8
20160,14
20161,30
20162,13
20163,33
20164,20
20165,4
20166,10
20167,13
20168,9
20169,12
20170,29
20171,13
20172,5
20173,11
20174,13
20175,25
20176,29
20177,26
20178,3
20179,28
20180,34
20181,33
20182,26
20183,20
20184,20
20185,22
20186,7
20187,26
20188,26
20189,11
20190,28
20191,17
20192,34
20193,11
20194,26
20195,6
20196,5
20197,26
20198,26
20199,26
20200,19
20201,13
20202,37
20203,27
20204,26
20205,30
20206,3
20207,3
20208,20
20209,10
20210,1
20211,13
20212,16
20213,0
20214,10
20215,12
20216,16
20217,15
20218,29
20219,26
20220,34
20221,28
20222,9
20223,13
20224,22
20225,26
20226,16
20227,33
20228,17
20229,13
20230,7
20231,13
20232,13
20233,31
20234,35
20235,16
20236,26
20237,31
20238,13
20239,34
20240,1
20241,37
20242,22
20243,10
20244,18
20245,24
20246,24
20247,18
20248,33
20249,14
20250,6
20251,20
20252,10
20253,12
20254,13
20255,10
20256,16
20257,13
20258,9
20259,3
20260,15
20261,30
20262,29
20263,3
20264,7
20265,37
20266,11
20267,34
20268,9
20269,3
20270,28
20271,11
20272,11
20273,10
20274,13
20275,16
20276,3
20277,37
20278,0
20279,26
20280,13
20281,20
20282,13
20283,8
20284,13
20285,25
20286,10
20287,13
20288,26
20289,3
20290,24
20291,25
20292,7
20293,8
20294,13
20295,29
20296,13
20297,13
20298,10
20299,11
20300,3
20301,16
20302,13
20303,19
20304,26
20305,0
20306,22
20307,13
20308,26
20309,10
20310,3
20311,22
20312,20
20313,18
20314,32
20315,10
20316,15
20317,3
20318,27
20319,3
20320,22
20321,17
20322,13
20323,20
20324,32
20325,26
20326,28
20327,13
20328,6
20329,5
20330,7
20331,9
20332,24
20333,16
20334,30
20335,31
20336,12
20337,33
20338,2
20339,6
20340,35
20341,23
20342,27
20343,26
20344,0
20345,13
20346,21
20347,20
20348,5
20349,25
20350,26
20351,30
20352,25
20353,13
20354,3
20355,35
20356,20
20357,22
20358,26
20359,6
20360,4
20361,20
20362,26
20363,35
20364,19
20365,29
20366,27
20367,13
20368,9
20369,10
20370,0
20371,5
20372,26
20373,5
20374,28
20375,25
20376,14
20377,36
20378,26
20379,16
20380,3
20381,31
20382,30
20383,18
20384,36
20385,32
20386,26
20387,9
20388,11
20389,17
20390,26
20391,0
20392,3
20393,3
20394,0
20395,10
20396,7
20397,10
20398,13
20399,27
20400,26
20401,26
20402,4
20403,33
20404,13
20405,1
20406,27
20407,10
20408,27
20409,23
20410,24
20411,19
20412,31
20413,4
20414,34
20415,6
20416,16
20417,30
20418,7
20419,16
20420,8
20421,11
20422,35
20423,15
20424,24
20425,13
20426,35
20427,16
20428,25
20429,27
20430,3
20431,26
20432,11
20433,17
20434,13
20435,13
20436,9
20437,11
20438,2
20439,13
20440,28
20441,27
20442,37
20443,28
20444,11
20445,3
20446,5
20447,7
20448,10
20449,13
20450,5
20451,7
20452,24
20453,7
20454,15
20455,34
20456,3
20457,21
20458,13
20459,11
20460,13
20461,37
20462,3
20463,17
20464,16
20465,34
20466,0
20467,26
20468,31
20469,2
20470,23
20471,26
20472,13
20473,18
20474,22
20475,25
20476,13
20477,29
20478,13
20479,10
20480,26
20481,3
20482,10
20483,0
20484,17
20485,3
20486,6
20487,13
20488,10
20489,15
20490,14
20491,5
20492,13
20493,9
20494,6
20495,26
20496,20
20497,17
20498,22
20499,8
20500,19
20501,26
20502,19
20503,31
20504,5
20505,15
20506,27
20507,22
20508,10
20509,10
20510,13
20511,7
20512,32
20513,23
20514,10
20515,25
20516,3
20517,30
20518,5
20519,10
20520,1
20521,26
20522,23
20523,29
20524,29
20525,27
20526,32
20527,37
20528,19
20529,15
20530,16
20531,21
20532,1
20533,13
20534,13
20535,26
20536,1
20537,3
20538,10
20539,26
20540,21
20541,26
20542,34
20543,21
20544,1
20545,34
20546,11
20547,34
20548,3
20549,13
20550,13
20551,12
20552,24
20553,28
20554,0
20555,10
20556,16
20557,15
20558,13
20559,26
20560,13
20561,24
20562,15
20563,16
20564,24
20565,5
20566,33
20567,31
20568,35
20569,32
20570,24
20571,5
20572,25
20573,33
20574,20
20575,3
20576,33
20577,0
20578,28
20579,17
20580,11
20581,0
20582,3
20583,21
20584,15
20585,7
20586,21
20587,14
20588,17
20589,22
20590,13
20591,2
20592,20
20593,12
20594,30
20595,27
20596,21
20597,13
20598,30
20599,16
20600,7
20601,10
20602,30
20603,4
20604,9
20605,27
20606,2
20607,26
20608,28
20609,16
20610,33
20611,3
20612,20
20613,21
20614,27
20615,17
20616,13
20617,2
20618,9
20619,29
20620,2
20621,31
20622,3
20623,4
20624,13
20625,18
20626,13
20627,13
20628,22
20629,26
20630,17
20631,22
20632,3
20633,37
20634,21
20635,33
20636,18
20637,13
20638,18
20639,30
20640,15
20641,34
20642,13
20643,12
20644,5
20645,13
20646,11
20647,6
20648,26
20649,6
20650,20
20651,15
20652,11
20653,3
20654,2
20655,19
20656,3
20657,22
20658,2
20659,33
20660,13
20661,20
20662,6
20663,9
20664,9
20665,16
20666,2
20667,18
20668,3
20669,22
20670,26
20671,18
20672,20
20673,3
20674,18
20675,7
20676,23
20677,13
20678,20
20679,33
20680,13
20681,13
20682,3
20683,26
20684,29
20685,10
20686,31
20687,11
20688,6
20689,9
20690,33
20691,26
20692,15
20693,31
20694,11
20695,28
20696,26
20697,27
20698,10
20699,2
20700,16
20701,11
20702,17
20703,13
20704,14
20705,12
20706,26
20707,22
20708,16
20709,3
20710,1
20711,26
20712,18
20713,11
20714,5
20715,34
20716,8
20717,6
20718,29
20719,7
20720,10
20721,27
20722,9
20723,26
20724,25
20725,6
20726,1
20727,14
20728,33
20729,10
20730,12
20731,0
20732,14
20733,8
20734,5
20735,27
20736,31
20737,37
20738,6
20739,23
20740,2
20741,22
20742,1
20743,15
20744,24
20745,26
20746,16
20747,32
20748,11
20749,9
20750,20
20751,1
20752,15
20753,28
20754,3
20755,26
20756,26
20757,15
20758,27
20759,34
20760,9
20761,3
20762,3
20763,19
20764,26
20765,20
20766,26
20767,24
20768,10
20769,13
20770,35
20771,2
20772,13
20773,28
20774,6
20775,29
20776,3
20777,17
20778,18
20779,33
20780,17
20781,15
20782,21
20783,5
20784,11
20785,7
20786,26
20787,10
20788,9
20789,5
20790,34
20791,30
20792,21
20793,10
20794,25
20795,0
20796,7
20797,5
20798,29
20799,7
20800,5
20801,26
20802,10
20803,26
20804,26
20805,37
20806,14
20807,23
20808,20
20809,13
20810,16
20811,2
20812,13
20813,20
20814,18
20815,36
20816,13
20817,26
20818,6
20819,19
20820,15
20821,17
20822,24
20823,10
20824,3
20825,30
20826,13
20827,6
20828,18
20829,22
20830,18
20831,9
20832,16
20833,7
20834,26
20835,27
20836,14
20837,1
20838,27
20839,13
20840,5
20841,23
20842,9
20843,19
20844,28
20845,20
20846,1
20847,13
20848,13
20849,31
20850,9
20851,32
20852,31
20853,13
20854,14
20855,3
20856,27
20857,1
20858,26
20859,24
20860,13
20861,33
20862,16
20863,1
20864,35
20865,33
20866,13
20867,5
20868,7
20869,27
20870,1
20871,16
20872,27
20873,6
20874,31
20875,31
20876,31
20877,15
20878,20
20879,32
20880,20
20881,32
20882,31
20883,32
20884,21
20885,24
20886,29
20887,15
20888,31
20889,11
20890,37
20891,29
20892,27
20893,14
20894,24
20895,27
20896,15
20897,21
20898,11
20899,2
20900,3
20901,14
20902,14
20903,10
20904,29
20905,2
20906,16
20907,30
20908,13
20909,34
20910,29
20911,7
20912,22
20913,3
20914,11
20915,16
20916,3
20917,19
20918,13
20919,13
20920,3
20921,16
20922,3
20923,33
20924,22
20925,17
20926,17
20927,17
20928,29
20929,7
20930,3
20931,13
20932,29
20933,33
20934,22
20935,3
20936,12
20937,6
20938,28
20939,25
20940,15
20941,20
20942,26
20943,31
20944,26
20945,2
20946,35
20947,24
20948,24
20949,17
20950,13
20951,18
20952,6
20953,28
20954,29
20955,16
20956,20
20957,7
20958,31
20959,11
20960,13
20961,4
20962,27
20963,11
20964,28
20965,16
20966,24
20967,28
20968,23
20969,13
20970,10
20971,23
20972,10
20973,16
20974,29
20975,11
20976,34
20977,6
20978,27
20979,5
20980,22
20981,21
20982,13
20983,6
20984,19
20985,20
20986,16
20987,19
20988,33
20989,37
20990,18
20991,4
20992,35
20993,3
20994,13
20995,32
20996,18
20997,13
20998,13
20999,35
21000,13
21001,29
21002,20
21003,26
21004,13
21005,31
21006,26
21007,20
21008,19
21009,11
21010,2
21011,21
21012,33
21013,13
21014,7
21015,26
21016,11
21017,26
21018,37
21019,20
21020,29
21021,13
21022,13
21023,25
21024,10
21025,7
21026,15
21027,6
21028,13
21029,0
21030,15
21031,10
21032,26
21033,3
21034,7
21035,31
21036,26
21037,26
21038,26
21039,11
21040,37
21041,12
21042,0
21043,4
21044,8
21045,30
21046,6
21047,1
21048,17
21049,37
21050,15
21051,22
21052,29
21053,11
21054,0
21055,11
21056,23
21057,6
21058,26
21059,33
21060,13
21061,11
21062,15
21063,26
21064,22
21065,20
21066,13
21067,23
21068,29
21069,1
21070,15
21071,10
21072,31
21073,14
21074,27
21075,23
21076,30
21077,26
21078,23
21079,12
21080,31
21081,3
21082,22
21083,3
21084,16
21085,10
21086,9
21087,20
21088,7
21089,2
21090,3
21091,13
21092,10
21093,10
21094,5
21095,19
21096,33
21097,30
21098,2
21099,23
21100,35
21101,13
21102,26
21103,18
21104,7
21105,31
21106,20
21107,10
21108,24
21109,11
21110,29
21111,1
21112,18
21113,28
21114,13
21115,11
21116,10
21117,13
21118,5
21119,24
21120,1
21121,23
21122,20
21123,0
21124,17
21125,6
21126,26
21127,17
21128,13
21129,1
21130,34
21131,31
21132,12
21133,9
21134,16
21135,1
21136,8
21137,25
21138,16
21139,3
21140,12
21141,18
21142,13
21143,7
21144,27
21145,16
21146,26
21147,15
21148,17
21149,13
21150,9
21151,11
21152,33
21153,10
21154,30
21155,3
21156,33
21157,29
21158,20
21159,33
21160,33
21161,7
21162,37
21163,33
21164,19
21165,24
21166,16
21167,11
21168,13
21169,10
21170,8
21171,6
21172,22
21173,31
21174,34
21175,27
21176,22
21177,16
21178,11
21179,13
21180,3
21181,26
21182,16
21183,1
21184,35
21185,17
21186,13
21187,26
21188,14
21189,26
21190,31
21191,10
21192,7
21193,21
21194,16
21195,21
21196,6
21197,26
21198,13
21199,0
21200,13
21201,35
21202,32
21203,37
21204,13
21205,34
21206,24
21207,30
21208,2
21209,31
21210,5
21211,17
21212,26
21213,12
21214,15
21215,5
21216,12
21217,1
21218,11
21219,6
21220,3
21221,28
21222,21
21223,6
21224,31
21225,28
21226,18
21227,26
21228,26
21229,13
21230,19
21231,13
21232,33
21233,16
21234,33
21235,32
21236,31
21237,37
21238,33
21239,30
21240,26
21241,25
21242,28
21243,27
21244,13
21245,17
21246,28
21247,24
21248,10
21249,3
21250,25
21251,30
21252,13
21253,26
21254,13
21255,15
21256,7
21257,15
21258,10
21259,3
21260,28
21261,16
21262,13
21263,13
21264,10
21265,3
21266,9
21267,26
21268,2
21269,29
21270,20
21271,6
21272,31
21273,1
21274,2
21275,18
21276,13
21277,31
21278,26
21279,28
21280,23
21281,16
21282,22
21283,13
21284,3
21285,26
21286,6
21287,18
21288,26
21289,33
21290,10
21291,17
21292,24
21293,30
21294,6
21295,12
21296,3
21297,6
21298,11
21299,11
21300,32
21301,10
21302,14
21303,10
21304,3
21305,12
21306,35
21307,6
21308,37
21309,33
21310,21
21311,31
21312,34
21313,31
21314,21
21315,0
21316,9
21317,13
21318,27
21319,26
21320,29
21321,13
21322,13
21323,15
21324,35
21325,13
21326,35
21327,21
21328,26
21329,23
21330,8
21331,7
21332,33
21333,11
21334,9
21335,26
21336,0
21337,16
21338,11
21339,10
21340,37
21341,10
21342,3
21343,0
21344,14
21345,20
21346,33
21347,12
21348,25
21349,35
21350,18
21351,29
21352,15
21353,14
21354,9
21355,10
21356,0
21357,28
21358,11
21359,24
21360,20
21361,25
21362,21
21363,5
21364,34
21365,24
21366,13
21367,13
21368,25
21369,21
21370,18
21371,13
21372,12
21373,16
21374,24
21375,28
21376,13
21377,14
21378,2
21379,25
21380,20
21381,37
21382,18
21383,28
21384,18
21385,1
21386,10
21387,15
21388,26
21389,12
21390,13
21391,19
21392,28
21393,28
21394,28
21395,16
21396,22
21397,20
21398,24
21399,37
21400,11
21401,2
21402,28
21403,34
21404,24
21405,13
21406,32
21407,18
21408,20
21409,31
21410,31
21411,36
21412,6
21413,28
21414,20
21415,37
21416,36
21417,17
21418,1
21419,5
21420,33
21421,18
21422,13
21423,27
21424,26
21425,13
21426,14
21427,3
21428,10
21429,20
21430,6
21431,5
21432,18
21433,13
21434,26
21435,3
21436,23
21437,22
21438,13
21439,12
21440,11
21441,13
21442,16
21443,30
21444,19
21445,20
21446,29
21447,9
21448,20
21449,26
21450,3
21451,22
21452,13
21453,26
21454,11
21455,7
21456,6
21457,2
21458,1
21459,9
21460,13
21461,20
21462,30
21463,29
21464,22
21465,4
21466,17
21467,31
21468,29
21469,16
21470,37
21471,12
21472,10
21473,8
21474,37
21475,30
21476,13
21477,23
21478,16
21479,3
21480,1
21481,26
21482,13
21483,7
21484,10
21485,37
21486,11
21487,6
21488,16
21489,6
21490,36
21491,24
21492,35
21493,26
21494,7
21495,16
21496,26
21497,1
21498,29
21499,15
21500,22
21501,22
21502,6
21503,0
21504,5
21505,24
21506,15
21507,1
21508,3
21509,26
21510,23
21511,13
21512,28
21513,13
21514,26
21515,24
21516,31
21517,19
21518,22
21519,31
21520,11
21521,3
21522,30
21523,6
21524,10
21525,14
21526,29
21527,23
21528,10
21529,34
21530,9
21531,19
21532,26
21533,36
21534,30
21535,21
21536,31
21537,17
21538,9
21539,16
21540,26
21541,5
21542,3
21543,19
21544,37
21545,12
21546,20
21547,5
21548,26
21549,13
21550,33
21551,8
21552,5
21553,24
21554,30
21555,28
21556,20
21557,26
21558,0
21559,3
21560,10
21561,26
21562,5
21563,24
21564,32
21565,11
21566,34
21567,13
21568,37
21569,18
21570,0
21571,13
21572,24
21573,35
21574,1
21575,0
21576,9
21577,22
21578,20
21579,27
21580,16
21581,25
21582,13
21583,10
21584,16
21585,6
21586,18
21587,13
21588,24
21589,32
21590,22
21591,7
21592,2
21593,3
21594,3
21595,29
21596,19
21597,10
21598,30
21599,33
21600,20
21601,20
21602,17
21603,31
21604,27
21605,24
21606,24
21607,26
21608,15
21609,33
21610,16
21611,11
21612,11
21613,30
21614,33
21615,1
21616,25
21617,20
21618,11
21619,0
21620,6
21621,6
21622,26
21623,14
21624,6
21625,33
21626,31
21627,11
21628,15
21629,9
21630,10
21631,33
21632,26
21633,7
21634,35
21635,13
21636,16
21637,3
21638,29
21639,13
21640,34
21641,11
21642,34
21643,11
21644,27
21645,29
21646,24
21647,13
21648,26
21649,11
21650,20
21651,3
21652,16
21653,3
21654,26
21655,15
21656,27
21657,18
21658,26
21659,27
21660,7
21661,4
21662,29
21663,13
21664,4
21665,31
21666,16
21667,34
21668,3
21669,31
21670,26
21671,30
21672,13
21673,4
21674,19
21675,34
21676,29
21677,13
21678,18
21679,26
21680,1
21681,22
21682,13
21683,6
21684,6
21685,35
21686,5
21687,31
21688,20
21689,36
21690,15
21691,22
21692,3
21693,19
21694,2
21695,24
21696,13
21697,11
21698,11
21699,20
21700,16
21701,31
21702,13
21703,37
21704,3
21705,24
21706,31
21707,33
21708,27
21709,16
21710,19
21711,13
21712,9
21713,17
21714,29
21715,6
21716,13
21717,28
21718,11
21719,10
21720,34
21721,13
21722,30
21723,33
21724,5
21725,24
21726,6
21727,37
21728,24
21729,3
21730,28
21731,1
21732,25
21733,2
21734,13
21735,5
21736,3
21737,29
21738,3
21739,16
21740,31
21741,0
21742,6
21743,15
21744,30
21745,3
21746,6
21747,15
21748,13
21749,26
21750,16
21751,6
21752,7
21753,29
21754,31
21755,30
21756,18
21757,37
21758,37
21759,5
21760,29
21761,16
21762,11
21763,37
21764,16
21765,13
21766,10
21767,26
21768,1
21769,7
21770,3
21771,5
21772,13
21773,12
21774,13
21775,33
21776,4
21777,26
21778,26
21779,11
21780,5
21781,17
21782,9
21783,7
21784,18
21785,4
21786,25
21787,20
21788,18
21789,6
21790,26
21791,13
21792,37
21793,20
21794,12
21795,9
21796,15
21797,26
21798,20
21799,29
21800,34
21801,27
21802,31
21803,16
21804,13
21805,6
21806,6
21807,24
21808,12
21809,35
21810,5
21811,34
21812,12
21813,30
21814,20
21815,2
21816,18
21817,26
21818,27
21819,20
21820,18
21821,13
21822,30
21823,26
21824,18
21825,24
21826,0
21827,18
21828,11
21829,14
21830,2
21831,32
21832,21
21833,7
21834,33
21835,20
21836,21
21837,13
21838,26
21839,18
21840,20
21841,13
21842,20
21843,10
21844,11
21845,10
21846,21
21847,5
21848,11
21849,26
21850,20
21851,21
21852,32
21853,8
21854,9
21855,31
21856,26
21857,30
21858,37
21859,3
21860,22
21861,33
21862,15
21863,29
21864,3
21865,16
21866,20
21867,3
21868,17
21869,16
21870,11
21871,31
21872,8
21873,15
21874,3
21875,34
21876,27
21877,10
21878,24
21879,27
21880,6
21881,10
21882,26
21883,28
21884,3
21885,13
21886,7
21887,26
21888,5
21889,9
21890,20
21891,36
21892,8
21893,20
21894,25
21895,19
21896,1
21897,19
21898,34
21899,24
21900,20
21901,27
21902,18
21903,5
21904,29
21905,13
21906,23
21907,1
21908,27
21909,11
21910,13
21911,1
21912,16
21913,16
21914,10
21915,13
21916,10
21917,6
21918,15
21919,13
21920,36
21921,14
21922,3
21923,13
21924,22
21925,3
21926,16
21927,13
21928,7
21929,13
21930,32
21931,35
21932,30
21933,32
21934,5
21935,15
21936,22
21937,30
21938,10
21939,27
21940,26
21941,18
21942,20
21943,19
21944,5
21945,36
21946,13
21947,0
21948,27
21949,13
21950,11
21951,13
21952,16
21953,30
21954,15
21955,27
21956,9
21957,13
21958,27
21959,13
21960,2
21961,26
21962,16
21963,1
21964,27
21965,32
21966,10
21967,10
21968,6
21969,29
21970,37
21971,16
21972,13
21973,30
21974,13
21975,32
21976,15
21977,13
21978,13
21979,15
21980,16
21981,13
21982,18
21983,17
21984,0
21985,6
21986,0
21987,13
21988,13
21989,2
21990,15
21991,13
21992,10
21993,11
21994,26
21995,26
21996,10
21997,31
21998,31
21999,21
22000,13
22001,5
22002,10
22003,22
22004,22
22005,11
22006,15
22007,33
22008,36
22009,19
22010,19
22011,25
22012,30
22013,14
22014,3
22015,3
22016,23
22017,24
22018,26
22019,2
22020,19
22021,30
22022,2
22023,19
22024,11
22025,26
22026,3
22027,11
22028,15
22029,11
22030,6
22031,8
22032,22
22033,9
22034,5
22035,16
22036,20
22037,26
22038,13
22039,16
22040,18
22041,33
22042,16
22043,10
22044,10
22045,9
22046,13
22047,3
22048,20
22049,13
22050,29
22051,13
22052,12
22053,1
22054,31
22055,27
22056,20
22057,27
22058,2
22059,3
22060,36
22061,3
22062,11
22063,29
22064,31
22065,24
22066,31
22067,10
22068,16
22069,34
22070,12
22071,24
22072,26
22073,21
22074,2
22075,27
22076,7
22077,13
22078,20
22079,7
22080,12
22081,13
22082,20
22083,35
22084,27
22085,31
22086,27
22087,12
22088,3
22089,7
22090,3
22091,33
22092,13
22093,25
22094,26
22095,3
22096,0
22097,13
22098,15
22099,24
22100,13
22101,24
22102,27
22103,13
22104,26
22105,25
22106,20
22107,13
22108,3
22109,26
22110,29
22111,13
22112,18
22113,17
22114,17
22115,32
22116,26
22117,29
22118,8
22119,6
22120,6
22121,30
22122,32
22123,26
22124,30
22125,35
22126,33
22127,29
22128,9
22129,13
22130,13
22131,35
22132,21
22133,1
22134,29
22135,20
22136,1
22137,6
22138,4
22139,1
22140,0
22141,26
22142,11
22143,13
22144,13
22145,23
22146,27
22147,3
22148,5
22149,4
22150,3
22151,22
22152,10
22153,9
22154,26
22155,3
22156,30
22157,11
22158,17
22159,20
22160,13
22161,23
22162,34
22163,27
22164,0
22165,10
22166,20
22167,13
22168,16
22169,33
22170,12
22171,27
22172,13
22173,31
22174,12
22175,26
22176,9
22177,28
22178,16
22179,26
22180,13
22181,30
22182,26
22183,26
22184,33
22185,24
22186,13
22187,3
22188,3
22189,13
22190,26
22191,26
22192,32
22193,13
22194,33
22195,11
22196,7
22197,12
22198,26
22199,30
22200,6
22201,6
22202,1
22203,16
22204,28
22205,24
22206,28
22207,31
22208,9
22209,1
22210,20
22211,10
22212,11
22213,8
22214,35
22215,5
22216,16
22217,24
22218,7
22219,29
22220,16
22221,2
22222,7
22223,5
22224,11
22225,33
22226,12
22227,3
22228,31
22229,33
22230,20
22231,31
22232,26
22233,27
22234,29
22235,0
22236,20
22237,14
22238,12
22239,26
22240,16
22241,27
22242,13
22243,36
22244,13
22245,16
22246,31
22247,9
22248,10
22249,26
22250,3
22251,15
22252,26
22253,25
22254,1
22255,0
22256,15
22257,17
22258,26
22259,16
22260,10
22261,10
22262,13
22263,28
22264,25
22265,13
22266,3
22267,31
22268,4
22269,6
22270,2
22271,24
22272,13
22273,27
22274,21
22275,34
22276,13
22277,18
22278,30
22279,4
22280,28
22281,33
22282,29
22283,13
22284,26
22285,34
22286,16
22287,7
22288,17
22289,32
22290,23
22291,29
22292,15
22293,10
22294,9
22295,14
22296,23
22297,0
22298,20
22299,31
22300,29
22301,30
22302,34
22303,31
22304,10
22305,20
22306,20
22307,15
22308,28
22309,26
22310,26
22311,3
22312,9
22313,3
22314,15
22315,26
22316,9
22317,5
22318,12
22319,3
22320,17
22321,30
22322,20
22323,24
22324,3
22325,24
22326,27
22327,32
22328,13
22329,11
22330,26
22331,11
22332,23
22333,35
22334,13
22335,7
22336,0
22337,0
22338,26
22339,20
22340,3
22341,17
22342,13
22343,11
22344,13
22345,24
22346,6
22347,3
22348,16
22349,9
22350,0
22351,28
22352,26
22353,33
22354,10
22355,7
22356,2
22357,36
22358,6
22359,11
22360,32
22361,16
22362,29
22363,13
22364,15
22365,26
22366,34
22367,13
22368,30
22369,1
22370,26
22371,15
22372,13
22373,11
22374,13
22375,13
22376,6
22377,29
22378,9
22379,37
22380,5
22381,24
22382,35
22383,1
22384,36
22385,24
22386,6
22387,17
22388,18
22389,6
22390,8
22391,13
22392,11
22393,37
22394,13
22395,29
22396,24
22397,13
22398,7
22399,11
22400,7
22401,21
22402,28
22403,29
22404,23
22405,31
22406,14
22407,4
22408,33
22409,23
22410,11
22411,37
22412,3
22413,13
22414,5
22415,3
22416,31
22417,5
22418,11
22419,13
22420,10
22421,8
22422,33
22423,0
22424,15
22425,19
22426,7
22427,26
22428,2
22429,12
22430,13
22431,7
22432,26
22433,5
22434,28
22435,25
22436,31
22437,20
22438,5
22439,10
22440,29
22441,20
22442,0
22443,15
22444,37
22445,13
22446,6
22447,7
22448,15
22449,9
22450,10
22451,17
22452,6
22453,33
22454,13
22455,10
22456,13
22457,9
22458,33
22459,5
22460,29
22461,4
22462,3
22463,20
22464,34
22465,11
22466,20
22467,26
22468,3
22469,13
22470,12
22471,1
22472,9
22473,26
22474,18
22475,25
22476,14
22477,7
22478,29
22479,11
22480,12
22481,16
22482,25
22483,18
22484,11
22485,20
22486,14
22487,20
22488,10
22489,13
22490,22
22491,24
22492,34
22493,3
22494,6
22495,11
22496,31
22497,26
22498,24
22499,24
22500,26
22501,30
22502,14
22503,26
22504,3
22505,16
22506,33
22507,33
22508,5
22509,30
22510,3
22511,3
22512,10
22513,24
22514,22
22515,13
22516,10
22517,14
22518,26
22519,11
22520,26
22521,13
22522,26
22523,26
22524,20
22525,26
22526,35
22527,10
22528,28
22529,10
22530,3
22531,25
22532,34
22533,33
22534,34
22535,18
22536,18
22537,31
22538,20
22539,31
22540,17
22541,20
22542,11
22543,18
22544,13
22545,26
22546,27
22547,6
22548,30
22549,3
22550,33
22551,14
22552,13
22553,7
22554,30
22555,13
22556,33
22557,15
22558,7
22559,10
22560,10
22561,14
22562,6
22563,1
22564,3
22565,20
22566,36
22567,10
22568,14
22569,33
22570,2
22571,11
22572,28
22573,26
22574,20
22575,16
22576,0
22577,24
22578,37
22579,6
22580,37
22581,3
22582,0
22583,26
22584,10
22585,20
22586,28
22587,22
22588,26
22589,29
22590,20
22591,13
22592,30
22593,12
22594,10
22595,18
22596,26
22597,16
22598,33
22599,13
22600,26
22601,32
22602,15
22603,9
22604,10
22605,37
22606,37
22607,13
22608,8
22609,37
22610,16
22611,10
22612,27
22613,25
22614,6
22615,5
22616,3
22617,31
22618,5
22619,6
22620,3
22621,35
22622,26
22623,24
22624,37
22625,16
22626,7
22627,10
22628,36
22629,3
22630,13
22631,5
22632,2
22633,9
22634,26
22635,3
22636,17
22637,21
22638,5
22639,13
22640,13
22641,8
22642,35
22643,33
22644,5
22645,2
22646,11
22647,28
22648,11
22649,31
22650,35
22651,3
22652,21
22653,20
22654,36
22655,26
22656,13
22657,1
22658,26
22659,0
22660,14
22661,29
22662,13
22663,21
22664,18
22665,24
22666,13
22667,22
22668,10
22669,26
22670,13
22671,30
22672,12
22673,6
22674,37
22675,16
22676,11
22677,6
22678,13
22679,29
22680,37
22681,30
22682,6
22683,7
22684,10
22685,37
22686,20
22687,26
22688,36
22689,28
22690,16
22691,29
22692,37
22693,3
22694,15
22695,10
22696,26
22697,23
22698,26
22699,28
22700,6
22701,11
22702,26
22703,34
22704,18
22705,13
22706,10
22707,11
22708,28
22709,13
22710,32
22711,21
22712,16
22713,20
22714,3
22715,10
22716,24
22717,28
22718,13
22719,4
22720,34
22721,26
22722,0
22723,15
22724,7
22725,13
22726,10
22727,21
22728,31
22729,16
22730,4
22731,29
22732,17
22733,14
22734,13
22735,24
22736,37
22737,14
22738,34
22739,10
22740,34
22741,7
22742,6
22743,2
22744,24
22745,37
22746,0
22747,1
22748,34
22749,5
22750,29
22751,4
22752,18
22753,15
22754,33
22755,5
22756,24
22757,6
22758,33
22759,13
22760,16
22761,28
22762,13
22763,17
22764,11
22765,12
22766,16
22767,10
22768,30
22769,23
22770,10
22771,20
22772,1
22773,9
22774,26
22775,6
22776,6
22777,26
22778,6
22779,28
22780,4
22781,15
22782,11
22783,26
22784,3
22785,29
22786,26
22787,31
22788,6
22789,6
22790,27
22791,20
22792,37
22793,27
22794,10
22795,37
22796,36
22797,17
22798,20
22799,13
22800,10
22801,11
22802,29
22803,33
22804,26
22805,31
22806,35
22807,31
22808,24
22809,11
22810,26
22811,1
22812,3
22813,32
22814,26
22815,3
22816,11
22817,13
22818,13
22819,35
22820,27
22821,27
22822,13
22823,13
22824,26
22825,15
22826,15
22827,26
22828,30
22829,30
22830,13
22831,35
22832,29
22833,17
22834,17
22835,13
22836,5
22837,27
22838,27
22839,9
22840,16
22841,26
22842,6
22843,20
22844,16
22845,11
22846,26
22847,6
22848,14
22849,22
22850,27
22851,10
22852,10
22853,16
22854,7
22855,9
22856,6
22857,13
22858,1
22859,26
22860,17
22861,13
22862,16
22863,11
22864,26
22865,26
22866,9
22867,11
22868,3
22869,13
22870,21
22871,9
22872,28
22873,37
22874,0
22875,7
22876,28
22877,26
22878,20
22879,1
22880,26
22881,26
22882,24
22883,22
22884,13
22885,16
22886,10
22887,13
22888,26
22889,7
22890,4
22891,13
22892,10
22893,23
22894,13
22895,9
22896,35
22897,29
22898,26
22899,6
22900,27
22901,34
22902,13
22903,33
22904,14
22905,26
22906,6
22907,5
22908,10
22909,29
22910,0
22911,26
22912,20
22913,26
22914,33
22915,32
22916,13
22917,35
22918,16
22919,36
22920,19
22921,6
22922,10
22923,29
22924,15
22925,10
22926,14
22927,15
22928,37
22929,36
22930,26
22931,37
22932,12
22933,14
22934,13
22935,13
22936,20
22937,36
22938,3
22939,9
22940,30
22941,7
22942,1
22943,30
22944,21
22945,20
22946,30
22947,15
22948,16
22949,2
22950,7
22951,33
22952,11
22953,24
22954,13
22955,2
22956,2
22957,1
22958,30
22959,6
22960,16
22961,16
22962,3
22963,34
22964,37
22965,28
22966,20
22967,6
22968,33
22969,7
22970,37
22971,16
22972,7
22973,33
22974,11
22975,7
22976,13
22977,26
22978,37
22979,26
22980,31
22981,33
22982,16
22983,3
22984,36
22985,2
22986,0
22987,10
22988,34
22989,13
22990,7
22991,16
22992,34
22993,33
22994,5
22995,16
22996,29
22997,16
22998,10
22999,5
23000,16
23001,31
23002,20
23003,29
23004,18
23005,19
23006,29
23007,11
23008,26
23009,1
23010,15
23011,5
23012,28
23013,16
23014,16
23015,11
23016,10
23017,26
23018,31
23019,9
23020,13
23021,29
23022,20
23023,1
23024,20
23025,9
23026,37
23027,13
23028,16
23029,10
23030,29
23031,24
23032,24
23033,13
23034,3
23035,13
23036,29
23037,18
23038,16
23039,30
23040,26
23041,18
23042,9
23043,13
23044,5
23045,26
23046,12
23047,26
23048,10
23049,13
23050,16
23051,33
23052,3
23053,13
23054,0
23055,15
23056,1
23057,13
23058,19
23059,14
23060,9
23061,17
23062,19
23063,11
23064,37
23065,24
23066,20
23067,21
23068,34
23069,10
23070,9
23071,10
23072,13
23073,1
23074,13
23075,23
23076,17
23077,9
23078,22
23079,6
23080,13
23081,34
23082,1
23083,26
23084,13
23085,30
23086,24
23087,11
23088,13
23089,15
23090,26
23091,5
23092,1
23093,7
23094,18
23095,26
23096,13
23097,1
23098,13
23099,30
23100,23
23101,21
23102,34
23103,26
23104,27
23105,6
23106,30
23107,18
23108,11
23109,13
23110,14
23111,11
23112,26
23113,24
23114,20
23115,11
23116,4
23117,26
23118,15
23119,6
23120,18
23121,26
23122,20
23123,16
23124,5
23125,16
23126,26
23127,30
23128,11
23129,11
23130,11
23131,31
23132,10
23133,10
23134,26
23135,15
23136,27
23137,5
23138,18
23139,21
23140,29
23141,5
23142,13
23143,26
23144,16
23145,0
23146,8
23147,4
23148,23
23149,20
23150,29
23151,6
23152,20
23153,26
23154,26
23155,24
23156,37
23157,11
23158,27
23159,14
23160,30
23161,23
23162,18
23163,33
23164,26
23165,30
23166,33
23167,6
23168,26
23169,34
23170,30
23171,13
23172,33
23173,11
23174,36
23175,33
23176,29
23177,22
23178,29
23179,6
23180,24
23181,32
23182,10
23183,24
23184,3
23185,37
23186,6
23187,22
23188,10
23189,21
23190,18
23191,33
23192,26
23193,30
23194,11
23195,7
23196,26
23197,10
23198,33
23199,18
23200,28
23201,26
23202,36
23203,13
23204,35
23205,12
23206,18
23207,13
23208,28
23209,16
23210,26
23211,9
23212,20
23213,13
23214,3
23215,17
23216,36
23217,13
23218,26
23219,20
23220,13
23221,26
23222,13
23223,10
23224,7
23225,16
23226,11
23227,26
23228,15
23229,10
23230,7
23231,4
23232,27
23233,3
23234,13
23235,13
23236,3
23237,8
23238,34
23239,19
23240,13
23241,3
23242,1
23243,14
23244,34
23245,3
23246,8
23247,1
23248,18
23249,10
23250,18
23251,26
23252,27
23253,13
23254,29
23255,31
23256,34
23257,10
23258,13
23259,18
23260,11
23261,22
23262,9
23263,29
23264,16
23265,20
23266,29
23267,0
23268,37
23269,3
23270,10
23271,26
23272,13
23273,13
23274,20
23275,3
23276,37
23277,11
23278,18
23279,23
23280,5
23281,6
23282,27
23283,6
23284,32
23285,13
23286,11
23287,1
23288,18
23289,23
23290,10
23291,20
23292,13
23293,12
23294,23
23295,6
23296,5
23297,13
23298,13
23299,5
23300,9
23301,12
23302,3
23303,18
23304,17
23305,13
23306,25
23307,10
23308,15
23309,13
23310,8
23311,29
23312,10
23313,37
23314,0
23315,26
23316,19
23317,13
23318,7
23319,10
23320,20
23321,19
23322,10
23323,26
23324,22
23325,34
23326,18
23327,30
23328,22
23329,26
23330,3
23331,20
23332,2
23333,25
23334,13
23335,26
23336,18
23337,13
23338,26
23339,29
23340,31
23341,26
23342,6
23343,35
23344,24
23345,2
23346,5
23347,25
23348,5
23349,10
23350,26
23351,24
23352,34
23353,23
23354,20
23355,27
23356,18
23357,20
23358,12
23359,12
23360,13
23361,31
23362,27
23363,8
23364,29
23365,37
23366,1
23367,6
23368,13
23369,1
23370,9
23371,1
23372,33
23373,26
23374,13
23375,10
23376,13
23377,6
23378,28
23379,30
23380,13
23381,32
23382,14
23383,34
23384,9
23385,10
23386,16
23387,22
23388,17
23389,25
23390,13
23391,26
23392,22
23393,31
23394,35
23395,4
23396,11
23397,16
23398,13
23399,3
23400,2
23401,24
23402,15
23403,28
23404,26
23405,24
23406,26
23407,23
23408,36
23409,11
23410,16
23411,26
23412,20
23413,13
23414,0
23415,29
23416,10
23417,6
23418,20
23419,3
23420,15
23421,32
23422,1
23423,9
23424,1
23425,14
23426,13
23427,24
23428,9
23429,31
23430,13
23431,25
23432,17
23433,18
23434,26
23435,13
23436,6
23437,13
23438,16
23439,11
23440,2
23441,36
23442,9
23443,6
23444,26
23445,10
23446,20
23447,23
23448,10
23449,11
23450,16
23451,10
23452,26
23453,31
23454,11
23455,1
23456,28
23457,36
23458,33
23459,6
23460,36
23461,10
23462,24
23463,27
23464,33
23465,5
23466,6
23467,33
23468,11
23469,31
23470,15
23471,6
23472,35
23473,11
23474,11
23475,13
23476,18
23477,13
23478,26
23479,26
23480,3
23481,13
23482,10
23483,6
23484,7
23485,11
23486,1
23487,13
23488,27
23489,24
23490,0
23491,15
23492,3
23493,5
23494,13
23495,34
23496,15
23497,31
23498,29
23499,21
23500,13
23501,32
23502,20
23503,11
23504,15
23505,26
23506,9
23507,18
23508,18
23509,27
23510,13
23511,28
23512,36
23513,7
23514,13
23515,8
23516,0
23517,13
23518,5
23519,3
23520,10
23521,33
23522,22
23523,21
23524,7
23525,25
23526,37
23527,24
23528,16
23529,9
23530,3
23531,5
23532,16
23533,24
23534,6
23535,12
23536,37
23537,12
23538,13
23539,14
23540,27
23541,1
23542,6
23543,29
23544,6
23545,24
23546,13
23547,28
23548,16
23549,29
23550,34
23551,6
23552,6
23553,22
23554,22
23555,26
23556,20
23557,3
23558,2
23559,11
23560,14
23561,30
23562,1
23563,18
23564,3
23565,25
23566,26
23567,22
23568,26
23569,22
23570,0
23571,30
23572,10
23573,16
23574,33
23575,20
23576,31
23577,31
23578,5
23579,6
23580,14
23581,2
23582,13
23583,33
23584,23
23585,2
23586,22
23587,10
23588,11
23589,9
23590,30
23591,13
23592,13
23593,31
23594,0
23595,28
23596,10
23597,21
23598,22
23599,19
23600,26
23601,24
23602,16
23603,30
23604,12
23605,11
23606,13
23607,30
23608,26
23609,27
23610,0
23611,9
23612,28
23613,3
23614,2
23615,27
23616,34
23617,16
23618,10
23619,28
23620,18
23621,19
23622,0
23623,29
23624,26
23625,24
23626,36
23627,9
23628,10
23629,7
23630,27
23631,20
23632,3
23633,16
23634,22
23635,28
23636,26
23637,17
23638,7
23639,13
23640,17
23641,11
23642,16
23643,7
23644,24
23645,31
23646,35
23647,33
23648,5
23649,26
23650,29
23651,13
23652,28
23653,14
23654,21
23655,5
23656,21
23657,16
23658,21
23659,31
23660,27
23661,10
23662,26
23663,26
23664,35
23665,3
23666,13
23667,14
23668,36
23669,20
23670,32
23671,20
23672,10
23673,20
23674,13
23675,24
23676,3
23677,24
23678,30
23679,29
23680,31
23681,26
23682,24
23683,9
23684,23
23685,26
23686,15
23687,28
23688,13
23689,4
23690,11
23691,26
23692,13
23693,7
23694,18
23695,0
23696,13
23697,24
23698,24
23699,3
23700,3
23701,7
23702,35
23703,10
23704,10
23705,35
23706,17
23707,3
23708,11
23709,13
23710,31
23711,37
23712,13
23713,13
23714,36
23715,20
23716,11
23717,6
23718,3
23719,33
23720,18
23721,5
23722,5
23723,23
23724,7
23725,14
23726,30
23727,26
23728,16
23729,20
23730,9
23731,6
23732,20
23733,33
23734,13
23735,13
23736,10
23737,26
23738,19
23739,29
23740,4
23741,10
23742,9
23743,26
23744,14
23745,28
23746,29
23747,28
23748,13
23749,26
23750,9
23751,13
23752,33
23753,6
23754,26
23755,30
23756,6
23757,6
23758,5
23759,31
23760,11
23761,20
23762,20
23763,31
23764,1
23765,0
23766,31
23767,23
23768,20
23769,28
23770,20
23771,13
23772,26
23773,14
23774,36
23775,29
23776,13
23777,33
23778,33
23779,13
23780,2
23781,26
23782,1
23783,13
23784,36
23785,30
23786,26
23787,19
23788,1
23789,7
23790,3
23791,10
23792,26
23793,27
23794,5
23795,30
23796,7
23797,13
23798,20
23799,30
23800,13
23801,2
23802,26
23803,26
23804,7
23805,10
23806,31
23807,26
23808,26
23809,30
23810,15
23811,18
23812,5
23813,3
23814,26
23815,2
23816,12
23817,0
23818,13
23819,1
23820,11
23821,30
23822,17
23823,4
23824,27
23825,13
23826,30
23827,26
23828,16
23829,21
23830,20
23831,33
23832,2
23833,26
23834,27
23835,16
23836,29
23837,28
23838,23
23839,35
23840,20
23841,26
23842,5
23843,36
23844,27
23845,10
23846,27
23847,35
23848,13
23849,13
23850,13
23851,26
23852,9
23853,26
23854,9
23855,30
23856,28
23857,33
23858,31
23859,21
23860,10
23861,10
23862,4
23863,7
23864,12
23865,33
23866,13
23867,6
23868,19
23869,29
23870,13
23871,6
23872,26
23873,20
23874,4
23875,6
23876,6
23877,6
23878,32
23879,26
23880,26
23881,33
23882,28
23883,13
23884,27
23885,26
23886,33
23887,25
23888,23
23889,20
23890,28
23891,31
23892,13
23893,31
23894,26
23895,26
23896,33
23897,1
23898,6
23899,9
23900,13
23901,20
23902,14
23903,1
23904,26
23905,24
23906,29
23907,3
23908,32
23909,3
23910,24
23911,11
23912,20
23913,9
23914,13
23915,30
23916,30
23917,8
23918,16
23919,30
23920,13
23921,10
23922,23
23923,26
23924,29
23925,29
23926,15
23927,2
23928,16
23929,21
23930,35
23931,28
23932,13
23933,2
23934,32
23935,35
23936,7
23937,5
23938,25
23939,18
23940,29
23941,23
23942,29
23943,13
23944,0
23945,5
23946,28
23947,5
23948,25
23949,17
23950,16
23951,20
23952,7
23953,20
23954,16
23955,5
23956,5
23957,13
23958,1
23959,10
23960,10
23961,12
23962,26
23963,3
23964,13
23965,24
23966,15
23967,13
23968,16
23969,13
23970,1
23971,30
23972,1
23973,6
23974,26
23975,18
23976,21
23977,29
23978,26
23979,16
23980,11
23981,13
23982,35
23983,26
23984,34
23985,22
23986,1
23987,10
23988,24
23989,18
23990,11
23991,13
23992,27
23993,20
23994,13
23995,28
23996,6
23997,15
23998,26
23999,32
24000,3
24001,27
24002,37
24003,11
24004,36
24005,34
24006,6
24007,13
24008,27
24009,26
24010,36
24011,34
24012,6
24013,12
24014,26
24015,15
24016,13
24017,33
24018,27
24019,37
24020,0
24021,13
24022,37
24023,10
24024,16
24025,25
24026,16
24027,26
24028,26
24029,29
24030,19
24031,9
24032,3
24033,26
24034,2
24035,7
24036,26
24037,31
24038,7
24039,11
24040,34
24041,16
24042,27
24043,16
24044,24
24045,7
24046,29
24047,17
24048,18
24049,16
24050,13
24051,31
24052,22
24053,10
24054,20
24055,31
24056,9
24057,11
24058,23
24059,7
24060,11
24061,26
24062,2
24063,13
24064,6
24065,27
24066,6
24067,9
24068,2
24069,26
24070,25
24071,13
24072,5
24073,37
24074,30
24075,31
24076,23
24077,32
24078,20
24079,21
24080,18
24081,13
24082,11
24083,10
24084,6
24085,3
24086,29
24087,26
24088,5
24089,11
24090,19
24091,0
24092,10
24093,29
24094,10
24095,12
24096,9
24097,21
24098,2
24099,11
24100,31
24101,37
24102,19
24103,8
24104,9
24105,18
24106,6
24107,21
24108,3
24109,7
24110,24
24111,29
24112,1
24113,10
24114,27
24115,21
24116,31
24117,7
24118,14
24119,35
24120,13
24121,16
24122,14
24123,33
24124,30
24125,29
24126,31
24127,10
24128,2
24129,13
24130,16
24131,27
24132,26
24133,26
24134,13
24135,18
24136,26
24137,3
24138,34
24139,5
24140,29
24141,22
24142,20
24143,29
24144,13
24145,34
24146,21
24147,22
24148,21
24149,6
24150,31
24151,13
24152,19
24153,26
24154,26
24155,31
24156,30
24157,2
24158,29
24159,26
24160,17
24161,6
24162,10
24163,19
24164,26
24165,6
24166,3
24167,29
24168,6
24169,28
24170,2
24171,20
24172,16
24173,13
24174,6
24175,22
24176,10
24177,14
24178,13
24179,13
24180,3
24181,10
24182,20
24183,33
24184,36
24185,10
24186,26
24187,4
24188,28
24189,30
24190,11
24191,27
24192,9
24193,16
24194,11
24195,22
24196,9
24197,27
24198,10
24199,16
24200,0
24201,27
24202,13
24203,9
24204,28
24205,5
24206,34
24207,18
24208,20
24209,13
24210,15
24211,18
24212,33
24213,5
24214,33
24215,14
24216,4
24217,23
24218,12
24219,4
24220,28
24221,16
24222,3
24223,28
24224,26
24225,13
24226,13
24227,6
24228,28
24229,26
24230,37
24231,13
24232,26
24233,34
24234,14
24235,6
24236,23
24237,24
24238,17
24239,26
24240,9
24241,17
24242,26
24243,3
24244,30
24245,17
24246,31
24247,34
24248,13
24249,28
24250,18
24251,16
24252,24
24253,20
24254,13
24255,31
24256,24
24257,8
24258,7
24259,2
24260,36
24261,6
24262,30
24263,36
24264,37
24265,26
24266,26
24267,24
24268,13
24269,23
24270,26
24271,3
24272,31
24273,6
24274,13
24275,2
24276,13
24277,30
24278,22
24279,16
24280,10
24281,13
24282,0
24283,10
24284,29
24285,11
24286,19
24287,7
24288,18
24289,20
24290,16
24291,13
24292,7
24293,18
24294,17
24295,26
24296,11
24297,11
24298,26
24299,5
24300,25
24301,29
24302,18
24303,13
24304,13
24305,7
24306,31
24307,22
24308,37
24309,27
24310,19
24311,15
24312,13
24313,16
24314,18
24315,20
24316,13
24317,26
24318,26
24319,3
24320,23
24321,26
24322,29
24323,13
24324,3
24325,10
24326,3
24327,0
24328,2
24329,13
24330,24
24331,13
24332,5
24333,30
24334,23
24335,32
24336,9
24337,6
24338,7
24339,26
24340,13
24341,21
24342,24
24343,25
24344,10
24345,28
24346,27
24347,16
24348,5
24349,3
24350,19
24351,20
24352,13
24353,26
24354,26
24355,12
24356,13
24357,13
24358,28
24359,6
24360,24
24361,3
24362,10
24363,8
24364,5
24365,26
24366,34
24367,3
24368,37
24369,13
24370,10
24371,0
24372,9
24373,37
24374,11
24375,27
24376,24
24377,20
24378,29
24379,1
24380,27
24381,30
24382,29
24383,13
24384,29
24385,29
24386,26
24387,3
24388,34
24389,13
24390,26
24391,3
24392,13
24393,20
24394,9
24395,19
24396,37
24397,13
24398,3
24399,1
24400,17
24401,30
24402,28
24403,24
24404,24
24405,7
24406,17
24407,19
24408,29
24409,13
24410,15
24411,0
24412,29
24413,10
24414,24
24415,37
24416,20
24417,14
24418,16
24419,20
24420,0
24421,13
24422,2
24423,13
24424,7
24425,15
24426,2
24427,18
24428,30
24429,24
24430,10
24431,5
24432,21
24433,6
24434,27
24435,29
24436,19
24437,33
24438,28
24439,5
24440,29
24441,13
24442,13
24443,37
24444,28
24445,17
24446,9
24447,20
24448,13
24449,13
24450,28
24451,0
24452,5
24453,20
24454,3
24455,25
24456,28
24457,29
24458,11
24459,26
24460,16
24461,9
24462,24
24463,16
24464,29
24465,26
24466,9
24467,34
24468,34
24469,27
24470,10
24471,11
24472,0
24473,31
24474,6
24475,1
24476,20
24477,10
24478,25
24479,13
24480,22
24481,16
24482,10
24483,13
24484,14
24485,10
24486,26
24487,5
24488,3
24489,14
24490,3
24491,18
24492,24
24493,30
24494,12
24495,9
24496,21
24497,13
24498,9
24499,27
24500,26
24501,26
24502,1
24503,12
24504,19
24505,19
24506,14
24507,38
24508,27
24509,26
24510,19
24511,4
24512,35
24513,27
24514,12
24515,31
24516,36
24517,25
24518,24
24519,3
24520,5
24521,31
24522,24
24523,27
24524,14
24525,26
24526,28
24527,25
24528,13
24529,34
24530,13
24531,15
24532,13
24533,26
24534,15
24535,1
24536,28
24537,26
24538,1
24539,9
24540,13
24541,15
24542,13
24543,6
24544,6
24545,3
24546,26
24547,34
24548,15
24549,37
24550,12
24551,5
24552,8
24553,29
24554,7
24555,18
24556,28
24557,29
24558,11
24559,26
24560,7
24561,20
24562,7
24563,3
24564,2
24565,26
24566,5
24567,9
24568,20
24569,6
24570,12
24571,24
24572,3
24573,9
24574,7
24575,37
24576,7
24577,20
24578,13
24579,13
24580,1
24581,26
24582,17
24583,23
24584,35
24585,6
24586,13
24587,0
24588,20
24589,13
24590,13
24591,31
24592,37
24593,8
24594,3
24595,26
24596,4
24597,33
24598,13
24599,21
24600,19
24601,33
24602,6
24603,26
24604,10
24605,24
24606,18
24607,7
24608,26
24609,11
24610,13
24611,29
24612,10
24613,5
24614,21
24615,27
24616,30
24617,27
24618,10
24619,7
24620,24
24621,36
24622,33
24623,17
24624,13
24625,30
24626,16
24627,34
24628,13
24629,1
24630,27
24631,13
24632,10
24633,18
24634,28
24635,34
24636,13
24637,27
24638,3
24639,30
24640,26
24641,20
24642,20
24643,3
24644,34
24645,1
24646,14
24647,13
24648,13
24649,16
24650,26
24651,3
24652,30
24653,31
24654,13
24655,29
24656,27
24657,13
24658,14
24659,35
24660,13
24661,6
24662,20
24663,29
24664,29
24665,29
24666,13
24667,22
24668,0
24669,20
24670,30
24671,6
24672,21
24673,1
24674,29
24675,11
24676,28
24677,11
24678,27
24679,7
24680,26
24681,26
24682,2
24683,19
24684,0
24685,26
24686,16
24687,11
24688,37
24689,23
24690,34
24691,5
24692,15
24693,12
24694,13
24695,28
24696,13
24697,16
24698,19
24699,29
24700,9
24701,26
24702,20
24703,11
24704,18
24705,37
24706,13
24707,3
24708,3
24709,13
24710,24
24711,22
24712,26
24713,14
24714,16
24715,10
24716,26
24717,35
24718,27
24719,33
24720,2
24721,26
24722,13
24723,11
24724,13
24725,10
24726,13
24727,20
24728,13
24729,0
24730,6
24731,37
24732,15
24733,31
24734,5
24735,8
24736,3
24737,17
24738,24
24739,5
24740,33
24741,26
24742,1
24743,13
24744,12
24745,10
24746,20
24747,10
24748,15
24749,30
24750,27
24751,11
24752,2
24753,19
24754,0
24755,30
24756,13
24757,11
24758,11
24759,27
24760,17
24761,6
24762,27
24763,24
24764,13
24765,16
24766,30
24767,13
24768,28
24769,13
24770,6
24771,18
24772,10
24773,17
24774,31
24775,15
24776,22
24777,16
24778,37
24779,3
24780,3
24781,21
24782,13
24783,31
24784,18
24785,1
24786,29
24787,13
24788,26
24789,33
24790,26
24791,5
24792,31
24793,35
24794,22
24795,24
24796,5
24797,31
24798,1
24799,24
24800,0
24801,11
24802,23
24803,2
24804,16
24805,22
24806,28
24807,33
24808,29
24809,6
24810,13
24811,26
24812,13
24813,31
24814,26
24815,17
24816,13
24817,6
24818,22
24819,11
24820,20
24821,3
24822,15
24823,24
24824,32
24825,20
24826,26
24827,14
24828,22
24829,4
24830,3
24831,26
24832,2
24833,24
24834,18
24835,16
24836,5
24837,18
24838,13
24839,30
24840,32
24841,6
24842,2
24843,7
24844,3
24845,33
24846,9
24847,33
24848,13
24849,7
24850,3
24851,5
24852,10
24853,5
24854,10
24855,10
24856,26
24857,13
24858,9
24859,13
24860,17
24861,26
24862,26
24863,18
24864,17
24865,12
24866,34
24867,18
24868,33
24869,24
24870,26
24871,26
24872,28
24873,16
24874,13
24875,27
24876,33
24877,20
24878,11
24879,16
24880,27
24881,27
24882,26
24883,24
24884,20
24885,6
24886,3
24887,0
24888,17
24889,19
24890,0
24891,19
24892,3
24893,11
24894,13
24895,3
24896,26
24897,3
24898,21
24899,37
24900,28
24901,1
24902,31
24903,20
24904,34
24905,13
24906,32
24907,13
24908,19
24909,1
24910,9
24911,7
24912,13
24913,26
24914,20
24915,26
24916,22
24917,23
24918,11
24919,6
24920,17
24921,27
24922,15
24923,13
24924,29
24925,34
24926,17
24927,26
24928,20
24929,26
24930,17
24931,3
24932,13
24933,15
24934,0
24935,16
24936,6
24937,26
24938,1
24939,13
24940,29
24941,17
24942,11
24943,30
24944,5
24945,16
24946,27
24947,30
24948,28
24949,3
24950,0
24951,20
24952,13
24953,7
24954,1
24955,4
24956,26
24957,20
24958,26
24959,21
24960,15
24961,6
24962,34
24963,29
24964,30
24965,26
24966,20
24967,2
24968,0
24969,13
24970,30
24971,26
24972,0
24973,13
24974,13
24975,13
24976,8
24977,29
24978,15
24979,10
24980,13
24981,33
24982,37
24983,13
24984,26
24985,5
24986,15
24987,21
24988,3
24989,11
24990,0
24991,20
24992,16
24993,24
24994,27
24995,13
24996,10
24997,26
24998,6
24999,13
25000,13
25001,28
25002,28
25003,20
25004,34
25005,10
25006,15
25007,3
25008,26
25009,3
25010,21
25011,15
25012,5
25013,27
25014,21
25015,30
25016,25
25017,11
25018,13
25019,23
25020,30
25021,28
25022,21
25023,29
25024,3
25025,20
25026,13
25027,20
25028,15
25029,20
25030,9
25031,6
25032,20
25033,15
25034,8
25035,13
25036,6
25037,29
25038,22
25039,6
25040,26
25041,5
25042,5
25043,3
25044,26
25045,10
25046,5
25047,23
25048,21
25049,11
25050,33
25051,15
25052,6
25053,18
25054,3
25055,13
25056,1
25057,13
25058,11
25059,2
25060,11
25061,16
25062,33
25063,25
25064,14
25065,3
25066,25
25067,13
25068,11
25069,16
25070,32
25071,36
25072,33
25073,34
25074,37
25075,1
25076,26
25077,29
25078,13
25079,7
25080,3
25081,2
25082,16
25083,1
25084,19
25085,23
25086,7
25087,18
25088,8
25089,20
25090,26
25091,13
25092,20
25093,13
25094,21
25095,31
25096,13
25097,13
25098,10
25099,37
25100,29
25101,30
25102,13
25103,13
25104,21
25105,6
25106,23
25107,20
25108,2
25109,16
25110,31
25111,10
25112,22
25113,6
25114,14
25115,1
25116,10
25117,5
25118,12
25119,19
25120,30
25121,9
25122,6
25123,33
25124,21
25125,0
25126,34
25127,13
25128,20
25129,24
25130,13
25131,15
25132,17
25133,10
25134,22
25135,26
25136,13
25137,32
25138,8
25139,8
25140,21
25141,13
25142,10
25143,12
25144,20
25145,11
25146,29
25147,22
25148,3
25149,26
25150,37
25151,36
25152,26
25153,34
25154,13
25155,12
25156,26
25157,26
25158,6
25159,3
25160,11
25161,13
25162,6
25163,14
25164,7
25165,27
25166,11
25167,15
25168,26
25169,28
25170,10
25171,2
25172,13
25173,22
25174,11
25175,10
25176,12
25177,20
25178,6
25179,6
25180,27
25181,16
25182,12
25183,20
25184,10
25185,24
25186,1
25187,6
25188,3
25189,31
25190,18
25191,36
25192,17
25193,16
25194,3
25195,13
25196,10
25197,27
25198,22
25199,11
25200,14
25201,20
25202,12
25203,26
25204,27
25205,1
25206,7
25207,32
25208,28
25209,34
25210,30
25211,36
25212,32
25213,10
25214,7
25215,33
25216,10
25217,11
25218,14
25219,7
25220,13
25221,26
25222,7
25223,7
25224,31
25225,23
25226,29
25227,13
25228,31
25229,15
25230,8
25231,11
25232,17
25233,20
25234,33
25235,13
25236,29
25237,13
25238,26
25239,3
25240,3
25241,30
25242,26
25243,6
25244,3
25245,26
25246,28
25247,6
25248,1
25249,16
25250,13
25251,13
25252,3
25253,22
25254,26
25255,34
25256,13
25257,16
25258,33
25259,29
25260,6
25261,0
25262,3
25263,23
25264,13
25265,13
25266,25
25267,20
25268,13
25269,24
25270,22
25271,21
25272,26
25273,33
25274,17
25275,1
25276,21
25277,10
25278,17
25279,13
25280,28
25281,12
25282,32
25283,34
25284,23
25285,3
25286,16
25287,12
25288,5
25289,26
25290,17
25291,7
25292,33
25293,15
25294,5
25295,21
25296,7
25297,26
25298,35
25299,13
25300,26
25301,28
25302,3
25303,29
25304,18
25305,6
25306,12
25307,15
25308,8
25309,11
25310,16
25311,3
25312,31
25313,26
25314,11
25315,13
25316,26
25317,14
25318,13
25319,29
25320,26
25321,29
25322,33
25323,15
25324,3
25325,11
25326,36
25327,29
25328,29
25329,2
25330,16
25331,22
25332,26
25333,30
25334,13
25335,10
25336,30
25337,3
25338,36
25339,1
25340,18
25341,12
25342,0
25343,19
25344,21
25345,11
25346,27
25347,21
25348,31
25349,20
25350,29
25351,34
25352,32
25353,16
25354,4
25355,8
25356,26
25357,24
25358,16
25359,26
25360,28
25361,13
25362,8
25363,9
25364,29
25365,3
25366,20
25367,37
25368,13
25369,21
25370,3
25371,24
25372,22
25373,17
25374,26
25375,29
25376,3
25377,13
25378,20
25379,3
25380,3
25381,13
25382,23
25383,6
25384,3
25385,1
25386,34
25387,19
25388,6
25389,1
25390,31
25391,13
25392,24
25393,13
25394,30
25395,3
25396,26
25397,16
25398,0
25399,21
25400,21
25401,0
25402,7
25403,9
25404,26
25405,34
25406,12
25407,2
25408,28
25409,21
25410,13
25411,27
25412,6
25413,13
25414,33
25415,33
25416,24
25417,12
25418,13
25419,17
25420,9
25421,36
25422,22
25423,24
25424,13
25425,20
25426,6
25427,13
25428,31
25429,15
25430,7
25431,24
25432,30
25433,1
25434,18
25435,7
25436,28
25437,36
25438,36
25439,26
25440,26
25441,2
25442,6
25443,13
25444,3
25445,11
25446,29
25447,3
25448,11
25449,15
25450,24
25451,10
25452,10
25453,16
25454,28
25455,13
25456,30
25457,30
25458,15
25459,3
25460,24
25461,18
25462,37
25463,36
25464,1
25465,13
25466,17
25467,0
25468,8
25469,26
25470,10
25471,3
25472,10
25473,1
25474,13
25475,13
25476,4
25477,14
25478,33
25479,11
25480,31
25481,8
25482,26
25483,6
25484,23
25485,13
25486,29
25487,25
25488,27
25489,17
25490,26
25491,5
25492,20
25493,16
25494,20
25495,26
25496,33
25497,15
25498,12
25499,24
25500,34
25501,16
25502,20
25503,14
25504,13
25505,3
25506,33
25507,31
25508,13
25509,10
25510,23
25511,13
25512,33
25513,5
25514,6
25515,21
25516,0
25517,20
25518,28
25519,31
25520,13
25521,12
25522,17
25523,19
25524,28
25525,0
25526,13
25527,9
25528,18
25529,13
25530,5
25531,1
25532,30
25533,11
25534,23
25535,13
25536,11
25537,26
25538,33
25539,7
25540,9
25541,5
25542,31
25543,16
25544,34
25545,20
25546,26
25547,6
25548,27
25549,3
25550,5
25551,10
25552,34
25553,13
25554,9
25555,16
25556,24
25557,34
25558,23
25559,19
25560,29
25561,10
25562,14
25563,10
25564,7
25565,33
25566,28
25567,30
25568,23
25569,30
25570,6
25571,16
25572,13
25573,34
25574,34
25575,31
25576,6
25577,13
25578,26
25579,25
25580,34
25581,4
25582,10
25583,20
25584,19
25585,30
25586,31
25587,13
25588,31
25589,21
25590,31
25591,13
25592,24
25593,26
25594,22
25595,31
25596,4
25597,13
25598,26
25599,26
25600,9
25601,30
25602,13
25603,24
25604,33
25605,37
25606,26
25607,32
25608,30
25609,14
25610,0
25611,20
25612,28
25613,5
25614,30
25615,19
25616,27
25617,26
25618,18
25619,15
25620,2
25621,28
25622,21
25623,3
25624,10
25625,26
25626,24
25627,29
25628,16
25629,2
25630,6
25631,13
25632,7
25633,13
25634,5
25635,2
25636,23
25637,29
25638,18
25639,3
25640,24
25641,16
25642,13
25643,16
25644,27
25645,13
25646,24
25647,21
25648,31
25649,15
25650,10
25651,11
25652,7
25653,13
25654,25
25655,23
25656,28
25657,35
25658,31
25659,18
25660,5
25661,14
25662,10
25663,11
25664,18
25665,12
25666,11
25667,30
25668,11
25669,28
25670,37
25671,2
25672,15
25673,30
25674,17
25675,13
25676,15
25677,6
25678,27
25679,13
25680,15
25681,12
25682,29
25683,28
25684,26
25685,9
25686,11
25687,5
25688,13
25689,6
25690,23
25691,13
25692,30
25693,8
25694,6
25695,22
25696,11
25697,16
25698,10
25699,13
25700,21
25701,24
25702,17
25703,7
25704,30
25705,13
25706,14
25707,35
25708,30
25709,20
25710,15
25711,25
25712,13
25713,13
25714,26
25715,10
25716,26
25717,17
25718,30
25719,13
25720,32
25721,3
25722,18
25723,5
25724,6
25725,10
25726,11
25727,20
25728,2
25729,13
25730,13
25731,11
25732,26
25733,26
25734,29
25735,26
25736,3
25737,13
25738,22
25739,20
25740,20
25741,13
25742,20
25743,21
25744,10
25745,30
25746,25
25747,32
25748,33
25749,16
25750,10
25751,13
25752,30
25753,5
25754,23
25755,29
25756,37
25757,21
25758,30
25759,31
25760,24
25761,5
25762,22
25763,30
25764,35
25765,30
25766,29
25767,13
25768,30
25769,26
25770,17
25771,6
25772,30
25773,24
25774,18
25775,20
25776,29
25777,0
25778,7
25779,7
25780,5
25781,13
25782,24
25783,24
25784,15
25785,11
25786,24
25787,6
25788,20
25789,30
25790,26
25791,29
25792,1
25793,1
25794,26
25795,33
25796,11
25797,26
25798,23
25799,3
25800,9
25801,3
25802,11
25803,26
25804,10
25805,37
25806,33
25807,26
25808,0
25809,29
25810,28
25811,37
25812,6
25813,21
25814,2
25815,27
25816,22
25817,12
25818,1
25819,26
25820,7
25821,3
25822,24
25823,26
25824,4
25825,13
25826,3
25827,37
25828,1
25829,20
25830,34
25831,33
25832,13
25833,13
25834,6
25835,27
25836,3
25837,3
25838,16
25839,2
25840,13
25841,29
25842,33
25843,9
25844,19
25845,5
25846,20
25847,6
25848,33
25849,27
25850,21
25851,9
25852,23
25853,13
25854,11
25855,33
25856,16
25857,3
25858,26
25859,7
25860,7
25861,22
25862,29
25863,1
25864,1
25865,20
25866,11
25867,24
25868,4
25869,7
25870,2
25871,20
25872,16
25873,11
25874,29
25875,12
25876,3
25877,31
25878,2
25879,26
25880,23
25881,13
25882,19
25883,10
25884,26
25885,22
25886,22
25887,6
25888,9
25889,11
25890,0
25891,27
25892,6
25893,8
25894,30
25895,25
25896,25
25897,17
25898,27
25899,10
25900,29
25901,26
25902,3
25903,2
25904,17
25905,3
25906,3
25907,4
25908,24
25909,5
25910,31
25911,32
25912,11
25913,26
25914,13
25915,8
25916,34
25917,32
25918,31
25919,20
25920,6
25921,29
25922,25
25923,12
25924,20
25925,26
25926,26
25927,11
25928,25
25929,5
25930,13
25931,7
25932,12
25933,15
25934,13
25935,5
25936,13
25937,13
25938,11
25939,2
25940,26
25941,15
25942,15
25943,20
25944,9
25945,20
25946,30
25947,17
25948,23
25949,29
25950,31
25951,10
25952,10
25953,6
25954,26
25955,3
25956,26
25957,33
25958,10
25959,13
25960,13
25961,26
25962,3
25963,5
25964,17
25965,11
25966,20
25967,30
25968,29
25969,14
25970,4
25971,15
25972,3
25973,13
25974,35
25975,31
25976,20
25977,13
25978,26
25979,3
25980,35
25981,29
25982,34
25983,15
25984,28
25985,17
25986,20
25987,26
25988,13
25989,9
25990,7
25991,21
25992,26
25993,13
25994,18
25995,13
25996,24
25997,15
25998,24
25999,11
26000,8
26001,20
26002,30
26003,32
26004,5
26005,6
26006,5
26007,33
26008,3
26009,5
26010,23
26011,16
26012,33
26013,24
26014,6
26015,17
26016,14
26017,29
26018,18
26019,36
26020,9
26021,13
26022,24
26023,33
26024,14
26025,21
26026,10
26027,3
26028,6
26029,18
26030,9
26031,15
26032,18
26033,25
26034,10
26035,5
26036,20
26037,16
26038,35
26039,33
26040,22
26041,22
26042,10
26043,13
26044,26
26045,31
26046,18
26047,13
26048,21
26049,3
26050,26
26051,27
26052,23
26053,27
26054,13
26055,19
26056,33
26057,6
26058,28
26059,13
26060,13
26061,7
26062,26
26063,13
26064,5
26065,15
26066,10
26067,24
26068,37
26069,20
26070,35
26071,2
26072,2
26073,13
26074,32
26075,3
26076,9
26077,28
26078,21
26079,22
26080,37
26081,34
26082,30
26083,6
26084,12
26085,20
26086,15
26087,36
26088,20
26089,22
26090,18
26091,27
26092,23
26093,26
26094,13
26095,7
26096,26
26097,13
26098,26
26099,2
26100,18
26101,37
26102,28
26103,13
26104,6
26105,13
26106,9
26107,12
26108,16
26109,28
26110,6
26111,12
26112,37
26113,31
26114,3
26115,26
26116,5
26117,34
26118,13
26119,26
26120,13
26121,9
26122,13
26123,0
26124,29
26125,4
26126,10
26127,1
26128,13
26129,18
26130,26
26131,16
26132,36
26133,29
26134,36
26135,10
26136,28
26137,24
26138,13
26139,22
26140,6
26141,5
26142,17
26143,9
26144,5
26145,16
26146,29
26147,8
26148,26
26149,1
26150,26
26151,26
26152,31
26153,16
26154,33
26155,34
26156,10
26157,31
26158,13
26159,14
26160,29
26161,20
26162,3
26163,6
26164,32
26165,24
26166,35
26167,13
26168,26
26169,5
26170,10
26171,3
26172,11
26173,28
26174,31
26175,3
26176,19
26177,3
26178,23
26179,23
26180,0
26181,33
26182,13
26183,17
26184,31
26185,11
26186,26
26187,21
26188,15
26189,31
26190,17
26191,26
26192,24
26193,7
26194,3
26195,24
26196,13
26197,29
26198,23
26199,3
26200,28
26201,13
26202,6
26203,14
26204,13
26205,16
26206,13
26207,13
26208,7
26209,15
26210,26
26211,13
26212,15
26213,37
26214,11
26215,9
26216,25
26217,17
26218,10
26219,9
26220,20
26221,3
26222,31
26223,18
26224,12
26225,5
26226,10
26227,7
26228,1
26229,20
26230,25
26231,13
26232,34
26233,9
26234,13
26235,29
26236,5
26237,22
26238,11
26239,10
26240,33
26241,10
26242,12
26243,16
26244,37
26245,36
26246,29
26247,29
26248,7
26249,5
26250,2
26251,10
26252,30
26253,7
26254,25
26255,11
26256,28
26257,2
26258,28
26259,16
26260,3
26261,11
26262,0
26263,13
26264,27
26265,26
26266,10
26267,11
26268,27
26269,33
26270,37
26271,13
26272,14
26273,27
26274,23
26275,10
26276,20
26277,3
26278,31
26279,16
26280,23
26281,13
26282,24
26283,24
26284,1
26285,21
26286,25
26287,34
26288,13
26289,34
26290,13
26291,13
26292,31
26293,5
26294,21
26295,30
26296,33
26297,3
26298,30
26299,28
26300,0
26301,26
26302,31
26303,13
26304,30
26305,13
26306,26
26307,13
26308,5
26309,14
26310,19
26311,26
26312,16
26313,35
26314,18
26315,26
26316,31
26317,13
26318,3
26319,34
26320,26
26321,12
26322,23
26323,32
26324,26
26325,11
26326,13
26327,13
26328,17
26329,26
26330,15
26331,31
26332,28
26333,27
26334,5
26335,19
26336,12
26337,23
26338,6
26339,16
26340,0
26341,20
26342,12
26343,27
26344,10
26345,29
26346,20
26347,13
26348,29
26349,3
26350,26
26351,13
26352,26
26353,26
26354,13
26355,34
26356,32
26357,16
26358,26
26359,37
26360,22
26361,28
26362,29
26363,27
26364,11
26365,15
26366,19
26367,26
26368,6
26369,26
26370,29
26371,31
26372,36
26373,16
26374,26
26375,26
26376,7
26377,20
26378,2
26379,7
26380,29
26381,26
26382,20
26383,20
26384,26
26385,23
26386,31
26387,3
26388,31
26389,10
26390,33
26391,3
26392,33
26393,11
26394,9
26395,17
26396,1
26397,11
26398,34
26399,31
26400,13
26401,10
26402,20
26403,0
26404,26
26405,3
26406,7
26407,21
26408,5
26409,26
26410,4
26411,11
26412,27
26413,8
26414,31
26415,25
26416,4
26417,1
26418,35
26419,21
26420,26
26421,1
26422,29
26423,5
26424,16
26425,33
26426,3
26427,13
26428,11
26429,0
26430,6
26431,13
26432,31
26433,17
26434,13
26435,4
26436,7
26437,22
26438,18
26439,5
26440,26
26441,10
26442,0
26443,3
26444,26
26445,5
26446,22
26447,13
26448,33
26449,28
26450,18
26451,15
26452,12
26453,32
26454,7
26455,15
26456,3
26457,7
26458,7
26459,13
26460,30
26461,3
26462,13
26463,24
26464,36
26465,31
26466,12
26467,8
26468,22
26469,26
26470,3
26471,29
26472,25
26473,13
26474,1
26475,26
26476,3
26477,3
26478,31
26479,11
26480,11
26481,12
26482,3
26483,20
26484,14
26485,26
26486,13
26487,32
26488,7
26489,11
26490,3
26491,5
26492,32
26493,28
26494,24
26495,25
26496,19
26497,13
26498,31
26499,2
26500,29
26501,24
26502,13
26503,29
26504,27
26505,15
26506,34
26507,13
26508,13
26509,31
26510,13
26511,0
26512,24
26513,26
26514,33
26515,13
26516,6
26517,30
26518,30
26519,6
26520,30
26521,20
26522,7
26523,13
26524,29
26525,11
26526,28
26527,35
26528,24
26529,9
26530,29
26531,29
26532,15
26533,27
26534,13
26535,17
26536,27
26537,1
26538,0
26539,6
26540,20
26541,30
26542,3
26543,13
26544,27
26545,1
26546,20
26547,33
26548,30
26549,24
26550,15
26551,1
26552,27
26553,29
26554,26
26555,6
26556,3
26557,13
26558,13
26559,31
26560,18
26561,20
26562,13
26563,15
26564,15
26565,11
26566,16
26567,20
26568,18
26569,24
26570,13
26571,14
26572,2
26573,23
26574,11
26575,26
26576,26
26577,23
26578,13
26579,26
26580,8
26581,27
26582,3
26583,11
26584,15
26585,36
26586,36
26587,29
26588,33
26589,13
26590,23
26591,13
26592,15
26593,1
26594,8
26595,3
26596,10
26597,22
26598,0
26599,22
26600,29
26601,13
26602,29
26603,34
26604,6
26605,15
26606,5
26607,25
26608,28
26609,29
26610,17
26611,33
26612,35
26613,20
26614,7
26615,20
26616,29
26617,13
26618,9
26619,26
26620,24
26621,31
26622,13
26623,13
26624,24
26625,6
26626,5
26627,9
26628,37
26629,29
26630,24
26631,11
26632,31
26633,35
26634,6
26635,2
26636,13
26637,18
26638,13
26639,9
26640,13
26641,31
26642,1
26643,11
26644,37
26645,31
26646,0
26647,22
26648,29
26649,30
26650,28
26651,11
26652,31
26653,13
26654,28
26655,7
26656,30
26657,0
26658,29
26659,3
26660,26
26661,18
26662,2
26663,31
26664,5
26665,26
26666,37
26667,20
26668,11
26669,16
26670,35
26671,23
26672,16
26673,20
26674,7
26675,20
26676,26
26677,28
26678,16
26679,4
26680,2
26681,34
26682,25
26683,6
26684,28
26685,33
26686,3
26687,33
26688,24
26689,3
26690,10
26691,29
26692,37
26693,31
26694,26
26695,14
26696,15
26697,34
26698,14
26699,5
26700,11
26701,0
26702,6
26703,16
26704,26
26705,20
26706,15
26707,3
26708,15
26709,13
26710,26
26711,9
26712,22
26713,9
26714,26
26715,24
26716,27
26717,7
26718,20
26719,6
26720,19
26721,32
26722,11
26723,4
26724,23
26725,5
26726,13
26727,26
26728,13
26729,28
26730,28
26731,13
26732,8
26733,20
26734,11
26735,15
26736,4
26737,27
26738,13
26739,13
26740,14
26741,20
26742,17
26743,30
26744,3
26745,6
26746,6
26747,13
26748,14
26749,18
26750,3
26751,1
26752,13
26753,24
26754,37
26755,25
26756,37
26757,9
26758,13
26759,26
26760,16
26761,24
26762,13
26763,23
26764,23
26765,3
26766,37
26767,17
26768,5
26769,13
26770,30
26771,9
26772,13
26773,24
26774,21
26775,13
26776,5
26777,37
26778,31
26779,28
26780,5
26781,25
26782,13
26783,10
26784,15
26785,0
26786,10
26787,26
26788,16
26789,24
26790,15
26791,4
26792,3
26793,7
26794,1
26795,33
26796,6
26797,3
26798,24
26799,16
26800,26
26801,5
26802,13
26803,20
26804,15
26805,34
26806,28
26807,2
26808,21
26809,13
26810,21
26811,3
26812,13
26813,2
26814,1
26815,35
26816,15
26817,26
26818,34
26819,21
26820,34
26821,22
26822,18
26823,6
26824,1
26825,5
26826,10
26827,13
26828,14
26829,13
26830,16
26831,13
26832,24
26833,25
26834,24
26835,22
26836,26
26837,14
26838,24
26839,13
26840,31
26841,30
26842,24
26843,22
26844,30
26845,36
26846,3
26847,25
26848,31
26849,25
26850,0
26851,15
26852,13
26853,36
26854,19
26855,13
26856,33
26857,24
26858,29
26859,17
26860,21
26861,13
26862,23
26863,13
26864,22
26865,19
26866,13
26867,36
26868,7
26869,19
26870,3
26871,3
26872,2
26873,23
26874,2
26875,2
26876,3
26877,24
26878,23
26879,20
26880,34
26881,1
26882,37
26883,36
26884,29
26885,1
26886,14
26887,13
26888,27
26889,29
26890,7
26891,17
26892,28
26893,16
26894,31
26895,7
26896,26
26897,3
26898,19
26899,25
26900,0
26901,26
26902,34
26903,5
26904,21
26905,26
26906,13
26907,27
26908,9
26909,11
26910,11
26911,36
26912,13
26913,0
26914,28
26915,21
26916,3
26917,3
26918,6
26919,16
26920,36
26921,2
26922,36
26923,10
26924,15
26925,11
26926,10
26927,33
26928,22
26929,11
26930,3
26931,35
26932,13
26933,16
26934,4
26935,26
26936,10
26937,24
26938,26
26939,12
26940,13
26941,21
26942,13
26943,16
26944,5
26945,13
26946,14
26947,14
26948,27
26949,33
26950,26
26951,26
26952,15
26953,16
26954,26
26955,6
26956,24
26957,17
26958,29
26959,31
26960,12
26961,11
26962,17
26963,16
26964,6
26965,26
26966,19
26967,10
26968,10
26969,31
26970,18
26971,7
26972,7
26973,30
26974,3
26975,27
26976,24
26977,7
26978,33
26979,24
26980,11
26981,18
26982,26
26983,6
26984,6
26985,28
26986,20
26987,9
26988,26
26989,3
26990,1
26991,15
26992,5
26993,20
26994,1
26995,26
26996,10
26997,3
26998,18
26999,5
27000,6
27001,34
27002,0
27003,37
27004,26
27005,10
27006,15
27007,28
27008,33
27009,14
27010,37
27011,20
27012,26
27013,19
27014,7
27015,24
27016,24
27017,9
27018,25
27019,29
27020,26
27021,13
27022,29
27023,26
27024,7
27025,0
27026,29
27027,20
27028,3
27029,23
27030,18
27031,26
27032,25
27033,18
27034,1
27035,13
27036,24
27037,12
27038,6
27039,13
27040,31
27041,11
27042,13
27043,2
27044,26
27045,15
27046,11
27047,17
27048,23
27049,29
27050,25
27051,29
27052,27
27053,24
27054,5
27055,34
27056,6
27057,25
27058,1
27059,0
27060,6
27061,7
27062,7
27063,28
27064,20
27065,34
27066,8
27067,17
27068,33
27069,6
27070,3
27071,12
27072,2
27073,31
27074,13
27075,30
27076,31
27077,13
27078,0
27079,5
27080,14
27081,35
27082,13
27083,10
27084,30
27085,23
27086,24
27087,9
27088,5
27089,28
27090,37
27091,34
27092,11
27093,30
27094,31
27095,26
27096,0
27097,9
27098,17
27099,1
27100,30
27101,7
27102,31
27103,13
27104,16
27105,26
27106,21
27107,28
27108,26
27109,26
27110,16
27111,14
27112,37
27113,6
27114,9
27115,13
27116,26
27117,31
27118,28
27119,3
27120,29
27121,6
27122,22
27123,16
27124,27
27125,23
27126,26
27127,3
27128,24
27129,26
27130,15
27131,29
27132,10
27133,24
27134,27
27135,12
27136,20
27137,5
27138,18
27139,26
27140,37
27141,28
27142,15
27143,13
27144,11
27145,6
27146,26
27147,24
27148,26
27149,3
27150,13
27151,27
27152,10
27153,22
27154,12
27155,34
27156,13
27157,13
27158,13
27159,17
27160,16
27161,24
27162,5
27163,11
27164,7
27165,14
27166,32
27167,13
27168,26
27169,3
27170,31
27171,15
27172,0
27173,13
27174,16
27175,11
27176,13
27177,31
27178,9
27179,25
27180,26
27181,24
27182,3
27183,37
27184,23
27185,31
27186,3
27187,6
27188,6
27189,29
27190,30
27191,29
27192,6
27193,24
27194,1
27195,12
27196,0
27197,9
27198,36
27199,22
27200,13
27201,30
27202,25
27203,4
27204,11
27205,37
27206,6
27207,20
27208,20
27209,3
27210,28
27211,36
27212,6
27213,11
27214,24
27215,23
27216,15
27217,35
27218,32
27219,12
27220,31
27221,0
27222,32
27223,13
27224,27
27225,26
27226,26
27227,25
27228,26
27229,22
27230,37
27231,7
27232,1
27233,6
27234,5
27235,3
27236,32
27237,10
27238,29
27239,3
27240,13
27241,9
27242,0
27243,25
27244,8
27245,6
27246,10
27247,22
27248,16
27249,24
27250,34
27251,3
27252,11
27253,13
27254,13
27255,26
27256,6
27257,29
27258,15
27259,20
27260,27
27261,33
27262,1
27263,31
27264,16
27265,9
27266,13
27267,6
27268,24
27269,16
27270,11
27271,22
27272,11
27273,34
27274,14
27275,22
27276,12
27277,10
27278,13
27279,11
27280,18
27281,30
27282,31
27283,27
27284,12
27285,29
27286,13
27287,29
27288,21
27289,13
27290,11
27291,20
27292,22
27293,10
27294,10
27295,4
27296,15
27297,1
27298,30
27299,15
27300,27
27301,16
27302,30
27303,24
27304,5
27305,27
27306,10
27307,31
27308,29
27309,36
27310,19
27311,34
27312,11
27313,9
27314,30
27315,13
27316,12
27317,16
27318,23
27319,30
27320,16
27321,13
27322,30
27323,6
27324,30
27325,6
27326,11
27327,29
27328,5
27329,35
27330,33
27331,0
27332,9
27333,1
27334,13
27335,11
27336,27
27337,36
27338,33
27339,24
27340,24
27341,10
27342,27
27343,7
27344,9
27345,13
27346,26
27347,23
27348,0
27349,12
27350,31
27351,20
27352,1
27353,5
27354,23
27355,7
27356,13
27357,2
27358,29
27359,9
27360,15
27361,0
27362,11
27363,3
27364,36
27365,20
27366,13
27367,27
27368,32
27369,13
27370,13
27371,24
27372,26
27373,29
27374,15
27375,21
27376,30
27377,0
27378,13
27379,1
27380,31
27381,13
27382,20
27383,10
27384,11
27385,13
27386,2
27387,29
27388,33
27389,21
27390,36
27391,13
27392,16
27393,17
27394,26
27395,26
27396,2
27397,13
27398,25
27399,22
27400,11
27401,37
27402,20
27403,13
27404,7
27405,29
27406,2
27407,26
27408,30
27409,29
27410,6
27411,25
27412,30
27413,26
27414,15
27415,26
27416,2
27417,20
27418,10
27419,27
27420,18
27421,6
27422,18
27423,11
27424,4
27425,20
27426,30
27427,25
27428,26
27429,4
27430,31
27431,13
27432,24
27433,19
27434,34
27435,13
27436,20
27437,13
27438,16
27439,32
27440,20
27441,6
27442,0
27443,13
27444,13
27445,4
27446,26
27447,29
27448,21
27449,13
27450,3
27451,26
27452,15
27453,6
27454,15
27455,20
27456,15
27457,16
27458,26
27459,29
27460,33
27461,7
27462,22
27463,11
27464,26
27465,13
27466,15
27467,5
27468,29
27469,5
27470,26
27471,2
27472,13
27473,12
27474,25
27475,6
27476,18
27477,13
27478,11
27479,12
27480,21
27481,15
27482,33
27483,26
27484,20
27485,23
27486,11
27487,10
27488,36
27489,14
27490,4
27491,13
27492,26
27493,3
27494,23
27495,26
27496,31
27497,11
27498,15
27499,20
27500,1
27501,13
27502,13
27503,14
27504,23
27505,17
27506,4
27507,18
27508,37
27509,20
27510,12
27511,29
27512,30
27513,29
27514,26
27515,28
27516,9
27517,15
27518,15
27519,13
27520,5
27521,9
27522,12
27523,3
27524,3
27525,10
27526,31
27527,31
27528,24
27529,22
27530,13
27531,12
27532,26
27533,20
27534,18
27535,34
27536,3
27537,31
27538,12
27539,0
27540,12
27541,31
27542,5
27543,26
27544,13
27545,13
27546,2
27547,20
27548,26
27549,3
27550,10
27551,33
27552,22
27553,27
27554,13
27555,23
27556,13
27557,29
27558,5
27559,2
27560,21
27561,13
27562,0
27563,13
27564,18
27565,20
27566,7
27567,22
27568,24
27569,3
27570,26
27571,6
27572,3
27573,3
27574,12
27575,9
27576,20
27577,20
27578,29
27579,26
27580,2
27581,6
27582,31
27583,6
27584,16
27585,27
27586,16
27587,0
27588,26
27589,33
27590,24
27591,23
27592,30
27593,7
27594,9
27595,15
27596,13
27597,17
27598,37
27599,19
27600,13
27601,13
27602,13
27603,7
27604,20
27605,7
27606,27
27607,31
27608,11
27609,31
27610,4
27611,31
27612,15
27613,31
27614,6
27615,26
27616,3
27617,13
27618,21
27619,10
27620,31
27621,1
27622,18
27623,3
27624,26
27625,17
27626,18
27627,7
27628,3
27629,29
27630,15
27631,3
27632,7
27633,35
27634,20
27635,14
27636,15
27637,16
27638,26
27639,29
27640,9
27641,19
27642,31
27643,19
27644,11
27645,15
27646,31
27647,1
27648,18
27649,19
27650,11
27651,26
27652,11
27653,22
27654,13
27655,25
27656,15
27657,12
27658,26
27659,10
27660,29
27661,13
27662,16
27663,26
27664,26
27665,3
27666,10
27667,33
27668,11
27669,16
27670,16
27671,12
27672,19
27673,26
27674,23
27675,2
27676,13
27677,11
27678,3
27679,16
27680,13
27681,6
27682,24
27683,26
27684,4
27685,6
27686,1
27687,5
27688,0
27689,26
27690,10
27691,36
27692,26
27693,13
27694,24
27695,20
27696,6
27697,35
27698,28
27699,19
27700,12
27701,30
27702,3
27703,35
27704,13
27705,28
27706,7
27707,15
27708,16
27709,29
27710,8
27711,13
27712,15
27713,6
27714,13
27715,24
27716,4
27717,2
27718,10
27719,26
27720,8
27721,13
27722,13
27723,16
27724,26
27725,26
27726,15
27727,28
27728,22
27729,13
27730,3
27731,24
27732,11
27733,13
27734,29
27735,22
27736,15
27737,2
27738,26
27739,23
27740,10
27741,8
27742,37
27743,32
27744,10
27745,26
27746,15
27747,7
27748,2
27749,3
27750,2
27751,16
27752,26
27753,33
27754,29
27755,6
27756,18
27757,34
27758,13
27759,33
27760,15
27761,3
27762,13
27763,8
27764,19
27765,14
27766,9
27767,5
27768,28
27769,30
27770,16
27771,18
27772,3
27773,6
27774,0
27775,5
27776,32
27777,10
27778,3
27779,3
27780,10
27781,10
27782,16
27783,13
27784,37
27785,26
27786,26
27787,24
27788,10
27789,7
27790,1
27791,14
27792,21
27793,5
27794,4
27795,33
27796,26
27797,1
27798,29
27799,13
27800,17
27801,9
27802,5
27803,25
27804,1
27805,27
27806,7
27807,16
27808,7
27809,29
27810,28
27811,10
27812,10
27813,3
27814,17
27815,15
27816,35
27817,10
27818,1
27819,2
27820,37
27821,13
27822,23
27823,10
27824,5
27825,4
27826,21
27827,27
27828,26
27829,24
27830,26
27831,34
27832,26
27833,22
27834,30
27835,13
27836,13
27837,18
27838,26
27839,11
27840,18
27841,13
27842,12
27843,33
27844,0
27845,2
27846,0
27847,13
27848,3
27849,26
27850,10
27851,18
27852,1
27853,33
27854,5
27855,13
27856,29
27857,25
27858,10
27859,27
27860,30
27861,11
27862,18
27863,16
27864,13
27865,31
27866,0
27867,18
27868,13
27869,25
27870,11
27871,31
27872,13
27873,25
27874,17
27875,29
27876,24
27877,29
27878,21
27879,5
27880,16
27881,11
27882,33
27883,11
27884,36
27885,13
27886,26
27887,0
27888,26
27889,34
27890,33
27891,13
27892,29
27893,26
27894,33
27895,16
27896,16
27897,19
27898,10
27899,5
27900,26
27901,25
27902,31
27903,18
27904,3
27905,3
27906,13
27907,17
27908,13
27909,28
27910,20
27911,1
27912,13
27913,14
27914,29
27915,26
27916,7
27917,27
27918,30
27919,33
27920,1
27921,34
27922,6
27923,29
27924,30
27925,15
27926,33
27927,37
27928,6
27929,34
27930,9
27931,6
27932,11
27933,2
27934,27
27935,25
27936,24
27937,35
27938,5
27939,33
27940,34
27941,18
27942,5
27943,11
27944,26
27945,9
27946,30
27947,3
27948,12
27949,25
27950,7
27951,32
27952,1
27953,26
27954,6
27955,26
27956,15
27957,24
27958,20
27959,12
27960,31
27961,20
27962,9
27963,33
27964,32
27965,9
27966,28
27967,19
27968,26
27969,1
27970,16
27971,29
27972,15
27973,13
27974,13
27975,13
27976,26
27977,13
27978,16
27979,3
27980,26
27981,13
27982,29
27983,13
27984,23
27985,8
27986,33
27987,28
27988,0
27989,32
27990,24
27991,1
27992,15
27993,23
27994,26
27995,21
27996,26
27997,12
27998,3
27999,16
28000,20
28001,5
28002,27
28003,13
28004,26
28005,16
28006,5
28007,10
28008,5
28009,4
28010,10
28011,31
28012,30
28013,1
28014,24
28015,0
28016,14
28017,29
28018,7
28019,13
28020,0
28021,35
28022,7
28023,31
28024,32
28025,0
28026,29
28027,16
28028,36
28029,11
28030,21
28031,7
28032,3
28033,11
28034,37
28035,18
28036,12
28037,30
28038,30
28039,3
28040,6
28041,20
28042,15
28043,2
28044,24
28045,10
28046,13
28047,3
28048,31
28049,37
28050,24
28051,26
28052,33
28053,27
28054,13
28055,33
28056,22
28057,6
28058,9
28059,13
28060,9
28061,27
28062,26
28063,11
28064,25
28065,25
28066,26
28067,26
28068,1
28069,14
28070,13
28071,3
28072,10
28073,3
28074,21
28075,6
28076,11
28077,32
28078,31
28079,26
28080,2
28081,20
28082,28
28083,16
28084,4
28085,17
28086,20
28087,2
28088,13
28089,14
28090,11
28091,15
28092,30
28093,26
28094,27
28095,37
28096,4
28097,33
28098,13
28099,26
28100,28
28101,26
28102,13
28103,23
28104,11
28105,26
28106,30
28107,6
28108,3
28109,15
28110,23
28111,26
28112,6
28113,21
28114,21
28115,3
28116,29
28117,37
28118,13
28119,24
28120,7
28121,26
28122,10
28123,11
28124,29
28125,13
28126,35
28127,26
28128,13
28129,16
28130,13
28131,15
28132,27
28133,13
28134,26
28135,4
28136,9
28137,13
28138,13
28139,26
28140,34
28141,33
28142,11
28143,15
28144,6
28145,11
28146,30
28147,14
28148,13
28149,11
28150,34
28151,0
28152,31
28153,6
28154,26
28155,11
28156,29
28157,31
28158,26
28159,26
28160,18
28161,3
28162,15
28163,19
28164,13
28165,13
28166,13
28167,33
28168,26
28169,32
28170,20
28171,16
28172,12
28173,3
28174,31
28175,1
28176,35
28177,19
28178,37
28179,3
28180,26
28181,26
28182,13
28183,36
28184,15
28185,23
28186,7
28187,20
28188,10
28189,3
28190,20
28191,31
28192,3
28193,18
28194,5
28195,10
28196,26
28197,18
28198,13
28199,16
28200,29
28201,30
28202,12
28203,29
28204,3
28205,6
28206,13
28207,27
28208,17
28209,9
28210,11
28211,33
28212,18
28213,15
28214,16
28215,25
28216,12
28217,22
28218,3
28219,23
28220,13
28221,11
28222,5
28223,7
28224,26
28225,5
28226,10
28227,36
28228,33
28229,26
28230,11
28231,28
28232,15
28233,7
28234,13
28235,4
28236,20
28237,35
28238,3
28239,8
28240,29
28241,7
28242,29
28243,27
28244,13
28245,34
28246,1
28247,13
28248,34
28249,25
28250,3
28251,31
28252,7
28253,11
28254,13
28255,7
28256,1
28257,1
28258,13
28259,29
28260,30
28261,33
28262,29
28263,16
28264,29
28265,13
28266,30
28267,26
28268,26
28269,16
28270,22
28271,6
28272,3
28273,7
28274,36
28275,37
28276,24
28277,15
28278,13
28279,33
28280,15
28281,31
28282,28
28283,29
28284,30
28285,30
28286,11
28287,2
28288,11
28289,35
28290,10
28291,5
28292,7
28293,3
28294,16
28295,6
28296,16
28297,27
28298,16
28299,6
28300,26
28301,13
28302,4
28303,10
28304,28
28305,24
28306,29
28307,13
28308,1
28309,5
28310,7
28311,13
28312,13
28313,5
28314,29
28315,6
28316,33
28317,24
28318,26
28319,20
28320,24
28321,10
28322,26
28323,34
28324,13
28325,4
28326,23
28327,33
28328,3
28329,13
28330,31
28331,13
28332,10
28333,25
28334,14
28335,10
28336,10
28337,13
28338,24
28339,3
28340,12
28341,3
28342,12
28343,15
28344,16
28345,6
28346,29
28347,3
28348,35
28349,9
28350,6
28351,1
28352,20
28353,13
28354,7
28355,27
28356,33
28357,2
28358,26
28359,3
28360,28
28361,26
28362,20
28363,24
28364,3
28365,13
28366,25
28367,37
28368,31
28369,27
28370,9
28371,37
28372,17
28373,22
28374,5
28375,26
28376,24
28377,3
28378,29
28379,3
28380,13
28381,26
28382,26
28383,31
28384,24
28385,7
28386,9
28387,18
28388,13
28389,37
28390,30
28391,13
28392,3
28393,36
28394,34
28395,15
28396,26
28397,27
28398,8
28399,36
28400,5
28401,13
28402,26
28403,26
28404,6
28405,19
28406,24
28407,30
28408,7
28409,31
28410,16
28411,20
28412,14
28413,13
28414,29
28415,6
28416,24
28417,13
28418,21
28419,9
28420,15
28421,13
28422,0
28423,0
28424,23
28425,9
28426,3
28427,14
28428,9
28429,18
28430,34
28431,3
28432,28
28433,19
28434,30
28435,22
28436,33
28437,11
28438,29
28439,19
28440,13
28441,21
28442,16
28443,6
28444,37
28445,35
28446,10
28447,15
28448,17
28449,19
28450,4
28451,3
28452,1
28453,0
28454,17
28455,16
28456,24
28457,13
28458,17
28459,26
28460,20
28461,12
28462,33
28463,10
28464,27
28465,3
28466,16
28467,26
28468,0
28469,10
28470,33
28471,13
28472,8
28473,9
28474,23
28475,11
28476,19
28477,10
28478,9
28479,26
28480,6
28481,11
28482,35
28483,30
28484,36
28485,6
28486,24
28487,18
28488,13
28489,26
28490,27
28491,28
28492,5
28493,27
28494,20
28495,13
28496,22
28497,2
28498,24
28499,16
28500,29
28501,33
28502,28
28503,12
28504,18
28505,17
28506,3
28507,34
28508,26
28509,16
28510,27
28511,28
28512,27
28513,18
28514,7
28515,3
28516,3
28517,22
28518,33
28519,2
28520,22
28521,7
28522,6
28523,3
28524,3
28525,14
28526,13
28527,36
28528,26
28529,9
28530,10
28531,34
28532,26
28533,3
28534,34
28535,12
28536,11
28537,29
28538,30
28539,13
28540,27
28541,34
28542,34
28543,27
28544,31
28545,34
28546,28
28547,30
28548,10
28549,19
28550,30
28551,13
28552,29
28553,28
28554,14
28555,5
28556,35
28557,37
28558,24
28559,0
28560,2
28561,13
28562,11
28563,20
28564,18
28565,20
28566,28
28567,26
28568,20
28569,22
28570,35
28571,13
28572,23
28573,16
28574,37
28575,16
28576,11
28577,29
28578,30
28579,20
28580,14
28581,15
28582,2
28583,13
28584,31
28585,28
28586,15
28587,10
28588,4
28589,5
28590,28
28591,31
28592,13
28593,10
28594,12
28595,31
28596,25
28597,27
28598,30
28599,29
28600,6
28601,12
28602,13
28603,5
28604,21
28605,20
28606,34
28607,3
28608,15
28609,1
28610,7
28611,22
28612,6
28613,27
28614,21
28615,24
28616,26
28617,15
28618,32
28619,22
28620,13
28621,24
28622,6
28623,21
28624,6
28625,26
28626,27
28627,29
28628,28
28629,31
28630,26
28631,11
28632,26
28633,2
28634,19
28635,31
28636,21
28637,5
28638,12
28639,26
28640,16
28641,26
28642,10
28643,37
28644,13
28645,11
28646,22
28647,9
28648,19
28649,8
28650,8
28651,10
28652,16
28653,5
28654,3
28655,26
28656,10
28657,7
28658,31
28659,13
28660,11
28661,13
28662,31
28663,15
28664,1
28665,13
28666,21
28667,15
28668,13
28669,31
28670,22
28671,15
28672,36
28673,16
28674,15
28675,20
28676,7
28677,8
28678,35
28679,20
28680,29
28681,16
28682,15
28683,20
28684,6
28685,9
28686,13
28687,36
28688,9
28689,10
28690,3
28691,13
28692,34
28693,8
28694,15
28695,0
28696,0
28697,7
28698,14
28699,29
28700,31
28701,3
28702,3
28703,20
28704,26
28705,26
28706,10
28707,20
28708,23
28709,1
28710,22
28711,5
28712,22
28713,29
28714,13
28715,20
28716,35
28717,30
28718,26
28719,13
28720,20
28721,26
28722,11
28723,7
28724,16
28725,27
28726,20
28727,3
28728,13
28729,16
28730,28
28731,0
28732,11
28733,10
28734,13
28735,22
28736,3
28737,28
28738,1
28739,26
28740,19
28741,33
28742,29
28743,13
28744,18
28745,9
28746,20
28747,29
28748,19
28749,12
28750,16
28751,23
28752,26
28753,22
28754,32
28755,3
28756,29
28757,5
28758,5
28759,29
28760,19
28761,31
28762,11
28763,5
28764,25
28765,16
28766,26
28767,2
28768,30
28769,16
28770,13
28771,26
28772,29
28773,15
28774,6
28775,2
28776,26
28777,10
28778,29
28779,35
28780,1
28781,26
28782,3
28783,35
28784,26
28785,14
28786,12
28787,30
28788,25
28789,14
28790,6
28791,7
28792,33
28793,21
28794,37
28795,24
28796,26
28797,29
28798,9
28799,9
28800,15
28801,5
28802,21
28803,13
28804,1
28805,10
28806,36
28807,11
28808,28
28809,11
28810,26
28811,36
28812,10
28813,9
28814,8
28815,11
28816,26
28817,13
28818,12
28819,24
28820,18
28821,26
28822,3
28823,20
28824,31
28825,23
28826,21
28827,13
28828,21
28829,26
28830,13
28831,16
28832,0
28833,6
28834,15
28835,22
28836,35
28837,13
28838,0
28839,29
28840,13
28841,29
28842,10
28843,26
28844,13
28845,3
28846,13
28847,31
28848,32
28849,0
28850,16
28851,0
28852,29
28853,36
28854,6
28855,18
28856,15
28857,36
28858,31
28859,18
28860,13
28861,3
28862,9
28863,15
28864,21
28865,16
28866,34
28867,19
28868,3
28869,7
28870,26
28871,21
28872,26
28873,37
28874,13
28875,26
28876,10
28877,33
28878,26
28879,6
28880,26
28881,9
28882,2
28883,26
28884,6
28885,37
28886,5
28887,26
28888,26
28889,12
28890,26
28891,25
28892,7
28893,4
28894,5
28895,15
28896,10
28897,21
28898,13
28899,26
28900,35
28901,18
28902,15
28903,13
28904,9
28905,35
28906,13
28907,33
28908,31
28909,10
28910,2
28911,30
28912,26
28913,20
28914,16
28915,30
28916,13
28917,2
28918,19
28919,7
28920,35
28921,14
28922,26
28923,29
28924,27
28925,9
28926,19
28927,13
28928,13
28929,20
28930,26
28931,20
28932,12
28933,13
28934,13
28935,10
28936,18
28937,21
28938,28
28939,5
28940,13
28941,1
28942,27
28943,9
28944,16
28945,2
28946,13
28947,30
28948,26
28949,13
28950,28
28951,26
28952,8
28953,6
28954,19
28955,33
28956,14
28957,15
28958,13
28959,9
28960,16
28961,15
28962,16
28963,26
28964,13
28965,26
28966,16
28967,27
28968,13
28969,16
28970,27
28971,37
28972,33
28973,12
28974,24
28975,29
28976,20
28977,17
28978,25
28979,18
28980,23
28981,11
28982,23
28983,26
28984,4
28985,23
28986,18
28987,30
28988,18
28989,13
28990,10
28991,1
28992,21
28993,7
28994,31
28995,30
28996,27
28997,18
28998,6
28999,13
29000,13
29001,13
29002,3
29003,1
29004,10
29005,21
29006,13
29007,15
29008,8
29009,29
29010,20
29011,27
29012,3
29013,6
29014,16
29015,12
29016,30
29017,1
29018,26
29019,0
29020,30
29021,13
29022,0
29023,27
29024,26
29025,13
29026,3
29027,0
29028,7
29029,30
29030,30
29031,2
29032,26
29033,5
29034,13
29035,3
29036,37
29037,26
29038,26
29039,16
29040,7
29041,11
29042,5
29043,37
29044,13
29045,9
29046,20
29047,18
29048,12
29049,16
29050,3
29051,10
29052,28
29053,13
29054,26
29055,1
29056,21
29057,10
29058,11
29059,27
29060,26
29061,36
29062,34
29063,26
29064,29
29065,5
29066,15
29067,26
29068,30
29069,21
29070,3
29071,0
29072,15
29073,16
29074,23
29075,18
29076,13
29077,11
29078,29
29079,15
29080,24
29081,3
29082,10
29083,11
29084,9
29085,18
29086,7
29087,2
29088,19
29089,13
29090,10
29091,18
29092,26
29093,30
29094,9
29095,16
29096,9
29097,21
29098,2
29099,30
29100,21
29101,24
29102,36
29103,3
29104,26
29105,15
29106,13
29107,2
29108,30
29109,13
29110,6
29111,9
29112,14
29113,34
29114,0
29115,32
29116,27
29117,27
29118,8
29119,13
29120,16
29121,24
29122,20
29123,27
29124,6
29125,1
29126,20
29127,3
29128,13
29129,29
29130,36
29131,16
29132,10
29133,26
29134,6
29135,6
29136,30
29137,17
29138,24
29139,29
29140,5
29141,24
29142,3
29143,26
29144,16
29145,30
29146,34
29147,6
29148,15
29149,27
29150,15
29151,2
29152,3
29153,11
29154,37
29155,36
29156,24
29157,11
29158,5
29159,9
29160,22
29161,18
29162,13
29163,26
29164,17
29165,13
29166,26
29167,6
29168,3
29169,26
29170,13
29171,15
29172,11
29173,15
29174,16
29175,6
29176,6
29177,11
29178,3
29179,26
29180,26
29181,26
29182,18
29183,26
29184,2
29185,13
29186,23
29187,18
29188,24
29189,13
29190,28
29191,26
29192,12
29193,17
29194,5
29195,1
29196,9
29197,26
29198,29
29199,33
29200,3
29201,0
29202,11
29203,18
29204,17
29205,26
29206,26
29207,13
29208,13
29209,7
29210,26
29211,5
29212,13
29213,11
29214,26
29215,3
29216,5
29217,16
29218,1
29219,6
29220,5
29221,15
29222,22
29223,15
29224,15
29225,25
29226,2
29227,23
29228,10
29229,11
29230,13
29231,26
29232,1
29233,13
29234,33
29235,26
29236,24
29237,29
29238,26
29239,13
29240,24
29241,15
29242,20
29243,1
29244,24
29245,30
29246,10
29247,27
29248,26
29249,28
29250,14
29251,5
29252,23
29253,15
29254,19
29255,26
29256,0
29257,26
29258,22
29259,23
29260,27
29261,14
29262,13
29263,6
29264,3
29265,13
29266,37
29267,0
29268,14
29269,29
29270,17
29271,10
29272,26
29273,29
29274,11
29275,20
29276,29
29277,16
29278,1
29279,34
29280,16
29281,0
29282,13
29283,3
29284,11
29285,13
29286,10
29287,24
29288,29
29289,15
29290,16
29291,21
29292,29
29293,29
29294,9
29295,13
29296,20
29297,27
29298,1
29299,6
29300,11
29301,14
29302,24
29303,16
29304,26
29305,25
29306,26
29307,10
29308,13
29309,13
29310,32
29311,4
29312,26
29313,26
29314,25
29315,10
29316,25
29317,13
29318,26
29319,26
29320,20
29321,13
29322,36
29323,7
29324,35
29325,3
29326,26
29327,9
29328,29
29329,20
29330,25
29331,10
29332,28
29333,6
29334,24
29335,34
29336,13
29337,5
29338,31
29339,2
29340,34
29341,13
29342,25
29343,26
29344,26
29345,37
29346,13
29347,13
29348,3
29349,35
29350,26
29351,14
29352,11
29353,26
29354,12
29355,3
29356,16
29357,26
29358,5
29359,28
29360,3
29361,13
29362,20
29363,26
29364,26
29365,31
29366,13
29367,31
29368,16
29369,27
29370,26
29371,29
29372,10
29373,37
29374,30
29375,28
29376,13
29377,16
29378,11
29379,16
29380,13
29381,1
29382,26
29383,1
29384,19
29385,13
29386,15
29387,16
29388,3
29389,26
29390,26
29391,7
29392,7
29393,23
29394,27
29395,9
29396,27
29397,10
29398,20
29399,25
29400,0
29401,26
29402,24
29403,23
29404,10
29405,35
29406,27
29407,3
29408,26
29409,13
29410,3
29411,26
29412,24
29413,6
29414,24
29415,13
29416,11
29417,21
29418,2
29419,21
29420,26
29421,0
29422,20
29423,3
29424,26
29425,24
29426,13
29427,20
29428,13
29429,13
29430,9
29431,24
29432,36
29433,13
29434,13
29435,33
29436,30
29437,26
29438,15
29439,3
29440,13
29441,6
29442,11
29443,9
29444,19
29445,25
29446,0
29447,10
29448,12
29449,33
29450,9
29451,20
29452,18
29453,26
29454,1
29455,24
29456,3
29457,10
29458,3
29459,26
29460,16
29461,26
29462,3
29463,34
29464,24
29465,30
29466,29
29467,16
29468,30
29469,26
29470,17
29471,13
29472,13
29473,10
29474,6
29475,1
29476,26
29477,27
29478,28
29479,35
29480,1
29481,21
29482,13
29483,10
29484,13
29485,3
29486,26
29487,1
29488,2
29489,20
29490,11
29491,13
29492,2
29493,9
29494,33
29495,32
29496,27
29497,13
29498,26
29499,20
29500,33
29501,8
29502,14
29503,23
29504,16
29505,13
29506,10
29507,0
29508,35
29509,31
29510,31
29511,13
29512,10
29513,26
29514,2
29515,5
29516,8
29517,14
29518,34
29519,16
29520,13
29521,26
29522,13
29523,30
29524,10
29525,23
29526,6
29527,9
29528,13
29529,7
29530,13
29531,0
29532,22
29533,7
29534,3
29535,31
29536,26
29537,6
29538,11
29539,19
29540,20
29541,17
29542,24
29543,15
29544,27
29545,13
29546,29
29547,10
29548,32
29549,3
29550,6
29551,14
29552,0
29553,16
29554,21
29555,13
29556,12
29557,10
29558,3
29559,33
29560,13
29561,34
29562,13
29563,26
29564,11
29565,18
29566,5
29567,3
29568,3
29569,13
29570,26
29571,31
29572,6
29573,32
29574,26
29575,16
29576,5
29577,31
29578,13
29579,3
29580,5
29581,16
29582,22
29583,28
29584,33
29585,30
29586,20
29587,10
29588,6
29589,1
29590,35
29591,4
29592,21
29593,34
29594,22
29595,29
29596,7
29597,13
29598,24
29599,34
29600,24
29601,16
29602,10
29603,20
29604,26
29605,16
29606,13
29607,20
29608,13
29609,2
29610,11
29611,22
29612,22
29613,27
29614,31
29615,0
29616,11
29617,27
29618,21
29619,19
29620,13
29621,30
29622,31
29623,13
29624,11
29625,11
29626,26
29627,16
29628,1
29629,1
29630,29
29631,3
29632,18
29633,10
29634,5
29635,16
29636,22
29637,13
29638,3
29639,16
29640,6
29641,35
29642,23
29643,30
29644,16
29645,19
29646,15
29647,6
29648,1
29649,26
29650,13
29651,13
29652,26
29653,20
29654,34
29655,4
29656,4
29657,21
29658,1
29659,29
29660,0
29661,31
29662,10
29663,12
29664,16
29665,6
29666,16
29667,29
29668,9
29669,10
29670,15
29671,1
29672,27
29673,25
29674,29
29675,28
29676,24
29677,13
29678,21
29679,5
29680,15
29681,21
29682,2
29683,27
29684,26
29685,31
29686,18
29687,7
29688,14
29689,3
29690,25
29691,6
29692,30
29693,34
29694,29
29695,13
29696,12
29697,13
29698,20
29699,18
29700,16
29701,25
29702,25
29703,29
29704,20
29705,29
29706,18
29707,35
29708,26
29709,12
29710,2
29711,17
29712,34
29713,13
29714,3
29715,1
29716,34
29717,37
29718,16
29719,6
29720,10
29721,17
29722,3
29723,32
29724,34
29725,13
29726,13
29727,37
29728,28
29729,10
29730,6
29731,34
29732,16
29733,20
29734,13
29735,30
29736,15
29737,30
29738,15
29739,21
29740,13
29741,21
29742,33
29743,2
29744,6
29745,26
29746,19
29747,24
29748,13
29749,6
29750,37
29751,33
29752,26
29753,25
29754,13
29755,26
29756,26
29757,7
29758,15
29759,1
29760,26
29761,31
29762,26
29763,7
29764,10
29765,35
29766,20
29767,16
29768,13
29769,33
29770,13
29771,31
29772,12
29773,38
29774,3
29775,3
29776,0
29777,9
29778,33
29779,24
29780,22
29781,33
29782,12
29783,20
29784,13
29785,24
29786,28
29787,8
29788,27
29789,3
29790,10
29791,23
29792,29
29793,5
29794,25
29795,34
29796,7
29797,16
29798,17
29799,9
29800,21
29801,14
29802,5
29803,13
29804,26
29805,13
29806,19
29807,2
29808,19
29809,13
29810,18
29811,9
29812,26
29813,13
29814,34
29815,21
29816,16
29817,27
29818,12
29819,27
29820,27
29821,24
29822,34
29823,27
29824,18
29825,7
29826,33
29827,7
29828,16
29829,31
29830,37
29831,31
29832,13
29833,26
29834,29
29835,0
29836,3
29837,30
29838,26
29839,34
29840,13
29841,3
29842,23
29843,20
29844,20
29845,7
29846,1
29847,28
29848,37
29849,3
29850,5
29851,6
29852,6
29853,24
29854,9
29855,29
29856,13
29857,28
29858,16
29859,18
29860,13
29861,19
29862,3
29863,13
29864,15
29865,6
29866,10
29867,26
29868,13
29869,24
29870,37
29871,26
29872,30
29873,26
29874,32
29875,26
29876,13
29877,18
29878,19
29879,31
29880,13
29881,7
29882,14
29883,14
29884,7
29885,9
29886,10
29887,25
29888,26
29889,3
29890,9
29891,28
29892,11
29893,2
29894,16
29895,13
29896,0
29897,6
29898,16
29899,26
29900,7
29901,26
29902,34
29903,15
29904,27
29905,25
29906,3
29907,33
29908,10
29909,7
29910,32
29911,22
29912,37
29913,20
29914,25
29915,29
29916,26
29917,7
29918,5
29919,13
29920,13
29921,13
29922,3
29923,37
29924,21
29925,1
29926,26
29927,36
29928,1
29929,5
29930,13
29931,8
29932,11
29933,0
29934,5
29935,26
29936,33
29937,31
29938,10
29939,26
29940,22
29941,11
29942,32
29943,17
29944,26
29945,14
29946,28
29947,27
29948,11
29949,10
29950,24
29951,30
29952,26
29953,3
29954,3
29955,8
29956,13
29957,13
29958,20
29959,33
29960,15
29961,20
29962,26
29963,26
29964,14
29965,10
29966,7
29967,28
29968,1
29969,0
29970,29
29971,6
29972,26
29973,24
29974,6
29975,18
29976,15
29977,30
29978,7
29979,16
29980,36
29981,13
29982,35
29983,6
29984,2
29985,15
29986,4
29987,16
29988,34
29989,13
29990,13
29991,13
29992,12
29993,17
29994,13
29995,26
29996,7
29997,35
29998,26
29999,21
30000,27
30001,20
30002,2
30003,9
30004,9
30005,31
30006,20
30007,10
30008,15
30009,26
30010,35
30011,26
30012,26
30013,26
30014,26
30015,24
30016,6
30017,22
30018,3
30019,13
30020,34
30021,6
30022,13
30023,13
30024,7
30025,28
30026,11
30027,15
30028,37
30029,28
30030,13
30031,28
30032,25
30033,24
30034,11
30035,16
30036,32
30037,3
30038,13
30039,1
30040,24
30041,13
30042,11
30043,27
30044,27
30045,3
30046,20
30047,15
30048,29
30049,2
30050,28
30051,13
30052,29
30053,27
30054,7
30055,22
30056,30
30057,10
30058,11
30059,22
30060,37
30061,13
30062,20
30063,1
30064,12
30065,10
30066,27
30067,11
30068,20
30069,26
30070,20
30071,26
30072,29
30073,3
30074,16
30075,19
30076,21
30077,26
30078,9
30079,24
30080,26
30081,24
30082,22
30083,33
30084,13
30085,13
30086,21
30087,0
30088,0
30089,5
30090,34
30091,10
30092,0
30093,13
30094,13
30095,20
30096,31
30097,26
30098,24
30099,37
30100,10
30101,6
30102,13
30103,13
30104,37
30105,10
30106,10
30107,6
30108,11
30109,9
30110,8
30111,29
30112,28
30113,13
30114,31
30115,13
30116,26
30117,6
30118,6
30119,0
30120,13
30121,13
30122,3
30123,1
30124,30
30125,6
30126,23
30127,10
30128,26
30129,12
30130,5
30131,26
30132,10
30133,16
30134,33
30135,27
30136,13
30137,0
30138,14
30139,6
30140,27
30141,0
30142,28
30143,26
30144,13
30145,3
30146,23
30147,11
30148,13
30149,16
30150,22
30151,10
30152,26
30153,20
30154,18
30155,22
30156,13
30157,28
30158,19
30159,23
30160,1
30161,16
30162,14
30163,13
30164,13
30165,19
30166,24
30167,18
30168,2
30169,6
30170,30
30171,24
30172,21
30173,37
30174,5
30175,20
30176,25
30177,13
30178,13
30179,7
30180,13
30181,20
30182,7
30183,14
30184,5
30185,26
30186,34
30187,13
30188,16
30189,33
30190,26
30191,16
30192,10
30193,10
30194,35
30195,29
30196,10
30197,2
30198,11
30199,26
30200,0
30201,15
30202,6
30203,1
30204,26
30205,22
30206,1
30207,4
30208,26
30209,1
30210,16
30211,13
30212,13
30213,15
30214,23
30215,13
30216,17
30217,37
30218,28
30219,6
30220,12
30221,24
30222,19
30223,35
30224,13
30225,26
30226,23
30227,25
30228,24
30229,30
30230,24
30231,18
30232,27
30233,12
30234,11
30235,18
30236,31
30237,10
30238,21
30239,26
30240,6
30241,17
30242,37
30243,35
30244,31
30245,13
30246,13
30247,31
30248,13
30249,13
30250,15
30251,26
30252,27
30253,26
30254,13
30255,13
30256,13
30257,13
30258,29
30259,20
30260,24
30261,13
30262,33
30263,27
30264,6
30265,3
30266,15
30267,5
30268,7
30269,26
30270,1
30271,18
30272,0
30273,13
30274,20
30275,27
30276,18
30277,31
30278,7
30279,11
30280,6
30281,29
30282,33
30283,37
30284,3
30285,18
30286,19
30287,14
30288,10
30289,13
30290,13
30291,29
30292,10
30293,11
30294,37
30295,11
30296,33
30297,22
30298,3
30299,2
30300,20
30301,37
30302,5
30303,3
30304,26
30305,16
30306,10
30307,29
30308,3
30309,26
30310,26
30311,30
30312,33
30313,13
30314,20
30315,28
30316,13
30317,15
30318,31
30319,22
30320,18
30321,30
30322,13
30323,25
30324,23
30325,3
30326,26
30327,3
30328,21
30329,3
30330,20
30331,13
30332,3
30333,27
30334,19
30335,30
30336,6
30337,24
30338,13
30339,3
30340,17
30341,24
30342,6
30343,14
30344,15
30345,15
30346,37
30347,7
30348,7
30349,20
30350,26
30351,20
30352,16
30353,13
30354,24
30355,23
30356,0
30357,28
30358,29
30359,26
30360,21
30361,3
30362,5
30363,2
30364,13
30365,13
30366,3
30367,7
30368,21
30369,13
30370,5
30371,23
30372,24
30373,25
30374,22
30375,20
30376,24
30377,13
30378,27
30379,29
30380,15
30381,34
30382,0
30383,0
30384,5
30385,13
30386,30
30387,14
30388,33
30389,13
30390,14
30391,33
30392,13
30393,37
30394,1
30395,21
30396,8
30397,1
30398,13
30399,6
30400,26
30401,30
30402,19
30403,10
30404,13
30405,31
30406,7
30407,28
30408,2
30409,26
30410,18
30411,5
30412,22
30413,27
30414,18
30415,15
30416,20
30417,16
30418,17
30419,31
30420,23
30421,6
30422,6
30423,26
30424,24
30425,6
30426,13
30427,32
30428,3
30429,32
30430,37
30431,24
30432,37
30433,10
30434,9
30435,15
30436,13
30437,33
30438,7
30439,6
30440,26
30441,7
30442,7
30443,13
30444,25
30445,34
30446,17
30447,30
30448,32
30449,26
30450,15
30451,7
30452,23
30453,31
30454,15
30455,17
30456,26
30457,34
30458,20
30459,10
30460,2
30461,29
30462,29
30463,28
30464,5
30465,10
30466,16
30467,13
30468,3
30469,26
30470,13
30471,33
30472,22
30473,11
30474,35
30475,21
30476,33
30477,13
30478,13
30479,11
30480,27
30481,12
30482,3
30483,20
30484,26
30485,36
30486,28
30487,10
30488,34
30489,20
30490,13
30491,13
30492,6
30493,11
30494,20
30495,6
30496,9
30497,3
30498,17
30499,3
30500,24
30501,31
30502,7
30503,15
30504,3
30505,34
30506,10
30507,3
30508,16
30509,15
30510,14
30511,2
30512,12
30513,13
30514,3
30515,13
30516,13
30517,0
30518,21
30519,10
30520,3
30521,3
30522,17
30523,1
30524,18
30525,2
30526,19
30527,26
30528,20
30529,32
30530,21
30531,24
30532,15
30533,6
30534,26
30535,24
30536,14
30537,23
30538,26
30539,20
30540,26
30541,36
30542,13
30543,15
30544,6
30545,19
30546,14
30547,22
30548,37
30549,24
30550,13
30551,20
30552,28
30553,0
30554,29
30555,3
30556,5
30557,37
30558,20
30559,13
30560,16
30561,18
30562,6
30563,20
30564,20
30565,12
30566,26
30567,11
30568,17
30569,9
30570,11
30571,11
30572,34
30573,11
30574,24
30575,28
30576,24
30577,26
30578,15
30579,29
30580,13
30581,18
30582,24
30583,19
30584,14
30585,24
30586,26
30587,27
30588,13
30589,28
30590,29
30591,30
30592,13
30593,19
30594,13
30595,0
30596,26
30597,9
30598,31
30599,11
30600,24
30601,0
30602,26
30603,7
30604,31
30605,28
30606,9
30607,10
30608,12
30609,20
30610,1
30611,10
30612,19
30613,7
30614,16
30615,23
30616,36
30617,12
30618,33
30619,16
30620,29
30621,16
30622,6
30623,31
30624,34
30625,6
30626,26
30627,17
30628,26
30629,29
30630,13
30631,6
30632,1
30633,3
30634,18
30635,12
30636,26
30637,26
30638,13
30639,18
30640,26
30641,13
30642,30
30643,0
30644,18
30645,21
30646,26
30647,11
30648,34
30649,13
30650,13
30651,5
30652,6
30653,13
30654,11
30655,13
30656,10
30657,28
30658,27
30659,29
30660,0
30661,16
30662,33
30663,5
30664,29
30665,27
30666,15
30667,23
30668,28
30669,6
30670,30
30671,33
30672,20
30673,36
30674,13
30675,6
30676,13
30677,11
30678,33
30679,20
30680,14
30681,33
30682,3
30683,26
30684,0
30685,26
30686,3
30687,5
30688,13
30689,26
30690,34
30691,36
30692,27
30693,15
30694,37
30695,5
30696,15
30697,26
30698,10
30699,27
30700,23
30701,13
30702,33
30703,10
30704,15
30705,9
30706,20
30707,23
30708,27
30709,13
30710,26
30711,33
30712,26
30713,20
30714,0
30715,3
30716,23
30717,4
30718,27
30719,24
30720,18
30721,26
30722,1
30723,20
30724,26
30725,33
30726,26
30727,21
30728,23
30729,12
30730,13
30731,26
30732,30
30733,11
30734,1
30735,13
30736,20
30737,8
30738,24
30739,11
30740,30
30741,35
30742,24
30743,18
30744,0
30745,6
30746,15
30747,8
30748,15
30749,36
30750,13
30751,13
30752,31
30753,10
30754,37
30755,35
30756,13
30757,25
30758,5
30759,36
30760,7
30761,11
30762,20
30763,8
30764,32
30765,12
30766,1
30767,33
30768,31
30769,2
30770,9
30771,6
30772,28
30773,20
30774,13
30775,17
30776,1
30777,31
30778,8
30779,2
30780,3
30781,13
30782,2
30783,3
30784,3
30785,37
30786,37
30787,0
30788,0
30789,13
30790,13
30791,35
30792,33
30793,9
30794,28
30795,3
30796,25
30797,13
30798,26
30799,13
30800,4
30801,3
30802,13
30803,10
30804,3
30805,13
30806,30
30807,15
30808,26
30809,11
30810,12
30811,29
30812,26
30813,7
30814,26
30815,5
30816,33
30817,9
30818,24
30819,26
30820,27
30821,6
30822,12
30823,28
30824,35
30825,30
30826,10
30827,0
30828,13
30829,12
30830,37
30831,30
30832,26
30833,8
30834,27
30835,6
30836,34
30837,29
30838,20
30839,26
30840,31
30841,13
30842,16
30843,33
30844,0
30845,31
30846,4
30847,24
30848,5
30849,22
30850,26
30851,21
30852,6
30853,13
30854,9
30855,33
30856,10
30857,26
30858,10
30859,12
30860,19
30861,18
30862,10
30863,2
30864,12
30865,6
30866,5
30867,2
30868,20
30869,0
30870,18
30871,27
30872,0
30873,19
30874,5
30875,13
30876,31
30877,8
30878,17
30879,26
30880,6
30881,9
30882,8
30883,1
30884,24
30885,16
30886,20
30887,0
30888,0
30889,19
30890,29
30891,20
30892,25
30893,6
30894,11
30895,17
30896,10
30897,14
30898,3
30899,26
30900,9
30901,6
30902,23
30903,10
30904,21
30905,10
30906,15
30907,21
30908,11
30909,14
30910,18
30911,24
30912,13
30913,13
30914,6
30915,13
30916,7
30917,20
30918,32
30919,0
30920,15
30921,0
30922,20
30923,1
30924,16
30925,29
30926,13
30927,24
30928,20
30929,1
30930,9
30931,31
30932,26
30933,11
30934,6
30935,18
30936,34
30937,25
30938,20
30939,1
30940,14
30941,13
30942,6
30943,10
30944,10
30945,25
30946,11
30947,31
30948,26
30949,26
30950,36
30951,19
30952,17
30953,32
30954,26
30955,13
30956,6
30957,12
30958,25
30959,19
30960,28
30961,30
30962,26
30963,10
30964,32
30965,26
30966,5
30967,34
30968,16
30969,26
30970,27
30971,22
30972,0
30973,2
30974,10
30975,29
30976,15
30977,31
30978,20
30979,26
30980,26
30981,10
30982,15
30983,3
30984,13
30985,5
30986,26
30987,33
30988,26
30989,21
30990,17
30991,15
30992,25
30993,1
30994,10
30995,3
30996,16
30997,1
30998,33
30999,15
31000,4
31001,27
31002,32
31003,11
31004,2
31005,13
31006,26
31007,18
31008,1
31009,22
31010,13
31011,2
31012,26
31013,28
31014,28
31015,0
31016,13
31017,11
31018,33
31019,30
31020,6
31021,6
31022,29
31023,13
31024,5
31025,1
31026,7
31027,3
31028,0
31029,9
31030,6
31031,10
31032,18
31033,32
31034,3
31035,26
31036,6
31037,2
31038,3
31039,2
31040,6
31041,31
31042,7
31043,32
31044,29
31045,9
31046,26
31047,0
31048,37
31049,34
31050,11
31051,28
31052,26
31053,23
31054,13
31055,4
31056,16
31057,5
31058,13
31059,27
31060,1
31061,26
31062,11
31063,13
31064,11
31065,13
31066,26
31067,13
31068,30
31069,11
31070,11
31071,33
31072,21
31073,31
31074,29
31075,13
31076,7
31077,11
31078,14
31079,26
31080,4
31081,6
31082,23
31083,16
31084,19
31085,26
31086,1
31087,30
31088,13
31089,10
31090,30
31091,31
31092,5
31093,33
31094,9
31095,1
31096,26
31097,13
31098,20
31099,29
31100,7
31101,31
31102,12
31103,1
31104,28
31105,20
31106,13
31107,22
31108,26
31109,37
31110,26
31111,16
31112,21
31113,6
31114,18
31115,34
31116,22
31117,26
31118,33
31119,1
31120,5
31121,20
31122,29
31123,13
31124,6
31125,28
31126,34
31127,3
31128,16
31129,8
31130,11
31131,28
31132,37
31133,37
31134,30
31135,20
31136,20
31137,25
31138,26
31139,0
31140,29
31141,20
31142,27
31143,13
31144,11
31145,3
31146,4
31147,34
31148,1
31149,0
31150,5
31151,26
31152,5
31153,22
31154,29
31155,20
31156,23
31157,26
31158,18
31159,2
31160,26
31161,24
31162,12
31163,11
31164,13
31165,26
31166,15
31167,3
31168,32
31169,10
31170,18
31171,10
31172,26
31173,15
31174,9
31175,20
31176,16
31177,13
31178,35
31179,20
31180,19
31181,0
31182,16
31183,13
31184,3
31185,26
31186,5
31187,0
31188,25
31189,1
31190,36
31191,27
31192,25
31193,27
31194,24
31195,24
31196,35
31197,29
31198,24
31199,20
31200,2
31201,20
31202,7
31203,24
31204,13
31205,29
31206,13
31207,18
31208,13
31209,6
31210,24
31211,0
31212,31
31213,7
31214,11
31215,4
31216,26
31217,29
31218,8
31219,13
31220,6
31221,26
31222,11
31223,26
31224,10
31225,26
31226,13
31227,30
31228,9
31229,25
31230,0
31231,6
31232,0
31233,7
31234,36
31235,31
31236,26
31237,26
31238,11
31239,27
31240,9
31241,10
31242,20
31243,6
31244,11
31245,15
31246,26
31247,3
31248,28
31249,7
31250,37
31251,21
31252,6
31253,1
31254,29
31255,13
31256,11
31257,20
31258,27
31259,0
31260,11
31261,3
31262,20
31263,23
31264,4
31265,1
31266,1
31267,33
31268,10
31269,29
31270,20
31271,30
31272,5
31273,20
31274,13
31275,12
31276,31
31277,29
31278,10
31279,13
31280,35
31281,9
31282,26
31283,20
31284,30
31285,13
31286,11
31287,34
31288,3
31289,34
31290,6
31291,10
31292,28
31293,6
31294,36
31295,10
31296,13
31297,13
31298,5
31299,10
31300,3
31301,15
31302,13
31303,33
31304,37
31305,31
31306,32
31307,20
31308,24
31309,9
31310,21
31311,27
31312,16
31313,21
31314,16
31315,34
31316,1
31317,18
31318,17
31319,9
31320,1
31321,29
31322,0
31323,7
31324,13
31325,11
31326,34
31327,26
31328,33
31329,24
31330,13
31331,37
31332,26
31333,20
31334,5
31335,26
31336,9
31337,25
31338,9
31339,16
31340,0
31341,7
31342,23
31343,14
31344,23
31345,15
31346,24
31347,16
31348,31
31349,3
31350,16
31351,32
31352,20
31353,30
31354,27
31355,16
31356,6
31357,31
31358,13
31359,13
31360,0
31361,26
31362,12
31363,10
31364,16
31365,6
31366,31
31367,37
31368,30
31369,0
31370,23
31371,32
31372,1
31373,19
31374,22
31375,14
31376,30
31377,19
31378,13
31379,28
31380,13
31381,7
31382,35
31383,7
31384,25
31385,28
31386,30
31387,20
31388,0
31389,37
31390,31
31391,3
31392,16
31393,31
31394,20
31395,13
31396,14
31397,26
31398,12
31399,28
31400,26
31401,30
31402,1
31403,11
31404,28
31405,20
31406,20
31407,35
31408,15
31409,34
31410,17
31411,5
31412,11
31413,20
31414,34
31415,26
31416,26
31417,26
31418,1
31419,26
31420,26
31421,2
31422,13
31423,23
31424,13
31425,12
31426,6
31427,20
31428,29
31429,16
31430,11
31431,3
31432,15
31433,29
31434,26
31435,7
31436,31
31437,16
31438,3
31439,0
31440,16
31441,12
31442,9
31443,9
31444,16
31445,22
31446,16
31447,10
31448,33
31449,7
31450,19
31451,5
31452,13
31453,16
31454,34
31455,13
31456,35
31457,1
31458,7
31459,10
31460,16
31461,20
31462,29
31463,30
31464,30
31465,27
31466,26
31467,3
31468,13
31469,29
31470,22
31471,20
31472,35
31473,28
31474,28
31475,12
31476,34
31477,23
31478,30
31479,20
31480,5
31481,9
31482,17
31483,26
31484,16
31485,6
31486,20
31487,13
31488,13
31489,16
31490,34
31491,18
31492,11
31493,37
31494,16
31495,10
31496,13
31497,10
31498,26
31499,26
31500,11
31501,16
31502,9
31503,7
31504,35
31505,22
31506,31
31507,25
31508,3
31509,6
31510,26
31511,13
31512,16
31513,10
31514,3
31515,13
31516,0
31517,26
31518,16
31519,26
31520,21
31521,13
31522,13
31523,17
31524,32
31525,37
31526,14
31527,23
31528,12
31529,33
31530,16
31531,13
31532,16
31533,9
31534,8
31535,11
31536,8
31537,3
31538,16
31539,13
31540,3
31541,11
31542,13
31543,25
31544,18
31545,29
31546,37
31547,8
31548,15
31549,16
31550,26
31551,5
31552,7
31553,13
31554,21
31555,3
31556,27
31557,18
31558,11
31559,36
31560,9
31561,11
31562,35
31563,36
31564,26
31565,26
31566,3
31567,24
31568,33
31569,26
31570,17
31571,26
31572,8
31573,28
31574,0
31575,30
31576,28
31577,5
31578,10
31579,15
31580,20
31581,26
31582,13
31583,12
31584,16
31585,12
31586,13
31587,26
31588,35
31589,18
31590,34
31591,34
31592,30
31593,3
31594,13
31595,6
31596,30
31597,10
31598,20
31599,13
31600,33
31601,23
31602,25
31603,9
31604,2
31605,36
31606,3
31607,26
31608,34
31609,27
31610,27
31611,13
31612,23
31613,36
31614,23
31615,12
31616,20
31617,20
31618,0
31619,34
31620,37
31621,0
31622,13
31623,33
31624,1
31625,18
31626,5
31627,29
31628,26
31629,26
31630,4
31631,13
31632,16
31633,26
31634,3
31635,6
31636,3
31637,7
31638,15
31639,37
31640,9
31641,32
31642,3
31643,5
31644,37
31645,35
31646,30
31647,24
31648,5
31649,16
31650,31
31651,28
31652,26
31653,13
31654,3
31655,26
31656,26
31657,6
31658,30
31659,11
31660,30
31661,9
31662,15
31663,12
31664,3
31665,26
31666,17
31667,22
31668,33
31669,19
31670,6
31671,8
31672,14
31673,16
31674,5
31675,13
31676,0
31677,24
31678,33
31679,15
31680,10
31681,9
31682,26
31683,3
31684,16
31685,13
31686,5
31687,26
31688,33
31689,26
31690,17
31691,30
31692,20
31693,34
31694,30
31695,26
31696,20
31697,5
31698,27
31699,14
31700,26
31701,33
31702,9
31703,8
31704,30
31705,0
31706,13
31707,13
31708,31
31709,26
31710,17
31711,13
31712,14
31713,32
31714,33
31715,20
31716,20
31717,28
31718,22
31719,0
31720,20
31721,33
31722,27
31723,22
31724,0
31725,11
31726,26
31727,31
31728,20
31729,12
31730,13
31731,17
31732,4
31733,13
31734,3
31735,12
31736,13
31737,26
31738,11
31739,30
31740,27
31741,15
31742,9
31743,19
31744,13
31745,1
31746,18
31747,22
31748,11
31749,24
31750,29
31751,1
31752,13
31753,26
31754,26
31755,28
31756,10
31757,16
31758,3
31759,5
31760,28
31761,20
31762,25
31763,21
31764,26
31765,6
31766,30
31767,12
31768,13
31769,12
31770,20
31771,23
31772,1
31773,28
31774,16
31775,7
31776,17
31777,29
31778,6
31779,6
31780,30
31781,11
31782,29
31783,13
31784,20
31785,37
31786,12
31787,34
31788,29
31789,26
31790,25
31791,29
31792,10
31793,0
31794,24
31795,5
31796,30
31797,20
31798,20
31799,6
31800,1
31801,15
31802,25
31803,15
31804,10
31805,26
31806,30
31807,17
31808,37
31809,24
31810,37
31811,3
31812,29
31813,13
31814,1
31815,12
31816,16
31817,13
31818,16
31819,26
31820,3
31821,23
31822,29
31823,3
31824,11
31825,2
31826,20
31827,13
31828,37
31829,9
31830,34
31831,3
31832,10
31833,13
31834,20
31835,27
31836,29
31837,28
31838,0
31839,25
31840,13
31841,3
31842,21
31843,3
31844,8
31845,13
31846,14
31847,28
31848,30
31849,15
31850,11
31851,16
31852,3
31853,13
31854,20
31855,1
31856,21
31857,14
31858,3
31859,2
31860,29
31861,13
31862,27
31863,33
31864,2
31865,5
31866,33
31867,33
31868,15
31869,6
31870,1
31871,6
31872,10
31873,7
31874,10
31875,3
31876,3
31877,10
31878,0
31879,33
31880,36
31881,3
31882,16
31883,9
31884,15
31885,6
31886,22
31887,15
31888,36
31889,12
31890,1
31891,33
31892,11
31893,5
31894,31
31895,20
31896,13
31897,34
31898,17
31899,6
31900,26
31901,34
31902,9
31903,11
31904,13
31905,0
31906,3
31907,30
31908,9
31909,10
31910,26
31911,15
31912,29
31913,26
31914,14
31915,31
31916,32
31917,3
31918,18
31919,13
31920,29
31921,3
31922,16
31923,3
31924,20
31925,28
31926,32
31927,11
31928,18
31929,32
31930,26
31931,22
31932,14
31933,13
31934,33
31935,5
31936,18
31937,11
31938,0
31939,20
31940,21
31941,24
31942,16
31943,24
31944,13
31945,35
31946,16
31947,31
31948,6
31949,20
31950,20
31951,26
31952,18
31953,33
31954,13
31955,13
31956,28
31957,22
31958,26
31959,10
31960,22
31961,12
31962,13
31963,13
31964,6
31965,12
31966,29
31967,3
31968,13
31969,27
31970,3
31971,6
31972,28
31973,13
31974,20
31975,10
31976,7
31977,16
31978,29
31979,3
31980,13
31981,18
31982,14
31983,2
31984,13
31985,34
31986,9
31987,33
31988,13
31989,4
31990,3
31991,5
31992,31
31993,26
31994,26
31995,3
31996,2
31997,3
31998,13
31999,5
32000,16
32001,7
32002,18
32003,31
32004,24
32005,3
32006,16
32007,4
32008,30
32009,13
32010,11
32011,15
32012,17
32013,35
32014,9
32015,26
32016,11
32017,33
32018,36
32019,10
32020,36
32021,7
32022,1
32023,25
32024,26
32025,22
32026,31
32027,32
32028,18
32029,5
32030,7
32031,11
32032,3
32033,29
32034,29
32035,27
32036,8
32037,20
32038,16
32039,23
32040,20
32041,10
32042,27
32043,6
32044,10
32045,29
32046,26
32047,26
32048,1
32049,13
32050,28
32051,7
32052,2
32053,26
32054,21
32055,16
32056,13
32057,24
32058,21
32059,13
32060,13
32061,29
32062,19
32063,10
32064,20
32065,24
32066,29
32067,31
32068,9
32069,1
32070,20
32071,31
32072,34
32073,5
32074,18
32075,11
32076,26
32077,26
32078,29
32079,20
32080,21
32081,15
32082,26
32083,26
32084,33
32085,24
32086,24
32087,19
32088,3
32089,16
32090,15
32091,2
32092,10
32093,34
32094,28
32095,28
32096,13
32097,3
32098,14
32099,3
32100,16
32101,26
32102,13
32103,9
32104,0
32105,33
32106,37
32107,3
32108,1
32109,3
32110,10
32111,23
32112,17
32113,13
32114,3
32115,3
32116,32
32117,13
32118,4
32119,26
32120,19
32121,10
32122,13
32123,25
32124,29
32125,9
32126,34
32127,13
32128,10
32129,3
32130,32
32131,10
32132,34
32133,7
32134,0
32135,6
32136,12
32137,23
32138,26
32139,19
32140,26
32141,17
32142,30
32143,13
32144,16
32145,5
32146,25
32147,13
32148,29
32149,24
32150,13
32151,28
32152,32
32153,6
32154,28
32155,10
32156,14
32157,10
32158,27
32159,4
32160,20
32161,19
32162,24
32163,13
32164,30
32165,13
32166,13
32167,26
32168,26
32169,3
32170,16
32171,27
32172,10
32173,19
32174,17
32175,24
32176,8
32177,25
32178,3
32179,6
32180,10
32181,26
32182,13
32183,35
32184,3
32185,10
32186,23
32187,10
32188,15
32189,20
32190,10
32191,24
32192,27
32193,10
32194,15
32195,3
32196,20
32197,13
32198,11
32199,4
32200,15
32201,35
32202,6
32203,13
32204,19
32205,33
32206,30
32207,3
32208,11
32209,6
32210,26
32211,16
32212,0
32213,15
32214,26
32215,10
32216,25
32217,7
32218,31
32219,34
32220,26
32221,9
32222,25
32223,33
32224,6
32225,37
32226,26
32227,6
32228,24
32229,26
32230,28
32231,16
32232,6
32233,20
32234,26
32235,0
32236,13
32237,11
32238,17
32239,13
32240,15
32241,0
32242,16
32243,28
32244,13
32245,29
32246,16
32247,16
32248,7
32249,36
32250,25
32251,26
32252,13
32253,13
32254,26
32255,13
32256,6
32257,37
32258,21
32259,28
32260,20
32261,5
32262,19
32263,13
32264,7
32265,5
32266,23
32267,16
32268,3
32269,35
32270,27
32271,26
32272,29
32273,17
32274,11
32275,3
32276,5
32277,24
32278,6
32279,13
32280,24
32281,26
32282,13
32283,28
32284,16
32285,30
32286,5
32287,13
32288,16
32289,29
32290,3
32291,28
32292,16
32293,13
32294,33
32295,12
32296,24
32297,9
32298,37
32299,23
32300,3
32301,23
32302,31
32303,26
32304,27
32305,9
32306,16
32307,13
32308,26
32309,3
32310,11
32311,37
32312,1
32313,26
32314,37
32315,28
32316,0
32317,9
32318,22
32319,31
32320,16
32321,5
32322,20
32323,19
32324,17
32325,27
32326,37
32327,26
32328,31
32329,24
32330,30
32331,14
32332,16
32333,22
32334,10
32335,26
32336,13
32337,15
32338,11
32339,10
32340,19
32341,10
32342,37
32343,24
32344,33
32345,11
32346,9
32347,13
32348,13
32349,17
32350,13
32351,34
32352,18
32353,5
32354,6
32355,26
32356,9
32357,5
32358,24
32359,13
32360,5
32361,18
32362,26
32363,13
32364,13
32365,27
32366,20
32367,9
32368,0
32369,16
32370,29
32371,26
32372,9
32373,12
32374,10
32375,18
32376,11
32377,13
32378,13
32379,18
32380,3
32381,29
32382,27
32383,20
32384,13
32385,26
32386,8
32387,20
32388,26
32389,3
32390,13
32391,2
32392,26
32393,27
32394,19
32395,11
32396,36
32397,19
32398,24
32399,19
32400,13
32401,37
32402,20
32403,6
32404,19
32405,5
32406,28
32407,12
32408,26
32409,13
32410,14
32411,16
32412,30
32413,20
32414,11
32415,26
32416,5
32417,2
32418,30
32419,3
32420,27
32421,26
32422,3
32423,20
32424,0
32425,13
32426,20
32427,31
32428,10
32429,32
32430,10
32431,24
32432,21
32433,18
32434,27
32435,30
32436,26
32437,7
32438,30
32439,13
32440,16
32441,5
32442,0
32443,9
32444,24
32445,13
32446,10
32447,14
32448,7
32449,9
32450,7
32451,5
32452,31
32453,10
32454,3
32455,26
32456,24
32457,26
32458,10
32459,26
32460,30
32461,5
32462,21
32463,13
32464,2
32465,33
32466,13
32467,28
32468,23
32469,19
32470,30
32471,16
32472,10
32473,11
32474,37
32475,23
32476,11
32477,24
32478,33
32479,1
32480,21
32481,25
32482,1
32483,16
32484,3
32485,13
32486,30
32487,6
32488,31
32489,35
32490,26
32491,37
32492,8
32493,15
32494,26
32495,31
32496,0
32497,13
32498,10
32499,29
32500,13
32501,3
32502,9
32503,6
32504,32
32505,30
32506,9
32507,6
32508,1
32509,33
32510,6
32511,9
32512,25
32513,13
32514,27
32515,0
32516,13
32517,13
32518,30
32519,36
32520,10
32521,10
32522,24
32523,30
32524,5
32525,4
32526,27
32527,27
32528,26
32529,33
32530,15
32531,13
32532,3
32533,28
32534,24
32535,26
32536,26
32537,11
32538,7
32539,19
32540,34
32541,3
32542,10
32543,31
32544,37
32545,24
32546,7
32547,1
32548,31
32549,37
32550,29
32551,7
32552,17
32553,35
32554,27
32555,11
32556,2
32557,29
32558,11
32559,21
32560,24
32561,0
32562,27
32563,21
32564,35
32565,14
32566,17
32567,16
32568,19
32569,27
32570,13
32571,7
32572,10
32573,16
32574,14
32575,3
32576,5
32577,3
32578,13
32579,6
32580,0
32581,26
32582,6
32583,14
32584,33
32585,17
32586,24
32587,34
32588,1
32589,29
32590,1
32591,3
32592,7
32593,27
32594,33
32595,20
32596,7
32597,28
32598,16
32599,1
32600,30
32601,17
32602,29
32603,37
32604,11
32605,26
32606,26
32607,34
32608,16
32609,5
32610,27
32611,26
32612,36
32613,11
32614,1
32615,24
32616,26
32617,3
32618,27
32619,1
32620,26
32621,34
32622,31
32623,31
32624,18
32625,3
32626,10
32627,31
32628,11
32629,35
32630,10
32631,2
32632,5
32633,13
32634,13
32635,8
32636,10
32637,33
32638,3
32639,26
32640,27
32641,33
32642,37
32643,22
32644,3
32645,33
32646,16
32647,30
32648,0
32649,13
32650,26
32651,29
32652,22
32653,13
32654,5
32655,27
32656,30
32657,1
32658,26
32659,30
32660,5
32661,20
32662,3
32663,18
32664,17
32665,11
32666,8
32667,37
32668,20
32669,14
32670,1
32671,24
32672,17
32673,17
32674,9
32675,23
32676,12
32677,15
32678,15
32679,26
32680,26
32681,10
32682,27
32683,34
32684,23
32685,37
32686,13
32687,31
32688,30
32689,7
32690,5
32691,2
32692,0
32693,22
32694,5
32695,5
32696,13
32697,11
32698,20
32699,10
32700,13
32701,34
32702,31
32703,10
32704,24
32705,29
32706,0
32707,24
32708,2
32709,24
32710,6
32711,7
32712,15
32713,10
32714,2
32715,26
32716,6
32717,33
32718,31
32719,3
32720,29
32721,33
32722,2
32723,11
32724,7
32725,11
32726,22
32727,16
32728,8
32729,7
32730,15
32731,36
32732,17
32733,7
32734,6
32735,13
32736,13
32737,28
32738,26
32739,11
32740,1
32741,3
32742,16
32743,13
32744,3
32745,13
32746,20
32747,29
32748,1
32749,27
32750,13
32751,3
32752,29
32753,13
32754,37
32755,21
32756,27
32757,14
32758,14
32759,3
32760,20
32761,6
32762,26
32763,16
32764,22
32765,8
32766,21
32767,32
32768,11
32769,31
32770,10
32771,35
32772,20
32773,23
32774,28
32775,20
32776,12
32777,29
32778,28
32779,20
32780,17
32781,13
32782,26
32783,1
32784,23
32785,33
32786,12
32787,17
32788,10
32789,1
32790,31
32791,17
32792,28
32793,26
32794,13
32795,22
32796,26
32797,24
32798,3
32799,34
32800,29
32801,33
32802,13
32803,6
32804,26
32805,30
32806,22
32807,24
32808,25
32809,15
32810,6
32811,3
32812,13
32813,14
32814,29
32815,28
32816,36
32817,13
32818,20
32819,26
32820,12
32821,17
32822,3
32823,24
32824,14
32825,15
32826,5
32827,4
32828,26
32829,18
32830,20
32831,11
32832,21
32833,18
32834,19
32835,19
32836,27
32837,1
32838,24
32839,24
32840,13
32841,27
32842,7
32843,28
32844,23
32845,6
32846,3
32847,33
32848,17
32849,10
32850,9
32851,26
32852,13
32853,5
32854,20
32855,25
32856,13
32857,2
32858,24
32859,15
32860,24
32861,12
32862,14
32863,27
32864,23
32865,31
32866,3
32867,10
32868,20
32869,6
32870,26
32871,23
32872,36
32873,23
32874,35
32875,6
32876,16
32877,35
32878,18
32879,28
32880,15
32881,7
32882,10
32883,11
32884,33
32885,13
32886,31
32887,10
32888,29
32889,13
32890,17
32891,5
32892,0
32893,26
32894,30
32895,3
32896,37
32897,30
32898,6
32899,23
32900,37
32901,3
32902,11
32903,1
32904,36
32905,36
32906,6
32907,21
32908,6
32909,13
32910,16
32911,13
32912,27
32913,26
32914,34
32915,14
32916,29
32917,16
32918,3
32919,16
32920,14
32921,24
32922,13
32923,13
32924,8
32925,12
32926,26
32927,1
32928,12
32929,0
32930,13
32931,36
32932,27
32933,26
32934,15
32935,28
32936,13
32937,3
32938,9
32939,26
32940,37
32941,31
32942,1
32943,8
32944,29
32945,36
32946,34
32947,13
32948,31
32949,9
32950,10
32951,15
32952,8
32953,18
32954,35
32955,13
32956,26
32957,7
32958,18
32959,3
32960,3
32961,37
32962,22
32963,26
32964,26
32965,9
32966,1
32967,15
32968,13
32969,10
32970,11
32971,30
32972,16
32973,20
32974,16
32975,36
32976,24
32977,26
32978,13
32979,5
32980,24
32981,33
32982,13
32983,16
32984,13
32985,5
32986,20
32987,23
32988,26
32989,13
32990,17
32991,10
32992,10
32993,26
32994,11
32995,30
32996,2
32997,11
32998,13
32999,20
33000,9
33001,16
33002,9
33003,6
33004,18
33005,26
33006,13
33007,2
33008,6
33009,18
33010,25
33011,20
33012,16
33013,35
33014,16
33015,3
33016,29
33017,1
33018,0
33019,24
33020,0
33021,3
33022,28
33023,13
33024,16
33025,13
33026,26
33027,11
33028,22
33029,2
33030,11
33031,20
33032,9
33033,5
33034,20
33035,20
33036,30
33037,13
33038,6
33039,26
33040,28
33041,13
33042,21
33043,13
33044,25
33045,3
33046,27
33047,16
33048,13
33049,26
33050,6
33051,33
33052,31
33053,9
33054,13
33055,20
33056,11
33057,32
33058,18
33059,20
33060,18
33061,30
33062,3
33063,7
33064,23
33065,15
33066,26
33067,4
33068,14
33069,9
33070,26
33071,30
33072,19
33073,37
33074,33
33075,16
33076,33
33077,27
33078,26
33079,15
33080,9
33081,26
33082,15
33083,13
33084,29
33085,20
33086,16
33087,27
33088,3
33089,13
33090,16
33091,10
33092,16
33093,21
33094,13
33095,6
33096,3
33097,26
33098,3
33099,5
33100,16
33101,24
33102,10
33103,27
33104,3
33105,26
33106,30
33107,23
33108,11
33109,17
33110,34
33111,11
33112,6
33113,28
33114,2
33115,29
33116,2
33117,35
33118,37
33119,31
33120,13
33121,2
33122,17
33123,10
33124,13
33125,25
33126,30
33127,16
33128,18
33129,9
33130,15
33131,14
33132,13
33133,23
33134,16
33135,13
33136,6
33137,5
33138,17
33139,24
33140,20
33141,5
33142,7
33143,32
33144,15
33145,35
33146,18
33147,13
33148,32
33149,13
33150,18
33151,21
33152,30
33153,10
33154,20
33155,28
33156,13
33157,25
33158,35
33159,25
33160,27
33161,6
33162,15
33163,17
33164,15
33165,30
33166,0
33167,25
33168,27
33169,28
33170,5
33171,26
33172,6
33173,15
33174,17
33175,7
33176,29
33177,16
33178,24
33179,7
33180,13
33181,1
33182,16
33183,33
33184,26
33185,26
33186,7
33187,9
33188,11
33189,18
33190,13
33191,1
33192,13
33193,25
33194,11
33195,1
33196,18
33197,13
33198,13
33199,10
33200,32
33201,13
33202,15
33203,13
33204,34
33205,3
33206,13
33207,20
33208,37
33209,5
33210,35
33211,26
33212,1
33213,2
33214,3
33215,0
33216,21
33217,3
33218,7
33219,11
33220,13
33221,29
33222,34
33223,7
33224,28
33225,35
33226,6
33227,37
33228,13
33229,33
33230,2
33231,1
33232,10
33233,13
33234,12
33235,6
33236,26
33237,33
33238,19
33239,35
33240,21
33241,26
33242,5
33243,13
33244,17
33245,30
33246,13
33247,24
33248,3
33249,30
33250,20
33251,5
33252,3
33253,11
33254,22
33255,13
33256,35
33257,32
33258,21
33259,34
33260,0
33261,13
33262,36
33263,17
33264,13
33265,37
33266,1
33267,5
33268,13
33269,26
33270,10
33271,27
33272,26
33273,6
33274,0
33275,24
33276,14
33277,22
33278,13
33279,3
33280,24
33281,30
33282,27
33283,17
33284,13
33285,16
33286,10
33287,13
33288,5
33289,27
33290,26
33291,13
33292,16
33293,10
33294,0
33295,5
33296,29
33297,13
33298,6
33299,16
33300,13
33301,7
33302,23
33303,26
33304,24
33305,5
33306,22
33307,29
33308,29
33309,13
33310,21
33311,9
33312,16
33313,13
33314,32
33315,26
33316,26
33317,13
33318,26
33319,29
33320,26
33321,15
33322,7
33323,2
33324,0
33325,26
33326,30
33327,7
33328,12
33329,25
33330,1
33331,14
33332,11
33333,10
33334,0
33335,10
33336,6
33337,24
33338,16
33339,6
33340,32
33341,24
33342,27
33343,5
33344,2
33345,13
33346,3
33347,18
33348,13
33349,7
33350,18
33351,29
33352,21
33353,13
33354,26
33355,13
33356,13
33357,13
33358,6
33359,13
33360,4
33361,13
33362,13
33363,20
33364,3
33365,28
33366,20
33367,9
33368,6
33369,11
33370,29
33371,23
33372,5
33373,13
33374,6
33375,29
33376,6
33377,15
33378,13
33379,13
33380,6
33381,31
33382,26
33383,26
33384,30
33385,12
33386,29
33387,15
33388,1
33389,24
33390,26
33391,15
33392,20
33393,26
33394,19
33395,10
33396,11
33397,10
33398,10
33399,13
33400,11
33401,26
33402,22
33403,13
33404,28
33405,27
33406,31
33407,13
33408,31
33409,19
33410,10
33411,3
33412,0
33413,23
33414,37
33415,13
33416,26
33417,19
33418,31
33419,3
33420,12
33421,26
33422,37
33423,29
33424,31
33425,5
33426,6
33427,20
33428,28
33429,24
33430,0
33431,13
33432,24
33433,13
33434,33
33435,6
33436,20
33437,37
33438,2
33439,1
33440,13
33441,35
33442,29
33443,34
33444,13
33445,31
33446,20
33447,20
33448,33
33449,13
33450,12
33451,22
33452,10
33453,36
33454,30
33455,33
33456,29
33457,26
33458,23
33459,20
33460,1
33461,2
33462,2
33463,37
33464,9
33465,21
33466,18
33467,26
33468,13
33469,20
33470,35
33471,23
33472,23
33473,31
33474,13
33475,13
33476,28
33477,16
33478,15
33479,26
33480,24
33481,6
33482,11
33483,10
33484,37
33485,13
33486,24
33487,9
33488,24
33489,10
33490,13
33491,13
33492,31
33493,27
33494,22
33495,10
33496,6
33497,15
33498,13
33499,2
33500,20
33501,13
33502,26
33503,10
33504,23
33505,13
33506,22
33507,15
33508,15
33509,12
33510,27
33511,26
33512,15
33513,13
33514,1
33515,31
33516,31
33517,6
33518,30
33519,30
33520,30
33521,26
33522,16
33523,13
33524,0
33525,32
33526,32
33527,30
33528,29
33529,33
33530,26
33531,14
33532,37
33533,37
33534,15
33535,9
33536,16
33537,11
33538,21
33539,25
33540,12
33541,24
33542,13
33543,33
33544,13
33545,32
33546,1
33547,35
33548,3
33549,13
33550,14
33551,23
33552,20
33553,32
33554,36
33555,5
33556,3
33557,29
33558,26
33559,5
33560,5
33561,20
33562,3
33563,15
33564,3
33565,30
33566,26
33567,11
33568,13
33569,12
33570,4
33571,5
33572,19
33573,15
33574,2
33575,13
33576,18
33577,22
33578,35
33579,10
33580,26
33581,16
33582,28
33583,13
33584,29
33585,3
33586,27
33587,4
33588,27
33589,26
33590,31
33591,35
33592,22
33593,1
33594,37
33595,34
33596,20
33597,7
33598,31
33599,31
33600,27
33601,8
33602,15
33603,31
33604,33
33605,15
33606,13
33607,34
33608,1
33609,25
33610,3
33611,14
33612,9
33613,7
33614,2
33615,11
33616,20
33617,11
33618,11
33619,29
33620,14
33621,31
33622,27
33623,16
33624,9
33625,26
33626,29
33627,26
33628,16
33629,12
33630,24
33631,37
33632,13
33633,17
33634,11
33635,23
33636,6
33637,3
33638,12
33639,25
33640,16
33641,3
33642,11
33643,20
33644,13
33645,3
33646,26
33647,26
33648,23
33649,29
33650,27
33651,30
33652,37
33653,16
33654,15
33655,9
33656,15
33657,12
33658,6
33659,6
33660,27
33661,7
33662,19
33663,28
33664,24
33665,10
33666,15
33667,17
33668,5
33669,24
33670,3
33671,26
33672,11
33673,26
33674,12
33675,15
33676,25
33677,11
33678,3
33679,30
33680,4
33681,13
33682,3
33683,20
33684,16
33685,10
33686,14
33687,11
33688,20
33689,28
33690,1
33691,28
33692,30
33693,15
33694,32
33695,29
33696,30
33697,6
33698,8
33699,25
33700,7
33701,23
33702,33
33703,13
33704,3
33705,24
33706,18
33707,17
33708,28
33709,33
33710,13
33711,13
33712,25
33713,20
33714,23
33715,36
33716,12
33717,11
33718,20
33719,16
33720,13
33721,14
33722,24
33723,26
33724,28
33725,13
33726,37
33727,20
33728,3
33729,28
33730,3
33731,24
33732,24
33733,3
33734,13
33735,3
33736,18
33737,3
33738,29
33739,20
33740,16
33741,17
33742,17
33743,31
33744,13
33745,27
33746,3
33747,24
33748,23
33749,20
33750,18
33751,13
33752,13
33753,7
33754,24
33755,24
33756,24
33757,26
33758,26
33759,33
33760,19
33761,16
33762,3
33763,0
33764,31
33765,13
33766,24
33767,13
33768,27
33769,23
33770,12
33771,3
33772,1
33773,32
33774,23
33775,24
33776,15
33777,13
33778,26
33779,6
33780,26
33781,16
33782,20
33783,19
33784,16
33785,3
33786,10
33787,6
33788,14
33789,28
33790,21
33791,4
33792,7
33793,13
33794,31
33795,26
33796,28
33797,0
33798,6
33799,32
33800,20
33801,6
33802,25
33803,33
33804,5
33805,20
33806,21
33807,8
33808,24
33809,10
33810,26
33811,10
33812,13
33813,3
33814,14
33815,10
33816,13
33817,26
33818,2
33819,3
33820,3
33821,9
33822,30
33823,33
33824,16
33825,31
33826,13
33827,31
33828,31
33829,3
33830,33
33831,27
33832,23
33833,30
33834,18
33835,24
33836,34
33837,12
33838,0
33839,30
33840,28
33841,26
33842,7
33843,16
33844,23
33845,27
33846,16
33847,9
33848,13
33849,7
33850,3
33851,13
33852,28
33853,3
33854,16
33855,11
33856,10
33857,13
33858,33
33859,18
33860,35
33861,20
33862,27
33863,6
33864,13
33865,15
33866,15
33867,15
33868,14
33869,17
33870,24
33871,23
33872,13
33873,23
33874,30
33875,11
33876,21
33877,26
33878,5
33879,29
33880,13
33881,13
33882,3
33883,26
33884,30
33885,6
33886,27
33887,5
33888,12
33889,0
33890,20
33891,9
33892,30
33893,23
33894,15
33895,24
33896,34
33897,11
33898,26
33899,26
33900,31
33901,3
33902,22
33903,10
33904,13
33905,27
33906,20
33907,30
33908,10
33909,26
33910,23
33911,33
33912,30
33913,10
33914,10
33915,10
33916,12
33917,10
33918,0
33919,9
33920,19
33921,3
33922,23
33923,26
33924,9
33925,13
33926,23
33927,16
33928,9
33929,30
33930,26
33931,9
33932,20
33933,3
33934,28
33935,19
33936,13
33937,17
33938,2
33939,6
33940,31
33941,25
33942,26
33943,4
33944,33
33945,3
33946,26
33947,21
33948,29
33949,26
33950,13
33951,27
33952,13
33953,12
33954,29
33955,27
33956,35
33957,33
33958,11
33959,6
33960,16
33961,2
33962,33
33963,3
33964,2
33965,37
33966,32
33967,14
33968,26
33969,14
33970,13
33971,21
33972,16
33973,16
33974,17
33975,37
33976,26
33977,35
33978,16
33979,32
33980,31
33981,9
33982,1
33983,7
33984,11
33985,15
33986,20
33987,9
33988,10
33989,30
33990,14
33991,26
33992,11
33993,23
33994,3
33995,20
33996,27
33997,13
33998,15
33999,27
34000,26
34001,29
34002,33
34003,6
34004,3
34005,13
34006,0
34007,20
34008,37
34009,13
34010,3
34011,11
34012,12
34013,13
34014,7
34015,6
34016,15
34017,13
34018,26
34019,15
34020,22
34021,26
34022,13
34023,29
34024,27
34025,13
34026,13
34027,24
34028,35
34029,25
34030,2
34031,0
34032,20
34033,5
34034,33
34035,16
34036,12
34037,14
34038,26
34039,0
34040,6
34041,2
34042,13
34043,2
34044,31
34045,34
34046,3
34047,29
34048,10
34049,16
34050,20
34051,10
34052,34
34053,19
34054,29
34055,3
34056,35
34057,13
34058,20
34059,12
34060,23
34061,7
34062,13
34063,3
34064,17
34065,18
34066,14
34067,26
34068,20
34069,37
34070,13
34071,26
34072,17
34073,34
34074,28
34075,9
34076,26
34077,29
34078,15
34079,26
34080,20
34081,13
34082,31
34083,13
34084,13
34085,17
34086,37
34087,0
34088,26
34089,0
34090,29
34091,13
34092,29
34093,37
34094,10
34095,26
34096,12
34097,1
34098,13
34099,6
34100,20
34101,9
34102,11
34103,19
34104,33
34105,3
34106,16
34107,6
34108,2
34109,26
34110,16
34111,7
34112,10
34113,17
34114,13
34115,3
34116,11
34117,19
34118,14
34119,29
34120,15
34121,16
34122,33
34123,15
34124,28
34125,26
34126,10
34127,26
34128,27
34129,13
34130,24
34131,20
34132,26
34133,10
34134,15
34135,31
34136,33
34137,14
34138,26
34139,29
34140,6
34141,16
34142,13
34143,17
34144,8
34145,19
34146,35
34147,14
34148,6
34149,31
34150,13
34151,6
34152,5
34153,23
34154,6
34155,18
34156,29
34157,3
34158,10
34159,17
34160,31
34161,21
34162,31
34163,9
34164,7
34165,10
34166,13
34167,7
34168,36
34169,26
34170,34
34171,25
34172,0
34173,29
34174,29
34175,0
34176,16
34177,10
34178,37
34179,30
34180,4
34181,20
34182,33
34183,3
34184,25
34185,17
34186,1
34187,11
34188,17
34189,9
34190,34
34191,15
34192,26
34193,13
34194,31
34195,3
34196,20
34197,32
34198,6
34199,26
34200,0
34201,13
34202,34
34203,7
34204,15
34205,35
34206,17
34207,30
34208,11
34209,1
34210,37
34211,13
34212,30
34213,37
34214,35
34215,13
34216,30
34217,27
34218,20
34219,27
34220,6
34221,26
34222,3
34223,34
34224,33
34225,26
34226,13
34227,15
34228,10
34229,13
34230,30
34231,36
34232,20
34233,13
34234,18
34235,23
34236,0
34237,31
34238,20
34239,35
34240,29
34241,21
34242,28
34243,13
34244,30
34245,22
34246,25
34247,15
34248,28
34249,13
34250,13
34251,33
34252,5
34253,30
34254,11
34255,24
34256,31
34257,7
34258,20
34259,21
34260,27
34261,21
34262,10
34263,26
34264,26
34265,13
34266,10
34267,36
34268,36
34269,8
34270,13
34271,13
34272,12
34273,13
34274,13
34275,29
34276,13
34277,11
34278,8
34279,10
34280,16
34281,5
34282,26
34283,13
34284,0
34285,1
34286,24
34287,34
34288,7
34289,9
34290,36
34291,24
34292,6
34293,31
34294,13
34295,13
34296,12
34297,2
34298,2
34299,14
34300,31
34301,13
34302,16
34303,21
34304,1
34305,15
34306,15
34307,13
34308,0
34309,33
34310,20
34311,11
34312,26
34313,17
34314,10
34315,20
34316,27
34317,26
34318,31
34319,10
34320,1
34321,20
34322,12
34323,32
34324,1
34325,10
34326,12
34327,13
34328,29
34329,0
34330,28
34331,28
34332,35
34333,27
34334,26
34335,15
34336,11
34337,11
34338,5
34339,33
34340,10
34341,13
34342,10
34343,11
34344,26
34345,30
34346,19
34347,2
34348,14
34349,33
34350,1
34351,26
34352,29
34353,13
34354,8
34355,1
34356,17
34357,10
34358,1
34359,27
34360,29
34361,5
34362,8
34363,6
34364,33
34365,11
34366,14
34367,15
34368,5
34369,27
34370,31
34371,19
34372,21
34373,36
34374,31
34375,28
34376,10
34377,20
34378,7
34379,37
34380,6
34381,7
34382,31
34383,16
34384,13
34385,16
34386,12
34387,3
34388,11
34389,7
34390,37
34391,4
34392,6
34393,24
34394,16
34395,29
34396,7
34397,18
34398,26
34399,5
34400,7
34401,14
34402,18
34403,26
34404,30
34405,0
34406,31
34407,30
34408,3
34409,13
34410,11
34411,26
34412,33
34413,18
34414,30
34415,32
34416,26
34417,21
34418,10
34419,37
34420,23
34421,21
34422,36
34423,35
34424,33
34425,1
34426,13
34427,26
34428,26
34429,11
34430,20
34431,7
34432,31
34433,11
34434,35
34435,3
34436,25
34437,26
34438,36
34439,11
34440,30
34441,5
34442,30
34443,23
34444,2
34445,17
34446,35
34447,6
34448,16
34449,23
34450,9
34451,26
34452,13
34453,28
34454,29
34455,6
34456,34
34457,5
34458,13
34459,34
34460,6
34461,13
34462,16
34463,5
34464,8
34465,3
34466,13
34467,13
34468,3
34469,0
34470,24
34471,26
34472,23
34473,15
34474,13
34475,11
34476,30
34477,20
34478,4
34479,31
34480,9
34481,16
34482,24
34483,2
34484,13
34485,5
34486,6
34487,7
34488,20
34489,31
34490,18
34491,28
34492,26
34493,1
34494,5
34495,13
34496,13
34497,10
34498,3
34499,6
34500,2
34501,16
34502,14
34503,15
34504,33
34505,28
34506,11
34507,6
34508,24
34509,22
34510,21
34511,13
34512,36
34513,6
34514,33
34515,2
34516,6
34517,28
34518,26
34519,33
34520,26
34521,26
34522,25
34523,7
34524,30
34525,27
34526,6
34527,31
34528,6
34529,0
34530,34
34531,12
34532,29
34533,27
34534,15
34535,25
34536,31
34537,13
34538,9
34539,27
34540,10
34541,29
34542,16
34543,1
34544,26
34545,19
34546,30
34547,18
34548,22
34549,16
34550,20
34551,13
34552,1
34553,12
34554,1
34555,15
34556,26
34557,30
34558,26
34559,18
34560,33
34561,26
34562,4
34563,5
34564,10
34565,13
34566,5
34567,11
34568,20
34569,15
34570,4
34571,22
34572,26
34573,34
34574,1
34575,29
34576,10
34577,21
34578,8
34579,26
34580,34
34581,10
34582,16
34583,13
34584,32
34585,3
34586,9
34587,26
34588,21
34589,6
34590,24
34591,1
34592,14
34593,12
34594,16
34595,22
34596,26
34597,21
34598,12
34599,3
34600,7
34601,26
34602,18
34603,24
34604,30
34605,13
34606,10
34607,34
34608,5
34609,26
34610,24
34611,13
34612,13
34613,13
34614,27
34615,15
34616,26
34617,6
34618,26
34619,6
34620,0
34621,18
34622,24
34623,0
34624,6
34625,13
34626,3
34627,21
34628,14
34629,33
34630,1
34631,6
34632,31
34633,13
34634,10
34635,17
34636,7
34637,4
34638,1
34639,25
34640,13
34641,20
34642,15
34643,1
34644,26
34645,6
34646,27
34647,36
34648,5
34649,3
34650,14
34651,15
34652,35
34653,26
34654,26
34655,2
34656,5
34657,5
34658,26
34659,9
34660,31
34661,29
34662,11
34663,26
34664,3
34665,26
34666,26
34667,25
34668,30
34669,6
34670,9
34671,27
34672,37
34673,26
34674,11
34675,30
34676,31
34677,16
34678,30
34679,34
34680,10
34681,15
34682,3
34683,20
34684,3
34685,13
34686,34
34687,10
34688,5
34689,2
34690,29
34691,13
34692,26
34693,30
34694,31
34695,9
34696,32
34697,11
34698,11
34699,7
34700,6
34701,15
34702,26
34703,30
34704,26
34705,27
34706,33
34707,29
34708,13
34709,29
34710,13
34711,5
34712,30
34713,26
34714,3
34715,26
34716,17
34717,24
34718,33
34719,11
34720,28
34721,2
34722,11
34723,13
34724,3
34725,5
34726,3
34727,23
34728,3
34729,26
34730,19
34731,10
34732,34
34733,5
34734,8
34735,20
34736,6
34737,27
34738,32
34739,31
34740,6
34741,5
34742,6
34743,3
34744,34
34745,3
34746,31
34747,15
34748,17
34749,31
34750,8
34751,0
34752,13
34753,18
34754,10
34755,13
34756,11
34757,10
34758,24
34759,13
34760,14
34761,0
34762,2
34763,5
34764,6
34765,10
34766,3
34767,3
34768,3
34769,24
34770,29
34771,25
34772,10
34773,11
34774,18
34775,31
34776,11
34777,13
34778,1
34779,9
34780,26
34781,31
34782,20
34783,13
34784,7
34785,15
34786,9
34787,6
34788,16
34789,29
34790,30
34791,15
34792,31
34793,19
34794,30
34795,6
34796,24
34797,22
34798,26
34799,33
34800,3
34801,13
34802,26
34803,24
34804,31
34805,10
34806,33
34807,31
34808,6
34809,15
34810,29
34811,11
34812,6
34813,31
34814,26
34815,13
34816,0
34817,33
34818,7
34819,3
34820,1
34821,2
34822,13
34823,7
34824,20
34825,31
34826,6
34827,20
34828,13
34829,23
34830,13
34831,20
34832,29
34833,16
34834,2
34835,13
34836,13
34837,33
34838,13
34839,6
34840,11
34841,13
34842,20
34843,0
34844,11
34845,13
34846,26
34847,5
34848,33
34849,1
34850,36
34851,16
34852,37
34853,3
34854,13
34855,15
34856,3
34857,26
34858,13
34859,31
34860,20
34861,0
34862,13
34863,16
34864,10
34865,17
34866,33
34867,18
34868,24
34869,15
34870,28
34871,0
34872,18
34873,10
34874,16
34875,18
34876,24
34877,26
34878,13
34879,26
34880,28
34881,26
34882,0
34883,26
34884,20
34885,3
34886,18
34887,26
34888,21
34889,26
34890,5
34891,26
34892,29
34893,6
34894,29
34895,12
34896,23
34897,13
34898,3
34899,9
34900,20
34901,18
34902,34
34903,14
34904,26
34905,14
34906,0
34907,36
34908,30
34909,7
34910,15
34911,33
34912,16
34913,33
34914,5
34915,26
34916,6
34917,29
34918,3
34919,11
34920,35
34921,5
34922,26
34923,13
34924,26
34925,16
34926,1
34927,7
34928,9
34929,11
34930,27
34931,9
34932,37
34933,25
34934,18
34935,3
34936,0
34937,20
34938,9
34939,23
34940,3
34941,23
34942,37
34943,24
34944,10
34945,9
34946,5
34947,11
34948,3
34949,3
34950,18
34951,7
34952,19
34953,10
34954,5
34955,31
34956,33
34957,15
34958,10
34959,37
34960,26
34961,6
34962,13
34963,10
34964,37
34965,37
34966,34
34967,26
34968,11
34969,26
34970,20
34971,15
34972,16
34973,13
34974,23
34975,11
34976,3
34977,20
34978,26
34979,5
34980,26
34981,15
34982,33
34983,12
34984,8
34985,27
34986,13
34987,3
34988,27
34989,19
34990,3
34991,17
34992,24
34993,3
34994,0
34995,7
34996,32
34997,10
34998,30
34999,3
35000,25
35001,2
35002,16
35003,13
35004,17
35005,3
35006,1
35007,7
35008,20
35009,27
35010,3
35011,7
35012,22
35013,30
35014,13
35015,3
35016,13
35017,32
35018,31
35019,6
35020,27
35021,9
35022,25
35023,23
35024,33
35025,26
35026,21
35027,30
35028,20
35029,18
35030,10
35031,18
35032,0
35033,17
35034,24
35035,27
35036,24
35037,26
35038,13
35039,18
35040,7
35041,0
35042,19
35043,30
35044,26
35045,7
35046,11
35047,26
35048,9
35049,16
35050,16
35051,13
35052,19
35053,7
35054,13
35055,4
35056,27
35057,11
35058,6
35059,21
35060,6
35061,15
35062,24
35063,29
35064,2
35065,13
35066,30
35067,27
35068,26
35069,3
35070,13
35071,17
35072,15
35073,21
35074,24
35075,31
35076,2
35077,10
35078,6
35079,15
35080,15
35081,7
35082,7
35083,13
35084,28
35085,13
35086,10
35087,29
35088,26
35089,21
35090,35
35091,20
35092,2
35093,24
35094,10
35095,9
35096,34
35097,0
35098,31
35099,0
35100,13
35101,23
35102,24
35103,13
35104,13
35105,7
35106,21
35107,17
35108,24
35109,1
35110,2
35111,26
35112,10
35113,30
35114,10
35115,13
35116,2
35117,7
35118,15
35119,9
35120,7
35121,18
35122,27
35123,14
35124,25
35125,33
35126,6
35127,20
35128,33
35129,13
35130,18
35131,19
35132,5
35133,26
35134,13
35135,16
35136,3
35137,13
35138,30
35139,5
35140,26
35141,24
35142,16
35143,23
35144,26
35145,23
35146,21
35147,1
35148,5
35149,31
35150,20
35151,26
35152,27
35153,36
35154,3
35155,23
35156,13
35157,29
35158,30
35159,21
35160,5
35161,9
35162,3
35163,33
35164,24
35165,10
35166,13
35167,29
35168,4
35169,29
35170,31
35171,26
35172,12
35173,14
35174,35
35175,17
35176,0
35177,11
35178,37
35179,11
35180,32
35181,6
35182,29
35183,3
35184,18
35185,19
35186,10
35187,7
35188,5
35189,10
35190,0
35191,24
35192,14
35193,19
35194,26
35195,30
35196,23
35197,31
35198,10
35199,8
35200,20
35201,31
35202,35
35203,15
35204,18
35205,14
35206,37
35207,27
35208,17
35209,19
35210,13
35211,3
35212,33
35213,8
35214,31
35215,7
35216,26
35217,13
35218,12
35219,6
35220,35
35221,22
35222,24
35223,5
35224,6
35225,23
35226,0
35227,2
35228,10
35229,15
35230,33
35231,20
35232,20
35233,21
35234,7
35235,3
35236,26
35237,15
35238,6
35239,10
35240,18
35241,37
35242,13
35243,29
35244,11
35245,29
35246,13
35247,29
35248,18
35249,11
35250,16
35251,31
35252,24
35253,29
35254,6
35255,10
35256,11
35257,32
35258,13
35259,11
35260,11
35261,9
35262,30
35263,18
35264,3
35265,34
35266,17
35267,26
35268,22
35269,26
35270,26
35271,13
35272,3
35273,30
35274,16
35275,13
35276,27
35277,13
35278,15
35279,10
35280,7
35281,1
35282,21
35283,31
35284,26
35285,18
35286,24
35287,26
35288,31
35289,3
35290,22
35291,13
35292,27
35293,23
35294,20
35295,31
35296,26
35297,29
35298,5
35299,16
35300,26
35301,29
35302,29
35303,2
35304,16
35305,13
35306,3
35307,25
35308,5
35309,22
35310,0
35311,34
35312,37
35313,17
35314,26
35315,1
35316,27
35317,1
35318,5
35319,2
35320,1
35321,29
35322,3
35323,30
35324,9
35325,25
35326,26
35327,6
35328,12
35329,10
35330,11
35331,3
35332,20
35333,19
35334,26
35335,21
35336,12
35337,37
35338,23
35339,26
35340,12
35341,1
35342,4
35343,26
35344,13
35345,6
35346,3
35347,12
35348,29
35349,16
35350,5
35351,29
35352,21
35353,34
35354,24
35355,37
35356,13
35357,3
35358,13
35359,13
35360,19
35361,13
35362,26
35363,5
35364,10
35365,26
35366,29
35367,26
35368,33
35369,21
35370,13
35371,11
35372,0
35373,14
35374,0
35375,31
35376,3
35377,25
35378,11
35379,29
35380,1
35381,16
35382,19
35383,33
35384,16
35385,26
35386,22
35387,22
35388,29
35389,13
35390,0
35391,10
35392,7
35393,26
35394,13
35395,13
35396,24
35397,20
35398,35
35399,19
35400,3
35401,24
35402,25
35403,32
35404,15
35405,8
35406,9
35407,3
35408,23
35409,26
35410,13
35411,26
35412,27
35413,10
35414,19
35415,31
35416,11
35417,3
35418,15
35419,1
35420,22
35421,19
35422,13
35423,34
35424,3
35425,25
35426,12
35427,6
35428,3
35429,26
35430,2
35431,5
35432,14
35433,26
35434,33
35435,34
35436,23
35437,16
35438,24
35439,28
35440,0
35441,16
35442,22
35443,21
35444,26
35445,25
35446,36
35447,7
35448,14
35449,20
35450,2
35451,27
35452,22
35453,7
35454,26
35455,9
35456,23
35457,37
35458,31
35459,5
35460,27
35461,20
35462,26
35463,6
35464,29
35465,29
35466,26
35467,18
35468,33
35469,2
35470,22
35471,13
35472,26
35473,31
35474,3
35475,10
35476,13
35477,3
35478,13
35479,9
35480,37
35481,26
35482,13
35483,16
35484,26
35485,35
35486,0
35487,18
35488,30
35489,24
35490,10
35491,3
35492,15
35493,7
35494,15
35495,0
35496,1
35497,20
35498,33
35499,3
35500,13
35501,6
35502,29
35503,26
35504,3
35505,12
35506,6
35507,29
35508,5
35509,28
35510,5
35511,3
35512,0
35513,21
35514,28
35515,13
35516,34
35517,5
35518,13
35519,16
35520,7
35521,7
35522,1
35523,33
35524,5
35525,13
35526,10
35527,10
35528,36
35529,13
35530,26
35531,31
35532,29
35533,6
35534,7
35535,6
35536,10
35537,29
35538,30
35539,24
35540,20
35541,15
35542,7
35543,3
35544,20
35545,6
35546,18
35547,20
35548,21
35549,22
35550,16
35551,26
35552,15
35553,26
35554,22
35555,34
35556,27
35557,29
35558,14
35559,26
35560,26
35561,30
35562,10
35563,6
35564,10
35565,33
35566,13
35567,7
35568,3
35569,18
35570,36
35571,20
35572,13
35573,33
35574,27
35575,26
35576,13
35577,3
35578,29
35579,13
35580,24
35581,36
35582,29
35583,37
35584,10
35585,11
35586,22
35587,15
35588,26
35589,10
35590,36
35591,5
35592,13
35593,18
35594,20
35595,15
35596,13
35597,13
35598,29
35599,1
35600,3
35601,26
35602,31
35603,26
35604,24
35605,10
35606,9
35607,16
35608,15
35609,0
35610,2
35611,6
35612,28
35613,0
35614,24
35615,13
35616,3
35617,13
35618,24
35619,5
35620,29
35621,36
35622,13
35623,37
35624,21
35625,23
35626,36
35627,6
35628,21
35629,13
35630,29
35631,20
35632,26
35633,26
35634,13
35635,36
35636,33
35637,15
35638,20
35639,37
35640,14
35641,13
35642,5
35643,26
35644,8
35645,14
35646,19
35647,31
35648,28
35649,23
35650,10
35651,10
35652,5
35653,1
35654,26
35655,16
35656,6
35657,21
35658,26
35659,3
35660,5
35661,20
35662,18
35663,26
35664,24
35665,12
35666,24
35667,12
35668,13
35669,22
35670,3
35671,30
35672,11
35673,6
35674,10
35675,18
35676,27
35677,27
35678,5
35679,10
35680,37
35681,3
35682,10
35683,9
35684,13
35685,13
35686,13
35687,31
35688,13
35689,10
35690,31
35691,6
35692,3
35693,19
35694,27
35695,36
35696,13
35697,12
35698,3
35699,24
35700,23
35701,10
35702,26
35703,34
35704,26
35705,7
35706,26
35707,16
35708,13
35709,18
35710,20
35711,35
35712,25
35713,27
35714,14
35715,15
35716,3
35717,18
35718,29
35719,32
35720,14
35721,29
35722,36
35723,9
35724,34
35725,4
35726,0
35727,20
35728,16
35729,11
35730,13
35731,16
35732,33
35733,16
35734,5
35735,3
35736,27
35737,24
35738,24
35739,26
35740,20
35741,13
35742,25
35743,3
35744,28
35745,3
35746,30
35747,10
35748,27
35749,29
35750,24
35751,6
35752,10
35753,33
35754,24
35755,6
35756,14
35757,13
35758,13
35759,37
35760,3
35761,22
35762,3
35763,16
35764,8
35765,35
35766,26
35767,10
35768,16
35769,31
35770,7
35771,3
35772,23
35773,21
35774,14
35775,31
35776,27
35777,26
35778,26
35779,3
35780,26
35781,13
35782,11
35783,11
35784,3
35785,7
35786,6
35787,31
35788,1
35789,28
35790,13
35791,3
35792,5
35793,13
35794,29
35795,5
35796,13
35797,11
35798,14
35799,30
35800,13
35801,10
35802,26
35803,26
35804,26
35805,16
35806,24
35807,36
35808,19
35809,9
35810,33
35811,26
35812,30
35813,28
35814,33
35815,26
35816,26
35817,13
35818,34
35819,27
35820,16
35821,24
35822,16
35823,6
35824,15
35825,23
35826,25
35827,6
35828,34
35829,37
35830,26
35831,15
35832,13
35833,23
35834,20
35835,24
35836,21
35837,0
35838,6
35839,26
35840,10
35841,27
35842,31
35843,13
35844,6
35845,27
35846,35
35847,18
35848,37
35849,33
35850,6
35851,3
35852,32
35853,15
35854,18
35855,26
35856,10
35857,15
35858,20
35859,13
35860,10
35861,9
35862,0
35863,24
35864,22
35865,34
35866,33
35867,5
35868,35
35869,3
35870,2
35871,5
35872,11
35873,6
35874,9
35875,3
35876,2
35877,7
35878,26
35879,15
35880,5
35881,26
35882,8
35883,4
35884,3
35885,5
35886,32
35887,20
35888,10
35889,16
35890,23
35891,23
35892,13
35893,33
35894,26
35895,7
35896,19
35897,9
35898,3
35899,11
35900,24
35901,7
35902,29
35903,13
35904,6
35905,13
35906,30
35907,33
35908,5
35909,13
35910,13
35911,0
35912,13
35913,10
35914,26
35915,10
35916,12
35917,15
35918,37
35919,25
35920,13
35921,31
35922,13
35923,28
35924,18
35925,16
35926,2
35927,6
35928,6
35929,37
35930,6
35931,24
35932,13
35933,13
35934,13
35935,2
35936,9
35937,30
35938,29
35939,18
35940,16
35941,24
35942,24
35943,13
35944,24
35945,10
35946,35
35947,2
35948,24
35949,7
35950,12
35951,10
35952,16
35953,15
35954,19
35955,10
35956,22
35957,10
35958,37
35959,21
35960,7
35961,16
35962,33
35963,0
35964,30
35965,27
35966,10
35967,19
35968,2
35969,4
35970,35
35971,20
35972,24
35973,5
35974,16
35975,14
35976,10
35977,29
35978,21
35979,10
35980,29
35981,35
35982,18
35983,1
35984,23
35985,26
35986,6
35987,37
35988,13
35989,30
35990,6
35991,23
35992,23
35993,30
35994,37
35995,10
35996,33
35997,15
35998,32
35999,17
36000,19
36001,15
36002,26
36003,29
36004,26
36005,14
36006,20
36007,30
36008,13
36009,6
36010,1
36011,22
36012,13
36013,7
36014,26
36015,20
36016,28
36017,0
36018,3
36019,2
36020,13
36021,26
36022,20
36023,18
36024,13
36025,16
36026,26
36027,13
36028,3
36029,24
36030,25
36031,1
36032,3
36033,13
36034,18
36035,13
36036,28
36037,33
36038,14
36039,26
36040,18
36041,26
36042,16
36043,14
36044,3
36045,31
36046,33
36047,16
36048,10
36049,14
36050,3
36051,37
36052,26
36053,14
36054,3
36055,26
36056,10
36057,25
36058,29
36059,26
36060,1
36061,29
36062,10
36063,13
36064,19
36065,18
36066,29
36067,26
36068,31
36069,0
36070,12
36071,15
36072,0
36073,26
36074,10
36075,29
36076,11
36077,13
36078,20
36079,6
36080,28
36081,7
36082,13
36083,9
36084,13
36085,17
36086,13
36087,11
36088,11
36089,32
36090,22
36091,10
36092,20
36093,8
36094,5
36095,13
36096,20
36097,10
36098,36
36099,26
36100,16
36101,5
36102,25
36103,6
36104,26
36105,36
36106,7
36107,23
36108,16
36109,13
36110,6
36111,26
36112,10
36113,11
36114,3
36115,10
36116,37
36117,26
36118,35
36119,24
36120,20
36121,6
36122,3
36123,32
36124,9
36125,26
36126,1
36127,2
36128,13
36129,0
36130,28
36131,13
36132,13
36133,9
36134,31
36135,28
36136,3
36137,30
36138,25
36139,7
36140,13
36141,13
36142,32
36143,11
36144,6
36145,31
36146,16
36147,31
36148,10
36149,3
36150,6
36151,13
36152,5
36153,26
36154,7
36155,13
36156,0
36157,9
36158,34
36159,23
36160,27
36161,28
36162,20
36163,27
36164,33
36165,13
36166,7
36167,24
36168,10
36169,17
36170,30
36171,5
36172,19
36173,28
36174,16
36175,13
36176,27
36177,25
36178,22
36179,26
36180,29
36181,3
36182,27
36183,29
36184,26
36185,29
36186,26
36187,3
36188,30
36189,27
36190,7
36191,34
36192,35
36193,24
36194,28
36195,10
36196,10
36197,32
36198,13
36199,29
36200,7
36201,3
36202,31
36203,35
36204,17
36205,16
36206,16
36207,10
36208,13
36209,20
36210,23
36211,13
36212,7
36213,28
36214,31
36215,20
36216,1
36217,5
36218,1
36219,31
36220,13
36221,5
36222,24
36223,13
36224,24
36225,22
36226,36
36227,26
36228,11
36229,6
36230,19
36231,16
36232,28
36233,6
36234,7
36235,2
36236,21
36237,6
36238,6
36239,3
36240,37
36241,20
36242,15
36243,0
36244,18
36245,13
36246,15
36247,26
36248,6
36249,3
36250,25
36251,18
36252,23
36253,11
36254,16
36255,19
36256,30
36257,13
36258,16
36259,13
36260,13
36261,23
36262,37
36263,17
36264,35
36265,32
36266,24
36267,10
36268,13
36269,29
36270,9
36271,13
36272,7
36273,11
36274,29
36275,13
36276,19
36277,24
36278,13
36279,5
36280,26
36281,0
36282,7
36283,3
36284,31
36285,13
36286,34
36287,8
36288,25
36289,13
36290,22
36291,22
36292,9
36293,34
36294,33
36295,13
36296,24
36297,3
36298,13
36299,30
36300,26
36301,12
36302,1
36303,2
36304,10
36305,6
36306,26
36307,10
36308,10
36309,17
36310,13
36311,33
36312,11
36313,11
36314,2
36315,26
36316,20
36317,16
36318,14
36319,8
36320,3
36321,29
36322,26
36323,7
36324,10
36325,13
36326,17
36327,3
36328,31
36329,6
36330,33
36331,13
36332,13
36333,3
36334,20
36335,30
36336,21
36337,22
36338,9
36339,26
36340,32
36341,16
36342,29
36343,11
36344,9
36345,11
36346,36
36347,13
36348,33
36349,13
36350,11
36351,33
36352,9
36353,26
36354,31
36355,17
36356,8
36357,26
36358,13
36359,12
36360,10
36361,29
36362,13
36363,5
36364,21
36365,29
36366,35
36367,0
36368,28
36369,30
36370,7
36371,31
36372,22
36373,27
36374,13
36375,13
36376,13
36377,17
36378,7
36379,6
36380,35
36381,3
36382,26
36383,13
36384,29
36385,10
36386,26
36387,33
36388,31
36389,14
36390,6
36391,20
36392,37
36393,31
36394,21
36395,16
36396,13
36397,29
36398,31
36399,21
36400,22
36401,30
36402,9
36403,14
36404,22
36405,29
36406,36
36407,31
36408,13
36409,28
36410,15
36411,9
36412,26
36413,32
36414,2
36415,17
36416,6
36417,24
36418,29
36419,16
36420,18
36421,26
36422,33
36423,7
36424,13
36425,33
36426,11
36427,33
36428,22
36429,26
36430,20
36431,24
36432,7
36433,27
36434,35
36435,12
36436,13
36437,31
36438,31
36439,20
36440,20
36441,0
36442,6
36443,3
36444,9
36445,11
36446,7
36447,29
36448,3
36449,13
36450,13
36451,3
36452,3
36453,24
36454,16
36455,6
36456,13
36457,30
36458,0
36459,33
36460,33
36461,11
36462,0
36463,14
36464,13
36465,33
36466,26
36467,16
36468,26
36469,13
36470,30
36471,17
36472,34
36473,24
36474,4
36475,1
36476,17
36477,27
36478,35
36479,13
36480,10
36481,36
36482,27
36483,13
36484,16
36485,3
36486,10
36487,30
36488,5
36489,25
36490,28
36491,34
36492,29
36493,30
36494,33
36495,3
36496,20
36497,26
36498,11
36499,13
36500,1
36501,9
36502,29
36503,26
36504,3
36505,6
36506,17
36507,1
36508,33
36509,23
36510,13
36511,9
36512,31
36513,31
36514,7
36515,13
36516,29
36517,29
36518,22
36519,13
36520,22
36521,17
36522,10
36523,7
36524,15
36525,15
36526,26
36527,3
36528,37
36529,0
36530,13
36531,26
36532,13
36533,6
36534,34
36535,35
36536,16
36537,15
36538,33
36539,22
36540,13
36541,27
36542,19
36543,5
36544,12
36545,23
36546,5
36547,33
36548,15
36549,29
36550,35
36551,13
36552,26
36553,13
36554,33
36555,21
36556,26
36557,2
36558,31
36559,9
36560,13
36561,26
36562,10
36563,20
36564,4
36565,32
36566,10
36567,3
36568,36
36569,13
36570,13
36571,4
36572,8
36573,10
36574,26
36575,13
36576,13
36577,13
36578,23
36579,37
36580,20
36581,10
36582,1
36583,13
36584,26
36585,7
36586,31
36587,6
36588,3
36589,17
36590,27
36591,16
36592,7
36593,26
36594,29
36595,6
36596,32
36597,26
36598,13
36599,0
36600,11
36601,4
36602,6
36603,30
36604,36
36605,33
36606,25
36607,26
36608,27
36609,9
36610,13
36611,13
36612,15
36613,13
36614,30
36615,30
36616,13
36617,16
36618,13
36619,30
36620,29
36621,31
36622,13
36623,29
36624,31
36625,10
36626,28
36627,16
36628,13
36629,30
36630,1
36631,26
36632,26
36633,12
36634,15
36635,31
36636,13
36637,13
36638,7
36639,3
36640,32
36641,31
36642,28
36643,13
36644,10
36645,22
36646,9
36647,22
36648,1
36649,16
36650,15
36651,6
36652,26
36653,15
36654,26
36655,17
36656,1
36657,20
36658,13
36659,6
36660,13
36661,33
36662,34
36663,16
36664,30
36665,30
36666,20
36667,13
36668,31
36669,6
36670,3
36671,26
36672,19
36673,16
36674,17
36675,29
36676,20
36677,26
36678,16
36679,13
36680,6
36681,28
36682,13
36683,6
36684,4
36685,6
36686,24
36687,4
36688,26
36689,28
36690,11
36691,0
36692,8
36693,2
36694,7
36695,26
36696,1
36697,16
36698,9
36699,3
36700,27
36701,14
36702,11
36703,33
36704,15
36705,21
36706,15
36707,35
36708,24
36709,6
36710,9
36711,6
36712,26
36713,0
36714,6
36715,7
36716,11
36717,27
36718,3
36719,26
36720,8
36721,26
36722,25
36723,13
36724,13
36725,29
36726,30
36727,3
36728,26
36729,9
36730,31
36731,15
36732,26
36733,6
36734,23
36735,25
36736,28
36737,35
36738,9
36739,0
36740,27
36741,7
36742,11
36743,13
36744,13
36745,12
36746,1
36747,37
36748,13
36749,26
36750,24
36751,26
36752,13
36753,2
36754,3
36755,28
36756,27
36757,16
36758,30
36759,16
36760,0
36761,16
36762,6
36763,10
36764,13
36765,26
36766,24
36767,0
36768,10
36769,1
36770,14
36771,24
36772,6
36773,5
36774,2
36775,20
36776,18
36777,32
36778,3
36779,35
36780,29
36781,34
36782,13
36783,3
36784,34
36785,35
36786,20
36787,24
36788,20
36789,1
36790,13
36791,20
36792,10
36793,3
36794,1
36795,24
36796,20
36797,5
36798,30
36799,7
36800,3
36801,20
36802,13
36803,13
36804,31
36805,33
36806,15
36807,34
36808,26
36809,7
36810,2
36811,5
36812,1
36813,26
36814,6
36815,30
36816,10
36817,33
36818,14
36819,25
36820,36
36821,13
36822,13
36823,24
36824,9
36825,23
36826,16
36827,10
36828,8
36829,3
36830,7
36831,30
36832,3
36833,26
36834,16
36835,15
36836,33
36837,2
36838,6
36839,20
36840,35
36841,11
36842,0
36843,13
36844,11
36845,15
36846,16
36847,25
36848,6
36849,11
36850,4
36851,10
36852,13
36853,2
36854,19
36855,26
36856,11
36857,26
36858,0
36859,13
36860,23
36861,19
36862,13
36863,2
36864,6
36865,11
36866,34
36867,13
36868,37
36869,23
36870,31
36871,2
36872,10
36873,26
36874,34
36875,37
36876,13
36877,16
36878,26
36879,27
36880,3
36881,18
36882,20
36883,23
36884,20
36885,9
36886,11
36887,37
36888,11
36889,33
36890,35
36891,7
36892,37
36893,6
36894,13
36895,30
36896,13
36897,6
36898,24
36899,0
36900,5
36901,27
36902,29
36903,16
36904,10
36905,27
36906,9
36907,21
36908,2
36909,24
36910,26
36911,13
36912,10
36913,10
36914,33
36915,14
36916,11
36917,36
36918,25
36919,20
36920,13
36921,16
36922,22
36923,11
36924,13
36925,16
36926,35
36927,1
36928,3
36929,15
36930,1
36931,26
36932,33
36933,14
36934,22
36935,26
36936,16
36937,3
36938,31
36939,13
36940,3
36941,13
36942,6
36943,16
36944,1
36945,22
36946,0
36947,3
36948,29
36949,16
36950,13
36951,21
36952,13
36953,13
36954,15
36955,7
36956,3
36957,2
36958,24
36959,9
36960,35
36961,11
36962,5
36963,3
36964,28
36965,26
36966,22
36967,29
36968,1
36969,8
36970,11
36971,12
36972,37
36973,5
36974,13
36975,13
36976,12
36977,12
36978,11
36979,3
36980,16
36981,13
36982,34
36983,15
36984,33
36985,10
36986,35
36987,1
36988,5
36989,13
36990,11
36991,20
36992,11
36993,0
36994,28
36995,18
36996,28
36997,30
36998,4
36999,14
37000,1
37001,29
37002,26
37003,33
37004,7
37005,25
37006,19
37007,6
37008,13
37009,25
37010,36
37011,15
37012,20
37013,26
37014,13
37015,0
37016,13
37017,21
37018,5
37019,27
37020,1
37021,13
37022,19
37023,13
37024,33
37025,0
37026,5
37027,26
37028,31
37029,5
37030,36
37031,13
37032,13
37033,33
37034,26
37035,31
37036,18
37037,34
37038,25
37039,24
37040,10
37041,23
37042,16
37043,10
37044,29
37045,16
37046,31
37047,29
37048,19
37049,33
37050,19
37051,28
37052,26
37053,4
37054,32
37055,2
37056,5
37057,6
37058,22
37059,17
37060,18
37061,6
37062,13
37063,13
37064,19
37065,14
37066,23
37067,11
37068,20
37069,26
37070,13
37071,13
37072,30
37073,15
37074,25
37075,13
37076,26
37077,26
37078,13
37079,15
37080,15
37081,20
37082,22
37083,26
37084,24
37085,13
37086,25
37087,13
37088,13
37089,13
37090,2
37091,13
37092,3
37093,37
37094,12
37095,33
37096,29
37097,29
37098,11
37099,7
37100,30
37101,2
37102,19
37103,18
37104,9
37105,23
37106,0
37107,13
37108,15
37109,33
37110,11
37111,5
37112,13
37113,16
37114,9
37115,3
37116,18
37117,31
37118,29
37119,15
37120,18
37121,5
37122,23
37123,35
37124,28
37125,11
37126,34
37127,13
37128,13
37129,13
37130,14
37131,5
37132,25
37133,22
37134,8
37135,26
37136,16
37137,20
37138,10
37139,26
37140,3
37141,20
37142,26
37143,30
37144,13
37145,2
37146,26
37147,7
37148,13
37149,30
37150,19
37151,10
37152,26
37153,13
37154,26
37155,30
37156,30
37157,37
37158,18
37159,24
37160,33
37161,10
37162,26
37163,10
37164,27
37165,5
37166,22
37167,28
37168,24
37169,6
37170,20
37171,11
37172,14
37173,20
37174,16
37175,31
37176,34
37177,20
37178,34
37179,20
37180,6
37181,1
37182,7
37183,31
37184,11
37185,30
37186,32
37187,30
37188,25
37189,6
37190,34
37191,23
37192,33
37193,26
37194,26
37195,13
37196,5
37197,13
37198,13
37199,29
37200,10
37201,10
37202,16
37203,13
37204,3
37205,13
37206,30
37207,29
37208,33
37209,13
37210,13
37211,3
37212,24
37213,23
37214,29
37215,11
37216,7
37217,26
37218,28
37219,14
37220,26
37221,36
37222,13
37223,24
37224,5
37225,26
37226,17
37227,16
37228,32
37229,34
37230,24
37231,0
37232,26
37233,27
37234,32
37235,11
37236,13
37237,26
37238,15
37239,24
37240,22
37241,33
37242,10
37243,10
37244,16
37245,24
37246,7
37247,17
37248,5
37249,26
37250,13
37251,29
37252,13
37253,33
37254,34
37255,9
37256,10
37257,21
37258,27
37259,37
37260,33
37261,24
37262,26
37263,11
37264,24
37265,37
37266,13
37267,10
37268,17
37269,7
37270,5
37271,13
37272,3
37273,25
37274,37
37275,9
37276,20
37277,1
37278,29
37279,31
37280,13
37281,33
37282,27
37283,11
37284,1
37285,26
37286,10
37287,29
37288,9
37289,13
37290,11
37291,13
37292,28
37293,13
37294,3
37295,3
37296,26
37297,31
37298,18
37299,5
37300,6
37301,13
37302,20
37303,16
37304,15
37305,12
37306,13
37307,8
37308,31
37309,30
37310,24
37311,33
37312,26
37313,13
37314,6
37315,17
37316,13
37317,5
37318,26
37319,13
37320,18
37321,6
37322,4
37323,11
37324,19
37325,6
37326,26
37327,19
37328,21
37329,13
37330,14
37331,29
37332,24
37333,13
37334,11
37335,11
37336,31
37337,7
37338,13
37339,1
37340,26
37341,26
37342,10
37343,13
37344,18
37345,10
37346,14
37347,37
37348,26
37349,29
37350,30
37351,8
37352,17
37353,1
37354,13
37355,26
37356,30
37357,11
37358,26
37359,12
37360,16
37361,29
37362,18
37363,13
37364,26
37365,27
37366,13
37367,12
37368,13
37369,3
37370,3
37371,26
37372,4
37373,0
37374,24
37375,13
37376,0
37377,13
37378,20
37379,26
37380,13
37381,2
37382,5
37383,13
37384,25
37385,1
37386,26
37387,19
37388,5
37389,21
37390,1
37391,20
37392,26
37393,24
37394,13
37395,10
37396,13
37397,9
37398,27
37399,5
37400,9
37401,5
37402,3
37403,6
37404,12
37405,16
37406,3
37407,13
37408,3
37409,30
37410,16
37411,13
37412,28
37413,24
37414,29
37415,29
37416,13
37417,9
37418,18
37419,24
37420,15
37421,20
37422,23
37423,26
37424,28
37425,2
37426,20
37427,25
37428,30
37429,3
37430,1
37431,25
37432,31
37433,3
37434,22
37435,18
37436,7
37437,5
37438,13
37439,5
37440,2
37441,15
37442,31
37443,6
37444,20
37445,9
37446,23
37447,16
37448,29
37449,30
37450,1
37451,30
37452,37
37453,30
37454,29
37455,32
37456,30
37457,31
37458,13
37459,26
37460,16
37461,0
37462,26
37463,31
37464,13
37465,26
37466,6
37467,20
37468,12
37469,1
37470,29
37471,21
37472,27
37473,11
37474,27
37475,3
37476,34
37477,5
37478,36
37479,0
37480,13
37481,5
37482,13
37483,8
37484,3
37485,11
37486,13
37487,5
37488,0
37489,16
37490,20
37491,12
37492,6
37493,17
37494,20
37495,13
37496,13
37497,36
37498,33
37499,13
37500,10
37501,10
37502,3
37503,30
37504,14
37505,14
37506,34
37507,13
37508,0
37509,11
37510,16
37511,13
37512,26
37513,13
37514,26
37515,6
37516,30
37517,1
37518,7
37519,13
37520,3
37521,5
37522,1
37523,10
37524,26
37525,13
37526,7
37527,35
37528,7
37529,26
37530,15
37531,36
37532,16
37533,22
37534,21
37535,2
37536,19
37537,13
37538,37
37539,30
37540,1
37541,18
37542,26
37543,27
37544,18
37545,11
37546,26
37547,30
37548,11
37549,1
37550,27
37551,24
37552,2
37553,3
37554,29
37555,13
37556,3
37557,27
37558,15
37559,25
37560,9
37561,7
37562,27
37563,11
37564,20
37565,29
37566,9
37567,11
37568,31
37569,13
37570,17
37571,12
37572,13
37573,37
37574,3
37575,30
37576,10
37577,10
37578,13
37579,26
37580,6
37581,28
37582,17
37583,3
37584,33
37585,16
37586,18
37587,26
37588,13
37589,16
37590,13
37591,27
37592,3
37593,10
37594,27
37595,20
37596,13
37597,12
37598,28
37599,9
37600,30
37601,6
37602,26
37603,23
37604,13
37605,11
37606,16
37607,20
37608,13
37609,13
37610,1
37611,17
37612,10
37613,10
37614,20
37615,27
37616,12
37617,10
37618,26
37619,13
37620,27
37621,6
37622,15
37623,3
37624,29
37625,15
37626,16
37627,29
37628,13
37629,11
37630,12
37631,6
37632,13
37633,0
37634,13
37635,11
37636,13
37637,7
37638,15
37639,11
37640,13
37641,28
37642,11
37643,2
37644,20
37645,13
37646,33
37647,12
37648,4
37649,6
37650,20
37651,18
37652,19
37653,30
37654,26
37655,17
37656,26
37657,11
37658,23
37659,13
37660,20
37661,33
37662,2
37663,5
37664,11
37665,16
37666,10
37667,33
37668,5
37669,13
37670,30
37671,16
37672,2
37673,10
37674,6
37675,33
37676,5
37677,15
37678,16
37679,13
37680,31
37681,15
37682,33
37683,15
37684,34
37685,20
37686,32
37687,3
37688,16
37689,6
37690,16
37691,16
37692,13
37693,30
37694,3
37695,36
37696,16
37697,4
37698,34
37699,13
37700,21
37701,23
37702,35
37703,10
37704,12
37705,1
37706,29
37707,7
37708,12
37709,33
37710,11
37711,26
37712,0
37713,24
37714,29
37715,16
37716,8
37717,16
37718,6
37719,19
37720,35
37721,20
37722,27
37723,30
37724,21
37725,10
37726,8
37727,5
37728,0
37729,35
37730,3
37731,10
37732,3
37733,20
37734,12
37735,26
37736,4
37737,29
37738,0
37739,24
37740,7
37741,24
37742,22
37743,18
37744,35
37745,17
37746,20
37747,13
37748,19
37749,10
37750,30
37751,13
37752,8
37753,26
37754,16
37755,6
37756,34
37757,16
37758,20
37759,24
37760,31
37761,16
37762,13
37763,3
37764,2
37765,5
37766,20
37767,33
37768,21
37769,16
37770,13
37771,11
37772,20
37773,10
37774,23
37775,12
37776,33
37777,19
37778,3
37779,1
37780,32
37781,15
37782,10
37783,2
37784,13
37785,23
37786,5
37787,7
37788,29
37789,22
37790,7
37791,33
37792,20
37793,13
37794,24
37795,33
37796,36
37797,26
37798,16
37799,13
37800,24
37801,5
37802,15
37803,0
37804,26
37805,34
37806,0
37807,29
37808,25
37809,28
37810,10
37811,6
37812,12
37813,10
37814,22
37815,31
37816,7
37817,16
37818,27
37819,25
37820,30
37821,2
37822,0
37823,15
37824,13
37825,0
37826,12
37827,31
37828,29
37829,26
37830,13
37831,13
37832,17
37833,37
37834,16
37835,7
37836,3
37837,16
37838,2
37839,37
37840,27
37841,13
37842,10
37843,31
37844,14
37845,10
37846,5
37847,26
37848,16
37849,29
37850,3
37851,28
37852,13
37853,21
37854,13
37855,18
37856,9
37857,27
37858,13
37859,13
37860,31
37861,13
37862,12
37863,25
37864,11
37865,18
37866,3
37867,34
37868,3
37869,26
37870,13
37871,4
37872,24
37873,27
37874,16
37875,20
37876,31
37877,16
37878,13
37879,32
37880,28
37881,16
37882,26
37883,20
37884,17
37885,21
37886,28
37887,26
37888,27
37889,9
37890,18
37891,13
37892,24
37893,3
37894,10
37895,27
37896,3
37897,13
37898,13
37899,26
37900,34
37901,20
37902,29
37903,31
37904,30
37905,16
37906,26
37907,26
37908,29
37909,13
37910,35
37911,3
37912,7
37913,9
37914,21
37915,5
37916,6
37917,14
37918,13
37919,13
37920,27
37921,19
37922,9
37923,11
37924,12
37925,13
37926,13
37927,3
37928,33
37929,7
37930,16
37931,23
37932,5
37933,14
37934,6
37935,34
37936,13
37937,20
37938,33
37939,20
37940,1
37941,30
37942,26
37943,14
37944,22
37945,5
37946,24
37947,13
37948,10
37949,26
37950,13
37951,37
37952,10
37953,13
37954,13
37955,24
37956,18
37957,6
37958,10
37959,17
37960,10
37961,26
37962,15
37963,16
37964,28
37965,20
37966,13
37967,1
37968,4
37969,13
37970,20
37971,31
37972,30
37973,23
37974,28
37975,20
37976,15
37977,15
37978,10
37979,33
37980,29
37981,0
37982,7
37983,1
37984,10
37985,36
37986,30
37987,30
37988,20
37989,20
37990,27
37991,10
37992,34
37993,27
37994,9
37995,27
37996,24
37997,14
37998,16
37999,3
38000,11
38001,5
38002,24
38003,10
38004,10
38005,6
38006,23
38007,29
38008,28
38009,24
38010,3
38011,33
38012,15
38013,24
38014,13
38015,3
38016,33
38017,31
38018,13
38019,17
38020,16
38021,26
38022,12
38023,8
38024,35
38025,5
38026,26
38027,27
38028,13
38029,17
38030,36
38031,5
38032,29
38033,30
38034,17
38035,37
38036,3
38037,34
38038,27
38039,23
38040,13
38041,6
38042,30
38043,1
38044,36
38045,13
38046,13
38047,6
38048,32
38049,34
38050,29
38051,9
38052,16
38053,34
38054,26
38055,33
38056,2
38057,11
38058,5
38059,33
38060,15
38061,10
38062,22
38063,21
38064,26
38065,35
38066,28
38067,12
38068,26
38069,21
38070,26
38071,24
38072,26
38073,25
38074,31
38075,13
38076,3
38077,6
38078,24
38079,5
38080,26
38081,10
38082,14
38083,29
38084,3
38085,13
38086,29
38087,3
38088,13
38089,16
38090,31
38091,27
38092,13
38093,13
38094,18
38095,3
38096,15
38097,20
38098,17
38099,11
38100,28
38101,16
38102,13
38103,13
38104,36
38105,11
38106,14
38107,26
38108,25
38109,25
38110,27
38111,20
38112,37
38113,21
38114,34
38115,13
38116,10
38117,20
38118,37
38119,13
38120,11
38121,11
38122,24
38123,20
38124,11
38125,26
38126,15
38127,13
38128,9
38129,28
38130,6
38131,0
38132,31
38133,16
38134,20
38135,24
38136,32
38137,21
38138,26
38139,31
38140,20
38141,11
38142,27
38143,13
38144,10
38145,16
38146,14
38147,33
38148,6
38149,10
38150,10
38151,22
38152,3
38153,31
38154,23
38155,18
38156,10
38157,26
38158,8
38159,26
38160,30
38161,37
38162,13
38163,19
38164,32
38165,0
38166,13
38167,23
38168,12
38169,21
38170,16
38171,11
38172,30
38173,30
38174,29
38175,11
38176,13
38177,2
38178,29
38179,29
38180,6
38181,14
38182,3
38183,14
38184,26
38185,10
38186,6
38187,13
38188,3
38189,25
38190,9
38191,22
38192,23
38193,26
38194,30
38195,2
38196,6
38197,16
38198,6
38199,30
38200,13
38201,20
38202,37
38203,37
38204,30
38205,26
38206,21
38207,11
38208,23
38209,26
38210,10
38211,3
38212,6
38213,5
38214,20
38215,10
38216,13
38217,31
38218,13
38219,20
38220,3
38221,5
38222,13
38223,28
38224,13
38225,0
38226,26
38227,17
38228,18
38229,30
38230,13
38231,7
38232,33
38233,20
38234,6
38235,10
38236,1
38237,26
38238,10
38239,11
38240,26
38241,11
38242,7
38243,13
38244,33
38245,26
38246,31
38247,26
38248,0
38249,28
38250,13
38251,13
38252,31
38253,26
38254,2
38255,11
38256,15
38257,27
38258,11
38259,31
38260,16
38261,20
38262,27
38263,30
38264,2
38265,15
38266,2
38267,2
38268,16
38269,26
38270,26
38271,10
38272,2
38273,33
38274,21
38275,26
38276,13
38277,5
38278,11
38279,26
38280,5
38281,31
38282,12
38283,31
38284,3
38285,38
38286,27
38287,37
38288,37
38289,3
38290,10
38291,13
38292,27
38293,3
38294,26
38295,18
38296,0
38297,0
38298,29
38299,20
38300,29
38301,13
38302,30
38303,6
38304,27
38305,30
38306,26
38307,12
38308,29
38309,25
38310,10
38311,6
38312,6
38313,6
38314,3
38315,37
38316,37
38317,6
38318,29
38319,31
38320,13
38321,34
38322,16
38323,15
38324,30
38325,37
38326,9
38327,3
38328,6
38329,29
38330,13
38331,7
38332,26
38333,33
38334,13
38335,34
38336,11
38337,5
38338,25
38339,13
38340,37
38341,13
38342,10
38343,18
38344,13
38345,10
38346,13
38347,26
38348,2
38349,33
38350,35
38351,26
38352,5
38353,22
38354,33
38355,2
38356,26
38357,29
38358,3
38359,14
38360,37
38361,10
38362,34
38363,16
38364,15
38365,26
38366,20
38367,23
38368,11
38369,18
38370,19
38371,5
38372,20
38373,3
38374,13
38375,13
38376,13
38377,1
38378,5
38379,7
38380,15
38381,13
38382,9
38383,17
38384,20
38385,7
38386,6
38387,25
38388,19
38389,13
38390,23
38391,6
38392,28
38393,9
38394,3
38395,29
38396,22
38397,1
38398,23
38399,30
38400,2
38401,6
38402,29
38403,24
38404,26
38405,6
38406,17
38407,26
38408,7
38409,6
38410,13
38411,17
38412,22
38413,11
38414,23
38415,16
38416,11
38417,22
38418,26
38419,0
38420,31
38421,12
38422,13
38423,24
38424,3
38425,29
38426,25
38427,33
38428,14
38429,35
38430,2
38431,12
38432,20
38433,24
38434,5
38435,6
38436,5
38437,10
38438,26
38439,9
38440,20
38441,0
38442,3
38443,34
38444,27
38445,10
38446,11
38447,13
38448,34
38449,16
38450,26
38451,6
38452,16
38453,13
38454,33
38455,33
38456,4
38457,30
38458,31
38459,10
38460,31
38461,13
38462,36
38463,26
38464,3
38465,5
38466,8
38467,13
38468,8
38469,13
38470,12
38471,31
38472,33
38473,24
38474,37
38475,19
38476,30
38477,13
38478,20
38479,16
38480,13
38481,11
38482,26
38483,7
38484,2
38485,31
38486,7
38487,13
38488,33
38489,33
38490,13
38491,27
38492,25
38493,13
38494,16
38495,0
38496,0
38497,31
38498,29
38499,28
38500,26
38501,3
38502,13
38503,11
38504,6
38505,3
38506,26
38507,34
38508,27
38509,13
38510,18
38511,28
38512,15
38513,23
38514,2
38515,29
38516,31
38517,13
38518,16
38519,18
38520,7
38521,26
38522,3
38523,6
38524,30
38525,15
38526,37
38527,26
38528,1
38529,6
38530,30
38531,15
38532,13
38533,19
38534,19
38535,18
38536,27
38537,13
38538,3
38539,13
38540,16
38541,1
38542,9
38543,30
38544,6
38545,2
38546,31
38547,5
38548,13
38549,13
38550,26
38551,20
38552,30
38553,6
38554,20
38555,7
38556,27
38557,20
38558,1
38559,20
38560,2
38561,15
38562,3
38563,15
38564,13
38565,7
38566,0
38567,33
38568,37
38569,26
38570,28
38571,20
38572,32
38573,26
38574,26
38575,11
38576,7
38577,18
38578,9
38579,0
38580,11
38581,27
38582,3
38583,9
38584,17
38585,1
38586,6
38587,15
38588,6
38589,33
38590,13
38591,17
38592,29
38593,25
38594,31
38595,6
38596,9
38597,3
38598,33
38599,15
38600,11
38601,20
38602,36
38603,20
38604,3
38605,12
38606,10
38607,13
38608,33
38609,13
38610,0
38611,28
38612,26
38613,13
38614,7
38615,10
38616,24
38617,0
38618,24
38619,1
38620,30
38621,35
38622,28
38623,6
38624,13
38625,34
38626,3
38627,10
38628,13
38629,5
38630,29
38631,13
38632,24
38633,3
38634,20
38635,10
38636,35
38637,0
38638,24
38639,31
38640,13
38641,20
38642,13
38643,19
38644,2
38645,33
38646,24
38647,0
38648,10
38649,11
38650,29
38651,6
38652,0
38653,29
38654,1
38655,14
38656,33
38657,13
38658,24
38659,7
38660,27
38661,0
38662,24
38663,10
38664,13
38665,26
38666,6
38667,29
38668,31
38669,19
38670,24
38671,27
38672,16
38673,29
38674,21
38675,28
38676,3
38677,28
38678,18
38679,3
38680,26
38681,32
38682,13
38683,13
38684,13
38685,13
38686,24
38687,30
38688,11
38689,23
38690,7
38691,27
38692,9
38693,20
38694,20
38695,7
38696,18
38697,31
38698,13
38699,1
38700,21
38701,26
38702,20
38703,36
38704,35
38705,12
38706,13
38707,23
38708,13
38709,9
38710,33
38711,3
38712,17
38713,0
38714,20
38715,2
38716,20
38717,35
38718,9
38719,10
38720,35
38721,6
38722,10
38723,19
38724,11
38725,19
38726,16
38727,11
38728,16
38729,16
38730,5
38731,13
38732,15
38733,5
38734,25
38735,24
38736,24
38737,26
38738,23
38739,23
38740,16
38741,24
38742,32
38743,15
38744,29
38745,33
38746,6
38747,14
38748,11
38749,12
38750,1
38751,10
38752,12
38753,13
38754,13
38755,20
38756,27
38757,19
38758,31
38759,28
38760,18
38761,13
38762,33
38763,24
38764,26
38765,17
38766,15
38767,18
38768,22
38769,12
38770,21
38771,29
38772,26
38773,26
38774,30
38775,32
38776,20
38777,13
38778,35
38779,11
38780,15
38781,26
38782,8
38783,10
38784,13
38785,16
38786,37
38787,16
38788,13
38789,22
38790,31
38791,26
38792,20
38793,13
38794,34
38795,33
38796,28
38797,30
38798,6
38799,31
38800,28
38801,26
38802,20
38803,27
38804,3
38805,24
38806,24
38807,33
38808,36
38809,29
38810,13
38811,30
38812,21
38813,30
38814,26
38815,20
38816,15
38817,8
38818,13
38819,7
38820,27
38821,5
38822,32
38823,17
38824,1
38825,13
38826,13
38827,9
38828,6
38829,13
38830,6
38831,30
38832,3
38833,12
38834,16
38835,3
38836,25
38837,20
38838,13
38839,26
38840,36
38841,10
38842,18
38843,13
38844,4
38845,7
38846,30
38847,19
38848,37
38849,11
38850,30
38851,11
38852,18
38853,31
38854,15
38855,10
38856,33
38857,11
38858,11
38859,13
38860,9
38861,6
38862,34
38863,31
38864,9
38865,26
38866,17
38867,25
38868,5
38869,2
38870,13
38871,6
38872,26
38873,11
38874,3
38875,8
38876,7
38877,30
38878,0
38879,16
38880,29
38881,13
38882,27
38883,26
38884,7
38885,17
38886,13
38887,29
38888,21
38889,11
38890,21
38891,5
38892,20
38893,2
38894,10
38895,31
38896,29
38897,25
38898,28
38899,21
38900,29
38901,25
38902,31
38903,28
38904,20
38905,36
38906,35
38907,13
38908,20
38909,12
38910,3
38911,13
38912,23
38913,13
38914,34
38915,5
38916,3
38917,34
38918,35
38919,28
38920,14
38921,10
38922,1
38923,13
38924,20
38925,17
38926,13
38927,13
38928,3
38929,29
38930,37
38931,1
38932,6
38933,16
38934,10
38935,31
38936,1
38937,34
38938,11
38939,23
38940,16
38941,22
38942,16
38943,36
38944,16
38945,0
38946,10
38947,10
38948,10
38949,20
38950,7
38951,29
38952,20
38953,13
38954,12
38955,1
38956,13
38957,18
38958,3
38959,16
38960,6
38961,5
38962,12
38963,26
38964,0
38965,5
38966,13
38967,35
38968,20
38969,24
38970,2
38971,10
38972,0
38973,30
38974,31
38975,30
38976,1
38977,17
38978,27
38979,18
38980,13
38981,30
38982,5
38983,7
38984,0
38985,12
38986,10
38987,12
38988,5
38989,27
38990,25
38991,5
38992,3
38993,3
38994,29
38995,17
38996,12
38997,32
38998,15
38999,37
39000,3
39001,22
39002,25
39003,7
39004,13
39005,26
39006,24
39007,13
39008,35
39009,20
39010,31
39011,6
39012,24
39013,5
39014,29
39015,10
39016,30
39017,13
39018,13
39019,2
39020,15
39021,27
39022,13
39023,24
39024,11
39025,37
39026,23
39027,26
39028,10
39029,28
39030,8
39031,35
39032,32
39033,26
39034,27
39035,26
39036,6
39037,16
39038,10
39039,35
39040,27
39041,1
39042,21
39043,20
39044,37
39045,10
39046,26
39047,24
39048,13
39049,7
39050,16
39051,19
39052,29
39053,37
39054,0
39055,13
39056,5
39057,26
39058,11
39059,27
39060,23
39061,0
39062,13
39063,11
39064,20
39065,16
39066,24
39067,26
39068,16
39069,33
39070,26
39071,9
39072,33
39073,31
39074,26
39075,13
39076,34
39077,23
39078,35
39079,12
39080,16
39081,26
39082,26
39083,12
39084,4
39085,14
39086,12
39087,22
39088,13
39089,22
39090,17
39091,0
39092,2
39093,13
39094,30
39095,14
39096,30
39097,26
39098,13
39099,33
39100,36
39101,1
39102,6
39103,10
39104,13
39105,24
39106,23
39107,16
39108,20
39109,12
39110,13
39111,27
39112,26
39113,20
39114,12
39115,16
39116,16
39117,13
39118,34
39119,3
39120,34
39121,13
39122,11
39123,6
39124,14
39125,9
39126,24
39127,34
39128,18
39129,34
39130,2
39131,37
39132,31
39133,20
39134,17
39135,3
39136,26
39137,29
39138,16
39139,26
39140,6
39141,9
39142,13
39143,31
39144,36
39145,13
39146,30
39147,9
39148,7
39149,5
39150,6
39151,4
39152,17
39153,2
39154,19
39155,36
39156,27
39157,10
39158,26
39159,35
39160,29
39161,27
39162,24
39163,2
39164,31
39165,10
39166,13
39167,3
39168,33
39169,13
39170,13
39171,22
39172,10
39173,3
39174,23
39175,7
39176,11
39177,2
39178,2
39179,15
39180,24
39181,11
39182,12
39183,12
39184,6
39185,26
39186,12
39187,25
39188,16
39189,28
39190,13
39191,37
39192,11
39193,30
39194,13
39195,13
39196,31
39197,29
39198,13
39199,26
39200,16
39201,37
39202,23
39203,34
39204,27
39205,35
39206,17
39207,31
39208,2
39209,10
39210,22
39211,33
39212,16
39213,13
39214,5
39215,23
39216,18
39217,5
39218,28
39219,2
39220,7
39221,33
39222,12
39223,24
39224,10
39225,14
39226,29
39227,27
39228,18
39229,29
39230,13
39231,17
39232,24
39233,26
39234,26
39235,7
39236,26
39237,36
39238,25
39239,0
39240,29
39241,13
39242,9
39243,10
39244,11
39245,13
39246,27
39247,32
39248,26
39249,15
39250,26
39251,13
39252,13
39253,1
39254,18
39255,27
39256,7
39257,20
39258,30
39259,16
39260,16
39261,31
39262,27
39263,17
39264,5
39265,25
39266,28
39267,33
39268,6
39269,21
39270,18
39271,26
39272,36
39273,5
39274,3
39275,8
39276,3
39277,27
39278,36
39279,13
39280,20
39281,15
39282,15
39283,13
39284,10
39285,13
39286,33
39287,6
39288,26
39289,11
39290,30
39291,1
39292,21
39293,33
39294,27
39295,5
39296,3
39297,3
39298,23
39299,14
39300,25
39301,11
39302,16
39303,13
39304,6
39305,6
39306,13
39307,37
39308,10
39309,23
39310,3
39311,18
39312,26
39313,11
39314,16
39315,12
39316,18
39317,20
39318,34
39319,4
39320,13
39321,20
39322,15
39323,26
39324,21
39325,0
39326,36
39327,24
39328,35
39329,15
39330,33
39331,10
39332,3
39333,19
39334,6
39335,23
39336,4
39337,13
39338,20
39339,1
39340,9
39341,6
39342,6
39343,1
39344,20
39345,13
39346,10
39347,10
39348,1
39349,28
39350,6
39351,3
39352,29
39353,13
39354,24
39355,13
39356,13
39357,26
39358,13
39359,26
39360,4
39361,34
39362,13
39363,1
39364,11
39365,19
39366,3
39367,18
39368,1
39369,26
39370,13
39371,26
39372,19
39373,13
39374,3
39375,5
39376,13
39377,20
39378,24
39379,3
39380,13
39381,8
39382,30
39383,21
39384,9
39385,31
39386,6
39387,13
39388,0
39389,36
39390,28
39391,6
39392,1
39393,13
39394,29
39395,30
39396,0
39397,17
39398,13
39399,1
39400,13
39401,20
39402,26
39403,25
39404,20
39405,9
39406,10
39407,13
39408,7
39409,13
39410,33
39411,15
39412,4
39413,6
39414,35
39415,16
39416,10
39417,13
39418,35
39419,27
39420,17
39421,28
39422,31
39423,33
39424,6
39425,24
39426,13
39427,14
39428,13
39429,21
39430,16
39431,36
39432,29
39433,13
39434,20
39435,8
39436,28
39437,31
39438,20
39439,30
39440,20
39441,26
39442,9
39443,18
39444,26
39445,20
39446,19
39447,31
39448,27
39449,34
39450,12
39451,13
39452,36
39453,5
39454,20
39455,17
39456,15
39457,13
39458,13
39459,3
39460,24
39461,0
39462,18
39463,11
39464,27
39465,9
39466,1
39467,26
39468,26
39469,34
39470,18
39471,36
39472,17
39473,15
39474,7
39475,7
39476,11
39477,26
39478,3
39479,18
39480,27
39481,6
39482,9
39483,2
39484,25
39485,37
39486,13
39487,13
39488,0
39489,29
39490,37
39491,31
39492,3
39493,12
39494,26
39495,3
39496,26
39497,27
39498,13
39499,15
39500,10
39501,9
39502,13
39503,20
39504,14
39505,26
39506,28
39507,31
39508,3
39509,9
39510,34
39511,26
39512,30
39513,14
39514,36
39515,15
39516,10
39517,6
39518,31
39519,14
39520,4
39521,9
39522,33
39523,31
39524,3
39525,13
39526,31
39527,8
39528,13
39529,33
39530,29
39531,3
39532,13
39533,11
39534,13
39535,11
39536,13
39537,0
39538,5
39539,26
39540,10
39541,14
39542,6
39543,12
39544,29
39545,22
39546,26
39547,13
39548,13
39549,15
39550,35
39551,14
39552,35
39553,13
39554,13
39555,33
39556,29
39557,30
39558,30
39559,13
39560,11
39561,19
39562,22
39563,26
39564,10
39565,24
39566,33
39567,17
39568,15
39569,26
39570,10
39571,11
39572,18
39573,5
39574,13
39575,9
39576,30
39577,26
39578,18
39579,33
39580,26
39581,27
39582,14
39583,9
39584,1
39585,18
39586,5
39587,31
39588,13
39589,29
39590,9
39591,33
39592,13
39593,29
39594,14
39595,33
39596,13
39597,31
39598,5
39599,24
39600,28
39601,26
39602,16
39603,20
39604,24
39605,0
39606,13
39607,6
39608,0
39609,6
39610,6
39611,30
39612,23
39613,6
39614,26
39615,31
39616,35
39617,26
39618,12
39619,6
39620,30
39621,26
39622,37
39623,27
39624,28
39625,13
39626,13
39627,33
39628,31
39629,27
39630,9
39631,18
39632,34
39633,30
39634,26
39635,25
39636,36
39637,6
39638,3
39639,2
39640,29
39641,22
39642,35
39643,30
39644,13
39645,27
39646,3
39647,20
39648,24
39649,7
39650,13
39651,13
39652,16
39653,5
39654,13
39655,26
39656,18
39657,35
39658,11
39659,31
39660,11
39661,35
39662,9
39663,26
39664,26
39665,30
39666,25
39667,21
39668,21
39669,3
39670,22
39671,13
39672,3
39673,22
39674,10
39675,2
39676,7
39677,13
39678,1
39679,24
39680,31
39681,3
39682,0
39683,26
39684,13
39685,3
39686,26
39687,28
39688,24
39689,13
39690,6
39691,20
39692,16
39693,17
39694,30
39695,1
39696,5
39697,2
39698,5
39699,36
39700,27
39701,1
39702,1
39703,16
39704,5
39705,16
39706,9
39707,3
39708,37
39709,29
39710,11
39711,13
39712,29
39713,11
39714,14
39715,26
39716,12
39717,13
39718,27
39719,33
39720,26
39721,5
39722,14
39723,19
39724,2
39725,37
39726,9
39727,21
39728,4
39729,10
39730,11
39731,24
39732,7
39733,29
39734,26
39735,8
39736,2
39737,0
39738,6
39739,27
39740,6
39741,17
39742,3
39743,37
39744,27
39745,33
39746,33
39747,16
39748,34
39749,13
39750,11
39751,15
39752,25
39753,35
39754,13
39755,34
39756,25
39757,26
39758,31
39759,0
39760,11
39761,13
39762,26
39763,28
39764,0
39765,29
39766,3
39767,26
39768,7
39769,9
39770,16
39771,34
39772,13
39773,26
39774,37
39775,13
39776,13
39777,14
39778,13
39779,20
39780,29
39781,19
39782,13
39783,9
39784,3
39785,24
39786,13
39787,9
39788,26
39789,13
39790,13
39791,35
39792,26
39793,29
39794,5
39795,36
39796,0
39797,8
39798,24
39799,23
39800,20
39801,10
39802,25
39803,2
39804,28
39805,0
39806,13
39807,21
39808,4
39809,16
39810,26
39811,13
39812,18
39813,30
39814,12
39815,15
39816,1
39817,13
39818,32
39819,15
39820,28
39821,24
39822,2
39823,35
39824,36
39825,10
39826,13
39827,7
39828,3
39829,10
39830,35
39831,33
39832,34
39833,33
39834,6
39835,5
39836,14
39837,31
39838,5
39839,26
39840,13
39841,9
39842,13
39843,26
39844,33
39845,26
39846,26
39847,13
39848,3
39849,9
39850,24
39851,16
39852,13
39853,19
39854,27
39855,27
39856,15
39857,5
39858,1
39859,29
39860,10
39861,35
39862,5
39863,14
39864,16
39865,13
39866,35
39867,30
39868,16
39869,8
39870,13
39871,5
39872,13
39873,28
39874,32
39875,16
39876,22
39877,13
39878,13
39879,18
39880,3
39881,37
39882,9
39883,11
39884,13
39885,12
39886,36
39887,7
39888,2
39889,16
39890,18
39891,4
39892,16
39893,20
39894,27
39895,30
39896,9
39897,1
39898,34
39899,3
39900,13
39901,10
39902,15
39903,3
39904,24
39905,16
39906,9
39907,15
39908,31
39909,24
39910,11
39911,12
39912,9
39913,5
39914,36
39915,13
39916,33
39917,16
39918,11
39919,6
39920,18
39921,1
39922,18
39923,21
39924,17
39925,29
39926,10
39927,20
39928,8
39929,26
39930,16
39931,29
39932,0
39933,32
39934,36
39935,10
39936,13
39937,16
39938,32
39939,9
39940,13
39941,34
39942,3
39943,6
39944,6
39945,10
39946,16
39947,30
39948,2
39949,7
39950,30
39951,28
39952,6
39953,15
39954,5
39955,26
39956,27
39957,13
39958,37
39959,17
39960,0
39961,23
39962,29
39963,13
39964,8
39965,22
39966,24
39967,29
39968,3
39969,27
39970,36
39971,27
39972,33
39973,10
39974,12
39975,22
39976,20
39977,26
39978,25
39979,33
39980,6
39981,6
39982,26
39983,14
39984,2
39985,13
39986,12
39987,6
39988,13
39989,27
39990,17
39991,16
39992,1
39993,0
39994,3
39995,13
39996,16
39997,28
39998,29
39999,19
40000,26
40001,24
40002,35
40003,20
40004,13
40005,30
40006,24
40007,24
40008,5
40009,22
40010,7
40011,26
40012,12
40013,17
40014,20
40015,34
40016,20
40017,0
40018,3
40019,5
40020,13
40021,0
40022,10
40023,23
40024,6
40025,14
40026,37
40027,15
40028,20
40029,30
40030,14
40031,13
40032,10
40033,16
40034,28
40035,1
40036,28
40037,5
40038,25
40039,27
40040,34
40041,25
40042,13
40043,0
40044,21
40045,13
40046,13
40047,21
40048,26
40049,26
40050,20
40051,3
40052,36
40053,0
40054,36
40055,14
40056,2
40057,26
40058,13
40059,11
40060,13
40061,32
40062,11
40063,26
40064,34
40065,0
40066,5
40067,13
40068,12
40069,5
40070,37
40071,3
40072,30
40073,16
40074,20
40075,17
40076,36
40077,20
40078,34
40079,36
40080,11
40081,31
40082,27
40083,23
40084,20
40085,7
40086,27
40087,5
40088,28
40089,20
40090,5
40091,13
40092,11
40093,26
40094,1
40095,1
40096,6
40097,10
40098,31
40099,26
40100,11
40101,26
40102,3
40103,26
40104,3
40105,13
40106,3
40107,15
40108,16
40109,26
40110,20
40111,22
40112,37
40113,27
40114,15
40115,13
40116,31
40117,23
40118,13
40119,14
40120,15
40121,3
40122,29
40123,33
40124,28
40125,5
40126,14
40127,10
40128,1
40129,21
40130,15
40131,26
40132,9
40133,3
40134,35
40135,29
40136,6
40137,26
40138,7
40139,17
40140,30
40141,13
40142,9
40143,3
40144,5
40145,14
40146,24
40147,36
40148,24
40149,27
40150,10
40151,13
40152,13
40153,34
40154,22
40155,32
40156,7
40157,10
40158,3
40159,29
40160,31
40161,11
40162,17
40163,13
40164,26
40165,22
40166,13
40167,8
40168,29
40169,18
40170,33
40171,17
40172,8
40173,3
40174,1
40175,26
40176,24
40177,33
40178,15
40179,10
40180,7
40181,3
40182,5
40183,0
40184,26
40185,27
40186,21
40187,21
40188,17
40189,0
40190,17
40191,28
40192,13
40193,15
40194,29
40195,21
40196,3
40197,13
40198,26
40199,31
40200,15
40201,11
40202,13
40203,11
40204,3
40205,3
40206,16
40207,27
40208,26
40209,25
40210,26
40211,29
40212,26
40213,21
40214,15
40215,3
40216,37
40217,13
40218,17
40219,26
40220,27
40221,5
40222,9
40223,15
40224,2
40225,30
40226,34
40227,23
40228,7
40229,23
40230,0
40231,13
40232,10
40233,11
40234,20
40235,21
40236,10
40237,31
40238,18
40239,13
40240,25
40241,9
40242,3
40243,3
40244,24
40245,28
40246,26
40247,7
40248,9
40249,13
40250,7
40251,30
40252,1
40253,16
40254,20
40255,26
40256,3
40257,29
40258,30
40259,13
40260,20
40261,20
40262,30
40263,34
40264,3
40265,11
40266,34
40267,29
40268,37
40269,10
40270,30
40271,24
40272,7
40273,16
40274,24
40275,28
40276,4
40277,26
40278,37
40279,33
40280,13
40281,0
40282,26
40283,9
40284,13
40285,37
40286,33
40287,16
40288,35
40289,13
40290,34
40291,4
40292,33
40293,18
40294,15
40295,34
40296,29
40297,33
40298,26
40299,13
40300,16
40301,7
40302,31
40303,22
40304,26
40305,10
40306,23
40307,13
40308,33
40309,19
40310,28
40311,7
40312,21
40313,11
40314,10
40315,9
40316,28
40317,31
40318,10
40319,3
40320,25
40321,30
40322,14
40323,32
40324,3
40325,11
40326,16
40327,13
40328,36
40329,7
40330,6
40331,3
40332,34
40333,26
40334,5
40335,11
40336,10
40337,7
40338,5
40339,7
40340,19
40341,35
40342,11
40343,10
40344,11
40345,7
40346,24
40347,25
40348,7
40349,29
40350,13
40351,16
40352,1
40353,6
40354,3
40355,26
40356,15
40357,25
40358,23
40359,3
40360,26
40361,9
40362,13
40363,13
40364,24
40365,33
40366,18
40367,31
40368,28
40369,12
40370,12
40371,13
40372,24
40373,22
40374,22
40375,10
40376,3
40377,13
40378,26
40379,13
40380,10
40381,16
40382,26
40383,35
40384,0
40385,16
40386,11
40387,15
40388,26
40389,26
40390,3
40391,19
40392,15
40393,3
40394,11
40395,6
40396,13
40397,13
40398,6
40399,26
40400,28
40401,26
40402,6
40403,5
40404,37
40405,20
40406,19
40407,15
40408,28
40409,36
40410,29
40411,27
40412,2
40413,31
40414,26
40415,27
40416,12
40417,13
40418,2
40419,10
40420,0
40421,18
40422,8
40423,1
40424,17
40425,24
40426,10
40427,28
40428,30
40429,20
40430,17
40431,29
40432,28
40433,36
40434,3
40435,7
40436,29
40437,5
40438,23
40439,19
40440,13
40441,28
40442,30
40443,20
40444,26
40445,2
40446,10
40447,13
40448,24
40449,13
40450,9
40451,20
40452,16
40453,13
40454,24
40455,33
40456,20
40457,26
40458,13
40459,6
40460,13
40461,26
40462,26
40463,3
40464,8
40465,10
40466,3
40467,16
40468,30
40469,26
40470,6
40471,6
40472,3
40473,22
40474,9
40475,10
40476,28
40477,13
40478,19
40479,30
40480,27
40481,31
40482,26
40483,2
40484,30
40485,22
40486,31
40487,32
40488,29
40489,33
40490,26
40491,17
40492,9
40493,2
40494,1
40495,31
40496,13
40497,16
40498,13
40499,7
40500,1
40501,33
40502,36
40503,26
40504,19
40505,5
40506,6
40507,28
40508,13
40509,13
40510,10
40511,1
40512,21
40513,13
40514,16
40515,16
40516,2
40517,11
40518,28
40519,30
40520,5
40521,25
40522,3
40523,36
40524,9
40525,20
40526,5
40527,13
40528,13
40529,3
40530,9
40531,28
40532,13
40533,16
40534,3
40535,28
40536,31
40537,12
40538,25
40539,3
40540,0
40541,26
40542,19
40543,34
40544,31
40545,26
40546,6
40547,16
40548,3
40549,34
40550,15
40551,29
40552,15
40553,7
40554,15
40555,16
40556,17
40557,26
40558,1
40559,13
40560,15
40561,11
40562,13
40563,17
40564,7
40565,1
40566,25
40567,24
40568,26
40569,10
40570,3
40571,13
40572,24
40573,18
40574,13
40575,25
40576,5
40577,0
40578,24
40579,16
40580,29
40581,6
40582,10
40583,16
40584,15
40585,13
40586,14
40587,31
40588,30
40589,15
40590,20
40591,10
40592,26
40593,10
40594,29
40595,10
40596,26
40597,2
40598,16
40599,10
40600,25
40601,17
40602,5
40603,25
40604,13
40605,20
40606,0
40607,9
40608,15
40609,14
40610,26
40611,6
40612,20
40613,27
40614,26
40615,26
40616,33
40617,6
40618,23
40619,18
40620,26
40621,26
40622,35
40623,7
40624,30
40625,3
40626,10
40627,3
40628,15
40629,5
40630,26
40631,13
40632,26
40633,31
40634,13
40635,33
40636,3
40637,33
40638,33
40639,1
40640,15
40641,10
40642,13
40643,20
40644,22
40645,17
40646,20
40647,0
40648,27
40649,34
40650,10
40651,5
40652,13
40653,13
40654,16
40655,29
40656,27
40657,3
40658,9
40659,18
40660,5
40661,13
40662,12
40663,29
40664,10
40665,13
40666,24
40667,3
40668,1
40669,1
40670,10
40671,16
40672,28
40673,29
40674,0
40675,26
40676,20
40677,33
40678,3
40679,7
40680,13
40681,11
40682,18
40683,16
40684,11
40685,9
40686,20
40687,11
40688,13
40689,3
40690,13
40691,15
40692,3
40693,37
40694,35
40695,17
40696,26
40697,31
40698,26
40699,18
40700,11
40701,6
40702,10
40703,23
40704,34
40705,24
40706,13
40707,5
40708,23
40709,8
40710,27
40711,16
40712,2
40713,16
40714,2
40715,30
40716,3
40717,10
40718,3
40719,15
40720,13
40721,21
40722,8
40723,6
40724,0
40725,15
40726,13
40727,30
40728,0
40729,10
40730,2
40731,34
40732,9
40733,36
40734,26
40735,6
40736,5
40737,26
40738,21
40739,24
40740,13
40741,10
40742,19
40743,11
40744,29
40745,17
40746,1
40747,13
40748,1
40749,19
40750,11
40751,16
40752,33
40753,9
40754,13
40755,35
40756,11
40757,28
40758,11
40759,27
40760,3
40761,12
40762,3
40763,3
40764,31
40765,7
40766,4
40767,28
40768,20
40769,10
40770,16
40771,11
40772,37
40773,26
40774,28
40775,26
40776,16
40777,28
40778,3
40779,13
40780,30
40781,26
40782,10
40783,18
40784,26
40785,4
40786,18
40787,31
40788,26
40789,3
40790,19
40791,37
40792,22
40793,13
40794,20
40795,23
40796,33
40797,18
40798,24
40799,2
40800,7
40801,27
40802,13
40803,27
40804,18
40805,18
40806,26
40807,8
40808,6
40809,13
40810,32
40811,6
40812,13
40813,13
40814,5
40815,15
40816,3
40817,1
40818,6
40819,20
40820,13
40821,13
40822,24
40823,3
40824,3
40825,33
40826,31
40827,9
40828,18
40829,15
40830,30
40831,26
40832,6
40833,15
40834,26
40835,37
40836,9
40837,20
40838,29
40839,20
40840,12
40841,16
40842,13
40843,33
40844,22
40845,7
40846,26
40847,26
40848,10
40849,19
40850,29
40851,32
40852,13
40853,22
40854,3
40855,10
40856,18
40857,25
40858,24
40859,26
40860,6
40861,30
40862,11
40863,26
40864,13
40865,3
40866,20
40867,30
40868,3
40869,6
40870,0
40871,15
40872,29
40873,29
40874,28
40875,32
40876,24
40877,20
40878,11
40879,16
40880,37
40881,5
40882,3
40883,32
40884,4
40885,26
40886,20
40887,20
40888,14
40889,27
40890,3
40891,10
40892,15
40893,26
40894,29
40895,13
40896,2
40897,0
40898,6
40899,6
40900,8
40901,15
40902,9
40903,26
40904,16
40905,14
40906,21
40907,22
40908,22
40909,12
40910,17
40911,13
40912,11
40913,4
40914,25
40915,7
40916,13
40917,3
40918,18
40919,18
40920,13
40921,4
40922,1
40923,37
40924,28
40925,7
40926,29
40927,13
40928,7
40929,26
40930,12
40931,37
40932,1
40933,26
40934,6
40935,31
40936,3
40937,18
40938,12
40939,30
40940,29
40941,31
40942,14
40943,13
40944,22
40945,29
40946,26
40947,12
40948,17
40949,26
40950,13
40951,1
40952,20
40953,26
40954,1
40955,7
40956,22
40957,0
40958,26
40959,29
40960,16
40961,26
40962,11
40963,13
40964,19
40965,10
40966,23
40967,17
40968,19
40969,26
40970,6
40971,13
40972,12
40973,3
40974,20
40975,15
40976,34
40977,12
40978,3
40979,3
40980,35
40981,7
40982,16
40983,4
40984,24
40985,13
40986,28
40987,31
40988,22
40989,19
40990,13
40991,2
40992,10
40993,22
40994,6
40995,28
40996,14
40997,21
40998,9
40999,6
41000,13
41001,37
41002,15
41003,10
41004,27
41005,34
41006,19
41007,28
41008,10
41009,18
41010,13
41011,16
41012,18
41013,14
41014,29
41015,29
41016,26
41017,26
41018,20
41019,18
41020,30
41021,24
41022,24
41023,2
41024,30
41025,11
41026,15
41027,3
41028,24
41029,24
41030,6
41031,26
41032,13
41033,10
41034,31
41035,32
41036,34
41037,20
41038,14
41039,10
41040,26
41041,16
41042,6
41043,22
41044,13
41045,22
41046,14
41047,14
41048,29
41049,10
41050,29
41051,7
41052,13
41053,31
41054,31
41055,11
41056,26
41057,3
41058,3
41059,31
41060,6
41061,25
41062,37
41063,13
41064,26
41065,13
41066,15
41067,0
41068,27
41069,0
41070,22
41071,34
41072,20
41073,27
41074,15
41075,13
41076,29
41077,6
41078,23
41079,26
41080,29
41081,26
41082,15
41083,24
41084,36
41085,23
41086,20
41087,21
41088,12
41089,14
41090,6
41091,20
41092,13
41093,26
41094,13
41095,6
41096,13
41097,13
41098,11
41099,6
41100,35
41101,12
41102,15
41103,15
41104,23
41105,0
41106,10
41107,16
41108,29
41109,13
41110,24
41111,33
41112,11
41113,24
41114,6
41115,34
41116,16
41117,37
41118,26
41119,3
41120,29
41121,10
41122,37
41123,9
41124,17
41125,28
41126,20
41127,13
41128,24
41129,13
41130,26
41131,16
41132,13
41133,20
41134,30
41135,10
41136,16
41137,30
41138,7
41139,23
41140,1
41141,12
41142,26
41143,3
41144,9
41145,26
41146,9
41147,19
41148,5
41149,8
41150,24
41151,6
41152,26
41153,33
41154,10
41155,16
41156,13
41157,3
41158,6
41159,37
41160,33
41161,34
41162,35
41163,31
41164,16
41165,14
41166,37
41167,28
41168,24
41169,13
41170,10
41171,16
41172,8
41173,13
41174,1
41175,25
41176,13
41177,3
41178,13
41179,26
41180,9
41181,26
41182,26
41183,28
41184,17
41185,13
41186,24
41187,23
41188,33
41189,7
41190,7
41191,20
41192,22
41193,16
41194,35
41195,2
41196,30
41197,20
41198,6
41199,24
41200,26
41201,26
41202,32
41203,25
41204,13
41205,13
41206,5
41207,7
41208,33
41209,3
41210,35
41211,29
41212,21
41213,13
41214,31
41215,28
41216,13
41217,32
41218,29
41219,16
41220,13
41221,13
41222,13
41223,3
41224,25
41225,30
41226,35
41227,13
41228,17
41229,3
41230,23
41231,26
41232,6
41233,13
41234,25
41235,11
41236,3
41237,5
41238,3
41239,0
41240,13
41241,19
41242,20
41243,3
41244,18
41245,31
41246,13
41247,12
41248,2
41249,13
41250,18
41251,6
41252,6
41253,3
41254,10
41255,22
41256,24
41257,26
41258,7
41259,15
41260,5
41261,24
41262,3
41263,30
41264,8
41265,6
41266,18
41267,1
41268,35
41269,3
41270,16
41271,17
41272,16
41273,10
41274,16
41275,30
41276,33
41277,26
41278,26
41279,20
41280,26
41281,7
41282,26
41283,31
41284,1
41285,1
41286,26
41287,21
41288,6
41289,30
41290,26
41291,1
41292,10
41293,13
41294,11
41295,29
41296,7
41297,3
41298,13
41299,3
41300,11
41301,30
41302,26
41303,37
41304,30
41305,35
41306,6
41307,31
41308,15
41309,0
41310,27
41311,2
41312,10
41313,13
41314,33
41315,33
41316,2
41317,3
41318,2
41319,30
41320,16
41321,3
41322,29
41323,24
41324,7
41325,7
41326,11
41327,13
41328,35
41329,20
41330,15
41331,26
41332,33
41333,37
41334,10
41335,9
41336,26
41337,37
41338,13
41339,13
41340,6
41341,28
41342,31
41343,23
41344,30
41345,10
41346,28
41347,15
41348,7
41349,13
41350,10
41351,23
41352,33
41353,3
41354,6
41355,25
41356,13
41357,33
41358,7
41359,12
41360,20
41361,8
41362,30
41363,3
41364,13
41365,16
41366,13
41367,26
41368,30
41369,27
41370,13
41371,7
41372,19
41373,32
41374,29
41375,24
41376,11
41377,19
41378,16
41379,10
41380,20
41381,16
41382,31
41383,33
41384,9
41385,13
41386,2
41387,29
41388,13
41389,17
41390,13
41391,33
41392,4
41393,26
41394,23
41395,20
41396,28
41397,34
41398,10
41399,11
41400,30
41401,11
41402,34
41403,13
41404,17
41405,14
41406,13
41407,13
41408,16
41409,15
41410,25
41411,5
41412,26
41413,13
41414,20
41415,13
41416,10
41417,26
41418,24
41419,13
41420,33
41421,36
41422,30
41423,26
41424,3
41425,6
41426,23
41427,22
41428,11
41429,12
41430,6
41431,17
41432,20
41433,3
41434,26
41435,21
41436,6
41437,15
41438,24
41439,9
41440,10
41441,13
41442,1
41443,26
41444,33
41445,20
41446,1
41447,28
41448,29
41449,10
41450,5
41451,12
41452,37
41453,24
41454,3
41455,20
41456,3
41457,2
41458,12
41459,34
41460,6
41461,33
41462,20
41463,6
41464,13
41465,18
41466,16
41467,15
41468,13
41469,26
41470,1
41471,27
41472,26
41473,26
41474,9
41475,20
41476,26
41477,13
41478,16
41479,26
41480,30
41481,20
41482,9
41483,28
41484,6
41485,12
41486,3
41487,11
41488,12
41489,26
41490,26
41491,7
41492,7
41493,13
41494,14
41495,20
41496,31
41497,36
41498,27
41499,32
41500,15
41501,36
41502,13
41503,7
41504,13
41505,26
41506,13
41507,34
41508,28
41509,12
41510,13
41511,9
41512,6
41513,24
41514,6
41515,19
41516,28
41517,9
41518,26
41519,26
41520,1
41521,31
41522,19
41523,15
41524,27
41525,7
41526,13
41527,2
41528,3
41529,13
41530,13
41531,5
41532,13
41533,9
41534,16
41535,8
41536,13
41537,21
41538,16
41539,16
41540,26
41541,31
41542,21
41543,26
41544,10
41545,7
41546,0
41547,3
41548,17
41549,6
41550,33
41551,27
41552,25
41553,2
41554,11
41555,10
41556,13
41557,11
41558,15
41559,1
41560,10
41561,18
41562,13
41563,26
41564,13
41565,22
41566,34
41567,15
41568,2
41569,29
41570,9
41571,16
41572,24
41573,16
41574,26
41575,35
41576,11
41577,26
41578,30
41579,6
41580,15
41581,12
41582,27
41583,13
41584,3
41585,22
41586,6
41587,24
41588,11
41589,19
41590,34
41591,3
41592,26
41593,15
41594,22
41595,26
41596,27
41597,15
41598,5
41599,31
41600,13
41601,13
41602,8
41603,31
41604,21
41605,15
41606,20
41607,20
41608,16
41609,28
41610,16
41611,20
41612,26
41613,24
41614,30
41615,13
41616,9
41617,11
41618,1
41619,14
41620,13
41621,10
41622,6
41623,27
41624,10
41625,28
41626,11
41627,1
41628,6
41629,13
41630,29
41631,31
41632,11
41633,37
41634,28
41635,13
41636,10
41637,31
41638,33
41639,13
41640,36
41641,34
41642,29
41643,30
41644,24
41645,26
41646,16
41647,13
41648,15
41649,10
41650,24
41651,3
41652,6
41653,27
41654,0
41655,3
41656,11
41657,9
41658,16
41659,10
41660,30
41661,26
41662,27
41663,13
41664,30
41665,3
41666,24
41667,2
41668,13
41669,13
41670,24
41671,11
41672,18
41673,31
41674,0
41675,26
41676,1
41677,16
41678,13
41679,12
41680,13
41681,22
41682,16
41683,2
41684,37
41685,37
41686,20
41687,3
41688,35
41689,10
41690,0
41691,15
41692,0
41693,23
41694,24
41695,26
41696,15
41697,16
41698,1
41699,26
41700,26
41701,29
41702,24
41703,10
41704,13
41705,18
41706,14
41707,29
41708,16
41709,15
41710,26
41711,13
41712,1
41713,26
41714,28
41715,3
41716,3
41717,26
41718,29
41719,26
41720,35
41721,24
41722,31
41723,29
41724,29
41725,25
41726,14
41727,26
41728,22
41729,18
41730,6
41731,29
41732,1
41733,27
41734,3
41735,13
41736,27
41737,29
41738,37
41739,6
41740,26
41741,13
41742,1
41743,6
41744,25
41745,26
41746,31
41747,13
41748,16
41749,18
41750,7
41751,11
41752,30
41753,5
41754,26
41755,27
41756,13
41757,11
41758,3
41759,33
41760,20
41761,24
41762,13
41763,16
41764,25
41765,13
41766,27
41767,33
41768,14
41769,13
41770,6
41771,7
41772,26
