source,target
0,1
0,2
0,3
0,4
0,5
0,6
0,7
0,8
0,9
0,10
0,11
0,12
0,13
0,14
0,15
0,16
0,17
0,18
0,19
0,20
0,21
0,22
0,23
0,24
0,25
0,26
0,27
0,28
0,29
0,30
0,31
0,32
0,33
0,34
0,35
0,36
0,37
0,38
0,39
0,40
0,41
0,42
0,43
0,44
0,45
0,46
0,47
0,48
0,49
0,50
0,51
0,52
0,53
0,54
0,55
0,56
0,57
0,58
0,59
0,60
0,61
0,62
0,63
0,64
0,65
0,66
0,67
0,68
0,69
1,0
1,70
1,71
1,72
1,73
2,1
2,10
2,11
2,70
2,74
2,75
2,76
2,77
2,78
2,79
2,80
2,81
2,82
2,83
2,84
2,85
2,86
2,87
2,88
2,89
2,90
2,91
2,92
2,93
2,94
2,95
2,96
3,5
3,15
3,45
3,46
3,60
3,64
3,70
3,74
3,77
3,80
3,81
3,82
3,85
3,91
3,97
3,98
3,99
3,100
3,101
3,102
3,103
3,104
3,105
3,106
3,107
3,108
3,109
3,110
3,111
3,112
3,113
3,114
3,115
3,116
3,117
3,118
3,119
3,120
3,121
3,122
3,123
3,124
3,125
3,126
3,127
3,128
3,129
3,130
3,131
3,132
3,133
3,134
3,135
3,136
3,137
3,138
3,139
3,140
3,141
3,142
3,143
3,144
3,145
3,146
3,147
3,148
3,149
3,150
3,151
3,152
3,153
3,154
3,155
3,156
3,157
3,158
3,159
3,160
3,161
3,162
3,163
3,164
3,165
3,166
3,167
3,168
3,169
3,170
3,171
3,172
3,173
3,174
4,5
4,7
4,70
4,71
4,80
4,81
4,85
4,90
4,91
4,95
4,99
4,111
4,175
4,176
4,177
4,178
4,179
4,180
4,181
4,182
4,183
4,184
4,185
4,186
4,187
4,188
4,189
4,190
4,191
4,192
4,193
4,194
4,195
4,196
4,197
4,198
4,199
4,200
4,201
4,202
5,3
5,6
5,77
5,104
5,177
5,179
5,183
5,188
5,196
5,202
5,203
5,204
5,205
5,206
6,5
6,77
6,91
6,188
6,197
6,198
6,207
6,208
6,209
6,210
6,211
7,0
7,3
7,4
7,19
7,44
7,68
7,70
7,71
7,72
7,73
7,75
7,77
7,83
7,84
7,107
7,113
7,119
7,127
7,128
7,181
7,183
7,184
7,191
7,194
7,197
7,198
7,204
7,205
7,207
7,212
7,213
7,214
7,215
7,216
7,217
7,218
7,219
7,220
7,221
7,222
7,223
7,224
7,225
7,226
7,227
7,228
7,229
7,230
7,231
7,232
7,233
7,234
7,235
7,236
7,237
7,238
7,239
7,240
7,241
7,242
7,243
7,244
7,245
7,246
7,247
7,248
7,249
7,250
7,251
7,252
7,253
7,254
7,255
7,256
7,257
7,258
7,259
8,10
8,11
8,13
8,15
8,36
8,46
8,65
8,87
8,90
8,91
8,92
8,95
8,115
8,116
8,181
8,183
8,184
8,193
8,197
8,219
8,220
8,225
8,235
8,240
8,251
8,260
8,261
8,262
8,263
8,264
8,265
8,266
8,267
8,268
8,269
8,270
8,271
8,272
8,273
8,274
8,275
8,276
8,277
8,278
8,279
8,280
8,281
8,282
8,283
8,284
8,285
8,286
8,287
8,288
8,289
8,290
8,291
8,292
8,293
9,6
9,10
9,15
9,90
9,94
9,184
9,217
9,220
9,224
9,228
9,232
9,235
9,236
9,240
9,244
9,252
9,254
9,278
9,279
9,288
9,294
9,295
9,296
9,297
9,298
9,299
9,300
9,301
9,302
9,303
9,304
9,305
9,306
10,9
10,14
10,36
10,92
10,104
10,106
10,108
10,110
10,116
10,194
10,220
10,225
10,236
10,237
10,249
10,252
10,260
10,265
10,268
10,272
10,279
10,280
10,284
10,301
10,307
10,308
10,309
10,310
10,311
10,312
10,313
10,314
10,315
10,316
10,317
10,318
10,319
10,320
10,321
11,2
11,85
11,117
11,194
11,221
11,244
11,256
11,279
11,284
11,322
11,323
11,324
11,325
11,326
11,327
11,328
11,329
11,330
11,331
12,5
12,7
12,9
12,10
12,14
12,17
12,20
12,21
12,28
12,30
12,31
12,46
12,74
12,85
12,94
12,96
12,99
12,104
12,108
12,110
12,184
12,217
12,235
12,236
12,239
12,241
12,244
12,245
12,250
12,251
12,254
12,255
12,261
12,267
12,268
12,274
12,277
12,279
12,282
12,284
12,286
12,287
12,289
12,295
12,296
12,301
12,307
12,311
12,319
12,321
12,322
12,332
12,333
12,334
12,335
12,336
12,337
12,338
12,339
12,340
12,341
12,342
12,343
12,344
12,345
12,346
12,347
12,348
12,349
12,350
12,351
12,352
12,353
12,354
12,355
12,356
12,357
12,358
12,359
12,360
12,361
12,362
12,363
12,364
12,365
12,366
12,367
12,368
12,369
12,370
13,12
13,17
13,165
13,228
13,286
13,290
13,349
13,371
13,372
13,373
13,374
13,375
13,376
13,377
13,378
13,379
13,380
13,381
14,3
14,10
14,13
14,15
14,18
14,21
14,27
14,28
14,30
14,34
14,36
14,41
14,42
14,44
14,58
14,59
14,64
14,65
14,74
14,89
14,99
14,100
14,104
14,108
14,111
14,116
14,120
14,125
14,127
14,132
14,138
14,140
14,150
14,156
14,170
14,172
14,181
14,184
14,188
14,194
14,205
14,214
14,217
14,221
14,223
14,224
14,228
14,229
14,234
14,235
14,239
14,240
14,243
14,244
14,245
14,253
14,255
14,265
14,267
14,268
14,285
14,301
14,308
14,322
14,323
14,325
14,339
14,348
14,350
14,362
14,367
14,368
14,369
14,372
14,374
14,375
14,378
14,380
14,382
14,383
14,384
14,385
14,386
14,387
14,388
14,389
14,390
14,391
14,392
14,393
14,394
14,395
14,396
14,397
14,398
14,399
14,400
14,401
14,402
14,403
14,404
14,405
14,406
14,407
14,408
14,409
14,410
14,411
14,412
14,413
14,414
14,415
14,416
14,417
14,418
14,419
14,420
14,421
14,422
14,423
14,424
14,425
14,426
14,427
14,428
14,429
14,430
14,431
14,432
14,433
14,434
14,435
14,436
14,437
14,438
14,439
14,440
14,441
14,442
14,443
14,444
14,445
14,446
14,447
14,448
14,449
14,450
14,451
14,452
14,453
14,454
14,455
14,456
14,457
14,458
14,459
14,460
14,461
14,462
14,463
14,464
15,3
15,5
15,9
15,10
15,19
15,23
15,24
15,27
15,28
15,29
15,30
15,36
15,42
15,46
15,48
15,59
15,69
15,71
15,75
15,82
15,85
15,86
15,90
15,92
15,99
15,104
15,107
15,111
15,113
15,116
15,120
15,121
15,127
15,134
15,136
15,137
15,139
15,140
15,141
15,144
15,148
15,160
15,167
15,168
15,170
15,172
15,173
15,181
15,186
15,188
15,214
15,217
15,219
15,220
15,223
15,225
15,228
15,232
15,237
15,239
15,240
15,241
15,249
15,250
15,251
15,253
15,254
15,255
15,261
15,265
15,266
15,267
15,268
15,271
15,272
15,278
15,285
15,294
15,301
15,309
15,313
15,316
15,318
15,336
15,337
15,338
15,352
15,365
15,372
15,386
15,388
15,389
15,406
15,412
15,421
15,429
15,431
15,432
15,439
15,445
15,454
15,456
15,457
15,459
15,462
15,465
15,466
15,467
15,468
15,469
15,470
15,471
15,472
15,473
15,474
15,475
15,476
15,477
15,478
15,479
15,480
15,481
15,482
15,483
15,484
15,485
15,486
15,487
15,488
15,489
15,490
15,491
15,492
15,493
15,494
15,495
15,496
15,497
15,498
15,499
15,500
15,501
15,502
15,503
15,504
15,505
15,506
15,507
15,508
15,509
15,510
15,511
15,512
15,513
15,514
15,515
15,516
15,517
15,518
15,519
15,520
15,521
15,522
15,523
15,524
15,525
15,526
15,527
15,528
15,529
15,530
16,132
16,368
16,413
16,500
16,533
16,534
16,535
16,536
16,537
17,13
17,15
17,16
17,65
17,74
17,94
17,116
17,164
17,165
17,184
17,194
17,217
17,220
17,235
17,236
17,240
17,241
17,250
17,253
17,255
17,268
17,274
17,277
17,279
17,280
17,293
17,301
17,309
17,311
17,336
17,337
17,368
17,369
17,371
17,372
17,402
17,408
17,409
17,414
17,422
17,484
17,488
17,538
17,539
17,540
17,541
17,542
17,543
17,544
17,545
17,546
17,547
17,548
17,549
17,550
17,551
17,552
18,11
18,27
18,31
18,34
18,36
18,38
18,44
18,60
18,61
18,62
18,65
18,66
18,67
18,95
18,110
18,125
18,128
18,129
18,130
18,135
18,221
18,230
18,276
18,292
18,317
18,326
18,329
18,364
18,369
18,379
18,380
18,402
18,407
18,408
18,442
18,461
18,488
18,493
18,530
18,552
18,553
18,554
18,555
18,556
18,557
18,558
18,559
18,560
18,561
18,562
18,563
18,564
18,565
18,566
18,567
18,568
18,569
18,570
18,571
18,572
18,573
18,574
18,575
18,576
18,577
18,578
18,579
18,580
18,581
18,582
18,583
18,584
18,585
18,586
18,587
18,588
18,589
18,590
18,591
18,592
18,593
18,594
18,595
18,596
18,597
18,598
18,599
18,600
18,601
18,602
18,603
18,604
18,605
18,606
19,7
19,16
19,18
19,21
19,30
19,36
19,64
19,65
19,99
19,125
19,130
19,132
19,181
19,197
19,207
19,214
19,219
19,221
19,230
19,232
19,238
19,239
19,246
19,251
19,256
19,260
19,271
19,276
19,294
19,296
19,322
19,333
19,338
19,365
19,367
19,368
19,380
19,401
19,405
19,412
19,422
19,423
19,429
19,450
19,533
19,556
19,561
19,607
19,608
19,609
19,610
19,611
19,612
19,613
19,614
19,615
19,616
19,617
19,618
19,619
19,620
19,621
19,622
19,623
19,624
20,19
20,48
20,128
20,165
20,292
20,343
20,361
20,363
20,364
20,365
20,368
20,413
20,419
20,422
20,423
20,429
20,496
20,508
20,556
20,559
20,564
20,573
20,623
20,625
20,626
20,627
20,628
20,629
20,630
20,631
20,632
20,633
20,634
20,635
20,636
20,637
20,638
20,639
20,640
20,641
20,642
20,643
20,644
20,645
20,646
20,647
20,648
20,649
20,650
21,2
21,19
21,27
21,31
21,123
21,244
21,292
21,533
21,534
21,556
21,584
21,597
21,651
21,652
21,653
21,654
21,655
21,656
21,657
22,17
22,36
22,125
22,301
22,336
22,369
22,380
22,409
22,441
22,535
22,537
22,617
22,649
22,658
22,659
22,660
22,661
22,662
22,663
22,664
22,665
22,666
23,133
23,167
23,432
23,511
23,513
23,667
23,668
23,669
23,670
23,671
23,672
24,221
24,418
24,531
24,673
24,674
24,675
24,676
24,677
25,0
25,24
25,421
25,678
26,24
26,421
26,656
26,679
26,680
26,681
26,682
26,683
26,684
26,685
26,686
27,21
27,24
27,28
27,29
27,31
27,34
27,44
27,95
27,125
27,244
27,292
27,343
27,367
27,368
27,369
27,404
27,405
27,412
27,413
27,414
27,416
27,418
27,421
27,422
27,441
27,450
27,489
27,535
27,573
27,578
27,601
27,673
27,687
27,688
27,689
27,690
27,691
27,692
28,17
28,18
28,19
28,27
28,29
28,30
28,34
28,36
28,37
28,39
28,40
28,41
28,44
28,62
28,64
28,65
28,74
28,108
28,110
28,120
28,125
28,140
28,164
28,171
28,184
28,207
28,214
28,217
28,220
28,221
28,227
28,230
28,231
28,234
28,235
28,241
28,255
28,293
28,296
28,336
28,342
28,365
28,368
28,371
28,372
28,374
28,380
28,385
28,400
28,402
28,407
28,409
28,412
28,413
28,418
28,420
28,421
28,422
28,424
28,441
28,448
28,450
28,461
28,484
28,506
28,534
28,545
28,569
28,573
28,574
28,576
28,584
28,611
28,615
28,627
28,638
28,659
28,661
28,688
28,689
28,690
28,693
28,694
28,695
28,696
28,697
28,698
28,699
28,700
28,701
28,702
28,703
28,704
28,705
28,706
28,707
28,708
28,709
28,710
28,711
28,712
28,713
28,714
28,715
28,716
28,717
28,718
29,24
29,27
29,39
29,221
29,287
29,296
29,364
29,365
29,378
29,409
29,413
29,420
29,421
29,424
29,533
29,573
29,627
29,657
29,659
29,673
29,676
29,690
29,708
29,710
29,719
29,720
29,721
29,722
29,723
29,724
29,725
29,726
29,727
30,4
30,12
30,13
30,14
30,15
30,19
30,21
30,22
30,27
30,28
30,29
30,31
30,34
30,36
30,37
30,39
30,40
30,51
30,74
30,82
30,85
30,95
30,105
30,108
30,110
30,111
30,113
30,120
30,122
30,127
30,128
30,156
30,165
30,181
30,184
30,188
30,191
30,194
30,200
30,214
30,215
30,219
30,224
30,228
30,229
30,231
30,232
30,234
30,237
30,240
30,241
30,244
30,245
30,246
30,250
30,252
30,253
30,265
30,268
30,272
30,278
30,284
30,289
30,290
30,293
30,294
30,295
30,296
30,300
30,301
30,303
30,313
30,316
30,319
30,337
30,342
30,347
30,350
30,359
30,362
30,368
30,372
30,374
30,378
30,380
30,386
30,391
30,397
30,398
30,402
30,408
30,411
30,413
30,414
30,418
30,423
30,424
30,434
30,441
30,450
30,461
30,472
30,485
30,493
30,533
30,534
30,543
30,547
30,555
30,556
30,564
30,573
30,574
30,578
30,601
30,608
30,614
30,627
30,629
30,632
30,688
30,690
30,691
30,693
30,706
30,709
30,728
30,729
30,730
30,731
30,732
30,733
30,734
30,735
30,736
30,737
30,738
30,739
30,740
30,741
30,742
30,743
30,744
30,745
30,746
30,747
30,748
30,749
30,750
30,751
30,752
30,753
30,754
30,755
30,756
30,757
30,758
30,759
30,760
30,761
30,762
30,763
31,4
31,5
31,18
31,21
31,27
31,30
31,34
31,36
31,40
31,45
31,64
31,65
31,89
31,95
31,104
31,108
31,113
31,125
31,127
31,132
31,184
31,191
31,198
31,217
31,236
31,239
31,240
31,241
31,245
31,247
31,253
31,256
31,268
31,276
31,292
31,298
31,300
31,301
31,317
31,339
31,342
31,353
31,364
31,368
31,372
31,380
31,385
31,391
31,396
31,402
31,407
31,408
31,409
31,412
31,414
31,416
31,418
31,421
31,422
31,424
31,477
31,484
31,488
31,500
31,534
31,535
31,551
31,556
31,573
31,588
31,592
31,612
31,618
31,632
31,703
31,706
31,717
31,724
31,743
31,744
31,749
31,752
31,757
31,758
31,764
31,765
31,766
31,767
31,768
31,769
31,770
31,771
31,772
31,773
31,774
32,512
32,524
32,692
32,757
32,775
32,776
33,11
33,46
33,71
33,90
33,171
33,301
33,361
33,432
33,464
33,498
33,500
33,583
33,667
33,759
33,777
33,778
33,779
33,780
33,781
33,782
34,21
34,27
34,28
34,29
34,31
34,37
34,44
34,58
34,65
34,115
34,123
34,128
34,193
34,343
34,351
34,364
34,391
34,407
34,408
34,420
34,422
34,423
34,424
34,466
34,494
34,547
34,551
34,569
34,574
34,611
34,617
34,631
34,679
34,724
34,758
34,760
34,770
34,783
34,784
34,785
34,786
35,0
35,65
35,118
35,217
35,265
35,270
35,290
35,339
35,350
35,388
35,402
35,422
35,461
35,506
35,520
35,537
35,575
35,704
35,716
35,747
35,758
35,772
35,776
35,787
35,788
35,789
35,790
35,791
35,792
35,793
35,794
35,795
35,796
35,797
35,798
35,799
35,800
35,801
35,802
36,11
36,14
36,15
36,19
36,20
36,22
36,24
36,28
36,29
36,30
36,31
36,65
36,87
36,94
36,101
36,116
36,123
36,125
36,132
36,140
36,191
36,193
36,194
36,213
36,217
36,221
36,225
36,232
36,235
36,236
36,240
36,244
36,249
36,250
36,255
36,261
36,272
36,274
36,276
36,284
36,289
36,291
36,300
36,301
36,316
36,336
36,339
36,342
36,346
36,372
36,378
36,386
36,390
36,391
36,400
36,401
36,413
36,414
36,418
36,419
36,420
36,421
36,422
36,424
36,478
36,486
36,488
36,534
36,556
36,557
36,569
36,571
36,573
36,574
36,577
36,611
36,617
36,622
36,659
36,702
36,719
36,723
36,727
36,747
36,752
36,756
36,767
36,784
36,803
36,804
36,805
36,806
36,807
36,808
36,809
36,810
36,811
36,812
36,813
36,814
36,815
36,816
36,817
36,818
36,819
37,21
37,27
37,30
37,34
37,39
37,40
37,41
37,46
37,48
37,125
37,165
37,292
37,296
37,317
37,343
37,364
37,385
37,401
37,407
37,413
37,419
37,423
37,424
37,426
37,441
37,450
37,506
37,534
37,547
37,551
37,573
37,574
37,578
37,588
37,612
37,615
37,617
37,622
37,632
37,688
37,689
37,702
37,703
37,724
37,749
37,750
37,752
37,759
37,764
37,784
37,806
37,815
37,820
37,821
38,6
38,21
38,94
38,104
38,182
38,367
38,368
38,372
38,497
38,556
38,610
38,724
38,822
38,823
39,19
39,28
39,29
39,37
39,132
39,296
39,369
39,401
39,409
39,416
39,424
39,441
39,457
39,535
39,724
39,752
39,760
39,824
39,825
40,28
40,30
40,31
40,37
40,39
40,41
40,42
40,44
40,45
40,46
40,74
40,123
40,125
40,135
40,156
40,165
40,194
40,228
40,230
40,234
40,244
40,246
40,274
40,282
40,292
40,296
40,339
40,342
40,372
40,385
40,388
40,391
40,407
40,408
40,411
40,419
40,423
40,424
40,503
40,506
40,519
40,535
40,543
40,559
40,568
40,576
40,578
40,580
40,617
40,628
40,653
40,656
40,659
40,689
40,693
40,708
40,711
40,714
40,716
40,724
40,730
40,749
40,760
40,806
40,813
40,821
40,826
40,827
40,828
40,829
40,830
40,831
40,832
40,833
40,834
40,835
40,836
40,837
40,838
40,839
40,840
40,841
40,842
40,843
40,844
41,27
41,28
41,37
41,40
41,42
41,44
41,46
41,58
41,62
41,81
41,108
41,118
41,123
41,125
41,126
41,165
41,167
41,217
41,253
41,296
41,391
41,407
41,424
41,426
41,428
41,441
41,494
41,546
41,569
41,573
41,574
41,578
41,584
41,588
41,615
41,617
41,622
41,624
41,630
41,661
41,689
41,693
41,709
41,714
41,715
41,724
41,756
41,771
41,821
41,837
41,845
41,846
41,847
41,848
41,849
41,850
41,851
42,14
42,15
42,40
42,41
42,46
42,65
42,67
42,104
42,106
42,127
42,138
42,145
42,150
42,167
42,170
42,174
42,200
42,224
42,226
42,240
42,244
42,259
42,269
42,365
42,372
42,406
42,408
42,429
42,432
42,438
42,449
42,452
42,457
42,461
42,506
42,519
42,524
42,550
42,569
42,584
42,591
42,653
42,656
42,693
42,714
42,725
42,747
42,754
42,756
42,824
42,840
42,852
42,853
42,854
42,855
42,856
42,857
42,858
42,859
42,860
42,861
42,862
42,863
42,864
42,865
42,866
42,867
42,868
42,869
43,5
43,91
43,165
43,194
43,371
43,414
43,433
43,702
43,727
43,775
43,777
43,799
43,817
43,870
43,871
43,872
43,873
43,874
43,875
43,876
44,21
44,24
44,27
44,29
44,31
44,34
44,37
44,39
44,40
44,41
44,46
44,62
44,115
44,165
44,343
44,372
44,402
44,405
44,406
44,414
44,418
44,421
44,422
44,424
44,426
44,429
44,494
44,506
44,531
44,548
44,551
44,552
44,556
44,575
44,588
44,630
44,632
44,676
44,679
44,681
44,692
44,700
44,703
44,709
44,715
44,723
44,725
44,759
44,768
44,772
44,784
44,838
44,840
44,849
44,877
44,878
44,879
44,880
44,881
44,882
44,883
44,884
45,27
45,31
45,40
45,65
45,67
45,125
45,165
45,255
45,296
45,372
45,378
45,416
45,419
45,453
45,462
45,494
45,495
45,551
45,588
45,622
45,623
45,631
45,679
45,771
45,847
45,848
45,853
45,885
45,886
45,887
45,888
45,889
45,890
45,891
45,892
45,893
45,894
46,0
46,3
46,5
46,6
46,8
46,10
46,11
46,13
46,14
46,15
46,17
46,18
46,19
46,20
46,27
46,30
46,34
46,36
46,37
46,38
46,39
46,41
46,42
46,43
46,44
46,47
46,52
46,61
46,62
46,64
46,65
46,71
46,72
46,82
46,85
46,89
46,91
46,94
46,95
46,97
46,99
46,100
46,101
46,102
46,104
46,108
46,111
46,113
46,115
46,116
46,119
46,120
46,121
46,122
46,124
46,125
46,127
46,128
46,130
46,132
46,135
46,149
46,156
46,171
46,175
46,180
46,182
46,187
46,188
46,201
46,209
46,221
46,222
46,223
46,224
46,229
46,230
46,234
46,244
46,253
46,254
46,256
46,263
46,264
46,265
46,267
46,270
46,271
46,276
46,279
46,280
46,282
46,285
46,286
46,288
46,289
46,290
46,292
46,293
46,296
46,305
46,307
46,311
46,312
46,313
46,317
46,321
46,323
46,325
46,329
46,347
46,351
46,352
46,358
46,360
46,362
46,371
46,372
46,373
46,375
46,376
46,380
46,385
46,388
46,390
46,391
46,400
46,401
46,404
46,405
46,407
46,408
46,410
46,413
46,416
46,419
46,420
46,421
46,422
46,428
46,429
46,432
46,448
46,450
46,452
46,454
46,461
46,462
46,466
46,488
46,498
46,505
46,506
46,518
46,519
46,534
46,535
46,536
46,540
46,543
46,551
46,556
46,557
46,558
46,559
46,572
46,573
46,574
46,575
46,576
46,578
46,582
46,588
46,592
46,612
46,620
46,622
46,624
46,627
46,631
46,661
46,673
46,700
46,702
46,705
46,709
46,713
46,714
46,715
46,716
46,726
46,729
46,734
46,736
46,745
46,758
46,760
46,765
46,771
46,788
46,789
46,801
46,815
46,817
46,820
46,821
46,834
46,840
46,846
46,848
46,860
46,861
46,863
46,882
46,895
46,896
46,897
46,898
46,899
46,900
46,901
46,902
46,903
46,904
46,905
46,906
46,907
46,908
46,909
46,910
46,911
46,912
46,913
46,914
46,915
46,916
46,917
46,918
46,919
46,920
46,921
46,922
46,923
46,924
46,925
46,926
46,927
46,928
46,929
46,930
46,931
46,932
46,933
46,934
46,935
46,936
46,937
46,938
46,939
46,940
46,941
46,942
46,943
46,944
46,945
46,946
46,947
46,948
46,949
46,950
46,951
46,952
47,0
48,0
48,20
48,37
48,52
48,61
48,67
48,99
48,104
48,107
48,121
48,127
48,129
48,139
48,170
48,188
48,214
48,216
48,265
48,301
48,322
48,326
48,426
48,429
48,434
48,442
48,463
48,476
48,502
48,519
48,524
48,533
48,534
48,548
48,570
48,591
48,601
48,662
48,688
48,858
48,867
48,870
48,906
48,947
48,953
48,954
48,955
48,956
48,957
48,958
49,0
49,959
50,0
50,60
50,171
50,351
50,433
50,498
50,515
50,518
50,546
50,588
50,594
50,669
50,708
50,711
50,730
50,760
50,870
50,874
50,949
50,960
50,961
50,962
50,963
50,964
50,965
50,966
50,967
50,968
50,969
50,970
50,971
50,972
50,973
50,974
50,975
50,976
50,977
50,978
50,979
50,980
50,981
50,982
50,983
50,984
51,0
51,52
51,58
51,194
51,213
51,407
51,559
51,583
51,704
51,709
51,985
51,986
51,987
52,48
52,51
52,57
53,58
54,0
55,0
55,68
55,186
55,197
55,200
55,214
55,219
55,228
55,246
55,270
55,294
55,319
55,337
55,378
55,390
55,453
55,484
55,546
55,636
55,639
55,684
55,693
55,747
55,756
55,765
55,801
55,831
55,845
55,874
55,949
55,974
55,979
55,988
55,989
55,990
55,991
55,992
55,993
55,994
55,995
56,0
56,714
57,0
57,52
57,996
58,0
58,34
58,41
58,51
58,53
58,60
58,61
58,67
58,69
58,124
58,129
58,171
58,258
58,408
58,426
58,428
58,433
58,441
58,448
58,494
58,500
58,552
58,569
58,577
58,580
58,584
58,585
58,586
58,601
58,611
58,616
58,623
58,662
58,701
58,714
58,758
58,933
58,940
58,997
58,998
58,999
58,1000
58,1001
58,1002
58,1003
58,1004
59,0
59,69
59,136
59,167
59,269
59,440
59,450
59,452
59,511
59,699
59,938
59,954
59,1005
59,1006
59,1007
60,0
60,3
60,38
60,50
60,58
60,64
60,120
60,134
60,135
60,140
60,145
60,156
60,171
60,269
60,341
60,380
60,421
60,426
60,448
60,449
60,456
60,457
60,461
60,492
60,498
60,500
60,505
60,510
60,512
60,518
60,519
60,520
60,524
60,526
60,527
60,528
60,552
60,559
60,570
60,578
60,594
60,604
60,671
60,689
60,708
60,711
60,718
60,754
60,755
60,760
60,838
60,857
60,867
60,871
60,911
60,962
60,964
60,971
60,980
60,1008
60,1009
60,1010
60,1011
60,1012
60,1013
60,1014
60,1015
60,1016
60,1017
60,1018
60,1019
60,1020
60,1021
60,1022
60,1023
60,1024
60,1025
60,1026
60,1027
60,1028
60,1029
60,1030
61,48
61,58
61,63
61,67
61,130
61,416
61,574
61,584
61,594
61,986
61,998
61,1031
61,1032
61,1033
61,1034
62,0
62,18
62,21
62,28
62,36
62,37
62,39
62,40
62,41
62,43
62,44
62,45
62,46
62,52
62,58
62,60
62,61
62,67
62,125
62,128
62,129
62,134
62,140
62,255
62,308
62,369
62,372
62,391
62,402
62,404
62,407
62,412
62,416
62,419
62,428
62,441
62,462
62,491
62,492
62,494
62,500
62,505
62,506
62,519
62,549
62,570
62,572
62,575
62,576
62,621
62,622
62,623
62,629
62,633
62,709
62,713
62,714
62,715
62,716
62,727
62,755
62,788
62,812
62,818
62,824
62,837
62,838
62,839
62,840
62,846
62,916
62,918
62,928
62,929
62,936
62,940
62,998
62,1035
62,1036
62,1037
62,1038
62,1039
62,1040
62,1041
62,1042
62,1043
62,1044
62,1045
62,1046
62,1047
62,1048
62,1049
63,61
63,114
63,596
63,1050
63,1051
63,1052
64,1
64,3
64,5
64,8
64,9
64,10
64,11
64,14
64,15
64,19
64,21
64,24
64,27
64,28
64,29
64,31
64,34
64,36
64,38
64,39
64,41
64,44
64,45
64,46
64,54
64,61
64,62
64,65
64,73
64,74
64,75
64,80
64,81
64,83
64,85
64,89
64,92
64,94
64,96
64,97
64,101
64,104
64,107
64,111
64,113
64,115
64,116
64,119
64,120
64,125
64,126
64,127
64,128
64,129
64,135
64,164
64,184
64,194
64,198
64,212
64,217
64,219
64,221
64,224
64,229
64,230
64,232
64,234
64,235
64,239
64,244
64,246
64,253
64,254
64,261
64,265
64,268
64,271
64,272
64,273
64,278
64,280
64,284
64,285
64,286
64,288
64,289
64,290
64,292
64,293
64,294
64,295
64,296
64,300
64,302
64,303
64,304
64,309
64,310
64,311
64,312
64,318
64,321
64,323
64,324
64,329
64,336
64,352
64,354
64,358
64,359
64,360
64,362
64,367
64,368
64,371
64,372
64,374
64,379
64,380
64,386
64,389
64,390
64,402
64,404
64,405
64,408
64,409
64,412
64,413
64,420
64,421
64,422
64,424
64,428
64,429
64,434
64,447
64,450
64,457
64,467
64,472
64,475
64,484
64,485
64,519
64,534
64,535
64,540
64,548
64,552
64,553
64,554
64,555
64,556
64,559
64,568
64,569
64,573
64,578
64,582
64,584
64,586
64,596
64,609
64,615
64,620
64,627
64,633
64,653
64,662
64,673
64,679
64,688
64,689
64,693
64,696
64,702
64,705
64,709
64,714
64,718
64,732
64,741
64,743
64,747
64,750
64,754
64,757
64,759
64,760
64,764
64,771
64,784
64,815
64,828
64,834
64,838
64,840
64,846
64,878
64,879
64,892
64,895
64,900
64,907
64,925
64,937
64,939
64,953
64,980
64,1052
64,1053
64,1054
64,1055
64,1056
64,1057
64,1058
64,1059
64,1060
64,1061
64,1062
64,1063
64,1064
64,1065
64,1066
64,1067
64,1068
64,1069
64,1070
64,1071
64,1072
64,1073
64,1074
64,1075
64,1076
64,1077
64,1078
64,1079
64,1080
64,1081
64,1082
64,1083
64,1084
64,1085
64,1086
64,1087
64,1088
65,0
65,6
65,8
65,9
65,10
65,11
65,12
65,13
65,14
65,15
65,17
65,18
65,19
65,20
65,27
65,28
65,29
65,31
65,34
65,35
65,36
65,37
65,41
65,42
65,44
65,45
65,46
65,64
65,85
65,89
65,94
65,95
65,111
65,115
65,120
65,125
65,127
65,132
65,140
65,164
65,206
65,221
65,230
65,234
65,245
65,246
65,256
65,262
65,268
65,271
65,277
65,278
65,279
65,285
65,290
65,292
65,293
65,324
65,325
65,339
65,346
65,347
65,351
65,362
65,363
65,365
65,367
65,371
65,372
65,380
65,386
65,398
65,400
65,404
65,407
65,413
65,414
65,416
65,421
65,422
65,423
65,429
65,432
65,488
65,500
65,506
65,535
65,548
65,551
65,556
65,557
65,558
65,559
65,569
65,573
65,578
65,582
65,592
65,618
65,622
65,623
65,628
65,630
65,631
65,654
65,673
65,679
65,687
65,690
65,696
65,705
65,706
65,716
65,741
65,745
65,747
65,757
65,759
65,796
65,817
65,822
65,828
65,840
65,843
65,854
65,884
65,888
65,907
65,948
65,998
65,999
65,1058
65,1069
65,1089
65,1090
65,1091
65,1092
65,1093
65,1094
65,1095
65,1096
65,1097
65,1098
65,1099
65,1100
65,1101
65,1102
65,1103
65,1104
65,1105
66,0
66,54
66,129
66,130
66,132
66,180
66,256
66,258
66,276
66,379
66,391
66,432
66,519
66,591
66,605
66,629
66,668
66,862
66,959
66,999
66,1044
66,1052
66,1106
66,1107
66,1108
66,1109
66,1110
66,1111
66,1112
66,1113
66,1114
67,0
67,10
67,18
67,24
67,27
67,28
67,37
67,38
67,40
67,41
67,42
67,44
67,45
67,46
67,48
67,58
67,61
67,62
67,64
67,92
67,104
67,107
67,108
67,120
67,125
67,126
67,127
67,129
67,132
67,165
67,181
67,228
67,235
67,249
67,253
67,255
67,256
67,258
67,259
67,264
67,265
67,280
67,300
67,310
67,318
67,321
67,326
67,334
67,337
67,338
67,365
67,368
67,372
67,378
67,380
67,389
67,404
67,407
67,409
67,419
67,420
67,421
67,422
67,424
67,442
67,484
67,487
67,497
67,535
67,552
67,559
67,591
67,605
67,611
67,621
67,623
67,661
67,673
67,693
67,708
67,709
67,713
67,714
67,717
67,734
67,754
67,758
67,759
67,788
67,789
67,815
67,821
67,838
67,846
67,850
67,900
67,936
67,941
67,953
67,955
67,999
67,1088
67,1110
67,1114
67,1115
67,1116
67,1117
67,1118
67,1119
67,1120
67,1121
67,1122
67,1123
67,1124
67,1125
67,1126
68,0
68,7
68,55
68,83
68,101
68,107
68,108
68,109
68,116
68,121
68,127
68,137
68,181
68,183
68,188
68,192
68,197
68,198
68,207
68,223
68,231
68,239
68,240
68,249
68,251
68,259
68,265
68,270
68,294
68,316
68,334
68,336
68,338
68,342
68,348
68,369
68,383
68,387
68,422
68,431
68,447
68,449
68,461
68,464
68,484
68,515
68,516
68,521
68,522
68,524
68,528
68,592
68,594
68,637
68,702
68,708
68,775
68,781
68,798
68,800
68,833
68,944
68,945
68,949
68,990
68,1005
68,1048
68,1117
68,1127
68,1128
68,1129
68,1130
68,1131
68,1132
68,1133
68,1134
68,1135
68,1136
68,1137
68,1138
68,1139
68,1140
68,1141
68,1142
68,1143
68,1144
68,1145
68,1146
68,1147
68,1148
68,1149
68,1150
68,1151
68,1152
68,1153
68,1154
68,1155
68,1156
68,1157
68,1158
68,1159
69,58
69,59
69,121
69,173
69,201
69,439
69,957
69,1044
69,1160
69,1161
69,1162
69,1163
69,1164
69,1165
69,1166
69,1167
69,1168
70,1
70,2
70,3
70,4
70,71
70,72
70,73
70,74
70,75
70,77
70,80
70,81
70,84
70,85
70,97
70,98
70,100
70,101
70,108
70,181
70,183
70,188
70,189
70,190
70,194
70,196
70,206
70,212
70,213
70,214
70,224
70,226
70,237
70,272
70,295
70,326
70,475
70,1108
70,1169
70,1170
70,1171
71,70
71,72
71,73
71,75
71,77
71,78
71,84
71,85
71,98
71,100
71,101
71,104
71,108
71,194
71,196
71,197
71,205
71,213
71,224
71,226
71,251
71,268
71,412
71,1108
71,1171
71,1172
71,1173
71,1174
71,1175
71,1176
72,1
72,70
72,71
72,77
72,82
72,83
72,84
72,95
72,102
72,181
72,188
72,209
72,215
72,217
72,220
72,223
72,224
72,226
72,251
72,301
72,467
72,895
72,1177
73,1
73,5
73,6
73,7
73,11
73,70
73,71
73,75
73,77
73,78
73,80
73,82
73,84
73,85
73,87
73,91
73,107
73,111
73,113
73,181
73,183
73,186
73,188
73,191
73,198
73,209
73,213
73,214
73,219
73,222
73,224
73,236
73,250
73,251
73,253
73,274
73,297
73,333
73,334
73,352
73,376
73,378
73,467
73,471
73,481
73,826
73,1178
73,1179
73,1180
74,2
74,3
74,4
74,5
74,9
74,15
74,17
74,19
74,30
74,46
74,70
74,72
74,75
74,76
74,77
74,81
74,82
74,85
74,89
74,95
74,99
74,107
74,108
74,109
74,110
74,113
74,116
74,125
74,127
74,140
74,164
74,183
74,184
74,186
74,188
74,190
74,193
74,197
74,198
74,207
74,209
74,212
74,213
74,219
74,220
74,223
74,224
74,225
74,228
74,230
74,235
74,236
74,240
74,242
74,250
74,251
74,253
74,254
74,261
74,266
74,267
74,272
74,274
74,276
74,278
74,284
74,285
74,286
74,293
74,294
74,295
74,308
74,317
74,318
74,334
74,336
74,337
74,346
74,352
74,359
74,363
74,369
74,371
74,373
74,374
74,376
74,379
74,412
74,416
74,429
74,434
74,450
74,465
74,467
74,471
74,479
74,482
74,484
74,547
74,553
74,573
74,608
74,618
74,728
74,731
74,735
74,757
74,764
74,828
74,896
74,1066
74,1170
74,1181
74,1182
74,1183
74,1184
74,1185
74,1186
74,1187
75,7
75,70
75,71
75,77
75,85
75,106
75,181
75,251
75,294
76,85
76,196
77,2
77,3
77,5
77,7
77,70
77,71
77,72
77,75
77,85
77,100
77,103
77,113
77,118
77,181
77,183
77,184
77,188
77,193
77,194
77,196
77,200
77,201
77,205
77,207
77,212
77,213
77,220
77,223
77,224
77,226
77,228
77,231
77,236
77,241
77,251
77,274
77,300
77,466
77,472
77,573
77,756
77,895
77,1171
77,1173
77,1188
78,2
78,70
78,71
78,73
78,80
78,84
78,85
78,110
78,188
78,197
78,201
78,226
78,251
78,823
78,1189
79,71
79,85
79,193
79,228
80,2
80,70
80,71
80,78
80,85
80,108
80,183
80,196
80,202
80,213
80,573
80,1171
81,3
81,70
81,100
81,110
81,116
81,181
81,186
81,194
81,215
81,227
81,285
81,294
81,374
81,375
81,377
81,466
81,472
81,578
81,695
81,728
81,764
81,1066
81,1173
81,1190
82,3
82,10
82,72
82,73
82,75
82,85
82,86
82,99
82,101
82,181
82,183
82,186
82,194
82,197
82,200
82,223
82,224
82,236
82,242
82,251
82,264
82,265
82,337
82,387
82,390
82,476
82,478
82,895
82,1115
82,1191
82,1192
82,1193
83,3
83,4
83,7
83,10
83,11
83,12
83,15
83,20
83,28
83,31
83,34
83,36
83,38
83,40
83,43
83,46
83,58
83,61
83,62
83,64
83,65
83,66
83,67
83,68
83,71
83,72
83,73
83,77
83,80
83,81
83,84
83,85
83,87
83,91
83,96
83,99
83,101
83,104
83,107
83,108
83,110
83,113
83,116
83,118
83,120
83,121
83,125
83,126
83,127
83,128
83,130
83,140
83,156
83,160
83,164
83,171
83,179
83,180
83,181
83,182
83,183
83,184
83,186
83,189
83,191
83,193
83,194
83,196
83,197
83,198
83,204
83,207
83,213
83,214
83,217
83,219
83,223
83,224
83,229
83,231
83,232
83,236
83,237
83,238
83,239
83,243
83,245
83,249
83,250
83,251
83,253
83,254
83,255
83,258
83,261
83,265
83,267
83,271
83,272
83,276
83,284
83,289
83,294
83,295
83,297
83,300
83,301
83,308
83,310
83,312
83,316
83,322
83,324
83,333
83,335
83,338
83,339
83,341
83,342
83,352
83,362
83,372
83,373
83,374
83,384
83,385
83,387
83,388
83,391
83,393
83,394
83,402
83,407
83,411
83,419
83,425
83,426
83,428
83,432
83,439
83,441
83,447
83,450
83,461
83,462
83,473
83,480
83,484
83,491
83,494
83,498
83,500
83,501
83,506
83,507
83,518
83,519
83,523
83,530
83,533
83,540
83,549
83,552
83,553
83,555
83,556
83,569
83,570
83,572
83,573
83,574
83,576
83,578
83,582
83,583
83,584
83,587
83,588
83,591
83,592
83,593
83,594
83,604
83,605
83,609
83,611
83,617
83,620
83,629
83,630
83,638
83,659
83,661
83,662
83,679
83,693
83,701
83,708
83,709
83,713
83,714
83,715
83,717
83,724
83,727
83,729
83,745
83,750
83,756
83,757
83,758
83,764
83,771
83,786
83,788
83,813
83,817
83,821
83,824
83,830
83,832
83,835
83,837
83,838
83,839
83,840
83,842
83,843
83,845
83,847
83,850
83,852
83,855
83,858
83,882
83,890
83,896
83,900
83,908
83,924
83,933
83,939
83,943
83,953
83,1003
83,1004
83,1009
83,1032
83,1033
83,1038
83,1046
83,1052
83,1087
83,1107
83,1123
83,1128
83,1129
83,1132
83,1178
83,1179
83,1185
83,1188
83,1194
83,1195
83,1196
83,1197
83,1198
83,1199
83,1200
83,1201
83,1202
83,1203
83,1204
83,1205
83,1206
83,1207
83,1208
83,1209
83,1210
83,1211
83,1212
83,1213
83,1214
83,1215
83,1216
83,1217
83,1218
83,1219
83,1220
83,1221
83,1222
83,1223
83,1224
84,1
84,7
84,70
84,71
84,72
84,78
84,85
84,99
84,108
84,181
84,183
84,191
84,194
84,197
84,223
84,226
84,232
84,238
84,240
84,251
84,254
84,333
84,471
84,728
84,1188
85,2
85,3
85,4
85,11
85,36
85,48
85,64
85,65
85,68
85,70
85,71
85,73
85,74
85,75
85,76
85,77
85,78
85,79
85,80
85,82
85,83
85,84
85,87
85,98
85,99
85,101
85,104
85,107
85,175
85,180
85,181
85,183
85,187
85,188
85,194
85,197
85,205
85,208
85,214
85,219
85,223
85,226
85,232
85,239
85,240
85,243
85,249
85,250
85,251
85,261
85,272
85,294
85,297
85,298
85,316
85,322
85,334
85,338
85,344
85,378
85,382
85,387
85,466
85,476
85,477
85,573
85,609
85,803
85,1056
85,1115
85,1173
85,1192
85,1194
85,1199
85,1225
85,1226
85,1227
85,1228
85,1229
86,82
86,1230
87,99
87,1181
87,1231
88,2
89,5
89,7
89,11
89,15
89,71
89,77
89,82
89,97
89,101
89,113
89,127
89,184
89,188
89,197
89,208
89,214
89,219
89,224
89,227
89,231
89,232
89,237
89,239
89,247
89,251
89,255
89,262
89,265
89,269
89,278
89,301
89,302
89,316
89,322
89,333
89,334
89,336
89,337
89,378
89,387
89,389
89,402
89,478
89,548
89,609
89,731
89,735
89,937
89,1054
89,1180
89,1195
89,1232
89,1233
89,1234
89,1235
90,5
90,89
90,99
90,116
90,181
90,220
90,224
90,239
90,297
90,322
90,333
90,334
90,341
90,412
90,470
90,609
90,895
90,1115
90,1236
91,3
91,4
91,6
91,71
91,83
91,95
91,99
91,100
91,107
91,183
91,188
91,191
91,197
91,202
91,210
91,223
91,224
91,231
91,256
91,553
91,895
92,2
92,64
92,278
92,280
92,319
92,1062
93,804
94,2
94,8
94,9
94,10
94,11
94,46
94,65
94,92
94,194
94,230
94,235
94,253
94,255
94,256
94,260
94,271
94,273
94,274
94,277
94,280
94,284
94,296
94,301
94,308
94,316
94,319
94,326
94,342
94,393
94,737
94,738
94,826
94,900
94,1061
94,1071
94,1096
94,1177
94,1231
94,1237
94,1238
95,72
95,91
95,128
95,188
95,204
95,256
95,331
95,357
95,363
95,387
95,397
95,400
95,422
95,551
95,687
95,688
95,700
95,703
95,737
95,748
95,1067
95,1185
95,1234
95,1239
96,225
96,284
96,301
96,339
96,344
96,378
96,764
96,777
96,1172
96,1185
96,1201
96,1240
97,3
97,70
97,99
97,105
97,126
97,132
97,165
97,188
97,191
97,193
97,246
97,248
97,381
97,386
97,399
97,515
97,543
97,566
97,653
97,703
97,756
97,772
97,785
97,789
97,898
97,980
97,1014
97,1018
97,1026
97,1154
97,1232
97,1241
97,1242
97,1243
97,1244
97,1245
97,1246
97,1247
97,1248
97,1249
97,1250
97,1251
97,1252
97,1253
97,1254
97,1255
97,1256
97,1257
97,1258
97,1259
97,1260
97,1261
97,1262
97,1263
97,1264
97,1265
97,1266
97,1267
98,5
98,70
98,71
98,85
98,106
98,205
98,1171
98,1268
99,3
99,4
99,7
99,14
99,48
99,74
99,77
99,78
99,83
99,84
99,85
99,87
99,90
99,91
99,95
99,97
99,100
99,108
99,113
99,160
99,183
99,189
99,197
99,202
99,214
99,217
99,219
99,223
99,224
99,226
99,232
99,237
99,238
99,239
99,240
99,249
99,251
99,261
99,266
99,300
99,316
99,382
99,470
99,472
99,484
99,553
99,803
99,1188
99,1195
99,1226
99,1228
99,1269
99,1270
100,3
100,14
100,46
100,70
100,71
100,77
100,91
100,101
100,110
100,196
100,207
100,218
100,220
100,224
100,232
100,237
100,239
100,241
100,243
100,246
100,247
100,302
100,342
100,385
100,386
100,391
100,416
100,466
100,467
100,592
100,653
100,709
100,824
100,840
100,843
100,862
100,941
100,1123
100,1171
100,1173
100,1177
100,1271
100,1272
100,1273
100,1274
100,1275
101,3
101,36
101,64
101,68
101,70
101,71
101,75
101,83
101,85
101,98
101,100
101,103
101,175
101,186
101,191
101,197
101,224
101,246
101,300
101,352
101,372
101,387
101,395
101,399
101,408
101,412
101,416
101,431
101,433
101,466
101,472
101,477
101,505
101,609
101,620
101,636
101,663
101,683
101,717
101,736
101,753
101,774
101,782
101,799
101,800
101,875
101,918
101,968
101,1052
101,1096
101,1104
101,1144
101,1172
101,1208
101,1259
101,1276
101,1277
101,1278
101,1279
101,1280
101,1281
101,1282
101,1283
101,1284
101,1285
101,1286
101,1287
101,1288
101,1289
101,1290
101,1291
101,1292
101,1293
101,1294
101,1295
101,1296
101,1297
101,1298
101,1299
101,1300
101,1301
101,1302
101,1303
101,1304
101,1305
101,1306
101,1307
101,1308
101,1309
101,1310
101,1311
101,1312
101,1313
101,1314
101,1315
101,1316
101,1317
101,1318
101,1319
101,1320
102,3
102,72
102,104
102,213
102,215
103,77
103,81
103,101
103,107
103,108
103,118
103,151
103,190
103,213
103,221
103,270
103,376
103,428
103,437
103,447
103,515
103,520
103,546
103,565
103,636
103,638
103,643
103,646
103,647
103,681
103,683
103,684
103,702
103,708
103,711
103,729
103,765
103,776
103,790
103,799
103,800
103,831
103,927
103,974
103,976
103,990
103,994
103,995
103,1096
103,1134
103,1157
103,1226
103,1257
103,1280
103,1321
103,1322
103,1323
103,1324
103,1325
103,1326
103,1327
103,1328
103,1329
103,1330
103,1331
103,1332
103,1333
103,1334
103,1335
103,1336
103,1337
103,1338
103,1339
103,1340
103,1341
103,1342
103,1343
103,1344
103,1345
103,1346
103,1347
103,1348
103,1349
103,1350
103,1351
103,1352
103,1353
103,1354
103,1355
103,1356
103,1357
103,1358
103,1359
103,1360
103,1361
103,1362
103,1363
103,1364
103,1365
103,1366
103,1367
104,3
104,14
104,38
104,42
104,46
104,48
104,64
104,65
104,71
104,75
104,77
104,80
104,83
104,85
104,89
104,98
104,101
104,106
104,107
104,165
104,175
104,180
104,190
104,191
104,194
104,217
104,221
104,224
104,232
104,239
104,240
104,246
104,247
104,255
104,262
104,264
104,265
104,267
104,269
104,271
104,272
104,274
104,276
104,292
104,296
104,310
104,316
104,320
104,339
104,367
104,377
104,389
104,390
104,402
104,409
104,481
104,483
104,534
104,553
104,613
104,688
104,735
104,743
104,838
104,960
104,1096
104,1171
104,1172
104,1234
104,1320
104,1368
104,1369
104,1370
104,1371
104,1372
104,1373
104,1374
105,3
105,10
105,11
105,14
105,21
105,22
105,24
105,26
105,30
105,36
105,37
105,44
105,46
105,60
105,61
105,65
105,67
105,71
105,75
105,77
105,85
105,89
105,91
105,95
105,97
105,103
105,107
105,117
105,120
105,127
105,128
105,135
105,138
105,153
105,154
105,156
105,163
105,165
105,171
105,172
105,174
105,180
105,191
105,193
105,214
105,216
105,226
105,231
105,234
105,236
105,240
105,244
105,245
105,246
105,256
105,257
105,268
105,270
105,271
105,280
105,282
105,283
105,289
105,292
105,308
105,322
105,324
105,334
105,347
105,352
105,364
105,371
105,374
105,378
105,385
105,388
105,389
105,391
105,401
105,404
105,411
105,412
105,413
105,423
105,426
105,433
105,442
105,461
105,464
105,466
105,472
105,473
105,475
105,485
105,488
105,498
105,506
105,510
105,516
105,533
105,534
105,546
105,551
105,552
105,556
105,557
105,559
105,566
105,578
105,604
105,611
105,617
105,631
105,632
105,633
105,638
105,643
105,644
105,653
105,658
105,660
105,662
105,672
105,689
105,693
105,709
105,716
105,730
105,732
105,754
105,755
105,758
105,780
105,791
105,795
105,836
105,839
105,867
105,876
105,893
105,902
105,927
105,932
105,958
105,965
105,967
105,971
105,974
105,984
105,1020
105,1024
105,1069
105,1123
105,1132
105,1143
105,1153
105,1157
105,1171
105,1212
105,1213
105,1217
105,1223
105,1232
105,1242
105,1251
105,1258
105,1260
105,1263
105,1268
105,1271
105,1280
105,1281
105,1293
105,1295
105,1300
105,1303
105,1304
105,1314
105,1329
105,1330
105,1337
105,1351
105,1355
105,1365
105,1375
105,1376
105,1377
105,1378
105,1379
105,1380
105,1381
105,1382
105,1383
105,1384
105,1385
105,1386
105,1387
105,1388
105,1389
105,1390
105,1391
105,1392
105,1393
105,1394
105,1395
105,1396
105,1397
105,1398
105,1399
105,1400
105,1401
105,1402
105,1403
105,1404
105,1405
105,1406
105,1407
105,1408
105,1409
105,1410
105,1411
105,1412
105,1413
105,1414
105,1415
105,1416
105,1417
105,1418
105,1419
105,1420
105,1421
105,1422
105,1423
105,1424
105,1425
105,1426
105,1427
105,1428
105,1429
105,1430
105,1431
105,1432
105,1433
105,1434
105,1435
105,1436
105,1437
105,1438
105,1439
105,1440
105,1441
105,1442
105,1443
105,1444
105,1445
105,1446
105,1447
105,1448
105,1449
105,1450
105,1451
105,1452
105,1453
105,1454
105,1455
105,1456
105,1457
105,1458
105,1459
105,1460
105,1461
105,1462
105,1463
105,1464
105,1465
105,1466
105,1467
105,1468
105,1469
105,1470
105,1471
105,1472
105,1473
105,1474
105,1475
105,1476
105,1477
105,1478
105,1479
105,1480
105,1481
105,1482
105,1483
105,1484
106,10
106,42
106,104
106,108
106,110
106,216
107,1
107,3
107,5
107,48
107,68
107,70
107,73
107,74
107,75
107,77
107,80
107,81
107,83
107,85
107,91
107,103
107,104
107,110
107,111
107,113
107,127
107,164
107,181
107,183
107,186
107,194
107,197
107,202
107,204
107,207
107,213
107,214
107,217
107,220
107,223
107,224
107,225
107,226
107,235
107,236
107,239
107,240
107,241
107,247
107,249
107,251
107,254
107,272
107,285
107,294
107,300
107,302
107,316
107,327
107,333
107,335
107,336
107,337
107,609
107,617
107,729
107,777
107,1064
107,1172
107,1485
108,1
108,3
108,10
108,21
108,27
108,28
108,29
108,31
108,40
108,41
108,45
108,50
108,52
108,62
108,66
108,67
108,68
108,70
108,71
108,77
108,80
108,81
108,83
108,99
108,103
108,107
108,128
108,132
108,181
108,190
108,205
108,207
108,209
108,212
108,214
108,215
108,219
108,220
108,223
108,226
108,228
108,251
108,256
108,258
108,261
108,296
108,313
108,337
108,368
108,379
108,394
108,401
108,404
108,407
108,409
108,414
108,416
108,422
108,424
108,437
108,450
108,484
108,490
108,494
108,500
108,519
108,551
108,559
108,576
108,578
108,582
108,583
108,594
108,615
108,617
108,700
108,709
108,714
108,718
108,727
108,749
108,750
108,752
108,771
108,772
108,787
108,834
108,837
108,838
108,844
108,849
108,886
108,895
108,925
108,930
108,931
108,936
108,938
108,940
108,941
108,954
108,1002
108,1050
108,1076
108,1079
108,1088
108,1106
108,1110
108,1158
108,1188
108,1209
108,1245
108,1380
108,1385
108,1486
108,1487
108,1488
108,1489
108,1490
108,1491
108,1492
108,1493
109,3
109,21
110,3
110,9
110,10
110,12
110,13
110,28
110,30
110,74
110,78
110,81
110,83
110,89
110,90
110,91
110,100
110,106
110,107
110,111
110,113
110,115
110,116
110,118
110,120
110,127
110,184
110,197
110,200
110,207
110,209
110,214
110,217
110,220
110,224
110,225
110,228
110,230
110,235
110,236
110,237
110,239
110,241
110,242
110,243
110,245
110,247
110,250
110,251
110,263
110,268
110,272
110,273
110,274
110,275
110,278
110,283
110,284
110,289
110,293
110,300
110,301
110,302
110,309
110,322
110,335
110,336
110,338
110,339
110,342
110,350
110,352
110,355
110,362
110,372
110,376
110,385
110,387
110,388
110,410
110,450
110,534
110,543
110,545
110,570
110,609
110,693
110,699
110,717
110,732
110,747
110,748
110,751
110,756
110,843
110,851
110,900
110,907
110,1208
110,1273
110,1375
110,1494
110,1495
110,1496
111,1
111,3
111,4
111,5
111,7
111,14
111,15
111,17
111,30
111,42
111,59
111,60
111,64
111,73
111,74
111,76
111,77
111,80
111,81
111,87
111,93
111,95
111,98
111,99
111,101
111,107
111,113
111,115
111,116
111,117
111,127
111,138
111,139
111,140
111,141
111,147
111,149
111,150
111,152
111,154
111,155
111,156
111,157
111,167
111,168
111,170
111,172
111,173
111,174
111,180
111,181
111,183
111,184
111,188
111,190
111,191
111,193
111,196
111,200
111,201
111,202
111,206
111,207
111,214
111,220
111,223
111,224
111,225
111,229
111,230
111,231
111,235
111,238
111,239
111,251
111,252
111,254
111,255
111,260
111,261
111,278
111,282
111,283
111,286
111,289
111,290
111,294
111,302
111,305
111,312
111,314
111,316
111,321
111,322
111,323
111,329
111,342
111,349
111,357
111,358
111,360
111,362
111,367
111,371
111,376
111,386
111,387
111,412
111,415
111,426
111,438
111,443
111,449
111,452
111,456
111,467
111,472
111,506
111,507
111,510
111,511
111,519
111,520
111,524
111,541
111,544
111,553
111,563
111,574
111,587
111,592
111,604
111,625
111,653
111,662
111,670
111,671
111,675
111,693
111,695
111,740
111,749
111,777
111,803
111,828
111,832
111,835
111,867
111,870
111,895
111,902
111,905
111,906
111,907
111,958
111,964
111,977
111,988
111,994
111,1006
111,1013
111,1014
111,1128
111,1155
111,1172
111,1173
111,1185
111,1186
111,1190
111,1195
111,1208
111,1222
111,1223
111,1233
111,1240
111,1246
111,1322
111,1341
111,1350
111,1376
111,1497
111,1498
111,1499
111,1500
111,1501
111,1502
111,1503
111,1504
111,1505
111,1506
111,1507
111,1508
111,1509
111,1510
111,1511
111,1512
111,1513
111,1514
111,1515
111,1516
111,1517
111,1518
111,1519
111,1520
111,1521
111,1522
111,1523
111,1524
111,1525
111,1526
111,1527
111,1528
111,1529
111,1530
111,1531
111,1532
111,1533
111,1534
112,5
112,253
112,778
113,3
113,7
113,68
113,73
113,77
113,83
113,84
113,91
113,95
113,99
113,107
113,110
113,118
113,160
113,181
113,182
113,183
113,184
113,186
113,188
113,194
113,196
113,197
113,200
113,201
113,204
113,207
113,209
113,214
113,219
113,220
113,223
113,225
113,226
113,228
113,229
113,231
113,232
113,233
113,237
113,238
113,244
113,245
113,246
113,248
113,249
113,251
113,254
113,272
113,293
113,300
113,316
113,339
113,345
113,373
113,380
113,387
113,388
113,391
113,411
113,467
113,472
113,484
113,505
113,573
113,730
113,756
113,806
113,937
113,954
113,1188
113,1195
113,1376
113,1501
113,1535
114,63
114,535
114,547
114,746
114,757
114,838
114,928
115,110
115,273
115,534
115,752
115,1107
115,1353
115,1536
115,1537
115,1538
115,1539
115,1540
115,1541
116,3
116,8
116,10
116,14
116,15
116,17
116,31
116,36
116,46
116,68
116,72
116,74
116,81
116,84
116,95
116,96
116,99
116,105
116,110
116,111
116,127
116,164
116,182
116,184
116,186
116,193
116,197
116,200
116,219
116,220
116,223
116,226
116,228
116,230
116,236
116,237
116,238
116,243
116,248
116,249
116,251
116,272
116,274
116,277
116,293
116,294
116,298
116,300
116,301
116,303
116,312
116,322
116,323
116,324
116,327
116,329
116,337
116,338
116,339
116,345
116,354
116,357
116,358
116,374
116,375
116,378
116,379
116,394
116,400
116,411
116,412
116,422
116,429
116,471
116,481
116,505
116,529
116,557
116,777
116,843
116,903
116,1055
116,1064
116,1090
116,1179
116,1185
116,1188
116,1190
116,1195
116,1201
116,1226
116,1240
116,1494
116,1509
116,1542
116,1543
116,1544
116,1545
117,111
117,244
117,301
117,623
117,977
117,1234
117,1237
117,1546
118,3
118,14
118,15
118,18
118,20
118,27
118,30
118,32
118,34
118,35
118,36
118,37
118,40
118,41
118,44
118,50
118,55
118,62
118,64
118,70
118,77
118,83
118,84
118,91
118,96
118,99
118,100
118,103
118,107
118,108
118,110
118,111
118,113
118,116
118,120
118,123
118,125
118,149
118,164
118,165
118,171
118,183
118,184
118,186
118,191
118,193
118,197
118,200
118,207
118,213
118,214
118,217
118,219
118,220
118,223
118,224
118,228
118,229
118,230
118,231
118,232
118,234
118,235
118,237
118,239
118,240
118,244
118,245
118,246
118,249
118,250
118,251
118,252
118,253
118,255
118,264
118,265
118,267
118,269
118,270
118,272
118,274
118,276
118,278
118,280
118,289
118,290
118,292
118,294
118,296
118,298
118,300
118,302
118,304
118,310
118,312
118,316
118,317
118,319
118,322
118,324
118,326
118,327
118,336
118,337
118,338
118,339
118,340
118,345
118,347
118,350
118,352
118,359
118,364
118,365
118,368
118,370
118,378
118,379
118,385
118,387
118,390
118,391
118,393
118,394
118,396
118,397
118,398
118,401
118,402
118,404
118,407
118,411
118,413
118,415
118,421
118,422
118,423
118,428
118,432
118,438
118,441
118,450
118,452
118,453
118,457
118,462
118,472
118,485
118,494
118,497
118,503
118,505
118,534
118,547
118,551
118,557
118,566
118,570
118,574
118,578
118,583
118,588
118,592
118,594
118,600
118,611
118,615
118,617
118,622
118,629
118,653
118,659
118,661
118,662
118,668
118,687
118,688
118,693
118,694
118,699
118,704
118,706
118,711
118,714
118,716
118,717
118,718
118,724
118,728
118,729
118,730
118,731
118,735
118,737
118,747
118,748
118,749
118,750
118,752
118,754
118,755
118,756
118,758
118,764
118,768
118,788
118,789
118,804
118,813
118,821
118,824
118,826
118,829
118,831
118,832
118,834
118,838
118,839
118,840
118,847
118,848
118,849
118,850
118,851
118,913
118,928
118,937
118,938
118,940
118,941
118,954
118,1026
118,1032
118,1077
118,1097
118,1123
118,1128
118,1129
118,1188
118,1195
118,1208
118,1211
118,1217
118,1231
118,1341
118,1376
118,1424
118,1430
118,1491
118,1493
118,1501
118,1522
118,1542
118,1547
118,1548
118,1549
118,1550
118,1551
118,1552
118,1553
118,1554
118,1555
118,1556
118,1557
118,1558
118,1559
119,578
119,771
119,837
119,928
119,1560
120,3
120,8
120,11
120,21
120,30
120,34
120,46
120,60
120,74
120,81
120,110
120,118
120,125
120,142
120,170
120,184
120,230
120,234
120,244
120,245
120,269
120,276
120,285
120,291
120,319
120,321
120,324
120,332
120,338
120,369
120,371
120,386
120,393
120,406
120,407
120,421
120,422
120,448
120,450
120,461
120,491
120,492
120,498
120,519
120,570
120,574
120,584
120,615
120,683
120,688
120,692
120,703
120,718
120,750
120,760
120,822
120,843
120,877
120,964
120,1023
120,1223
120,1503
120,1561
121,3
121,44
121,46
121,48
121,68
121,69
121,122
121,125
121,126
121,132
121,134
121,136
121,279
121,379
121,426
121,497
121,498
121,543
121,583
121,601
121,620
121,661
121,669
121,852
121,924
121,929
121,933
121,943
121,1044
121,1071
121,1108
121,1161
121,1206
121,1562
121,1563
122,3
122,121
122,933
122,973
123,3
123,21
123,34
123,40
123,41
123,126
123,296
123,407
123,408
123,415
123,416
123,422
123,428
123,454
123,493
123,494
123,551
123,611
123,701
123,713
123,725
123,770
123,771
123,773
123,789
123,816
123,833
123,840
123,847
123,892
123,1058
123,1087
123,1272
123,1564
123,1565
123,1566
124,3
124,58
124,1567
124,1568
125,3
125,14
125,18
125,19
125,22
125,24
125,27
125,28
125,31
125,34
125,36
125,37
125,40
125,41
125,44
125,45
125,46
125,54
125,61
125,62
125,64
125,65
125,67
125,74
125,100
125,118
125,120
125,121
125,128
125,132
125,180
125,184
125,191
125,228
125,230
125,234
125,244
125,245
125,250
125,252
125,253
125,261
125,265
125,271
125,272
125,274
125,280
125,296
125,300
125,301
125,303
125,308
125,316
125,325
125,338
125,351
125,362
125,364
125,368
125,374
125,380
125,385
125,388
125,391
125,393
125,402
125,407
125,408
125,411
125,413
125,420
125,421
125,422
125,423
125,428
125,429
125,432
125,441
125,450
125,492
125,494
125,500
125,503
125,506
125,552
125,556
125,559
125,570
125,573
125,576
125,578
125,582
125,583
125,588
125,592
125,593
125,604
125,617
125,629
125,688
125,693
125,699
125,708
125,709
125,713
125,715
125,716
125,717
125,723
125,744
125,747
125,750
125,755
125,756
125,757
125,765
125,788
125,824
125,840
125,843
125,845
125,851
125,911
125,933
125,938
125,940
125,953
125,999
125,1052
125,1069
125,1079
125,1087
125,1088
125,1109
125,1123
125,1158
125,1209
125,1215
125,1216
125,1298
125,1490
125,1506
125,1557
125,1569
125,1570
125,1571
125,1572
125,1573
125,1574
126,41
126,123
126,171
126,244
126,274
126,296
126,416
126,424
126,426
126,487
126,492
126,494
126,506
126,551
126,617
126,622
126,704
126,711
126,771
126,840
126,847
126,891
126,922
126,986
126,1575
126,1576
127,3
127,10
127,14
127,15
127,30
127,31
127,34
127,42
127,48
127,64
127,65
127,66
127,67
127,68
127,83
127,95
127,101
127,107
127,110
127,115
127,121
127,122
127,135
127,136
127,140
127,141
127,142
127,150
127,151
127,156
127,157
127,163
127,167
127,170
127,171
127,173
127,180
127,197
127,207
127,226
127,229
127,231
127,233
127,240
127,244
127,246
127,247
127,249
127,252
127,257
127,267
127,269
127,270
127,272
127,277
127,278
127,284
127,365
127,369
127,370
127,379
127,381
127,387
127,388
127,411
127,431
127,432
127,433
127,447
127,448
127,450
127,451
127,452
127,453
127,454
127,455
127,457
127,459
127,461
127,466
127,468
127,503
127,505
127,506
127,508
127,509
127,510
127,511
127,513
127,516
127,517
127,518
127,519
127,520
127,523
127,530
127,538
127,540
127,548
127,565
127,582
127,587
127,592
127,593
127,602
127,629
127,636
127,638
127,646
127,648
127,662
127,664
127,702
127,711
127,713
127,718
127,765
127,774
127,775
127,781
127,801
127,831
127,832
127,833
127,836
127,838
127,852
127,857
127,861
127,876
127,882
127,918
127,932
127,944
127,958
127,961
127,962
127,964
127,966
127,967
127,971
127,973
127,976
127,981
127,988
127,991
127,999
127,1009
127,1012
127,1079
127,1088
127,1090
127,1096
127,1108
127,1144
127,1145
127,1155
127,1157
127,1158
127,1160
127,1161
127,1166
127,1176
127,1177
127,1205
127,1221
127,1245
127,1248
127,1251
127,1257
127,1259
127,1262
127,1263
127,1266
127,1267
127,1273
127,1279
127,1280
127,1282
127,1283
127,1286
127,1294
127,1295
127,1298
127,1300
127,1303
127,1304
127,1307
127,1308
127,1309
127,1312
127,1313
127,1314
127,1331
127,1340
127,1341
127,1342
127,1346
127,1358
127,1364
127,1369
127,1370
127,1380
127,1388
127,1407
127,1409
127,1412
127,1434
127,1450
127,1453
127,1456
127,1459
127,1461
127,1471
127,1478
127,1514
127,1515
127,1522
127,1524
127,1526
127,1553
127,1566
127,1577
127,1578
127,1579
127,1580
127,1581
127,1582
127,1583
127,1584
127,1585
127,1586
127,1587
127,1588
127,1589
127,1590
127,1591
127,1592
127,1593
127,1594
127,1595
127,1596
127,1597
127,1598
127,1599
127,1600
127,1601
127,1602
127,1603
127,1604
127,1605
127,1606
127,1607
127,1608
127,1609
127,1610
127,1611
127,1612
127,1613
127,1614
127,1615
127,1616
127,1617
127,1618
127,1619
127,1620
127,1621
127,1622
127,1623
127,1624
127,1625
127,1626
127,1627
127,1628
127,1629
127,1630
127,1631
127,1632
127,1633
127,1634
127,1635
127,1636
127,1637
127,1638
127,1639
127,1640
127,1641
127,1642
127,1643
127,1644
127,1645
127,1646
127,1647
127,1648
127,1649
127,1650
127,1651
127,1652
127,1653
127,1654
127,1655
127,1656
127,1657
127,1658
127,1659
127,1660
127,1661
127,1662
127,1663
127,1664
127,1665
127,1666
127,1667
127,1668
127,1669
127,1670
127,1671
127,1672
127,1673
127,1674
127,1675
127,1676
127,1677
127,1678
127,1679
127,1680
127,1681
127,1682
127,1683
127,1684
127,1685
127,1686
127,1687
127,1688
127,1689
127,1690
127,1691
127,1692
127,1693
127,1694
127,1695
127,1696
127,1697
127,1698
127,1699
127,1700
127,1701
127,1702
127,1703
127,1704
127,1705
127,1706
127,1707
127,1708
127,1709
127,1710
127,1711
127,1712
127,1713
127,1714
127,1715
127,1716
127,1717
128,3
128,20
128,30
128,34
128,46
128,48
128,95
128,120
128,125
128,130
128,191
128,228
128,230
128,237
128,244
128,245
128,246
128,286
128,292
128,300
128,301
128,338
128,365
128,368
128,372
128,374
128,402
128,408
128,420
128,422
128,429
128,450
128,500
128,534
128,535
128,547
128,556
128,558
128,559
128,566
128,570
128,578
128,582
128,591
128,604
128,617
128,618
128,693
128,709
128,714
128,737
128,750
128,821
128,824
128,836
128,838
128,851
128,927
128,1085
128,1274
128,1486
128,1718
128,1719
128,1720
129,58
129,67
129,591
129,1047
129,1204
129,1263
129,1559
129,1721
129,1722
129,1723
130,46
130,61
130,66
130,128
130,256
130,488
130,727
130,1724
130,1725
131,500
131,1112
132,16
132,17
132,19
132,24
132,27
132,31
132,60
132,61
132,66
132,95
132,115
132,121
132,128
132,136
132,180
132,221
132,276
132,313
132,317
132,329
132,338
132,364
132,367
132,368
132,379
132,380
132,391
132,406
132,408
132,422
132,426
132,432
132,441
132,450
132,497
132,506
132,534
132,535
132,556
132,558
132,564
132,568
132,583
132,584
132,593
132,594
132,612
132,617
132,619
132,620
132,626
132,629
132,631
132,654
132,673
132,688
132,700
132,701
132,709
132,740
132,744
132,745
132,748
132,754
132,766
132,767
132,786
132,807
132,809
132,817
132,819
132,823
132,834
132,837
132,839
132,844
132,940
132,959
132,1039
132,1052
132,1088
132,1108
132,1124
132,1373
132,1491
132,1563
132,1720
132,1726
132,1727
132,1728
132,1729
132,1730
132,1731
132,1732
132,1733
133,443
133,497
133,530
133,584
133,588
133,668
133,833
133,877
133,1221
133,1224
133,1734
133,1735
134,0
134,3
134,27
134,42
134,57
134,60
134,62
134,121
134,150
134,234
134,256
134,270
134,372
134,388
134,408
134,420
134,421
134,428
134,432
134,449
134,452
134,461
134,493
134,494
134,498
134,505
134,506
134,507
134,511
134,519
134,523
134,524
134,559
134,570
134,583
134,628
134,654
134,717
134,771
134,801
134,824
134,833
134,892
134,928
134,938
134,948
134,957
134,1009
134,1071
134,1112
134,1123
134,1160
134,1187
134,1208
134,1223
134,1224
134,1266
134,1389
134,1522
134,1736
134,1737
134,1738
134,1739
134,1740
135,0
135,3
135,15
135,17
135,18
135,19
135,21
135,24
135,27
135,28
135,29
135,31
135,34
135,36
135,39
135,40
135,43
135,46
135,60
135,61
135,62
135,64
135,66
135,67
135,69
135,81
135,89
135,100
135,101
135,103
135,105
135,111
135,121
135,126
135,127
135,137
135,139
135,141
135,149
135,150
135,151
135,153
135,155
135,157
135,164
135,167
135,201
135,219
135,229
135,230
135,231
135,234
135,242
135,244
135,245
135,246
135,247
135,254
135,267
135,292
135,295
135,296
135,309
135,338
135,342
135,351
135,354
135,385
135,386
135,388
135,408
135,413
135,414
135,415
135,420
135,421
135,424
135,428
135,431
135,433
135,439
135,441
135,445
135,448
135,451
135,452
135,453
135,461
135,464
135,475
135,478
135,489
135,493
135,494
135,496
135,498
135,499
135,503
135,506
135,511
135,512
135,515
135,516
135,518
135,526
135,528
135,534
135,546
135,551
135,559
135,565
135,569
135,570
135,572
135,574
135,578
135,583
135,588
135,592
135,594
135,611
135,623
135,628
135,629
135,638
135,664
135,673
135,690
135,702
135,711
135,713
135,714
135,715
135,716
135,717
135,718
135,732
135,749
135,759
135,760
135,765
135,771
135,772
135,775
135,780
135,782
135,797
135,799
135,800
135,801
135,815
135,822
135,831
135,835
135,837
135,838
135,845
135,846
135,857
135,874
135,875
135,882
135,892
135,913
135,916
135,926
135,933
135,937
135,944
135,945
135,961
135,962
135,964
135,967
135,969
135,971
135,973
135,974
135,976
135,977
135,980
135,982
135,983
135,988
135,1010
135,1018
135,1023
135,1024
135,1035
135,1040
135,1074
135,1079
135,1084
135,1088
135,1096
135,1108
135,1144
135,1145
135,1146
135,1154
135,1161
135,1171
135,1173
135,1202
135,1208
135,1212
135,1223
135,1245
135,1266
135,1276
135,1277
135,1282
135,1283
135,1323
135,1328
135,1329
135,1331
135,1332
135,1333
135,1334
135,1339
135,1341
135,1342
135,1345
135,1346
135,1347
135,1349
135,1350
135,1353
135,1357
135,1358
135,1360
135,1361
135,1365
135,1388
135,1390
135,1398
135,1400
135,1447
135,1506
135,1515
135,1531
135,1549
135,1558
135,1588
135,1592
135,1741
135,1742
135,1743
135,1744
135,1745
135,1746
135,1747
135,1748
135,1749
135,1750
135,1751
135,1752
135,1753
135,1754
135,1755
135,1756
135,1757
135,1758
135,1759
135,1760
135,1761
135,1762
135,1763
135,1764
135,1765
135,1766
135,1767
135,1768
135,1769
135,1770
135,1771
135,1772
135,1773
135,1774
135,1775
135,1776
135,1777
135,1778
135,1779
135,1780
135,1781
135,1782
135,1783
136,3
136,69
136,121
136,140
136,173
136,442
136,507
136,524
136,533
136,605
136,870
136,960
136,1110
136,1224
136,1591
136,1784
136,1785
137,3
137,68
137,135
137,146
137,151
137,153
137,171
137,434
137,448
137,461
137,475
137,496
137,509
137,512
137,516
137,625
137,636
137,680
137,685
137,802
137,833
137,967
137,968
137,972
137,973
137,976
137,981
137,990
137,1096
137,1126
137,1147
137,1161
137,1165
137,1166
137,1210
137,1223
137,1245
137,1340
137,1344
137,1345
137,1353
137,1356
137,1361
137,1399
137,1400
137,1753
137,1776
137,1786
137,1787
137,1788
137,1789
137,1790
137,1791
137,1792
137,1793
137,1794
137,1795
137,1796
137,1797
138,426
138,454
138,513
138,530
138,858
139,48
139,170
139,530
139,959
140,3
140,7
140,9
140,14
140,15
140,19
140,27
140,29
140,36
140,60
140,62
140,65
140,87
140,111
140,126
140,127
140,136
140,141
140,150
140,154
140,156
140,157
140,161
140,167
140,168
140,171
140,172
140,174
140,180
140,229
140,242
140,245
140,255
140,259
140,267
140,268
140,272
140,280
140,285
140,292
140,317
140,323
140,329
140,336
140,338
140,341
140,365
140,368
140,371
140,372
140,391
140,402
140,409
140,413
140,422
140,423
140,428
140,429
140,431
140,433
140,435
140,437
140,439
140,442
140,443
140,444
140,449
140,450
140,452
140,455
140,459
140,461
140,485
140,494
140,507
140,511
140,512
140,514
140,520
140,522
140,523
140,524
140,530
140,534
140,543
140,552
140,556
140,557
140,578
140,588
140,601
140,611
140,620
140,628
140,662
140,705
140,740
140,749
140,758
140,776
140,801
140,808
140,838
140,840
140,861
140,864
140,867
140,923
140,938
140,962
140,1009
140,1013
140,1014
140,1015
140,1017
140,1055
140,1116
140,1132
140,1163
140,1223
140,1224
140,1241
140,1342
140,1350
140,1366
140,1388
140,1515
140,1524
140,1525
140,1527
140,1531
140,1585
140,1587
140,1595
140,1598
140,1737
140,1752
140,1798
140,1799
140,1800
140,1801
140,1802
140,1803
140,1804
140,1805
140,1806
140,1807
140,1808
140,1809
140,1810
140,1811
140,1812
140,1813
140,1814
140,1815
140,1816
140,1817
140,1818
140,1819
140,1820
140,1821
140,1822
140,1823
140,1824
140,1825
140,1826
140,1827
140,1828
141,3
141,24
141,133
141,136
141,149
141,154
141,165
141,168
141,172
141,174
141,269
141,323
141,338
141,420
141,421
141,431
141,438
141,453
141,460
141,461
141,462
141,498
141,502
141,504
141,511
141,518
141,519
141,524
141,528
141,601
141,669
141,670
141,672
141,704
141,706
141,718
141,759
141,857
141,863
141,867
141,869
141,923
141,945
141,962
141,1005
141,1017
141,1023
141,1024
141,1028
141,1029
141,1166
141,1213
141,1223
141,1303
141,1322
141,1324
141,1528
141,1580
141,1583
141,1585
141,1596
141,1737
141,1829
141,1830
141,1831
141,1832
141,1833
141,1834
141,1835
141,1836
142,170
142,432
142,1218
143,3
143,48
143,156
143,326
143,370
143,433
143,464
143,496
143,501
143,516
143,639
143,685
143,711
143,726
143,760
143,785
143,836
143,934
143,966
143,980
143,1078
143,1140
143,1155
143,1251
143,1253
143,1275
143,1366
143,1379
143,1403
143,1422
143,1426
143,1433
143,1440
143,1448
143,1458
143,1466
143,1467
143,1472
143,1475
143,1589
143,1596
143,1632
143,1645
143,1665
143,1686
143,1772
143,1776
143,1837
143,1838
143,1839
143,1840
143,1841
143,1842
143,1843
143,1844
143,1845
143,1846
143,1847
143,1848
143,1849
143,1850
144,3
144,155
144,441
144,516
144,546
144,594
144,625
144,729
144,788
144,798
144,874
144,944
144,979
144,981
144,983
144,1009
144,1024
144,1162
144,1202
144,1224
144,1329
144,1355
144,1388
144,1403
144,1851
144,1852
144,1853
144,1854
144,1855
145,42
145,406
145,459
145,498
145,702
145,951
145,1009
146,323
146,513
146,530
146,605
146,875
146,913
146,1241
146,1328
146,1388
146,1856
146,1857
147,148
147,507
147,1024
148,155
148,157
148,449
148,524
148,864
148,958
148,1044
149,0
149,21
149,29
149,41
149,42
149,49
149,62
149,119
149,120
149,121
149,126
149,130
149,132
149,135
149,136
149,138
149,139
149,141
149,147
149,156
149,157
149,167
149,173
149,180
149,201
149,234
149,253
149,259
149,269
149,317
149,371
149,380
149,386
149,409
149,420
149,421
149,428
149,429
149,432
149,438
149,449
149,450
149,452
149,456
149,459
149,461
149,502
149,506
149,510
149,511
149,512
149,519
149,520
149,521
149,528
149,570
149,576
149,582
149,587
149,588
149,604
149,623
149,629
149,638
149,668
149,671
149,714
149,718
149,729
149,755
149,763
149,813
149,846
149,857
149,861
149,867
149,868
149,869
149,870
149,916
149,926
149,929
149,1006
149,1013
149,1015
149,1051
149,1055
149,1079
149,1110
149,1167
149,1217
149,1224
149,1322
149,1388
149,1391
149,1412
149,1491
149,1516
149,1577
149,1591
149,1746
149,1775
149,1794
149,1811
149,1858
149,1859
149,1860
149,1861
149,1862
149,1863
149,1864
149,1865
149,1866
150,42
150,69
150,323
150,434
150,439
150,449
150,507
150,512
150,514
150,519
150,588
150,600
150,601
150,660
150,754
150,835
150,957
150,959
150,1224
150,1266
150,1341
150,1579
151,103
151,152
151,381
151,438
151,520
151,542
151,686
151,699
151,932
151,1098
151,1145
151,1150
151,1166
151,1331
151,1341
151,1412
151,1566
151,1588
151,1617
151,1763
151,1782
151,1867
151,1868
151,1869
151,1870
151,1871
151,1872
151,1873
151,1874
151,1875
151,1876
152,48
152,148
152,154
152,170
152,426
152,453
152,500
152,588
152,1006
152,1052
153,21
153,63
153,137
153,171
153,323
153,343
153,604
153,718
153,760
153,792
153,797
153,857
153,882
153,991
153,1088
153,1232
153,1245
153,1340
153,1392
153,1740
153,1877
153,1878
153,1879
153,1880
153,1881
154,140
154,141
154,152
154,172
154,365
154,433
154,440
154,448
154,509
154,516
154,546
154,592
154,637
154,672
154,684
154,789
154,800
154,973
154,977
154,981
154,1078
154,1140
154,1145
154,1152
154,1158
154,1173
154,1245
154,1346
154,1362
154,1365
154,1393
154,1399
154,1410
154,1412
154,1747
154,1751
154,1758
154,1789
154,1819
154,1882
154,1883
154,1884
154,1885
155,148
155,537
155,865
155,1809
155,1852
155,1886
155,1887
155,1888
155,1889
155,1890
156,30
156,34
156,40
156,148
156,163
156,167
156,246
156,275
156,296
156,351
156,374
156,385
156,424
156,433
156,437
156,452
156,503
156,515
156,523
156,563
156,705
156,708
156,718
156,730
156,806
156,821
156,845
156,867
156,1163
156,1202
156,1216
156,1332
156,1337
156,1353
156,1361
156,1422
156,1782
156,1873
156,1891
156,1892
156,1893
156,1894
156,1895
156,1896
156,1897
156,1898
156,1899
156,1900
156,1901
157,140
157,172
157,399
157,444
157,452
157,453
157,458
157,459
157,509
157,512
157,530
157,584
157,638
157,662
157,667
157,718
157,729
157,801
157,833
157,870
157,960
157,1005
157,1012
157,1525
157,1549
157,1751
157,1807
157,1837
157,1902
157,1903
158,69
159,508
160,99
160,166
160,170
160,180
160,225
160,426
160,439
160,452
160,468
160,507
160,956
160,962
160,1006
160,1015
160,1223
160,1350
160,1904
161,259
161,961
161,1006
161,1221
162,1221
163,270
163,370
163,517
163,546
163,664
163,672
163,729
163,932
163,1024
163,1029
163,1364
163,1365
163,1783
163,1906
163,1907
163,1908
163,1909
163,1910
163,1911
163,1912
163,1913
163,1914
164,3
164,17
164,45
164,64
164,65
164,66
164,69
164,71
164,74
164,80
164,81
164,83
164,101
164,107
164,116
164,135
164,139
164,147
164,148
164,152
164,157
164,167
164,172
164,184
164,188
164,197
164,204
164,224
164,229
164,251
164,254
164,258
164,267
164,292
164,352
164,367
164,369
164,370
164,415
164,428
164,431
164,433
164,437
164,447
164,485
164,488
164,506
164,509
164,516
164,518
164,520
164,522
164,524
164,542
164,625
164,628
164,637
164,638
164,653
164,686
164,717
164,718
164,722
164,730
164,845
164,858
164,864
164,867
164,870
164,894
164,906
164,913
164,941
164,958
164,965
164,967
164,973
164,974
164,980
164,983
164,999
164,1007
164,1009
164,1033
164,1077
164,1078
164,1098
164,1107
164,1171
164,1172
164,1178
164,1208
164,1216
164,1245
164,1252
164,1254
164,1258
164,1259
164,1260
164,1262
164,1266
164,1267
164,1283
164,1286
164,1293
164,1295
164,1298
164,1303
164,1306
164,1315
164,1341
164,1342
164,1346
164,1388
164,1398
164,1404
164,1409
164,1430
164,1433
164,1438
164,1439
164,1441
164,1442
164,1443
164,1447
164,1449
164,1453
164,1461
164,1462
164,1463
164,1470
164,1471
164,1478
164,1479
164,1480
164,1481
164,1518
164,1526
164,1531
164,1553
164,1566
164,1580
164,1589
164,1592
164,1612
164,1616
164,1626
164,1627
164,1632
164,1644
164,1652
164,1674
164,1675
164,1676
164,1694
164,1697
164,1750
164,1756
164,1757
164,1763
164,1827
164,1843
164,1854
164,1863
164,1883
164,1887
164,1892
164,1902
164,1904
164,1915
164,1916
164,1917
164,1918
164,1919
164,1920
164,1921
164,1922
164,1923
164,1924
164,1925
164,1926
164,1927
164,1928
164,1929
164,1930
164,1931
164,1932
164,1933
164,1934
164,1935
164,1936
164,1937
164,1938
164,1939
164,1940
164,1941
164,1942
164,1943
164,1944
164,1945
164,1946
164,1947
164,1948
164,1949
164,1950
164,1951
164,1952
164,1953
164,1954
164,1955
164,1956
164,1957
164,1958
164,1959
164,1960
164,1961
164,1962
164,1963
164,1964
164,1965
164,1966
164,1967
164,1968
164,1969
164,1970
164,1971
164,1972
164,1973
164,1974
164,1975
164,1976
164,1977
164,1978
164,1979
164,1980
164,1981
164,1982
164,1983
164,1984
164,1985
164,1986
164,1987
164,1988
164,1989
164,1990
164,1991
164,1992
164,1993
164,1994
165,3
165,12
165,17
165,19
165,20
165,28
165,30
165,37
165,40
165,41
165,45
165,46
165,67
165,94
165,97
165,104
165,111
165,120
165,128
165,132
165,143
165,151
165,163
165,164
165,191
165,213
165,229
165,245
165,276
165,290
165,292
165,313
165,324
165,326
165,339
165,347
165,350
165,352
165,357
165,364
165,368
165,370
165,372
165,373
165,374
165,377
165,404
165,405
165,406
165,410
165,411
165,412
165,420
165,422
165,423
165,435
165,438
165,451
165,461
165,466
165,504
165,517
165,530
165,532
165,534
165,539
165,542
165,547
165,550
165,556
165,557
165,558
165,564
165,565
165,615
165,616
165,618
165,620
165,629
165,645
165,648
165,653
165,654
165,662
165,673
165,688
165,693
165,704
165,732
165,752
165,755
165,756
165,757
165,760
165,771
165,773
165,776
165,785
165,829
165,831
165,839
165,849
165,871
165,877
165,882
165,884
165,907
165,916
165,922
165,974
165,980
165,993
165,996
165,1002
165,1040
165,1045
165,1048
165,1078
165,1094
165,1137
165,1155
165,1215
165,1232
165,1247
165,1252
165,1253
165,1257
165,1258
165,1260
165,1261
165,1262
165,1266
165,1267
165,1271
165,1275
165,1278
165,1283
165,1320
165,1325
165,1361
165,1417
165,1420
165,1421
165,1425
165,1427
165,1432
165,1433
165,1437
165,1443
165,1446
165,1447
165,1453
165,1458
165,1469
165,1475
165,1478
165,1531
165,1550
165,1552
165,1553
165,1571
165,1598
165,1614
165,1617
165,1618
165,1619
165,1627
165,1629
165,1632
165,1635
165,1666
165,1686
165,1707
165,1718
165,1720
165,1749
165,1820
165,1821
165,1854
165,1900
165,1902
165,1922
165,1933
165,1936
165,1948
165,1956
165,1963
165,1994
165,1995
165,1996
165,1997
165,1998
165,1999
165,2000
165,2001
165,2002
165,2003
165,2004
165,2005
165,2006
165,2007
165,2008
165,2009
165,2010
165,2011
165,2012
165,2013
165,2014
165,2015
165,2016
165,2017
165,2018
165,2019
165,2020
165,2021
165,2022
165,2023
165,2024
165,2025
165,2026
165,2027
165,2028
165,2029
165,2030
165,2031
165,2032
165,2033
165,2034
165,2035
165,2036
165,2037
165,2038
165,2039
165,2040
165,2041
165,2042
165,2043
165,2044
165,2045
165,2046
165,2047
165,2048
165,2049
165,2050
165,2051
165,2052
166,160
166,169
167,41
167,42
167,59
167,156
167,172
167,269
167,365
167,416
167,440
167,444
167,452
167,459
167,460
167,507
167,517
167,518
167,528
167,713
167,774
167,1011
167,1246
167,1321
167,1595
167,2053
168,141
168,170
168,172
168,435
168,436
168,451
168,452
168,454
168,459
168,525
168,760
168,801
168,989
168,993
168,1143
168,1163
168,1210
168,1519
168,1524
168,1532
168,1535
168,1827
168,1852
169,147
169,166
170,42
170,48
170,69
170,136
170,139
170,142
170,152
170,160
170,168
170,172
170,173
170,174
170,257
170,432
170,446
170,447
170,451
170,490
170,498
170,507
170,512
170,514
170,515
170,524
170,584
170,604
170,713
170,760
170,857
170,858
170,862
170,865
170,882
170,886
170,947
170,950
170,951
170,958
170,960
170,961
170,1006
170,1222
170,1223
170,1241
170,1327
170,1388
170,1512
170,1513
170,1514
170,1516
170,1585
170,1591
170,1735
170,1794
170,1861
170,1863
170,2054
170,2055
170,2056
170,2057
170,2058
170,2059
170,2060
170,2061
170,2062
170,2063
170,2064
170,2065
170,2066
171,3
171,21
171,28
171,33
171,50
171,58
171,60
171,119
171,126
171,221
171,324
171,326
171,370
171,391
171,406
171,452
171,456
171,461
171,493
171,512
171,518
171,543
171,551
171,563
171,625
171,684
171,702
171,716
171,892
171,991
171,1018
171,1049
171,1161
171,1212
171,1224
171,1266
171,1430
171,1557
171,2067
171,2068
171,2069
171,2070
171,2071
171,2072
171,2073
172,140
172,141
172,148
172,154
172,157
172,167
172,168
172,170
172,171
172,180
172,386
172,447
172,453
172,509
172,510
172,512
172,522
172,524
172,592
172,818
172,831
172,949
172,996
172,1166
172,1253
172,1389
172,1423
172,1433
172,1516
172,1535
172,1580
172,1599
172,1740
172,2022
172,2074
172,2075
172,2076
172,2077
172,2078
172,2079
172,2080
172,2081
172,2082
172,2083
172,2084
172,2085
172,2086
172,2087
172,2088
172,2089
172,2090
172,2091
172,2092
172,2093
172,2094
173,69
173,136
173,138
173,170
173,459
173,530
173,960
173,1044
173,1164
173,2055
174,42
174,167
174,170
174,171
174,415
174,525
174,801
174,865
174,1014
174,1122
174,1223
174,1820
174,2058
174,2095
175,104
175,218
176,106
177,4
177,5
177,70
177,81
177,236
177,1171
178,4
178,991
178,996
178,1172
178,1882
178,1885
179,4
179,5
179,1068
180,4
180,8
180,10
180,15
180,18
180,20
180,28
180,36
180,40
180,46
180,64
180,71
180,85
180,96
180,103
180,104
180,121
180,125
180,129
180,132
180,140
180,149
180,160
180,172
180,188
180,193
180,198
180,214
180,223
180,228
180,253
180,254
180,255
180,269
180,276
180,307
180,308
180,321
180,326
180,339
180,347
180,351
180,368
180,373
180,391
180,406
180,410
180,414
180,415
180,424
180,428
180,429
180,433
180,434
180,435
180,439
180,441
180,450
180,451
180,452
180,461
180,484
180,491
180,492
180,494
180,498
180,506
180,509
180,516
180,518
180,523
180,533
180,546
180,548
180,552
180,556
180,559
180,569
180,570
180,578
180,582
180,591
180,592
180,594
180,601
180,604
180,622
180,623
180,629
180,631
180,662
180,688
180,713
180,749
180,760
180,766
180,774
180,815
180,835
180,838
180,840
180,843
180,857
180,877
180,923
180,938
180,940
180,945
180,947
180,956
180,960
180,1003
180,1009
180,1041
180,1052
180,1058
180,1110
180,1111
180,1122
180,1136
180,1163
180,1215
180,1218
180,1223
180,1278
180,1388
180,1490
180,1718
180,1800
180,1802
180,1830
180,1919
180,1998
180,2096
180,2097
180,2098
180,2099
180,2100
180,2101
180,2102
181,1
181,4
181,7
181,14
181,15
181,19
181,30
181,68
181,70
181,72
181,75
181,77
181,81
181,82
181,83
181,84
181,85
181,90
181,107
181,108
181,113
181,178
181,183
181,184
181,186
181,188
181,193
181,194
181,196
181,197
181,198
181,202
181,205
181,207
181,209
181,212
181,214
181,217
181,219
181,223
181,224
181,225
181,226
181,229
181,231
181,233
181,236
181,237
181,239
181,240
181,242
181,244
181,248
181,249
181,251
181,252
181,253
181,264
181,268
181,274
181,294
181,297
181,309
181,316
181,327
181,336
181,337
181,372
181,376
181,387
181,402
181,425
181,467
181,481
181,484
181,607
181,609
181,610
181,653
181,694
181,731
181,735
181,895
181,937
181,1095
181,1179
181,1180
181,1188
181,1191
181,1234
181,1268
181,1384
181,1501
181,2103
181,2104
182,322
182,1128
182,1172
183,4
183,5
183,7
183,68
183,70
183,77
183,80
183,82
183,84
183,91
183,99
183,107
183,113
183,118
183,181
183,188
183,197
183,207
183,217
183,223
183,226
183,237
183,238
183,246
183,249
183,251
183,294
183,301
183,327
183,350
183,472
183,693
183,851
184,4
184,5
184,7
184,8
184,9
184,28
184,31
184,77
184,83
184,89
184,94
184,110
184,111
184,113
184,116
184,118
184,120
184,181
184,200
184,207
184,217
184,220
184,224
184,226
184,229
184,236
184,240
184,241
184,245
184,249
184,250
184,263
184,284
184,285
184,293
184,300
184,316
184,326
184,333
184,338
184,339
184,357
184,362
184,367
184,371
184,374
184,376
184,379
184,398
184,402
184,422
184,450
184,484
184,617
184,688
184,694
184,730
184,747
184,756
184,757
184,851
184,1066
184,2105
185,4
185,496
185,640
185,1173
185,1343
186,4
186,55
186,73
186,81
186,82
186,83
186,101
186,107
186,111
186,113
186,118
186,181
186,200
186,217
186,224
186,231
186,239
186,240
186,242
186,244
186,250
186,265
186,276
186,294
186,333
186,472
186,573
186,610
186,693
186,851
186,954
186,1107
186,1182
186,2106
186,2107
187,4
187,85
187,104
187,209
187,221
187,271
187,274
187,334
187,1498
187,2108
188,4
188,5
188,6
188,7
188,14
188,48
188,68
188,70
188,72
188,77
188,78
188,85
188,91
188,95
188,97
188,113
188,164
188,181
188,183
188,189
188,191
188,194
188,197
188,200
188,207
188,214
188,223
188,224
188,226
188,232
188,236
188,239
188,251
188,254
188,261
188,268
188,300
188,316
188,332
188,333
188,342
188,467
188,609
188,764
188,1056
188,1096
188,1195
188,2109
189,4
189,70
189,83
189,99
189,188
189,190
189,197
189,208
189,272
189,386
189,2110
190,4
190,70
190,103
190,104
190,108
190,189
190,465
191,1
191,3
191,5
191,7
191,12
191,14
191,15
191,16
191,17
191,19
191,20
191,27
191,28
191,30
191,31
191,36
191,39
191,49
191,60
191,62
191,64
191,73
191,77
191,80
191,83
191,84
191,90
191,91
191,96
191,97
191,101
191,104
191,105
191,108
191,110
191,111
191,113
191,118
191,125
191,128
191,132
191,141
191,144
191,147
191,157
191,164
191,165
191,174
191,188
191,197
191,200
191,207
191,214
191,217
191,219
191,224
191,226
191,229
191,230
191,231
191,232
191,234
191,235
191,238
191,239
191,240
191,244
191,246
191,247
191,249
191,251
191,252
191,258
191,267
191,269
191,272
191,274
191,280
191,284
191,292
191,293
191,294
191,296
191,300
191,312
191,322
191,326
191,337
191,338
191,339
191,340
191,347
191,352
191,362
191,364
191,365
191,368
191,369
191,370
191,371
191,372
191,375
191,405
191,412
191,413
191,420
191,421
191,422
191,423
191,424
191,428
191,433
191,437
191,441
191,456
191,457
191,464
191,466
191,475
191,488
191,492
191,496
191,510
191,511
191,516
191,518
191,519
191,520
191,522
191,528
191,534
191,546
191,551
191,552
191,553
191,557
191,573
191,578
191,583
191,615
191,625
191,633
191,638
191,650
191,653
191,663
191,673
191,683
191,686
191,688
191,693
191,704
191,706
191,708
191,711
191,716
191,717
191,740
191,749
191,755
191,756
191,760
191,765
191,768
191,774
191,780
191,800
191,835
191,838
191,845
191,851
191,857
191,869
191,874
191,893
191,906
191,913
191,938
191,944
191,945
191,946
191,949
191,962
191,963
191,971
191,973
191,974
191,980
191,981
191,982
191,990
191,991
191,1005
191,1015
191,1016
191,1017
191,1018
191,1019
191,1026
191,1028
191,1029
191,1032
191,1047
191,1049
191,1088
191,1096
191,1108
191,1146
191,1149
191,1154
191,1157
191,1158
191,1161
191,1162
191,1170
191,1172
191,1182
191,1185
191,1192
191,1198
191,1199
191,1208
191,1212
191,1217
191,1223
191,1245
191,1249
191,1251
191,1255
191,1257
191,1261
191,1271
191,1323
191,1332
191,1341
191,1348
191,1357
191,1361
191,1373
191,1389
191,1398
191,1409
191,1415
191,1443
191,1501
191,1532
191,1537
191,1586
191,1588
191,1600
191,1620
191,1754
191,1763
191,1775
191,1776
191,1852
191,1854
191,1900
191,1920
191,1921
191,1924
191,1932
191,1934
191,1937
191,2000
191,2004
191,2006
191,2011
191,2097
191,2111
191,2112
191,2113
191,2114
191,2115
191,2116
191,2117
191,2118
191,2119
191,2120
191,2121
191,2122
191,2123
191,2124
191,2125
191,2126
191,2127
191,2128
191,2129
191,2130
191,2131
191,2132
191,2133
191,2134
191,2135
191,2136
191,2137
191,2138
192,3
192,4
192,10
192,11
192,18
192,66
192,68
192,99
192,229
192,237
192,247
192,268
192,269
192,294
192,342
192,352
192,385
192,411
192,412
192,452
192,464
192,481
192,551
192,552
192,553
192,559
192,583
192,598
192,662
192,665
192,683
192,699
192,717
192,745
192,749
192,797
192,801
192,807
192,845
192,867
192,1078
192,1144
192,1176
192,1217
192,1244
192,1249
192,1262
192,1267
192,1273
192,1302
192,1319
192,1320
192,1327
192,1328
192,1403
192,1446
192,1451
192,1452
192,1532
192,1558
192,1570
192,1613
192,1634
192,1664
192,1669
192,1685
192,1690
192,1694
192,1740
192,1844
192,1852
192,1976
192,1983
192,1986
192,1990
192,2114
192,2131
192,2139
192,2140
192,2141
192,2142
192,2143
192,2144
192,2145
192,2146
192,2147
192,2148
192,2149
192,2150
192,2151
192,2152
192,2153
192,2154
192,2155
192,2156
192,2157
192,2158
192,2159
192,2160
192,2161
192,2162
192,2163
192,2164
192,2165
192,2166
192,2167
192,2168
192,2169
192,2170
192,2171
192,2172
192,2173
192,2174
192,2175
192,2176
192,2177
193,4
193,8
193,9
193,11
193,13
193,34
193,36
193,37
193,39
193,74
193,77
193,83
193,91
193,116
193,119
193,126
193,181
193,214
193,219
193,226
193,229
193,235
193,237
193,239
193,241
193,253
193,285
193,289
193,321
193,380
193,551
193,557
193,613
193,622
193,679
193,696
193,701
193,742
193,747
193,750
193,766
193,817
193,823
193,1068
193,1096
193,1201
193,1232
193,1234
193,1726
193,2178
193,2179
194,4
194,7
194,10
194,11
194,14
194,17
194,19
194,21
194,27
194,30
194,31
194,34
194,36
194,40
194,43
194,45
194,51
194,64
194,70
194,71
194,73
194,77
194,80
194,81
194,82
194,83
194,84
194,85
194,94
194,95
194,96
194,104
194,107
194,113
194,115
194,132
194,177
194,181
194,183
194,184
194,186
194,188
194,198
194,214
194,218
194,219
194,220
194,221
194,223
194,224
194,230
194,235
194,238
194,239
194,240
194,242
194,245
194,250
194,251
194,252
194,253
194,260
194,264
194,265
194,267
194,268
194,269
194,271
194,273
194,274
194,280
194,284
194,288
194,289
194,293
194,294
194,296
194,304
194,312
194,313
194,316
194,318
194,324
194,333
194,339
194,347
194,352
194,354
194,357
194,358
194,360
194,364
194,365
194,372
194,373
194,374
194,375
194,378
194,379
194,384
194,389
194,390
194,396
194,399
194,400
194,402
194,407
194,412
194,422
194,423
194,424
194,450
194,465
194,472
194,476
194,487
194,494
194,532
194,533
194,534
194,543
194,547
194,553
194,556
194,568
194,569
194,573
194,575
194,609
194,620
194,621
194,622
194,623
194,629
194,632
194,653
194,654
194,687
194,701
194,724
194,727
194,731
194,740
194,743
194,749
194,752
194,754
194,757
194,758
194,768
194,784
194,804
194,822
194,824
194,828
194,840
194,878
194,900
194,1026
194,1055
194,1060
194,1076
194,1093
194,1115
194,1166
194,1177
194,1182
194,1194
194,1195
194,1233
194,1240
194,1268
194,1377
194,1545
194,2180
194,2181
194,2182
194,2183
194,2184
195,0
195,4
195,11
195,24
195,29
195,30
195,43
195,45
195,48
195,104
195,107
195,121
195,126
195,165
195,193
195,219
195,246
195,268
195,280
195,293
195,321
195,342
195,378
195,407
195,419
195,423
195,449
195,500
195,604
195,626
195,632
195,679
195,759
195,1799
195,2185
195,2186
195,2187
195,2188
196,4
196,5
196,70
196,71
196,76
196,77
196,80
196,81
196,83
196,102
196,103
196,181
196,202
196,213
196,219
196,220
196,223
196,226
196,302
196,1170
196,1171
197,3
197,4
197,5
197,6
197,7
197,11
197,19
197,55
197,68
197,71
197,72
197,78
197,80
197,82
197,83
197,84
197,85
197,89
197,91
197,94
197,95
197,99
197,101
197,104
197,107
197,110
197,113
197,116
197,118
197,127
197,164
197,178
197,181
197,183
197,188
197,189
197,191
197,204
197,209
197,214
197,219
197,222
197,223
197,224
197,226
197,237
197,239
197,240
197,249
197,251
197,253
197,254
197,255
197,261
197,264
197,265
197,271
197,272
197,274
197,278
197,294
197,300
197,301
197,316
197,319
197,324
197,333
197,370
197,378
197,387
197,402
197,412
197,484
197,553
197,607
197,737
197,800
197,851
197,860
197,893
197,895
197,896
197,898
197,974
197,977
197,979
197,1010
197,1067
197,1080
197,1115
197,1177
197,1196
197,1245
197,1329
197,1534
197,1542
197,1612
197,1839
197,2189
197,2190
197,2191
197,2192
197,2193
197,2194
198,2
198,5
198,7
198,68
198,73
198,91
198,116
198,181
198,202
198,210
198,285
198,315
198,339
199,202
200,3
200,4
200,5
200,9
200,10
200,11
200,14
200,15
200,18
200,19
200,28
200,30
200,31
200,35
200,36
200,37
200,42
200,55
200,64
200,74
200,77
200,81
200,82
200,83
200,90
200,96
200,99
200,102
200,104
200,107
200,108
200,110
200,111
200,113
200,116
200,118
200,165
200,181
200,183
200,184
200,188
200,191
200,193
200,202
200,209
200,214
200,217
200,219
200,220
200,223
200,227
200,228
200,229
200,230
200,232
200,234
200,235
200,236
200,239
200,240
200,241
200,243
200,245
200,249
200,250
200,251
200,252
200,253
200,254
200,265
200,267
200,268
200,272
200,276
200,277
200,280
200,282
200,284
200,289
200,290
200,291
200,293
200,294
200,296
200,301
200,312
200,314
200,316
200,318
200,322
200,327
200,336
200,337
200,338
200,340
200,350
200,352
200,354
200,358
200,359
200,360
200,362
200,363
200,364
200,365
200,368
200,371
200,372
200,374
200,375
200,380
200,387
200,390
200,391
200,393
200,396
200,398
200,401
200,402
200,406
200,407
200,409
200,412
200,422
200,423
200,429
200,450
200,472
200,476
200,488
200,542
200,543
200,545
200,547
200,556
200,557
200,573
200,574
200,609
200,611
200,617
200,628
200,629
200,653
200,661
200,690
200,693
200,694
200,699
200,716
200,717
200,730
200,731
200,737
200,740
200,741
200,748
200,749
200,752
200,756
200,764
200,777
200,822
200,826
200,838
200,851
200,876
200,877
200,886
200,900
200,906
200,907
200,1055
200,1061
200,1062
200,1069
200,1080
200,1090
200,1128
200,1184
200,1190
200,1196
200,1201
200,1208
200,1231
200,1234
200,1235
200,1378
200,1485
200,1551
200,1817
200,2067
200,2195
200,2196
200,2197
200,2198
200,2199
200,2200
201,1
201,4
201,69
201,71
201,74
201,77
201,78
201,80
201,90
201,99
201,107
201,113
201,149
201,174
201,188
201,223
201,226
201,380
201,465
201,509
201,1009
201,1028
201,1171
201,1300
201,1646
201,1657
201,1937
201,1989
201,2201
201,2202
201,2203
201,2204
201,2205
201,2206
201,2207
201,2208
201,2209
201,2210
201,2211
201,2212
202,4
202,5
202,91
202,99
202,181
202,196
203,5
203,70
204,5
204,7
204,83
204,95
204,107
204,113
204,164
204,197
204,223
204,247
204,254
204,276
204,322
204,326
204,342
204,352
204,653
204,1107
204,2164
205,5
205,7
205,14
205,71
205,77
205,80
205,85
205,98
205,108
205,207
205,220
205,759
205,2213
206,5
206,70
206,298
206,2139
206,2214
207,7
207,19
207,68
207,74
207,77
207,83
207,100
207,107
207,108
207,111
207,113
207,118
207,127
207,137
207,183
207,184
207,188
207,191
207,205
207,214
207,217
207,220
207,222
207,224
207,227
207,232
207,234
207,235
207,236
207,237
207,239
207,241
207,244
207,245
207,264
207,265
207,268
207,269
207,270
207,278
207,286
207,294
207,322
207,335
207,336
207,350
207,351
207,352
207,466
207,471
207,472
207,609
207,610
207,699
207,711
207,729
207,730
207,764
207,913
207,979
207,1173
207,1344
207,1515
207,1547
207,1549
207,2215
207,2216
208,5
208,85
208,89
208,189
209,4
209,70
209,72
209,75
209,77
209,91
209,107
209,108
209,213
209,224
209,236
209,240
209,251
209,274
209,954
209,1173
209,1501
210,6
210,91
210,198
210,211
211,6
211,250
211,322
211,1195
212,2
212,7
212,70
212,71
212,75
212,77
212,108
212,181
212,227
212,228
212,895
213,2
213,7
213,51
213,70
213,71
213,73
213,77
213,80
213,102
213,103
213,132
213,165
213,196
213,214
213,223
213,226
213,229
213,230
213,235
213,269
213,296
213,372
213,409
213,422
213,423
213,547
213,551
213,688
213,714
213,725
213,831
213,851
213,909
213,933
213,1217
213,2217
214,1
214,5
214,7
214,8
214,14
214,15
214,30
214,48
214,55
214,70
214,72
214,73
214,77
214,80
214,83
214,84
214,85
214,99
214,105
214,106
214,107
214,110
214,113
214,116
214,118
214,181
214,186
214,191
214,193
214,194
214,196
214,197
214,200
214,207
214,212
214,213
214,215
214,217
214,219
214,220
214,223
214,224
214,226
214,227
214,231
214,233
214,235
214,236
214,237
214,239
214,240
214,241
214,242
214,246
214,250
214,251
214,252
214,271
214,272
214,294
214,295
214,300
214,302
214,322
214,333
214,335
214,336
214,339
214,467
214,468
214,471
214,484
214,708
214,756
214,851
214,900
214,954
214,1026
214,1055
214,1177
214,1179
214,1180
214,1229
215,7
215,71
215,72
215,77
215,81
215,101
215,102
215,108
215,219
215,223
215,224
215,954
216,7
216,76
216,106
216,406
217,7
217,8
217,9
217,14
217,17
217,31
217,35
217,36
217,37
217,40
217,41
217,51
217,72
217,83
217,94
217,99
217,107
217,110
217,118
217,181
217,183
217,184
217,186
217,191
217,200
217,214
217,219
217,220
217,221
217,224
217,230
217,232
217,235
217,236
217,240
217,244
217,249
217,250
217,252
217,253
217,255
217,261
217,274
217,277
217,278
217,280
217,286
217,289
217,290
217,294
217,300
217,301
217,309
217,316
217,338
217,339
217,350
217,357
217,358
217,368
217,372
217,374
217,375
217,380
217,386
217,387
217,391
217,393
217,402
217,412
217,422
217,423
217,441
217,450
217,472
217,534
217,545
217,547
217,548
217,553
217,556
217,594
217,617
217,623
217,625
217,688
217,693
217,694
217,727
217,743
217,747
217,752
217,755
217,756
217,777
217,804
217,820
217,838
217,851
217,900
217,973
217,1192
217,1545
217,1546
217,1551
217,1552
218,7
218,108
218,194
218,297
218,310
218,316
218,336
219,7
219,14
219,19
219,55
219,77
219,80
219,83
219,84
219,85
219,87
219,95
219,99
219,109
219,113
219,181
219,191
219,193
219,194
219,195
219,196
219,197
219,215
219,217
219,220
219,223
219,226
219,227
219,229
219,233
219,240
219,246
219,248
219,249
219,251
219,253
219,268
219,270
219,294
219,297
219,300
219,322
219,334
219,339
219,376
219,388
219,396
219,467
219,484
219,895
219,1107
219,1171
219,1182
219,1195
219,1376
220,7
220,8
220,9
220,10
220,15
220,72
220,74
220,77
220,90
220,94
220,100
220,107
220,108
220,110
220,111
220,113
220,116
220,184
220,196
220,200
220,205
220,207
220,214
220,217
220,223
220,224
220,225
220,228
220,235
220,236
220,237
220,239
220,240
220,241
220,244
220,245
220,250
220,252
220,265
220,278
220,279
220,280
220,284
220,289
220,290
220,292
220,293
220,294
220,300
220,301
220,302
220,303
220,321
220,335
220,336
220,338
220,342
220,344
220,350
220,357
220,362
220,374
220,375
220,378
220,475
220,545
220,653
220,740
220,900
220,1485
220,1545
221,4
221,5
221,7
221,11
221,24
221,29
221,36
221,43
221,65
221,71
221,78
221,83
221,103
221,104
221,106
221,132
221,187
221,198
221,217
221,223
221,228
221,325
221,347
221,404
221,418
221,426
221,534
221,549
221,556
221,613
221,628
221,654
221,676
221,688
221,725
221,812
221,823
221,883
221,911
221,997
221,1095
221,1172
221,1382
221,1720
221,2218
221,2219
221,2220
221,2221
221,2222
222,895
223,2
223,6
223,7
223,14
223,68
223,72
223,75
223,77
223,80
223,82
223,83
223,84
223,85
223,91
223,95
223,99
223,106
223,107
223,108
223,113
223,118
223,180
223,181
223,183
223,188
223,194
223,196
223,197
223,200
223,204
223,219
223,220
223,224
223,227
223,232
223,240
223,242
223,246
223,249
223,250
223,251
223,254
223,316
223,324
223,325
223,332
223,339
223,467
223,484
223,505
223,717
223,728
223,756
223,895
223,1129
223,1172
223,1177
223,2223
224,1
224,5
224,7
224,14
224,15
224,19
224,30
224,42
224,68
224,70
224,71
224,72
224,73
224,74
224,77
224,81
224,82
224,83
224,85
224,89
224,90
224,91
224,98
224,99
224,101
224,104
224,107
224,108
224,113
224,181
224,183
224,184
224,186
224,188
224,191
224,194
224,197
224,198
224,207
224,209
224,212
224,214
224,217
224,219
224,220
224,223
224,226
224,232
224,235
224,236
224,237
224,238
224,239
224,240
224,241
224,242
224,244
224,245
224,249
224,251
224,252
224,254
224,262
224,263
224,264
224,265
224,272
224,273
224,278
224,286
224,294
224,298
224,299
224,300
224,301
224,309
224,316
224,327
224,334
224,335
224,337
224,338
224,339
224,359
224,363
224,378
224,389
224,390
224,391
224,471
224,472
224,475
224,481
224,553
224,609
224,693
224,731
224,735
224,756
224,803
224,804
224,838
224,895
224,900
224,937
224,954
224,1170
224,1171
224,1180
224,1208
224,1234
224,1236
224,1375
224,2224
224,2225
224,2226
224,2227
225,7
225,8
225,94
225,96
225,110
225,113
225,160
225,181
225,220
225,233
225,236
225,237
225,241
225,245
225,250
225,288
225,301
225,336
225,342
225,412
225,484
225,491
225,609
225,617
225,900
226,6
226,7
226,42
226,70
226,71
226,72
226,75
226,77
226,78
226,80
226,81
226,84
226,85
226,95
226,99
226,105
226,107
226,108
226,113
226,116
226,127
226,181
226,183
226,184
226,188
226,191
226,193
226,196
226,197
226,201
226,213
226,214
226,219
226,224
226,231
226,232
226,238
226,246
226,251
226,276
226,294
226,325
226,334
226,339
226,351
226,376
226,385
226,388
226,429
226,434
226,472
226,484
226,553
226,573
226,609
226,1172
226,1188
226,1202
226,1268
226,1501
227,5
227,7
227,28
227,77
227,81
227,85
227,89
227,91
227,127
227,207
227,214
227,223
227,237
227,239
227,241
227,248
227,250
227,262
227,265
227,273
227,301
227,312
227,322
227,336
227,351
227,471
227,718
227,843
227,1056
227,1268
227,1501
228,4
228,9
228,11
228,12
228,13
228,14
228,15
228,18
228,19
228,21
228,27
228,30
228,31
228,36
228,44
228,55
228,65
228,67
228,71
228,73
228,74
228,77
228,79
228,83
228,89
228,90
228,91
228,94
228,95
228,96
228,99
228,101
228,104
228,107
228,110
228,111
228,113
228,116
228,118
228,120
228,125
228,127
228,128
228,165
228,180
228,183
228,187
228,197
228,200
228,202
228,209
228,212
228,214
228,217
228,219
228,220
228,221
228,222
228,224
228,229
228,230
228,232
228,235
228,236
228,237
228,240
228,241
228,243
228,245
228,246
228,250
228,251
228,255
228,260
228,261
228,264
228,265
228,267
228,268
228,269
228,272
228,282
228,283
228,284
228,286
228,289
228,290
228,293
228,300
228,302
228,308
228,312
228,314
228,316
228,318
228,321
228,324
228,326
228,333
228,334
228,336
228,338
228,339
228,342
228,353
228,357
228,360
228,362
228,372
228,374
228,375
228,376
228,378
228,380
228,385
228,388
228,390
228,391
228,393
228,394
228,395
228,396
228,400
228,404
228,406
228,407
228,408
228,412
228,413
228,420
228,431
228,441
228,461
228,466
228,484
228,485
228,488
228,540
228,545
228,547
228,551
228,557
228,588
228,617
228,619
228,631
228,687
228,693
228,694
228,699
228,703
228,711
228,717
228,730
228,734
228,741
228,742
228,745
228,752
228,759
228,777
228,823
228,826
228,900
228,905
228,907
228,922
228,1061
228,1090
228,1180
228,1185
228,1195
228,1196
228,1201
228,1232
228,1236
228,1368
228,1510
228,1511
228,1569
228,2198
228,2228
228,2229
228,2230
228,2231
228,2232
228,2233
228,2234
228,2235
229,7
229,9
229,12
229,14
229,15
229,20
229,27
229,30
229,31
229,37
229,44
229,46
229,48
229,51
229,62
229,64
229,74
229,77
229,83
229,90
229,92
229,94
229,111
229,113
229,125
229,127
229,135
229,140
229,163
229,164
229,165
229,168
229,173
229,181
229,184
229,192
229,193
229,200
229,213
229,219
229,220
229,230
229,234
229,235
229,241
229,244
229,245
229,250
229,251
229,268
229,270
229,272
229,273
229,276
229,277
229,279
229,280
229,293
229,296
229,297
229,300
229,301
229,318
229,319
229,326
229,352
229,369
229,371
229,372
229,378
229,380
229,381
229,386
229,389
229,402
229,408
229,415
229,421
229,428
229,461
229,484
229,488
229,493
229,494
229,497
229,498
229,506
229,509
229,511
229,519
229,520
229,532
229,535
229,559
229,566
229,570
229,583
229,584
229,588
229,594
229,615
229,617
229,628
229,660
229,693
229,702
229,713
229,730
229,732
229,745
229,760
229,775
229,843
229,857
229,870
229,900
229,906
229,913
229,980
229,1009
229,1023
229,1024
229,1088
229,1096
229,1104
229,1107
229,1158
229,1217
229,1232
229,1245
229,1254
229,1258
229,1283
229,1286
229,1294
229,1310
229,1312
229,1315
229,1317
229,1319
229,1322
229,1345
229,1353
229,1370
229,1388
229,1389
229,1401
229,1424
229,1430
229,1434
229,1438
229,1445
229,1447
229,1452
229,1478
229,1558
229,1589
229,1599
229,1638
229,1654
229,1682
229,1685
229,1708
229,1723
229,1738
229,1742
229,1777
229,1899
229,1959
229,1963
229,1968
229,1970
229,1972
229,1976
229,2004
229,2118
229,2176
229,2203
229,2236
229,2237
229,2238
229,2239
229,2240
229,2241
229,2242
229,2243
229,2244
229,2245
229,2246
229,2247
229,2248
229,2249
229,2250
229,2251
229,2252
229,2253
229,2254
229,2255
229,2256
229,2257
229,2258
229,2259
229,2260
229,2261
229,2262
229,2263
229,2264
229,2265
229,2266
229,2267
229,2268
229,2269
229,2270
229,2271
229,2272
229,2273
229,2274
229,2275
229,2276
229,2277
229,2278
229,2279
229,2280
229,2281
229,2282
229,2283
229,2284
229,2285
229,2286
229,2287
229,2288
229,2289
229,2290
229,2291
229,2292
229,2293
229,2294
230,7
230,11
230,14
230,19
230,28
230,37
230,40
230,64
230,65
230,74
230,83
230,85
230,94
230,99
230,104
230,105
230,113
230,116
230,120
230,125
230,128
230,135
230,140
230,165
230,181
230,191
230,194
230,207
230,213
230,214
230,217
230,219
230,223
230,224
230,227
230,228
230,229
230,231
230,232
230,235
230,236
230,237
230,240
230,241
230,244
230,245
230,246
230,247
230,250
230,252
230,255
230,261
230,265
230,280
230,284
230,285
230,293
230,296
230,298
230,300
230,301
230,302
230,303
230,308
230,314
230,321
230,336
230,338
230,351
230,362
230,368
230,371
230,372
230,380
230,388
230,396
230,398
230,402
230,406
230,407
230,409
230,418
230,450
230,461
230,466
230,484
230,485
230,506
230,547
230,548
230,568
230,610
230,615
230,621
230,694
230,699
230,703
230,716
230,729
230,730
230,734
230,750
230,756
230,764
230,806
230,828
230,1116
230,1424
230,1485
230,1571
230,2295
231,0
231,7
231,9
231,10
231,28
231,30
231,42
231,51
231,66
231,68
231,69
231,71
231,77
231,89
231,111
231,113
231,118
231,121
231,127
231,154
231,180
231,184
231,186
231,188
231,219
231,226
231,234
231,249
231,250
231,257
231,261
231,265
231,269
231,272
231,278
231,292
231,294
231,326
231,332
231,338
231,342
231,351
231,352
231,378
231,386
231,388
231,404
231,415
231,433
231,434
231,441
231,456
231,461
231,462
231,464
231,472
231,498
231,510
231,511
231,512
231,516
231,518
231,519
231,522
231,524
231,552
231,553
231,570
231,583
231,592
231,604
231,617
231,625
231,638
231,675
231,699
231,702
231,711
231,718
231,730
231,756
231,760
231,775
231,780
231,806
231,851
231,867
231,923
231,945
231,949
231,962
231,964
231,966
231,967
231,989
231,990
231,1011
231,1012
231,1015
231,1018
231,1019
231,1020
231,1024
231,1026
231,1027
231,1028
231,1029
231,1049
231,1070
231,1079
231,1091
231,1093
231,1096
231,1136
231,1140
231,1152
231,1154
231,1158
231,1171
231,1210
231,1218
231,1266
231,1276
231,1281
231,1325
231,1332
231,1341
231,1342
231,1398
231,1528
231,1586
231,1594
231,1751
231,1754
231,1756
231,1786
231,1803
231,1852
231,1897
231,1916
231,1920
231,1921
231,1934
231,1999
231,2065
231,2114
231,2117
231,2296
231,2297
231,2298
231,2299
231,2300
231,2301
231,2302
231,2303
231,2304
231,2305
231,2306
231,2307
231,2308
232,3
232,4
232,7
232,9
232,10
232,15
232,19
232,30
232,36
232,70
232,74
232,75
232,77
232,81
232,82
232,83
232,84
232,85
232,87
232,91
232,94
232,99
232,100
232,104
232,106
232,113
232,188
232,191
232,200
232,207
232,214
232,217
232,219
232,223
232,224
232,226
232,228
232,233
232,234
232,235
232,236
232,237
232,239
232,240
232,241
232,245
232,246
232,250
232,251
232,252
232,255
232,261
232,265
232,268
232,272
232,273
232,275
232,277
232,280
232,289
232,294
232,300
232,316
232,318
232,321
232,322
232,328
232,336
232,339
232,342
232,351
232,352
232,385
232,387
232,388
232,389
232,411
232,471
232,607
232,610
232,699
232,730
232,732
232,764
232,826
232,1096
232,1128
232,1171
232,1172
232,1193
232,1195
232,1445
232,1482
232,1501
232,1667
232,2164
232,2309
232,2310
232,2311
232,2312
232,2313
232,2314
232,2315
232,2316
232,2317
232,2318
232,2319
232,2320
232,2321
232,2322
232,2323
232,2324
232,2325
232,2326
232,2327
232,2328
232,2329
233,5
233,7
233,11
233,72
233,73
233,75
233,77
233,81
233,107
233,113
233,127
233,181
233,183
233,196
233,197
233,207
233,209
233,214
233,219
233,222
233,223
233,225
233,229
233,232
233,235
233,238
233,245
233,247
233,251
233,252
233,266
233,351
233,352
233,472
233,826
233,900
233,1054
233,1182
233,1195
233,1268
234,0
234,7
234,9
234,10
234,12
234,13
234,17
234,19
234,20
234,21
234,24
234,27
234,28
234,29
234,30
234,34
234,37
234,39
234,40
234,44
234,46
234,49
234,50
234,57
234,60
234,62
234,64
234,66
234,74
234,81
234,94
234,104
234,105
234,118
234,120
234,125
234,127
234,148
234,151
234,156
234,157
234,168
234,181
234,184
234,191
234,200
234,207
234,224
234,229
234,230
234,231
234,232
234,235
234,237
234,239
234,240
234,244
234,245
234,246
234,249
234,250
234,252
234,253
234,262
234,265
234,269
234,272
234,276
234,280
234,289
234,290
234,292
234,294
234,296
234,303
234,305
234,316
234,317
234,319
234,324
234,326
234,329
234,332
234,335
234,338
234,339
234,342
234,351
234,352
234,368
234,369
234,372
234,380
234,385
234,386
234,391
234,393
234,402
234,407
234,408
234,409
234,413
234,414
234,420
234,421
234,424
234,441
234,448
234,453
234,461
234,463
234,490
234,494
234,498
234,500
234,506
234,510
234,511
234,518
234,522
234,524
234,526
234,527
234,528
234,534
234,545
234,551
234,552
234,556
234,559
234,564
234,566
234,570
234,578
234,583
234,584
234,592
234,594
234,611
234,615
234,617
234,624
234,625
234,632
234,662
234,688
234,689
234,693
234,694
234,699
234,701
234,702
234,705
234,709
234,713
234,714
234,716
234,717
234,718
234,730
234,734
234,735
234,741
234,747
234,752
234,756
234,757
234,762
234,764
234,768
234,780
234,788
234,801
234,815
234,821
234,832
234,837
234,838
234,840
234,848
234,851
234,857
234,875
234,928
234,929
234,938
234,940
234,949
234,989
234,990
234,1005
234,1013
234,1017
234,1018
234,1019
234,1023
234,1028
234,1029
234,1030
234,1039
234,1049
234,1052
234,1069
234,1088
234,1096
234,1108
234,1116
234,1123
234,1158
234,1195
234,1209
234,1223
234,1339
234,1491
234,1532
234,1544
234,1547
234,1551
234,1557
234,1570
234,1578
234,1586
234,1596
234,1817
234,1835
234,1836
234,1852
234,1921
234,1999
234,2065
234,2115
234,2140
234,2215
234,2227
234,2301
234,2302
234,2306
234,2330
234,2331
234,2332
234,2333
234,2334
234,2335
234,2336
234,2337
235,7
235,9
235,12
235,14
235,15
235,20
235,28
235,29
235,36
235,73
235,74
235,89
235,90
235,92
235,94
235,107
235,110
235,118
235,193
235,207
235,213
235,217
235,220
235,228
235,229
235,236
235,237
235,239
235,240
235,241
235,244
235,245
235,247
235,248
235,250
235,255
235,262
235,265
235,268
235,272
235,274
235,277
235,278
235,286
235,293
235,294
235,297
235,298
235,301
235,309
235,321
235,322
235,335
235,336
235,338
235,342
235,350
235,357
235,362
235,371
235,372
235,374
235,378
235,385
235,386
235,387
235,388
235,402
235,404
235,412
235,413
235,441
235,475
235,481
235,535
235,545
235,568
235,576
235,615
235,693
235,694
235,711
235,717
235,720
235,725
235,766
235,826
235,843
235,900
235,1061
235,1063
235,1068
235,1185
235,1208
235,1377
235,1485
236,5
236,7
236,12
236,17
236,30
236,36
236,55
236,72
236,74
236,76
236,77
236,80
236,82
236,83
236,89
236,90
236,94
236,105
236,107
236,116
236,181
236,184
236,188
236,200
236,207
236,209
236,214
236,217
236,220
236,224
236,225
236,227
236,228
236,230
236,232
236,235
236,237
236,238
236,239
236,240
236,241
236,244
236,245
236,250
236,251
236,261
236,268
236,272
236,274
236,277
236,279
236,280
236,284
236,288
236,289
236,290
236,294
236,298
236,301
236,302
236,303
236,312
236,314
236,316
236,319
236,320
236,321
236,324
236,326
236,327
236,335
236,336
236,356
236,363
236,388
236,393
236,394
236,416
236,482
236,484
236,485
236,545
236,547
236,694
236,717
236,735
236,777
236,851
236,900
236,937
236,1116
236,1170
236,1182
236,1185
236,1201
236,1234
236,1235
236,1485
236,1542
236,1544
237,4
237,5
237,7
237,10
237,11
237,15
237,17
237,19
237,30
237,65
237,70
237,83
237,89
237,90
237,91
237,94
237,99
237,100
237,101
237,110
237,111
237,113
237,116
237,128
237,181
237,183
237,192
237,193
237,197
237,207
237,214
237,220
237,222
237,223
237,224
237,225
237,227
237,230
237,232
237,234
237,235
237,236
237,238
237,239
237,240
237,241
237,243
237,244
237,246
237,249
237,250
237,251
237,268
237,269
237,272
237,273
237,277
237,280
237,282
237,284
237,289
237,293
237,302
237,309
237,311
237,316
237,319
237,336
237,339
237,342
237,352
237,359
237,383
237,387
237,388
237,389
237,411
237,467
237,472
237,484
237,485
237,532
237,573
237,610
237,693
237,694
237,699
237,717
237,730
237,735
237,756
237,777
237,806
237,843
237,900
237,1061
237,1107
237,1178
237,1208
237,1234
237,2107
237,2109
237,2338
238,7
238,83
238,84
238,99
238,111
238,183
238,191
238,226
238,240
238,251
238,294
238,1177
238,1188
239,1
239,5
239,6
239,7
239,9
239,12
239,14
239,15
239,19
239,30
239,31
239,64
239,68
239,71
239,72
239,73
239,74
239,77
239,78
239,80
239,81
239,82
239,83
239,85
239,89
239,90
239,91
239,99
239,100
239,101
239,104
239,107
239,110
239,113
239,114
239,127
239,181
239,184
239,186
239,188
239,191
239,193
239,194
239,197
239,198
239,201
239,207
239,214
239,219
239,220
239,223
239,224
239,227
239,232
239,234
239,235
239,236
239,237
239,238
239,240
239,241
239,242
239,243
239,245
239,247
239,250
239,251
239,252
239,253
239,255
239,260
239,265
239,267
239,268
239,271
239,272
239,273
239,274
239,277
239,280
239,293
239,297
239,298
239,300
239,301
239,302
239,308
239,309
239,310
239,311
239,312
239,316
239,318
239,319
239,322
239,326
239,327
239,336
239,337
239,338
239,339
239,342
239,359
239,378
239,385
239,386
239,387
239,394
239,410
239,466
239,475
239,476
239,477
239,484
239,553
239,574
239,609
239,617
239,653
239,717
239,735
239,835
239,851
239,900
239,1059
239,1080
239,1096
239,1115
239,1172
239,1179
239,1192
239,1200
239,1208
239,1234
239,1235
239,1375
239,2181
239,2225
239,2229
239,2339
239,2340
239,2341
240,5
240,7
240,8
240,9
240,10
240,11
240,14
240,15
240,17
240,30
240,31
240,36
240,42
240,46
240,68
240,71
240,73
240,74
240,75
240,77
240,82
240,83
240,84
240,85
240,89
240,90
240,91
240,94
240,95
240,96
240,99
240,102
240,105
240,107
240,113
240,116
240,118
240,127
240,181
240,183
240,184
240,186
240,191
240,194
240,197
240,200
240,209
240,214
240,217
240,219
240,220
240,223
240,224
240,228
240,229
240,230
240,232
240,234
240,235
240,236
240,237
240,238
240,239
240,244
240,245
240,246
240,247
240,249
240,251
240,252
240,253
240,264
240,265
240,267
240,268
240,272
240,274
240,280
240,282
240,284
240,285
240,289
240,290
240,293
240,294
240,295
240,301
240,303
240,309
240,310
240,312
240,316
240,319
240,321
240,322
240,336
240,338
240,339
240,351
240,358
240,363
240,371
240,383
240,386
240,390
240,402
240,429
240,467
240,472
240,484
240,485
240,540
240,553
240,608
240,609
240,618
240,693
240,730
240,740
240,764
240,804
240,900
240,906
240,909
240,949
240,954
240,1055
240,1059
240,1061
240,1071
240,1116
240,1128
240,1180
240,1182
240,1184
240,1196
240,1234
240,1268
240,1377
240,1547
240,2342
241,7
241,9
241,11
241,12
241,15
241,17
241,28
241,30
241,31
241,40
241,71
241,74
241,77
241,80
241,87
241,89
241,99
241,100
241,101
241,107
241,110
241,111
241,115
241,184
241,188
241,200
241,207
241,214
241,215
241,220
241,222
241,224
241,225
241,227
241,228
241,229
241,230
241,232
241,235
241,236
241,237
241,239
241,245
241,247
241,250
241,251
241,253
241,262
241,265
241,267
241,268
241,271
241,272
241,274
241,280
241,284
241,286
241,288
241,293
241,294
241,300
241,302
241,309
241,311
241,312
241,313
241,318
241,319
241,321
241,322
241,335
241,336
241,339
241,342
241,355
241,362
241,369
241,372
241,393
241,429
241,466
241,471
241,476
241,484
241,488
241,520
241,545
241,548
241,555
241,574
241,609
241,610
241,653
241,711
241,717
241,732
241,738
241,743
241,744
241,756
241,764
241,806
241,826
241,843
241,851
241,900
241,1063
241,1071
241,1116
241,1173
241,1179
241,1201
241,1208
241,1234
241,1237
241,1268
241,1273
241,1370
241,1485
242,7
242,72
242,82
242,84
242,86
242,181
242,186
242,214
242,223
242,224
242,235
242,248
242,249
242,251
242,265
242,301
242,316
242,319
242,333
242,335
242,336
242,338
242,378
242,388
242,477
243,14
243,15
243,36
243,75
243,77
243,81
243,83
243,85
243,89
243,90
243,91
243,99
243,100
243,101
243,110
243,111
243,116
243,207
243,214
243,219
243,225
243,232
243,235
243,237
243,238
243,239
243,241
243,242
243,245
243,246
243,247
243,251
243,252
243,268
243,271
243,272
243,294
243,295
243,336
243,342
243,383
243,386
243,391
243,466
243,478
243,484
243,553
243,609
243,732
243,806
243,1179
243,1195
243,1713
243,2172
243,2202
243,2327
243,2328
243,2343
243,2344
243,2345
243,2346
243,2347
243,2348
243,2349
243,2350
243,2351
243,2352
243,2353
243,2354
243,2355
243,2356
243,2357
243,2358
243,2359
243,2360
243,2361
243,2362
243,2363
243,2364
243,2365
243,2366
243,2367
243,2368
243,2369
243,2370
243,2371
243,2372
243,2373
243,2374
243,2375
243,2376
243,2377
243,2378
243,2379
244,7
244,9
244,11
244,12
244,14
244,21
244,27
244,30
244,34
244,36
244,37
244,40
244,42
244,43
244,44
244,46
244,51
244,58
244,62
244,64
244,74
244,86
244,92
244,94
244,96
244,104
244,105
244,107
244,108
244,113
244,117
244,120
244,123
244,125
244,126
244,127
244,128
244,135
244,181
244,186
244,191
244,195
244,200
244,207
244,217
244,220
244,224
244,229
244,230
244,234
244,235
244,236
244,240
244,245
244,246
244,262
244,265
244,267
244,268
244,271
244,274
244,277
244,283
244,284
244,289
244,292
244,293
244,294
244,296
244,300
244,308
244,314
244,318
244,338
244,339
244,342
244,350
244,363
244,367
244,368
244,388
244,391
244,399
244,403
244,405
244,407
244,409
244,412
244,415
244,416
244,420
244,422
244,424
244,441
244,452
244,462
244,466
244,472
244,484
244,488
244,492
244,497
244,505
244,506
244,519
244,534
244,543
244,551
244,559
244,568
244,570
244,583
244,584
244,594
244,611
244,612
244,617
244,628
244,629
244,668
244,693
244,709
244,713
244,715
244,717
244,718
244,729
244,730
244,747
244,748
244,756
244,763
244,777
244,804
244,821
244,824
244,832
244,838
244,840
244,849
244,851
244,857
244,891
244,900
244,925
244,927
244,955
244,1067
244,1094
244,1135
244,1185
244,1201
244,1221
244,1430
244,1552
244,1556
244,1564
244,1570
244,1729
244,2029
244,2053
244,2235
244,2380
244,2381
244,2382
245,1
245,4
245,7
245,8
245,9
245,10
245,11
245,12
245,13
245,14
245,15
245,19
245,30
245,31
245,37
245,65
245,74
245,77
245,81
245,83
245,85
245,86
245,87
245,89
245,91
245,92
245,94
245,95
245,96
245,99
245,105
245,107
245,110
245,113
245,115
245,117
245,120
245,127
245,128
245,140
245,165
245,183
245,184
245,186
245,188
245,194
245,197
245,198
245,200
245,207
245,214
245,219
245,220
245,221
245,224
245,225
245,227
245,228
245,229
245,230
245,231
245,232
245,233
245,234
245,235
245,236
245,239
245,240
245,241
245,243
245,244
245,246
245,247
245,248
245,250
245,251
245,253
245,255
245,261
245,268
245,272
245,273
245,274
245,277
245,278
245,282
245,286
245,289
245,290
245,293
245,294
245,295
245,300
245,301
245,302
245,308
245,309
245,311
245,312
245,316
245,318
245,321
245,322
245,325
245,326
245,327
245,332
245,336
245,337
245,338
245,339
245,340
245,342
245,352
245,353
245,354
245,357
245,359
245,362
245,369
245,371
245,374
245,376
245,386
245,388
245,390
245,391
245,393
245,396
245,397
245,398
245,410
245,411
245,412
245,416
245,457
245,461
245,467
245,472
245,482
245,484
245,485
245,491
245,529
245,534
245,540
245,543
245,545
245,547
245,553
245,555
245,557
245,578
245,588
245,609
245,615
245,653
245,693
245,694
245,699
245,716
245,717
245,730
245,732
245,740
245,742
245,744
245,755
245,756
245,764
245,765
245,803
245,804
245,843
245,884
245,900
245,906
245,1055
245,1056
245,1061
245,1065
245,1066
245,1067
245,1068
245,1090
245,1116
245,1166
245,1182
245,1184
245,1186
245,1188
245,1200
245,1201
245,1208
245,1229
245,1232
245,1368
245,1381
245,1485
245,1506
245,1542
245,1547
245,2067
245,2235
245,2339
245,2382
245,2383
245,2384
245,2385
245,2386
245,2387
245,2388
245,2389
246,0
246,4
246,7
246,10
246,14
246,15
246,19
246,20
246,22
246,27
246,30
246,31
246,34
246,37
246,40
246,42
246,43
246,44
246,49
246,51
246,57
246,62
246,64
246,65
246,71
246,74
246,77
246,79
246,81
246,84
246,90
246,91
246,94
246,96
246,97
246,98
246,99
246,100
246,101
246,103
246,113
246,118
246,125
246,127
246,128
246,132
246,135
246,141
246,149
246,151
246,156
246,165
246,172
246,180
246,181
246,182
246,183
246,191
246,195
246,202
246,214
246,219
246,221
246,223
246,224
246,225
246,226
246,227
246,228
246,229
246,230
246,231
246,232
246,234
246,237
246,240
246,243
246,244
246,245
246,249
246,250
246,251
246,253
246,264
246,265
246,267
246,269
246,272
246,276
246,286
246,294
246,295
246,302
246,322
246,325
246,326
246,336
246,338
246,339
246,365
246,370
246,383
246,385
246,388
246,391
246,393
246,398
246,399
246,400
246,413
246,415
246,416
246,428
246,433
246,438
246,441
246,461
246,463
246,466
246,471
246,496
246,498
246,506
246,510
246,512
246,515
246,516
246,520
246,522
246,524
246,528
246,532
246,537
246,542
246,546
246,557
246,565
246,566
246,572
246,573
246,578
246,592
246,607
246,609
246,617
246,621
246,628
246,629
246,637
246,638
246,640
246,643
246,648
246,653
246,661
246,673
246,684
246,685
246,686
246,689
246,699
246,708
246,709
246,711
246,713
246,716
246,718
246,729
246,730
246,732
246,745
246,749
246,752
246,755
246,756
246,760
246,762
246,765
246,768
246,774
246,775
246,777
246,789
246,794
246,796
246,798
246,806
246,823
246,826
246,831
246,832
246,836
246,839
246,840
246,843
246,845
246,867
246,873
246,877
246,913
246,927
246,930
246,938
246,944
246,945
246,964
246,965
246,966
246,969
246,971
246,972
246,974
246,976
246,981
246,983
246,1005
246,1010
246,1011
246,1018
246,1019
246,1024
246,1026
246,1028
246,1029
246,1047
246,1049
246,1052
246,1090
246,1096
246,1098
246,1142
246,1143
246,1145
246,1149
246,1154
246,1157
246,1170
246,1173
246,1179
246,1195
246,1196
246,1202
246,1205
246,1207
246,1215
246,1232
246,1251
246,1272
246,1279
246,1283
246,1286
246,1325
246,1336
246,1337
246,1339
246,1341
246,1342
246,1349
246,1352
246,1354
246,1357
246,1360
246,1361
246,1362
246,1365
246,1388
246,1401
246,1409
246,1415
246,1430
246,1434
246,1436
246,1453
246,1456
246,1463
246,1501
246,1553
246,1567
246,1571
246,1574
246,1580
246,1588
246,1589
246,1606
246,1611
246,1617
246,1676
246,1751
246,1759
246,1765
246,1768
246,1771
246,1773
246,1774
246,1776
246,1777
246,1782
246,1783
246,1788
246,1807
246,1824
246,1867
246,1873
246,1887
246,1898
246,1900
246,1901
246,1909
246,1920
246,1921
246,1924
246,1928
246,1934
246,1937
246,1999
246,2006
246,2027
246,2109
246,2113
246,2114
246,2115
246,2124
246,2130
246,2133
246,2135
246,2148
246,2150
246,2190
246,2209
246,2224
246,2236
246,2302
246,2336
246,2390
246,2391
246,2392
246,2393
246,2394
246,2395
246,2396
246,2397
246,2398
246,2399
246,2400
246,2401
246,2402
246,2403
246,2404
246,2405
246,2406
246,2407
246,2408
246,2409
246,2410
246,2411
246,2412
246,2413
246,2414
246,2415
246,2416
246,2417
246,2418
246,2419
246,2420
246,2421
246,2422
246,2423
246,2424
246,2425
246,2426
246,2427
246,2428
246,2429
246,2430
246,2431
246,2432
246,2433
246,2434
247,7
247,9
247,15
247,31
247,64
247,80
247,89
247,90
247,100
247,101
247,104
247,106
247,107
247,110
247,111
247,113
247,127
247,135
247,183
247,184
247,188
247,191
247,192
247,197
247,198
247,204
247,207
247,224
247,229
247,232
247,235
247,239
247,240
247,241
247,243
247,244
247,245
247,250
247,251
247,253
247,254
247,255
247,262
247,268
247,272
247,294
247,298
247,302
247,316
247,318
247,322
247,335
247,336
247,342
247,352
247,385
247,386
247,387
247,396
247,402
247,412
247,466
247,485
247,703
247,716
247,717
247,764
247,895
247,900
247,1056
247,1115
247,1208
247,1232
247,1273
247,1496
247,2341
248,7
248,71
248,84
248,113
248,116
248,181
248,219
248,227
248,235
248,242
248,301
248,316
248,467
248,1179
248,1195
249,15
249,28
249,36
249,68
249,83
249,85
249,99
249,107
249,113
249,116
249,118
249,127
249,181
249,183
249,188
249,191
249,197
249,207
249,214
249,217
249,219
249,223
249,231
249,234
249,237
249,240
249,242
249,251
249,252
249,253
249,264
249,265
249,272
249,273
249,294
249,300
249,309
249,310
249,334
249,336
249,337
249,350
249,352
249,387
249,390
249,396
249,472
249,484
249,693
249,730
249,764
249,851
249,896
249,954
249,1180
249,1181
249,1182
249,1202
249,1231
249,1547
249,2227
249,2435
250,7
250,9
250,10
250,12
250,15
250,17
250,28
250,36
250,74
250,75
250,77
250,83
250,85
250,89
250,94
250,96
250,101
250,107
250,111
250,113
250,116
250,118
250,120
250,181
250,184
250,186
250,194
250,200
250,209
250,211
250,214
250,217
250,219
250,220
250,223
250,224
250,225
250,227
250,228
250,229
250,230
250,232
250,234
250,235
250,236
250,237
250,239
250,241
250,245
250,251
250,262
250,265
250,267
250,268
250,272
250,273
250,274
250,276
250,277
250,280
250,284
250,292
250,293
250,296
250,300
250,301
250,302
250,309
250,316
250,318
250,321
250,322
250,324
250,325
250,335
250,336
250,338
250,342
250,350
250,351
250,360
250,362
250,371
250,374
250,378
250,379
250,386
250,387
250,388
250,393
250,396
250,397
250,402
250,412
250,422
250,450
250,471
250,484
250,485
250,534
250,545
250,570
250,574
250,609
250,617
250,653
250,693
250,694
250,717
250,729
250,745
250,749
250,756
250,777
250,804
250,900
250,932
250,1064
250,1116
250,1119
250,1180
250,1208
250,1240
250,1283
250,1485
251,2
251,4
251,7
251,8
251,15
251,68
251,70
251,71
251,72
251,73
251,75
251,77
251,78
251,80
251,82
251,83
251,84
251,85
251,91
251,99
251,107
251,108
251,110
251,111
251,113
251,116
251,118
251,127
251,164
251,181
251,183
251,184
251,188
251,191
251,197
251,201
251,209
251,214
251,219
251,223
251,224
251,226
251,228
251,229
251,232
251,233
251,236
251,237
251,238
251,239
251,240
251,241
251,243
251,246
251,249
251,250
251,252
251,253
251,266
251,271
251,272
251,273
251,300
251,301
251,316
251,326
251,333
251,336
251,337
251,339
251,352
251,359
251,383
251,387
251,467
251,468
251,481
251,484
251,505
251,610
251,954
251,1170
251,1178
251,1180
251,1183
251,1188
251,1195
251,1376
251,1384
251,1499
251,2436
252,7
252,9
252,70
252,71
252,73
252,74
252,80
252,84
252,90
252,92
252,107
252,113
252,127
252,181
252,183
252,184
252,188
252,191
252,194
252,197
252,214
252,217
252,220
252,224
252,232
252,233
252,236
252,239
252,240
252,243
252,245
252,249
252,251
252,262
252,264
252,271
252,272
252,277
252,280
252,284
252,285
252,288
252,290
252,300
252,310
252,318
252,321
252,324
252,333
252,338
252,342
252,350
252,352
252,371
252,374
252,467
252,545
252,553
252,573
252,693
252,1064
252,1542
252,2437
252,2438
253,0
253,7
253,15
253,17
253,18
253,19
253,20
253,30
253,31
253,37
253,40
253,41
253,46
253,48
253,51
253,58
253,62
253,66
253,74
253,77
253,81
253,89
253,111
253,113
253,121
253,125
253,126
253,170
253,181
253,184
253,194
253,197
253,214
253,217
253,219
253,220
253,221
253,224
253,225
253,230
253,234
253,235
253,236
253,239
253,240
253,249
253,251
253,252
253,255
253,265
253,268
253,271
253,272
253,277
253,278
253,280
253,285
253,290
253,296
253,309
253,321
253,332
253,338
253,339
253,350
253,371
253,372
253,378
253,380
253,391
253,393
253,407
253,416
253,420
253,422
253,424
253,426
253,428
253,432
253,441
253,447
253,466
253,484
253,493
253,498
253,506
253,507
253,519
253,534
253,547
253,548
253,551
253,552
253,556
253,569
253,575
253,577
253,578
253,588
253,593
253,601
253,617
253,625
253,628
253,629
253,630
253,632
253,661
253,693
253,727
253,731
253,804
253,835
253,844
253,857
253,885
253,891
253,892
253,900
253,916
253,925
253,1003
253,1040
253,1068
253,1074
253,1088
253,1110
253,1172
253,1215
253,1224
253,1549
253,1917
253,2439
254,1
254,5
254,6
254,7
254,10
254,15
254,46
254,64
254,77
254,81
254,84
254,91
254,94
254,101
254,107
254,113
254,127
254,135
254,148
254,153
254,157
254,164
254,167
254,172
254,188
254,197
254,200
254,204
254,214
254,219
254,223
254,224
254,234
254,247
254,255
254,258
254,267
254,269
254,279
254,285
254,294
254,296
254,303
254,321
254,322
254,323
254,337
254,341
254,352
254,369
254,386
254,404
254,407
254,484
254,485
254,505
254,516
254,518
254,566
254,592
254,609
254,641
254,728
254,730
254,732
254,745
254,774
254,778
254,780
254,806
254,839
254,843
254,845
254,877
254,906
254,918
254,937
254,988
254,991
254,1007
254,1015
254,1017
254,1144
254,1174
254,1178
254,1208
254,1223
254,1224
254,1228
254,1244
254,1253
254,1259
254,1262
254,1263
254,1266
254,1273
254,1305
254,1307
254,1309
254,1312
254,1314
254,1315
254,1319
254,1341
254,1409
254,1418
254,1432
254,1442
254,1478
254,1524
254,1571
254,1592
254,1614
254,1626
254,1627
254,1634
254,1638
254,1646
254,1655
254,1656
254,1662
254,1664
254,1666
254,1669
254,1674
254,1676
254,1689
254,1716
254,1743
254,1754
254,1759
254,1793
254,1821
254,1827
254,1838
254,1893
254,1899
254,1915
254,1931
254,1938
254,1939
254,1944
254,1946
254,1950
254,1954
254,1963
254,1966
254,1968
254,1978
254,1985
254,2004
254,2031
254,2049
254,2109
254,2114
254,2115
254,2153
254,2164
254,2168
254,2237
254,2244
254,2248
254,2250
254,2260
254,2261
254,2270
254,2278
254,2280
254,2284
254,2291
254,2295
254,2330
254,2440
254,2441
254,2442
254,2443
254,2444
254,2445
254,2446
254,2447
254,2448
254,2449
254,2450
254,2451
254,2452
254,2453
254,2454
254,2455
254,2456
254,2457
254,2458
254,2459
254,2460
254,2461
254,2462
254,2463
254,2464
254,2465
254,2466
254,2467
254,2468
254,2469
254,2470
254,2471
254,2472
254,2473
254,2474
254,2475
254,2476
254,2477
254,2478
254,2479
254,2480
254,2481
254,2482
254,2483
254,2484
254,2485
254,2486
254,2487
254,2488
254,2489
254,2490
254,2491
254,2492
254,2493
254,2494
254,2495
255,9
255,10
255,11
255,13
255,14
255,15
255,17
255,19
255,29
255,31
255,33
255,36
255,44
255,46
255,62
255,69
255,74
255,81
255,89
255,104
255,111
255,116
255,134
255,180
255,184
255,197
255,217
255,228
255,229
255,230
255,232
255,235
255,240
255,245
255,252
255,254
255,264
255,272
255,280
255,284
255,285
255,289
255,295
255,296
255,297
255,298
255,300
255,301
255,303
255,308
255,309
255,311
255,312
255,316
255,323
255,336
255,340
255,354
255,367
255,368
255,371
255,372
255,375
255,386
255,387
255,389
255,396
255,397
255,402
255,409
255,412
255,421
255,422
255,424
255,472
255,484
255,491
255,494
255,534
255,535
255,548
255,551
255,552
255,553
255,559
255,574
255,583
255,592
255,620
255,625
255,673
255,688
255,740
255,743
255,758
255,815
255,822
255,892
255,906
255,1040
255,1067
255,1071
255,1187
255,1203
255,1556
255,1623
255,2189
255,2496
256,5
256,6
256,7
256,9
256,11
256,14
256,19
256,31
256,54
256,65
256,66
256,67
256,75
256,80
256,82
256,84
256,85
256,87
256,89
256,90
256,91
256,94
256,95
256,98
256,99
256,108
256,113
256,126
256,127
256,130
256,186
256,188
256,193
256,197
256,208
256,214
256,219
256,238
256,242
256,243
256,245
256,253
256,255
256,258
256,264
256,265
256,266
256,274
256,280
256,282
256,289
256,311
256,326
256,334
256,341
256,342
256,352
256,367
256,378
256,383
256,402
256,408
256,416
256,426
256,430
256,432
256,472
256,478
256,485
256,519
256,534
256,535
256,547
256,552
256,556
256,559
256,591
256,605
256,612
256,620
256,668
256,688
256,711
256,734
256,743
256,750
256,754
256,809
256,812
256,813
256,820
256,821
256,822
256,826
256,840
256,857
256,915
256,947
256,955
256,1015
256,1069
256,1084
256,1095
256,1110
256,1115
256,1177
256,1180
256,1192
256,1194
256,1196
256,1199
256,1227
256,1230
256,1368
256,1389
256,1488
256,1499
256,1504
256,1526
256,1562
256,2053
256,2102
256,2181
256,2218
256,2231
256,2497
256,2498
256,2499
256,2500
256,2501
256,2502
256,2503
257,59
257,170
257,351
257,432
257,448
257,449
257,464
257,510
257,518
257,629
257,780
257,785
257,801
257,813
257,858
257,967
257,1028
257,1029
257,1073
257,1096
257,1224
257,1342
257,1390
257,1445
257,1566
257,1686
257,2134
257,2185
257,2215
257,2504
258,58
258,61
258,66
258,129
258,148
258,256
258,443
258,587
258,588
258,661
258,754
258,987
258,1072
258,1274
258,1592
258,1904
258,1916
258,1919
258,2385
258,2505
259,18
259,42
259,67
259,68
259,140
259,149
259,161
259,456
259,502
259,670
259,861
259,865
259,1009
259,1168
259,1737
259,2505
259,2506
260,10
260,19
260,74
260,81
260,82
260,94
260,230
260,239
260,251
260,390
260,477
260,1177
260,1205
260,2230
261,12
261,14
261,36
261,74
261,99
261,108
261,188
261,197
261,228
261,230
261,231
261,236
261,272
261,274
261,321
261,336
261,338
261,388
261,484
261,826
261,1064
262,4
262,11
262,29
262,48
262,62
262,81
262,85
262,89
262,91
262,92
262,104
262,107
262,111
262,147
262,181
262,224
262,227
262,232
262,234
262,235
262,241
262,244
262,252
262,265
262,268
262,269
262,272
262,276
262,284
262,288
262,289
262,300
262,321
262,338
262,374
262,378
262,437
262,491
262,685
262,758
262,776
262,1013
262,1182
262,1243
262,1391
262,1412
262,1619
262,2181
262,2507
262,2508
263,110
263,184
263,236
263,264
263,308
263,402
263,412
263,1234
264,11
264,14
264,67
264,82
264,90
264,104
264,118
264,187
264,194
264,197
264,207
264,249
264,252
264,255
264,263
264,265
264,278
264,295
264,308
264,316
264,338
264,378
264,387
264,390
264,391
264,412
264,472
264,573
264,609
264,731
264,734
264,804
264,1234
265,4
265,7
265,14
265,15
265,22
265,30
265,31
265,48
265,64
265,68
265,73
265,74
265,77
265,82
265,85
265,86
265,90
265,91
265,95
265,99
265,104
265,107
265,116
265,127
265,181
265,184
265,186
265,187
265,188
265,189
265,194
265,197
265,198
265,207
265,214
265,219
265,220
265,223
265,224
265,227
265,229
265,232
265,239
265,240
265,241
265,245
265,246
265,248
265,249
265,250
265,251
265,254
265,256
265,261
265,264
265,272
265,278
265,294
265,295
265,297
265,301
265,302
265,316
265,319
265,336
265,337
265,338
265,339
265,378
265,387
265,390
265,422
265,466
265,467
265,472
265,474
265,553
265,574
265,608
265,609
265,734
265,804
265,1095
265,1179
265,1180
265,1195
265,1196
265,1227
265,1268
265,1547
266,99
266,251
267,11
267,12
267,17
267,27
267,28
267,29
267,38
267,39
267,46
267,50
267,62
267,69
267,74
267,89
267,94
267,104
267,113
267,120
267,121
267,126
267,135
267,137
267,140
267,141
267,144
267,157
267,167
267,170
267,184
267,185
267,220
267,228
267,231
267,234
267,239
267,240
267,241
267,244
267,254
267,262
267,269
267,270
267,274
267,285
267,290
267,301
267,308
267,316
267,319
267,338
267,342
267,367
267,374
267,378
267,380
267,382
267,386
267,412
267,421
267,424
267,428
267,431
267,432
267,433
267,437
267,438
267,442
267,450
267,456
267,464
267,475
267,485
267,494
267,496
267,504
267,511
267,516
267,518
267,519
267,520
267,521
267,526
267,534
267,551
267,569
267,570
267,572
267,578
267,629
267,633
267,638
267,671
267,672
267,679
267,681
267,699
267,702
267,711
267,715
267,718
267,757
267,758
267,765
267,771
267,775
267,777
267,787
267,800
267,823
267,826
267,838
267,849
267,855
267,861
267,862
267,867
267,870
267,871
267,874
267,875
267,893
267,913
267,916
267,917
267,940
267,945
267,949
267,964
267,967
267,973
267,974
267,976
267,979
267,980
267,981
267,982
267,983
267,986
267,989
267,990
267,991
267,995
267,1009
267,1010
267,1018
267,1019
267,1023
267,1029
267,1058
267,1087
267,1096
267,1110
267,1134
267,1136
267,1137
267,1157
267,1161
267,1173
267,1217
267,1223
267,1245
267,1329
267,1340
267,1346
267,1348
267,1350
267,1353
267,1361
267,1362
267,1390
267,1398
267,1403
267,1409
267,1534
267,1578
267,1586
267,1600
267,1606
267,1759
267,1769
267,1771
267,1775
267,1793
267,1799
267,1839
267,1852
267,1879
267,1882
267,1921
267,1924
267,1956
267,1999
267,2115
267,2125
267,2193
267,2240
267,2308
267,2381
267,2443
267,2506
267,2509
267,2510
267,2511
267,2512
267,2513
267,2514
267,2515
267,2516
267,2517
267,2518
267,2519
267,2520
267,2521
267,2522
267,2523
267,2524
267,2525
268,3
268,6
268,10
268,14
268,15
268,16
268,21
268,30
268,31
268,38
268,46
268,64
268,71
268,75
268,82
268,85
268,89
268,110
268,120
268,154
268,181
268,188
268,192
268,194
268,207
268,217
268,228
268,229
268,231
268,232
268,235
268,237
268,239
268,240
268,241
268,243
268,244
268,245
268,247
268,250
268,254
268,256
268,262
268,270
268,280
268,284
268,309
268,316
268,323
268,324
268,327
268,332
268,338
268,339
268,342
268,348
268,351
268,352
268,362
268,368
268,369
268,378
268,381
268,402
268,403
268,404
268,411
268,421
268,433
268,437
268,461
268,464
268,481
268,545
268,570
268,574
268,615
268,633
268,641
268,642
268,660
268,693
268,699
268,703
268,717
268,730
268,732
268,745
268,755
268,780
268,785
268,816
268,818
268,827
268,835
268,843
268,845
268,857
268,882
268,884
268,892
268,916
268,918
268,965
268,974
268,999
268,1007
268,1012
268,1024
268,1026
268,1033
268,1078
268,1079
268,1088
268,1107
268,1134
268,1137
268,1201
268,1223
268,1224
268,1226
268,1229
268,1244
268,1248
268,1249
268,1255
268,1258
268,1259
268,1260
268,1281
268,1286
268,1298
268,1302
268,1307
268,1310
268,1314
268,1325
268,1353
268,1370
268,1375
268,1394
268,1409
268,1422
268,1430
268,1433
268,1434
268,1442
268,1443
268,1456
268,1457
268,1461
268,1463
268,1464
268,1478
268,1481
268,1484
268,1537
268,1538
268,1571
268,1589
268,1615
268,1617
268,1618
268,1620
268,1626
268,1627
268,1628
268,1638
268,1644
268,1651
268,1656
268,1662
268,1664
268,1666
268,1674
268,1675
268,1676
268,1677
268,1682
268,1692
268,1693
268,1696
268,1705
268,1711
268,1712
268,1713
268,1743
268,1763
268,1776
268,1827
268,1844
268,1899
268,1925
268,1933
268,1934
268,1938
268,1939
268,1944
268,1947
268,1951
268,1954
268,1955
268,1957
268,1959
268,1961
268,1965
268,1968
268,1970
268,1975
268,1976
268,1987
268,1991
268,1992
268,2005
268,2009
268,2010
268,2030
268,2034
268,2077
268,2081
268,2089
268,2109
268,2135
268,2149
268,2155
268,2159
268,2163
268,2164
268,2165
268,2167
268,2168
268,2169
268,2171
268,2174
268,2175
268,2176
268,2202
268,2205
268,2210
268,2241
268,2243
268,2248
268,2251
268,2259
268,2268
268,2269
268,2270
268,2277
268,2280
268,2284
268,2285
268,2293
268,2303
268,2310
268,2311
268,2313
268,2318
268,2319
268,2320
268,2321
268,2323
268,2327
268,2328
268,2329
268,2344
268,2346
268,2352
268,2356
268,2357
268,2362
268,2367
268,2369
268,2371
268,2372
268,2375
268,2399
268,2426
268,2450
268,2457
268,2461
268,2464
268,2466
268,2469
268,2479
268,2480
268,2482
268,2483
268,2484
268,2488
268,2489
268,2526
268,2527
268,2528
268,2529
268,2530
268,2531
268,2532
268,2533
268,2534
268,2535
268,2536
268,2537
268,2538
268,2539
268,2540
268,2541
268,2542
268,2543
268,2544
268,2545
268,2546
268,2547
268,2548
268,2549
268,2550
268,2551
268,2552
268,2553
268,2554
268,2555
268,2556
268,2557
268,2558
268,2559
268,2560
268,2561
268,2562
268,2563
268,2564
268,2565
268,2566
268,2567
268,2568
268,2569
268,2570
268,2571
268,2572
268,2573
268,2574
268,2575
268,2576
268,2577
268,2578
268,2579
268,2580
268,2581
268,2582
268,2583
268,2584
268,2585
268,2586
268,2587
268,2588
268,2589
268,2590
268,2591
268,2592
268,2593
268,2594
268,2595
268,2596
268,2597
268,2598
268,2599
268,2600
268,2601
268,2602
268,2603
268,2604
268,2605
268,2606
268,2607
268,2608
268,2609
268,2610
268,2611
268,2612
268,2613
268,2614
268,2615
268,2616
268,2617
268,2618
268,2619
268,2620
268,2621
268,2622
268,2623
268,2624
268,2625
268,2626
268,2627
268,2628
268,2629
268,2630
268,2631
268,2632
268,2633
268,2634
268,2635
268,2636
268,2637
268,2638
268,2639
268,2640
268,2641
268,2642
268,2643
268,2644
268,2645
268,2646
268,2647
268,2648
268,2649
268,2650
268,2651
268,2652
268,2653
268,2654
268,2655
268,2656
268,2657
268,2658
268,2659
268,2660
268,2661
268,2662
268,2663
268,2664
268,2665
268,2666
268,2667
268,2668
268,2669
268,2670
268,2671
268,2672
268,2673
268,2674
268,2675
268,2676
268,2677
268,2678
268,2679
268,2680
268,2681
268,2682
268,2683
268,2684
268,2685
268,2686
268,2687
268,2688
268,2689
268,2690
268,2691
268,2692
268,2693
268,2694
268,2695
268,2696
268,2697
268,2698
268,2699
268,2700
268,2701
268,2702
268,2703
268,2704
268,2705
268,2706
268,2707
268,2708
268,2709
268,2710
268,2711
268,2712
268,2713
268,2714
268,2715
268,2716
268,2717
268,2718
268,2719
268,2720
268,2721
268,2722
268,2723
268,2724
268,2725
268,2726
268,2727
268,2728
268,2729
268,2730
268,2731
268,2732
268,2733
268,2734
268,2735
268,2736
268,2737
268,2738
268,2739
268,2740
268,2741
268,2742
268,2743
268,2744
268,2745
268,2746
268,2747
268,2748
268,2749
268,2750
268,2751
268,2752
268,2753
268,2754
268,2755
268,2756
268,2757
268,2758
268,2759
268,2760
268,2761
268,2762
268,2763
268,2764
268,2765
268,2766
268,2767
268,2768
268,2769
268,2770
268,2771
268,2772
268,2773
268,2774
268,2775
268,2776
268,2777
268,2778
268,2779
268,2780
268,2781
268,2782
268,2783
268,2784
268,2785
268,2786
268,2787
268,2788
268,2789
268,2790
268,2791
268,2792
268,2793
268,2794
268,2795
268,2796
268,2797
268,2798
268,2799
268,2800
268,2801
268,2802
268,2803
268,2804
268,2805
268,2806
268,2807
268,2808
268,2809
268,2810
268,2811
268,2812
268,2813
268,2814
268,2815
268,2816
268,2817
268,2818
268,2819
268,2820
268,2821
268,2822
268,2823
268,2824
268,2825
268,2826
268,2827
268,2828
268,2829
268,2830
268,2831
268,2832
268,2833
268,2834
268,2835
268,2836
268,2837
268,2838
268,2839
269,5
269,7
269,9
269,13
269,14
269,27
269,39
269,42
269,59
269,60
269,71
269,72
269,77
269,89
269,91
269,96
269,104
269,107
269,118
269,120
269,121
269,127
269,138
269,141
269,157
269,167
269,184
269,191
269,194
269,200
269,207
269,213
269,214
269,219
269,231
269,234
269,237
269,250
269,254
269,262
269,265
269,267
269,274
269,276
269,278
269,284
269,293
269,300
269,336
269,338
269,350
269,371
269,374
269,388
269,391
269,407
269,408
269,409
269,411
269,412
269,415
269,423
269,428
269,432
269,441
269,448
269,450
269,453
269,456
269,457
269,461
269,462
269,464
269,484
269,494
269,506
269,510
269,511
269,518
269,519
269,524
269,528
269,543
269,548
269,553
269,566
269,570
269,574
269,578
269,583
269,601
269,604
269,619
269,620
269,625
269,662
269,668
269,693
269,714
269,718
269,730
269,740
269,755
269,756
269,757
269,790
269,800
269,801
269,818
269,833
269,838
269,848
269,857
269,870
269,900
269,924
269,938
269,949
269,964
269,987
269,1006
269,1009
269,1012
269,1013
269,1014
269,1018
269,1019
269,1028
269,1029
269,1062
269,1110
269,1111
269,1138
269,1201
269,1266
269,1388
269,1391
269,1501
269,1522
269,1743
269,1863
269,1920
269,2057
269,2065
269,2113
269,2114
269,2188
269,2298
269,2333
269,2397
269,2511
269,2535
269,2840
269,2841
269,2842
269,2843
269,2844
270,45
270,46
270,55
270,68
270,103
270,105
270,134
270,156
270,163
270,207
270,219
270,267
270,268
270,289
270,293
270,296
270,326
270,342
270,370
270,378
270,385
270,386
270,388
270,426
270,433
270,437
270,449
270,464
270,475
270,487
270,496
270,499
270,507
270,515
270,516
270,518
270,520
270,523
270,533
270,546
270,570
270,582
270,646
270,711
270,726
270,775
270,776
270,781
270,795
270,797
270,798
270,800
270,839
270,867
270,876
270,907
270,913
270,936
270,945
270,957
270,964
270,971
270,990
270,994
270,1024
270,1153
270,1157
270,1163
270,1282
270,1332
270,1340
270,1350
270,1362
270,1366
270,1388
270,1389
270,1447
270,1535
270,1549
270,1596
270,1612
270,1751
270,1772
270,1865
270,1889
270,1890
270,1934
270,1999
270,2239
270,2269
270,2421
270,2841
270,2845
270,2846
270,2847
270,2848
270,2849
270,2850
270,2851
270,2852
270,2853
270,2854
270,2855
270,2856
270,2857
271,7
271,9
271,10
271,11
271,14
271,15
271,19
271,70
271,71
271,80
271,81
271,82
271,83
271,84
271,85
271,89
271,90
271,92
271,94
271,95
271,96
271,97
271,104
271,107
271,113
271,115
271,117
271,181
271,182
271,184
271,187
271,188
271,194
271,197
271,198
271,207
271,214
271,217
271,218
271,219
271,224
271,229
271,230
271,236
271,238
271,239
271,241
271,243
271,244
271,249
271,251
271,252
271,253
271,255
271,261
271,262
271,264
271,265
271,266
271,268
271,272
271,274
271,277
271,280
271,284
271,294
271,295
271,297
271,301
271,302
271,308
271,309
271,310
271,313
271,314
271,316
271,318
271,321
271,326
271,333
271,334
271,338
271,339
271,346
271,352
271,378
271,390
271,402
271,412
271,429
271,468
271,469
271,476
271,477
271,478
271,484
271,538
271,574
271,609
271,731
271,732
271,734
271,735
271,804
271,822
271,1055
271,1064
271,1066
271,1092
271,1205
271,1227
271,1236
271,1547
271,2181
271,2438
271,2498
271,2858
271,2859
271,2860
271,2861
272,1
272,7
272,10
272,15
272,36
272,70
272,71
272,73
272,77
272,83
272,85
272,104
272,107
272,113
272,116
272,127
272,164
272,186
272,189
272,191
272,195
272,197
272,200
272,214
272,223
272,224
272,231
272,232
272,234
272,235
272,236
272,237
272,239
272,240
272,245
272,246
272,249
272,250
272,251
272,252
272,253
272,261
272,262
272,265
272,271
272,278
272,280
272,284
272,289
272,294
272,296
272,300
272,301
272,308
272,316
272,321
272,324
272,335
272,336
272,338
272,378
272,386
272,387
272,391
272,393
272,402
272,553
272,693
272,743
272,756
272,826
272,1054
272,1188
272,1192
272,1542
272,2862
273,5
273,94
273,95
273,115
273,194
273,202
273,214
273,227
273,237
273,239
273,249
273,251
273,261
273,274
273,294
273,310
273,322
273,342
273,1115
273,1195
274,3
274,9
274,10
274,11
274,14
274,15
274,17
274,18
274,19
274,21
274,27
274,29
274,30
274,34
274,37
274,38
274,39
274,40
274,41
274,44
274,45
274,50
274,51
274,63
274,74
274,77
274,80
274,82
274,91
274,94
274,98
274,100
274,104
274,108
274,123
274,125
274,126
274,132
274,180
274,181
274,187
274,191
274,193
274,197
274,217
274,229
274,230
274,235
274,241
274,244
274,249
274,250
274,253
274,255
274,256
274,261
274,262
274,265
274,271
274,272
274,273
274,280
274,289
274,296
274,300
274,319
274,321
274,324
274,327
274,331
274,339
274,340
274,342
274,351
274,372
274,374
274,378
274,379
274,386
274,391
274,400
274,402
274,407
274,408
274,412
274,413
274,416
274,418
274,421
274,422
274,423
274,424
274,425
274,426
274,428
274,441
274,448
274,453
274,480
274,484
274,485
274,492
274,494
274,497
274,506
274,534
274,553
274,559
274,570
274,573
274,574
274,578
274,582
274,583
274,609
274,617
274,622
274,623
274,624
274,630
274,632
274,633
274,654
274,702
274,709
274,711
274,713
274,714
274,717
274,737
274,742
274,761
274,771
274,772
274,787
274,804
274,815
274,834
274,835
274,837
274,838
274,839
274,840
274,842
274,847
274,849
274,851
274,891
274,892
274,919
274,926
274,936
274,939
274,987
274,1031
274,1067
274,1071
274,1087
274,1126
274,1184
274,1203
274,1206
274,1207
274,1208
274,1209
274,1369
274,1385
274,1556
274,1565
274,1569
274,1750
274,2200
274,2215
274,2380
274,2381
274,2438
274,2863
274,2864
274,2865
274,2866
274,2867
274,2868
274,2869
274,2870
275,8
275,11
275,110
275,156
275,321
275,415
275,515
275,557
275,699
275,749
275,765
275,791
275,806
275,884
275,1012
275,1134
275,1155
275,1249
275,1273
275,1341
275,1401
275,1694
275,1753
275,1773
275,1782
275,1936
275,2003
275,2022
275,2303
275,2341
275,2415
275,2422
275,2871
275,2872
275,2873
275,2874
275,2875
276,8
276,11
276,13
276,18
276,19
276,21
276,31
276,36
276,39
276,46
276,66
276,74
276,83
276,104
276,115
276,118
276,120
276,132
276,165
276,180
276,182
276,186
276,200
276,204
276,219
276,226
276,229
276,234
276,250
276,262
276,280
276,284
276,289
276,294
276,296
276,312
276,316
276,317
276,352
276,368
276,372
276,385
276,391
276,403
276,407
276,408
276,411
276,413
276,421
276,422
276,423
276,424
276,428
276,441
276,453
276,466
276,503
276,534
276,545
276,552
276,556
276,557
276,559
276,564
276,569
276,570
276,573
276,574
276,578
276,584
276,622
276,632
276,653
276,693
276,700
276,704
276,730
276,732
276,747
276,756
276,759
276,760
276,815
276,819
276,820
276,826
276,828
276,835
276,838
276,851
276,933
276,938
276,1007
276,1088
276,1144
276,1163
276,1198
276,1208
276,1223
276,1224
276,1232
276,1259
276,1270
276,1452
276,1484
276,1557
276,1614
276,1656
276,1692
276,1747
276,1916
276,1970
276,1987
276,2082
276,2224
276,2248
276,2279
276,2286
276,2293
276,2311
276,2318
276,2461
276,2469
276,2482
276,2560
276,2611
276,2620
276,2622
276,2642
276,2649
276,2650
276,2651
276,2664
276,2727
276,2737
276,2876
276,2877
276,2878
276,2879
276,2880
276,2881
276,2882
276,2883
276,2884
276,2885
276,2886
276,2887
276,2888
276,2889
276,2890
276,2891
276,2892
276,2893
276,2894
276,2895
276,2896
276,2897
276,2898
276,2899
277,8
277,10
277,11
277,12
277,92
277,116
277,217
277,229
277,232
277,235
277,236
277,237
277,239
277,241
277,244
277,245
277,250
277,253
277,264
277,290
277,301
277,321
277,324
277,350
277,367
277,374
277,378
277,393
277,484
277,542
277,574
277,693
277,694
277,756
277,822
277,1080
277,1205
278,8
278,9
278,92
278,111
278,127
278,188
278,197
278,217
278,220
278,240
278,264
278,265
278,272
278,274
278,280
278,301
278,311
278,327
278,374
278,390
278,467
278,486
278,504
278,804
278,886
278,2900
278,2901
279,9
279,10
279,11
279,13
279,17
279,65
279,94
279,197
279,220
279,236
279,250
279,278
279,280
279,285
279,286
279,290
279,298
279,321
279,326
279,355
279,362
279,378
279,804
279,1080
279,1201
279,2197
280,10
280,17
280,23
280,35
280,92
280,94
280,115
280,194
280,230
280,232
280,237
280,240
280,241
280,250
280,253
280,256
280,260
280,271
280,272
280,276
280,278
280,282
280,284
280,289
280,301
280,312
280,316
280,339
280,374
280,378
280,394
280,486
280,545
280,738
280,742
280,744
280,804
280,823
280,1080
280,1235
281,8
281,326
281,374
282,12
282,228
282,2441
283,65
283,301
283,2901
284,10
284,11
284,30
284,36
284,74
284,92
284,94
284,96
284,110
284,120
284,165
284,184
284,194
284,228
284,230
284,237
284,244
284,252
284,253
284,255
284,272
284,276
284,280
284,283
284,289
284,290
284,293
284,296
284,300
284,301
284,305
284,312
284,314
284,321
284,324
284,325
284,327
284,329
284,330
284,338
284,341
284,346
284,349
284,357
284,359
284,360
284,371
284,374
284,390
284,393
284,395
284,402
284,412
284,429
284,484
284,534
284,542
284,543
284,547
284,555
284,557
284,617
284,696
284,699
284,703
284,716
284,729
284,740
284,744
284,745
284,777
284,906
284,907
284,932
284,1064
284,1090
284,1184
284,1205
284,1233
284,1505
284,1511
284,1545
284,1996
284,2067
284,2215
284,2234
284,2902
284,2903
285,8
285,10
285,94
285,96
285,198
285,230
285,321
285,339
285,346
285,418
285,489
285,1064
285,1128
286,5
286,7
286,8
286,13
286,14
286,45
286,74
286,80
286,93
286,111
286,128
286,197
286,207
286,217
286,219
286,224
286,228
286,236
286,240
286,245
286,250
286,253
286,273
286,274
286,279
286,283
286,290
286,293
286,303
286,304
286,305
286,321
286,337
286,338
286,342
286,347
286,357
286,359
286,364
286,379
286,387
286,394
286,484
286,544
286,573
286,601
286,736
286,812
286,843
286,900
286,1062
286,1510
286,2067
286,2234
287,27
287,29
287,367
287,421
287,592
287,692
287,832
288,8
288,9
288,13
288,293
288,357
288,412
288,1064
289,5
289,8
289,11
289,12
289,13
289,15
289,64
289,83
289,91
289,94
289,96
289,111
289,113
289,117
289,118
289,165
289,183
289,193
289,195
289,217
289,220
289,232
289,236
289,240
289,244
289,262
289,265
289,268
289,272
289,274
289,276
289,277
289,280
289,290
289,292
289,294
289,305
289,316
289,318
289,324
289,326
289,339
289,348
289,357
289,367
289,369
289,375
289,376
289,394
289,540
289,553
289,578
289,617
289,625
289,693
289,737
289,738
289,739
289,742
289,743
289,756
289,804
289,806
289,826
289,1063
289,1080
289,1199
289,1201
289,1337
289,1545
289,1582
289,1996
289,2197
289,2200
289,2859
289,2876
290,13
290,30
290,35
290,89
290,118
290,217
290,252
290,253
290,277
290,284
290,296
290,319
290,353
290,357
290,358
290,374
290,375
290,379
290,617
290,625
290,742
290,1506
290,2200
291,42
291,400
291,633
291,639
291,644
291,645
291,729
291,868
291,911
291,974
291,1173
291,1337
291,1346
291,1350
291,1534
291,1588
291,1776
291,2904
292,8
292,16
292,18
292,20
292,21
292,22
292,26
292,27
292,31
292,37
292,40
292,46
292,64
292,65
292,95
292,104
292,105
292,118
292,128
292,135
292,140
292,151
292,154
292,156
292,164
292,165
292,184
292,191
292,220
292,231
292,234
292,244
292,250
292,275
292,289
292,296
292,310
292,326
292,338
292,343
292,347
292,352
292,362
292,364
292,367
292,368
292,372
292,380
292,381
292,385
292,393
292,394
292,400
292,402
292,404
292,407
292,408
292,411
292,413
292,415
292,422
292,429
292,433
292,437
292,438
292,441
292,453
292,485
292,516
292,518
292,534
292,542
292,543
292,551
292,552
292,556
292,564
292,566
292,570
292,578
292,612
292,615
292,619
292,621
292,628
292,629
292,638
292,646
292,650
292,688
292,693
292,699
292,702
292,716
292,717
292,725
292,729
292,732
292,743
292,750
292,751
292,754
292,755
292,768
292,781
292,786
292,791
292,828
292,831
292,836
292,839
292,845
292,851
292,857
292,945
292,954
292,965
292,966
292,971
292,993
292,995
292,1007
292,1024
292,1026
292,1029
292,1055
292,1067
292,1069
292,1098
292,1140
292,1144
292,1155
292,1171
292,1174
292,1208
292,1249
292,1252
292,1254
292,1256
292,1257
292,1263
292,1271
292,1275
292,1283
292,1293
292,1314
292,1328
292,1341
292,1342
292,1345
292,1346
292,1350
292,1361
292,1370
292,1375
292,1390
292,1392
292,1398
292,1409
292,1417
292,1423
292,1430
292,1433
292,1436
292,1443
292,1453
292,1458
292,1467
292,1478
292,1481
292,1511
292,1515
292,1545
292,1553
292,1566
292,1571
292,1589
292,1614
292,1617
292,1618
292,1619
292,1628
292,1632
292,1664
292,1665
292,1694
292,1728
292,1738
292,1757
292,1770
292,1774
292,1775
292,1776
292,1794
292,1854
292,1868
292,1902
292,1921
292,1925
292,1927
292,1937
292,1963
292,1972
292,1976
292,2004
292,2009
292,2011
292,2017
292,2022
292,2031
292,2036
292,2076
292,2134
292,2195
292,2215
292,2248
292,2426
292,2535
292,2536
292,2538
292,2853
292,2854
292,2905
292,2906
292,2907
292,2908
292,2909
292,2910
292,2911
292,2912
292,2913
292,2914
292,2915
292,2916
292,2917
292,2918
292,2919
292,2920
292,2921
292,2922
292,2923
292,2924
292,2925
292,2926
292,2927
293,10
293,36
293,65
293,85
293,104
293,110
293,113
293,116
293,181
293,184
293,194
293,207
293,214
293,219
293,220
293,225
293,227
293,229
293,230
293,235
293,237
293,239
293,240
293,241
293,244
293,245
293,250
293,251
293,268
293,273
293,288
293,300
293,301
293,316
293,319
293,336
293,342
293,347
293,369
293,371
293,378
293,386
293,388
293,391
293,396
293,422
293,467
293,472
293,484
293,547
293,578
293,607
293,708
293,734
293,777
293,843
293,1067
293,1096
294,19
294,55
294,68
294,75
294,83
294,85
294,99
294,111
294,181
294,183
294,186
294,191
294,194
294,207
294,219
294,220
294,226
294,232
294,236
294,238
294,240
294,244
294,246
294,247
294,249
294,254
294,269
294,271
294,273
294,276
294,289
294,295
294,300
294,316
294,322
294,327
294,337
294,363
294,387
294,429
294,470
294,471
294,473
294,608
294,731
294,764
294,888
294,896
294,900
294,1172
294,1179
294,1369
294,2390
295,64
295,70
295,107
295,214
295,255
295,294
295,609
295,2228
296,9
296,11
296,12
296,19
296,27
296,28
296,29
296,30
296,37
296,39
296,40
296,41
296,45
296,46
296,64
296,94
296,108
296,118
296,123
296,125
296,126
296,135
296,156
296,191
296,194
296,200
296,213
296,230
296,234
296,244
296,250
296,253
296,254
296,255
296,270
296,272
296,274
296,276
296,284
296,290
296,292
296,300
296,301
296,325
296,338
296,362
296,372
296,374
296,378
296,380
296,393
296,394
296,402
296,404
296,408
296,409
296,418
296,420
296,423
296,424
296,426
296,441
296,450
296,453
296,486
296,494
296,505
296,534
296,547
296,551
296,559
296,573
296,578
296,617
296,623
296,625
296,629
296,662
296,668
296,693
296,694
296,704
296,709
296,714
296,730
296,743
296,749
296,756
296,764
296,766
296,788
296,851
296,922
296,955
296,1031
296,1040
296,1077
296,1088
296,1126
296,1203
296,1215
296,1231
296,1272
296,2029
296,2272
296,2931
296,2932
297,9
297,73
297,90
297,164
297,181
297,186
297,218
297,219
297,255
297,265
297,339
297,389
297,470
297,731
297,735
297,804
297,1080
297,1182
297,1194
297,1234
298,12
298,31
298,71
298,74
298,85
298,116
298,206
298,213
298,220
298,228
298,230
298,235
298,236
298,247
298,255
298,279
298,280
298,300
298,301
298,302
298,312
298,319
298,321
298,335
298,337
298,342
298,362
298,367
298,368
298,372
298,374
298,388
298,394
298,409
298,412
298,422
298,429
298,484
298,547
298,553
298,743
298,750
298,900
298,1062
298,1063
298,1203
298,1485
298,2139
298,2214
298,2933
298,2934
299,9
299,15
299,89
299,242
299,272
299,318
299,481
299,1096
299,1234
300,0
300,7
300,9
300,10
300,13
300,15
300,20
300,21
300,24
300,27
300,28
300,29
300,30
300,31
300,34
300,36
300,39
300,40
300,41
300,44
300,45
300,46
300,49
300,64
300,66
300,67
300,74
300,77
300,83
300,87
300,89
300,94
300,99
300,101
300,104
300,107
300,108
300,110
300,113
300,116
300,118
300,121
300,123
300,124
300,125
300,127
300,128
300,153
300,156
300,181
300,184
300,186
300,187
300,188
300,191
300,197
300,214
300,217
300,219
300,220
300,221
300,224
300,225
300,228
300,229
300,230
300,232
300,239
300,240
300,241
300,244
300,245
300,249
300,250
300,251
300,252
300,253
300,255
300,261
300,262
300,267
300,268
300,269
300,271
300,272
300,274
300,277
300,282
300,284
300,285
300,291
300,293
300,294
300,296
300,298
300,302
300,312
300,317
300,319
300,320
300,321
300,323
300,324
300,327
300,335
300,336
300,338
300,339
300,343
300,345
300,350
300,351
300,352
300,358
300,359
300,360
300,367
300,368
300,371
300,372
300,374
300,386
300,393
300,398
300,401
300,405
300,407
300,408
300,409
300,410
300,412
300,413
300,416
300,419
300,421
300,422
300,423
300,424
300,425
300,429
300,450
300,454
300,471
300,480
300,481
300,484
300,485
300,494
300,497
300,498
300,506
300,519
300,534
300,543
300,545
300,547
300,548
300,550
300,551
300,556
300,559
300,569
300,573
300,574
300,578
300,580
300,582
300,584
300,609
300,615
300,617
300,622
300,623
300,628
300,679
300,687
300,693
300,699
300,703
300,706
300,709
300,711
300,714
300,715
300,717
300,725
300,727
300,740
300,746
300,747
300,748
300,749
300,755
300,759
300,760
300,765
300,771
300,783
300,784
300,789
300,804
300,813
300,817
300,819
300,821
300,825
300,828
300,834
300,840
300,841
300,847
300,849
300,850
300,851
300,877
300,891
300,892
300,900
300,915
300,938
300,942
300,944
300,952
300,1032
300,1055
300,1069
300,1071
300,1087
300,1116
300,1127
300,1166
300,1179
300,1201
300,1207
300,1214
300,1215
300,1234
300,1268
300,1373
300,1522
300,1552
300,1556
300,1557
300,1570
300,2103
300,2200
300,2215
300,2233
300,2234
300,2387
300,2933
300,2935
301,1
301,4
301,6
301,9
301,10
301,12
301,14
301,15
301,17
301,22
301,30
301,31
301,33
301,36
301,48
301,70
301,71
301,72
301,73
301,76
301,77
301,83
301,84
301,85
301,86
301,87
301,89
301,91
301,94
301,96
301,99
301,104
301,107
301,110
301,113
301,116
301,117
301,128
301,183
301,197
301,198
301,200
301,203
301,217
301,220
301,222
301,224
301,225
301,227
301,229
301,230
301,235
301,236
301,239
301,240
301,242
301,243
301,245
301,248
301,250
301,251
301,252
301,253
301,255
301,265
301,267
301,268
301,271
301,272
301,277
301,278
301,280
301,283
301,284
301,293
301,296
301,298
301,302
301,308
301,309
301,310
301,311
301,312
301,320
301,322
301,325
301,333
301,336
301,338
301,340
301,362
301,374
301,378
301,383
301,386
301,387
301,390
301,393
301,396
301,429
301,467
301,484
301,505
301,506
301,553
301,728
301,730
301,731
301,735
301,777
301,804
301,900
301,954
301,1055
301,1116
301,1180
301,1181
301,1182
301,1196
301,1200
301,1201
301,1234
301,2342
301,2861
301,2936
301,2937
301,2938
302,9
302,10
302,92
302,94
302,100
302,110
302,207
302,214
302,220
302,235
302,236
302,237
302,239
302,241
302,247
302,280
302,301
302,319
302,321
302,322
302,335
302,337
302,342
302,387
302,388
302,1059
302,1208
303,8
303,9
303,15
303,40
303,89
303,92
303,111
303,116
303,220
303,240
303,255
303,278
303,283
303,285
303,363
303,374
303,478
303,746
303,828
303,1062
303,2939
303,2940
304,9
304,11
304,13
304,81
304,230
304,284
304,285
304,286
304,288
304,293
304,329
304,362
304,374
304,543
304,545
304,1485
304,2938
305,9
305,321
305,358
305,742
305,1096
305,2941
306,9
306,1157
306,2942
307,12
307,288
307,409
307,659
307,1195
307,2943
308,14
308,104
308,239
308,240
308,244
308,255
308,264
308,272
308,274
308,301
308,309
308,316
308,342
308,390
308,476
308,1115
308,2231
309,104
309,110
309,111
309,127
309,197
309,217
309,237
309,239
309,240
309,241
309,249
309,250
309,301
309,316
309,327
309,388
309,402
309,472
309,1200
310,87
310,104
310,218
310,240
310,249
310,292
310,301
310,390
310,553
310,609
310,752
311,12
311,64
311,89
311,255
311,278
311,294
311,301
311,324
312,5
312,8
312,17
312,115
312,116
312,118
312,227
312,228
312,236
312,239
312,241
312,274
312,276
312,277
312,280
312,285
312,290
312,298
312,307
312,316
312,321
312,324
312,338
312,350
312,358
312,371
312,378
312,484
312,542
312,555
312,777
312,900
312,902
312,1507
312,2938
313,241
313,331
313,366
313,556
314,244
314,284
314,484
315,198
316,10
316,15
316,30
316,36
316,68
316,77
316,82
316,83
316,85
316,89
316,94
316,99
316,104
316,107
316,111
316,113
316,118
316,183
316,184
316,188
316,194
316,197
316,200
316,217
316,218
316,223
316,224
316,228
316,232
316,236
316,237
316,238
316,239
316,240
316,245
316,248
316,250
316,251
316,253
316,255
316,264
316,265
316,268
316,271
316,276
316,280
316,289
316,293
316,294
316,295
316,308
316,309
316,312
316,314
316,322
316,327
316,337
316,339
316,345
316,386
316,387
316,389
316,390
316,395
316,402
316,407
316,411
316,416
316,467
316,477
316,478
316,481
316,484
316,553
316,617
316,653
316,693
316,694
316,711
316,728
316,730
316,734
316,756
316,804
316,838
316,851
316,1080
316,1090
316,1095
316,1115
316,1128
316,1196
316,1200
316,1201
316,1226
316,2341
317,10
317,18
317,31
317,37
317,132
317,234
317,276
317,300
317,368
317,374
317,378
317,448
317,457
317,462
317,488
317,504
317,556
317,559
317,578
317,583
317,617
317,673
317,709
317,750
317,759
317,834
317,840
317,844
317,851
317,892
317,954
317,1720
317,2381
318,10
318,15
318,194
318,239
318,241
318,250
318,264
318,271
318,336
318,378
318,484
318,1234
319,10
319,55
319,92
319,94
319,219
319,236
319,239
319,241
319,265
319,274
319,290
319,293
319,300
319,302
319,309
319,335
319,359
319,386
319,476
319,482
319,609
319,804
319,1096
319,2225
320,10
320,84
320,301
320,371
320,740
320,900
320,954
321,10
321,11
321,94
321,95
321,111
321,230
321,261
321,271
321,274
321,277
321,278
321,280
321,283
321,293
321,305
321,312
321,351
321,354
321,374
321,434
321,777
321,2901
321,2941
322,11
322,14
322,19
322,31
322,48
322,85
322,89
322,90
322,95
322,99
322,107
322,108
322,110
322,116
322,118
322,127
322,182
322,183
322,186
322,188
322,189
322,191
322,204
322,207
322,211
322,219
322,223
322,232
322,235
322,239
322,240
322,246
322,247
322,248
322,254
322,294
322,295
322,301
322,302
322,323
322,333
322,334
322,336
322,337
322,351
322,473
322,484
322,553
322,573
322,653
322,659
322,730
322,734
322,756
322,803
322,851
322,1056
322,1095
322,1107
322,1228
322,1504
322,2343
322,2944
323,11
323,14
323,15
323,31
323,64
323,85
323,111
323,116
323,121
323,126
323,141
323,146
323,150
323,154
323,230
323,241
323,242
323,250
323,255
323,265
323,268
323,285
323,294
323,300
323,309
323,316
323,322
323,342
323,386
323,387
323,452
323,461
323,462
323,464
323,484
323,511
323,512
323,513
323,514
323,519
323,570
323,604
323,626
323,744
323,867
323,1015
323,1019
323,1027
323,1067
323,1234
323,1243
323,1323
323,1694
323,2246
323,2249
323,2842
323,2945
323,2946
323,2947
323,2948
324,11
324,65
324,94
324,116
324,118
324,127
324,165
324,194
324,198
324,223
324,228
324,236
324,250
324,252
324,253
324,261
324,268
324,274
324,277
324,280
324,284
324,289
324,300
324,309
324,311
324,312
324,316
324,319
324,326
324,357
324,378
324,389
324,390
324,484
324,540
324,610
324,756
324,777
324,797
324,804
324,1080
324,1127
324,1201
324,2949
325,11
325,91
325,96
325,104
325,182
325,223
325,226
325,253
325,274
325,284
325,296
325,301
325,321
325,371
325,688
325,764
325,1172
326,5
326,7
326,9
326,10
326,11
326,13
326,14
326,15
326,16
326,19
326,20
326,21
326,24
326,27
326,29
326,31
326,34
326,36
326,37
326,46
326,48
326,59
326,60
326,61
326,62
326,70
326,72
326,74
326,77
326,80
326,81
326,82
326,83
326,89
326,90
326,94
326,95
326,97
326,101
326,111
326,113
326,115
326,120
326,126
326,129
326,135
326,137
326,138
326,141
326,143
326,149
326,160
326,163
326,165
326,167
326,171
326,180
326,181
326,191
326,204
326,205
326,209
326,214
326,215
326,220
326,224
326,228
326,229
326,230
326,231
326,234
326,236
326,238
326,239
326,240
326,242
326,245
326,246
326,249
326,251
326,252
326,253
326,255
326,256
326,265
326,267
326,268
326,269
326,270
326,272
326,278
326,280
326,281
326,282
326,284
326,286
326,289
326,290
326,293
326,294
326,295
326,296
326,301
326,302
326,303
326,319
326,320
326,321
326,336
326,338
326,343
326,360
326,362
326,368
326,372
326,373
326,378
326,380
326,385
326,386
326,387
326,391
326,405
326,409
326,420
326,421
326,424
326,428
326,429
326,431
326,434
326,435
326,436
326,437
326,441
326,447
326,456
326,461
326,462
326,464
326,466
326,471
326,473
326,475
326,479
326,485
326,494
326,498
326,502
326,509
326,511
326,512
326,515
326,516
326,517
326,518
326,519
326,520
326,522
326,523
326,524
326,528
326,532
326,534
326,546
326,547
326,552
326,565
326,566
326,570
326,572
326,582
326,583
326,584
326,587
326,594
326,599
326,617
326,620
326,628
326,638
326,650
326,653
326,662
326,672
326,688
326,690
326,693
326,698
326,699
326,708
326,717
326,718
326,721
326,726
326,732
326,734
326,744
326,745
326,748
326,755
326,757
326,759
326,774
326,777
326,780
326,795
326,804
326,822
326,826
326,834
326,835
326,836
326,843
326,856
326,857
326,867
326,871
326,882
326,900
326,906
326,911
326,946
326,949
326,951
326,953
326,954
326,959
326,962
326,966
326,971
326,973
326,979
326,980
326,981
326,983
326,987
326,989
326,1005
326,1024
326,1026
326,1028
326,1029
326,1032
326,1047
326,1049
326,1052
326,1055
326,1061
326,1070
326,1078
326,1090
326,1096
326,1098
326,1104
326,1110
326,1146
326,1154
326,1155
326,1167
326,1179
326,1192
326,1194
326,1199
326,1202
326,1203
326,1208
326,1210
326,1217
326,1223
326,1224
326,1230
326,1253
326,1254
326,1259
326,1261
326,1262
326,1263
326,1266
326,1267
326,1283
326,1286
326,1292
326,1295
326,1302
326,1305
326,1310
326,1314
326,1315
326,1332
326,1353
326,1363
326,1370
326,1373
326,1375
326,1390
326,1391
326,1396
326,1398
326,1403
326,1409
326,1411
326,1420
326,1422
326,1424
326,1426
326,1430
326,1443
326,1449
326,1450
326,1453
326,1456
326,1463
326,1465
326,1476
326,1481
326,1488
326,1490
326,1491
326,1493
326,1513
326,1538
326,1540
326,1544
326,1547
326,1553
326,1569
326,1577
326,1588
326,1589
326,1599
326,1606
326,1612
326,1629
326,1651
326,1656
326,1664
326,1665
326,1670
326,1676
326,1690
326,1712
326,1726
326,1743
326,1854
326,1875
326,1891
326,1898
326,1915
326,1932
326,1934
326,1937
326,1939
326,1954
326,1968
326,1976
326,1985
326,1986
326,1987
326,1990
326,1992
326,2004
326,2009
326,2012
326,2031
326,2037
326,2050
326,2051
326,2057
326,2067
326,2114
326,2118
326,2130
326,2161
326,2162
326,2167
326,2168
326,2176
326,2203
326,2205
326,2207
326,2210
326,2240
326,2250
326,2255
326,2257
326,2261
326,2267
326,2268
326,2272
326,2279
326,2284
326,2303
326,2391
326,2397
326,2398
326,2399
326,2413
326,2415
326,2416
326,2423
326,2464
326,2469
326,2470
326,2476
326,2482
326,2484
326,2485
326,2491
326,2509
326,2520
326,2522
326,2527
326,2551
326,2557
326,2560
326,2585
326,2590
326,2591
326,2592
326,2597
326,2608
326,2609
326,2611
326,2615
326,2625
326,2631
326,2676
326,2854
326,2867
326,2871
326,2908
326,2909
326,2950
326,2951
326,2952
326,2953
326,2954
326,2955
326,2956
326,2957
326,2958
326,2959
326,2960
326,2961
326,2962
326,2963
326,2964
326,2965
326,2966
326,2967
326,2968
326,2969
326,2970
326,2971
326,2972
326,2973
326,2974
326,2975
326,2976
326,2977
326,2978
326,2979
326,2980
326,2981
326,2982
326,2983
326,2984
326,2985
326,2986
326,2987
326,2988
326,2989
326,2990
326,2991
326,2992
326,2993
326,2994
326,2995
326,2996
326,2997
326,2998
326,2999
326,3000
326,3001
326,3002
326,3003
326,3004
326,3005
326,3006
326,3007
326,3008
326,3009
326,3010
326,3011
326,3012
326,3013
326,3014
326,3015
326,3016
326,3017
326,3018
326,3019
326,3020
327,11
327,107
327,116
327,181
327,183
327,200
327,236
327,239
327,249
327,274
327,278
327,294
327,300
327,309
327,316
327,321
327,338
327,352
327,374
327,547
327,617
327,693
327,694
327,851
327,954
328,11
328,232
328,1195
329,13
329,321
329,377
329,2939
330,13
330,117
330,907
330,1203
331,11
331,95
331,115
331,274
331,313
331,1726
332,7
332,9
332,15
332,21
332,24
332,28
332,74
332,75
332,99
332,101
332,104
332,120
332,127
332,128
332,188
332,223
332,230
332,234
332,235
332,241
332,254
332,268
332,276
332,285
332,342
332,368
332,369
332,386
332,388
332,396
332,403
332,404
332,413
332,419
332,420
332,421
332,485
332,518
332,566
332,587
332,627
332,628
332,641
332,683
332,720
332,721
332,732
332,757
332,759
332,832
332,833
332,845
332,867
332,906
332,911
332,913
332,923
332,974
332,1033
332,1055
332,1079
332,1118
332,1128
332,1149
332,1258
332,1290
332,1307
332,1310
332,1315
332,1318
332,1325
332,1353
332,1361
332,1367
332,1409
332,1422
332,1424
332,1426
332,1461
332,1478
332,1479
332,1540
332,1571
332,1601
332,1664
332,1676
332,1689
332,1696
332,1705
332,1756
332,1759
332,1777
332,1827
332,1896
332,1923
332,1938
332,1952
332,1953
332,1965
332,1975
332,1990
332,2000
332,2109
332,2114
332,2155
332,2164
332,2172
332,2175
332,2204
332,2205
332,2210
332,2249
332,2251
332,2259
332,2270
332,2294
332,2310
332,2311
332,2313
332,2318
332,2330
332,2466
332,2469
332,2477
332,2478
332,2481
332,2482
332,2483
332,2484
332,2485
332,2488
332,2579
332,2590
332,2599
332,2603
332,2609
332,2614
332,2622
332,2630
332,2631
332,2632
332,2635
332,2640
332,2642
332,2646
332,2656
332,2669
332,2671
332,2701
332,2720
332,2737
332,2771
332,2777
332,2782
332,2896
332,2977
332,3013
332,3016
332,3018
332,3021
332,3022
332,3023
332,3024
332,3025
332,3026
332,3027
332,3028
332,3029
332,3030
332,3031
332,3032
332,3033
332,3034
332,3035
332,3036
332,3037
332,3038
332,3039
332,3040
332,3041
332,3042
332,3043
332,3044
332,3045
332,3046
332,3047
332,3048
332,3049
332,3050
332,3051
332,3052
332,3053
332,3054
332,3055
332,3056
332,3057
332,3058
332,3059
333,7
333,9
333,19
333,84
333,107
333,184
333,187
333,188
333,197
333,214
333,219
333,294
333,297
333,301
333,322
333,337
333,608
333,1178
333,2228
334,1
334,68
334,77
334,80
334,85
334,226
334,249
334,322
334,826
334,1179
334,1195
335,5
335,7
335,9
335,75
335,107
335,110
335,127
335,188
335,197
335,207
335,219
335,220
335,224
335,235
335,236
335,241
335,242
335,247
335,250
335,272
335,298
335,300
335,302
335,319
335,336
335,342
335,350
335,553
335,607
335,673
335,717
335,843
335,954
335,1208
335,1485
335,1549
335,2296
336,7
336,14
336,68
336,70
336,107
336,108
336,110
336,113
336,181
336,182
336,197
336,207
336,214
336,218
336,219
336,220
336,223
336,224
336,225
336,227
336,232
336,235
336,236
336,237
336,239
336,241
336,243
336,245
336,246
336,247
336,250
336,251
336,255
336,261
336,272
336,294
336,300
336,301
336,302
336,322
336,325
336,333
336,335
336,337
336,338
336,351
336,352
336,378
336,380
336,385
336,386
336,387
336,388
336,391
336,418
336,467
336,472
336,484
336,608
336,609
336,653
336,659
336,717
336,764
336,843
336,900
336,1172
336,1192
336,1194
337,5
337,7
337,55
337,107
337,108
337,181
337,191
337,239
337,249
337,251
337,254
337,294
337,316
337,322
337,333
337,336
337,359
337,467
337,1231
337,2228
338,3
338,5
338,6
338,7
338,9
338,10
338,11
338,12
338,13
338,14
338,15
338,16
338,17
338,19
338,24
338,27
338,28
338,29
338,30
338,37
338,38
338,40
338,41
338,44
338,45
338,46
338,59
338,60
338,61
338,62
338,64
338,66
338,68
338,71
338,72
338,74
338,77
338,81
338,82
338,85
338,86
338,89
338,90
338,91
338,94
338,96
338,102
338,107
338,110
338,113
338,114
338,116
338,120
338,121
338,127
338,128
338,132
338,135
338,136
338,140
338,141
338,149
338,156
338,157
338,160
338,167
338,181
338,183
338,184
338,186
338,188
338,191
338,207
338,212
338,217
338,219
338,220
338,223
338,228
338,229
338,230
338,231
338,234
338,238
338,239
338,240
338,242
338,244
338,245
338,246
338,249
338,250
338,251
338,252
338,253
338,255
338,261
338,262
338,264
338,265
338,266
338,267
338,268
338,269
338,271
338,272
338,274
338,276
338,277
338,280
338,282
338,284
338,286
338,289
338,292
338,293
338,294
338,295
338,296
338,300
338,302
338,303
338,308
338,309
338,312
338,313
338,317
338,320
338,321
338,326
338,336
338,337
338,339
338,343
338,347
338,350
338,352
338,362
338,368
338,369
338,372
338,374
338,376
338,378
338,380
338,386
338,391
338,394
338,401
338,402
338,404
338,405
338,408
338,409
338,412
338,413
338,414
338,415
338,420
338,421
338,423
338,424
338,428
338,429
338,431
338,434
338,437
338,441
338,461
338,464
338,467
338,470
338,472
338,475
338,476
338,484
338,485
338,498
338,499
338,500
338,502
338,503
338,505
338,506
338,507
338,508
338,511
338,516
338,518
338,519
338,520
338,522
338,524
338,534
338,543
338,551
338,553
338,566
338,569
338,570
338,574
338,578
338,593
338,601
338,605
338,609
338,611
338,623
338,627
338,628
338,629
338,653
338,661
338,662
338,672
338,688
338,690
338,693
338,701
338,702
338,704
338,714
338,718
338,720
338,729
338,730
338,735
338,739
338,740
338,748
338,750
338,752
338,755
338,760
338,764
338,780
338,788
338,804
338,812
338,813
338,818
338,821
338,828
338,839
338,845
338,846
338,848
338,867
338,900
338,902
338,906
338,938
338,949
338,960
338,962
338,987
338,990
338,1005
338,1009
338,1011
338,1017
338,1023
338,1028
338,1029
338,1044
338,1055
338,1063
338,1070
338,1071
338,1094
338,1099
338,1120
338,1152
338,1158
338,1179
338,1186
338,1187
338,1208
338,1210
338,1217
338,1223
338,1232
338,1234
338,1276
338,1323
338,1325
338,1329
338,1366
338,1373
338,1376
338,1389
338,1390
338,1391
338,1491
338,1535
338,1547
338,1551
338,1577
338,1580
338,1719
338,1742
338,1751
338,1826
338,1853
338,1881
338,1920
338,1921
338,2096
338,2113
338,2114
338,2195
338,2217
338,2225
338,2269
338,2303
338,2306
338,2336
338,2391
338,2513
338,2527
338,2528
338,2844
338,2939
338,2945
338,3060
338,3061
338,3062
338,3063
338,3064
338,3065
338,3066
339,4
339,11
339,14
339,21
339,31
339,35
339,36
339,40
339,65
339,84
339,85
339,87
339,95
339,96
339,100
339,104
339,110
339,113
339,115
339,118
339,165
339,180
339,184
339,191
339,198
339,214
339,217
339,219
339,223
339,224
339,226
339,228
339,232
339,234
339,237
339,239
339,240
339,241
339,245
339,246
339,251
339,253
339,265
339,268
339,274
339,280
339,285
339,297
339,300
339,305
339,316
339,337
339,338
339,342
339,350
339,359
339,362
339,364
339,365
339,368
339,374
339,378
339,380
339,385
339,386
339,387
339,388
339,389
339,390
339,394
339,396
339,399
339,402
339,408
339,409
339,412
339,450
339,469
339,474
339,547
339,556
339,573
339,616
339,617
339,688
339,716
339,730
339,743
339,747
339,749
339,750
339,756
339,764
339,804
339,806
339,823
339,838
339,851
339,902
339,1057
339,1064
339,1069
339,1180
339,1194
339,1195
339,1268
339,1550
339,1718
339,2067
339,3067
340,12
340,255
341,4
341,338
342,6
342,9
342,10
342,15
342,30
342,31
342,33
342,36
342,68
342,71
342,83
342,85
342,87
342,89
342,90
342,91
342,94
342,95
342,99
342,100
342,101
342,104
342,110
342,115
342,127
342,135
342,164
342,182
342,188
342,192
342,193
342,204
342,220
342,224
342,225
342,228
342,229
342,231
342,232
342,234
342,235
342,236
342,237
342,239
342,241
342,243
342,244
342,245
342,247
342,250
342,251
342,252
342,253
342,254
342,260
342,261
342,267
342,268
342,270
342,271
342,273
342,274
342,280
342,289
342,294
342,297
342,298
342,302
342,308
342,309
342,311
342,312
342,314
342,318
342,323
342,324
342,335
342,336
342,337
342,338
342,339
342,340
342,351
342,354
342,372
342,383
342,386
342,387
342,390
342,393
342,402
342,410
342,411
342,461
342,466
342,476
342,484
342,485
342,503
342,505
342,506
342,570
342,576
342,653
342,693
342,699
342,716
342,717
342,728
342,729
342,730
342,732
342,736
342,741
342,749
342,756
342,764
342,765
342,797
342,803
342,806
342,826
342,843
342,851
342,884
342,954
342,1056
342,1071
342,1080
342,1128
342,1166
342,1171
342,1172
342,1177
342,1205
342,1208
342,1232
342,1234
342,1273
342,1283
342,1375
342,1496
342,1542
342,1694
342,2109
342,2215
342,2295
342,2296
342,2340
342,2341
342,2342
342,2689
343,12
343,20
343,27
343,34
343,95
343,292
343,380
343,418
343,421
343,780
343,851
343,1096
343,1605
343,1766
343,3068
344,12
344,84
344,96
344,220
344,321
345,12
345,118
345,217
345,236
345,300
345,756
345,851
345,2509
346,7
346,10
346,12
346,15
346,36
346,65
346,72
346,74
346,77
346,82
346,85
346,90
346,94
346,96
346,104
346,107
346,127
346,184
346,198
346,229
346,235
346,236
346,252
346,262
346,268
346,271
346,272
346,278
346,280
346,283
346,285
346,288
346,293
346,297
346,308
346,309
346,314
346,315
346,318
346,321
346,336
346,338
346,339
346,390
346,484
346,578
346,895
346,1064
346,1066
346,2181
347,19
347,30
347,46
347,83
347,165
347,221
347,256
347,292
347,293
347,295
347,360
347,368
347,397
347,401
347,407
347,550
347,617
347,749
347,1063
347,1240
348,68
348,162
348,289
348,522
348,635
348,637
348,645
348,745
348,864
348,884
348,894
348,945
348,966
348,1143
348,1151
348,1153
348,1208
348,1248
348,1346
348,1350
348,1425
348,1440
348,1456
348,1457
348,1458
348,1604
348,1676
348,1779
348,1901
348,1921
348,2033
348,2051
348,3050
349,12
349,13
349,288
349,717
350,11
350,12
350,30
350,35
350,37
350,94
350,107
350,110
350,118
350,183
350,184
350,198
350,207
350,220
350,235
350,244
350,249
350,250
350,274
350,276
350,277
350,278
350,283
350,300
350,312
350,319
350,335
350,339
350,357
350,367
350,374
350,394
350,407
350,450
350,472
350,547
350,611
350,617
350,693
350,699
350,741
350,749
350,756
350,828
350,851
350,954
350,1067
351,3
351,10
351,12
351,13
351,15
351,19
351,24
351,29
351,30
351,37
351,50
351,65
351,69
351,74
351,81
351,83
351,89
351,101
351,105
351,113
351,120
351,125
351,127
351,135
351,156
351,180
351,184
351,200
351,207
351,214
351,217
351,219
351,226
351,227
351,228
351,231
351,232
351,234
351,235
351,240
351,245
351,246
351,250
351,251
351,254
351,257
351,262
351,267
351,271
351,273
351,274
351,292
351,293
351,300
351,302
351,303
351,317
351,321
351,336
351,338
351,339
351,342
351,352
351,372
351,374
351,376
351,380
351,385
351,388
351,391
351,402
351,411
351,413
351,420
351,421
351,423
351,424
351,439
351,462
351,471
351,472
351,485
351,498
351,502
351,511
351,532
351,535
351,545
351,549
351,556
351,558
351,570
351,573
351,574
351,609
351,615
351,620
351,627
351,629
351,662
351,689
351,693
351,708
351,713
351,718
351,743
351,744
351,749
351,760
351,764
351,788
351,803
351,806
351,832
351,835
351,843
351,845
351,949
351,953
351,970
351,980
351,995
351,1009
351,1011
351,1018
351,1029
351,1096
351,1116
351,1119
351,1166
351,1172
351,1223
351,1232
351,1240
351,1248
351,1273
351,1307
351,1312
351,1319
351,1329
351,1353
351,1356
351,1361
351,1417
351,1420
351,1461
351,1484
351,1551
351,1571
351,1574
351,1664
351,1672
351,1782
351,1835
351,1853
351,1854
351,1896
351,1901
351,1920
351,1921
351,1923
351,1970
351,2004
351,2067
351,2215
351,2258
351,2294
351,2309
351,2330
351,2340
351,2526
351,2880
351,3069
351,3070
351,3071
351,3072
351,3073
351,3074
351,3075
351,3076
351,3077
352,7
352,14
352,17
352,20
352,46
352,60
352,64
352,70
352,74
352,77
352,83
352,84
352,91
352,98
352,101
352,107
352,110
352,113
352,118
352,132
352,164
352,188
352,192
352,194
352,198
352,200
352,204
352,209
352,214
352,219
352,230
352,231
352,232
352,234
352,247
352,249
352,251
352,254
352,262
352,264
352,272
352,275
352,276
352,285
352,292
352,300
352,310
352,316
352,318
352,326
352,332
352,342
352,348
352,350
352,359
352,367
352,368
352,375
352,380
352,381
352,385
352,402
352,411
352,412
352,421
352,423
352,441
352,472
352,484
352,496
352,516
352,522
352,534
352,566
352,578
352,638
352,672
352,693
352,699
352,711
352,730
352,732
352,745
352,750
352,755
352,756
352,766
352,768
352,773
352,777
352,785
352,803
352,836
352,843
352,845
352,884
352,906
352,913
352,954
352,974
352,980
352,981
352,995
352,1007
352,1078
352,1079
352,1169
352,1198
352,1248
352,1254
352,1255
352,1258
352,1259
352,1263
352,1266
352,1267
352,1284
352,1298
352,1300
352,1302
352,1308
352,1312
352,1314
352,1353
352,1370
352,1375
352,1403
352,1409
352,1417
352,1422
352,1424
352,1430
352,1433
352,1440
352,1443
352,1458
352,1461
352,1472
352,1478
352,1501
352,1537
352,1571
352,1589
352,1599
352,1610
352,1614
352,1652
352,1658
352,1660
352,1664
352,1669
352,1672
352,1674
352,1676
352,1696
352,1698
352,1706
352,1712
352,1743
352,1759
352,1777
352,1838
352,1921
352,1923
352,1931
352,1938
352,1940
352,1953
352,1956
352,1957
352,1963
352,1965
352,1968
352,1970
352,1975
352,1976
352,1977
352,1987
352,1990
352,2004
352,2031
352,2109
352,2163
352,2164
352,2244
352,2248
352,2250
352,2258
352,2259
352,2270
352,2279
352,2280
352,2286
352,2295
352,2313
352,2318
352,2323
352,2330
352,2422
352,2456
352,2483
352,2485
352,2487
352,2489
352,2491
352,2537
352,2553
352,2560
352,2583
352,2586
352,2594
352,2601
352,2605
352,2613
352,2620
352,2630
352,2631
352,2634
352,2638
352,2642
352,2646
352,2647
352,2654
352,2656
352,2671
352,2689
352,2780
352,2912
352,2915
352,2975
352,2980
352,2993
352,3004
352,3016
352,3040
352,3078
352,3079
352,3080
352,3081
352,3082
352,3083
352,3084
352,3085
352,3086
352,3087
352,3088
352,3089
352,3090
352,3091
352,3092
352,3093
352,3094
352,3095
352,3096
352,3097
352,3098
352,3099
352,3100
352,3101
352,3102
353,31
353,290
353,357
353,369
353,375
353,407
353,578
353,764
353,843
353,1203
354,12
354,116
354,135
354,194
354,245
354,255
354,265
354,283
354,285
354,297
354,321
354,357
354,777
354,1185
354,1240
354,1370
355,12
355,110
355,279
355,285
355,288
355,293
355,301
355,371
356,236
357,12
357,95
357,116
357,184
357,194
357,286
357,288
357,289
357,290
357,324
357,353
357,358
357,367
357,374
357,375
357,376
357,545
357,740
357,742
357,904
357,2140
357,2197
357,3060
357,3103
358,116
358,194
358,200
358,290
358,305
358,357
358,374
358,375
358,378
358,422
358,534
358,573
358,2067
358,3104
358,3105
359,118
359,251
359,319
359,337
359,545
359,954
360,1063
360,2941
361,20
362,6
362,220
362,241
362,285
362,301
362,371
362,409
362,418
363,12
363,20
363,95
363,200
363,294
363,303
363,362
363,364
363,396
363,400
363,422
363,557
363,635
363,703
363,1086
363,2227
364,20
364,31
364,37
364,125
364,132
364,194
364,286
364,292
364,339
364,363
364,365
364,368
364,400
364,407
364,413
364,416
364,422
364,534
364,535
364,547
364,557
364,564
364,578
364,617
364,619
364,626
364,653
364,659
364,716
364,749
364,768
364,810
364,902
364,911
364,1132
364,1729
365,20
365,24
365,28
365,29
365,42
365,65
365,67
365,118
365,128
365,139
365,140
365,154
365,167
365,339
365,364
365,379
365,395
365,401
365,407
365,409
365,421
365,423
365,448
365,453
365,490
365,547
365,550
365,552
365,582
365,594
365,604
365,615
365,629
365,654
365,657
365,659
365,689
365,690
365,692
365,709
365,748
365,753
365,754
365,834
365,857
365,935
365,938
365,947
365,960
365,961
365,967
365,1028
365,1029
365,1069
365,1081
365,1088
365,1119
365,1132
365,1207
365,1354
365,1528
365,1531
365,1748
365,1852
365,2118
365,2301
365,2334
365,2382
365,2869
365,3106
365,3107
365,3108
366,313
367,96
367,244
367,255
367,256
367,357
367,374
367,400
367,409
367,534
367,688
367,777
367,2941
367,3109
367,3110
368,20
368,31
368,128
368,165
368,230
368,284
368,317
368,339
368,362
368,364
368,406
368,412
368,413
368,416
368,418
368,422
368,441
368,497
368,531
368,534
368,535
368,547
368,550
368,552
368,573
368,617
368,626
368,699
368,703
368,711
368,754
368,849
368,1551
369,0
369,12
369,17
369,18
369,19
369,22
369,27
369,62
369,68
369,74
369,101
369,104
369,105
369,120
369,229
369,234
369,245
369,254
369,275
369,293
369,332
369,347
369,353
369,368
369,380
369,403
369,409
369,450
369,504
369,568
369,570
369,572
369,584
369,592
369,615
369,619
369,620
369,662
369,732
369,745
369,747
369,757
369,806
369,828
369,918
369,999
369,1012
369,1017
369,1067
369,1070
369,1130
369,1137
369,1145
369,1244
369,1252
369,1286
369,1288
369,1298
369,1305
369,1313
369,1319
369,1446
369,1461
369,1484
369,1578
369,1596
369,1638
369,1652
369,1662
369,1663
369,1664
369,1687
369,1689
369,1695
369,1696
369,1697
369,1706
369,1845
369,1890
369,1939
369,1952
369,1976
369,1978
369,1985
369,1990
369,2031
369,2039
369,2114
369,2164
369,2165
369,2168
369,2171
369,2182
369,2260
369,2272
369,2291
369,2304
369,2313
369,2314
369,2316
369,2320
369,2457
369,2461
369,2464
369,2465
369,2466
369,2477
369,2478
369,2481
369,2482
369,2483
369,2487
369,2535
369,2537
369,2552
369,2561
369,2567
369,2587
369,2606
369,2612
369,2613
369,2614
369,2622
369,2623
369,2627
369,2630
369,2631
369,2634
369,2638
369,2639
369,2640
369,2641
369,2656
369,2662
369,2673
369,2880
369,2961
369,3029
369,3047
369,3077
369,3099
369,3111
369,3112
369,3113
369,3114
369,3115
369,3116
369,3117
369,3118
369,3119
369,3120
369,3121
369,3122
369,3123
369,3124
369,3125
369,3126
369,3127
369,3128
369,3129
369,3130
369,3131
369,3132
369,3133
369,3134
370,143
370,163
370,171
370,270
370,381
370,496
370,503
370,546
370,625
370,635
370,654
370,684
370,717
370,765
370,839
370,866
370,874
370,966
370,973
370,974
370,991
370,1012
370,1017
370,1078
370,1129
370,1166
370,1341
370,1352
370,1363
370,1398
370,1400
370,1401
370,1403
370,1415
370,1553
370,1611
370,1613
370,1656
370,1675
370,1685
370,1694
370,1854
370,1926
370,1937
370,2124
370,2129
370,2224
370,2250
370,2421
370,2519
370,2563
370,2583
370,3075
370,3135
370,3136
370,3137
370,3138
370,3139
370,3140
370,3141
370,3142
370,3143
370,3144
370,3145
370,3146
370,3147
370,3148
371,9
371,10
371,11
371,12
371,13
371,15
371,17
371,28
371,65
371,74
371,94
371,120
371,140
371,184
371,217
371,225
371,228
371,229
371,230
371,240
371,252
371,255
371,256
371,267
371,271
371,272
371,280
371,284
371,293
371,299
371,301
371,302
371,309
371,320
371,321
371,323
371,325
371,326
371,350
371,359
371,362
371,372
371,375
371,393
371,402
371,409
371,484
371,507
371,523
371,534
371,547
371,556
371,670
371,688
371,740
371,826
371,900
371,1055
371,1062
371,1184
371,1243
371,1485
371,2215
371,2929
371,3149
372,13
372,14
372,15
372,17
372,21
372,24
372,27
372,28
372,29
372,30
372,31
372,34
372,36
372,38
372,40
372,43
372,44
372,45
372,62
372,64
372,74
372,81
372,83
372,91
372,99
372,101
372,108
372,110
372,111
372,113
372,117
372,128
372,165
372,181
372,194
372,213
372,217
372,228
372,229
372,230
372,235
372,236
372,241
372,253
372,255
372,261
372,271
372,274
372,276
372,292
372,296
372,298
372,300
372,302
372,336
372,342
372,362
372,368
372,371
372,374
372,378
372,380
372,393
372,398
372,401
372,402
372,404
372,409
372,412
372,414
372,416
372,421
372,422
372,424
372,441
372,488
372,497
372,534
372,535
372,540
372,551
372,556
372,564
372,569
372,573
372,609
372,614
372,617
372,618
372,620
372,653
372,659
372,688
372,709
372,711
372,715
372,718
372,724
372,760
372,816
372,828
372,835
372,838
372,846
372,892
372,907
372,954
372,1007
372,1070
372,2391
372,3150
372,3151
373,13
373,194
373,619
373,2903
374,10
374,13
374,28
374,74
374,81
374,94
374,95
374,96
374,116
374,128
374,241
374,272
374,274
374,277
374,278
374,281
374,284
374,289
374,290
374,293
374,296
374,298
374,300
374,301
374,303
374,327
374,357
374,358
374,371
374,372
374,375
374,378
374,391
374,573
374,617
374,625
374,714
374,729
374,740
374,742
374,768
374,1190
374,1545
375,13
375,43
375,46
375,81
375,96
375,116
375,217
375,290
375,321
375,329
375,352
375,353
375,357
375,358
375,362
375,367
375,374
375,534
375,540
375,543
375,545
375,631
375,742
375,743
375,1066
375,1067
375,1505
375,2067
375,2941
376,13
376,87
376,91
376,103
376,104
376,181
376,219
376,226
376,228
376,278
376,357
376,1178
377,81
377,1237
377,1784
377,2018
377,2200
377,3152
378,11
378,12
378,13
378,14
378,19
378,28
378,29
378,30
378,36
378,44
378,45
378,55
378,73
378,85
378,89
378,96
378,115
378,116
378,118
378,132
378,194
378,202
378,220
378,228
378,229
378,231
378,239
378,250
378,264
378,265
378,268
378,270
378,272
378,279
378,280
378,290
378,293
378,296
378,305
378,309
378,317
378,318
378,336
378,338
378,339
378,358
378,360
378,377
378,380
378,386
378,387
378,421
378,482
378,484
378,495
378,543
378,547
378,573
378,600
378,626
378,632
378,673
378,693
378,709
378,742
378,771
378,786
378,817
378,844
378,846
378,849
378,896
378,900
378,904
378,907
378,909
378,919
378,1076
378,1203
378,1547
378,2181
378,2227
378,2865
378,3153
378,3154
378,3155
378,3156
379,13
379,61
379,64
379,66
379,121
379,132
379,184
379,290
379,363
379,365
379,426
379,450
379,500
379,507
379,519
379,547
379,552
379,576
379,582
379,593
379,661
379,662
379,857
379,940
379,959
379,1052
379,1088
379,1122
379,1224
379,1491
379,1535
379,1563
379,1734
379,2385
379,2951
379,3063
380,4
380,12
380,13
380,22
380,30
380,31
380,37
380,108
380,113
380,132
380,189
380,193
380,201
380,209
380,228
380,229
380,241
380,250
380,272
380,292
380,293
380,296
380,339
380,362
380,368
380,369
380,372
380,378
380,401
380,402
380,406
380,409
380,418
380,422
380,505
380,547
380,568
380,584
380,617
380,618
380,626
380,700
380,703
380,711
380,719
380,749
380,776
380,806
380,831
380,954
380,1055
380,1096
380,1549
380,1551
380,1552
381,97
381,151
381,154
381,156
381,167
381,370
381,431
381,464
381,504
381,512
381,518
381,519
381,520
381,522
381,524
381,542
381,546
381,648
381,650
381,671
381,684
381,729
381,765
381,781
381,790
381,836
381,839
381,845
381,913
381,923
381,965
381,980
381,990
381,995
381,1017
381,1024
381,1026
381,1078
381,1098
381,1117
381,1208
381,1251
381,1252
381,1257
381,1263
381,1283
381,1314
381,1325
381,1331
381,1341
381,1365
381,1366
381,1389
381,1403
381,1417
381,1420
381,1433
381,1434
381,1589
381,1612
381,1632
381,1686
381,1694
381,1738
381,1753
381,1774
381,1778
381,1789
381,1793
381,1821
381,1876
381,1900
381,1923
381,1928
381,1931
381,1935
381,2009
381,2036
381,2130
381,2302
381,2308
381,2422
381,2434
381,2524
381,2535
381,2854
381,2872
381,3066
381,3139
381,3152
381,3157
381,3158
381,3159
381,3160
381,3161
381,3162
381,3163
381,3164
381,3165
381,3166
381,3167
381,3168
382,85
382,89
382,99
382,251
382,267
382,496
382,539
382,637
382,3169
383,14
383,68
383,106
383,237
383,301
383,337
383,471
383,1495
384,106
384,231
384,2228
385,5
385,12
385,14
385,27
385,28
385,30
385,31
385,34
385,37
385,40
385,42
385,46
385,72
385,81
385,83
385,89
385,99
385,102
385,104
385,105
385,110
385,118
385,125
385,127
385,132
385,135
385,156
385,171
385,188
385,192
385,198
385,213
385,214
385,219
385,220
385,224
385,226
385,227
385,228
385,232
385,234
385,235
385,239
385,246
385,247
385,264
385,265
385,270
385,275
385,276
385,278
385,280
385,286
385,292
385,302
385,308
385,322
385,325
385,326
385,333
385,335
385,336
385,339
385,352
385,364
385,365
385,378
385,386
385,388
385,390
385,391
385,393
385,410
385,411
385,416
385,433
385,438
385,453
385,461
385,464
385,473
385,484
385,503
385,506
385,515
385,519
385,520
385,522
385,534
385,551
385,557
385,572
385,573
385,576
385,583
385,588
385,592
385,615
385,617
385,622
385,624
385,637
385,638
385,640
385,644
385,653
385,688
385,693
385,699
385,702
385,708
385,709
385,713
385,716
385,729
385,730
385,749
385,756
385,764
385,765
385,787
385,797
385,800
385,806
385,821
385,831
385,839
385,851
385,867
385,909
385,913
385,927
385,941
385,945
385,954
385,964
385,986
385,1009
385,1017
385,1043
385,1069
385,1098
385,1107
385,1136
385,1137
385,1140
385,1144
385,1145
385,1163
385,1172
385,1200
385,1204
385,1226
385,1283
385,1323
385,1325
385,1332
385,1337
385,1341
385,1345
385,1348
385,1349
385,1358
385,1365
385,1366
385,1395
385,1401
385,1407
385,1409
385,1410
385,1411
385,1412
385,1415
385,1419
385,1430
385,1434
385,1453
385,1547
385,1549
385,1577
385,1580
385,1588
385,1613
385,1718
385,1765
385,1775
385,1776
385,1778
385,1781
385,1782
385,1873
385,1918
385,2067
385,2109
385,2140
385,2149
385,2215
385,2269
385,2341
385,2392
385,2399
385,2406
385,2413
385,2415
385,2419
385,2503
385,2519
385,2535
385,2849
385,2857
385,2945
385,3170
385,3171
385,3172
385,3173
385,3174
385,3175
385,3176
385,3177
385,3178
385,3179
385,3180
385,3181
386,6
386,7
386,14
386,15
386,30
386,36
386,42
386,46
386,62
386,64
386,71
386,77
386,80
386,81
386,83
386,97
386,98
386,100
386,106
386,111
386,113
386,126
386,127
386,132
386,134
386,135
386,140
386,141
386,149
386,153
386,165
386,167
386,168
386,172
386,180
386,181
386,189
386,191
386,193
386,214
386,217
386,219
386,229
386,231
386,233
386,234
386,235
386,239
386,240
386,242
386,243
386,245
386,246
386,250
386,251
386,253
386,255
386,256
386,267
386,268
386,269
386,272
386,274
386,294
386,300
386,301
386,316
386,319
386,323
386,336
386,338
386,339
386,340
386,352
386,365
386,378
386,387
386,402
386,406
386,408
386,409
386,427
386,429
386,432
386,433
386,434
386,447
386,449
386,450
386,453
386,456
386,457
386,458
386,460
386,461
386,462
386,464
386,465
386,469
386,494
386,498
386,504
386,505
386,506
386,508
386,509
386,510
386,519
386,522
386,525
386,526
386,528
386,543
386,551
386,553
386,556
386,559
386,570
386,592
386,611
386,638
386,653
386,669
386,670
386,671
386,672
386,673
386,684
386,689
386,700
386,714
386,716
386,720
386,746
386,755
386,764
386,826
386,831
386,833
386,838
386,845
386,867
386,895
386,924
386,933
386,951
386,962
386,963
386,964
386,1014
386,1018
386,1019
386,1023
386,1027
386,1061
386,1070
386,1096
386,1182
386,1206
386,1208
386,1223
386,1224
386,1242
386,1271
386,1322
386,1350
386,1355
386,1389
386,1412
386,1516
386,1517
386,1580
386,1581
386,1740
386,1748
386,1757
386,1775
386,1807
386,1816
386,1827
386,1834
386,1865
386,1918
386,2143
386,2145
386,2150
386,2302
386,2504
386,2842
386,3182
386,3183
386,3184
386,3185
386,3186
386,3187
387,4
387,5
387,14
387,64
387,73
387,74
387,75
387,80
387,82
387,85
387,86
387,89
387,101
387,108
387,113
387,127
387,181
387,184
387,188
387,197
387,198
387,209
387,217
387,229
387,236
387,237
387,239
387,240
387,248
387,249
387,251
387,255
387,262
387,265
387,294
387,297
387,301
387,318
387,336
387,338
387,339
387,342
387,352
387,378
387,386
387,390
387,412
387,482
387,553
387,1182
388,9
388,11
388,13
388,14
388,15
388,20
388,21
388,35
388,38
388,40
388,44
388,46
388,50
388,69
388,77
388,101
388,105
388,108
388,110
388,111
388,113
388,120
388,125
388,127
388,134
388,135
388,145
388,156
388,171
388,207
388,219
388,226
388,228
388,230
388,231
388,232
388,234
388,235
388,236
388,237
388,242
388,244
388,245
388,246
388,250
388,254
388,261
388,268
388,269
388,270
388,280
388,285
388,293
388,298
388,302
388,309
388,322
388,332
388,335
388,336
388,337
388,339
388,348
388,351
388,371
388,385
388,387
388,391
388,399
388,404
388,405
388,408
388,411
388,415
388,418
388,461
388,466
388,475
388,484
388,485
388,490
388,505
388,509
388,513
388,516
388,518
388,522
388,532
388,535
388,537
388,570
388,572
388,592
388,604
388,620
388,621
388,627
388,633
388,637
388,638
388,653
388,688
388,699
388,702
388,708
388,713
388,716
388,745
388,755
388,765
388,780
388,786
388,792
388,795
388,796
388,798
388,806
388,824
388,828
388,831
388,832
388,843
388,845
388,864
388,867
388,873
388,874
388,875
388,911
388,913
388,924
388,932
388,945
388,960
388,964
388,967
388,971
388,972
388,976
388,980
388,981
388,991
388,1011
388,1019
388,1020
388,1023
388,1024
388,1028
388,1079
388,1096
388,1098
388,1116
388,1146
388,1151
388,1152
388,1154
388,1155
388,1157
388,1158
388,1164
388,1172
388,1232
388,1245
388,1248
388,1322
388,1325
388,1330
388,1331
388,1337
388,1389
388,1410
388,1424
388,1485
388,1522
388,1551
388,1574
388,1676
388,1718
388,1740
388,1751
388,1757
388,1759
388,1768
388,1775
388,1811
388,1867
388,1880
388,1891
388,1896
388,1909
388,1920
388,1921
388,1923
388,2109
388,2113
388,2114
388,2115
388,2140
388,2190
388,2336
388,2388
388,2400
388,2403
388,2406
388,2435
388,2849
388,2945
388,3188
388,3189
388,3190
388,3191
388,3192
388,3193
388,3194
388,3195
388,3196
388,3197
389,194
389,297
390,14
390,82
390,85
390,89
390,104
390,194
390,240
390,249
390,264
390,265
390,278
390,284
390,301
390,310
390,316
390,324
390,339
390,387
390,389
390,478
390,540
390,731
390,734
390,804
390,1199
390,1234
390,1236
390,3198
391,7
391,30
391,31
391,34
391,36
391,37
391,40
391,41
391,46
391,62
391,66
391,81
391,83
391,99
391,100
391,105
391,113
391,118
391,120
391,125
391,132
391,140
391,171
391,200
391,207
391,217
391,224
391,228
391,234
391,240
391,241
391,246
391,253
391,269
391,272
391,274
391,276
391,293
391,313
391,316
391,325
391,326
391,336
391,338
391,339
391,351
391,368
391,370
391,374
391,385
391,388
391,390
391,393
391,411
391,416
391,424
391,428
391,432
391,450
391,453
391,466
391,484
391,490
391,500
391,506
391,533
391,551
391,557
391,573
391,578
391,588
391,592
391,629
391,631
391,653
391,654
391,687
391,688
391,689
391,693
391,699
391,701
391,702
391,708
391,716
391,717
391,728
391,729
391,730
391,741
391,747
391,749
391,750
391,754
391,756
391,764
391,806
391,819
391,821
391,832
391,839
391,840
391,843
391,847
391,851
391,911
391,938
391,953
391,1005
391,1092
391,1185
391,1235
391,1273
391,1511
391,2330
391,2341
391,3199
391,3200
392,4
392,285
392,321
393,9
393,11
393,12
393,14
393,40
393,65
393,74
393,81
393,94
393,110
393,117
393,120
393,141
393,170
393,200
393,217
393,228
393,230
393,232
393,236
393,241
393,245
393,252
393,253
393,255
393,272
393,277
393,280
393,284
393,286
393,289
393,292
393,293
393,296
393,300
393,301
393,302
393,312
393,319
393,324
393,342
393,350
393,371
393,374
393,391
393,395
393,407
393,411
393,412
393,449
393,451
393,540
393,542
393,555
393,631
393,662
393,694
393,703
393,711
393,740
393,743
393,749
393,757
393,768
393,777
393,801
393,822
393,851
393,1061
393,1063
393,1068
393,1090
393,1208
393,1579
393,1878
393,2103
393,2862
394,12
394,89
394,111
394,116
394,118
394,239
394,280
394,285
394,289
394,292
394,296
394,339
394,438
394,617
394,717
394,3201
395,228
395,284
395,289
395,316
395,365
395,534
395,573
395,631
395,659
395,699
395,749
395,2234
396,14
396,20
396,31
396,83
396,95
396,115
396,194
396,200
396,219
396,223
396,250
396,312
396,339
396,362
396,363
396,390
396,422
396,543
396,653
396,748
396,851
396,995
396,1201
396,2026
396,2200
396,3202
396,3203
397,11
397,30
397,95
397,118
397,255
397,347
397,368
397,394
397,400
397,420
397,534
397,662
397,675
397,743
397,744
397,758
397,902
398,184
398,372
398,413
398,423
398,450
398,557
398,578
398,628
398,764
398,828
398,829
398,3204
398,3205
399,194
399,244
399,339
399,388
399,599
399,604
399,605
399,792
399,795
399,924
399,1154
399,1325
399,1326
399,1349
399,1410
399,1535
399,1555
399,1631
399,1811
399,2871
399,3192
399,3206
400,28
400,36
400,95
400,116
400,292
400,357
400,363
400,364
400,367
400,397
400,422
400,695
400,747
400,816
400,819
401,37
401,347
401,365
401,372
401,380
401,405
401,408
401,413
401,557
401,568
402,9
402,11
402,12
402,15
402,17
402,29
402,30
402,31
402,35
402,36
402,37
402,64
402,74
402,81
402,85
402,89
402,94
402,95
402,104
402,108
402,110
402,120
402,125
402,128
402,132
402,165
402,184
402,194
402,197
402,213
402,217
402,228
402,230
402,235
402,250
402,255
402,268
402,272
402,274
402,277
402,284
402,291
402,292
402,293
402,296
402,307
402,308
402,309
402,315
402,316
402,319
402,339
402,342
402,350
402,352
402,362
402,364
402,367
402,368
402,369
402,371
402,372
402,373
402,379
402,380
402,397
402,398
402,400
402,401
402,407
402,409
402,413
402,414
402,415
402,422
402,426
402,429
402,450
402,462
402,479
402,484
402,487
402,534
402,535
402,547
402,548
402,553
402,556
402,557
402,568
402,573
402,574
402,584
402,612
402,615
402,617
402,618
402,619
402,626
402,627
402,628
402,657
402,679
402,688
402,696
402,711
402,721
402,722
402,725
402,746
402,750
402,754
402,755
402,828
402,900
402,1055
402,1058
402,1079
402,1095
402,1096
402,1117
402,1234
402,1369
402,1508
402,1719
402,1726
402,1798
402,1998
402,2938
402,3061
402,3067
402,3207
402,3208
403,11
403,20
403,368
403,369
403,402
403,413
403,475
403,534
403,535
403,556
403,732
403,765
403,800
403,836
403,918
403,967
403,1317
403,1325
403,1409
403,1426
403,1427
403,1479
403,1687
403,1705
403,1712
403,1803
403,1954
403,1989
403,1990
403,1991
403,2046
403,2163
403,2209
403,2210
403,2294
403,2469
403,2478
403,2482
403,2483
403,2488
403,2565
403,2585
403,2598
403,2603
403,2614
403,2619
403,2629
403,2631
403,2639
403,2640
403,2650
403,2656
403,2737
403,2840
403,2885
403,3101
403,3211
403,3212
403,3213
403,3214
403,3215
403,3216
403,3217
403,3218
404,39
404,44
404,62
404,65
404,108
404,221
404,292
404,296
404,372
404,407
404,413
404,424
404,464
404,569
404,626
404,713
404,768
404,817
404,1007
404,1019
404,1024
404,1077
404,1078
404,1079
404,1198
404,1240
404,1311
404,1323
404,1324
404,1841
404,1989
404,2070
404,2145
404,2149
404,2174
404,2202
404,2271
404,2318
404,2321
404,2325
404,2344
404,2362
404,2506
404,2558
404,2560
404,2661
404,2664
404,2669
404,2678
404,2679
404,2683
404,2693
404,2697
404,2723
404,2725
404,2727
404,2734
404,2737
404,2816
404,2834
404,2891
404,2893
404,2898
404,2994
404,3151
404,3219
404,3220
404,3221
404,3222
404,3223
404,3224
404,3225
404,3226
404,3227
404,3228
404,3229
404,3230
404,3231
404,3232
404,3233
404,3234
404,3235
405,688
405,1551
406,42
406,120
406,145
406,146
406,165
406,171
406,216
406,230
406,368
406,380
406,386
406,422
406,423
406,432
406,446
406,449
406,500
406,507
406,510
406,512
406,514
406,561
406,688
406,703
406,752
406,760
406,835
406,857
406,951
406,960
406,1024
406,1223
406,1224
406,1388
406,1389
406,1516
406,1586
406,1728
406,1746
406,2142
406,3236
407,10
407,11
407,14
407,18
407,27
407,28
407,29
407,30
407,31
407,34
407,36
407,37
407,40
407,41
407,46
407,51
407,62
407,65
407,67
407,77
407,83
407,99
407,108
407,113
407,118
407,119
407,120
407,123
407,125
407,184
407,191
407,195
407,200
407,217
407,221
407,223
407,227
407,228
407,229
407,230
407,231
407,234
407,240
407,244
407,249
407,250
407,253
407,254
407,255
407,258
407,269
407,272
407,274
407,276
407,277
407,278
407,289
407,290
407,292
407,300
407,316
407,322
407,336
407,338
407,343
407,347
407,350
407,353
407,362
407,364
407,365
407,368
407,374
407,375
407,380
407,393
407,402
407,409
407,411
407,416
407,421
407,422
407,424
407,429
407,438
407,441
407,484
407,487
407,488
407,498
407,506
407,543
407,547
407,548
407,551
407,553
407,557
407,570
407,572
407,573
407,576
407,578
407,582
407,588
407,592
407,610
407,611
407,617
407,630
407,633
407,653
407,673
407,690
407,693
407,699
407,702
407,708
407,709
407,716
407,724
407,729
407,730
407,735
407,744
407,745
407,749
407,754
407,756
407,764
407,781
407,804
407,820
407,824
407,834
407,838
407,839
407,840
407,847
407,848
407,851
407,902
407,938
407,1066
407,1105
407,1107
407,1185
407,1192
407,1234
407,1240
407,1272
407,1463
407,1511
407,1522
407,1725
407,2181
407,2189
407,2215
407,2341
408,256
408,296
408,339
408,535
409,17
409,31
409,140
409,230
409,244
409,255
409,296
409,307
409,339
409,362
409,365
409,367
409,368
409,371
409,372
409,380
409,402
409,413
409,418
409,450
409,453
409,497
409,534
409,556
409,557
409,563
409,611
409,615
409,631
409,688
409,703
409,954
409,1012
409,1040
409,1071
409,1096
409,1118
410,10
410,11
410,13
410,14
410,15
410,18
410,43
410,85
410,104
410,110
410,182
410,198
410,236
410,239
410,241
410,245
410,249
410,255
410,271
410,285
410,293
410,308
410,336
410,342
410,362
410,363
410,385
410,484
410,487
410,535
410,543
410,700
410,804
410,826
410,909
410,1063
410,1511
410,2067
410,2186
410,3067
411,4
411,9
411,14
411,15
411,16
411,19
411,21
411,27
411,28
411,30
411,33
411,34
411,37
411,57
411,60
411,62
411,66
411,80
411,107
411,113
411,126
411,127
411,128
411,132
411,134
411,139
411,152
411,156
411,157
411,165
411,167
411,168
411,172
411,182
411,184
411,188
411,192
411,202
411,229
411,231
411,232
411,234
411,237
411,245
411,268
411,269
411,273
411,276
411,292
411,293
411,316
411,318
411,321
411,323
411,326
411,336
411,338
411,341
411,342
411,352
411,368
411,371
411,385
411,388
411,391
411,396
411,404
411,413
411,421
411,423
411,424
411,428
411,441
411,466
411,467
411,498
411,518
411,534
411,552
411,569
411,570
411,576
411,578
411,583
411,588
411,617
411,620
411,621
411,623
411,628
411,631
411,633
411,653
411,689
411,692
411,693
411,699
411,702
411,704
411,714
411,717
411,730
411,732
411,740
411,741
411,744
411,745
411,749
411,756
411,764
411,771
411,783
411,806
411,818
411,821
411,843
411,851
411,854
411,857
411,882
411,892
411,894
411,898
411,911
411,923
411,928
411,941
411,1007
411,1033
411,1048
411,1051
411,1079
411,1104
411,1158
411,1166
411,1203
411,1205
411,1232
411,1262
411,1271
411,1302
411,1308
411,1317
411,1319
411,1353
411,1375
411,1389
411,1406
411,1409
411,1424
411,1442
411,1484
411,1530
411,1539
411,1651
411,1662
411,1666
411,1676
411,1873
411,1899
411,1919
411,1921
411,1927
411,1938
411,1939
411,1963
411,1965
411,1972
411,1975
411,1976
411,1978
411,1986
411,1990
411,1991
411,2154
411,2164
411,2172
411,2202
411,2209
411,2210
411,2215
411,2259
411,2270
411,2273
411,2277
411,2280
411,2310
411,2363
411,2399
411,2416
411,2456
411,2477
411,2482
411,2484
411,2486
411,2549
411,2558
411,2561
411,2562
411,2571
411,2577
411,2584
411,2585
411,2586
411,2588
411,2592
411,2600
411,2608
411,2616
411,2622
411,2630
411,2647
411,2659
411,2689
411,2725
411,2741
411,2746
411,2782
411,2927
411,2980
411,3002
411,3012
411,3013
411,3018
411,3028
411,3035
411,3041
411,3043
411,3044
411,3047
411,3051
411,3057
411,3089
411,3097
411,3121
411,3124
411,3126
411,3237
411,3238
411,3239
411,3240
411,3241
411,3242
411,3243
411,3244
411,3245
411,3246
411,3247
411,3248
411,3249
411,3250
411,3251
411,3252
411,3253
411,3254
411,3255
411,3256
411,3257
411,3258
411,3259
411,3260
411,3261
411,3262
411,3263
411,3264
411,3265
411,3266
411,3267
411,3268
411,3269
411,3270
411,3271
411,3272
411,3273
412,27
412,71
412,90
412,116
412,165
412,217
412,228
412,244
412,284
412,288
412,300
412,339
412,387
412,424
412,426
412,457
412,550
412,617
412,679
412,688
412,690
412,694
412,699
412,703
412,709
412,749
412,851
412,906
412,1008
412,1032
412,1184
412,1379
412,2391
412,2509
413,16
413,20
413,27
413,29
413,30
413,36
413,37
413,46
413,64
413,125
413,234
413,274
413,276
413,364
413,398
413,404
413,409
413,411
413,418
413,421
413,424
413,441
413,547
413,551
413,569
413,570
413,573
413,588
413,617
413,621
413,627
413,673
413,699
413,705
413,708
413,720
413,724
413,748
413,749
413,832
413,1076
413,1245
414,17
414,24
414,27
414,29
414,31
414,132
414,369
414,372
414,380
414,420
414,421
414,654
414,724
414,816
415,123
415,135
415,164
415,167
415,174
415,180
415,231
415,244
415,269
415,437
415,452
415,453
415,456
415,498
415,518
415,546
415,583
415,588
415,601
415,629
415,660
415,664
415,670
415,699
415,711
415,718
415,760
415,780
415,824
415,845
415,938
415,954
415,956
415,962
415,964
415,980
415,990
415,1044
415,1111
415,1202
415,1208
415,1223
415,1275
415,1332
415,1341
415,1342
415,1345
415,1353
415,1357
415,1412
415,1417
415,1434
415,1436
415,1490
415,1776
415,1777
415,1778
415,1835
415,1928
415,1933
415,1937
415,2022
415,2025
415,2031
415,2075
415,2150
415,2303
415,2422
415,2846
415,2916
415,3177
415,3274
415,3275
415,3276
415,3277
415,3278
416,14
416,27
416,31
416,39
416,44
416,45
416,46
416,61
416,62
416,65
416,71
416,74
416,85
416,92
416,101
416,104
416,108
416,123
416,126
416,167
416,224
416,236
416,240
416,244
416,245
416,246
416,256
416,274
416,316
416,362
416,363
416,364
416,368
416,372
416,391
416,407
416,422
416,424
416,426
416,466
416,488
416,543
416,556
416,557
416,569
416,576
416,578
416,620
416,630
416,633
416,681
416,688
416,721
416,725
416,744
416,818
416,838
416,840
416,882
416,889
416,900
416,911
416,1004
416,1076
416,1544
416,1736
417,3279
418,24
418,27
418,28
418,30
418,31
418,36
418,44
418,115
418,221
418,230
418,274
418,285
418,296
418,336
418,343
418,362
418,368
418,380
418,388
418,409
418,413
418,421
418,422
418,424
418,441
418,531
418,534
418,550
418,556
418,573
418,619
418,674
418,692
418,747
418,749
418,757
418,2067
418,2184
418,2219
418,2235
419,19
419,20
419,37
419,40
419,45
419,62
419,332
419,524
419,628
419,833
419,852
419,864
419,3279
420,28
420,29
420,40
420,128
420,165
420,397
420,405
420,423
420,551
420,573
420,631
420,707
420,719
420,724
420,726
420,758
420,1554
420,2141
420,2213
420,3280
420,3281
420,3282
421,24
421,29
421,31
421,256
421,365
421,380
421,405
421,409
421,413
421,414
421,418
421,424
421,556
421,574
421,576
421,611
421,627
421,724
421,750
421,757
421,1217
422,11
422,13
422,14
422,16
422,17
422,20
422,21
422,24
422,27
422,29
422,31
422,34
422,35
422,36
422,44
422,46
422,64
422,65
422,68
422,74
422,81
422,82
422,85
422,92
422,95
422,104
422,111
422,115
422,116
422,120
422,123
422,125
422,127
422,128
422,140
422,156
422,165
422,184
422,194
422,195
422,213
422,230
422,244
422,245
422,250
422,252
422,253
422,255
422,265
422,276
422,289
422,290
422,292
422,293
422,298
422,300
422,305
422,307
422,313
422,339
422,343
422,347
422,358
422,362
422,363
422,364
422,367
422,368
422,370
422,372
422,380
422,396
422,400
422,401
422,402
422,406
422,408
422,409
422,414
422,416
422,418
422,420
422,421
422,424
422,425
422,426
422,429
422,450
422,461
422,487
422,488
422,506
422,534
422,535
422,540
422,543
422,545
422,548
422,556
422,557
422,568
422,573
422,577
422,578
422,611
422,612
422,620
422,628
422,629
422,631
422,659
422,662
422,679
422,688
422,695
422,716
422,730
422,740
422,744
422,745
422,746
422,747
422,748
422,752
422,754
422,758
422,760
422,768
422,784
422,785
422,815
422,816
422,819
422,828
422,829
422,884
422,907
422,922
422,932
422,1058
422,1061
422,1063
422,1067
422,1090
422,1092
422,1201
422,1203
422,1240
422,1380
422,1489
422,1544
422,1550
422,1551
422,1718
422,1760
422,1890
422,1996
422,2067
422,2184
422,2436
422,3205
422,3283
422,3284
423,19
423,20
423,21
423,28
423,29
423,30
423,37
423,40
423,65
423,125
423,165
423,191
423,365
423,398
423,406
423,420
423,441
423,533
423,543
423,556
423,569
423,588
423,594
423,617
423,693
423,747
423,749
423,758
423,851
423,932
423,954
423,2934
424,27
424,29
424,34
424,37
424,39
424,41
424,126
424,285
424,296
424,372
424,378
424,391
424,395
424,407
424,412
424,413
424,416
424,418
424,420
424,421
424,422
424,426
424,489
424,548
424,551
424,569
424,573
424,576
424,577
424,631
424,656
424,659
424,673
424,692
424,710
424,724
424,757
424,758
424,759
424,769
424,783
424,784
424,812
424,885
424,1118
424,2141
424,2220
424,2330
424,3150
424,3200
424,3284
424,3285
424,3286
424,3287
425,494
425,580
426,37
426,41
426,44
426,48
426,58
426,60
426,121
426,126
426,132
426,138
426,152
426,160
426,221
426,256
426,296
426,379
426,412
426,416
426,443
426,502
426,507
426,526
426,552
426,573
426,574
426,605
426,617
426,622
426,632
426,701
426,776
426,833
426,840
426,845
426,862
426,933
426,951
426,956
426,957
426,984
426,1009
426,1069
426,1079
426,1122
426,1161
426,1162
426,1163
426,1506
426,1592
426,1686
426,1750
426,1851
426,2391
426,3288
426,3289
426,3290
426,3291
427,526
427,672
427,689
427,711
427,779
427,973
427,979
427,981
427,989
427,994
427,1345
427,1349
427,1357
427,1358
427,2410
427,2850
427,2945
428,14
428,20
428,37
428,38
428,39
428,40
428,41
428,46
428,58
428,62
428,64
428,66
428,71
428,123
428,125
428,140
428,191
428,217
428,231
428,234
428,253
428,267
428,276
428,289
428,336
428,372
428,379
428,391
428,407
428,408
428,424
428,453
428,457
428,537
428,574
428,578
428,611
428,622
428,628
428,638
428,661
428,672
428,683
428,688
428,690
428,693
428,716
428,717
428,729
428,745
428,787
428,788
428,846
428,847
428,851
428,870
428,885
428,892
428,1006
428,1052
428,1340
428,1345
428,1348
428,1580
428,1627
428,1852
428,2842
428,3292
429,11
429,15
429,19
429,20
429,42
429,43
429,44
429,48
429,89
429,91
429,92
429,94
429,107
429,111
429,116
429,125
429,127
429,128
429,139
429,140
429,148
429,150
429,180
429,200
429,226
429,240
429,241
429,265
429,278
429,284
429,285
429,289
429,292
429,294
429,298
429,300
429,301
429,303
429,338
429,362
429,363
429,365
429,366
429,371
429,380
429,386
429,401
429,402
429,407
429,409
429,414
429,422
429,452
429,461
429,462
429,479
429,511
429,519
429,534
429,550
429,551
429,559
429,604
429,656
429,679
429,688
429,750
429,759
429,766
429,776
429,801
429,813
429,860
429,867
429,892
429,910
429,948
429,997
429,1044
429,1063
429,1069
429,1512
429,1515
429,1517
429,1595
429,1596
429,1718
429,1897
429,2057
429,2235
429,2934
429,3293
430,256
431,68
431,140
431,141
431,433
431,449
431,464
431,499
431,500
431,529
431,552
431,629
431,653
431,669
431,702
431,718
431,774
431,797
431,857
431,945
431,1003
431,1019
431,1073
431,1079
431,1146
431,1154
431,1157
431,1224
431,1276
431,1277
431,1322
431,1342
431,1393
431,1551
431,1577
431,1920
431,3063
431,3294
432,42
432,61
432,66
432,67
432,125
432,132
432,136
432,157
432,166
432,170
432,173
432,195
432,256
432,257
432,323
432,386
432,391
432,406
432,408
432,428
432,441
432,452
432,492
432,500
432,530
432,583
432,584
432,594
432,601
432,604
432,611
432,629
432,668
432,701
432,870
432,927
432,940
432,960
432,998
432,999
432,1003
432,1006
432,1040
432,1044
432,1048
432,1052
432,1079
432,1167
432,1212
432,1488
432,1489
432,1516
432,1745
432,1904
432,2218
432,3173
432,3295
432,3296
432,3297
432,3298
433,0
433,16
433,28
433,29
433,43
433,50
433,58
433,60
433,64
433,95
433,105
433,135
433,143
433,154
433,156
433,163
433,164
433,180
433,221
433,231
433,270
433,326
433,343
433,364
433,368
433,385
433,386
433,400
433,415
433,421
433,431
433,434
433,437
433,438
433,461
433,466
433,475
433,488
433,496
433,499
433,500
433,503
433,504
433,515
433,516
433,520
433,532
433,537
433,546
433,556
433,565
433,566
433,570
433,578
433,592
433,594
433,625
433,628
433,638
433,693
433,702
433,710
433,711
433,716
433,717
433,718
433,725
433,729
433,730
433,755
433,760
433,765
433,785
433,831
433,839
433,845
433,857
433,867
433,870
433,884
433,894
433,913
433,927
433,945
433,965
433,971
433,972
433,976
433,979
433,981
433,983
433,984
433,994
433,1005
433,1017
433,1024
433,1098
433,1144
433,1145
433,1150
433,1151
433,1154
433,1158
433,1166
433,1173
433,1202
433,1205
433,1208
433,1226
433,1245
433,1277
433,1314
433,1325
433,1332
433,1337
433,1342
433,1345
433,1346
433,1350
433,1357
433,1365
433,1403
433,1404
433,1415
433,1430
433,1588
433,1601
433,1612
433,1676
433,1757
433,1768
433,1770
433,1775
433,1776
433,1783
433,1793
433,1811
433,1830
433,1839
433,1840
433,1912
433,1958
433,1999
433,2007
433,2131
433,2192
433,2296
433,2406
433,2412
433,2414
433,2423
433,2535
433,2782
433,2945
433,3144
433,3178
433,3192
433,3299
433,3300
433,3301
433,3302
433,3303
433,3304
434,30
434,48
434,62
434,63
434,137
434,150
434,153
434,180
434,207
434,226
434,229
434,230
434,231
434,289
434,342
434,385
434,386
434,388
434,415
434,433
434,463
434,466
434,497
434,503
434,511
434,516
434,518
434,546
434,570
434,621
434,638
434,671
434,684
434,702
434,716
434,717
434,718
434,726
434,729
434,746
434,759
434,780
434,894
434,1006
434,1009
434,1020
434,1024
434,1044
434,1088
434,1096
434,1145
434,1146
434,1158
434,1208
434,1223
434,1244
434,1283
434,1341
434,1389
434,1399
434,1458
434,1522
434,1528
434,1676
434,1757
434,1775
434,1921
434,2794
434,3063
434,3178
434,3305
434,3306
435,168
435,599
435,604
435,775
435,800
435,957
435,986
435,1146
435,1328
435,1734
435,2069
435,3307
435,3308
436,95
436,556
436,688
436,759
436,809
436,957
436,1739
436,1851
436,2222
437,66
437,69
437,103
437,137
437,138
437,139
437,140
437,156
437,167
437,168
437,256
437,270
437,399
437,415
437,433
437,438
437,439
437,452
437,453
437,496
437,498
437,503
437,511
437,512
437,516
437,533
437,537
437,546
437,548
437,570
437,574
437,593
437,629
437,636
437,638
437,669
437,672
437,683
437,695
437,763
437,775
437,791
437,831
437,836
437,845
437,863
437,874
437,884
437,964
437,974
437,979
437,981
437,982
437,983
437,988
437,989
437,990
437,991
437,1009
437,1030
437,1052
437,1140
437,1147
437,1167
437,1208
437,1210
437,1222
437,1223
437,1267
437,1273
437,1278
437,1282
437,1314
437,1329
437,1337
437,1340
437,1341
437,1355
437,1357
437,1365
437,1403
437,1425
437,1433
437,1458
437,1491
437,1573
437,1586
437,1588
437,1599
437,1723
437,1751
437,1775
437,1777
437,1830
437,1854
437,1895
437,1921
437,1948
437,2004
437,2009
437,2023
437,2321
437,2344
437,2385
437,2507
437,2524
437,2525
437,2535
437,2688
437,2800
437,2816
437,3175
437,3295
437,3309
437,3310
437,3311
437,3312
437,3313
437,3314
437,3315
437,3316
437,3317
437,3318
437,3319
437,3320
437,3321
437,3322
437,3323
437,3324
437,3325
437,3326
437,3327
438,14
438,15
438,29
438,36
438,42
438,100
438,111
438,145
438,149
438,151
438,165
438,180
438,246
438,326
438,362
438,394
438,407
438,411
438,421
438,437
438,448
438,453
438,461
438,520
438,556
438,588
438,592
438,653
438,669
438,717
438,718
438,730
438,755
438,756
438,791
438,833
438,938
438,974
438,1073
438,1078
438,1132
438,1144
438,1155
438,1208
438,1226
438,1232
438,1254
438,1257
438,1258
438,1260
438,1271
438,1273
438,1323
438,1375
438,1379
438,1403
438,1412
438,1416
438,1425
438,1430
438,1436
438,1446
438,1447
438,1448
438,1453
438,1458
438,1580
438,1589
438,1631
438,1632
438,1641
438,1644
438,1668
438,1757
438,1763
438,1840
438,1921
438,1925
438,1948
438,1955
438,1963
438,1990
438,2131
438,2242
438,2244
438,2295
438,2422
438,2538
438,2871
438,3328
438,3329
438,3330
438,3331
438,3332
438,3333
438,3334
438,3335
439,0
439,69
439,160
439,174
439,180
439,498
439,502
439,512
439,548
439,584
439,587
439,604
439,835
439,962
439,986
439,1009
439,1166
439,1223
439,1535
439,1583
439,1784
439,2074
439,3336
440,167
440,259
441,27
441,28
441,29
441,30
441,37
441,40
441,41
441,48
441,58
441,62
441,69
441,125
441,132
441,133
441,138
441,144
441,147
441,157
441,180
441,230
441,234
441,276
441,292
441,296
441,352
441,368
441,369
441,372
441,380
441,407
441,408
441,413
441,418
441,420
441,423
441,424
441,428
441,432
441,442
441,450
441,497
441,511
441,574
441,578
441,583
441,584
441,593
441,601
441,604
441,611
441,615
441,616
441,617
441,627
441,662
441,669
441,701
441,704
441,719
441,741
441,749
441,752
441,758
441,788
441,858
441,938
441,940
441,954
441,988
441,1003
441,1006
441,1009
441,1167
441,1266
441,1369
441,1552
441,1558
441,2934
442,48
442,67
442,136
442,443
442,453
442,593
442,604
442,775
442,833
442,852
442,857
442,858
442,932
442,1014
442,1052
442,1224
442,1280
442,1581
442,1740
442,1830
442,1837
442,2056
442,2952
442,3066
442,3337
442,3338
443,0
443,133
443,258
443,408
443,426
443,523
443,552
443,957
443,1114
443,1132
443,1223
443,1515
443,1851
443,3339
443,3340
444,129
444,140
444,157
444,167
444,435
444,440
444,443
444,448
444,530
444,857
444,957
444,1009
444,1162
444,1266
444,1799
445,306
445,448
445,744
445,857
445,945
445,981
445,1161
445,1273
445,1361
445,3341
445,3342
446,406
446,605
446,1044
447,48
447,68
447,103
447,140
447,170
447,171
447,172
447,180
447,379
447,386
447,403
447,432
447,439
447,446
447,453
447,498
447,512
447,523
447,548
447,552
447,594
447,604
447,781
447,855
447,857
447,864
447,958
447,960
447,961
447,984
447,1033
447,1069
447,1110
447,1123
447,1126
447,1252
447,1261
447,1262
447,1388
447,1442
447,1489
447,1522
447,1553
447,1595
447,1635
447,1739
447,1830
447,1946
447,2049
447,2922
447,3331
447,3343
447,3344
447,3345
447,3346
447,3347
448,28
448,40
448,58
448,60
448,120
448,137
448,180
448,256
448,257
448,269
448,317
448,365
448,420
448,438
448,450
448,452
448,457
448,461
448,498
448,510
448,512
448,517
448,518
448,519
448,521
448,522
448,524
448,528
448,563
448,570
448,572
448,662
448,669
448,671
448,689
448,760
448,770
448,847
448,867
448,869
448,964
448,989
448,1005
448,1018
448,1019
448,1023
448,1024
448,1028
448,1029
448,1049
448,1138
448,1281
448,1323
448,1389
448,1391
448,1864
448,2070
448,2113
448,2115
448,2145
448,2841
448,2842
448,2844
448,3348
448,3349
448,3350
448,3351
448,3352
449,42
449,60
449,68
449,140
449,293
449,406
449,443
449,448
449,506
449,507
449,524
449,530
449,584
449,604
449,605
449,876
449,967
449,1276
449,1329
449,1518
449,3353
449,3354
450,28
450,30
450,34
450,37
450,59
450,61
450,74
450,120
450,125
450,128
450,132
450,140
450,180
450,184
450,194
450,201
450,269
450,296
450,339
450,350
450,351
450,369
450,379
450,391
450,398
450,406
450,422
450,439
450,441
450,442
450,443
450,448
450,452
450,453
450,461
450,462
450,475
450,488
450,497
450,498
450,506
450,511
450,519
450,520
450,523
450,559
450,584
450,588
450,618
450,638
450,653
450,704
450,713
450,730
450,764
450,789
450,821
450,828
450,835
450,855
450,857
450,869
450,944
450,947
450,1009
450,1026
450,1068
450,1158
450,1167
450,1205
450,1210
450,1223
450,1224
450,1241
450,1266
450,1491
450,1516
450,1525
450,1566
450,1595
450,2057
450,2058
450,3183
450,3355
450,3356
451,170
451,604
451,760
451,1048
451,1749
451,2953
451,3357
451,3358
452,3
452,135
452,140
452,147
452,149
452,156
452,157
452,160
452,167
452,168
452,170
452,171
452,172
452,180
452,323
452,439
452,457
452,459
452,507
452,510
452,513
452,524
452,525
452,527
452,583
452,661
452,684
452,726
452,861
452,870
452,945
452,960
452,962
452,1011
452,1164
452,1213
452,1217
452,1328
452,1388
452,1392
452,1522
452,1525
452,1531
452,1595
452,1596
452,1863
452,1891
452,2071
452,2191
452,2333
452,2397
452,2508
452,3359
452,3360
452,3361
453,0
453,3
453,18
453,19
453,21
453,24
453,35
453,45
453,46
453,55
453,61
453,62
453,67
453,108
453,118
453,134
453,135
453,141
453,148
453,152
453,157
453,167
453,168
453,172
453,230
453,234
453,269
453,274
453,276
453,292
453,296
453,365
453,385
453,386
453,391
453,399
453,408
453,409
453,414
453,415
453,428
453,437
453,438
453,442
453,447
453,450
453,451
453,456
453,459
453,461
453,498
453,506
453,510
453,511
453,512
453,514
453,515
453,518
453,519
453,522
453,526
453,527
453,528
453,547
453,548
453,564
453,565
453,583
453,586
453,588
453,592
453,593
453,604
453,611
453,625
453,629
453,637
453,638
453,653
453,668
453,669
453,672
453,684
453,689
453,702
453,704
453,709
453,725
453,754
453,775
453,799
453,800
453,831
453,833
453,834
453,843
453,854
453,857
453,859
453,870
453,922
453,924
453,949
453,956
453,964
453,973
453,984
453,987
453,989
453,994
453,1005
453,1023
453,1024
453,1029
453,1030
453,1049
453,1052
453,1083
453,1088
453,1098
453,1107
453,1108
453,1109
453,1111
453,1117
453,1132
453,1140
453,1151
453,1153
453,1157
453,1162
453,1212
453,1215
453,1223
453,1224
453,1226
453,1272
453,1322
453,1329
453,1354
453,1385
453,1389
453,1403
453,1412
453,1515
453,1531
453,1557
453,1577
453,1580
453,1750
453,1751
453,1754
453,1765
453,1786
453,1826
453,1852
453,1876
453,1915
453,1921
453,1999
453,2061
453,2065
453,2074
453,2114
453,2115
453,2117
453,2142
453,2162
453,2272
453,2301
453,2334
453,2443
453,2528
453,3062
453,3106
453,3184
453,3352
453,3362
453,3363
453,3364
453,3365
453,3366
453,3367
454,123
454,138
454,157
454,168
454,423
454,424
454,758
454,1506
455,140
455,157
455,167
455,170
455,458
455,463
455,565
455,865
455,1006
455,1223
455,1599
455,1919
456,60
456,171
456,415
456,457
456,464
456,510
456,524
456,525
456,526
456,528
456,638
456,672
456,699
456,718
456,964
456,1011
456,1012
456,1018
456,1027
456,1029
456,1096
456,1213
456,1324
456,1389
456,1561
456,1754
456,1920
456,2298
456,2842
456,3185
456,3186
456,3368
456,3369
457,6
457,39
457,42
457,48
457,60
457,136
457,148
457,269
457,317
457,386
457,412
457,423
457,428
457,448
457,452
457,456
457,461
457,464
457,512
457,519
457,526
457,552
457,638
457,670
457,671
457,718
457,749
457,758
457,768
457,801
457,857
457,867
457,869
457,1011
457,1013
457,1030
457,1322
457,1389
457,1391
457,2145
457,2333
457,3186
457,3370
458,157
458,167
458,455
458,870
458,1388
459,145
459,157
459,167
459,168
459,173
459,524
459,530
459,565
459,835
459,960
459,1006
459,1218
459,1592
459,1892
459,3371
460,141
460,167
460,386
460,415
460,439
460,510
460,528
460,593
460,1009
460,1163
460,3292
461,3
461,9
461,11
461,12
461,14
461,15
461,17
461,18
461,20
461,22
461,24
461,28
461,29
461,30
461,31
461,34
461,35
461,36
461,37
461,40
461,42
461,46
461,60
461,61
461,66
461,68
461,74
461,81
461,83
461,89
461,94
461,105
461,120
461,121
461,126
461,127
461,134
461,135
461,136
461,137
461,138
461,140
461,141
461,149
461,156
461,157
461,161
461,162
461,165
461,167
461,168
461,171
461,172
461,180
461,193
461,200
461,215
461,216
461,219
461,221
461,228
461,229
461,230
461,231
461,234
461,235
461,240
461,241
461,245
461,246
461,250
461,256
461,268
461,269
461,271
461,284
461,287
461,290
461,293
461,294
461,301
461,305
461,312
461,317
461,319
461,321
461,323
461,324
461,326
461,336
461,337
461,338
461,342
461,350
461,352
461,361
461,362
461,368
461,371
461,372
461,378
461,380
461,385
461,386
461,388
461,391
461,393
461,402
461,404
461,408
461,409
461,411
461,412
461,413
461,414
461,418
461,421
461,422
461,423
461,424
461,428
461,429
461,433
461,435
461,438
461,439
461,441
461,443
461,448
461,450
461,452
461,453
461,455
461,456
461,457
461,458
461,462
461,466
461,485
461,505
461,506
461,510
461,511
461,512
461,517
461,519
461,522
461,523
461,524
461,534
461,543
461,546
461,548
461,551
461,553
461,556
461,557
461,563
461,570
461,573
461,574
461,576
461,578
461,592
461,601
461,613
461,615
461,617
461,622
461,623
461,627
461,629
461,633
461,653
461,654
461,662
461,672
461,684
461,688
461,689
461,690
461,693
461,695
461,702
461,704
461,705
461,706
461,709
461,713
461,714
461,716
461,717
461,718
461,720
461,723
461,725
461,727
461,730
461,733
461,751
461,754
461,755
461,756
461,757
461,758
461,768
461,774
461,785
461,787
461,812
461,813
461,823
461,832
461,833
461,838
461,857
461,861
461,862
461,867
461,868
461,869
461,870
461,882
461,884
461,907
461,916
461,923
461,926
461,938
461,949
461,961
461,962
461,964
461,989
461,1005
461,1009
461,1010
461,1011
461,1012
461,1014
461,1015
461,1018
461,1019
461,1024
461,1028
461,1030
461,1073
461,1083
461,1094
461,1095
461,1116
461,1128
461,1132
461,1137
461,1140
461,1184
461,1207
461,1208
461,1213
461,1245
461,1268
461,1331
461,1337
461,1350
461,1355
461,1389
461,1412
461,1430
461,1489
461,1506
461,1515
461,1522
461,1524
461,1547
461,1558
461,1580
461,1591
461,1735
461,1746
461,1775
461,1804
461,1835
461,1840
461,1861
461,1864
461,1865
461,1918
461,2065
461,2067
461,2098
461,2113
461,2215
461,2300
461,2406
461,2513
461,2848
461,2952
461,3063
461,3297
461,3362
461,3372
461,3373
461,3374
461,3375
461,3376
462,40
462,45
462,62
462,69
462,118
462,160
462,170
462,317
462,319
462,351
462,411
462,429
462,432
462,450
462,452
462,461
462,498
462,510
462,518
462,530
462,592
462,600
462,625
462,669
462,679
462,701
462,833
462,835
462,838
462,840
462,851
462,870
462,882
462,891
462,955
462,957
462,962
462,986
462,996
462,1006
462,1163
462,1223
462,1224
462,1522
462,1591
462,2058
462,3356
463,48
463,157
463,452
463,455
463,459
463,525
463,672
463,718
463,775
463,935
463,1213
463,1350
463,1389
463,1404
463,1769
463,1835
463,2336
463,2533
463,3377
463,3378
464,23
464,42
464,68
464,141
464,171
464,174
464,259
464,323
464,365
464,404
464,452
464,456
464,457
464,492
464,498
464,510
464,512
464,518
464,521
464,524
464,526
464,528
464,529
464,587
464,635
464,662
464,670
464,671
464,712
464,726
464,755
464,781
464,782
464,857
464,867
464,962
464,988
464,1010
464,1012
464,1014
464,1015
464,1016
464,1018
464,1020
464,1023
464,1024
464,1026
464,1048
464,1052
464,1061
464,1134
464,1137
464,1245
464,1246
464,1322
464,1331
464,1389
464,1391
464,1412
464,1522
464,1524
464,1528
464,1590
464,1596
464,1737
464,1752
464,1775
464,1807
464,1832
464,1834
464,1836
464,1864
464,1880
464,2068
464,2069
464,2073
464,2118
464,2145
464,2300
464,2302
464,2508
464,2514
464,2840
464,2843
464,2844
464,2907
464,3070
464,3185
464,3186
464,3351
464,3379
464,3380
464,3381
464,3382
464,3383
464,3384
464,3385
464,3386
464,3387
464,3388
464,3389
464,3390
464,3391
464,3392
464,3393
465,71
465,194
466,28
466,34
466,37
466,40
466,43
466,71
466,77
466,81
466,85
466,100
466,101
466,103
466,152
466,154
466,165
466,191
466,207
466,228
466,235
466,244
466,246
466,253
466,276
466,368
466,379
466,385
466,388
466,391
466,411
466,461
466,511
466,576
466,622
466,637
466,688
466,730
466,749
466,758
466,785
466,823
466,833
466,835
466,846
466,863
466,884
466,922
466,930
466,931
466,974
466,1148
466,1172
466,1261
466,1306
466,1362
466,1436
466,1439
466,1446
466,1475
466,1571
466,2023
466,2114
466,2486
466,2596
466,3167
466,3394
466,3395
466,3396
466,3397
467,72
467,73
467,77
467,81
467,100
467,113
467,181
467,188
467,214
467,219
467,223
467,248
467,251
467,252
467,278
467,316
467,336
467,337
467,411
467,484
467,728
468,116
468,127
468,160
468,214
468,251
469,160
469,1195
470,99
470,297
471,2
471,4
471,70
471,72
471,73
471,77
471,81
471,82
471,83
471,84
471,107
471,108
471,109
471,113
471,118
471,127
471,188
471,191
471,197
471,206
471,207
471,212
471,214
471,219
471,222
471,223
471,224
471,232
471,238
471,241
471,251
471,261
471,268
471,278
471,294
471,295
471,300
471,333
471,334
471,342
471,352
471,383
471,470
471,484
471,609
471,610
471,823
471,1054
471,1188
471,1195
471,1227
471,1499
471,3398
472,4
472,64
472,77
472,81
472,105
472,113
472,118
472,183
472,186
472,194
472,200
472,207
472,211
472,217
472,226
472,231
472,237
472,240
472,244
472,249
472,264
472,265
472,293
472,336
472,693
472,756
472,764
472,1172
472,1196
473,15
473,105
473,238
473,294
473,322
473,326
473,385
473,693
473,730
473,1676
474,265
475,5
475,15
475,48
475,64
475,70
475,71
475,74
475,90
475,107
475,119
475,120
475,127
475,137
475,173
475,181
475,184
475,220
475,224
475,234
475,235
475,253
475,270
475,278
475,302
475,338
475,363
475,369
475,403
475,404
475,421
475,428
475,433
475,446
475,450
475,463
475,476
475,516
475,519
475,569
475,576
475,668
475,669
475,683
475,708
475,711
475,755
475,775
475,800
475,857
475,869
475,932
475,944
475,945
475,960
475,971
475,974
475,1005
475,1024
475,1096
475,1115
475,1172
475,1205
475,1213
475,1223
475,1226
475,1314
475,1346
475,1769
475,1920
475,2118
475,2240
475,2336
475,3088
475,3399
475,3400
475,3401
476,48
476,87
476,111
476,194
476,335
476,336
476,860
476,1229
476,1265
476,2181
477,31
477,101
477,239
477,242
477,265
477,316
477,478
477,484
477,2181
477,2340
478,82
478,341
478,477
478,1115
479,45
479,121
479,256
479,504
479,536
479,629
479,633
479,754
479,1489
479,1579
479,2952
480,119
481,73
481,104
481,116
481,192
481,235
481,268
481,299
481,309
481,316
481,389
481,1178
481,1234
481,2227
481,2230
482,73
482,378
482,3402
483,1234
484,3
484,9
484,14
484,15
484,33
484,55
484,64
484,68
484,73
484,80
484,89
484,99
484,108
484,110
484,113
484,115
484,127
484,181
484,184
484,196
484,197
484,214
484,217
484,219
484,223
484,224
484,225
484,226
484,232
484,236
484,237
484,239
484,241
484,244
484,249
484,250
484,251
484,253
484,254
484,261
484,272
484,277
484,297
484,298
484,300
484,301
484,302
484,309
484,310
484,312
484,314
484,316
484,318
484,322
484,359
484,376
484,378
484,385
484,390
484,402
484,412
484,466
484,472
484,482
484,485
484,545
484,609
484,843
484,906
484,1062
484,1090
484,1116
484,1171
484,1205
484,1232
484,1234
484,1270
484,1370
484,1794
484,2861
485,10
485,15
485,20
485,64
485,104
485,110
485,132
485,164
485,228
485,230
485,236
485,237
485,240
485,245
485,258
485,286
485,292
485,300
485,351
485,388
485,408
485,463
485,484
485,518
485,563
485,638
485,672
485,703
485,717
485,732
485,845
485,965
485,990
485,1028
485,1029
485,1030
485,1219
485,1232
485,1375
485,1676
485,1726
485,1818
485,1865
485,2109
485,3403
486,278
486,3404
487,126
487,194
487,228
487,374
487,484
487,830
487,1055
487,1388
488,17
488,18
488,21
488,36
488,39
488,41
488,46
488,65
488,104
488,111
488,120
488,130
488,148
488,164
488,167
488,217
488,244
488,317
488,343
488,362
488,367
488,368
488,372
488,407
488,408
488,413
488,414
488,416
488,422
488,424
488,433
488,450
488,491
488,494
488,506
488,534
488,543
488,556
488,568
488,569
488,573
488,574
488,578
488,622
488,623
488,624
488,681
488,688
488,693
488,701
488,704
488,714
488,715
488,729
488,752
488,817
488,838
488,846
488,891
488,1204
488,1208
488,1506
488,1725
488,1743
488,1751
488,2864
488,3150
488,3208
488,3405
489,424
489,701
489,784
489,1203
489,2141
489,2876
489,3200
490,61
490,365
490,391
490,552
490,1047
490,1079
490,1830
491,17
491,74
491,117
491,225
491,255
491,278
491,285
491,408
491,424
491,530
491,840
491,846
491,1108
491,1389
492,21
492,43
492,45
492,62
492,120
492,125
492,126
492,244
492,315
492,415
492,432
492,464
492,494
492,519
492,520
492,542
492,583
492,584
492,685
492,686
492,689
492,704
492,718
492,726
492,729
492,765
492,774
492,785
492,800
492,923
492,933
492,940
492,945
492,974
492,990
492,999
492,1023
492,1029
492,1069
492,1203
492,1249
492,1251
492,1275
492,1342
492,1357
492,1366
492,1467
492,1635
492,1821
492,1854
492,1869
492,1870
492,1900
492,1901
492,1932
492,2004
492,2005
492,2006
492,2011
492,2077
492,2131
492,2134
492,2410
492,2428
492,2535
492,2931
492,3275
492,3406
492,3407
492,3408
492,3409
492,3410
492,3411
492,3412
492,3413
492,3414
493,123
494,34
494,41
494,44
494,45
494,58
494,119
494,123
494,126
494,296
494,425
494,492
494,498
494,569
494,579
494,580
494,588
494,623
494,630
494,632
494,715
494,771
494,772
494,817
494,847
494,853
494,887
494,892
494,1038
494,1108
495,45
495,126
495,132
495,317
495,408
495,494
495,549
495,727
495,761
495,771
495,817
495,889
495,922
495,1077
495,1565
495,2865
495,3415
495,3416
495,3417
495,3418
496,137
496,270
496,382
496,572
496,625
496,672
496,683
496,874
496,875
496,913
496,916
496,973
496,974
496,990
496,1332
496,1340
496,1399
496,1534
496,1612
496,1771
496,1775
496,1924
496,2118
496,2123
496,2535
496,3074
496,3162
496,3419
496,3420
496,3421
497,7
497,11
497,38
497,57
497,67
497,117
497,121
497,132
497,133
497,255
497,366
497,409
497,420
497,434
497,506
497,534
497,570
497,588
497,591
497,598
497,603
497,626
497,662
497,726
497,746
497,757
497,877
497,938
497,939
497,1052
497,1110
497,1224
497,1410
497,1535
497,1734
497,1811
497,1830
497,2029
497,2952
497,3374
497,3422
497,3423
497,3424
497,3425
497,3426
498,0
498,50
498,60
498,121
498,134
498,141
498,145
498,170
498,180
498,326
498,407
498,415
498,437
498,439
498,447
498,448
498,453
498,462
498,494
498,512
498,524
498,546
498,559
498,584
498,588
498,593
498,604
498,638
498,661
498,669
498,702
498,718
498,730
498,788
498,857
498,933
498,938
498,941
498,951
498,976
498,980
498,994
498,1009
498,1158
498,1203
498,1217
498,1257
498,1266
498,1696
498,1835
498,2392
498,3153
498,3388
498,3427
498,3428
498,3429
499,67
499,132
499,326
499,338
499,348
499,408
499,456
499,709
499,775
499,869
499,967
499,1340
499,2240
500,58
500,128
500,131
500,379
500,391
500,406
500,586
500,591
500,840
500,1078
500,1887
500,2866
500,3343
500,3364
500,3430
500,3431
500,3432
501,1044
502,48
502,170
502,171
502,180
502,259
502,426
502,434
502,436
502,439
502,449
502,704
502,754
502,760
502,801
502,877
502,956
502,957
502,1009
502,1162
502,1566
502,1579
502,1733
502,1851
502,2098
502,2131
502,2392
502,3433
503,34
503,39
503,40
503,125
503,135
503,156
503,167
503,241
503,276
503,370
503,385
503,388
503,408
503,434
503,437
503,519
503,532
503,546
503,551
503,570
503,576
503,646
503,661
503,686
503,726
503,730
503,765
503,770
503,778
503,785
503,825
503,839
503,845
503,882
503,884
503,898
503,924
503,999
503,1003
503,1009
503,1070
503,1077
503,1081
503,1112
503,1166
503,1226
503,1257
503,1266
503,1275
503,1337
503,1342
503,1365
503,1417
503,1620
503,1777
503,1870
503,2007
503,2041
503,2077
503,2133
503,2150
503,2519
503,2535
503,2873
503,2880
503,3136
503,3139
503,3150
503,3236
503,3302
503,3410
504,20
504,22
504,42
504,48
504,67
504,138
504,141
504,154
504,158
504,159
504,170
504,174
504,195
504,267
504,278
504,317
504,369
504,386
504,433
504,439
504,475
504,512
504,518
504,519
504,523
504,556
504,570
504,646
504,671
504,683
504,702
504,775
504,781
504,813
504,869
504,931
504,936
504,942
504,944
504,963
504,989
504,1029
504,1039
504,1052
504,1091
504,1096
504,1117
504,1152
504,1156
504,1205
504,1213
504,1226
504,1327
504,1350
504,1518
504,1737
504,1789
504,1821
504,1852
504,1862
504,1869
504,1920
504,1921
504,2114
504,2121
504,2302
504,2308
504,2336
504,2394
504,2505
504,2511
504,3191
504,3219
504,3434
504,3435
504,3436
504,3437
504,3438
504,3439
504,3440
504,3441
505,23
505,46
505,51
505,60
505,62
505,67
505,69
505,80
505,101
505,104
505,116
505,120
505,126
505,139
505,223
505,244
505,251
505,254
505,296
505,338
505,370
505,380
505,408
505,450
505,504
505,518
505,519
505,523
505,524
505,572
505,576
505,583
505,584
505,587
505,704
505,709
505,713
505,752
505,760
505,852
505,925
505,945
505,1052
505,1069
505,1088
505,1163
505,1225
505,1226
505,1750
505,1882
505,2870
506,18
506,27
506,28
506,30
506,34
506,35
506,37
506,40
506,42
506,44
506,46
506,62
506,65
506,108
506,125
506,126
506,134
506,135
506,139
506,146
506,149
506,164
506,180
506,230
506,234
506,244
506,246
506,253
506,269
506,301
506,343
506,378
506,385
506,388
506,391
506,405
506,407
506,409
506,421
506,422
506,449
506,450
506,457
506,459
506,488
506,497
506,509
506,513
506,548
506,551
506,570
506,576
506,592
506,621
506,629
506,693
506,699
506,709
506,713
506,714
506,716
506,720
506,761
506,824
506,832
506,837
506,838
506,840
506,846
506,852
506,891
506,892
506,944
506,960
506,1009
506,1040
506,1087
506,1096
506,1138
506,1218
506,1223
506,1224
506,1341
506,1355
506,1529
506,1580
506,1775
506,2029
506,2074
506,2533
506,3365
507,63
507,136
507,147
507,148
507,160
507,167
507,170
507,270
507,371
507,379
507,406
507,426
507,449
507,452
507,509
507,523
507,569
507,572
507,825
507,870
507,1006
507,1009
507,1223
507,1514
507,1525
508,20
508,21
508,159
508,386
508,684
508,963
508,1005
508,1146
508,1166
508,1920
508,3442
509,137
509,154
509,157
509,180
509,440
509,507
509,781
509,867
509,954
509,1013
509,1044
509,1088
509,1114
509,1158
509,1223
509,1303
509,1389
509,1596
509,1691
509,1735
509,1751
509,1834
509,2952
509,3296
509,3360
510,6
510,149
510,171
510,172
510,195
510,231
510,406
510,444
510,448
510,452
510,453
510,456
510,460
510,461
510,462
510,518
510,519
510,528
510,584
510,587
510,625
510,668
510,702
510,704
510,712
510,713
510,718
510,729
510,755
510,857
510,863
510,867
510,870
510,871
510,964
510,980
510,989
510,1010
510,1011
510,1018
510,1019
510,1028
510,1029
510,1049
510,1154
510,1158
510,1245
510,1322
510,1331
510,1388
510,1751
510,1800
510,1801
510,2113
510,2297
510,2301
510,3443
510,3444
510,3445
510,3446
511,59
511,140
511,174
511,269
511,429
511,450
511,453
511,496
511,512
511,517
511,546
511,604
511,636
511,671
511,702
511,729
511,775
511,781
511,799
511,845
511,870
511,875
511,923
511,945
511,989
511,1157
511,1223
511,1342
511,1430
511,1586
511,1597
511,3447
511,3448
511,3449
511,3450
512,32
512,60
512,137
512,150
512,157
512,170
512,171
512,381
512,406
512,439
512,453
512,456
512,457
512,498
512,502
512,511
512,524
512,525
512,528
512,587
512,605
512,776
512,959
512,960
512,1018
512,1026
512,1029
512,1048
512,1218
512,1223
512,1561
512,1835
512,2113
512,3309
512,3366
512,3375
512,3451
513,138
513,146
513,452
513,506
513,539
513,801
513,875
513,1006
513,1388
513,1512
513,1588
513,1852
513,1857
513,1905
513,2124
513,2334
513,2400
513,2851
513,3388
513,3452
514,170
514,406
514,957
515,50
515,68
515,154
515,156
515,167
515,170
515,270
515,275
515,326
515,399
515,433
515,453
515,546
515,565
515,584
515,646
515,729
515,755
515,765
515,776
515,831
515,833
515,971
515,1076
515,1132
515,1154
515,1157
515,1158
515,1226
515,1282
515,1293
515,1331
515,1332
515,1337
515,1341
515,1354
515,1358
515,1362
515,1388
515,1404
515,1415
515,1580
515,1589
515,1613
515,1735
515,1747
515,1807
515,1839
515,1873
515,1879
515,1899
515,1910
515,2074
515,2123
515,2269
515,2519
515,2871
515,2945
515,3144
515,3192
516,0
516,68
516,137
516,144
516,154
516,167
516,270
516,456
516,464
516,496
516,514
516,519
516,528
516,537
516,625
516,672
516,682
516,685
516,711
516,729
516,757
516,782
516,867
516,875
516,893
516,949
516,973
516,977
516,980
516,981
516,982
516,983
516,990
516,1010
516,1029
516,1048
516,1096
516,1144
516,1155
516,1173
516,1331
516,1338
516,1346
516,1412
516,1770
516,1771
516,1921
516,1924
516,2014
516,2296
516,2443
516,2531
516,3453
516,3454
516,3455
517,163
517,167
517,168
517,448
517,452
517,461
517,511
517,718
517,781
517,867
517,870
517,1164
517,1210
517,1388
517,1752
517,1852
517,3456
517,3457
518,50
518,60
518,69
518,138
518,141
518,148
518,156
518,157
518,165
518,167
518,171
518,172
518,269
518,371
518,415
518,420
518,428
518,441
518,448
518,449
518,453
518,456
518,462
518,464
518,507
518,510
518,519
518,520
518,521
518,522
518,524
518,570
518,582
518,594
518,629
518,667
518,672
518,718
518,780
518,782
518,790
518,835
518,845
518,857
518,867
518,869
518,870
518,873
518,963
518,1009
518,1013
518,1028
518,1029
518,1030
518,1033
518,1079
518,1088
518,1111
518,1143
518,1146
518,1152
518,1158
518,1167
518,1223
518,1276
518,1391
518,1398
518,1574
518,1596
518,1920
518,2115
518,2118
518,2340
518,2506
518,2513
518,3458
519,0
519,29
519,40
519,41
519,42
519,48
519,60
519,61
519,66
519,141
519,154
519,269
519,323
519,379
519,421
519,424
519,448
519,450
519,453
519,456
519,457
519,461
519,503
519,510
519,514
519,523
519,524
519,528
519,570
519,670
519,671
519,718
519,775
519,787
519,845
519,869
519,871
519,873
519,944
519,962
519,1003
519,1011
519,1015
519,1023
519,1028
519,1029
519,1032
519,1084
519,1088
519,1096
519,1103
519,1213
519,1217
519,1580
519,1831
519,1920
519,2302
519,2513
519,2934
519,3063
520,0
520,35
520,60
520,103
520,120
520,137
520,140
520,149
520,151
520,157
520,163
520,164
520,241
520,267
520,270
520,323
520,381
520,433
520,434
520,438
520,450
520,452
520,475
520,504
520,518
520,523
520,546
520,565
520,628
520,638
520,702
520,711
520,729
520,755
520,765
520,781
520,791
520,827
520,836
520,845
520,870
520,913
520,923
520,932
520,954
520,977
520,981
520,995
520,1024
520,1028
520,1098
520,1149
520,1157
520,1223
520,1331
520,1332
520,1337
520,1345
520,1353
520,1366
520,1395
520,1399
520,1403
520,1416
520,1478
520,1526
520,1553
520,1609
520,1612
520,1776
520,1782
520,1840
520,1921
520,2000
520,2077
520,2131
520,2134
520,2240
520,2410
520,2425
520,2503
520,2521
520,2535
520,2959
520,3146
520,3163
520,3165
520,3459
520,3460
520,3461
520,3462
520,3463
521,42
521,68
521,149
521,452
521,518
521,528
521,873
521,1011
521,1218
521,1412
521,1892
521,2504
521,3184
521,3377
521,3424
522,68
522,140
522,172
522,180
522,348
522,448
522,461
522,502
522,518
522,594
522,711
522,762
522,845
522,867
522,870
522,871
522,945
522,966
522,971
522,989
522,1005
522,1009
522,1014
522,1052
522,1142
522,1146
522,1147
522,1148
522,1152
522,1276
522,1332
522,1390
522,1566
522,1581
522,1598
522,1756
522,1761
522,1852
522,1890
522,1921
522,1999
522,2114
522,2269
522,2398
522,3461
522,3464
522,3465
523,42
523,140
523,147
523,156
523,180
523,371
523,443
523,507
523,519
523,524
523,870
523,960
523,1014
523,1024
523,1218
523,1516
523,1522
523,1525
523,1597
523,1806
523,1808
523,1905
523,2334
523,3183
523,3435
523,3466
524,0
524,13
524,27
524,29
524,32
524,40
524,46
524,50
524,60
524,62
524,68
524,126
524,127
524,134
524,136
524,140
524,141
524,148
524,150
524,164
524,167
524,170
524,172
524,217
524,231
524,234
524,241
524,246
524,265
524,267
524,269
524,305
524,321
524,338
524,374
524,381
524,409
524,412
524,414
524,419
524,421
524,423
524,428
524,432
524,439
524,448
524,449
524,452
524,456
524,459
524,461
524,464
524,498
524,505
524,512
524,518
524,519
524,523
524,526
524,572
524,628
524,629
524,669
524,672
524,689
524,702
524,714
524,718
524,776
524,780
524,790
524,845
524,867
524,869
524,962
524,971
524,1013
524,1014
524,1018
524,1020
524,1023
524,1026
524,1028
524,1029
524,1030
524,1052
524,1107
524,1132
524,1140
524,1158
524,1224
524,1279
524,1322
524,1342
524,1566
524,1586
524,1821
524,1835
524,1866
524,2004
524,2146
524,2302
524,2303
524,2844
524,3189
524,3309
524,3357
524,3392
524,3415
524,3451
524,3467
524,3468
524,3469
525,42
525,168
525,174
525,456
525,463
525,512
525,528
525,778
525,787
525,870
525,1016
525,1243
525,1892
525,2842
525,3384
526,18
526,60
526,426
526,427
526,456
526,457
526,464
526,528
526,718
526,867
526,967
526,1009
526,1019
526,1920
526,2844
526,3185
527,452
527,689
527,760
527,1028
527,1029
527,2057
527,2334
527,3470
528,42
528,60
528,68
528,126
528,141
528,149
528,167
528,448
528,453
528,456
528,460
528,464
528,510
528,512
528,519
528,521
528,525
528,526
528,529
528,530
528,587
528,599
528,670
528,671
528,672
528,718
528,726
528,962
528,989
528,1011
528,1013
528,1014
528,1016
528,1017
528,1018
528,1023
528,1027
528,1028
528,1090
528,1096
528,1246
528,1322
528,1389
528,1391
528,1527
528,1528
528,1530
528,1532
528,1561
528,1803
528,1833
528,2073
528,2118
528,2145
528,2841
528,2842
528,2954
528,2955
528,3351
528,3383
528,3385
528,3392
528,3471
528,3472
528,3473
528,3474
529,8
529,9
529,13
529,69
529,133
529,156
529,260
529,285
529,303
529,431
529,452
529,528
529,535
529,669
529,670
529,671
529,778
529,938
529,989
529,1246
529,2842
529,2930
530,133
530,138
530,139
530,140
530,146
530,157
530,173
530,406
530,432
530,444
530,449
530,459
530,462
530,491
530,669
530,833
530,860
530,923
530,959
530,988
530,1013
530,1014
530,1023
530,1048
530,1160
530,1218
530,1355
530,1595
530,1598
530,1802
530,1813
530,1820
530,1825
530,1828
530,1864
530,1917
530,2955
530,3292
530,3475
530,3476
530,3477
530,3478
530,3479
530,3480
531,24
531,44
531,368
531,418
531,674
532,127
532,163
532,231
532,246
532,433
532,437
532,496
532,503
532,511
532,666
532,686
532,729
532,765
532,774
532,884
532,944
532,989
532,1005
532,1026
532,1029
532,1166
532,1195
532,1332
532,1337
532,1348
532,1350
532,1401
532,1410
532,1436
532,1630
532,1899
532,1910
532,1945
532,2126
532,2130
532,2131
532,2150
532,2385
532,2420
532,2421
532,2425
532,2520
532,3144
532,3304
532,3481
532,3482
532,3483
532,3484
533,16
533,19
533,21
533,29
533,48
533,136
533,180
533,550
533,583
533,594
533,596
533,604
533,605
533,617
533,661
533,668
533,725
533,815
533,824
533,858
533,951
533,957
533,959
533,1003
533,1045
533,1132
533,1221
533,2847
534,11
534,13
534,16
534,21
534,28
534,31
534,36
534,37
534,48
534,95
534,104
534,115
534,128
534,132
534,165
534,191
534,194
534,217
534,221
534,244
534,245
534,253
534,255
534,256
534,274
534,276
534,284
534,292
534,296
534,300
534,304
534,358
534,364
534,367
534,368
534,371
534,372
534,375
534,395
534,397
534,402
534,403
534,409
534,418
534,422
534,497
534,547
534,548
534,576
534,612
534,613
534,617
534,618
534,631
534,653
534,662
534,688
534,698
534,703
534,711
534,740
534,766
534,809
534,810
534,823
534,837
534,909
534,910
534,911
534,1055
534,1068
534,1171
534,1381
534,1511
534,2067
534,2234
534,3283
534,3485
534,3486
534,3487
535,256
535,372
535,408
536,16
536,69
536,121
536,173
536,670
536,948
536,961
536,1221
536,1223
536,1266
536,1830
536,1852
536,2847
536,2952
536,3473
536,3488
536,3489
536,3490
537,16
537,35
537,60
537,155
537,428
537,433
537,437
537,516
537,708
537,791
537,893
537,945
537,956
537,973
537,981
537,1096
537,1146
537,1151
537,1154
537,1157
537,1327
537,1337
537,1340
537,1349
537,1365
537,1410
537,1654
537,1757
537,1763
537,1764
537,1768
537,1770
537,1776
537,1792
537,1830
537,2415
537,3069
537,3491
537,3492
538,225
539,165
539,382
539,513
539,752
539,800
539,831
539,954
539,984
539,1154
539,1257
539,1261
539,1262
539,1263
539,1279
539,1341
539,1367
539,1438
539,1440
539,1446
539,1467
539,1535
539,1754
539,1837
539,1911
539,1948
539,2114
539,2125
539,3023
539,3165
539,3187
539,3314
539,3491
539,3493
539,3494
539,3495
539,3496
540,11
540,14
540,17
540,46
540,64
540,83
540,127
540,228
540,240
540,245
540,268
540,274
540,289
540,308
540,324
540,372
540,375
540,390
540,422
540,746
540,804
540,1068
541,1064
541,2939
541,3497
542,11
542,13
542,14
542,17
542,42
542,74
542,81
542,83
542,85
542,94
542,96
542,111
542,115
542,120
542,121
542,127
542,151
542,217
542,252
542,274
542,277
542,278
542,280
542,284
542,289
542,290
542,315
542,319
542,321
542,349
542,367
542,374
542,375
542,381
542,393
542,488
542,504
542,520
542,547
542,555
542,650
542,671
542,685
542,738
542,756
542,777
542,781
542,902
542,906
542,931
542,970
542,996
542,999
542,1145
542,1201
542,1251
542,1253
542,1271
542,1342
542,1345
542,1350
542,1410
542,1420
542,1421
542,1422
542,1434
542,1458
542,1608
542,1617
542,1623
542,1763
542,1776
542,1842
542,1854
542,1870
542,1900
542,1933
542,2004
542,2009
542,2130
542,2135
542,2223
542,2416
542,2421
542,2426
542,2433
542,2535
542,3142
542,3166
542,3498
542,3499
542,3500
542,3501
542,3502
542,3503
542,3504
542,3505
542,3506
542,3507
542,3508
542,3509
542,3510
542,3511
543,284
543,292
543,375
543,416
543,1068
544,2940
545,9
545,13
545,17
545,28
545,81
545,89
545,220
545,228
545,235
545,236
545,241
545,250
545,252
545,268
545,274
545,276
545,280
545,285
545,288
545,295
545,300
545,302
545,350
545,359
545,362
545,373
545,374
545,466
545,484
545,485
545,543
545,548
545,615
545,621
545,900
545,1054
545,1066
545,1485
545,2185
545,2196
545,2198
546,17
546,35
546,41
546,50
546,55
546,60
546,103
546,105
546,126
546,135
546,144
546,146
546,154
546,163
546,180
546,246
546,270
546,370
546,381
546,415
546,433
546,437
546,461
546,498
546,503
546,511
546,513
546,515
546,516
546,517
546,520
546,522
546,592
546,594
546,622
546,693
546,710
546,717
546,729
546,755
546,756
546,765
546,775
546,831
546,849
546,871
546,874
546,913
546,925
546,927
546,935
546,964
546,966
546,977
546,981
546,984
546,1098
546,1107
546,1144
546,1151
546,1153
546,1157
546,1158
546,1161
546,1202
546,1245
546,1275
546,1278
546,1331
546,1337
546,1346
546,1356
546,1359
546,1361
546,1365
546,1403
546,1404
546,1434
546,1589
546,1601
546,1764
546,1770
546,1775
546,1776
546,1793
546,1958
546,2041
546,2130
546,2237
546,2302
546,2849
546,3068
546,3196
546,3388
546,3512
546,3513
546,3514
546,3515
547,17
547,24
547,34
547,37
547,105
547,128
547,165
547,194
547,213
547,228
547,256
547,284
547,293
547,296
547,326
547,327
547,339
547,350
547,364
547,365
547,368
547,371
547,380
547,399
547,402
547,407
547,441
547,453
547,534
547,542
547,550
547,551
547,617
547,653
547,661
547,749
547,781
547,1341
547,1551
547,1552
547,2111
548,17
548,44
548,48
548,67
548,89
548,127
548,173
548,180
548,217
548,230
548,241
548,253
548,278
548,300
548,402
548,424
548,439
548,453
548,506
548,534
548,563
548,591
548,620
548,800
548,801
548,857
548,947
548,957
548,1009
548,1084
548,1152
548,1201
548,1224
548,1362
548,1369
548,1514
548,1830
548,2442
548,3108
548,3422
548,3516
549,46
549,100
549,108
549,221
549,380
549,535
549,570
549,838
549,1271
549,1570
550,11
550,17
550,40
550,42
550,255
550,289
550,317
550,347
550,365
550,412
550,418
550,533
550,547
550,673
550,677
550,690
550,754
550,1185
550,1252
550,1259
550,1287
550,1293
550,1300
550,1313
550,1319
550,1440
550,1442
550,1476
550,1669
550,1700
550,1954
550,2025
550,2049
550,2051
550,2153
550,2155
550,2465
550,3148
550,3517
550,3518
550,3519
551,17
551,20
551,21
551,24
551,31
551,34
551,37
551,41
551,43
551,44
551,45
551,46
551,65
551,95
551,108
551,118
551,123
551,126
551,128
551,135
551,167
551,193
551,213
551,234
551,244
551,253
551,255
551,292
551,296
551,343
551,372
551,391
551,405
551,407
551,408
551,413
551,414
551,418
551,420
551,422
551,424
551,461
551,489
551,492
551,494
551,506
551,547
551,552
551,558
551,568
551,569
551,572
551,573
551,574
551,576
551,579
551,580
551,588
551,617
551,623
551,624
551,630
551,632
551,633
551,671
551,689
551,690
551,701
551,704
551,709
551,713
551,715
551,724
551,725
551,749
551,752
551,754
551,757
551,759
551,769
551,771
551,772
551,784
551,787
551,788
551,815
551,817
551,838
551,841
551,845
551,847
551,848
551,891
551,892
551,915
551,917
551,921
551,922
551,925
551,928
551,1071
551,1077
551,1088
551,1098
551,1270
551,1272
551,1386
551,2053
551,2140
551,2178
551,2187
551,2213
551,2222
551,2390
551,2864
551,3151
551,3200
551,3282
551,3287
551,3293
551,3520
551,3521
552,58
552,67
552,256
552,365
552,379
552,426
552,431
552,703
552,852
552,1109
552,1162
552,1274
552,1492
552,1554
552,1720
552,2848
552,3522
552,3523
552,3524
553,83
553,91
553,99
553,104
553,191
553,192
553,194
553,217
553,226
553,239
553,255
553,265
553,301
553,310
553,316
553,335
553,386
553,387
553,2139
553,2231
554,755
555,30
555,92
555,293
555,324
555,327
555,542
555,777
555,1069
555,1096
555,2482
555,2659
555,2694
555,3223
555,3525
555,3526
556,36
556,38
556,65
556,128
556,132
556,194
556,221
556,256
556,313
556,317
556,339
556,371
556,399
556,409
556,418
556,422
556,450
556,617
556,628
556,688
556,703
556,748
556,809
556,3527
556,3528
557,13
557,36
557,37
557,40
557,46
557,48
557,65
557,81
557,94
557,95
557,104
557,118
557,165
557,193
557,200
557,228
557,246
557,275
557,276
557,284
557,289
557,307
557,353
557,358
557,363
557,364
557,367
557,378
557,391
557,393
557,395
557,398
557,401
557,402
557,407
557,416
557,422
557,450
557,461
557,556
557,612
557,617
557,625
557,653
557,687
557,688
557,693
557,694
557,703
557,716
557,730
557,747
557,749
557,756
557,764
557,829
557,843
557,877
557,886
557,1068
557,1098
557,1201
557,1381
557,1720
557,2876
558,18
558,65
558,95
558,128
558,132
558,288
558,293
558,351
558,367
558,411
558,450
558,551
558,592
558,600
558,840
558,892
558,911
558,1728
559,40
559,44
559,49
559,51
559,61
559,62
559,64
559,65
559,108
559,119
559,125
559,128
559,132
559,180
559,244
559,255
559,256
559,296
559,317
559,368
559,408
559,424
559,450
559,494
559,498
559,556
559,576
559,583
559,594
559,623
559,688
559,700
559,701
559,715
559,824
559,834
559,841
559,885
559,891
559,892
559,915
559,928
559,933
559,1071
559,1204
559,1217
559,1557
559,2029
559,2037
559,2865
559,3155
559,3521
559,3529
559,3530
559,3531
560,556
560,750
560,815
561,406
562,673
563,6
563,60
563,156
563,171
563,409
563,448
563,461
563,946
563,987
563,1012
563,1018
563,1098
563,1264
563,1305
563,1852
563,2031
563,2114
563,3532
564,364
564,372
564,618
564,776
565,18
565,103
565,135
565,165
565,246
565,433
565,453
565,455
565,459
565,515
565,520
565,592
565,604
565,646
565,683
565,791
565,831
565,843
565,844
565,863
565,945
565,1009
565,1144
565,1151
565,1202
565,1210
565,1268
565,1350
565,1456
565,1580
565,1602
565,1839
565,1885
565,2296
565,2402
565,2519
565,3068
565,3365
565,3533
566,18
566,47
566,67
566,97
566,101
566,105
566,128
566,172
566,201
566,243
566,269
566,287
566,323
566,326
566,332
566,348
566,352
566,404
566,405
566,411
566,493
566,570
566,582
566,620
566,641
566,672
566,688
566,732
566,745
566,755
566,760
566,781
566,800
566,847
566,882
566,894
566,906
566,918
566,965
566,1007
566,1009
566,1019
566,1033
566,1079
566,1107
566,1198
566,1217
566,1224
566,1240
566,1244
566,1261
566,1262
566,1266
566,1273
566,1285
566,1287
566,1289
566,1292
566,1294
566,1295
566,1296
566,1298
566,1302
566,1304
566,1307
566,1314
566,1315
566,1319
566,1380
566,1389
566,1403
566,1409
566,1417
566,1422
566,1424
566,1425
566,1432
566,1433
566,1443
566,1449
566,1459
566,1461
566,1466
566,1469
566,1484
566,1537
566,1539
566,1541
566,1571
566,1574
566,1589
566,1614
566,1644
566,1646
566,1647
566,1662
566,1664
566,1667
566,1673
566,1676
566,1685
566,1688
566,1689
566,1696
566,1705
566,1709
566,1713
566,1717
566,1733
566,1738
566,1743
566,1772
566,1827
566,1838
566,1896
566,1921
566,1925
566,1927
566,1928
566,1941
566,1947
566,1953
566,1954
566,1956
566,1963
566,1968
566,1970
566,1975
566,1976
566,1978
566,1987
566,1990
566,1993
566,1995
566,2010
566,2021
566,2041
566,2079
566,2089
566,2090
566,2091
566,2093
566,2109
566,2149
566,2153
566,2159
566,2164
566,2165
566,2172
566,2174
566,2190
566,2202
566,2247
566,2248
566,2249
566,2250
566,2251
566,2252
566,2258
566,2259
566,2262
566,2269
566,2270
566,2271
566,2278
566,2279
566,2280
566,2288
566,2294
566,2310
566,2313
566,2316
566,2319
566,2321
566,2323
566,2324
566,2326
566,2327
566,2328
566,2330
566,2344
566,2347
566,2349
566,2352
566,2354
566,2355
566,2356
566,2358
566,2359
566,2362
566,2367
566,2369
566,2372
566,2373
566,2374
566,2399
566,2450
566,2456
566,2476
566,2477
566,2480
566,2482
566,2483
566,2484
566,2485
566,2489
566,2533
566,2546
566,2556
566,2560
566,2562
566,2568
566,2575
566,2579
566,2582
566,2592
566,2596
566,2602
566,2605
566,2608
566,2611
566,2613
566,2614
566,2618
566,2619
566,2621
566,2623
566,2625
566,2626
566,2631
566,2642
566,2645
566,2646
566,2647
566,2648
566,2650
566,2651
566,2655
566,2660
566,2661
566,2663
566,2665
566,2669
566,2671
566,2672
566,2674
566,2677
566,2679
566,2680
566,2682
566,2688
566,2689
566,2690
566,2692
566,2693
566,2694
566,2697
566,2703
566,2704
566,2705
566,2706
566,2709
566,2715
566,2717
566,2720
566,2722
566,2723
566,2725
566,2726
566,2727
566,2728
566,2730
566,2731
566,2735
566,2737
566,2739
566,2740
566,2741
566,2743
566,2744
566,2746
566,2749
566,2757
566,2758
566,2759
566,2760
566,2762
566,2763
566,2764
566,2765
566,2769
566,2771
566,2772
566,2774
566,2777
566,2778
566,2780
566,2781
566,2782
566,2784
566,2785
566,2788
566,2793
566,2794
566,2796
566,2797
566,2800
566,2801
566,2802
566,2804
566,2806
566,2807
566,2809
566,2811
566,2812
566,2814
566,2816
566,2817
566,2818
566,2825
566,2827
566,2828
566,2830
566,2832
566,2834
566,2835
566,2836
566,2837
566,2838
566,2840
566,2849
566,2877
566,2884
566,2887
566,2891
566,2898
566,2915
566,2924
566,2975
566,2977
566,2985
566,2986
566,3000
566,3004
566,3010
566,3012
566,3016
566,3026
566,3027
566,3031
566,3036
566,3040
566,3042
566,3043
566,3048
566,3053
566,3054
566,3057
566,3059
566,3086
566,3087
566,3093
566,3095
566,3096
566,3098
566,3100
566,3101
566,3118
566,3121
566,3197
566,3214
566,3218
566,3222
566,3225
566,3227
566,3228
566,3229
566,3240
566,3241
566,3249
566,3250
566,3254
566,3264
566,3314
566,3322
566,3323
566,3329
566,3534
566,3535
566,3536
566,3537
566,3538
566,3539
566,3540
566,3541
566,3542
566,3543
566,3544
566,3545
566,3546
566,3547
566,3548
566,3549
566,3550
566,3551
566,3552
566,3553
566,3554
566,3555
566,3556
566,3557
566,3558
566,3559
566,3560
566,3561
566,3562
566,3563
566,3564
566,3565
566,3566
566,3567
566,3568
566,3569
566,3570
566,3571
566,3572
566,3573
566,3574
566,3575
566,3576
566,3577
566,3578
566,3579
566,3580
566,3581
566,3582
566,3583
566,3584
566,3585
566,3586
566,3587
566,3588
566,3589
566,3590
566,3591
566,3592
566,3593
566,3594
566,3595
566,3596
566,3597
566,3598
566,3599
566,3600
566,3601
566,3602
566,3603
566,3604
566,3605
566,3606
566,3607
566,3608
566,3609
566,3610
566,3611
566,3612
566,3613
566,3614
566,3615
566,3616
566,3617
566,3618
566,3619
566,3620
566,3621
566,3622
566,3623
566,3624
566,3625
566,3626
566,3627
566,3628
566,3629
566,3630
566,3631
566,3632
566,3633
566,3634
566,3635
566,3636
566,3637
566,3638
566,3639
566,3640
566,3641
566,3642
566,3643
566,3644
566,3645
566,3646
566,3647
566,3648
566,3649
566,3650
566,3651
566,3652
566,3653
566,3654
566,3655
566,3656
566,3657
566,3658
566,3659
566,3660
566,3661
566,3662
566,3663
566,3664
566,3665
566,3666
566,3667
566,3668
566,3669
566,3670
566,3671
566,3672
566,3673
566,3674
566,3675
566,3676
566,3677
566,3678
566,3679
566,3680
566,3681
566,3682
566,3683
566,3684
566,3685
566,3686
566,3687
566,3688
566,3689
566,3690
566,3691
566,3692
566,3693
566,3694
566,3695
566,3696
566,3697
566,3698
566,3699
566,3700
566,3701
566,3702
566,3703
566,3704
566,3705
566,3706
566,3707
566,3708
566,3709
566,3710
566,3711
566,3712
566,3713
566,3714
566,3715
566,3716
566,3717
566,3718
566,3719
566,3720
566,3721
566,3722
566,3723
566,3724
566,3725
566,3726
566,3727
566,3728
566,3729
566,3730
566,3731
566,3732
566,3733
566,3734
566,3735
566,3736
566,3737
566,3738
566,3739
566,3740
566,3741
566,3742
566,3743
566,3744
566,3745
566,3746
566,3747
566,3748
566,3749
566,3750
566,3751
566,3752
566,3753
566,3754
566,3755
566,3756
566,3757
566,3758
566,3759
567,3760
568,27
568,29
568,132
568,230
568,401
568,420
568,617
568,824
568,2934
569,24
569,34
569,42
569,276
569,405
569,413
569,414
569,423
569,494
569,551
569,622
569,713
569,749
569,772
569,783
569,813
569,821
569,1073
569,1075
569,1966
569,2053
570,8
570,10
570,14
570,15
570,16
570,18
570,22
570,24
570,29
570,31
570,34
570,36
570,37
570,39
570,41
570,44
570,46
570,48
570,56
570,61
570,62
570,64
570,66
570,69
570,74
570,80
570,81
570,89
570,90
570,94
570,110
570,111
570,120
570,125
570,128
570,132
570,134
570,149
570,150
570,180
570,184
570,215
570,220
570,229
570,234
570,235
570,244
570,245
570,250
570,253
570,269
570,272
570,274
570,276
570,293
570,317
570,321
570,323
570,336
570,337
570,338
570,342
570,362
570,368
570,369
570,372
570,374
570,379
570,404
570,408
570,409
570,412
570,413
570,414
570,420
570,421
570,428
570,432
570,433
570,441
570,448
570,452
570,461
570,466
570,485
570,492
570,494
570,497
570,500
570,503
570,506
570,507
570,518
570,519
570,520
570,545
570,547
570,548
570,549
570,555
570,568
570,573
570,574
570,578
570,583
570,584
570,585
570,591
570,611
570,615
570,621
570,622
570,623
570,628
570,629
570,661
570,667
570,689
570,693
570,699
570,701
570,704
570,709
570,711
570,712
570,714
570,727
570,730
570,732
570,760
570,815
570,816
570,820
570,827
570,834
570,838
570,840
570,846
570,877
570,882
570,900
570,925
570,929
570,937
570,938
570,941
570,961
570,987
570,999
570,1005
570,1024
570,1052
570,1055
570,1069
570,1071
570,1094
570,1110
570,1122
570,1134
570,1166
570,1205
570,1217
570,1266
570,1276
570,1488
570,1491
570,1506
570,1522
570,1558
570,1578
570,1725
570,1734
570,1887
570,1917
570,2527
570,2865
570,3064
570,3761
570,3762
571,420
571,623
571,632
571,1736
572,14
572,16
572,18
572,27
572,28
572,29
572,30
572,31
572,34
572,36
572,37
572,40
572,41
572,42
572,44
572,45
572,46
572,48
572,62
572,64
572,65
572,80
572,94
572,95
572,100
572,104
572,115
572,120
572,128
572,130
572,167
572,184
572,221
572,234
572,246
572,255
572,256
572,267
572,274
572,287
572,343
572,352
572,367
572,368
572,369
572,370
572,371
572,380
572,385
572,388
572,400
572,402
572,405
572,408
572,409
572,410
572,411
572,413
572,421
572,422
572,423
572,424
572,429
572,431
572,435
572,487
572,488
572,504
572,505
572,506
572,507
572,519
572,534
572,547
572,551
572,552
572,556
572,557
572,558
572,569
572,573
572,577
572,578
572,588
572,612
572,623
572,624
572,628
572,631
572,637
572,679
572,687
572,688
572,692
572,700
572,704
572,705
572,706
572,709
572,714
572,716
572,736
572,745
572,758
572,759
572,760
572,768
572,770
572,812
572,819
572,821
572,832
572,833
572,840
572,843
572,845
572,846
572,861
572,908
572,911
572,917
572,948
572,980
572,1058
572,1155
572,1272
572,1337
572,1362
572,1506
572,1552
572,1718
572,1720
572,1728
572,2331
572,2845
573,20
573,21
573,24
573,27
573,28
573,29
573,30
573,31
573,36
573,37
573,41
573,46
573,61
573,64
573,65
573,74
573,77
573,80
573,83
573,85
573,125
573,186
573,191
573,194
573,200
573,226
573,237
573,246
573,264
573,274
573,276
573,296
573,300
573,322
573,329
573,339
573,358
573,368
573,372
573,374
573,391
573,395
573,402
573,407
573,413
573,418
573,420
573,424
573,426
573,488
573,551
573,575
573,578
573,621
573,622
573,626
573,659
573,689
573,690
573,694
573,724
573,740
573,747
573,756
573,758
573,760
573,768
573,846
573,851
573,1076
573,1179
573,1201
573,1877
574,10
574,15
574,18
574,28
574,30
574,34
574,37
574,41
574,61
574,62
574,74
574,94
574,135
574,234
574,236
574,241
574,249
574,250
574,255
574,265
574,272
574,276
574,277
574,278
574,280
574,300
574,308
574,321
574,336
574,338
574,421
574,426
574,428
574,476
574,485
574,488
574,551
574,570
574,584
574,594
574,617
574,622
574,705
574,709
574,714
574,756
574,760
574,877
574,900
574,943
574,959
574,1040
574,1542
575,577
575,632
575,768
575,3763
576,62
576,96
576,125
576,235
576,342
576,362
576,379
576,380
576,407
576,416
576,421
576,489
576,503
576,505
576,506
576,534
576,551
576,583
576,592
576,620
576,653
576,700
576,709
576,716
576,796
576,863
576,942
576,1073
576,1272
576,1274
576,1580
576,3764
577,575
578,21
578,24
578,27
578,29
578,34
578,37
578,40
578,41
578,44
578,46
578,60
578,62
578,64
578,81
578,123
578,125
578,128
578,130
578,135
578,171
578,234
578,253
578,276
578,289
578,292
578,293
578,296
578,300
578,317
578,353
578,364
578,365
578,391
578,398
578,404
578,407
578,411
578,416
578,421
578,422
578,423
578,424
578,426
578,428
578,441
578,488
578,492
578,493
578,500
578,551
578,573
578,617
578,629
578,653
578,668
578,693
578,696
578,701
578,705
578,709
578,749
578,754
578,755
578,758
578,784
578,788
578,818
578,821
578,837
578,838
578,840
578,847
578,851
578,853
578,1221
578,1272
578,1557
578,1858
578,1937
579,494
579,580
579,847
579,3442
580,58
580,406
580,425
580,494
580,579
580,687
580,758
580,834
580,853
580,1039
581,18
581,502
582,128
582,180
582,270
582,365
582,379
582,407
582,518
582,552
582,593
582,604
582,605
582,662
582,709
582,850
582,862
582,877
582,924
582,957
582,1009
582,1044
582,1088
582,1266
582,1374
582,1491
582,1904
582,1916
582,2056
582,2101
582,2848
582,3765
582,3766
582,3767
583,51
583,121
583,134
583,317
583,428
583,432
583,441
583,452
583,453
583,492
583,533
583,576
583,787
583,930
583,938
583,1008
583,1032
583,1071
583,1088
583,1732
583,2527
584,18
584,21
584,28
584,41
584,42
584,58
584,61
584,64
584,120
584,132
584,133
584,157
584,170
584,326
584,369
584,380
584,432
584,439
584,441
584,449
584,450
584,492
584,498
584,515
584,570
584,574
584,588
584,594
584,605
584,617
584,618
584,620
584,653
584,711
584,713
584,788
584,825
584,838
584,845
584,858
584,922
584,929
584,957
584,960
584,987
584,1009
584,1088
584,1223
584,1224
584,1241
584,1355
584,1388
584,1748
584,1919
584,2058
584,2285
585,58
586,58
586,66
586,500
586,3288
587,408
587,439
587,490
587,512
587,669
587,1331
587,1892
588,18
588,28
588,31
588,37
588,41
588,44
588,45
588,46
588,50
588,118
588,121
588,125
588,133
588,135
588,140
588,149
588,150
588,374
588,385
588,391
588,407
588,411
588,413
588,415
588,423
588,424
588,438
588,450
588,453
588,494
588,497
588,498
588,551
588,556
588,560
588,572
588,584
588,592
588,596
588,604
588,621
588,689
588,693
588,699
588,704
588,713
588,717
588,718
588,725
588,730
588,749
588,754
588,756
588,770
588,772
588,787
588,815
588,821
588,824
588,833
588,839
588,846
588,848
588,851
588,857
588,924
588,938
588,954
588,956
588,957
588,960
588,1006
588,1009
588,1048
588,1052
588,1087
588,1088
588,1096
588,1106
588,1111
588,1122
588,1132
588,1208
588,1214
588,1221
588,1224
588,1266
588,1387
588,1571
588,1574
588,1581
588,1586
588,1740
588,1799
588,2515
588,3106
588,3280
588,3309
588,3423
588,3768
588,3769
589,3432
590,604
590,605
590,1916
591,0
591,18
591,42
591,48
591,66
591,67
591,128
591,129
591,180
591,256
591,364
591,497
591,500
591,548
591,552
591,570
591,593
591,601
591,623
591,807
591,847
591,848
591,948
591,955
591,1045
591,1047
591,1052
591,1069
591,1084
591,1103
591,1110
591,1119
591,1208
591,1274
591,1342
591,1490
591,1491
591,1522
591,1562
591,2392
591,3770
591,3771
591,3772
591,3773
592,0
592,3
592,18
592,31
592,34
592,61
592,65
592,66
592,68
592,89
592,100
592,125
592,132
592,134
592,135
592,146
592,154
592,167
592,180
592,231
592,234
592,253
592,254
592,255
592,287
592,369
592,385
592,386
592,388
592,391
592,407
592,428
592,433
592,435
592,438
592,452
592,453
592,459
592,461
592,462
592,466
592,506
592,546
592,558
592,565
592,572
592,576
592,588
592,629
592,631
592,633
592,688
592,699
592,702
592,713
592,716
592,718
592,730
592,780
592,782
592,801
592,806
592,831
592,832
592,833
592,843
592,863
592,892
592,913
592,922
592,938
592,949
592,993
592,1009
592,1012
592,1023
592,1030
592,1040
592,1049
592,1108
592,1140
592,1164
592,1210
592,1273
592,1277
592,1392
592,1569
592,1580
592,1588
592,1705
592,2074
592,2167
592,2302
592,2384
592,2415
592,3062
592,3179
593,0
593,121
593,379
593,442
593,498
593,591
593,601
593,605
593,1044
593,1052
593,1221
593,1851
593,3774
594,60
594,61
594,68
594,69
594,132
594,144
594,180
594,362
594,365
594,423
594,432
594,522
594,533
594,546
594,574
594,584
594,599
594,605
594,762
594,772
594,775
594,780
594,782
594,807
594,845
594,847
594,860
594,935
594,949
594,957
594,966
594,1052
594,1146
594,1207
594,1223
594,1224
594,1274
594,1276
594,1388
594,1453
594,1756
594,1775
594,1852
594,1999
594,2062
594,2306
594,2868
594,3447
595,1006
595,1049
595,2117
596,63
596,533
597,18
597,21
597,599
597,1210
597,1217
597,1693
597,1952
597,1970
597,1978
597,2176
597,2585
597,3088
597,3296
597,3342
597,3564
597,3775
597,3776
597,3777
598,192
598,957
598,3778
599,18
599,45
599,61
599,399
599,435
599,584
599,594
599,597
599,629
599,1052
599,1108
599,1438
599,3467
599,3779
600,18
600,378
600,462
600,601
600,623
600,624
600,689
600,709
600,715
600,938
600,1086
600,1122
600,1134
600,1224
600,1820
600,1917
600,2952
601,18
601,27
601,48
601,58
601,121
601,150
601,286
601,415
601,432
601,530
601,600
601,845
601,1003
601,1069
601,1341
601,1574
601,2392
602,18
602,936
602,1734
603,18
603,497
603,3780
604,18
604,60
604,65
604,125
604,128
604,149
604,153
604,161
604,180
604,269
604,365
604,399
604,432
604,435
604,439
604,442
604,447
604,449
604,451
604,453
604,498
604,533
604,548
604,565
604,582
604,588
604,590
604,606
604,628
604,633
604,660
604,661
604,689
604,702
604,713
604,718
604,824
604,857
604,877
604,911
604,938
604,957
604,960
604,1009
604,1018
604,1044
604,1094
604,1108
604,1132
604,1158
604,1160
604,1221
604,1224
604,1341
604,1387
604,1392
604,1453
604,1574
604,1580
604,1740
604,2061
604,2074
604,3296
604,3467
604,3781
605,66
605,67
605,136
605,146
605,256
605,399
605,426
605,449
605,512
605,533
605,584
605,590
605,593
605,594
605,801
605,858
605,986
605,1009
605,1024
605,1044
605,1110
605,1163
605,1221
605,1388
605,1586
605,1735
605,1785
605,1803
605,2510
605,3063
606,604
606,1044
607,19
607,181
607,293
607,294
607,610
608,294
609,5
609,19
609,75
609,85
609,90
609,181
609,188
609,194
609,200
609,214
609,225
609,226
609,239
609,240
609,250
609,253
609,254
609,265
609,295
609,300
609,319
609,336
609,337
609,484
610,186
611,27
611,28
611,34
611,36
611,67
611,123
611,231
611,249
611,386
611,405
611,421
611,422
611,432
611,437
611,441
611,452
611,453
611,570
611,622
611,638
611,693
611,747
611,749
611,758
611,760
611,768
611,772
611,829
611,831
611,840
611,851
611,938
611,954
611,1030
611,1144
611,1341
611,1491
611,1582
611,2070
611,2141
612,256
612,688
612,828
613,221
614,3782
615,9
615,10
615,12
615,15
615,19
615,24
615,27
615,28
615,29
615,34
615,36
615,37
615,39
615,41
615,44
615,64
615,67
615,74
615,83
615,108
615,120
615,127
615,132
615,165
615,191
615,213
615,220
615,227
615,228
615,230
615,234
615,235
615,243
615,245
615,254
615,265
615,268
615,272
615,277
615,278
615,289
615,292
615,300
615,302
615,314
615,321
615,336
615,338
615,342
615,350
615,351
615,365
615,368
615,369
615,380
615,385
615,396
615,402
615,404
615,409
615,411
615,414
615,421
615,422
615,441
615,461
615,484
615,485
615,543
615,545
615,550
615,570
615,617
615,627
615,656
615,677
615,702
615,716
615,717
615,722
615,750
615,756
615,765
615,813
615,884
615,1058
615,1095
615,1382
615,1510
616,339
616,1203
617,16
617,19
617,21
617,24
617,26
617,27
617,29
617,31
617,34
617,36
617,37
617,39
617,40
617,41
617,44
617,46
617,52
617,62
617,64
617,81
617,105
617,107
617,108
617,118
617,119
617,120
617,121
617,125
617,126
617,128
617,153
617,184
617,193
617,217
617,225
617,230
617,231
617,234
617,239
617,244
617,245
617,250
617,252
617,253
617,274
617,284
617,289
617,290
617,296
617,300
617,316
617,317
617,319
617,321
617,327
617,339
617,347
617,350
617,359
617,362
617,364
617,368
617,371
617,372
617,373
617,374
617,378
617,380
617,385
617,390
617,394
617,395
617,402
617,407
617,408
617,411
617,412
617,413
617,418
617,420
617,421
617,422
617,423
617,424
617,426
617,441
617,461
617,466
617,472
617,494
617,533
617,534
617,543
617,545
617,547
617,551
617,556
617,568
617,569
617,571
617,573
617,574
617,575
617,577
617,578
617,580
617,584
617,623
617,626
617,673
617,681
617,688
617,690
617,693
617,697
617,701
617,707
617,709
617,714
617,715
617,723
617,725
617,730
617,740
617,747
617,749
617,756
617,757
617,758
617,759
617,760
617,766
617,768
617,771
617,804
617,828
617,832
617,840
617,841
617,846
617,851
617,880
617,892
617,897
617,938
617,1062
617,1063
617,1068
617,1069
617,1076
617,1116
617,1217
617,1233
617,1270
617,1380
617,1381
617,1505
617,1552
617,1798
617,1877
617,2067
617,2105
617,2185
617,2199
617,2934
617,3069
617,3106
617,3107
617,3150
617,3285
617,3287
617,3372
617,3783
617,3784
617,3785
617,3786
618,31
618,128
618,165
618,372
618,380
618,450
618,534
618,535
618,564
618,584
618,653
618,750
618,766
618,777
618,1068
618,3787
619,364
619,418
619,753
619,878
620,256
620,584
620,619
620,3784
621,44
621,62
621,165
621,194
621,388
621,411
621,413
621,420
621,506
621,545
621,570
621,573
621,588
621,713
621,746
621,749
621,757
621,760
621,1676
621,2234
622,19
622,41
622,45
622,46
622,126
622,276
622,426
622,428
622,488
622,546
622,569
622,573
622,574
622,575
622,611
622,623
622,847
622,980
622,1107
622,1915
622,2187
622,3788
623,20
623,45
623,62
623,67
623,117
623,296
623,494
623,551
623,600
623,622
623,632
623,891
623,1038
623,1088
624,19
624,41
624,600
625,20
625,60
625,137
625,144
625,154
625,171
625,255
625,269
625,290
625,296
625,324
625,370
625,374
625,448
625,462
625,496
625,510
625,516
625,594
625,689
625,779
625,935
625,944
625,949
625,954
625,980
625,984
625,1005
625,1018
625,1027
625,1028
625,1029
625,1049
625,1344
625,1734
625,1751
625,1820
625,1999
625,2235
625,2299
625,2335
625,2443
625,3292
626,7
626,15
626,20
626,94
626,110
626,120
626,220
626,228
626,229
626,230
626,236
626,241
626,272
626,274
626,284
626,285
626,289
626,326
626,342
626,360
626,364
626,368
626,497
626,535
626,547
626,573
626,617
626,631
626,754
626,1718
627,30
627,351
627,388
627,402
627,413
628,20
628,26
628,30
628,37
628,103
628,134
628,150
628,171
628,195
628,221
628,292
628,300
628,362
628,367
628,378
628,386
628,398
628,402
628,410
628,411
628,422
628,428
628,429
628,520
628,524
628,556
628,572
628,605
628,636
628,638
628,664
628,685
628,711
628,745
628,747
628,765
628,782
628,823
628,831
628,913
628,964
628,973
628,976
628,977
628,982
628,995
628,1005
628,1009
628,1026
628,1029
628,1096
628,1104
628,1152
628,1322
628,1358
628,1366
628,1464
628,1613
628,1783
628,1873
628,2147
628,2240
628,2302
628,2385
628,2402
628,3160
628,3176
628,3789
628,3790
628,3791
628,3792
629,19
629,20
629,66
629,67
629,125
629,234
629,258
629,296
629,365
629,368
629,391
629,402
629,407
629,415
629,422
629,431
629,578
629,594
629,653
629,689
629,699
629,708
629,711
629,741
629,749
629,843
629,938
629,1032
629,1081
629,1110
629,1111
629,1273
629,1562
629,1572
629,1574
629,2393
629,3063
630,20
630,41
630,44
630,65
630,407
630,416
630,494
630,704
630,771
630,773
630,837
630,1046
630,1331
631,11
631,20
631,31
631,45
631,65
631,255
631,375
631,395
631,409
631,420
631,534
631,572
631,688
631,784
631,840
631,1073
631,1203
631,3204
632,37
632,44
632,426
632,494
632,571
632,575
632,622
632,623
632,692
632,705
632,724
632,760
632,772
632,788
632,844
632,847
632,1074
633,62
633,68
633,291
633,407
633,416
633,532
633,551
633,729
633,886
633,995
633,1086
633,1150
633,1254
633,1337
633,1413
633,1840
633,1934
633,2188
633,3793
634,20
635,370
635,464
635,795
635,796
635,1012
635,1201
635,1323
635,1546
635,1566
635,1582
635,2528
635,3794
635,3795
635,3796
636,55
636,103
636,137
636,437
636,475
636,511
636,628
636,638
636,639
636,685
636,781
636,800
636,831
636,923
636,949
636,976
636,981
636,995
636,1144
636,1146
636,1156
636,1157
636,1202
636,1332
636,1337
636,1346
636,1348
636,1366
636,1442
636,1447
636,1515
636,1566
636,1632
636,1760
636,1869
636,1901
636,1913
636,1920
636,2000
636,2011
636,2021
636,2047
636,2301
636,2410
636,2518
636,2535
636,2916
636,2958
636,3303
636,3434
636,3450
636,3536
636,3797
636,3798
636,3799
636,3800
636,3801
636,3802
636,3803
636,3804
637,3
637,68
637,154
637,164
637,171
637,348
637,385
637,388
637,396
637,399
637,453
637,466
637,599
637,671
637,702
637,760
637,789
637,831
637,845
637,863
637,926
637,949
637,971
637,1024
637,1132
637,1138
637,1140
637,1154
637,1158
637,1208
637,1247
637,1341
637,1362
637,1403
637,1577
637,1580
637,1901
637,1918
637,2074
637,2240
637,2299
637,2519
637,2920
637,3139
637,3805
637,3806
637,3807
637,3808
637,3809
637,3810
638,3
638,18
638,26
638,43
638,59
638,60
638,62
638,66
638,100
638,103
638,105
638,121
638,135
638,137
638,138
638,141
638,146
638,149
638,153
638,157
638,160
638,167
638,173
638,174
638,195
638,257
638,269
638,326
638,332
638,408
638,428
638,430
638,432
638,433
638,434
638,435
638,437
638,443
638,445
638,453
638,456
638,457
638,459
638,463
638,475
638,494
638,496
638,498
638,499
638,502
638,509
638,510
638,511
638,516
638,520
638,526
638,528
638,566
638,583
638,587
638,592
638,593
638,601
638,604
638,606
638,611
638,625
638,628
638,636
638,637
638,662
638,672
638,680
638,681
638,683
638,685
638,699
638,708
638,711
638,729
638,765
638,775
638,780
638,782
638,796
638,801
638,831
638,834
638,845
638,855
638,857
638,861
638,867
638,874
638,875
638,898
638,913
638,916
638,938
638,940
638,944
638,945
638,949
638,955
638,964
638,965
638,971
638,972
638,973
638,974
638,976
638,977
638,980
638,981
638,985
638,988
638,989
638,990
638,1009
638,1010
638,1012
638,1017
638,1018
638,1019
638,1023
638,1024
638,1026
638,1027
638,1028
638,1029
638,1030
638,1052
638,1061
638,1098
638,1144
638,1145
638,1146
638,1155
638,1158
638,1161
638,1163
638,1166
638,1167
638,1223
638,1224
638,1245
638,1246
638,1266
638,1273
638,1276
638,1278
638,1280
638,1281
638,1331
638,1333
638,1337
638,1339
638,1341
638,1342
638,1346
638,1348
638,1350
638,1353
638,1354
638,1356
638,1362
638,1365
638,1369
638,1378
638,1389
638,1398
638,1402
638,1403
638,1447
638,1453
638,1456
638,1491
638,1514
638,1577
638,1579
638,1580
638,1588
638,1601
638,1606
638,1740
638,1746
638,1749
638,1751
638,1753
638,1754
638,1756
638,1768
638,1769
638,1771
638,1772
638,1773
638,1775
638,1796
638,1799
638,1806
638,1852
638,1854
638,1860
638,1866
638,1879
638,1880
638,1921
638,1926
638,1937
638,2069
638,2070
638,2113
638,2114
638,2124
638,2146
638,2240
638,2269
638,2299
638,2300
638,2336
638,2392
638,2394
638,2400
638,2525
638,2535
638,2782
638,2843
638,2860
638,2909
638,2956
638,3069
638,3195
638,3214
638,3311
638,3312
638,3355
638,3421
638,3453
638,3488
638,3492
638,3514
638,3789
638,3811
638,3812
638,3813
638,3814
638,3815
638,3816
638,3817
638,3818
638,3819
638,3820
639,291
639,636
639,684
639,990
639,1348
639,1353
639,1407
639,3136
639,3454
640,684
640,1344
640,1345
640,1361
640,1534
640,1613
640,1778
640,3136
640,3809
641,923
641,1007
641,1155
641,1244
641,1361
641,1436
641,1461
641,1463
641,1599
641,1896
641,1952
641,2004
641,2352
641,2356
641,2368
641,2488
641,2644
641,2703
641,2719
641,2720
641,2727
641,2754
641,2761
641,2766
641,2774
641,2777
641,2784
641,2785
641,2898
641,3232
641,3263
641,3615
641,3640
641,3646
641,3734
641,3821
641,3822
641,3823
641,3824
641,3825
641,3826
641,3827
641,3828
641,3829
641,3830
641,3831
642,639
642,995
642,1007
642,1019
642,1240
642,1265
642,1730
642,2089
642,2149
642,2202
642,2271
642,2318
642,2321
642,2324
642,2476
642,2605
642,2611
642,2627
642,2629
642,2641
642,2643
642,2650
642,2651
642,2653
642,2654
642,2657
642,2658
642,2659
642,2664
642,2671
642,2688
642,2693
642,2694
642,2700
642,2701
642,2727
642,2730
642,2816
642,2893
642,2898
642,3027
642,3040
642,3055
642,3101
642,3222
642,3318
642,3320
642,3585
642,3604
642,3615
642,3619
642,3641
642,3822
642,3832
642,3833
642,3834
642,3835
642,3836
642,3837
642,3838
642,3839
643,20
643,348
643,644
643,995
643,1202
643,1783
643,3798
643,3840
644,20
644,291
644,643
644,798
644,1026
644,1331
644,1348
644,1776
644,3176
644,3514
644,3790
645,137
645,291
645,381
645,683
645,684
645,1260
645,1275
645,1331
645,1337
645,1340
645,1346
645,1350
645,1365
645,1612
645,1619
645,1867
645,1933
645,1956
645,2011
645,2019
645,2040
645,2135
645,2517
645,3841
645,3842
646,504
646,515
646,565
646,643
646,664
646,765
646,913
646,1017
646,1049
646,1331
646,1348
646,1360
646,1362
646,1412
646,1515
646,1783
646,1871
646,1920
646,2125
646,2126
646,3274
646,3440
646,3843
646,3844
646,3845
646,3846
646,3847
647,20
647,1348
647,1410
647,1617
647,3137
647,3546
647,3801
648,20
648,381
648,976
648,1108
648,1150
648,1325
648,1417
648,1419
648,1617
648,1640
648,1821
648,2015
648,2175
648,2925
648,3848
649,20
649,665
649,666
649,1415
649,3849
650,20
650,381
650,1345
650,1617
650,1763
650,1901
650,1934
650,2020
650,2043
650,3850
650,3851
651,1187
652,21
653,7
653,21
653,40
653,42
653,54
653,99
653,100
653,105
653,110
653,121
653,133
653,181
653,186
653,191
653,194
653,200
653,204
653,220
653,229
653,241
653,246
653,250
653,264
653,268
653,276
653,280
653,316
653,322
653,336
653,338
653,342
653,364
653,372
653,385
653,391
653,396
653,411
653,432
653,438
653,450
653,453
653,480
653,534
653,547
653,551
653,556
653,557
653,578
653,584
653,618
653,623
653,629
653,654
653,673
653,700
653,716
653,730
653,744
653,749
653,797
653,806
653,831
653,835
653,856
653,857
653,1006
653,1032
653,1052
653,1080
653,1127
653,1138
653,1180
653,1181
653,1223
653,1234
653,1278
653,1453
653,1482
653,1501
653,1546
653,1916
653,2341
653,3852
654,19
654,21
654,165
654,194
654,221
654,365
654,370
654,391
654,414
654,726
655,21
656,21
656,26
656,42
656,489
656,659
657,21
657,29
657,287
657,365
657,402
657,692
658,816
659,22
659,24
659,29
659,40
659,85
659,307
659,336
659,364
659,365
659,395
659,421
659,424
659,486
659,533
659,573
659,656
659,675
659,819
659,863
659,1548
659,3853
660,121
660,415
660,604
660,662
660,778
660,806
660,882
660,918
660,1078
660,1144
660,1254
660,1283
660,1302
660,1318
660,1370
660,1404
660,1457
660,1480
660,1481
660,1482
660,1484
660,1614
660,1656
660,1690
660,1697
660,1711
660,1738
660,1757
660,1899
660,1946
660,2162
660,2172
660,2188
660,2203
660,2248
660,2259
660,2272
660,2282
660,2285
660,2290
660,2341
660,2466
660,2469
660,2487
660,2491
660,2565
660,2571
660,2572
660,2610
660,2613
660,2948
660,2960
660,2976
660,2989
660,3012
660,3036
660,3123
660,3164
660,3250
660,3309
660,3549
660,3788
660,3854
660,3855
660,3856
660,3857
660,3858
661,28
661,41
661,67
661,118
661,121
661,200
661,258
661,374
661,379
661,407
661,428
661,452
661,498
661,533
661,547
661,604
661,689
661,758
661,848
661,851
661,857
661,926
661,927
661,1103
661,1110
661,1132
661,1386
662,48
662,58
662,64
662,83
662,121
662,127
662,140
662,157
662,192
662,200
662,228
662,234
662,269
662,284
662,296
662,369
662,379
662,397
662,411
662,422
662,441
662,448
662,452
662,461
662,497
662,500
662,530
662,534
662,582
662,583
662,749
662,750
662,823
662,856
662,857
662,867
662,957
662,1003
662,1044
662,1068
662,1163
662,1224
662,1369
662,1822
662,2146
662,2303
662,2533
662,3392
663,1717
664,163
664,415
664,646
664,765
664,836
664,839
664,913
664,979
664,995
664,1042
664,1226
664,1318
664,1337
664,1342
664,1351
664,1355
664,1357
664,1360
664,1364
664,1772
664,1775
664,1776
664,1780
664,1783
664,1882
664,1906
664,2000
664,2124
664,2132
664,2416
664,2425
664,2535
664,2908
664,3178
664,3312
664,3460
664,3791
664,3792
665,192
665,649
665,794
665,987
665,1708
665,2131
665,2150
665,2166
665,3146
665,3304
665,3499
665,3859
666,532
666,649
667,157
667,801
667,871
667,3336
668,23
668,66
668,133
668,256
668,269
668,432
668,533
668,857
668,1163
668,1276
669,23
669,50
669,408
669,449
669,498
669,502
669,530
669,587
669,593
669,718
669,960
669,1005
669,1044
669,1224
669,1276
669,1905
670,23
670,141
670,415
670,457
670,464
670,519
670,521
670,528
670,529
670,672
670,704
670,962
670,1013
670,1322
670,1340
670,1831
670,1866
670,1916
670,2136
670,3184
670,3186
670,3361
671,23
671,60
671,267
671,285
671,434
671,457
671,519
671,528
671,529
671,551
671,873
671,996
671,1012
671,1013
671,1014
671,1322
671,2333
671,3480
672,141
672,154
672,427
672,428
672,456
672,463
672,496
672,516
672,518
672,524
672,528
672,670
672,778
672,949
672,966
672,973
672,974
672,977
672,1017
672,1018
672,1024
672,1029
672,1147
672,1166
672,1243
672,1293
672,1322
672,1339
672,1389
672,1391
672,1769
672,1852
672,1879
672,2118
672,2299
672,2397
672,2413
672,2529
672,3469
672,3860
673,6
673,9
673,21
673,24
673,27
673,29
673,36
673,38
673,64
673,74
673,120
673,132
673,198
673,286
673,293
673,305
673,313
673,317
673,335
673,336
673,362
673,364
673,378
673,380
673,405
673,407
673,408
673,409
673,413
673,414
673,424
673,429
673,556
673,562
673,568
673,569
673,620
673,621
673,629
673,653
673,679
673,766
673,823
674,24
674,418
674,531
675,787
676,24
676,29
676,677
677,24
677,675
677,676
678,25
679,13
679,26
679,27
679,41
679,44
679,365
679,372
679,380
679,412
679,414
679,436
679,504
679,535
679,617
679,722
679,750
679,823
679,825
679,840
679,919
679,960
679,1072
679,1798
679,2096
679,3207
680,26
680,137
680,802
680,873
680,1017
680,1358
680,1515
680,1605
681,26
681,44
681,416
681,977
681,996
681,1340
681,1410
681,1926
681,2125
681,2520
681,3854
682,26
683,26
683,89
683,103
683,254
683,278
683,421
683,475
683,504
683,516
683,522
683,565
683,570
683,587
683,628
683,670
683,702
683,718
683,780
683,781
683,782
683,797
683,867
683,873
683,913
683,945
683,962
683,964
683,966
683,974
683,979
683,982
683,1028
683,1146
683,1171
683,1212
683,1261
683,1342
683,1346
683,1357
683,1366
683,1412
683,1453
683,1599
683,1782
683,1783
683,1793
683,1891
683,1946
683,2007
683,2057
683,2132
683,2424
683,2955
683,3463
683,3861
683,3862
683,3863
684,26
684,44
684,55
684,103
684,154
684,171
684,370
684,434
684,452
684,508
684,639
684,640
684,645
684,782
684,860
684,863
684,893
684,945
684,962
684,969
684,987
684,994
684,1014
684,1091
684,1173
684,1277
684,1278
684,1339
684,1340
684,1345
684,1412
684,1566
684,1606
684,1858
684,1884
684,1885
684,2184
684,2518
684,2520
684,3179
684,3454
684,3816
684,3864
684,3865
684,3866
684,3867
684,3868
684,3869
684,3870
684,3871
684,3872
685,26
685,60
685,137
685,246
685,269
685,270
685,451
685,452
685,492
685,516
685,592
685,628
685,636
685,686
685,708
685,774
685,780
685,801
685,867
685,913
685,964
685,977
685,980
685,981
685,995
685,1017
685,1088
685,1134
685,1140
685,1208
685,1224
685,1273
685,1275
685,1336
685,1339
685,1342
685,1395
685,1398
685,1410
685,1518
685,1569
685,1772
685,1773
685,1872
685,1932
685,2406
685,2421
685,2503
685,2532
685,2873
685,3175
685,3409
685,3760
685,3849
685,3873
685,3874
685,3875
685,3876
685,3877
686,26
686,151
686,503
686,532
686,685
686,765
686,990
686,1145
686,1150
686,1155
686,1402
686,1776
686,1782
686,1900
686,1901
686,1932
686,2023
686,2134
686,2150
686,2151
686,2395
686,2422
686,2426
686,3080
686,3501
686,3801
686,3878
686,3879
687,27
687,95
687,362
687,414
687,580
687,679
687,746
687,819
687,1197
687,1382
687,1720
688,37
688,48
688,95
688,104
688,165
688,184
688,213
688,255
688,256
688,292
688,325
688,326
688,327
688,367
688,368
688,369
688,372
688,403
688,405
688,406
688,409
688,412
688,416
688,422
688,488
688,534
688,559
688,612
688,631
688,748
688,750
688,806
688,812
688,828
688,902
688,1067
688,1095
688,1373
688,2479
688,3487
688,3528
688,3880
689,21
689,27
689,28
689,40
689,41
689,60
689,351
689,365
689,391
689,427
689,453
689,511
689,524
689,573
689,588
689,600
689,604
689,629
689,661
689,702
689,718
689,729
689,755
689,892
689,916
689,979
689,980
689,1013
689,1015
689,1026
689,1028
689,1029
689,1052
689,1134
689,1138
689,1155
689,1331
689,1341
689,1345
689,1361
689,1422
689,1430
689,1566
689,1768
689,1776
689,1782
689,1820
689,1835
689,2114
689,2415
689,2425
689,2443
689,3142
689,3274
690,21
690,24
690,27
690,28
690,29
690,31
690,34
690,65
690,365
690,412
690,429
690,551
690,553
690,573
690,716
690,1090
690,1105
691,27
691,692
691,3451
691,3881
692,27
692,418
692,657
693,9
693,12
693,14
693,17
693,22
693,24
693,27
693,30
693,34
693,36
693,37
693,40
693,41
693,42
693,44
693,46
693,50
693,55
693,58
693,61
693,62
693,74
693,77
693,83
693,108
693,110
693,111
693,118
693,120
693,123
693,125
693,128
693,171
693,183
693,184
693,191
693,200
693,217
693,224
693,229
693,234
693,235
693,237
693,240
693,244
693,245
693,249
693,250
693,253
693,264
693,265
693,268
693,269
693,272
693,276
693,277
693,278
693,284
693,289
693,292
693,293
693,294
693,296
693,300
693,309
693,316
693,321
693,327
693,336
693,338
693,339
693,342
693,350
693,352
693,365
693,369
693,378
693,380
693,385
693,391
693,402
693,404
693,406
693,407
693,409
693,411
693,413
693,421
693,423
693,424
693,426
693,428
693,429
693,433
693,441
693,453
693,461
693,462
693,472
693,473
693,482
693,488
693,503
693,506
693,534
693,546
693,547
693,556
693,557
693,559
693,568
693,570
693,571
693,576
693,578
693,588
693,610
693,611
693,617
693,622
693,627
693,673
693,688
693,689
693,694
693,699
693,702
693,709
693,711
693,714
693,716
693,717
693,725
693,730
693,740
693,747
693,749
693,755
693,756
693,771
693,804
693,818
693,826
693,832
693,837
693,838
693,839
693,850
693,851
693,861
693,913
693,925
693,940
693,954
693,1039
693,1040
693,1071
693,1094
693,1107
693,1123
693,1206
693,1209
693,1234
693,1272
693,1341
693,1381
693,2213
693,3882
694,36
694,74
694,96
694,115
694,181
694,184
694,188
694,200
694,217
694,225
694,228
694,230
694,235
694,237
694,274
694,277
694,290
694,296
694,301
694,316
694,327
694,340
694,350
694,358
694,374
694,393
694,412
694,457
694,476
694,573
694,617
694,693
694,696
694,740
694,749
694,757
694,851
694,1128
694,1185
694,1190
695,81
695,400
695,1223
696,65
696,92
696,284
696,412
696,578
696,3060
697,28
697,359
697,614
697,617
697,749
697,1368
698,1067
699,0
699,5
699,21
699,44
699,94
699,110
699,118
699,120
699,125
699,151
699,157
699,163
699,171
699,192
699,200
699,207
699,230
699,231
699,234
699,237
699,245
699,246
699,250
699,262
699,267
699,269
699,275
699,280
699,284
699,289
699,292
699,302
699,343
699,350
699,352
699,360
699,368
699,381
699,385
699,388
699,391
699,407
699,411
699,412
699,413
699,415
699,424
699,441
699,456
699,475
699,492
699,506
699,512
699,519
699,547
699,569
699,570
699,572
699,574
699,587
699,588
699,592
699,594
699,625
699,629
699,638
699,681
699,689
699,693
699,708
699,711
699,714
699,716
699,717
699,718
699,724
699,729
699,730
699,732
699,749
699,756
699,764
699,780
699,804
699,831
699,835
699,836
699,867
699,870
699,871
699,894
699,909
699,915
699,949
699,954
699,964
699,966
699,973
699,974
699,980
699,981
699,986
699,988
699,1018
699,1096
699,1163
699,1232
699,1245
699,1272
699,1332
699,1342
699,1353
699,1357
699,1361
699,1364
699,1365
699,1430
699,1534
699,1574
699,1577
699,1586
699,1600
699,1610
699,1772
699,1775
699,1776
699,1803
699,1879
699,1881
699,1882
699,1883
699,1900
699,1901
699,1910
699,1932
699,2004
699,2007
699,2070
699,2190
699,2297
699,2402
699,2403
699,2406
699,2416
699,2425
699,2519
699,2524
699,2528
699,2535
699,2854
699,2911
699,2945
699,3142
699,3150
699,3302
699,3389
699,3421
699,3448
699,3883
699,3884
699,3885
699,3886
700,28
700,95
700,285
700,362
700,380
700,703
701,58
701,123
701,391
701,426
701,489
701,772
701,821
702,18
702,28
702,29
702,30
702,37
702,38
702,43
702,46
702,64
702,67
702,103
702,135
702,145
702,149
702,165
702,171
702,231
702,234
702,292
702,317
702,348
702,385
702,388
702,391
702,399
702,407
702,411
702,420
702,431
702,433
702,434
702,453
702,461
702,498
702,504
702,510
702,511
702,514
702,520
702,524
702,527
702,550
702,592
702,604
702,615
702,637
702,646
702,672
702,675
702,683
702,704
702,708
702,709
702,710
702,711
702,726
702,745
702,755
702,765
702,776
702,780
702,781
702,797
702,800
702,806
702,832
702,858
702,870
702,874
702,882
702,884
702,932
702,935
702,945
702,963
702,964
702,967
702,976
702,977
702,981
702,990
702,1009
702,1019
702,1023
702,1028
702,1029
702,1096
702,1132
702,1146
702,1147
702,1154
702,1157
702,1158
702,1161
702,1163
702,1212
702,1217
702,1266
702,1278
702,1325
702,1326
702,1331
702,1393
702,1401
702,1406
702,1579
702,1601
702,1751
702,1826
702,1869
702,1881
702,1920
702,1921
702,1923
702,1999
702,2123
702,2269
702,2333
702,2336
702,2337
702,2443
702,2945
702,2952
702,3157
702,3197
702,3292
702,3394
702,3437
702,3440
702,3448
702,3459
702,3477
702,3887
702,3888
702,3889
703,11
703,28
703,31
703,37
703,44
703,95
703,97
703,115
703,120
703,230
703,247
703,268
703,284
703,300
703,329
703,362
703,363
703,368
703,380
703,405
703,406
703,408
703,409
703,412
703,485
703,534
703,552
703,556
703,557
703,700
703,717
703,740
703,741
703,744
703,745
703,746
703,747
703,750
703,772
703,828
703,863
703,987
703,997
703,1049
703,1203
703,1273
703,1886
703,2067
703,2182
703,2199
703,2335
703,3154
703,3295
703,3890
704,0
704,18
704,21
704,24
704,27
704,28
704,35
704,40
704,51
704,60
704,62
704,64
704,66
704,69
704,126
704,141
704,146
704,148
704,154
704,157
704,201
704,234
704,276
704,296
704,368
704,386
704,399
704,421
704,424
704,428
704,432
704,441
704,447
704,448
704,453
704,456
704,461
704,488
704,490
704,492
704,500
704,510
704,551
704,552
704,556
704,570
704,587
704,588
704,630
704,638
704,653
704,670
704,671
704,718
704,752
704,758
704,845
704,860
704,867
704,1013
704,1029
704,1077
704,1341
704,1388
704,1490
704,1516
704,1532
704,1592
704,2070
704,2114
704,2842
704,3292
705,413
705,573
705,632
706,27
706,28
706,29
706,31
706,65
706,707
706,775
706,784
707,420
707,706
707,757
708,28
708,29
708,40
708,50
708,67
708,68
708,125
708,156
708,293
708,326
708,338
708,351
708,385
708,388
708,391
708,399
708,413
708,475
708,496
708,537
708,594
708,629
708,638
708,699
708,702
708,730
708,775
708,780
708,796
708,798
708,799
708,806
708,824
708,831
708,874
708,875
708,927
708,938
708,949
708,960
708,964
708,966
708,972
708,973
708,978
708,981
708,990
708,1028
708,1126
708,1158
708,1185
708,1201
708,1389
708,1422
708,1424
708,1601
708,1811
708,2118
708,2215
708,2849
708,2945
709,29
709,41
709,44
709,46
709,51
709,62
709,64
709,100
709,125
709,128
709,132
709,296
709,317
709,365
709,378
709,407
709,412
709,424
709,499
709,506
709,551
709,568
709,574
709,576
709,582
709,600
709,761
709,788
709,813
709,821
709,824
709,834
709,838
709,839
709,840
709,844
709,937
709,941
709,1039
709,1087
709,1743
709,2865
710,29
710,876
710,1280
710,1389
711,0
711,3
711,10
711,11
711,14
711,16
711,17
711,22
711,27
711,28
711,36
711,38
711,43
711,46
711,50
711,60
711,63
711,64
711,68
711,74
711,101
711,103
711,107
711,110
711,111
711,115
711,120
711,126
711,127
711,132
711,135
711,137
711,141
711,143
711,157
711,181
711,191
711,207
711,214
711,217
711,221
711,224
711,230
711,231
711,234
711,235
711,241
711,246
711,253
711,264
711,265
711,267
711,269
711,270
711,274
711,285
711,289
711,300
711,316
711,321
711,323
711,338
711,352
711,368
711,369
711,372
711,374
711,380
711,386
711,402
711,415
711,420
711,421
711,427
711,428
711,432
711,433
711,441
711,464
711,475
711,478
711,485
711,494
711,495
711,496
711,499
711,500
711,505
711,510
711,511
711,512
711,516
711,518
711,519
711,520
711,522
711,534
711,535
711,543
711,548
711,551
711,556
711,570
711,584
711,586
711,601
711,620
711,625
711,628
711,629
711,638
711,639
711,643
711,662
711,669
711,672
711,688
711,693
711,699
711,702
711,716
711,718
711,726
711,729
711,758
711,759
711,760
711,761
711,765
711,774
711,775
711,779
711,780
711,782
711,794
711,800
711,832
711,857
711,867
711,869
711,871
711,874
711,875
711,893
711,906
711,913
711,916
711,940
711,945
711,949
711,961
711,962
711,964
711,967
711,971
711,972
711,973
711,974
711,976
711,980
711,981
711,987
711,989
711,990
711,995
711,1005
711,1010
711,1017
711,1028
711,1029
711,1049
711,1096
711,1107
711,1132
711,1139
711,1144
711,1146
711,1161
711,1171
711,1194
711,1210
711,1224
711,1236
711,1245
711,1325
711,1329
711,1331
711,1341
711,1342
711,1346
711,1350
711,1353
711,1354
711,1361
711,1362
711,1390
711,1399
711,1400
711,1534
711,1586
711,1588
711,1606
711,1751
711,1769
711,1770
711,1773
711,1775
711,1786
711,1789
711,1836
711,1838
711,1852
711,1854
711,1882
711,1901
711,1920
711,1921
711,1931
711,2057
711,2070
711,2114
711,2115
711,2117
711,2125
711,2134
711,2190
711,2240
711,2308
711,2335
711,2400
711,2415
711,2514
711,2523
711,2844
711,2846
711,2871
711,2908
711,2945
711,2955
711,2959
711,3214
711,3390
711,3464
711,3809
711,3891
712,171
712,510
712,512
712,633
712,989
712,2583
712,3484
713,18
713,45
713,46
713,48
713,62
713,123
713,125
713,167
713,170
713,180
713,244
713,351
713,385
713,388
713,423
713,450
713,456
713,500
713,506
713,510
713,569
713,584
713,588
713,592
713,604
713,621
713,717
713,730
713,760
713,835
713,836
713,844
713,845
713,848
713,922
713,938
713,1009
713,1088
713,1122
713,1331
713,1361
713,1570
713,3292
714,28
714,41
714,42
714,44
714,49
714,51
714,62
714,94
714,128
714,132
714,213
714,253
714,274
714,296
714,313
714,317
714,420
714,506
714,569
714,573
714,574
714,617
714,622
714,724
714,789
714,834
714,851
714,1272
714,1882
715,28
715,41
715,44
715,62
715,256
715,488
715,494
715,600
715,727
715,837
715,839
715,888
715,891
716,14
716,21
716,28
716,34
716,35
716,46
716,62
716,108
716,118
716,125
716,143
716,171
716,191
716,200
716,213
716,220
716,230
716,235
716,245
716,246
716,247
716,292
716,321
716,339
716,342
716,343
716,364
716,365
716,385
716,388
716,391
716,397
716,407
716,411
716,415
716,421
716,424
716,428
716,429
716,431
716,433
716,434
716,456
716,461
716,506
716,512
716,576
716,578
716,592
716,629
716,653
716,690
716,693
716,699
716,702
716,708
716,711
716,713
716,730
716,749
716,750
716,769
716,797
716,806
716,831
716,832
716,834
716,843
716,851
716,860
716,867
716,875
716,884
716,949
716,1029
716,1132
716,1156
716,1232
716,1273
716,1278
716,1325
716,1580
716,1602
716,1761
716,1768
716,1809
716,1881
716,2164
716,2415
716,2513
716,2519
716,3369
716,3892
717,8
717,9
717,11
717,16
717,20
717,21
717,28
717,30
717,31
717,37
717,39
717,40
717,41
717,44
717,46
717,50
717,67
717,74
717,77
717,80
717,83
717,95
717,101
717,107
717,111
717,113
717,118
717,119
717,120
717,125
717,135
717,151
717,154
717,164
717,171
717,191
717,192
717,200
717,214
717,217
717,218
717,223
717,234
717,235
717,236
717,237
717,239
717,241
717,243
717,244
717,245
717,247
717,250
717,253
717,262
717,265
717,268
717,274
717,285
717,290
717,292
717,294
717,300
717,302
717,308
717,312
717,316
717,318
717,322
717,335
717,336
717,342
717,349
717,353
717,357
717,362
717,370
717,371
717,387
717,389
717,391
717,394
717,407
717,409
717,412
717,415
717,418
717,420
717,421
717,428
717,433
717,434
717,437
717,438
717,439
717,441
717,461
717,466
717,485
717,497
717,504
717,505
717,506
717,512
717,515
717,516
717,520
717,526
717,532
717,534
717,546
717,547
717,551
717,556
717,570
717,576
717,578
717,588
717,611
717,615
717,633
717,636
717,638
717,686
717,693
717,694
717,696
717,699
717,702
717,703
717,708
717,711
717,713
717,718
717,729
717,730
717,732
717,741
717,743
717,747
717,749
717,750
717,756
717,757
717,764
717,765
717,772
717,775
717,780
717,782
717,785
717,788
717,798
717,800
717,827
717,832
717,835
717,836
717,845
717,851
717,913
717,925
717,936
717,938
717,965
717,971
717,974
717,977
717,979
717,980
717,981
717,988
717,991
717,1009
717,1024
717,1042
717,1063
717,1069
717,1093
717,1098
717,1107
717,1116
717,1117
717,1144
717,1146
717,1158
717,1161
717,1200
717,1208
717,1216
717,1247
717,1254
717,1273
717,1276
717,1314
717,1331
717,1332
717,1337
717,1340
717,1341
717,1345
717,1352
717,1361
717,1365
717,1366
717,1389
717,1407
717,1416
717,1420
717,1430
717,1608
717,1612
717,1751
717,1760
717,1767
717,1773
717,1775
717,1776
717,1782
717,1869
717,1909
717,1920
717,1921
717,1927
717,2027
717,2113
717,2129
717,2133
717,2143
717,2149
717,2198
717,2303
717,2421
717,2425
717,2435
717,2519
717,2535
717,2583
717,2849
717,2854
717,2879
717,2908
717,3064
717,3146
717,3189
717,3319
717,3819
717,3883
717,3893
717,3894
717,3895
717,3896
717,3897
718,0
718,21
718,27
718,28
718,60
718,61
718,64
718,69
718,108
718,118
718,120
718,133
718,135
718,136
718,141
718,149
718,156
718,157
718,167
718,170
718,180
718,269
718,323
718,326
718,341
718,372
718,415
718,421
718,423
718,428
718,432
718,433
718,438
718,442
718,452
718,456
718,457
718,461
718,463
718,492
718,498
718,510
718,511
718,512
718,517
718,518
718,519
718,521
718,523
718,524
718,526
718,528
718,552
718,588
718,601
718,604
718,669
718,671
718,689
718,704
718,712
718,857
718,867
718,869
718,924
718,938
718,951
718,956
718,964
718,986
718,989
718,1005
718,1011
718,1012
718,1023
718,1024
718,1028
718,1070
718,1088
718,1112
718,1132
718,1134
718,1138
718,1153
718,1163
718,1218
718,1223
718,1224
718,1342
718,1354
718,1389
718,1403
718,1522
718,1528
718,1531
718,1570
718,1577
718,1580
718,1879
718,1920
718,1921
718,2058
718,2118
718,2300
718,2306
718,2406
718,2510
718,2513
718,3108
718,3292
718,3356
718,3390
719,17
719,29
719,217
719,357
719,380
719,408
719,420
719,441
719,676
719,693
719,750
719,851
719,954
719,1550
720,405
720,409
720,413
721,27
721,29
721,332
721,416
721,420
721,568
721,845
721,1058
721,1479
721,1712
721,1979
721,1992
721,2207
721,2470
721,2481
721,2482
721,2487
721,2586
721,2592
721,3013
721,3036
721,3248
721,3898
721,3899
721,3900
721,3901
722,29
723,29
724,29
724,34
724,37
724,38
724,39
724,40
724,41
724,372
724,407
724,413
724,414
724,420
724,421
724,424
724,551
724,573
724,632
724,714
724,749
724,758
724,760
724,882
725,21
725,27
725,29
725,42
725,123
725,213
725,221
725,343
725,365
725,366
725,409
725,416
725,453
725,533
725,551
725,601
725,617
725,775
725,784
726,19
726,29
726,420
726,462
726,492
726,497
726,528
726,533
726,662
726,1088
726,1596
727,11
727,12
727,29
727,36
727,89
727,130
727,372
727,568
727,569
727,571
727,715
727,760
727,816
727,825
727,830
727,834
727,840
727,1110
727,2141
727,2178
727,2527
727,3155
727,3786
728,0
728,66
728,81
728,84
728,254
728,258
728,316
728,391
728,467
728,594
728,862
728,924
729,7
729,10
729,12
729,14
729,15
729,18
729,19
729,20
729,30
729,31
729,33
729,36
729,37
729,39
729,40
729,46
729,60
729,62
729,65
729,66
729,81
729,83
729,91
729,93
729,94
729,95
729,103
729,105
729,107
729,108
729,113
729,118
729,120
729,121
729,128
729,134
729,137
729,144
729,149
729,156
729,157
729,163
729,180
729,184
729,207
729,214
729,221
729,227
729,229
729,230
729,231
729,234
729,244
729,245
729,246
729,250
729,251
729,253
729,261
729,267
729,272
729,284
729,289
729,291
729,292
729,293
729,294
729,301
729,316
729,321
729,336
729,338
729,339
729,342
729,343
729,350
729,352
729,368
729,372
729,374
729,375
729,376
729,380
729,381
729,385
729,386
729,387
729,388
729,391
729,393
729,399
729,402
729,404
729,406
729,407
729,413
729,422
729,424
729,428
729,429
729,431
729,433
729,439
729,441
729,450
729,466
729,484
729,488
729,492
729,496
729,502
729,506
729,510
729,511
729,515
729,516
729,520
729,522
729,532
729,534
729,543
729,546
729,547
729,551
729,555
729,556
729,557
729,559
729,569
729,570
729,574
729,576
729,578
729,611
729,613
729,621
729,622
729,628
729,633
729,638
729,642
729,664
729,669
729,672
729,689
729,693
729,694
729,699
729,702
729,708
729,711
729,714
729,716
729,717
729,718
729,741
729,744
729,749
729,754
729,755
729,756
729,765
729,772
729,777
729,780
729,788
729,789
729,797
729,821
729,828
729,829
729,831
729,838
729,839
729,845
729,846
729,851
729,857
729,867
729,874
729,877
729,906
729,911
729,913
729,938
729,949
729,954
729,964
729,966
729,974
729,979
729,983
729,994
729,995
729,1005
729,1024
729,1026
729,1043
729,1052
729,1055
729,1080
729,1088
729,1096
729,1098
729,1132
729,1144
729,1146
729,1157
729,1158
729,1161
729,1166
729,1173
729,1202
729,1205
729,1208
729,1210
729,1224
729,1245
729,1248
729,1249
729,1277
729,1281
729,1303
729,1331
729,1337
729,1340
729,1341
729,1342
729,1346
729,1350
729,1359
729,1360
729,1365
729,1366
729,1373
729,1388
729,1389
729,1390
729,1401
729,1406
729,1409
729,1412
729,1415
729,1417
729,1505
729,1534
729,1545
729,1552
729,1554
729,1602
729,1608
729,1759
729,1773
729,1775
729,1776
729,1782
729,1783
729,1883
729,1921
729,1934
729,2043
729,2124
729,2133
729,2385
729,2412
729,2422
729,2425
729,2503
729,2527
729,2535
729,2843
729,2873
729,2954
729,2955
729,3136
729,3144
729,3468
729,3760
729,3845
729,3897
729,3902
729,3903
729,3904
729,3905
729,3906
730,0
730,1
730,6
730,10
730,11
730,14
730,15
730,18
730,22
730,27
730,28
730,30
730,31
730,33
730,34
730,36
730,37
730,39
730,40
730,41
730,44
730,50
730,51
730,61
730,62
730,64
730,66
730,74
730,77
730,81
730,83
730,86
730,87
730,89
730,91
730,95
730,96
730,98
730,99
730,101
730,104
730,105
730,107
730,111
730,113
730,118
730,120
730,121
730,127
730,130
730,132
730,133
730,139
730,151
730,152
730,153
730,156
730,157
730,160
730,164
730,167
730,174
730,182
730,184
730,187
730,200
730,207
730,209
730,215
730,219
730,223
730,228
730,229
730,230
730,231
730,232
730,234
730,237
730,240
730,242
730,244
730,245
730,246
730,249
730,252
730,254
730,256
730,261
730,264
730,268
730,269
730,273
730,275
730,276
730,283
730,293
730,294
730,295
730,296
730,297
730,301
730,302
730,305
730,309
730,312
730,313
730,316
730,321
730,322
730,325
730,338
730,339
730,340
730,342
730,350
730,351
730,352
730,358
730,359
730,360
730,362
730,364
730,365
730,367
730,368
730,369
730,380
730,381
730,385
730,386
730,389
730,390
730,391
730,395
730,399
730,402
730,407
730,409
730,411
730,413
730,415
730,420
730,421
730,422
730,423
730,424
730,426
730,427
730,428
730,432
730,433
730,438
730,441
730,450
730,452
730,456
730,459
730,461
730,462
730,466
730,467
730,472
730,473
730,481
730,485
730,488
730,494
730,498
730,503
730,511
730,515
730,516
730,522
730,532
730,533
730,534
730,541
730,543
730,548
730,549
730,551
730,552
730,556
730,557
730,559
730,564
730,565
730,566
730,570
730,573
730,577
730,578
730,582
730,583
730,584
730,588
730,592
730,594
730,601
730,611
730,612
730,617
730,619
730,621
730,622
730,629
730,630
730,631
730,638
730,641
730,644
730,653
730,660
730,671
730,685
730,689
730,690
730,693
730,699
730,701
730,702
730,705
730,708
730,713
730,714
730,715
730,716
730,717
730,718
730,734
730,735
730,739
730,740
730,743
730,745
730,749
730,755
730,756
730,763
730,764
730,770
730,772
730,786
730,787
730,794
730,798
730,800
730,802
730,806
730,818
730,828
730,831
730,832
730,835
730,839
730,840
730,843
730,845
730,855
730,857
730,863
730,867
730,871
730,884
730,898
730,906
730,911
730,913
730,923
730,924
730,927
730,938
730,941
730,942
730,945
730,949
730,954
730,958
730,960
730,965
730,966
730,980
730,981
730,986
730,987
730,1001
730,1005
730,1007
730,1009
730,1011
730,1013
730,1017
730,1018
730,1019
730,1024
730,1026
730,1033
730,1061
730,1070
730,1078
730,1080
730,1081
730,1144
730,1147
730,1149
730,1151
730,1158
730,1163
730,1171
730,1185
730,1188
730,1193
730,1195
730,1196
730,1200
730,1208
730,1215
730,1216
730,1217
730,1221
730,1223
730,1224
730,1232
730,1244
730,1246
730,1247
730,1250
730,1252
730,1254
730,1257
730,1258
730,1259
730,1261
730,1262
730,1265
730,1266
730,1267
730,1268
730,1271
730,1283
730,1285
730,1298
730,1300
730,1302
730,1304
730,1307
730,1314
730,1317
730,1318
730,1320
730,1326
730,1329
730,1331
730,1341
730,1342
730,1346
730,1349
730,1353
730,1357
730,1361
730,1362
730,1365
730,1375
730,1380
730,1396
730,1398
730,1399
730,1403
730,1409
730,1416
730,1417
730,1418
730,1419
730,1422
730,1424
730,1426
730,1430
730,1433
730,1438
730,1439
730,1443
730,1445
730,1449
730,1453
730,1454
730,1456
730,1457
730,1459
730,1463
730,1478
730,1479
730,1481
730,1484
730,1499
730,1501
730,1511
730,1515
730,1539
730,1553
730,1555
730,1570
730,1571
730,1574
730,1579
730,1580
730,1586
730,1608
730,1610
730,1614
730,1623
730,1628
730,1633
730,1656
730,1662
730,1664
730,1666
730,1669
730,1676
730,1695
730,1696
730,1705
730,1743
730,1758
730,1768
730,1776
730,1806
730,1807
730,1827
730,1835
730,1838
730,1867
730,1875
730,1876
730,1896
730,1899
730,1915
730,1923
730,1925
730,1934
730,1937
730,1938
730,1939
730,1940
730,1949
730,1951
730,1955
730,1956
730,1963
730,1966
730,1968
730,1972
730,1973
730,1975
730,1976
730,1978
730,1987
730,1989
730,1990
730,1991
730,1999
730,2001
730,2004
730,2012
730,2017
730,2019
730,2022
730,2031
730,2046
730,2065
730,2067
730,2077
730,2109
730,2150
730,2153
730,2156
730,2167
730,2172
730,2176
730,2190
730,2215
730,2233
730,2243
730,2244
730,2248
730,2250
730,2258
730,2259
730,2263
730,2269
730,2270
730,2271
730,2273
730,2278
730,2284
730,2286
730,2294
730,2295
730,2308
730,2309
730,2310
730,2313
730,2323
730,2328
730,2333
730,2340
730,2341
730,2394
730,2395
730,2397
730,2398
730,2413
730,2415
730,2416
730,2419
730,2421
730,2422
730,2425
730,2430
730,2441
730,2453
730,2464
730,2466
730,2476
730,2484
730,2485
730,2486
730,2487
730,2489
730,2491
730,2494
730,2516
730,2519
730,2526
730,2535
730,2537
730,2538
730,2553
730,2560
730,2562
730,2578
730,2583
730,2588
730,2592
730,2594
730,2596
730,2602
730,2603
730,2611
730,2613
730,2616
730,2630
730,2634
730,2642
730,2673
730,2688
730,2842
730,2843
730,2871
730,2872
730,2915
730,2916
730,2945
730,2963
730,2970
730,2975
730,2980
730,2981
730,3012
730,3016
730,3020
730,3028
730,3032
730,3034
730,3036
730,3041
730,3043
730,3068
730,3075
730,3085
730,3086
730,3087
730,3089
730,3093
730,3117
730,3119
730,3121
730,3136
730,3179
730,3274
730,3276
730,3316
730,3329
730,3331
730,3346
730,3373
730,3392
730,3395
730,3447
730,3536
730,3540
730,3541
730,3570
730,3607
730,3762
730,3788
730,3855
730,3888
730,3897
730,3907
730,3908
730,3909
730,3910
730,3911
730,3912
730,3913
730,3914
730,3915
730,3916
730,3917
730,3918
730,3919
730,3920
730,3921
730,3922
730,3923
730,3924
730,3925
730,3926
730,3927
730,3928
730,3929
730,3930
730,3931
730,3932
730,3933
730,3934
730,3935
731,89
731,181
731,194
731,261
731,265
731,294
731,295
731,297
731,301
731,316
731,390
731,1234
732,9
732,30
732,64
732,105
732,110
732,242
732,243
732,326
732,332
732,342
732,352
732,383
732,485
732,689
732,699
732,717
732,755
732,836
732,906
732,969
732,980
732,1079
732,1096
732,1107
732,1144
732,1169
732,1273
732,1285
732,1291
732,1302
732,1304
732,1314
732,1315
732,1318
732,1353
732,1370
732,1375
732,1403
732,1409
732,1419
732,1422
732,1424
732,1434
732,1447
732,1466
732,1482
732,1484
732,1539
732,1589
732,1599
732,1609
732,1610
732,1614
732,1626
732,1630
732,1637
732,1651
732,1662
732,1676
732,1678
732,1682
732,1685
732,1696
732,1697
732,1707
732,1715
732,1759
732,1782
732,1854
732,1923
732,1938
732,1940
732,1944
732,1949
732,1953
732,1957
732,1966
732,1968
732,1978
732,1985
732,1989
732,1990
732,2009
732,2037
732,2039
732,2109
732,2149
732,2153
732,2172
732,2208
732,2210
732,2248
732,2250
732,2257
732,2258
732,2259
732,2269
732,2270
732,2323
732,2324
732,2399
732,2415
732,2422
732,2482
732,2483
732,2488
732,2544
732,2553
732,2560
732,2565
732,2571
732,2572
732,2578
732,2583
732,2596
732,2602
732,2603
732,2605
732,2608
732,2611
732,2612
732,2613
732,2617
732,2619
732,2622
732,2626
732,2630
732,2631
732,2633
732,2634
732,2638
732,2641
732,2642
732,2646
732,2654
732,2656
732,2660
732,2669
732,2670
732,2759
732,2794
732,2915
732,2924
732,2996
732,3013
732,3021
732,3028
732,3035
732,3043
732,3051
732,3077
732,3097
732,3099
732,3119
732,3124
732,3148
732,3168
732,3196
732,3222
732,3239
732,3244
732,3274
732,3334
732,3539
732,3549
732,3567
732,3607
732,3641
732,3923
732,3936
732,3937
732,3938
732,3939
732,3940
732,3941
732,3942
732,3943
732,3944
732,3945
732,3946
732,3947
732,3948
732,3949
732,3950
732,3951
732,3952
732,3953
732,3954
732,3955
733,337
734,48
734,85
734,264
734,265
734,316
734,322
734,390
735,87
735,89
735,236
735,237
735,239
735,297
735,301
735,338
735,2227
736,8
736,30
736,104
736,111
736,120
736,286
736,295
736,324
736,329
736,378
736,543
736,804
736,908
736,1166
736,1236
736,2067
736,3389
737,94
737,95
737,128
737,274
737,289
737,742
737,998
737,1230
737,1386
737,1559
737,3956
738,94
738,289
738,742
739,110
739,289
739,321
739,395
740,284
740,357
740,374
740,534
740,573
740,617
740,703
741,3
741,15
741,17
741,30
741,38
741,64
741,65
741,101
741,111
741,113
741,120
741,127
741,132
741,191
741,200
741,207
741,228
741,231
741,234
741,245
741,254
741,265
741,284
741,285
741,294
741,342
741,350
741,370
741,387
741,405
741,441
741,448
741,478
741,500
741,553
741,573
741,629
741,653
741,703
741,713
741,717
741,718
741,732
741,743
741,765
741,785
741,832
741,940
741,957
741,962
741,1027
741,1029
741,1174
741,1176
741,1223
741,1249
741,1345
741,1389
741,1390
741,1423
741,1478
741,1538
741,1571
741,1664
741,1679
741,1753
741,1782
741,1932
741,1934
741,1946
741,2003
741,2124
741,2146
741,2153
741,2509
741,3152
741,3885
741,3957
741,3958
741,3959
741,3960
741,3961
742,94
742,274
742,280
742,289
742,290
742,305
742,326
742,357
742,374
742,375
742,378
742,737
742,738
742,2197
743,104
743,194
743,272
743,292
743,298
743,375
743,543
743,1203
743,2232
744,241
744,280
744,284
744,416
744,535
744,653
744,688
744,758
744,783
744,1070
744,1080
744,1245
745,30
745,120
745,254
745,284
745,348
745,394
745,522
745,537
745,683
745,702
745,703
745,732
745,857
745,945
745,1007
745,1024
745,1079
745,1107
745,1108
745,1151
745,1174
745,1217
745,1224
745,1248
745,1300
745,1302
745,1312
745,1315
745,1319
745,1346
745,1350
745,1409
745,1426
745,1484
745,1569
745,1589
745,1614
745,1636
745,1646
745,1662
745,1707
745,1767
745,1775
745,1921
745,1937
745,1968
745,1982
745,1987
745,1990
745,2051
745,2114
745,2149
745,2162
745,2163
745,2175
745,2258
745,2271
745,2280
745,2293
745,2294
745,2313
745,2316
745,2323
745,2443
745,2447
745,2463
745,2482
745,2483
745,2488
745,2489
745,2495
745,2560
745,2568
745,2593
745,2611
745,2612
745,2613
745,2625
745,2630
745,2631
745,2632
745,2633
745,2639
745,2646
745,2647
745,2659
745,2668
745,2725
745,2993
745,3010
745,3012
745,3018
745,3020
745,3036
745,3044
745,3047
745,3050
745,3051
745,3089
745,3124
745,3128
745,3221
745,3239
745,3518
745,3573
745,3578
745,3861
745,3928
745,3962
745,3963
745,3964
745,3965
745,3966
745,3967
745,3968
745,3969
746,115
746,540
746,2067
746,2498
747,10
747,12
747,13
747,17
747,20
747,27
747,28
747,30
747,35
747,36
747,42
747,48
747,51
747,55
747,64
747,65
747,81
747,94
747,95
747,96
747,110
747,118
747,125
747,184
747,193
747,217
747,225
747,234
747,244
747,253
747,274
747,276
747,280
747,289
747,290
747,293
747,300
747,301
747,321
747,324
747,338
747,339
747,358
747,362
747,364
747,365
747,367
747,368
747,369
747,371
747,374
747,379
747,391
747,396
747,398
747,400
747,401
747,412
747,418
747,422
747,423
747,450
747,462
747,547
747,557
747,573
747,578
747,611
747,612
747,617
747,618
747,628
747,693
747,703
747,717
747,744
747,748
747,749
747,750
747,756
747,766
747,804
747,828
747,829
747,851
747,886
747,906
747,1058
747,1060
747,1063
747,1067
747,1069
747,1720
747,2941
748,95
748,110
748,362
748,365
748,396
748,413
748,747
749,10
749,28
749,29
749,30
749,31
749,37
749,39
749,40
749,41
749,64
749,65
749,108
749,118
749,135
749,156
749,191
749,194
749,200
749,275
749,289
749,296
749,300
749,339
749,347
749,350
749,351
749,364
749,380
749,385
749,391
749,393
749,395
749,407
749,408
749,411
749,412
749,413
749,418
749,420
749,423
749,424
749,441
749,457
749,547
749,551
749,557
749,569
749,576
749,578
749,588
749,611
749,614
749,617
749,629
749,653
749,662
749,693
749,694
749,697
749,699
749,716
749,717
749,724
749,747
749,750
749,756
749,759
749,764
749,767
749,768
749,806
749,851
749,1069
749,1185
749,1203
749,1369
749,1373
749,1552
749,1554
749,2200
749,3785
750,37
750,120
750,128
750,256
750,317
750,339
750,369
750,380
750,391
750,618
750,688
750,703
750,749
750,2182
751,288
752,31
752,37
752,108
752,115
752,165
752,194
752,289
752,310
752,374
752,377
752,406
752,505
752,539
752,556
752,573
752,749
753,365
753,368
753,619
754,0
754,42
754,45
754,62
754,64
754,67
754,132
754,256
754,317
754,365
754,372
754,407
754,453
754,500
754,550
754,551
754,584
754,588
754,596
754,626
754,654
754,662
754,757
754,881
754,1098
754,1729
754,2195
754,2501
754,3529
755,3
755,12
755,18
755,19
755,30
755,40
755,60
755,62
755,64
755,111
755,113
755,115
755,118
755,125
755,140
755,141
755,165
755,170
755,172
755,241
755,245
755,246
755,256
755,267
755,268
755,269
755,292
755,293
755,295
755,326
755,338
755,341
755,350
755,352
755,368
755,371
755,374
755,380
755,383
755,386
755,404
755,413
755,414
755,420
755,421
755,424
755,433
755,438
755,441
755,449
755,450
755,461
755,464
755,498
755,510
755,511
755,515
755,519
755,520
755,523
755,546
755,554
755,565
755,566
755,570
755,578
755,633
755,636
755,653
755,689
755,702
755,714
755,718
755,730
755,732
755,782
755,824
755,836
755,838
755,867
755,911
755,913
755,946
755,962
755,964
755,966
755,971
755,980
755,990
755,1015
755,1019
755,1025
755,1026
755,1028
755,1043
755,1078
755,1094
755,1098
755,1195
755,1208
755,1213
755,1247
755,1258
755,1260
755,1265
755,1296
755,1312
755,1353
755,1403
755,1409
755,1417
755,1426
755,1430
755,1436
755,1448
755,1450
755,1456
755,1614
755,1618
755,1632
755,1660
755,1676
755,1737
755,1751
755,1776
755,1807
755,1840
755,1866
755,1898
755,1900
755,1927
755,1934
755,1937
755,1948
755,1954
755,1963
755,1976
755,2118
755,2136
755,2422
755,2424
755,2425
755,2513
755,2528
755,2530
755,2909
755,2964
755,2996
755,3070
755,3098
755,3121
755,3166
755,3315
755,3774
755,3970
755,3971
755,3972
755,3973
755,3974
756,4
756,5
756,10
756,11
756,13
756,14
756,15
756,18
756,21
756,22
756,30
756,34
756,36
756,37
756,38
756,40
756,41
756,42
756,44
756,45
756,46
756,49
756,51
756,55
756,57
756,58
756,59
756,61
756,62
756,66
756,71
756,72
756,73
756,74
756,77
756,80
756,81
756,82
756,83
756,85
756,86
756,87
756,90
756,94
756,97
756,99
756,100
756,104
756,106
756,107
756,110
756,111
756,113
756,114
756,118
756,120
756,125
756,126
756,132
756,137
756,141
756,142
756,143
756,145
756,148
756,151
756,157
756,164
756,165
756,184
756,191
756,193
756,197
756,200
756,207
756,214
756,217
756,219
756,223
756,224
756,226
756,229
756,230
756,231
756,234
756,237
756,241
756,242
756,244
756,245
756,246
756,248
756,250
756,252
756,253
756,256
756,261
756,264
756,265
756,267
756,268
756,269
756,270
756,271
756,272
756,275
756,276
756,277
756,280
756,287
756,289
756,290
756,293
756,294
756,295
756,296
756,297
756,305
756,309
756,314
756,316
756,318
756,322
756,323
756,324
756,329
756,338
756,339
756,342
756,343
756,345
756,347
756,350
756,352
756,354
756,356
756,357
756,359
756,360
756,361
756,362
756,363
756,364
756,365
756,368
756,376
756,380
756,381
756,382
756,385
756,386
756,387
756,390
756,391
756,393
756,398
756,399
756,401
756,402
756,405
756,407
756,408
756,411
756,413
756,415
756,421
756,422
756,423
756,424
756,428
756,429
756,433
756,434
756,435
756,437
756,438
756,439
756,441
756,450
756,451
756,456
756,461
756,463
756,466
756,472
756,484
756,485
756,492
756,498
756,500
756,504
756,506
756,510
756,516
756,518
756,520
756,522
756,528
756,534
756,542
756,543
756,546
756,548
756,550
756,551
756,556
756,557
756,559
756,566
756,569
756,571
756,573
756,574
756,576
756,582
756,583
756,585
756,588
756,592
756,593
756,596
756,601
756,607
756,611
756,615
756,617
756,619
756,622
756,623
756,625
756,626
756,627
756,628
756,632
756,633
756,636
756,637
756,638
756,639
756,641
756,646
756,650
756,664
756,675
756,683
756,688
756,689
756,693
756,697
756,698
756,699
756,702
756,703
756,704
756,708
756,709
756,713
756,717
756,718
756,725
756,729
756,730
756,735
756,740
756,745
756,747
756,748
756,749
756,752
756,755
756,762
756,764
756,765
756,771
756,774
756,777
756,778
756,785
756,803
756,819
756,820
756,823
756,824
756,828
756,831
756,832
756,833
756,835
756,836
756,838
756,839
756,840
756,845
756,846
756,849
756,850
756,851
756,855
756,857
756,858
756,867
756,871
756,882
756,885
756,892
756,900
756,902
756,904
756,905
756,906
756,911
756,913
756,919
756,925
756,929
756,930
756,932
756,938
756,940
756,946
756,949
756,954
756,963
756,974
756,980
756,981
756,983
756,987
756,988
756,996
756,999
756,1002
756,1003
756,1007
756,1009
756,1018
756,1024
756,1026
756,1028
756,1030
756,1041
756,1058
756,1069
756,1078
756,1098
756,1102
756,1104
756,1115
756,1116
756,1120
756,1128
756,1132
756,1138
756,1143
756,1144
756,1145
756,1153
756,1156
756,1158
756,1170
756,1173
756,1182
756,1187
756,1196
756,1198
756,1202
756,1205
756,1208
756,1213
756,1217
756,1224
756,1245
756,1247
756,1248
756,1249
756,1251
756,1255
756,1257
756,1258
756,1259
756,1261
756,1262
756,1263
756,1266
756,1267
756,1271
756,1276
756,1282
756,1283
756,1286
756,1288
756,1298
756,1300
756,1303
756,1310
756,1325
756,1329
756,1331
756,1334
756,1336
756,1338
756,1339
756,1341
756,1342
756,1344
756,1345
756,1346
756,1350
756,1356
756,1362
756,1365
756,1373
756,1375
756,1379
756,1380
756,1385
756,1394
756,1403
756,1409
756,1415
756,1417
756,1420
756,1421
756,1423
756,1425
756,1427
756,1429
756,1430
756,1431
756,1432
756,1434
756,1438
756,1440
756,1443
756,1445
756,1446
756,1447
756,1449
756,1451
756,1453
756,1454
756,1456
756,1458
756,1463
756,1464
756,1466
756,1471
756,1472
756,1478
756,1480
756,1481
756,1485
756,1489
756,1491
756,1501
756,1503
756,1506
756,1511
756,1514
756,1537
756,1538
756,1545
756,1548
756,1552
756,1555
756,1557
756,1566
756,1571
756,1574
756,1589
756,1596
756,1599
756,1608
756,1612
756,1617
756,1618
756,1620
756,1625
756,1627
756,1628
756,1629
756,1632
756,1640
756,1653
756,1664
756,1668
756,1669
756,1671
756,1674
756,1686
756,1704
756,1726
756,1729
756,1754
756,1763
756,1768
756,1774
756,1775
756,1782
756,1796
756,1799
756,1801
756,1821
756,1830
756,1850
756,1854
756,1855
756,1868
756,1869
756,1870
756,1876
756,1882
756,1896
756,1898
756,1900
756,1902
756,1914
756,1928
756,1930
756,1932
756,1933
756,1934
756,1936
756,1937
756,1940
756,1943
756,1946
756,1947
756,1948
756,1951
756,1952
756,1956
756,1958
756,1959
756,1961
756,1963
756,1996
756,1998
756,1999
756,2001
756,2004
756,2005
756,2006
756,2007
756,2008
756,2009
756,2012
756,2015
756,2019
756,2022
756,2023
756,2024
756,2027
756,2031
756,2033
756,2037
756,2042
756,2043
756,2045
756,2046
756,2049
756,2051
756,2053
756,2057
756,2067
756,2077
756,2123
756,2130
756,2134
756,2138
756,2153
756,2155
756,2187
756,2220
756,2225
756,2240
756,2242
756,2244
756,2245
756,2248
756,2249
756,2250
756,2251
756,2258
756,2259
756,2269
756,2299
756,2301
756,2333
756,2341
756,2380
756,2385
756,2387
756,2389
756,2394
756,2414
756,2416
756,2417
756,2421
756,2422
756,2426
756,2430
756,2431
756,2438
756,2445
756,2448
756,2449
756,2477
756,2513
756,2516
756,2524
756,2535
756,2536
756,2539
756,2540
756,2605
756,2841
756,2851
756,2854
756,2856
756,2867
756,2869
756,2878
756,2881
756,2909
756,2911
756,2915
756,2921
756,2925
756,2934
756,2958
756,2960
756,2964
756,2965
756,2966
756,2968
756,2970
756,2975
756,3075
756,3078
756,3079
756,3082
756,3106
756,3107
756,3112
756,3137
756,3138
756,3142
756,3145
756,3164
756,3165
756,3166
756,3184
756,3196
756,3203
756,3219
756,3240
756,3294
756,3312
756,3313
756,3328
756,3329
756,3331
756,3345
756,3346
756,3359
756,3360
756,3387
756,3396
756,3412
756,3451
756,3462
756,3468
756,3500
756,3501
756,3508
756,3537
756,3541
756,3774
756,3785
756,3801
756,3802
756,3822
756,3845
756,3850
756,3863
756,3874
756,3879
756,3884
756,3885
756,3920
756,3923
756,3970
756,3971
756,3975
756,3976
756,3977
756,3978
756,3979
756,3980
756,3981
756,3982
756,3983
756,3984
756,3985
756,3986
756,3987
756,3988
756,3989
756,3990
756,3991
756,3992
756,3993
756,3994
756,3995
756,3996
756,3997
756,3998
756,3999
756,4000
756,4001
756,4002
756,4003
756,4004
756,4005
756,4006
756,4007
756,4008
756,4009
756,4010
756,4011
756,4012
756,4013
756,4014
756,4015
756,4016
756,4017
756,4018
756,4019
756,4020
756,4021
756,4022
756,4023
756,4024
756,4025
756,4026
756,4027
756,4028
756,4029
756,4030
756,4031
756,4032
756,4033
756,4034
756,4035
756,4036
756,4037
756,4038
756,4039
756,4040
756,4041
756,4042
756,4043
756,4044
756,4045
756,4046
756,4047
756,4048
756,4049
756,4050
756,4051
756,4052
756,4053
756,4054
756,4055
756,4056
756,4057
757,30
757,64
757,111
757,165
757,194
757,289
757,369
757,418
757,421
757,424
757,497
757,551
757,569
757,695
757,707
757,811
757,843
757,2141
758,397
758,420
758,573
758,724
758,759
758,768
758,772
758,784
758,834
758,1554
759,29
759,551
759,758
759,783
759,813
759,1877
760,39
760,48
760,50
760,60
760,69
760,170
760,372
760,406
760,423
760,424
760,442
760,451
760,502
760,526
760,527
760,552
760,573
760,574
760,611
760,632
760,724
760,835
760,858
760,1006
760,1009
760,1224
760,1830
760,2099
760,2390
760,3423
761,506
761,709
761,1266
761,1731
761,2868
762,126
762,231
762,522
762,594
762,685
762,772
762,780
762,913
762,1005
762,1017
762,1108
762,1142
762,1146
762,1154
762,1223
762,1253
762,1275
762,1389
762,1884
762,1921
762,2395
762,2506
762,4058
763,495
763,848
763,922
764,31
764,37
764,64
764,74
764,87
764,96
764,118
764,188
764,200
764,207
764,230
764,232
764,240
764,241
764,245
764,249
764,294
764,296
764,325
764,336
764,338
764,339
764,342
764,351
764,353
764,385
764,386
764,391
764,398
764,411
764,450
764,466
764,472
764,699
764,749
764,756
764,806
764,851
764,1095
764,1172
764,1185
764,1190
764,1240
764,1511
764,2341
764,2862
765,3
765,11
765,14
765,19
765,20
765,31
765,46
765,55
765,92
765,103
765,105
765,125
765,127
765,134
765,135
765,191
765,231
765,245
765,246
765,254
765,265
765,267
765,274
765,275
765,276
765,300
765,307
765,326
765,342
765,370
765,380
765,381
765,385
765,388
765,399
765,403
765,411
765,429
765,431
765,433
765,466
765,492
765,503
765,515
765,518
765,520
765,521
765,522
765,532
765,546
765,556
765,569
765,601
765,615
765,628
765,637
765,638
765,646
765,664
765,672
765,683
765,688
765,702
765,711
765,716
765,717
765,729
765,736
765,741
765,745
765,756
765,775
765,780
765,781
765,798
765,800
765,831
765,833
765,843
765,845
765,875
765,884
765,913
765,931
765,945
765,962
765,964
765,966
765,973
765,974
765,979
765,994
765,995
765,1005
765,1030
765,1043
765,1096
765,1098
765,1132
765,1144
765,1157
765,1161
765,1202
765,1246
765,1247
765,1257
765,1331
765,1332
765,1337
765,1340
765,1341
765,1342
765,1345
765,1346
765,1357
765,1358
765,1360
765,1364
765,1365
765,1366
765,1406
765,1411
765,1412
765,1580
765,1603
765,1612
765,1773
765,1776
765,1783
765,1852
765,1857
765,1873
765,1899
765,1928
765,2132
765,2140
765,2190
765,2238
765,2269
765,2299
765,2308
765,2404
765,2410
765,2412
765,2519
765,2535
765,2854
765,2856
765,2945
765,3163
765,3359
765,3791
765,4059
765,4060
765,4061
765,4062
766,534
766,618
767,823
768,31
768,118
768,191
768,292
768,364
768,374
768,422
768,457
768,573
768,575
768,611
768,617
768,749
768,758
769,420
770,123
770,588
770,1073
771,41
771,45
771,123
771,494
771,817
771,841
771,2864
771,3416
772,35
772,494
772,569
772,588
772,594
772,611
772,632
772,701
772,758
772,762
772,885
772,922
772,941
772,964
772,984
772,1005
772,1329
772,1679
772,1752
772,1758
772,3788
772,4063
773,123
773,630
773,847
773,853
773,3415
774,167
774,180
774,246
774,431
774,461
774,492
774,532
774,685
774,711
774,806
774,845
774,867
774,882
774,898
774,996
774,1098
774,1208
774,1249
774,1255
774,1336
774,1341
774,1344
774,1569
774,1607
774,1664
774,1776
774,1901
774,1932
774,2011
774,2070
774,2134
774,2150
774,2425
774,2444
774,2517
774,2518
774,2880
774,3146
774,3463
774,3878
774,3898
774,4064
774,4065
774,4066
774,4067
774,4068
774,4069
774,4070
775,68
775,135
775,231
775,267
775,270
775,420
775,435
775,437
775,442
775,453
775,475
775,504
775,515
775,519
775,594
775,708
775,725
775,780
775,787
775,792
775,798
775,852
775,874
775,875
775,913
775,945
775,964
775,967
775,971
775,973
775,981
775,984
775,1010
775,1015
775,1024
775,1049
775,1134
775,1143
775,1152
775,1153
775,1157
775,1173
775,1210
775,1331
775,1390
775,1393
775,1521
775,1573
775,1580
775,1597
775,1602
775,1776
775,1793
775,1826
775,1856
775,1920
775,2195
775,2269
775,2400
775,2514
775,2520
775,2849
775,3066
775,3441
775,3513
775,3814
775,3817
775,3977
775,4071
776,32
776,140
776,270
776,380
776,426
776,512
776,515
776,524
776,564
776,795
776,797
776,799
776,831
776,875
776,945
776,971
776,987
776,1017
776,1027
776,1150
776,1151
776,1153
776,1322
776,1326
776,1329
776,1535
776,1626
776,1835
776,2301
776,2395
776,3305
776,3419
776,3889
776,4072
776,4073
777,10
777,11
777,31
777,43
777,74
777,85
777,96
777,107
777,111
777,116
777,217
777,228
777,236
777,244
777,250
777,253
777,272
777,276
777,280
777,284
777,285
777,293
777,301
777,321
777,324
777,354
777,367
777,484
777,542
777,555
777,618
777,756
777,909
777,1055
777,1116
777,1185
777,1186
777,1505
777,1506
777,4074
778,503
778,525
778,660
778,672
778,782
778,845
778,882
778,987
778,996
778,1098
778,1241
778,1247
778,1261
778,1395
778,1425
778,1588
778,1630
778,1778
778,2031
778,2040
778,2328
778,3063
778,4075
778,4076
778,4077
778,4078
778,4079
779,625
779,782
779,1596
779,1754
779,4080
779,4081
779,4082
780,172
780,257
780,326
780,415
780,448
780,476
780,524
780,592
780,594
780,638
780,683
780,708
780,711
780,762
780,775
780,863
780,949
780,967
780,971
780,990
780,1005
780,1010
780,1012
780,1023
780,1028
780,1049
780,1091
780,1096
780,1138
780,1143
780,1146
780,1152
780,1277
780,1325
780,1393
780,1580
780,1586
780,1775
780,1803
780,1811
780,1920
780,1921
780,2117
780,2118
780,2121
780,2303
780,2336
780,2520
780,2533
780,3464
780,4083
780,4084
781,68
781,270
781,381
781,407
781,464
781,504
781,509
781,511
781,517
781,520
781,542
781,547
781,570
781,636
781,702
781,765
781,845
781,989
781,999
781,1032
781,1045
781,1098
781,1140
781,1150
781,1151
781,1152
781,1208
781,1213
781,1259
781,1260
781,1342
781,1380
781,1450
781,1580
781,1601
781,1612
781,1625
781,1757
781,1778
781,1900
781,1934
781,2041
781,2240
781,2268
781,2269
781,2279
781,2296
781,2993
781,3038
781,3412
781,3549
781,3555
781,3776
781,4085
781,4086
781,4087
781,4088
781,4089
781,4090
781,4091
781,4092
781,4093
781,4094
781,4095
781,4096
781,4097
781,4098
781,4099
781,4100
782,464
782,516
782,592
782,594
782,683
782,684
782,778
782,779
782,898
782,913
782,964
782,974
782,1005
782,1049
782,1098
782,1246
782,1273
782,1329
782,1340
782,1761
782,1768
782,1777
782,1921
782,2048
782,2303
782,2424
782,2849
782,3022
782,3394
782,4101
783,569
784,34
784,37
784,414
784,424
784,489
784,551
784,631
784,706
784,725
784,758
784,1382
784,3293
785,34
785,503
785,758
785,1208
785,1417
785,1433
785,1609
785,1617
785,1620
785,1624
785,1772
785,1776
785,1854
785,2011
785,2114
785,2874
785,3144
785,4035
785,4102
785,4103
785,4104
786,372
786,378
787,35
787,267
787,525
787,551
787,580
787,588
787,635
787,1136
787,1203
787,3892
788,35
788,44
788,62
788,66
788,67
788,125
788,130
788,132
788,144
788,405
788,428
788,441
788,494
788,498
788,552
788,559
788,583
788,584
788,632
788,709
788,715
788,821
788,847
788,882
788,938
788,1014
788,1386
788,1392
788,1732
789,35
789,97
789,123
789,154
789,365
789,432
789,500
789,796
789,831
789,848
789,946
789,977
789,981
789,995
789,1003
789,1026
789,1069
789,1099
789,1611
789,1619
789,1871
789,1901
789,2065
789,2240
789,2340
789,3533
790,524
790,1020
790,1029
790,1669
791,35
791,437
791,438
791,520
791,537
791,565
791,831
791,946
791,964
791,981
791,1098
791,1134
791,1151
791,1158
791,1258
791,1271
791,1327
791,1332
791,1335
791,1365
791,1366
791,1421
791,1425
791,1426
791,1433
791,1434
791,1612
791,1668
791,1763
791,1781
791,1821
791,1870
791,1895
791,1909
791,1948
791,2308
791,2422
791,2513
791,2909
791,2960
791,3082
791,3191
791,3328
791,3492
791,3536
791,3987
791,4105
791,4106
791,4107
792,35
792,153
792,399
792,775
792,795
792,800
792,876
792,967
792,1012
792,1148
792,1150
792,1156
792,1276
792,1283
792,1325
792,1349
792,1480
792,1631
792,1811
792,2528
792,2945
792,3192
792,3193
792,3206
792,4108
793,1146
793,1325
793,4109
794,1096
795,399
795,635
795,995
795,1146
795,1154
795,1535
795,1766
795,2305
795,3196
796,0
796,35
796,388
796,576
796,635
796,708
796,760
796,795
796,1058
796,1140
796,1146
796,1157
796,1218
796,1566
796,1784
796,4110
797,35
797,135
797,153
797,192
797,270
797,271
797,319
797,324
797,385
797,416
797,431
797,653
797,683
797,702
797,776
797,882
797,964
797,967
797,973
797,983
797,987
797,1096
797,1151
797,1158
797,1277
797,1362
797,1389
797,1602
797,1766
797,1837
797,1899
797,2140
797,2150
797,2519
797,2849
797,4073
797,4111
798,35
798,144
798,270
798,428
798,644
798,708
798,765
798,775
798,967
798,980
798,981
798,1012
798,1098
798,1154
798,1157
798,1159
798,1245
798,1329
798,1337
798,1365
798,1535
798,1768
798,1773
798,1775
798,1837
798,2082
798,2113
798,2166
798,2328
798,2369
798,2535
798,2740
798,2764
798,2765
798,2781
798,2827
798,2832
798,3195
798,3229
798,3268
798,3270
798,3663
798,3684
798,3693
798,3699
798,3709
798,3819
798,3952
798,4112
798,4113
798,4114
798,4115
798,4116
799,35
799,776
799,935
799,945
799,967
799,1157
799,1212
799,1599
799,2401
800,68
800,270
800,435
800,457
800,548
800,636
800,776
800,799
800,990
800,1023
800,1157
800,1161
800,1535
800,1596
800,1597
800,1764
800,1765
800,3195
800,3438
801,55
801,67
801,136
801,140
801,157
801,167
801,168
801,170
801,448
801,513
801,559
801,576
801,605
801,718
801,845
801,871
801,924
801,925
801,982
801,1069
801,1325
801,1329
801,1603
801,1751
801,1760
801,1761
801,1773
801,2303
801,4117
802,35
802,137
802,680
803,5
803,36
803,322
803,325
803,843
803,1188
804,36
804,93
804,194
804,217
804,244
804,264
804,274
804,278
804,289
804,297
804,313
804,316
804,319
804,324
804,338
804,389
804,390
804,484
804,540
804,1199
805,1237
805,4118
806,36
806,37
806,40
806,88
806,95
806,127
806,156
806,182
806,230
806,231
806,237
806,241
806,246
806,250
806,254
806,275
806,289
806,339
806,342
806,351
806,369
806,380
806,385
806,388
806,391
806,404
806,456
806,518
806,532
806,592
806,639
806,653
806,660
806,688
806,702
806,708
806,716
806,730
806,732
806,749
806,764
806,774
806,794
806,831
806,836
806,843
806,858
806,884
806,969
806,971
806,972
806,980
806,981
806,1009
806,1017
806,1056
806,1079
806,1154
806,1158
806,1161
806,1185
806,1208
806,1232
806,1244
806,1247
806,1258
806,1267
806,1294
806,1298
806,1302
806,1313
806,1318
806,1325
806,1331
806,1344
806,1349
806,1353
806,1361
806,1362
806,1395
806,1403
806,1409
806,1422
806,1426
806,1430
806,1449
806,1453
806,1482
806,1484
806,1511
806,1662
806,1664
806,1679
806,1707
806,1708
806,1754
806,1777
806,1838
806,1896
806,1899
806,1949
806,1990
806,2039
806,2114
806,2164
806,2258
806,2259
806,2270
806,2309
806,2313
806,2316
806,2323
806,2341
806,2399
806,2406
806,2415
806,2445
806,2519
806,2553
806,2576
806,2583
806,2588
806,2593
806,2594
806,2596
806,2630
806,2725
806,2759
806,2809
806,2980
806,3028
806,3031
806,3034
806,3041
806,3045
806,3077
806,3124
806,3179
806,3241
806,3258
806,3302
806,3541
806,3573
806,3788
806,3965
806,3998
806,4119
806,4120
806,4121
806,4122
806,4123
806,4124
806,4125
807,591
807,594
807,1036
808,45
808,48
808,87
808,99
808,484
808,1595
808,2186
808,2949
809,256
810,364
811,757
811,1278
812,13
812,24
812,27
812,29
812,221
812,258
812,368
812,405
812,556
812,619
812,1072
812,1077
812,4126
813,17
813,28
813,40
813,118
813,256
813,300
813,424
813,429
813,556
813,569
813,573
813,759
813,851
813,1052
813,2111
814,556
815,58
815,255
815,428
815,533
815,560
815,588
815,758
815,928
815,1076
815,4127
816,28
816,36
816,123
816,278
816,400
816,414
816,422
816,658
816,727
816,819
816,4128
817,0
817,41
817,43
817,132
817,494
817,551
817,771
817,891
817,4129
818,416
818,2795
818,3265
818,3647
818,3663
818,3684
818,3735
818,3836
818,4130
818,4131
818,4132
818,4133
818,4134
818,4135
818,4136
819,36
819,300
819,400
819,422
819,816
819,1566
820,256
821,40
821,41
821,62
821,128
821,156
821,234
821,256
821,385
821,391
821,569
821,588
821,701
821,709
821,713
821,788
821,824
821,848
821,915
821,1099
821,2332
822,271
823,90
823,91
823,99
823,111
823,193
823,209
823,219
823,221
823,236
823,250
823,253
823,265
823,272
823,278
823,280
823,297
823,337
823,339
823,359
823,378
823,471
823,534
823,578
823,609
823,662
823,895
823,1726
823,2005
824,39
824,42
824,62
824,100
824,125
824,128
824,134
824,408
824,415
824,533
824,559
824,568
824,588
824,604
824,708
824,709
824,715
824,755
824,821
824,836
824,838
824,840
824,844
824,847
824,890
824,941
824,986
824,1032
824,1033
824,1174
824,1208
824,1254
824,1258
824,1283
824,1285
824,1295
824,1404
824,1447
824,1453
824,1458
824,1464
824,1477
824,1478
824,1483
824,1546
824,1665
824,1775
824,1943
824,1947
824,1948
824,1954
824,1958
824,1963
824,2009
824,2427
824,3316
824,3543
824,3923
824,4040
824,4045
824,4050
824,4053
824,4137
824,4138
824,4139
825,39
825,727
826,80
826,81
826,228
826,236
826,241
826,271
826,336
826,339
826,386
826,3209
827,40
827,110
827,520
827,545
827,1026
828,65
828,230
828,276
828,292
828,350
828,372
828,398
828,400
828,450
828,547
828,612
828,617
828,688
828,703
828,851
829,40
829,95
829,165
829,313
829,398
829,611
829,748
829,4140
830,727
831,3
831,40
831,42
831,55
831,59
831,103
831,135
831,154
831,157
831,165
831,168
831,172
831,174
831,213
831,256
831,269
831,275
831,326
831,371
831,379
831,380
831,385
831,388
831,406
831,428
831,433
831,437
831,441
831,449
831,450
831,452
831,453
831,456
831,460
831,466
831,506
831,515
831,516
831,518
831,519
831,537
831,539
831,546
831,565
831,572
831,592
831,604
831,611
831,628
831,636
831,637
831,638
831,653
831,664
831,685
831,699
831,704
831,708
831,716
831,729
831,730
831,765
831,775
831,776
831,780
831,789
831,791
831,795
831,800
831,806
831,836
831,844
831,845
831,863
831,867
831,869
831,874
831,877
831,925
831,945
831,949
831,958
831,962
831,964
831,967
831,971
831,974
831,979
831,980
831,989
831,990
831,994
831,995
831,1009
831,1011
831,1018
831,1023
831,1098
831,1107
831,1132
831,1144
831,1161
831,1202
831,1223
831,1323
831,1331
831,1332
831,1334
831,1337
831,1346
831,1349
831,1350
831,1355
831,1358
831,1365
831,1366
831,1388
831,1389
831,1401
831,1403
831,1407
831,1410
831,1420
831,1430
831,1471
831,1515
831,1528
831,1534
831,1580
831,1588
831,1589
831,1747
831,1748
831,1764
831,1765
831,1768
831,1770
831,1775
831,1776
831,1786
831,1894
831,1918
831,1919
831,1920
831,1921
831,1999
831,2074
831,2121
831,2140
831,2269
831,2341
831,2402
831,2406
831,2415
831,2443
831,2519
831,2844
831,2849
831,2850
831,2970
831,3328
831,3365
831,3513
831,3524
831,3903
832,40
832,130
832,287
832,391
832,408
832,413
832,493
832,506
832,716
832,849
832,1272
832,1570
832,3148
832,4141
833,27
833,40
833,62
833,66
833,68
833,123
833,130
833,133
833,137
833,167
833,269
833,386
833,391
833,413
833,419
833,420
833,426
833,439
833,442
833,453
833,515
833,530
833,576
833,588
833,662
833,845
833,857
833,923
833,957
833,1003
833,1041
833,1126
833,1212
833,1224
833,1241
833,1388
833,1513
833,1802
833,3779
833,4142
833,4143
834,40
834,317
834,365
834,407
834,580
834,709
834,727
834,758
834,848
834,889
834,939
834,1203
834,1215
834,1383
834,2932
834,4144
834,4145
835,3
835,9
835,16
835,18
835,40
835,41
835,42
835,62
835,69
835,108
835,110
835,120
835,135
835,136
835,137
835,138
835,140
835,141
835,142
835,149
835,152
835,154
835,155
835,157
835,159
835,167
835,170
835,173
835,180
835,195
835,214
835,239
835,253
835,259
835,276
835,294
835,296
835,323
835,365
835,372
835,386
835,406
835,408
835,415
835,428
835,431
835,439
835,441
835,442
835,443
835,446
835,447
835,448
835,449
835,450
835,451
835,459
835,461
835,462
835,466
835,508
835,511
835,512
835,514
835,518
835,519
835,520
835,521
835,523
835,546
835,570
835,574
835,584
835,601
835,604
835,611
835,629
835,630
835,653
835,661
835,668
835,693
835,702
835,713
835,714
835,717
835,728
835,749
835,754
835,756
835,760
835,813
835,833
835,840
835,845
835,848
835,852
835,855
835,857
835,861
835,867
835,870
835,882
835,938
835,961
835,973
835,988
835,1005
835,1011
835,1033
835,1052
835,1121
835,1158
835,1160
835,1163
835,1167
835,1208
835,1215
835,1216
835,1218
835,1221
835,1223
835,1224
835,1241
835,1389
835,1506
835,1515
835,1517
835,1531
835,1585
835,1586
835,1590
835,1746
835,1751
835,1802
835,1820
835,1830
835,1831
835,1860
835,1919
835,2058
835,2059
835,2061
835,2074
835,2909
835,3063
835,3064
835,3183
835,3299
835,3356
835,3360
835,4146
835,4147
836,40
836,105
836,128
836,143
836,151
836,292
836,326
836,352
836,381
836,403
836,437
836,520
836,664
836,699
836,713
836,717
836,732
836,755
836,756
836,778
836,806
836,824
836,831
836,839
836,906
836,954
836,980
836,1024
836,1026
836,1078
836,1140
836,1208
836,1213
836,1247
836,1251
836,1252
836,1258
836,1260
836,1266
836,1267
836,1273
836,1318
836,1337
836,1352
836,1353
836,1365
836,1403
836,1409
836,1412
836,1413
836,1417
836,1418
836,1430
836,1433
836,1434
836,1440
836,1441
836,1443
836,1453
836,1458
836,1478
836,1484
836,1589
836,1596
836,1599
836,1615
836,1618
836,1627
836,1629
836,1632
836,1640
836,1770
836,1775
836,1776
836,1840
836,1854
836,1869
836,1898
836,1900
836,1902
836,1922
836,1925
836,1936
836,1937
836,1948
836,1959
836,1963
836,2004
836,2006
836,2009
836,2016
836,2049
836,2130
836,2136
836,2244
836,2245
836,2259
836,2422
836,2455
836,2535
836,2856
836,2911
836,2925
836,2960
836,2970
836,2975
836,3013
836,3014
836,3026
836,3037
836,3086
836,3241
836,3316
836,3328
836,3331
836,3334
836,3919
836,3961
836,4045
836,4148
836,4149
836,4150
836,4151
836,4152
836,4153
836,4154
837,40
837,41
837,62
837,119
837,234
837,408
837,534
837,630
837,715
837,2865
837,4085
838,10
838,24
838,27
838,31
838,38
838,40
838,41
838,44
838,45
838,46
838,49
838,53
838,58
838,60
838,61
838,62
838,64
838,66
838,67
838,86
838,123
838,128
838,129
838,130
838,132
838,134
838,165
838,234
838,244
838,256
838,263
838,265
838,276
838,339
838,372
838,404
838,407
838,414
838,416
838,420
838,421
838,424
838,432
838,437
838,452
838,461
838,462
838,466
838,480
838,488
838,494
838,495
838,499
838,500
838,505
838,506
838,549
838,551
838,569
838,570
838,575
838,576
838,578
838,579
838,583
838,584
838,591
838,622
838,653
838,661
838,693
838,709
838,714
838,725
838,727
838,734
838,754
838,755
838,756
838,757
838,758
838,760
838,761
838,763
838,771
838,788
838,820
838,821
838,823
838,824
838,834
838,840
838,842
838,850
838,857
838,883
838,889
838,922
838,923
838,925
838,927
838,929
838,938
838,941
838,953
838,998
838,999
838,1039
838,1047
838,1050
838,1051
838,1083
838,1085
838,1087
838,1088
838,1108
838,1191
838,1206
838,1211
838,1213
838,1234
838,1270
838,1272
838,1369
838,1382
838,1491
838,1506
838,1556
838,1562
838,1728
838,1814
838,2179
838,2215
838,2332
838,2392
838,2526
838,2865
838,3063
838,3106
838,3150
838,3197
838,3529
838,3975
838,4155
838,4156
838,4157
838,4158
839,40
839,62
839,270
839,370
839,381
839,391
839,407
839,433
839,503
839,664
839,729
839,785
839,836
839,853
839,923
839,954
839,966
839,1024
839,1146
839,1202
839,1226
839,1256
839,1365
839,1412
839,1420
839,1589
839,1617
839,1774
839,1776
839,1782
839,1811
839,1821
839,1855
839,1895
839,1899
839,2011
839,2077
839,2130
839,2133
839,2150
839,2849
839,2855
839,2856
839,3304
839,3463
839,3847
839,3903
840,42
840,44
840,62
840,123
840,125
840,126
840,140
840,180
840,317
840,391
840,416
840,426
840,491
840,500
840,506
840,569
840,570
840,631
840,709
840,727
840,824
840,847
840,889
840,941
840,3762
841,40
841,119
841,580
841,617
841,771
841,892
842,119
842,771
842,4159
843,18
843,40
843,46
843,100
843,101
843,110
843,111
843,116
843,120
843,121
843,125
843,155
843,156
843,158
843,171
843,180
843,207
843,227
843,231
843,234
843,235
843,237
843,241
843,245
843,246
843,253
843,254
843,268
843,269
843,272
843,284
843,286
843,321
843,326
843,332
843,336
843,338
843,342
843,348
843,351
843,352
843,353
843,362
843,371
843,373
843,386
843,388
843,391
843,408
843,411
843,433
843,448
843,453
843,473
843,484
843,485
843,510
843,520
843,537
843,557
843,565
843,570
843,592
843,629
843,641
843,646
843,688
843,716
843,732
843,745
843,746
843,757
843,765
843,780
843,803
843,845
843,857
843,884
843,900
843,932
843,945
843,947
843,949
843,955
843,964
843,966
843,971
843,974
843,977
843,989
843,990
843,1005
843,1007
843,1012
843,1023
843,1029
843,1111
843,1146
843,1151
843,1223
843,1232
843,1248
843,1268
843,1286
843,1288
843,1298
843,1309
843,1312
843,1319
843,1327
843,1342
843,1351
843,1355
843,1365
843,1366
843,1381
843,1390
843,1391
843,1403
843,1409
843,1430
843,1443
843,1446
843,1461
843,1478
843,1485
843,1522
843,1571
843,1586
843,1594
843,1601
843,1614
843,1663
843,1666
843,1707
843,1759
843,1769
843,1773
843,1843
843,1845
843,1852
843,1863
843,1884
843,1968
843,2027
843,2114
843,2160
843,2165
843,2172
843,2250
843,2259
843,2261
843,2270
843,2293
843,2302
843,2303
843,2309
843,2397
843,2455
843,2477
843,2488
843,2520
843,2531
843,2590
843,2950
843,2984
843,3119
843,3120
843,3136
843,3241
843,3415
843,3451
843,3453
843,3500
843,3514
843,3800
843,3808
843,3856
843,3973
843,3980
843,4160
843,4161
843,4162
843,4163
843,4164
843,4165
843,4166
843,4167
843,4168
843,4169
844,317
844,565
844,632
844,713
844,824
844,863
844,1012
844,1138
844,1580
844,1835
844,1921
844,2865
844,3417
844,4170
845,21
845,41
845,55
845,67
845,125
845,135
845,139
845,146
845,148
845,154
845,156
845,157
845,164
845,192
845,254
845,258
845,276
845,285
845,292
845,326
845,332
845,352
845,365
845,369
845,370
845,411
845,415
845,421
845,426
845,428
845,433
845,441
845,485
845,503
845,508
845,516
845,518
845,519
845,522
845,524
845,551
845,566
845,584
845,594
845,601
845,636
845,637
845,638
845,681
845,686
845,690
845,712
845,713
845,722
845,729
845,730
845,732
845,760
845,774
845,781
845,801
845,833
845,847
845,882
845,894
845,906
845,938
845,974
845,976
845,980
845,1005
845,1007
845,1009
845,1044
845,1077
845,1096
845,1107
845,1198
845,1208
845,1216
845,1217
845,1223
845,1224
845,1244
845,1245
845,1248
845,1259
845,1261
845,1262
845,1267
845,1273
845,1282
845,1286
845,1289
845,1291
845,1292
845,1294
845,1295
845,1298
845,1304
845,1308
845,1310
845,1312
845,1314
845,1315
845,1316
845,1317
845,1319
845,1331
845,1341
845,1342
845,1346
845,1353
845,1356
845,1417
845,1432
845,1437
845,1443
845,1461
845,1464
845,1471
845,1478
845,1479
845,1481
845,1571
845,1580
845,1592
845,1614
845,1626
845,1632
845,1644
845,1647
845,1656
845,1660
845,1662
845,1664
845,1669
845,1670
845,1676
845,1678
845,1686
845,1692
845,1697
845,1700
845,1706
845,1707
845,1708
845,1709
845,1738
845,1746
845,1757
845,1769
845,1799
845,1807
845,1838
845,1843
845,1845
845,1871
845,1904
845,1915
845,1916
845,1918
845,1919
845,1923
845,1924
845,1926
845,1928
845,1937
845,1938
845,1946
845,1951
845,1955
845,1961
845,1963
845,1968
845,1975
845,1976
845,1978
845,1985
845,1990
845,1991
845,2050
845,2109
845,2151
845,2156
845,2157
845,2160
845,2161
845,2165
845,2175
845,2218
845,2248
845,2250
845,2257
845,2259
845,2260
845,2262
845,2267
845,2268
845,2270
845,2271
845,2272
845,2286
845,2289
845,2291
845,2294
845,2302
845,2394
845,2416
845,2456
845,2466
845,2469
845,2477
845,2479
845,2481
845,2484
845,2487
845,2489
845,2535
845,2560
845,2565
845,2568
845,2570
845,2584
845,2596
845,2604
845,2611
845,2612
845,2617
845,2640
845,2646
845,2662
845,2685
845,2757
845,2923
845,2927
845,2947
845,2968
845,2976
845,2984
845,2986
845,2992
845,2993
845,2997
845,3003
845,3007
845,3041
845,3051
845,3119
845,3121
845,3214
845,3255
845,3316
845,3552
845,3554
845,3559
845,3823
845,3916
845,3968
845,4047
845,4171
845,4172
845,4173
845,4174
845,4175
845,4176
845,4177
845,4178
845,4179
845,4180
845,4181
846,39
846,41
846,46
846,62
846,135
846,372
846,378
846,428
846,506
846,571
846,572
846,573
846,816
846,834
846,1098
847,41
847,45
847,119
847,123
847,126
847,391
847,407
847,494
847,578
847,594
847,622
847,632
847,773
847,824
847,840
847,984
847,1077
847,2178
848,41
848,45
848,407
848,821
848,834
849,41
849,44
849,832
850,41
850,67
850,128
850,259
850,379
850,441
850,492
850,582
850,693
850,1052
850,1088
850,1386
850,1559
850,1562
851,3
851,14
851,20
851,21
851,28
851,30
851,32
851,34
851,35
851,37
851,40
851,41
851,42
851,44
851,62
851,67
851,77
851,83
851,94
851,96
851,105
851,107
851,108
851,110
851,115
851,118
851,120
851,121
851,123
851,125
851,126
851,128
851,130
851,132
851,164
851,165
851,171
851,183
851,184
851,186
851,191
851,197
851,200
851,213
851,214
851,217
851,219
851,224
851,225
851,229
851,231
851,232
851,234
851,236
851,237
851,239
851,241
851,244
851,249
851,251
851,253
851,265
851,272
851,274
851,276
851,280
851,289
851,290
851,292
851,293
851,294
851,296
851,300
851,310
851,316
851,317
851,318
851,322
851,324
851,327
851,336
851,339
851,342
851,343
851,345
851,347
851,350
851,359
851,362
851,365
851,368
851,378
851,387
851,390
851,391
851,393
851,396
851,399
851,401
851,404
851,406
851,407
851,411
851,412
851,413
851,421
851,422
851,423
851,424
851,428
851,432
851,441
851,450
851,452
851,462
851,466
851,472
851,488
851,494
851,495
851,543
851,546
851,547
851,550
851,551
851,556
851,557
851,559
851,570
851,573
851,574
851,576
851,578
851,583
851,584
851,588
851,611
851,617
851,619
851,622
851,624
851,653
851,659
851,661
851,662
851,688
851,689
851,690
851,693
851,694
851,697
851,699
851,704
851,709
851,713
851,714
851,716
851,717
851,718
851,719
851,722
851,724
851,729
851,734
851,735
851,740
851,747
851,748
851,749
851,750
851,751
851,752
851,754
851,756
851,760
851,764
851,768
851,772
851,788
851,789
851,813
851,824
851,828
851,829
851,834
851,838
851,839
851,840
851,843
851,844
851,845
851,846
851,847
851,850
851,877
851,905
851,906
851,915
851,925
851,938
851,940
851,941
851,954
851,988
851,1039
851,1048
851,1052
851,1069
851,1087
851,1097
851,1126
851,1128
851,1200
851,1208
851,1211
851,1230
851,1231
851,1331
851,1341
851,1369
851,1494
851,1501
851,1547
851,1548
851,1549
851,1550
851,1551
851,1552
851,1557
851,1574
851,1720
851,1726
851,1887
851,2053
851,2215
851,2220
851,3063
851,3154
851,3208
851,3520
851,4182
852,42
852,121
852,126
852,419
852,442
852,498
852,506
852,552
852,775
852,853
852,1009
852,1224
852,2846
852,3197
852,4183
853,42
853,45
853,494
853,580
853,773
853,852
853,4184
854,0
854,29
854,42
855,42
855,66
855,509
855,593
855,662
855,669
855,955
855,1044
855,1106
855,1122
855,1124
855,3063
855,3184
855,3296
856,42
856,863
856,2057
857,3
857,18
857,19
857,20
857,21
857,31
857,34
857,35
857,40
857,41
857,42
857,44
857,57
857,60
857,67
857,95
857,108
857,117
857,125
857,126
857,127
857,128
857,131
857,136
857,149
857,153
857,156
857,160
857,164
857,170
857,171
857,180
857,234
857,244
857,256
857,269
857,292
857,317
857,326
857,330
857,339
857,365
857,368
857,379
857,386
857,399
857,406
857,430
857,432
857,433
857,439
857,442
857,443
857,444
857,447
857,449
857,453
857,457
857,461
857,494
857,498
857,500
857,504
857,508
857,510
857,511
857,512
857,519
857,522
857,528
857,534
857,548
857,556
857,558
857,564
857,572
857,574
857,576
857,582
857,583
857,588
857,590
857,593
857,604
857,632
857,661
857,662
857,668
857,693
857,709
857,711
857,713
857,714
857,718
857,729
857,744
857,772
857,823
857,835
857,838
857,839
857,850
857,856
857,922
857,935
857,938
857,940
857,943
857,959
857,960
857,998
857,999
857,1006
857,1018
857,1024
857,1032
857,1044
857,1051
857,1052
857,1083
857,1088
857,1110
857,1111
857,1122
857,1123
857,1153
857,1161
857,1213
857,1214
857,1218
857,1221
857,1224
857,1272
857,1276
857,1278
857,1327
857,1388
857,1389
857,1514
857,1574
857,1596
857,1735
857,1799
857,1800
857,1876
857,1890
857,2058
857,2059
857,2118
857,2145
857,2332
857,2336
857,2510
857,2520
857,2842
857,2869
857,2952
857,3064
857,3237
857,3289
857,3296
857,3375
857,3516
857,4085
857,4129
857,4157
857,4185
857,4186
858,42
858,48
858,170
858,257
858,406
858,442
858,533
858,584
858,605
858,760
858,859
858,960
858,1025
858,1041
858,1052
858,1108
858,1218
858,1223
858,1388
858,1525
858,1747
859,170
859,858
859,1223
859,1747
859,3778
860,512
860,530
860,594
860,684
860,715
860,1014
860,1157
860,1583
860,1595
860,1598
860,1866
860,1916
860,2469
860,2527
860,3020
860,3247
860,4187
860,4188
861,42
861,140
861,259
861,452
861,868
861,946
861,1861
861,4147
862,42
862,66
862,100
862,170
862,426
862,582
862,1044
862,1549
862,2065
863,13
863,14
863,42
863,46
863,89
863,104
863,141
863,150
863,156
863,269
863,278
863,404
863,405
863,431
863,466
863,489
863,510
863,512
863,522
863,565
863,576
863,592
863,637
863,659
863,684
863,688
863,703
863,780
863,831
863,835
863,844
863,856
863,876
863,949
863,966
863,1012
863,1015
863,1023
863,1024
863,1028
863,1036
863,1091
863,1140
863,1142
863,1153
863,1166
863,1223
863,1224
863,1328
863,1354
863,1400
863,1412
863,1433
863,1566
863,1580
863,1593
863,1626
863,1786
863,1890
863,1932
863,2095
863,2144
863,2302
863,2335
863,2443
863,2520
863,2535
863,3187
863,3189
863,3190
863,3310
863,3366
863,3469
863,3476
863,3853
863,3881
863,4189
863,4190
863,4191
863,4192
864,42
864,419
864,1567
865,170
865,1400
865,1809
866,42
866,370
866,1254
866,1271
866,1676
866,1827
866,3335
867,42
867,48
867,140
867,156
867,171
867,323
867,455
867,457
867,459
867,509
867,522
867,524
867,662
867,774
867,870
867,871
867,873
867,1013
867,1245
867,1389
867,1524
867,1535
867,1571
867,1594
867,1598
867,2302
867,3173
867,3390
868,42
868,861
868,4193
869,42
869,141
869,171
869,371
869,429
869,457
869,518
869,519
869,524
869,527
869,670
869,711
869,718
869,776
869,795
869,875
869,963
869,966
869,1005
869,1146
869,1152
869,1205
869,1223
869,1224
869,1531
869,1822
869,1865
869,1920
869,1921
869,2113
869,2121
869,2240
869,2308
869,3439
870,48
870,136
870,458
870,507
870,523
870,1388
870,1531
870,1813
870,3360
871,60
871,154
871,528
871,867
871,1030
871,1598
871,1824
871,3292
871,3451
872,43
872,1276
873,43
873,518
873,519
873,521
873,671
873,680
873,683
873,775
873,795
873,867
873,869
873,875
873,945
873,1010
873,1126
873,1148
873,1161
873,1212
873,1282
873,1718
873,1775
873,2269
873,2860
873,2945
873,3195
873,3305
873,4194
874,43
874,50
874,55
874,144
874,343
874,370
874,388
874,437
874,496
874,546
874,638
874,672
874,702
874,708
874,775
874,819
874,831
874,875
874,913
874,949
874,971
874,972
874,973
874,974
874,981
874,982
874,1010
874,1205
874,1245
874,1751
874,1775
874,1856
874,2413
874,2523
874,2535
874,3817
875,43
875,135
875,146
875,496
875,513
875,708
875,765
875,775
875,776
875,873
875,874
875,913
875,927
875,945
875,949
875,962
875,964
875,966
875,971
875,976
875,990
875,1012
875,1157
875,1161
875,1856
875,2216
875,2401
875,3816
875,4195
875,4196
875,4197
875,4198
876,43
876,270
876,449
876,710
876,792
876,863
876,966
876,1098
876,1152
876,1242
876,1276
876,1282
876,1811
876,1901
876,3815
876,4199
876,4200
876,4201
877,42
877,44
877,133
877,502
877,582
877,604
877,947
877,957
877,1009
877,1040
877,1221
877,1733
877,1740
877,1747
878,1596
879,409
880,24
880,675
880,4202
881,754
882,153
882,411
882,416
882,461
882,462
882,503
882,660
882,702
882,724
882,774
882,778
882,788
882,797
882,835
882,845
882,1223
882,1414
882,1449
882,1691
882,1751
882,1757
882,1975
882,2456
882,2604
882,2630
882,2639
882,2679
882,2705
882,2726
882,2763
882,3255
882,3574
882,3610
882,3615
882,3636
882,3858
882,3968
882,4203
882,4204
882,4205
882,4206
882,4207
882,4208
883,44
883,221
884,13
884,44
884,65
884,165
884,245
884,268
884,275
884,289
884,321
884,342
884,348
884,433
884,437
884,461
884,466
884,485
884,500
884,503
884,532
884,646
884,702
884,716
884,728
884,765
884,787
884,801
884,806
884,839
884,843
884,894
884,898
884,924
884,945
884,957
884,969
884,1049
884,1096
884,1151
884,1248
884,1252
884,1273
884,1337
884,1346
884,1353
884,1392
884,1417
884,1485
884,1596
884,1614
884,1619
884,1664
884,1753
884,1763
884,1870
884,1943
884,1949
884,2051
884,2109
884,2114
884,2150
884,2263
884,2295
884,2451
884,2519
884,2689
884,2880
884,2928
884,3074
884,3499
884,3505
884,4209
884,4210
884,4211
884,4212
884,4213
884,4214
885,45
885,891
886,45
886,65
886,108
886,366
886,500
886,557
886,633
886,1508
886,2055
886,2876
887,45
887,494
888,1
888,5
888,7
888,11
888,15
888,19
888,20
888,24
888,29
888,41
888,45
888,46
888,62
888,64
888,71
888,77
888,84
888,87
888,90
888,91
888,92
888,97
888,107
888,109
888,120
888,132
888,214
888,219
888,230
888,236
888,249
888,278
888,282
888,289
888,294
888,303
888,321
888,333
888,337
888,347
888,352
888,369
888,374
888,376
888,380
888,420
888,421
888,493
888,504
888,541
888,706
888,715
888,734
888,754
888,825
888,840
888,853
888,919
888,1188
888,1234
888,1489
888,2862
889,41
889,45
889,119
889,126
889,341
889,416
889,495
889,771
889,834
889,840
889,892
889,1071
889,1203
889,3521
890,45
890,824
891,45
891,115
891,126
891,244
891,317
891,420
891,462
891,488
891,506
891,551
891,559
891,623
891,715
891,771
891,817
891,840
891,841
891,847
891,885
891,892
891,1038
891,1080
891,2178
891,2868
891,4215
892,34
892,44
892,45
892,64
892,123
892,126
892,171
892,255
892,317
892,372
892,420
892,424
892,494
892,506
892,547
892,551
892,559
892,578
892,689
892,715
892,758
892,771
892,817
892,841
892,3416
893,45
893,516
893,537
893,684
893,931
893,964
893,973
893,1157
893,1166
893,1245
893,1282
893,1340
893,2192
894,45
894,164
894,348
894,433
894,566
894,845
894,953
894,1107
894,1208
894,1341
894,1580
894,1637
895,72
895,77
895,82
895,90
895,91
895,108
895,111
895,197
895,212
895,222
895,223
895,224
895,247
895,1180
895,4216
896,5
896,91
896,108
896,187
896,197
896,214
896,249
896,294
896,310
896,334
896,377
897,960
898,97
898,137
898,154
898,156
898,164
898,171
898,197
898,503
898,516
898,563
898,611
898,638
898,640
898,646
898,702
898,744
898,755
898,778
898,780
898,782
898,884
898,894
898,913
898,945
898,962
898,972
898,980
898,987
898,995
898,1027
898,1088
898,1098
898,1117
898,1138
898,1144
898,1145
898,1166
898,1174
898,1202
898,1244
898,1245
898,1258
898,1273
898,1302
898,1340
898,1349
898,1359
898,1361
898,1390
898,1425
898,1433
898,1515
898,1537
898,1588
898,1602
898,1632
898,1634
898,1664
898,1708
898,1759
898,1761
898,1772
898,1898
898,1899
898,1921
898,1932
898,1959
898,1963
898,2004
898,2020
898,2114
898,2124
898,2166
898,2263
898,2309
898,2328
898,2406
898,2425
898,2483
898,2519
898,2535
898,2537
898,2857
898,2872
898,2878
898,3236
898,3406
898,3503
898,3816
898,3850
898,3878
898,3888
898,4012
898,4078
898,4117
898,4160
898,4217
898,4218
899,5
900,7
900,9
900,12
900,15
900,74
900,75
900,81
900,82
900,83
900,89
900,90
900,94
900,107
900,110
900,184
900,188
900,194
900,207
900,209
900,212
900,214
900,217
900,219
900,220
900,224
900,225
900,230
900,235
900,236
900,237
900,239
900,240
900,241
900,244
900,249
900,250
900,251
900,263
900,268
900,274
900,280
900,286
900,288
900,289
900,294
900,300
900,302
900,320
900,335
900,336
900,338
900,378
900,402
900,412
900,416
900,466
900,477
900,804
900,1063
900,1115
900,1375
901,94
901,285
901,288
901,727
901,907
902,48
902,363
902,688
902,700
902,1067
903,116
904,1185
905,165
905,289
905,290
905,321
906,48
906,240
906,241
906,284
906,285
906,342
906,352
906,376
906,389
906,412
906,789
906,820
906,836
906,1198
906,1259
906,1262
906,1284
906,1286
906,1296
906,1305
906,1406
906,1409
906,1442
906,1481
906,1538
906,1571
906,1664
906,1669
906,1708
906,1843
906,1937
906,1947
906,1968
906,1985
906,2008
906,2142
906,2165
906,2176
906,2248
906,2259
906,2270
906,2294
906,2345
906,2463
906,2484
906,2677
906,2693
906,2694
906,2703
906,2775
906,2849
906,2993
906,3227
906,3519
906,3640
906,3643
906,3653
906,3838
906,3904
906,3919
906,3931
906,4032
906,4069
906,4176
906,4219
906,4220
906,4221
906,4222
906,4223
906,4224
906,4225
906,4226
906,4227
907,165
907,255
907,284
907,422
908,289
908,293
908,329
908,375
908,557
908,736
908,1172
908,1545
909,278
910,688
911,221
911,400
911,412
911,534
911,688
911,1696
911,2571
911,2586
911,2592
911,3561
911,4228
912,4229
913,0
913,13
913,28
913,35
913,46
913,60
913,61
913,66
913,101
913,120
913,121
913,128
913,134
913,135
913,136
913,137
913,141
913,146
913,148
913,154
913,157
913,164
913,173
913,207
913,231
913,234
913,257
913,267
913,269
913,270
913,338
913,370
913,381
913,385
913,386
913,388
913,408
913,424
913,428
913,431
913,433
913,439
913,450
913,456
913,462
913,475
913,492
913,496
913,499
913,500
913,503
913,511
913,516
913,518
913,519
913,520
913,522
913,524
913,546
913,563
913,569
913,570
913,574
913,592
913,593
913,594
913,620
913,625
913,628
913,638
913,646
913,664
913,670
913,672
913,681
913,683
913,685
913,702
913,709
913,711
913,717
913,718
913,729
913,730
913,755
913,761
913,765
913,766
913,775
913,779
913,780
913,782
913,800
913,845
913,846
913,874
913,875
913,892
913,898
913,923
913,925
913,938
913,940
913,944
913,945
913,962
913,966
913,967
913,969
913,971
913,974
913,976
913,977
913,980
913,981
913,989
913,990
913,1005
913,1007
913,1010
913,1016
913,1018
913,1028
913,1047
913,1049
913,1096
913,1120
913,1134
913,1144
913,1145
913,1146
913,1161
913,1208
913,1223
913,1245
913,1276
913,1323
913,1329
913,1331
913,1337
913,1341
913,1342
913,1345
913,1357
913,1358
913,1359
913,1361
913,1362
913,1365
913,1366
913,1389
913,1390
913,1391
913,1393
913,1398
913,1401
913,1403
913,1422
913,1430
913,1434
913,1488
913,1558
913,1566
913,1590
913,1737
913,1754
913,1759
913,1769
913,1772
913,1775
913,1776
913,1777
913,1807
913,1852
913,1882
913,1890
913,1897
913,1906
913,1919
913,1921
913,1924
913,1937
913,2055
913,2070
913,2115
913,2123
913,2129
913,2130
913,2131
913,2240
913,2297
913,2306
913,2385
913,2402
913,2421
913,2425
913,2524
913,2535
913,2842
913,2873
913,2908
913,2945
913,2955
913,3072
913,3177
913,3301
913,3352
913,3379
913,3453
913,3911
913,4066
913,4119
913,4230
913,4231
913,4232
913,4233
914,5
914,39
914,268
914,380
914,409
914,552
914,615
914,656
914,727
914,1829
915,256
915,3374
916,21
916,60
916,132
916,135
916,267
916,372
916,420
916,496
916,521
916,637
916,646
916,689
916,759
916,913
916,1020
916,1173
916,1340
916,1389
916,1775
916,2134
916,2412
916,4234
917,420
917,758
918,62
918,254
918,369
918,420
918,421
918,492
918,627
918,660
918,867
918,1130
918,1137
918,1258
918,1266
918,1662
918,2036
918,2153
918,2202
918,2316
918,2535
918,2560
918,2600
918,2612
918,2631
918,2641
918,2647
918,2656
918,2662
918,3111
918,3129
918,3130
918,3131
918,3215
918,3410
918,3618
918,4235
919,43
920,921
921,44
921,920
922,18
922,126
922,296
922,362
922,462
922,551
922,592
922,713
922,772
923,492
923,511
923,530
923,636
923,981
923,1261
923,1262
923,1267
923,1275
923,1619
923,1686
923,2006
923,2469
923,2536
923,2909
923,2925
923,3104
923,4171
924,121
924,399
924,503
924,582
924,588
924,728
924,1069
924,1132
924,1362
924,1574
925,126
925,428
925,492
925,546
925,551
925,570
925,617
925,629
925,924
925,936
925,954
926,637
926,661
926,1362
927,44
927,128
927,154
927,433
927,546
927,565
927,661
927,875
927,964
927,967
927,1088
927,1155
927,1158
927,1365
928,62
928,114
928,119
928,423
928,432
928,815
928,1203
928,1486
929,44
929,493
929,584
929,823
929,862
929,2868
930,504
930,583
931,893
931,977
931,991
931,1346
931,1399
931,1420
931,1795
932,0
932,13
932,105
932,151
932,193
932,249
932,265
932,284
932,360
932,365
932,374
932,388
932,423
932,442
932,475
932,520
932,702
932,800
932,945
932,981
932,995
932,1024
932,1104
932,1171
932,1248
932,1258
932,1281
932,1286
932,1293
932,1307
932,1312
932,1317
932,1319
932,1359
932,1399
932,1403
932,1409
932,1415
932,1420
932,1478
932,1571
932,1596
932,1617
932,1660
932,1681
932,1682
932,1685
932,1688
932,1693
932,1698
932,1708
932,1775
932,1776
932,1840
932,1925
932,1934
932,1943
932,1948
932,1963
932,1968
932,1970
932,1987
932,1994
932,2043
932,2049
932,2077
932,2114
932,2131
932,2133
932,2240
932,2268
932,2269
932,2427
932,2483
932,2484
932,3165
932,3244
932,3545
932,4236
932,4237
932,4238
932,4239
932,4240
932,4241
933,48
933,58
933,122
933,125
933,132
933,135
933,213
933,276
933,408
933,420
933,426
933,492
933,498
933,500
933,559
933,569
933,757
933,771
933,938
933,1567
933,1730
933,1750
934,1640
934,1690
934,1696
934,1979
934,2171
934,2172
934,2203
934,2251
934,2258
934,2278
934,2284
934,2291
934,2460
934,2484
934,2580
934,2996
934,3007
934,3564
934,4242
934,4243
934,4244
934,4245
935,463
935,464
935,546
935,594
935,625
935,799
935,963
935,966
935,1017
935,1143
935,1157
935,1276
935,1751
935,1837
936,602
936,4246
936,4247
937,5
937,61
937,113
937,181
937,254
937,886
937,1045
938,17
938,18
938,37
938,48
938,66
938,67
938,69
938,108
938,118
938,121
938,125
938,126
938,153
938,234
938,246
938,276
938,365
938,374
938,407
938,415
938,428
938,433
938,438
938,445
938,447
938,461
938,494
938,497
938,498
938,500
938,516
938,551
938,559
938,570
938,583
938,588
938,600
938,604
938,611
938,617
938,629
938,638
938,689
938,708
938,713
938,714
938,717
938,729
938,730
938,763
938,771
938,788
938,801
938,813
938,818
938,838
938,845
938,851
938,922
938,933
938,940
938,944
938,951
938,957
938,1044
938,1047
938,1052
938,1069
938,1088
938,1111
938,1122
938,1166
938,1266
938,1545
938,1574
938,1921
938,2057
938,2399
938,3237
939,834
939,862
939,1214
939,4248
940,58
940,61
940,125
940,374
940,379
940,420
940,432
940,441
940,556
940,749
940,758
940,851
940,1044
941,100
941,257
941,365
941,498
941,709
941,772
941,824
941,840
941,892
941,939
941,1032
941,1088
941,1266
942,504
942,1032
943,121
943,556
943,574
944,0
944,49
944,54
944,63
944,135
944,142
944,144
944,152
944,153
944,431
944,475
944,506
944,519
944,552
944,625
944,638
944,714
944,775
944,780
944,799
944,800
944,860
944,938
944,941
944,942
944,945
944,964
944,966
944,967
944,969
944,971
944,1023
944,1028
944,1088
944,1146
944,1148
944,1150
944,1156
944,1157
944,1212
944,1276
944,1325
944,1329
944,1393
944,1613
944,1764
944,1789
944,1881
944,1897
944,2022
944,2140
944,2336
944,3352
944,3373
944,3438
944,3513
944,3881
944,4109
944,4249
945,68
945,135
945,180
945,231
945,246
945,270
945,348
945,385
945,431
945,433
945,452
945,475
945,492
945,500
945,505
945,522
945,565
945,683
945,684
945,711
945,765
945,775
945,776
945,799
945,875
945,884
945,932
945,938
945,944
945,964
945,981
945,983
945,990
945,1009
945,1012
945,1021
945,1144
945,1146
945,1147
945,1153
945,1154
945,1157
945,1158
945,1161
945,1166
945,1212
945,1222
945,1248
945,1280
945,1346
945,1398
945,1522
945,1536
945,1754
945,1837
945,2263
945,3175
945,3861
945,3980
945,4200
945,4250
946,563
946,755
946,789
946,791
946,857
946,861
946,871
946,1450
946,1608
946,1776
946,1840
946,1866
946,2134
946,2421
946,2426
946,3274
946,3463
947,48
947,170
947,180
947,256
947,365
947,548
947,877
947,1806
947,3182
948,605
949,50
949,55
949,68
949,121
949,269
949,420
949,516
949,556
949,592
949,594
949,625
949,636
949,672
949,688
949,708
949,780
949,875
949,1012
949,1096
949,1146
949,1213
949,1515
949,1924
949,2303
949,2392
949,2529
949,4251
949,4252
950,951
951,145
951,259
951,406
951,426
951,498
951,533
951,1513
951,1746
951,2056
951,3782
951,4253
952,13
952,107
952,197
952,256
952,280
952,282
952,300
952,302
952,316
952,324
952,420
952,484
952,556
952,688
952,740
952,2340
953,40
953,48
953,125
953,391
953,452
953,495
953,506
953,570
953,837
953,889
953,925
953,1047
953,1266
953,1596
953,1750
953,2864
954,0
954,11
954,48
954,69
954,77
954,96
954,108
954,133
954,186
954,215
954,219
954,251
954,269
954,292
954,301
954,317
954,326
954,327
954,342
954,350
954,352
954,359
954,368
954,380
954,385
954,386
954,402
954,411
954,415
954,423
954,428
954,441
954,509
954,516
954,517
954,520
954,539
954,588
954,611
954,617
954,625
954,646
954,693
954,699
954,719
954,730
954,732
954,752
954,791
954,836
954,839
954,851
954,980
954,995
954,999
954,1024
954,1026
954,1070
954,1202
954,1208
954,1209
954,1226
954,1247
954,1251
954,1254
954,1255
954,1258
954,1260
954,1266
954,1331
954,1332
954,1375
954,1403
954,1415
954,1417
954,1418
954,1430
954,1432
954,1436
954,1440
954,1448
954,1456
954,1458
954,1462
954,1471
954,1476
954,1479
954,1515
954,1552
954,1553
954,1589
954,1596
954,1612
954,1614
954,1618
954,1620
954,1628
954,1632
954,1633
954,1640
954,1642
954,1723
954,1731
954,1854
954,1900
954,1901
954,1922
954,1934
954,1937
954,1940
954,1946
954,1948
954,1951
954,1963
954,1976
954,1999
954,2020
954,2027
954,2036
954,2049
954,2051
954,2077
954,2118
954,2130
954,2242
954,2420
954,2503
954,2535
954,2873
954,2925
954,3013
954,3112
954,3244
954,3303
954,3304
954,3330
954,3331
954,3517
954,3536
954,3580
954,3592
954,3804
954,3923
954,4028
954,4149
954,4238
954,4254
954,4255
954,4256
954,4257
954,4258
954,4259
955,48
955,256
955,436
955,462
955,500
955,1737
955,1937
956,426
956,588
956,957
956,1513
956,3182
957,48
957,426
957,435
957,436
957,502
957,514
957,533
957,582
957,584
957,588
957,594
957,598
957,606
957,662
957,956
957,1009
957,1044
957,1218
957,1220
957,1266
957,1583
957,1830
957,2952
957,3108
957,3291
957,3423
957,3488
957,3778
958,48
958,148
958,170
959,49
959,66
959,139
959,326
959,379
959,512
959,530
959,533
959,857
959,1006
960,50
960,136
960,170
960,173
960,180
960,365
960,388
960,406
960,432
960,447
960,452
960,459
960,506
960,512
960,523
960,584
960,588
960,604
960,669
960,679
960,708
960,857
960,858
960,897
960,1006
960,1009
960,1165
960,1224
960,1389
960,1513
960,1586
960,1794
960,2058
960,2064
961,161
961,170
962,23
962,50
962,120
962,135
962,137
962,140
962,141
962,142
962,149
962,152
962,156
962,157
962,160
962,167
962,168
962,170
962,415
962,432
962,439
962,448
962,452
962,455
962,456
962,461
962,462
962,464
962,492
962,493
962,494
962,496
962,502
962,507
962,509
962,512
962,519
962,523
962,524
962,528
962,563
962,653
962,662
962,670
962,681
962,684
962,708
962,718
962,755
962,801
962,867
962,870
962,875
962,949
962,963
962,964
962,977
962,990
962,1006
962,1009
962,1011
962,1012
962,1018
962,1019
962,1020
962,1090
962,1166
962,1173
962,1246
962,1322
962,1323
962,1389
962,1391
962,1412
962,1515
962,1516
962,1751
962,1773
962,1794
962,1815
962,1816
962,2070
962,2118
962,2306
962,2390
962,2409
962,3174
962,3361
962,3369
962,3380
962,3389
962,4260
963,50
963,386
963,431
963,504
963,508
963,702
963,869
963,935
963,962
963,964
963,967
963,990
963,1096
963,1143
963,1146
963,1216
963,1277
963,1325
963,1393
963,1398
963,1755
963,1920
963,2113
963,2121
963,2303
963,3191
963,3439
963,3459
963,4261
963,4262
964,50
964,60
964,69
964,120
964,135
964,231
964,269
964,270
964,351
964,385
964,388
964,415
964,437
964,448
964,453
964,456
964,461
964,510
964,527
964,546
964,628
964,638
964,683
964,685
964,699
964,702
964,708
964,711
964,718
964,755
964,760
964,772
964,782
964,791
964,797
964,831
964,875
964,893
964,927
964,945
964,962
964,963
964,967
964,971
964,974
964,982
964,983
964,1005
964,1012
964,1014
964,1023
964,1152
964,1157
964,1158
964,1282
964,1329
964,1331
964,1337
964,1341
964,1396
964,1580
964,1586
964,1588
964,1751
964,1764
964,1767
964,1768
964,1807
964,1920
964,1999
964,2113
964,2114
964,2118
964,2237
964,2513
964,2527
964,2843
964,2945
964,3351
964,3427
964,3978
964,4084
965,18
965,27
965,34
965,39
965,41
965,50
965,59
965,60
965,63
965,65
965,66
965,67
965,97
965,100
965,101
965,118
965,119
965,121
965,128
965,129
965,134
965,150
965,152
965,159
965,160
965,164
965,166
965,167
965,168
965,171
965,174
965,192
965,195
965,229
965,234
965,246
965,254
965,258
965,269
965,270
965,292
965,308
965,374
965,378
965,379
965,380
965,381
965,399
965,404
965,407
965,408
965,415
965,423
965,428
965,430
965,433
965,438
965,441
965,450
965,451
965,458
965,460
965,466
965,485
965,493
965,494
965,506
965,510
965,512
965,515
965,516
965,518
965,520
965,522
965,524
965,526
965,533
965,542
965,552
965,566
965,570
965,572
965,582
965,583
965,584
965,590
965,592
965,596
965,597
965,598
965,599
965,602
965,611
965,619
965,620
965,625
965,628
965,632
965,635
965,638
965,642
965,660
965,662
965,668
965,669
965,671
965,683
965,684
965,685
965,689
965,693
965,699
965,704
965,714
965,717
965,718
965,722
965,729
965,730
965,732
965,747
965,753
965,755
965,760
965,774
965,780
965,781
965,785
965,790
965,795
965,797
965,833
965,834
965,835
965,836
965,837
965,839
965,841
965,847
965,848
965,856
965,870
965,871
965,873
965,874
965,877
965,892
965,894
965,906
965,916
965,927
965,928
965,951
965,955
965,958
965,973
965,974
965,977
965,980
965,981
965,984
965,986
965,996
965,1001
965,1004
965,1005
965,1007
965,1008
965,1012
965,1018
965,1019
965,1020
965,1022
965,1023
965,1024
965,1026
965,1027
965,1028
965,1033
965,1043
965,1049
965,1069
965,1078
965,1079
965,1080
965,1098
965,1104
965,1106
965,1107
965,1110
965,1113
965,1129
965,1132
965,1135
965,1136
965,1140
965,1145
965,1146
965,1147
965,1150
965,1153
965,1154
965,1155
965,1158
965,1198
965,1200
965,1208
965,1210
965,1215
965,1217
965,1219
965,1223
965,1224
965,1232
965,1240
965,1244
965,1248
965,1249
965,1250
965,1253
965,1254
965,1255
965,1257
965,1258
965,1262
965,1263
965,1270
965,1271
965,1277
965,1280
965,1282
965,1285
965,1293
965,1300
965,1304
965,1310
965,1314
965,1315
965,1317
965,1322
965,1336
965,1337
965,1339
965,1342
965,1345
965,1346
965,1355
965,1356
965,1375
965,1380
965,1383
965,1387
965,1389
965,1390
965,1399
965,1404
965,1409
965,1412
965,1416
965,1417
965,1418
965,1420
965,1421
965,1424
965,1426
965,1429
965,1430
965,1433
965,1434
965,1436
965,1440
965,1444
965,1445
965,1446
965,1448
965,1453
965,1456
965,1458
965,1459
965,1463
965,1464
965,1466
965,1475
965,1477
965,1478
965,1479
965,1481
965,1484
965,1486
965,1491
965,1525
965,1538
965,1566
965,1571
965,1580
965,1593
965,1603
965,1610
965,1612
965,1614
965,1622
965,1623
965,1624
965,1641
965,1644
965,1652
965,1653
965,1654
965,1656
965,1660
965,1661
965,1664
965,1665
965,1669
965,1676
965,1682
965,1689
965,1696
965,1699
965,1706
965,1728
965,1738
965,1743
965,1751
965,1758
965,1759
965,1763
965,1766
965,1770
965,1774
965,1786
965,1799
965,1802
965,1803
965,1810
965,1836
965,1840
965,1852
965,1864
965,1868
965,1869
965,1870
965,1873
965,1874
965,1885
965,1904
965,1915
965,1917
965,1921
965,1925
965,1926
965,1927
965,1929
965,1933
965,1934
965,1939
965,1940
965,1944
965,1948
965,1953
965,1954
965,1956
965,1957
965,1968
965,1976
965,1986
965,1987
965,1990
965,2001
965,2004
965,2005
965,2006
965,2007
965,2010
965,2012
965,2027
965,2028
965,2029
965,2031
965,2036
965,2039
965,2041
965,2050
965,2058
965,2068
965,2077
965,2109
965,2118
965,2123
965,2130
965,2134
965,2142
965,2146
965,2149
965,2156
965,2158
965,2161
965,2162
965,2164
965,2165
965,2167
965,2171
965,2190
965,2192
965,2207
965,2209
965,2210
965,2244
965,2248
965,2250
965,2251
965,2254
965,2255
965,2258
965,2259
965,2269
965,2270
965,2271
965,2274
965,2277
965,2280
965,2284
965,2318
965,2319
965,2323
965,2333
965,2340
965,2362
965,2381
965,2395
965,2396
965,2397
965,2398
965,2402
965,2413
965,2414
965,2420
965,2422
965,2423
965,2443
965,2444
965,2448
965,2469
965,2475
965,2476
965,2477
965,2478
965,2481
965,2482
965,2483
965,2484
965,2485
965,2487
965,2489
965,2491
965,2493
965,2495
965,2514
965,2528
965,2537
965,2538
965,2553
965,2558
965,2560
965,2566
965,2580
965,2581
965,2592
965,2593
965,2594
965,2596
965,2603
965,2605
965,2607
965,2608
965,2609
965,2611
965,2613
965,2615
965,2625
965,2626
965,2635
965,2642
965,2646
965,2647
965,2650
965,2654
965,2656
965,2657
965,2658
965,2660
965,2663
965,2664
965,2665
965,2667
965,2669
965,2670
965,2671
965,2672
965,2674
965,2676
965,2680
965,2683
965,2688
965,2689
965,2693
965,2725
965,2726
965,2727
965,2729
965,2737
965,2743
965,2784
965,2794
965,2840
965,2842
965,2843
965,2850
965,2851
965,2857
965,2871
965,2891
965,2912
965,2915
965,2916
965,2917
965,2922
965,2923
965,2952
965,2958
965,2985
965,2986
965,2993
965,2994
965,2998
965,3000
965,3003
965,3008
965,3012
965,3014
965,3026
965,3036
965,3040
965,3048
965,3052
965,3054
965,3076
965,3082
965,3089
965,3098
965,3104
965,3121
965,3124
965,3128
965,3136
965,3142
965,3143
965,3150
965,3164
965,3180
965,3182
965,3196
965,3215
965,3219
965,3222
965,3227
965,3239
965,3240
965,3242
965,3248
965,3258
965,3296
965,3309
965,3323
965,3328
965,3337
965,3357
965,3371
965,3395
965,3400
965,3411
965,3421
965,3427
965,3451
965,3459
965,3463
965,3494
965,3542
965,3551
965,3556
965,3557
965,3559
965,3566
965,3575
965,3576
965,3598
965,3600
965,3607
965,3609
965,3613
965,3619
965,3644
965,3671
965,3705
965,3760
965,3773
965,3777
965,3778
965,3779
965,3782
965,3799
965,3814
965,3820
965,3822
965,3825
965,3849
965,3858
965,3874
965,3889
965,3890
965,3894
965,3902
965,3909
965,3923
965,3928
965,3940
965,3953
965,3966
965,3971
965,3989
965,3995
965,4005
965,4007
965,4009
965,4010
965,4011
965,4015
965,4017
965,4042
965,4057
965,4059
965,4060
965,4083
965,4103
965,4119
965,4147
965,4166
965,4170
965,4171
965,4200
965,4205
965,4207
965,4233
965,4238
965,4242
965,4243
965,4251
965,4254
965,4264
965,4265
965,4266
965,4267
965,4268
965,4269
965,4270
965,4271
965,4272
965,4273
965,4274
965,4275
965,4276
965,4277
965,4278
965,4279
965,4280
965,4281
965,4282
965,4283
965,4284
965,4285
965,4286
965,4287
965,4288
965,4289
965,4290
965,4291
965,4292
965,4293
965,4294
965,4295
965,4296
965,4297
965,4298
965,4299
965,4300
965,4301
965,4302
965,4303
965,4304
965,4305
965,4306
965,4307
965,4308
965,4309
965,4310
965,4311
965,4312
965,4313
965,4314
965,4315
965,4316
965,4317
965,4318
965,4319
965,4320
965,4321
965,4322
966,50
966,370
966,594
966,672
966,729
966,875
966,876
966,935
966,944
966,979
966,1024
966,1143
966,1276
966,1332
966,1348
966,1362
966,1363
966,1401
966,1571
966,1908
966,2118
966,2124
966,2530
966,3389
966,3792
967,50
967,135
967,137
967,449
967,636
967,702
967,718
967,775
967,797
967,799
967,927
967,963
967,1012
967,1026
967,1096
967,1108
967,1152
967,1154
967,1157
967,1161
967,1276
967,1401
967,1765
967,1775
967,1790
967,1835
967,1837
967,1853
967,1920
967,2303
967,2336
967,3439
967,3861
967,4323
968,50
968,137
968,973
968,1340
968,1395
968,1399
968,1756
969,50
969,684
969,973
969,981
969,1604
969,1767
969,1909
970,50
970,321
970,351
970,367
970,1926
971,0
971,50
971,60
971,135
971,154
971,270
971,323
971,432
971,433
971,475
971,511
971,515
971,522
971,524
971,711
971,726
971,729
971,775
971,776
971,798
971,806
971,831
971,874
971,875
971,944
971,945
971,964
971,972
971,974
971,976
971,983
971,990
971,1009
971,1010
971,1024
971,1132
971,1146
971,1153
971,1154
971,1156
971,1278
971,1279
971,1282
971,1329
971,1331
971,1340
971,1345
971,1346
971,1358
971,1389
971,1534
971,1759
971,1768
971,1775
971,1829
971,1920
971,1921
971,2150
971,2406
971,2407
971,2412
971,2423
971,2519
971,2849
971,3352
971,3359
971,3493
971,4084
972,50
972,137
972,644
972,708
972,806
972,874
972,898
972,971
972,976
972,993
972,1245
972,1273
972,1340
972,1399
972,1757
972,1772
972,3492
973,50
973,122
973,137
973,291
973,370
973,496
973,537
973,672
973,775
973,797
973,835
973,874
973,893
973,968
973,1010
973,1153
973,1166
973,1206
973,1245
973,1335
973,1400
973,1837
973,1856
973,1924
973,1925
973,2240
973,2407
973,2413
973,3074
973,3337
973,3797
974,50
974,370
974,496
974,683
974,765
974,782
974,874
974,964
974,976
974,977
974,979
974,981
974,984
974,990
974,994
974,1052
974,1145
974,1245
974,1275
974,1281
974,1340
974,1348
974,1362
974,3214
975,50
976,35
976,43
976,50
976,135
976,137
976,156
976,433
976,496
976,498
976,516
976,625
976,638
976,648
976,765
976,873
976,875
976,898
976,945
976,968
976,969
976,971
976,972
976,973
976,974
976,982
976,991
976,1024
976,1137
976,1144
976,1145
976,1245
976,1282
976,1339
976,1340
976,1346
976,1360
976,1395
976,1409
976,1588
976,1606
976,1676
976,1767
976,1769
976,1867
976,2004
976,2095
976,2150
976,2269
976,2405
976,2423
976,3074
976,3214
976,3492
976,3807
976,4198
976,4324
977,50
977,117
977,681
977,974
977,4325
978,50
978,683
978,708
978,977
978,991
978,1534
979,50
979,55
979,144
979,326
979,427
979,729
979,765
979,966
979,973
979,974
979,980
979,994
979,1017
979,1173
979,1331
979,1348
979,1355
979,1357
979,1359
979,1401
979,1613
979,1910
979,1921
979,2410
979,2525
979,2955
979,3136
979,3303
979,3342
979,3454
979,3806
979,3895
979,4326
979,4327
980,11
980,14
980,16
980,18
980,28
980,37
980,39
980,50
980,60
980,61
980,62
980,64
980,66
980,67
980,71
980,74
980,97
980,111
980,120
980,121
980,130
980,138
980,139
980,140
980,143
980,147
980,148
980,149
980,150
980,155
980,157
980,165
980,167
980,171
980,174
980,180
980,191
980,207
980,213
980,229
980,231
980,232
980,256
980,267
980,269
980,283
980,313
980,326
980,352
980,381
980,386
980,388
980,406
980,408
980,413
980,415
980,428
980,435
980,441
980,443
980,450
980,451
980,456
980,462
980,494
980,498
980,507
980,510
980,511
980,516
980,517
980,518
980,521
980,526
980,528
980,532
980,534
980,552
980,563
980,570
980,572
980,573
980,574
980,575
980,577
980,578
980,580
980,583
980,584
980,593
980,596
980,601
980,604
980,606
980,611
980,620
980,622
980,623
980,625
980,633
980,638
980,646
980,650
980,672
980,680
980,681
980,685
980,689
980,699
980,701
980,708
980,711
980,714
980,717
980,729
980,730
980,732
980,745
980,755
980,756
980,758
980,759
980,775
980,778
980,785
980,790
980,791
980,796
980,798
980,802
980,815
980,820
980,821
980,824
980,831
980,834
980,835
980,836
980,837
980,840
980,845
980,862
980,868
980,870
980,874
980,882
980,898
980,906
980,916
980,925
980,938
980,940
980,954
980,966
980,967
980,974
980,977
980,979
980,981
980,987
980,988
980,994
980,996
980,998
980,1004
980,1007
980,1009
980,1018
980,1023
980,1026
980,1039
980,1043
980,1052
980,1069
980,1071
980,1083
980,1090
980,1096
980,1132
980,1134
980,1144
980,1159
980,1162
980,1163
980,1206
980,1208
980,1215
980,1222
980,1224
980,1232
980,1245
980,1247
980,1250
980,1251
980,1253
980,1254
980,1255
980,1258
980,1259
980,1260
980,1261
980,1262
980,1263
980,1265
980,1266
980,1267
980,1272
980,1308
980,1314
980,1322
980,1332
980,1342
980,1345
980,1346
980,1357
980,1362
980,1364
980,1370
980,1388
980,1389
980,1394
980,1399
980,1403
980,1406
980,1409
980,1421
980,1424
980,1430
980,1432
980,1433
980,1434
980,1437
980,1440
980,1442
980,1443
980,1445
980,1446
980,1447
980,1448
980,1453
980,1455
980,1458
980,1462
980,1464
980,1466
980,1467
980,1469
980,1478
980,1481
980,1482
980,1488
980,1491
980,1493
980,1515
980,1525
980,1527
980,1538
980,1546
980,1558
980,1570
980,1579
980,1588
980,1589
980,1599
980,1609
980,1611
980,1612
980,1614
980,1627
980,1629
980,1633
980,1640
980,1644
980,1646
980,1664
980,1674
980,1683
980,1718
980,1723
980,1740
980,1743
980,1751
980,1752
980,1753
980,1781
980,1782
980,1784
980,1791
980,1796
980,1802
980,1807
980,1816
980,1819
980,1825
980,1830
980,1837
980,1860
980,1864
980,1866
980,1869
980,1875
980,1891
980,1895
980,1896
980,1898
980,1902
980,1925
980,1926
980,1928
980,1932
980,1934
980,1936
980,1937
980,1948
980,1951
980,1952
980,1963
980,1976
980,2001
980,2003
980,2004
980,2017
980,2022
980,2037
980,2039
980,2040
980,2042
980,2046
980,2049
980,2051
980,2055
980,2065
980,2067
980,2070
980,2077
980,2113
980,2134
980,2136
980,2137
980,2151
980,2152
980,2153
980,2158
980,2240
980,2241
980,2243
980,2244
980,2245
980,2259
980,2299
980,2332
980,2381
980,2394
980,2417
980,2425
980,2429
980,2442
980,2451
980,2487
980,2510
980,2512
980,2537
980,2540
980,2541
980,2542
980,2608
980,2759
980,2841
980,2842
980,2848
980,2866
980,2867
980,2878
980,2912
980,2915
980,2916
980,2923
980,2935
980,2951
980,2952
980,2955
980,2963
980,2964
980,2966
980,2968
980,2973
980,2976
980,2977
980,3013
980,3023
980,3025
980,3062
980,3063
980,3112
980,3153
980,3165
980,3196
980,3276
980,3292
980,3332
980,3334
980,3339
980,3346
980,3352
980,3361
980,3375
980,3381
980,3408
980,3421
980,3427
980,3448
980,3507
980,3515
980,3534
980,3535
980,3536
980,3803
980,3816
980,3822
980,3824
980,3825
980,3854
980,3863
980,3878
980,3886
980,3894
980,3919
980,3920
980,3923
980,3936
980,3939
980,3958
980,3973
980,4002
980,4005
980,4006
980,4007
980,4010
980,4012
980,4016
980,4023
980,4024
980,4030
980,4032
980,4036
980,4042
980,4043
980,4045
980,4105
980,4149
980,4154
980,4159
980,4236
980,4238
980,4291
980,4292
980,4293
980,4294
980,4328
980,4329
980,4330
980,4331
980,4332
980,4333
980,4334
980,4335
980,4336
980,4337
980,4338
980,4339
980,4340
980,4341
980,4342
980,4343
980,4344
980,4345
980,4346
980,4347
980,4348
980,4349
980,4350
980,4351
980,4352
980,4353
980,4354
980,4355
980,4356
980,4357
980,4358
980,4359
980,4360
980,4361
980,4362
980,4363
980,4364
980,4365
980,4366
980,4367
980,4368
980,4369
980,4370
980,4371
980,4372
981,50
981,137
981,144
981,154
981,267
981,427
981,433
981,437
981,516
981,520
981,537
981,546
981,594
981,635
981,636
981,638
981,699
981,702
981,708
981,711
981,717
981,775
981,789
981,791
981,798
981,806
981,874
981,913
981,923
981,945
981,965
981,969
981,974
981,982
981,983
981,994
981,1005
981,1145
981,1147
981,1161
981,1245
981,1353
981,1362
981,1365
981,1400
981,1747
981,1751
981,1768
981,1772
981,1773
981,1921
981,2122
981,2334
981,2406
981,2415
981,2519
981,3136
981,3809
982,50
982,800
982,874
982,964
982,967
982,974
982,981
982,983
982,1152
982,1332
982,4201
983,50
983,58
983,144
983,415
983,496
983,516
983,729
983,797
983,964
983,971
983,974
983,981
983,982
983,1036
983,1096
983,1108
983,1153
983,1157
983,1328
983,1332
983,1393
983,1400
983,1586
983,1771
983,1924
983,2140
983,2400
983,2401
983,2415
983,2909
984,50
984,105
984,426
984,447
984,453
984,539
984,546
984,625
984,760
984,772
984,775
984,847
984,973
984,974
984,977
984,981
984,1010
984,1023
984,1028
984,1029
984,1388
984,1751
984,2871
984,3292
985,1272
986,51
986,61
986,126
986,267
986,435
986,605
986,758
986,824
986,987
986,1837
986,3284
987,51
987,258
987,563
987,584
987,684
987,712
987,776
987,778
987,797
987,986
987,1029
987,1738
987,2065
987,3349
987,4373
987,4374
988,55
988,148
988,257
988,441
988,493
988,530
988,1388
989,55
989,168
989,365
989,427
989,448
989,453
989,510
989,522
989,528
989,529
989,625
989,671
989,712
989,718
989,778
989,962
989,1011
989,1018
989,1024
989,1027
989,1030
989,1043
989,1143
989,1354
989,1391
989,1754
989,1815
989,1834
989,1835
989,1836
989,1852
989,2065
989,2114
989,2443
989,3187
989,3476
989,4080
989,4251
989,4375
989,4376
990,17
990,19
990,27
990,36
990,44
990,46
990,50
990,55
990,60
990,66
990,68
990,74
990,89
990,94
990,103
990,104
990,111
990,120
990,126
990,136
990,137
990,141
990,157
990,167
990,173
990,229
990,231
990,234
990,235
990,267
990,269
990,270
990,273
990,323
990,326
990,336
990,351
990,368
990,372
990,380
990,386
990,390
990,413
990,415
990,428
990,431
990,434
990,451
990,456
990,466
990,485
990,492
990,494
990,496
990,499
990,500
990,505
990,510
990,512
990,516
990,518
990,519
990,520
990,522
990,526
990,528
990,530
990,552
990,569
990,592
990,629
990,633
990,638
990,642
990,686
990,708
990,711
990,714
990,718
990,755
990,765
990,780
990,800
990,828
990,831
990,843
990,845
990,846
990,867
990,875
990,906
990,913
990,945
990,949
990,962
990,963
990,967
990,971
990,974
990,981
990,1009
990,1015
990,1018
990,1023
990,1024
990,1026
990,1028
990,1029
990,1049
990,1061
990,1096
990,1116
990,1139
990,1154
990,1161
990,1166
990,1223
990,1245
990,1329
990,1334
990,1337
990,1344
990,1345
990,1348
990,1349
990,1350
990,1357
990,1361
990,1370
990,1389
990,1390
990,1391
990,1398
990,1557
990,1588
990,1614
990,1743
990,1754
990,1763
990,1769
990,1771
990,1781
990,1807
990,1833
990,1839
990,1882
990,1897
990,1920
990,1921
990,1926
990,1928
990,1931
990,1932
990,1937
990,2070
990,2114
990,2115
990,2118
990,2132
990,2245
990,2391
990,2428
990,2430
990,2514
990,2522
990,2535
990,2842
990,2955
990,3136
990,3391
990,3514
990,3791
990,3873
990,4120
990,4377
990,4378
990,4379
991,50
991,55
991,153
991,370
991,931
991,978
991,1420
991,1544
991,1600
991,1603
991,3214
991,3818
992,55
992,990
992,994
992,995
992,1344
992,1358
992,1689
992,2040
992,2647
992,3176
993,55
993,168
993,592
993,1173
993,1347
993,1608
993,1617
993,1686
993,2015
993,2077
993,3872
993,3904
994,55
994,103
994,270
994,427
994,498
994,684
994,729
994,765
994,974
994,979
994,980
994,981
994,992
994,1145
994,1346
994,1348
994,1350
994,1362
994,1363
994,1403
994,1404
994,1413
994,1429
994,1534
994,1606
994,1768
994,1910
994,3303
994,3304
994,4381
994,4382
994,4383
995,18
995,55
995,103
995,148
995,180
995,464
995,506
995,512
995,636
995,643
995,718
995,729
995,765
995,801
995,831
995,858
995,916
995,981
995,992
995,1023
995,1096
995,1136
995,1241
995,1257
995,1337
995,1346
995,1347
995,1350
995,1363
995,1366
995,1401
995,1412
995,1514
995,1617
995,1775
995,1820
995,1863
995,1885
995,1908
995,2065
995,2307
995,2411
995,2413
995,2513
995,3303
995,3872
995,3978
995,4384
995,4385
995,4386
995,4387
996,57
996,542
996,671
996,681
996,774
996,778
996,1002
996,1042
996,1253
996,1260
996,1263
996,1615
996,1673
996,2040
996,2186
996,2433
996,3421
996,3700
996,4077
996,4341
996,4388
996,4389
996,4390
996,4391
996,4392
996,4393
997,221
998,45
998,49
998,51
998,56
998,58
998,60
998,61
998,66
998,258
998,432
998,452
998,583
998,737
998,857
998,1209
998,1272
998,1557
998,1891
998,3237
998,3529
998,3976
999,58
999,61
999,65
999,67
999,125
999,129
999,164
999,268
999,326
999,369
999,381
999,404
999,503
999,535
999,542
999,558
999,569
999,570
999,646
999,685
999,760
999,774
999,781
999,785
999,923
999,937
999,948
999,1003
999,1007
999,1098
999,1137
999,1144
999,1162
999,1174
999,1208
999,1252
999,1257
999,1258
999,1260
999,1261
999,1266
999,1275
999,1298
999,1331
999,1342
999,1367
999,1369
999,1415
999,1419
999,1420
999,1433
999,1458
999,1553
999,1559
999,1612
999,1620
999,1630
999,1689
999,1844
999,1869
999,1870
999,1900
999,1913
999,1935
999,1936
999,1940
999,1956
999,2027
999,2028
999,2032
999,2037
999,2131
999,2185
999,2243
999,2249
999,2412
999,2417
999,2446
999,2535
999,2778
999,2878
999,2911
999,2922
999,3146
999,4149
999,4329
999,4394
999,4395
999,4396
999,4397
1000,58
1001,58
1002,58
1002,778
1002,996
1002,1285
1002,1624
1002,2049
1002,2051
1002,2392
1002,3137
1002,4020
1002,4393
1003,58
1003,533
1003,601
1003,662
1003,1031
1003,1044
1003,1085
1003,1274
1003,3364
1004,58
1004,117
1004,121
1004,363
1004,412
1004,2152
1004,2860
1005,0
1005,18
1005,59
1005,66
1005,68
1005,69
1005,71
1005,141
1005,153
1005,156
1005,172
1005,386
1005,433
1005,443
1005,448
1005,453
1005,456
1005,461
1005,497
1005,502
1005,503
1005,507
1005,508
1005,509
1005,511
1005,518
1005,519
1005,522
1005,570
1005,604
1005,625
1005,628
1005,672
1005,683
1005,711
1005,718
1005,762
1005,772
1005,780
1005,782
1005,835
1005,869
1005,882
1005,922
1005,938
1005,981
1005,989
1005,1009
1005,1012
1005,1017
1005,1023
1005,1026
1005,1028
1005,1094
1005,1096
1005,1108
1005,1138
1005,1146
1005,1152
1005,1154
1005,1158
1005,1223
1005,1280
1005,1393
1005,1571
1005,1803
1005,1882
1005,1921
1005,2004
1005,2115
1005,2303
1005,2395
1005,3352
1005,3390
1005,4058
1005,4189
1006,0
1006,59
1006,69
1006,137
1006,138
1006,146
1006,149
1006,157
1006,160
1006,161
1006,167
1006,170
1006,174
1006,180
1006,269
1006,406
1006,428
1006,434
1006,459
1006,507
1006,513
1006,517
1006,529
1006,588
1006,595
1006,760
1006,858
1006,959
1006,960
1006,988
1006,1005
1006,1025
1006,1218
1006,1223
1006,1514
1006,1516
1006,1773
1006,1809
1006,2022
1006,2055
1006,2057
1006,2058
1006,2142
1006,3311
1006,4398
1007,18
1007,60
1007,69
1007,101
1007,151
1007,152
1007,164
1007,254
1007,268
1007,276
1007,292
1007,352
1007,433
1007,506
1007,518
1007,532
1007,566
1007,570
1007,635
1007,641
1007,669
1007,730
1007,732
1007,745
1007,755
1007,780
1007,785
1007,794
1007,843
1007,845
1007,857
1007,882
1007,892
1007,913
1007,949
1007,965
1007,966
1007,980
1007,981
1007,999
1007,1009
1007,1018
1007,1019
1007,1033
1007,1078
1007,1079
1007,1098
1007,1107
1007,1150
1007,1155
1007,1208
1007,1232
1007,1247
1007,1251
1007,1259
1007,1266
1007,1283
1007,1304
1007,1306
1007,1307
1007,1308
1007,1314
1007,1332
1007,1337
1007,1353
1007,1359
1007,1393
1007,1398
1007,1403
1007,1406
1007,1409
1007,1412
1007,1417
1007,1418
1007,1426
1007,1430
1007,1432
1007,1433
1007,1443
1007,1445
1007,1449
1007,1453
1007,1461
1007,1463
1007,1478
1007,1480
1007,1481
1007,1484
1007,1537
1007,1602
1007,1614
1007,1628
1007,1654
1007,1655
1007,1664
1007,1696
1007,1708
1007,1743
1007,1759
1007,1777
1007,1832
1007,1899
1007,1919
1007,1925
1007,1928
1007,1932
1007,1937
1007,1939
1007,1944
1007,1953
1007,1963
1007,1966
1007,1968
1007,1976
1007,1985
1007,1987
1007,1990
1007,2004
1007,2046
1007,2051
1007,2109
1007,2136
1007,2149
1007,2164
1007,2172
1007,2175
1007,2244
1007,2250
1007,2259
1007,2274
1007,2294
1007,2312
1007,2318
1007,2321
1007,2324
1007,2330
1007,2340
1007,2345
1007,2402
1007,2422
1007,2428
1007,2450
1007,2453
1007,2469
1007,2473
1007,2479
1007,2483
1007,2488
1007,2490
1007,2542
1007,2588
1007,2600
1007,2603
1007,2611
1007,2625
1007,2631
1007,2633
1007,2645
1007,2658
1007,2663
1007,2664
1007,2665
1007,2666
1007,2669
1007,2672
1007,2676
1007,2677
1007,2680
1007,2683
1007,2689
1007,2693
1007,2698
1007,2705
1007,2725
1007,2727
1007,2730
1007,2737
1007,2743
1007,2782
1007,2794
1007,2801
1007,2814
1007,2840
1007,2891
1007,2894
1007,3003
1007,3031
1007,3057
1007,3086
1007,3092
1007,3095
1007,3102
1007,3148
1007,3229
1007,3232
1007,3233
1007,3253
1007,3262
1007,3276
1007,3278
1007,3329
1007,3463
1007,3496
1007,3599
1007,3604
1007,3609
1007,3611
1007,3613
1007,3614
1007,3625
1007,3629
1007,3639
1007,3781
1007,3825
1007,3828
1007,3836
1007,3921
1007,3951
1007,3954
1007,4113
1007,4169
1007,4207
1007,4226
1007,4262
1007,4399
1007,4400
1007,4401
1007,4402
1007,4403
1007,4404
1007,4405
1007,4406
1007,4407
1007,4408
1007,4409
1007,4410
1007,4411
1007,4412
1007,4413
1007,4414
1007,4415
1007,4416
1007,4417
1007,4418
1007,4419
1008,583
1009,133
1009,144
1009,180
1009,426
1009,434
1009,439
1009,498
1009,507
1009,522
1009,526
1009,530
1009,548
1009,584
1009,588
1009,594
1009,604
1009,605
1009,628
1009,662
1009,754
1009,852
1009,957
1009,960
1009,1044
1009,1223
1009,1224
1009,1535
1009,1734
1009,1851
1009,2074
1009,2952
1009,3309
1009,3423
1010,60
1010,135
1010,154
1010,267
1010,323
1010,341
1010,475
1010,510
1010,516
1010,518
1010,519
1010,594
1010,711
1010,775
1010,780
1010,873
1010,874
1010,968
1010,971
1010,973
1010,984
1010,1028
1010,1030
1010,1049
1010,1098
1010,1142
1010,1145
1010,1146
1010,1173
1010,1245
1010,1277
1010,1340
1010,1349
1010,1410
1010,1534
1010,1606
1010,1612
1010,1792
1010,1885
1010,1890
1010,1921
1010,2240
1010,2297
1010,2397
1010,2403
1010,2535
1010,2904
1010,3300
1010,4382
1010,4384
1010,4420
1010,4421
1011,60
1011,167
1011,456
1011,457
1011,521
1011,528
1011,670
1011,718
1011,795
1011,1018
1011,1389
1011,1580
1011,2074
1011,2333
1011,2842
1011,3186
1012,60
1012,145
1012,157
1012,231
1012,269
1012,275
1012,369
1012,370
1012,409
1012,456
1012,461
1012,464
1012,512
1012,563
1012,592
1012,635
1012,638
1012,671
1012,718
1012,780
1012,792
1012,798
1012,833
1012,843
1012,844
1012,863
1012,867
1012,875
1012,945
1012,949
1012,962
1012,964
1012,967
1012,996
1012,1005
1012,1013
1012,1015
1012,1023
1012,1030
1012,1078
1012,1132
1012,1136
1012,1140
1012,1223
1012,1280
1012,1331
1012,1388
1012,1389
1012,1391
1012,1531
1012,1631
1012,1751
1012,1775
1012,1820
1012,1835
1012,1863
1012,1919
1012,1921
1012,2118
1012,2144
1012,2337
1012,3292
1012,3387
1012,3795
1012,3873
1012,3979
1012,4273
1013,133
1013,140
1013,457
1013,509
1013,524
1013,528
1013,530
1013,670
1013,671
1013,1012
1013,1014
1013,1532
1013,1865
1013,1892
1013,1895
1013,2118
1013,3296
1013,3378
1013,3392
1013,3474
1014,60
1014,126
1014,140
1014,174
1014,442
1014,449
1014,512
1014,519
1014,522
1014,523
1014,524
1014,528
1014,530
1014,670
1014,671
1014,684
1014,860
1014,867
1014,964
1014,1013
1014,1216
1014,1322
1014,1822
1014,1866
1014,2056
1014,2118
1014,2333
1015,60
1015,140
1015,154
1015,160
1015,256
1015,519
1015,528
1015,689
1015,1012
1015,1023
1015,1830
1015,2065
1015,2397
1015,2504
1015,2513
1015,4082
1015,4422
1016,525
1016,528
1017,528
1017,672
1017,685
1017,762
1017,776
1017,3427
1017,4423
1018,60
1018,135
1018,171
1018,231
1018,351
1018,386
1018,448
1018,456
1018,512
1018,524
1018,528
1018,563
1018,604
1018,625
1018,672
1018,699
1018,857
1018,989
1018,1011
1018,1019
1018,1023
1018,1027
1018,1028
1018,1030
1018,1138
1018,1332
1018,1399
1018,2118
1018,2519
1018,3301
1019,60
1019,157
1019,167
1019,168
1019,231
1019,267
1019,269
1019,293
1019,323
1019,386
1019,428
1019,448
1019,461
1019,510
1019,526
1019,566
1019,625
1019,702
1019,708
1019,755
1019,845
1019,870
1019,962
1019,989
1019,1009
1019,1018
1019,1024
1019,1028
1019,1030
1019,1033
1019,1079
1019,1354
1019,1389
1019,1596
1019,1676
1019,1754
1019,1810
1019,1816
1019,1954
1019,1987
1019,1999
1019,2070
1019,2082
1019,2091
1019,2113
1019,2149
1019,2302
1019,2318
1019,2326
1019,2344
1019,2354
1019,2356
1019,2357
1019,2359
1019,2362
1019,2365
1019,2367
1019,2372
1019,2513
1019,2611
1019,2661
1019,2663
1019,2665
1019,2666
1019,2669
1019,2674
1019,2676
1019,2688
1019,2693
1019,2694
1019,2697
1019,2718
1019,2725
1019,2727
1019,2730
1019,2741
1019,2746
1019,2754
1019,2760
1019,2762
1019,2765
1019,2766
1019,2774
1019,2781
1019,2784
1019,2785
1019,2791
1019,2810
1019,2811
1019,2812
1019,2813
1019,2818
1019,2827
1019,2828
1019,2832
1019,2835
1019,2986
1019,3021
1019,3232
1019,3292
1019,3326
1019,3591
1019,3602
1019,3609
1019,3640
1019,3644
1019,3652
1019,3666
1019,3677
1019,3686
1019,3689
1019,3693
1019,3699
1019,3709
1019,3712
1019,3718
1019,3836
1019,3927
1019,4114
1019,4136
1019,4317
1019,4413
1019,4424
1019,4425
1019,4426
1019,4427
1019,4428
1019,4429
1019,4430
1019,4431
1019,4432
1019,4433
1019,4434
1019,4435
1019,4436
1019,4437
1019,4438
1019,4439
1019,4440
1019,4441
1019,4442
1019,4443
1019,4444
1019,4445
1019,4446
1019,4447
1019,4448
1019,4449
1020,60
1020,524
1020,1025
1020,1030
1021,60
1021,945
1021,2333
1022,1030
1022,1140
1023,60
1023,141
1023,448
1023,464
1023,492
1023,512
1023,524
1023,528
1023,530
1023,592
1023,718
1023,780
1023,831
1023,964
1023,984
1023,995
1023,1012
1023,1015
1023,1017
1023,1018
1023,1020
1023,1028
1023,1029
1023,1049
1023,1140
1023,1158
1023,1350
1023,1580
1023,1596
1023,1808
1023,1835
1023,1836
1023,1896
1023,2118
1023,2302
1023,2513
1023,3172
1023,3451
1024,60
1024,67
1024,144
1024,147
1024,148
1024,406
1024,431
1024,449
1024,512
1024,523
1024,605
1024,670
1024,760
1024,839
1024,858
1024,932
1024,949
1024,989
1024,1017
1024,1321
1024,1592
1024,1804
1024,3393
1025,858
1025,1006
1025,1020
1025,1815
1025,2070
1025,2512
1026,60
1026,95
1026,118
1026,126
1026,194
1026,214
1026,231
1026,246
1026,292
1026,381
1026,439
1026,450
1026,464
1026,512
1026,524
1026,532
1026,628
1026,644
1026,729
1026,730
1026,756
1026,787
1026,789
1026,836
1026,954
1026,980
1026,1011
1026,1028
1026,1078
1026,1098
1026,1107
1026,1144
1026,1145
1026,1208
1026,1217
1026,1247
1026,1255
1026,1257
1026,1302
1026,1337
1026,1362
1026,1415
1026,1430
1026,1439
1026,1458
1026,1467
1026,1618
1026,1622
1026,1647
1026,1776
1026,1873
1026,1927
1026,1934
1026,1940
1026,1952
1026,1994
1026,2004
1026,2027
1026,2068
1026,2072
1026,2123
1026,2333
1026,2395
1026,2424
1026,2981
1026,3147
1026,3274
1026,3311
1026,3313
1026,3330
1026,4007
1026,4032
1026,4085
1026,4138
1026,4355
1026,4450
1026,4451
1026,4452
1027,323
1027,528
1027,625
1027,776
1027,989
1027,1018
1027,1323
1027,1439
1027,1754
1027,1835
1027,2113
1027,2299
1027,2512
1028,19
1028,60
1028,111
1028,119
1028,120
1028,126
1028,140
1028,141
1028,171
1028,231
1028,246
1028,257
1028,269
1028,273
1028,293
1028,326
1028,365
1028,431
1028,448
1028,456
1028,461
1028,464
1028,485
1028,505
1028,510
1028,512
1028,518
1028,519
1028,520
1028,522
1028,524
1028,527
1028,528
1028,551
1028,582
1028,625
1028,633
1028,669
1028,671
1028,689
1028,702
1028,704
1028,708
1028,711
1028,718
1028,755
1028,778
1028,780
1028,857
1028,867
1028,877
1028,913
1028,944
1028,947
1028,955
1028,962
1028,989
1028,1005
1028,1013
1028,1018
1028,1019
1028,1023
1028,1026
1028,1029
1028,1030
1028,1049
1028,1107
1028,1138
1028,1152
1028,1154
1028,1158
1028,1168
1028,1213
1028,1220
1028,1223
1028,1240
1028,1279
1028,1322
1028,1389
1028,1391
1028,1566
1028,1596
1028,1754
1028,1835
1028,1836
1028,2027
1028,2065
1028,2068
1028,2070
1028,2113
1028,2114
1028,2333
1028,2394
1028,2504
1028,2513
1028,2529
1028,2842
1028,2844
1028,2951
1028,3187
1028,3292
1028,3352
1028,3390
1028,3451
1028,3456
1028,4080
1028,4082
1028,4189
1028,4453
1028,4454
1029,13
1029,267
1029,365
1029,435
1029,456
1029,492
1029,502
1029,504
1029,512
1029,518
1029,519
1029,524
1029,527
1029,625
1029,628
1029,672
1029,684
1029,689
1029,779
1029,780
1029,800
1029,923
1029,984
1029,987
1029,989
1029,1018
1029,1023
1029,1027
1029,1028
1029,1030
1029,1049
1029,1137
1029,1173
1029,1213
1029,1412
1029,1580
1029,1596
1029,1754
1029,1777
1029,1786
1029,2114
1029,2144
1029,2300
1029,2302
1029,2334
1029,2335
1029,2512
1029,2513
1029,2535
1029,2957
1029,3172
1029,3352
1029,3390
1029,3427
1029,3469
1029,3795
1029,3812
1029,4374
1029,4453
1030,457
1030,524
1030,989
1030,1018
1030,1019
1030,1020
1030,1022
1030,1028
1030,1029
1030,1150
1030,1331
1030,1341
1030,1391
1030,1596
1030,1754
1030,1835
1030,1852
1030,2063
1030,2070
1030,2114
1030,2512
1030,3351
1030,3352
1030,3427
1030,3439
1030,4329
1030,4455
1031,61
1031,296
1031,1003
1032,49
1032,61
1032,128
1032,317
1032,350
1032,378
1032,412
1032,452
1032,556
1032,583
1032,629
1032,820
1032,824
1032,941
1032,942
1032,999
1032,1304
1032,1320
1032,1572
1032,1953
1032,3237
1033,61
1033,143
1033,332
1033,396
1033,403
1033,518
1033,641
1033,818
1033,824
1033,894
1033,906
1033,965
1033,1007
1033,1019
1033,1051
1033,1079
1033,1155
1033,1198
1033,1260
1033,1275
1033,1294
1033,1409
1033,1423
1033,1450
1033,1451
1033,1461
1033,1473
1033,1481
1033,1484
1033,1627
1033,1635
1033,1651
1033,1696
1033,1743
1033,1954
1033,1987
1033,2004
1033,2010
1033,2030
1033,2093
1033,2149
1033,2157
1033,2175
1033,2210
1033,2248
1033,2282
1033,2323
1033,2326
1033,2327
1033,2344
1033,2346
1033,2350
1033,2351
1033,2352
1033,2353
1033,2354
1033,2356
1033,2358
1033,2359
1033,2362
1033,2364
1033,2367
1033,2368
1033,2372
1033,2373
1033,2450
1033,2456
1033,2483
1033,2484
1033,2485
1033,2489
1033,2568
1033,2575
1033,2582
1033,2585
1033,2601
1033,2603
1033,2611
1033,2615
1033,2623
1033,2626
1033,2645
1033,2658
1033,2666
1033,2667
1033,2670
1033,2673
1033,2675
1033,2677
1033,2682
1033,2683
1033,2688
1033,2689
1033,2692
1033,2693
1033,2697
1033,2700
1033,2703
1033,2709
1033,2715
1033,2717
1033,2718
1033,2719
1033,2720
1033,2721
1033,2723
1033,2725
1033,2726
1033,2727
1033,2729
1033,2730
1033,2737
1033,2741
1033,2743
1033,2746
1033,2758
1033,2760
1033,2761
1033,2762
1033,2763
1033,2764
1033,2765
1033,2766
1033,2772
1033,2774
1033,2775
1033,2777
1033,2779
1033,2780
1033,2781
1033,2782
1033,2784
1033,2785
1033,2794
1033,2797
1033,2800
1033,2802
1033,2807
1033,2811
1033,2812
1033,2813
1033,2814
1033,2816
1033,2824
1033,2827
1033,2834
1033,2838
1033,2840
1033,2882
1033,2891
1033,2898
1033,2947
1033,2954
1033,2968
1033,2976
1033,3004
1033,3040
1033,3054
1033,3093
1033,3099
1033,3101
1033,3227
1033,3229
1033,3231
1033,3232
1033,3269
1033,3323
1033,3557
1033,3572
1033,3590
1033,3602
1033,3604
1033,3613
1033,3614
1033,3615
1033,3616
1033,3619
1033,3629
1033,3631
1033,3633
1033,3640
1033,3650
1033,3652
1033,3663
1033,3669
1033,3671
1033,3676
1033,3677
1033,3684
1033,3693
1033,3700
1033,3711
1033,3712
1033,3721
1033,3730
1033,3733
1033,3756
1033,3826
1033,3836
1033,3923
1033,4009
1033,4042
1033,4114
1033,4351
1033,4403
1033,4413
1033,4426
1033,4430
1033,4433
1033,4438
1033,4439
1033,4441
1033,4446
1033,4457
1033,4458
1033,4459
1033,4460
1033,4461
1033,4462
1033,4463
1033,4464
1033,4465
1033,4466
1033,4467
1033,4468
1033,4469
1033,4470
1033,4471
1033,4472
1033,4473
1033,4474
1033,4475
1033,4476
1033,4477
1033,4478
1033,4479
1033,4480
1033,4481
1033,4482
1033,4483
1033,4484
1033,4485
1033,4486
1033,4487
1033,4488
1033,4489
1033,4490
1033,4491
1033,4492
1033,4493
1033,4494
1033,4495
1033,4496
1033,4497
1033,4498
1033,4499
1033,4500
1033,4501
1033,4502
1033,4503
1033,4504
1033,4505
1033,4506
1033,4507
1033,4508
1033,4509
1033,4510
1033,4511
1033,4512
1034,61
1035,412
1035,420
1036,1157
1037,1203
1038,494
1038,623
1038,891
1038,4215
1038,4513
1039,62
1039,449
1039,580
1039,709
1039,1272
1039,4085
1040,62
1040,255
1040,296
1040,409
1040,412
1040,432
1040,574
1040,592
1040,631
1040,877
1040,1108
1040,1555
1040,3166
1041,833
1041,858
1041,4159
1042,996
1042,2124
1042,2131
1042,2424
1043,381
1043,633
1043,755
1043,882
1043,980
1043,989
1043,1009
1043,1026
1043,1099
1043,1154
1043,1254
1043,1436
1043,1459
1043,1482
1043,1738
1043,1925
1043,3037
1043,4514
1043,4515
1044,66
1044,69
1044,121
1044,148
1044,173
1044,415
1044,432
1044,434
1044,446
1044,501
1044,509
1044,582
1044,593
1044,604
1044,605
1044,662
1044,669
1044,845
1044,855
1044,857
1044,862
1044,940
1044,957
1044,1003
1044,1009
1044,1162
1044,1163
1044,1221
1044,1222
1044,1224
1044,1489
1044,1735
1044,1785
1044,1800
1044,2057
1044,2952
1044,3237
1044,3376
1044,3488
1045,61
1045,258
1045,407
1045,533
1045,781
1045,937
1045,1088
1045,1556
1046,62
1046,630
1047,61
1047,129
1047,728
1047,953
1048,60
1048,68
1048,432
1048,451
1048,512
1048,530
1048,588
1048,1598
1048,1820
1048,1892
1048,3184
1048,4013
1049,171
1049,326
1049,448
1049,464
1049,510
1049,592
1049,595
1049,625
1049,646
1049,780
1049,782
1049,884
1049,913
1049,962
1049,990
1049,1010
1049,1018
1049,1023
1049,1028
1049,1029
1049,1030
1049,1088
1049,1108
1049,1138
1049,1146
1049,1158
1049,1210
1049,1213
1049,1489
1049,1775
1049,1786
1049,1836
1049,1994
1049,2114
1049,2123
1049,2336
1049,2513
1049,2533
1049,2871
1049,3063
1049,3812
1049,4272
1049,4516
1049,4517
1050,63
1050,568
1050,2935
1051,61
1052,66
1052,256
1052,379
1052,442
1052,552
1052,594
1052,1274
1052,1909
1052,2848
1052,4518
1053,456
1053,1017
1053,2401
1054,7
1054,261
1054,545
1055,116
1055,188
1055,194
1055,214
1055,241
1055,252
1055,253
1055,255
1055,271
1055,285
1055,292
1055,293
1055,294
1055,300
1055,301
1055,368
1055,380
1055,532
1055,534
1055,740
1056,188
1056,227
1056,322
1056,806
1057,89
1058,65
1058,74
1058,104
1058,117
1058,123
1058,126
1058,305
1058,308
1058,316
1058,402
1058,408
1058,535
1058,543
1058,1760
1059,90
1059,94
1059,214
1059,219
1059,224
1059,239
1059,253
1059,265
1059,278
1059,294
1059,321
1059,337
1059,610
1059,1236
1060,108
1061,10
1061,31
1061,64
1061,95
1061,126
1061,153
1061,201
1061,228
1061,237
1061,241
1061,245
1061,257
1061,265
1061,278
1061,285
1061,293
1061,313
1061,342
1061,360
1061,371
1061,452
1061,464
1061,485
1061,559
1061,671
1061,688
1061,1073
1061,1204
1061,1391
1061,2022
1061,2929
1061,3197
1062,92
1062,286
1062,484
1062,2903
1063,8
1063,241
1063,289
1063,360
1063,378
1063,740
1064,107
1064,116
1064,261
1064,271
1064,284
1064,285
1064,288
1064,289
1064,339
1064,346
1064,541
1064,2903
1065,92
1066,10
1066,11
1066,12
1066,13
1066,65
1066,81
1066,184
1066,252
1066,285
1066,298
1066,305
1066,321
1066,545
1066,2067
1066,4519
1067,11
1067,95
1067,244
1067,274
1067,293
1067,305
1067,350
1067,351
1067,362
1067,369
1067,371
1067,375
1067,543
1067,544
1067,698
1067,748
1067,804
1067,1166
1067,1201
1067,1510
1067,2067
1068,11
1068,48
1068,64
1068,85
1068,87
1068,92
1068,95
1068,109
1068,113
1068,115
1068,116
1068,127
1068,193
1068,197
1068,235
1068,253
1068,255
1068,274
1068,329
1068,369
1068,374
1068,390
1068,450
1068,534
1068,540
1068,543
1068,617
1068,618
1068,662
1068,698
1068,740
1068,1067
1068,1177
1068,1381
1068,1545
1068,2509
1069,22
1069,65
1069,256
1069,292
1069,339
1069,365
1069,426
1069,601
1069,617
1069,851
1069,938
1069,1221
1069,3063
1070,372
1070,750
1070,1117
1070,4520
1071,5
1071,7
1071,10
1071,15
1071,22
1071,29
1071,31
1071,44
1071,46
1071,64
1071,74
1071,89
1071,91
1071,94
1071,101
1071,108
1071,115
1071,119
1071,120
1071,125
1071,132
1071,219
1071,229
1071,230
1071,240
1071,241
1071,253
1071,255
1071,265
1071,268
1071,271
1071,272
1071,280
1071,285
1071,295
1071,303
1071,309
1071,318
1071,321
1071,336
1071,342
1071,362
1071,376
1071,380
1071,386
1071,404
1071,409
1071,412
1071,424
1071,485
1071,506
1071,535
1071,551
1071,552
1071,559
1071,700
1071,717
1071,727
1071,740
1071,746
1071,758
1071,771
1071,826
1071,840
1071,846
1071,889
1071,892
1071,1201
1071,2189
1072,258
1072,3806
1073,21
1073,569
1073,631
1073,770
1073,833
1074,632
1074,705
1075,420
1075,569
1076,413
1076,416
1076,573
1076,727
1077,296
1077,847
1077,1915
1078,64
1078,154
1078,165
1078,370
1078,381
1078,500
1078,660
1078,836
1078,1007
1078,1012
1078,1026
1078,1247
1078,1458
1078,1629
1078,2009
1078,2046
1078,2048
1078,2119
1078,2422
1078,2503
1078,2869
1078,3360
1078,3396
1078,3810
1078,4039
1078,4087
1078,4521
1079,134
1079,135
1079,149
1079,268
1079,426
1079,432
1079,500
1079,518
1079,566
1079,806
1079,1007
1079,1019
1079,1033
1079,1085
1079,1424
1079,1479
1079,1614
1079,1654
1079,1708
1079,1767
1079,1953
1079,1987
1079,1990
1079,2088
1079,2109
1079,2149
1079,2159
1079,2209
1079,2251
1079,2260
1079,2286
1079,2294
1079,2320
1079,2321
1079,2323
1079,2327
1079,2358
1079,2360
1079,2362
1079,2364
1079,2366
1079,2370
1079,2392
1079,2475
1079,2483
1079,2488
1079,2489
1079,2600
1079,2611
1079,2618
1079,2619
1079,2631
1079,2640
1079,2645
1079,2647
1079,2648
1079,2655
1079,2658
1079,2661
1079,2667
1079,2669
1079,2673
1079,2679
1079,2701
1079,2705
1079,2709
1079,2731
1079,2734
1079,2744
1079,2746
1079,2771
1079,2775
1079,2785
1079,2802
1079,2807
1079,2893
1079,3010
1079,3032
1079,3035
1079,3053
1079,3055
1079,3062
1079,3096
1079,3097
1079,3098
1079,3222
1079,3227
1079,3323
1079,3519
1079,3552
1079,3567
1079,3570
1079,3595
1079,3604
1079,3611
1079,3615
1079,3649
1079,3665
1079,3674
1079,3677
1079,3699
1079,3702
1079,3835
1079,3914
1079,3951
1079,3954
1079,3969
1079,4098
1079,4116
1079,4404
1079,4413
1079,4425
1079,4459
1079,4522
1079,4523
1079,4524
1079,4525
1079,4526
1079,4527
1079,4528
1079,4529
1079,4530
1079,4531
1079,4532
1079,4533
1079,4534
1079,4535
1079,4536
1079,4537
1079,4538
1079,4539
1079,4540
1079,4541
1079,4542
1079,4543
1079,4544
1079,4545
1080,10
1080,11
1080,44
1080,45
1080,83
1080,108
1080,134
1080,197
1080,239
1080,241
1080,277
1080,280
1080,289
1080,297
1080,316
1080,324
1080,342
1080,407
1080,408
1080,462
1080,494
1080,551
1080,553
1080,576
1080,580
1080,630
1080,632
1080,715
1080,737
1080,744
1080,771
1080,839
1080,844
1080,891
1080,892
1080,922
1080,1084
1080,1089
1080,1108
1080,1128
1080,1559
1080,3521
1080,4546
1081,365
1081,629
1081,815
1082,4547
1083,1087
1083,1120
1084,256
1084,591
1084,1085
1084,1559
1084,4548
1085,128
1085,1003
1085,1084
1086,139
1086,363
1086,600
1086,902
1086,4196
1087,123
1087,500
1087,713
1087,1083
1087,1745
1087,4548
1088,0
1088,20
1088,44
1088,50
1088,61
1088,62
1088,66
1088,67
1088,69
1088,119
1088,121
1088,122
1088,125
1088,128
1088,132
1088,135
1088,153
1088,154
1088,156
1088,180
1088,229
1088,270
1088,276
1088,296
1088,365
1088,379
1088,399
1088,426
1088,434
1088,453
1088,490
1088,498
1088,500
1088,501
1088,505
1088,506
1088,507
1088,509
1088,516
1088,518
1088,519
1088,551
1088,559
1088,568
1088,583
1088,584
1088,586
1088,588
1088,590
1088,593
1088,594
1088,601
1088,604
1088,605
1088,623
1088,629
1088,633
1088,637
1088,644
1088,668
1088,672
1088,685
1088,689
1088,713
1088,718
1088,726
1088,729
1088,754
1088,788
1088,821
1088,853
1088,858
1088,898
1088,927
1088,931
1088,937
1088,938
1088,941
1088,944
1088,945
1088,948
1088,964
1088,972
1088,1003
1088,1008
1088,1024
1088,1045
1088,1086
1088,1096
1088,1106
1088,1108
1088,1111
1088,1112
1088,1114
1088,1123
1088,1212
1088,1215
1088,1217
1088,1221
1088,1271
1088,1273
1088,1340
1088,1389
1088,1399
1088,1410
1088,1453
1088,1491
1088,1569
1088,1574
1088,1578
1088,1588
1088,1605
1088,1751
1088,1852
1088,1887
1088,2166
1088,2296
1088,2848
1088,2849
1088,3062
1088,3300
1088,4549
1088,4550
1089,65
1089,255
1090,3
1090,15
1090,65
1090,74
1090,81
1090,89
1090,94
1090,108
1090,113
1090,116
1090,120
1090,127
1090,149
1090,220
1090,224
1090,236
1090,250
1090,251
1090,261
1090,265
1090,269
1090,277
1090,279
1090,284
1090,285
1090,289
1090,293
1090,316
1090,321
1090,336
1090,338
1090,354
1090,387
1090,393
1090,422
1090,448
1090,471
1090,484
1090,485
1090,519
1090,528
1090,593
1090,594
1090,669
1090,671
1090,695
1090,735
1090,760
1090,764
1090,947
1090,962
1090,1061
1090,1182
1090,1223
1090,1224
1090,1240
1090,1246
1090,1529
1090,3187
1090,4551
1091,684
1091,780
1091,1029
1091,1096
1091,1446
1091,1775
1091,1835
1091,2114
1092,7
1092,36
1092,84
1092,107
1092,265
1092,333
1092,412
1092,1193
1093,283
1094,83
1094,95
1094,180
1094,244
1094,688
1094,755
1094,1110
1094,1220
1095,65
1095,95
1095,181
1095,221
1095,322
1095,623
1095,688
1095,764
1095,766
1095,2343
1095,3210
1095,3283
1095,4552
1095,4553
1096,0
1096,9
1096,10
1096,11
1096,12
1096,14
1096,15
1096,17
1096,18
1096,19
1096,21
1096,24
1096,27
1096,28
1096,29
1096,30
1096,31
1096,34
1096,36
1096,37
1096,39
1096,40
1096,44
1096,46
1096,48
1096,54
1096,57
1096,61
1096,62
1096,63
1096,64
1096,65
1096,66
1096,71
1096,74
1096,81
1096,87
1096,89
1096,92
1096,94
1096,95
1096,96
1096,101
1096,103
1096,104
1096,107
1096,110
1096,111
1096,120
1096,121
1096,127
1096,132
1096,135
1096,137
1096,138
1096,157
1096,171
1096,181
1096,184
1096,188
1096,191
1096,192
1096,193
1096,198
1096,219
1096,227
1096,228
1096,229
1096,230
1096,231
1096,232
1096,234
1096,235
1096,237
1096,239
1096,240
1096,241
1096,243
1096,245
1096,246
1096,247
1096,250
1096,252
1096,253
1096,255
1096,256
1096,257
1096,261
1096,262
1096,267
1096,268
1096,269
1096,272
1096,277
1096,278
1096,280
1096,284
1096,285
1096,289
1096,290
1096,293
1096,295
1096,298
1096,301
1096,305
1096,309
1096,311
1096,312
1096,313
1096,318
1096,319
1096,321
1096,323
1096,325
1096,329
1096,336
1096,338
1096,342
1096,343
1096,347
1096,351
1096,352
1096,358
1096,362
1096,363
1096,367
1096,368
1096,372
1096,380
1096,388
1096,391
1096,402
1096,404
1096,405
1096,408
1096,409
1096,413
1096,414
1096,415
1096,418
1096,421
1096,423
1096,424
1096,428
1096,429
1096,431
1096,441
1096,450
1096,456
1096,475
1096,484
1096,485
1096,493
1096,506
1096,507
1096,512
1096,516
1096,518
1096,519
1096,524
1096,526
1096,528
1096,534
1096,537
1096,548
1096,549
1096,553
1096,555
1096,556
1096,569
1096,574
1096,578
1096,580
1096,583
1096,588
1096,591
1096,609
1096,615
1096,621
1096,622
1096,623
1096,625
1096,628
1096,638
1096,662
1096,673
1096,688
1096,693
1096,699
1096,702
1096,703
1096,705
1096,706
1096,710
1096,711
1096,713
1096,714
1096,715
1096,716
1096,717
1096,718
1096,725
1096,729
1096,732
1096,745
1096,748
1096,749
1096,754
1096,757
1096,758
1096,759
1096,760
1096,761
1096,764
1096,765
1096,777
1096,780
1096,783
1096,787
1096,788
1096,794
1096,797
1096,815
1096,820
1096,837
1096,845
1096,846
1096,867
1096,882
1096,884
1096,900
1096,907
1096,913
1096,916
1096,924
1096,925
1096,938
1096,940
1096,944
1096,949
1096,962
1096,963
1096,967
1096,980
1096,982
1096,983
1096,988
1096,989
1096,990
1096,995
1096,1001
1096,1005
1096,1009
1096,1018
1096,1029
1096,1047
1096,1052
1096,1060
1096,1062
1096,1069
1096,1071
1096,1076
1096,1088
1096,1091
1096,1117
1096,1134
1096,1145
1096,1162
1096,1173
1096,1177
1096,1185
1096,1193
1096,1201
1096,1202
1096,1203
1096,1204
1096,1233
1096,1323
1096,1331
1096,1342
1096,1350
1096,1353
1096,1361
1096,1362
1096,1369
1096,1373
1096,1389
1096,1398
1096,1401
1096,1422
1096,1488
1096,1490
1096,1491
1096,1506
1096,1515
1096,1547
1096,1557
1096,1570
1096,1606
1096,1609
1096,1742
1096,1766
1096,1772
1096,1773
1096,1817
1096,1906
1096,1921
1096,2111
1096,2131
1096,2146
1096,2196
1096,2213
1096,2215
1096,2227
1096,2303
1096,2510
1096,2520
1096,2533
1096,2860
1096,2868
1096,2901
1096,2902
1096,2908
1096,2934
1096,3068
1096,3150
1096,3788
1096,3808
1096,4217
1096,4554
1096,4555
1097,804
1097,4556
1098,0
1098,3
1098,14
1098,21
1098,44
1098,50
1098,61
1098,65
1098,67
1098,101
1098,103
1098,120
1098,121
1098,126
1098,137
1098,139
1098,146
1098,151
1098,154
1098,157
1098,160
1098,163
1098,167
1098,170
1098,180
1098,234
1098,246
1098,256
1098,257
1098,269
1098,270
1098,276
1098,292
1098,306
1098,323
1098,326
1098,372
1098,381
1098,385
1098,388
1098,399
1098,407
1098,421
1098,424
1098,433
1098,438
1098,450
1098,452
1098,453
1098,457
1098,458
1098,459
1098,460
1098,462
1098,466
1098,498
1098,506
1098,508
1098,509
1098,510
1098,511
1098,512
1098,515
1098,516
1098,517
1098,518
1098,526
1098,528
1098,530
1098,533
1098,546
1098,551
1098,552
1098,557
1098,563
1098,566
1098,593
1098,631
1098,636
1098,638
1098,644
1098,656
1098,670
1098,671
1098,672
1098,680
1098,683
1098,684
1098,685
1098,710
1098,717
1098,725
1098,729
1098,737
1098,749
1098,755
1098,756
1098,765
1098,774
1098,776
1098,778
1098,779
1098,780
1098,781
1098,782
1098,790
1098,791
1098,796
1098,798
1098,802
1098,816
1098,831
1098,834
1098,836
1098,837
1098,839
1098,846
1098,858
1098,867
1098,870
1098,876
1098,882
1098,898
1098,933
1098,935
1098,949
1098,955
1098,956
1098,961
1098,962
1098,964
1098,965
1098,967
1098,968
1098,969
1098,972
1098,973
1098,974
1098,978
1098,989
1098,991
1098,995
1098,999
1098,1005
1098,1007
1098,1008
1098,1009
1098,1010
1098,1013
1098,1015
1098,1018
1098,1026
1098,1027
1098,1030
1098,1049
1098,1052
1098,1078
1098,1079
1098,1132
1098,1137
1098,1142
1098,1143
1098,1144
1098,1145
1098,1146
1098,1148
1098,1150
1098,1151
1098,1152
1098,1153
1098,1154
1098,1156
1098,1163
1098,1168
1098,1202
1098,1205
1098,1208
1098,1210
1098,1215
1098,1245
1098,1246
1098,1247
1098,1250
1098,1254
1098,1268
1098,1272
1098,1276
1098,1277
1098,1303
1098,1314
1098,1321
1098,1325
1098,1329
1098,1331
1098,1332
1098,1337
1098,1339
1098,1341
1098,1342
1098,1343
1098,1346
1098,1348
1098,1362
1098,1365
1098,1384
1098,1387
1098,1389
1098,1390
1098,1391
1098,1399
1098,1401
1098,1419
1098,1421
1098,1423
1098,1433
1098,1453
1098,1456
1098,1531
1098,1534
1098,1553
1098,1566
1098,1588
1098,1596
1098,1615
1098,1617
1098,1632
1098,1652
1098,1676
1098,1686
1098,1718
1098,1738
1098,1740
1098,1750
1098,1754
1098,1758
1098,1761
1098,1763
1098,1775
1098,1792
1098,1793
1098,1830
1098,1852
1098,1854
1098,1869
1098,1874
1098,1879
1098,1882
1098,1890
1098,1895
1098,1921
1098,1924
1098,1925
1098,1928
1098,1948
1098,2004
1098,2006
1098,2009
1098,2016
1098,2022
1098,2031
1098,2037
1098,2044
1098,2068
1098,2070
1098,2114
1098,2117
1098,2118
1098,2123
1098,2130
1098,2142
1098,2165
1098,2242
1098,2300
1098,2305
1098,2334
1098,2396
1098,2412
1098,2413
1098,2422
1098,2443
1098,2501
1098,2512
1098,2516
1098,2848
1098,2849
1098,2873
1098,2878
1098,2882
1098,2908
1098,2909
1098,2920
1098,2942
1098,2952
1098,2958
1098,2960
1098,2963
1098,3069
1098,3163
1098,3165
1098,3166
1098,3183
1098,3192
1098,3196
1098,3197
1098,3292
1098,3342
1098,3456
1098,3514
1098,3781
1098,3819
1098,3841
1098,3849
1098,3864
1098,3872
1098,3878
1098,3881
1098,3894
1098,3902
1098,3977
1098,4081
1098,4119
1098,4251
1098,4256
1098,4287
1098,4367
1098,4454
1098,4518
1098,4557
1098,4558
1098,4559
1098,4560
1098,4561
1099,126
1099,423
1099,500
1099,789
1099,821
1099,1028
1099,1043
1099,1108
1099,1146
1099,1152
1099,1571
1099,1747
1099,1835
1099,2053
1099,2851
1099,2945
1099,4058
1100,1374
1101,961
1101,962
1101,1163
1102,1410
1102,3910
1102,4277
1103,661
1103,1585
1104,1105
1104,1286
1104,1303
1104,1305
1104,1313
1104,1317
1104,1380
1104,1452
1104,1682
1104,1690
1104,1715
1104,1925
1104,1937
1104,1968
1104,1978
1104,1979
1104,2176
1104,2204
1104,2269
1104,2275
1104,2476
1104,2484
1104,2585
1104,2596
1104,3007
1104,3564
1104,3928
1104,3931
1104,4168
1104,4243
1104,4399
1104,4562
1104,4563
1105,65
1105,1104
1106,66
1106,588
1107,3
1107,66
1107,107
1107,115
1107,154
1107,163
1107,164
1107,165
1107,186
1107,219
1107,237
1107,246
1107,294
1107,322
1107,385
1107,415
1107,434
1107,441
1107,453
1107,496
1107,520
1107,524
1107,546
1107,556
1107,566
1107,578
1107,583
1107,622
1107,625
1107,693
1107,711
1107,717
1107,730
1107,732
1107,831
1107,845
1107,874
1107,894
1107,906
1107,965
1107,974
1107,981
1107,1007
1107,1019
1107,1026
1107,1028
1107,1033
1107,1052
1107,1079
1107,1088
1107,1208
1107,1258
1107,1262
1107,1268
1107,1282
1107,1294
1107,1302
1107,1303
1107,1304
1107,1310
1107,1314
1107,1315
1107,1317
1107,1353
1107,1380
1107,1409
1107,1426
1107,1430
1107,1453
1107,1459
1107,1461
1107,1466
1107,1482
1107,1518
1107,1534
1107,1537
1107,1538
1107,1539
1107,1637
1107,1656
1107,1661
1107,1676
1107,1696
1107,1730
1107,1738
1107,1757
1107,1838
1107,1854
1107,1896
1107,1899
1107,1926
1107,1928
1107,1934
1107,1939
1107,1944
1107,1953
1107,1959
1107,1968
1107,1971
1107,1972
1107,1976
1107,1984
1107,1986
1107,1987
1107,1990
1107,1995
1107,2082
1107,2109
1107,2161
1107,2168
1107,2171
1107,2175
1107,2210
1107,2248
1107,2250
1107,2251
1107,2259
1107,2261
1107,2262
1107,2270
1107,2271
1107,2277
1107,2279
1107,2291
1107,2293
1107,2313
1107,2316
1107,2317
1107,2321
1107,2323
1107,2324
1107,2326
1107,2327
1107,2344
1107,2352
1107,2354
1107,2358
1107,2399
1107,2450
1107,2471
1107,2476
1107,2481
1107,2483
1107,2484
1107,2487
1107,2489
1107,2527
1107,2548
1107,2565
1107,2577
1107,2582
1107,2591
1107,2592
1107,2593
1107,2594
1107,2600
1107,2603
1107,2609
1107,2617
1107,2622
1107,2626
1107,2631
1107,2639
1107,2643
1107,2646
1107,2648
1107,2650
1107,2655
1107,2659
1107,2663
1107,2666
1107,2667
1107,2671
1107,2672
1107,2673
1107,2674
1107,2676
1107,2683
1107,2688
1107,2690
1107,2692
1107,2693
1107,2700
1107,2714
1107,2722
1107,2725
1107,2727
1107,2729
1107,2737
1107,2743
1107,2780
1107,2784
1107,2794
1107,2840
1107,2849
1107,2887
1107,2891
1107,2898
1107,2924
1107,2963
1107,2980
1107,2995
1107,3000
1107,3004
1107,3006
1107,3007
1107,3012
1107,3013
1107,3016
1107,3040
1107,3047
1107,3099
1107,3101
1107,3128
1107,3148
1107,3220
1107,3222
1107,3233
1107,3247
1107,3258
1107,3316
1107,3401
1107,3557
1107,3563
1107,3567
1107,3576
1107,3588
1107,3599
1107,3601
1107,3602
1107,3607
1107,3611
1107,3625
1107,3640
1107,3658
1107,3661
1107,3676
1107,3712
1107,3734
1107,3825
1107,3826
1107,3834
1107,3899
1107,3900
1107,3901
1107,3951
1107,3964
1107,3966
1107,3968
1107,3981
1107,4092
1107,4136
1107,4176
1107,4242
1107,4254
1107,4303
1107,4305
1107,4317
1107,4319
1107,4321
1107,4359
1107,4404
1107,4460
1107,4478
1107,4492
1107,4564
1107,4565
1107,4566
1107,4567
1107,4568
1107,4569
1107,4570
1107,4571
1107,4572
1107,4573
1107,4574
1107,4575
1107,4576
1107,4577
1107,4578
1107,4579
1107,4580
1107,4581
1108,3
1108,18
1108,34
1108,44
1108,62
1108,66
1108,67
1108,70
1108,71
1108,121
1108,132
1108,134
1108,135
1108,168
1108,234
1108,428
1108,432
1108,453
1108,489
1108,491
1108,492
1108,494
1108,498
1108,506
1108,551
1108,559
1108,570
1108,583
1108,592
1108,594
1108,604
1108,628
1108,629
1108,648
1108,683
1108,702
1108,745
1108,762
1108,771
1108,780
1108,833
1108,858
1108,882
1108,889
1108,937
1108,938
1108,941
1108,944
1108,966
1108,967
1108,983
1108,985
1108,989
1108,1005
1108,1017
1108,1029
1108,1033
1108,1040
1108,1049
1108,1052
1108,1088
1108,1099
1108,1103
1108,1132
1108,1142
1108,1143
1108,1146
1108,1148
1108,1158
1108,1205
1108,1266
1108,1332
1108,1346
1108,1349
1108,1365
1108,1389
1108,1490
1108,1491
1108,1569
1108,1588
1108,1751
1108,1754
1108,1757
1108,1765
1108,1835
1108,1890
1108,1921
1108,1925
1108,1932
1108,1934
1108,1999
1108,2114
1108,2117
1108,2118
1108,2263
1108,2303
1108,2397
1108,2513
1108,2529
1108,2943
1108,3390
1108,3976
1108,4068
1108,4517
1108,4582
1108,4583
1108,4584
1109,66
1109,552
1110,66
1110,67
1110,136
1110,256
1110,269
1110,591
1110,605
1110,661
1110,727
1110,1132
1110,2527
1110,3064
1110,3772
1110,4585
1111,66
1111,180
1111,269
1111,415
1111,453
1111,500
1111,518
1111,588
1111,924
1111,938
1111,1109
1111,1132
1111,2945
1112,66
1112,131
1112,4328
1113,66
1114,66
1114,67
1114,443
1114,509
1114,1298
1115,82
1115,194
1115,308
1116,10
1116,64
1116,94
1116,110
1116,227
1116,230
1116,240
1116,241
1116,245
1116,250
1116,285
1116,289
1116,293
1116,300
1116,301
1116,302
1116,336
1116,351
1116,388
1116,485
1116,617
1116,621
1116,717
1116,777
1116,2233
1117,0
1117,42
1117,45
1117,61
1117,68
1117,374
1117,504
1117,923
1117,1070
1117,1168
1117,1224
1118,380
1118,535
1118,999
1119,10
1119,250
1119,258
1119,305
1119,351
1119,365
1119,420
1119,591
1119,953
1119,1596
1119,3467
1120,67
1120,321
1120,1072
1120,1083
1120,3403
1120,4586
1121,67
1122,67
1122,174
1122,180
1122,379
1122,426
1122,585
1122,588
1122,594
1122,599
1122,600
1122,633
1122,713
1122,938
1122,949
1122,1221
1122,1491
1122,1596
1122,2236
1122,3063
1122,3403
1122,3868
1123,18
1123,67
1123,100
1123,105
1123,125
1123,351
1123,415
1123,431
1123,449
1123,453
1123,559
1123,570
1123,574
1123,637
1123,638
1123,662
1123,669
1123,702
1123,857
1123,938
1123,1087
1123,1088
1123,1122
1123,1126
1123,1158
1123,1166
1123,1515
1123,1574
1123,1577
1123,1586
1123,1592
1123,1799
1124,67
1124,1126
1125,67
1125,1126
1126,27
1126,67
1126,296
1126,708
1126,841
1126,873
1126,1124
1126,1125
1127,68
1127,95
1128,10
1128,68
1128,96
1128,111
1128,182
1128,240
1128,285
1128,316
1128,694
1128,1080
1128,1196
1129,94
1129,370
1129,507
1129,1538
1129,1638
1129,2046
1129,2284
1129,2996
1129,4577
1129,4587
1130,68
1131,68
1132,68
1132,364
1132,365
1132,399
1132,443
1132,453
1132,510
1132,515
1132,524
1132,533
1132,588
1132,604
1132,661
1132,702
1132,924
1132,963
1132,1110
1132,1111
1132,1114
1132,1208
1132,1331
1132,1350
1132,1430
1132,1453
1132,1580
1133,68
1133,684
1134,68
1134,103
1134,275
1134,464
1134,600
1134,685
1134,689
1134,1203
1134,1249
1134,1336
1134,1763
1134,1782
1134,1901
1134,2004
1134,2131
1134,2535
1134,2910
1134,2954
1135,68
1136,68
1136,1012
1136,1346
1136,1835
1136,3796
1137,68
1137,171
1137,258
1137,385
1137,421
1137,449
1137,457
1137,461
1137,464
1137,493
1137,502
1137,518
1137,592
1137,688
1137,918
1137,948
1137,1015
1137,1024
1137,1029
1137,1154
1137,1174
1137,1243
1137,1318
1137,1341
1137,1389
1137,1446
1137,1475
1137,1596
1137,1880
1137,1902
1137,1940
1137,2031
1137,2118
1137,2124
1137,2917
1137,3328
1137,3895
1137,4189
1137,4588
1138,68
1138,637
1138,689
1138,718
1138,780
1138,1028
1138,1049
1138,1140
1138,1453
1138,1596
1138,1754
1138,1999
1138,2113
1138,2114
1138,2302
1138,2871
1138,3190
1138,3493
1138,3881
1138,3938
1138,4170
1138,4189
1138,4251
1139,68
1139,989
1139,1028
1139,4589
1140,60
1140,68
1140,143
1140,154
1140,435
1140,437
1140,453
1140,512
1140,519
1140,524
1140,565
1140,592
1140,637
1140,685
1140,762
1140,781
1140,790
1140,796
1140,836
1140,863
1140,1012
1140,1020
1140,1022
1140,1023
1140,1024
1140,1029
1140,1138
1140,1153
1140,1158
1140,1213
1140,1403
1140,1412
1140,1580
1140,1694
1140,1751
1140,1815
1140,1836
1140,1909
1140,2074
1140,2114
1140,2299
1140,2302
1140,2443
1140,3352
1140,3451
1140,4170
1141,68
1141,2113
1141,2528
1142,68
1142,445
1142,635
1142,762
1142,966
1142,967
1142,989
1142,1005
1142,1154
1142,1161
1142,1566
1142,1811
1142,1880
1142,2114
1142,2118
1142,2306
1142,4323
1142,4590
1143,68
1143,105
1143,168
1143,775
1143,780
1143,935
1143,963
1143,966
1143,989
1143,1276
1143,1393
1143,1852
1143,1890
1143,1999
1143,2306
1143,2307
1143,3912
1143,4591
1143,4592
1143,4593
1144,35
1144,60
1144,62
1144,67
1144,68
1144,101
1144,125
1144,135
1144,138
1144,154
1144,157
1144,162
1144,172
1144,192
1144,254
1144,257
1144,269
1144,276
1144,326
1144,348
1144,386
1144,399
1144,408
1144,428
1144,431
1144,433
1144,438
1144,441
1144,447
1144,498
1144,512
1144,515
1144,516
1144,518
1144,519
1144,546
1144,563
1144,565
1144,570
1144,583
1144,592
1144,625
1144,628
1144,636
1144,638
1144,644
1144,660
1144,662
1144,684
1144,689
1144,702
1144,711
1144,712
1144,717
1144,729
1144,730
1144,732
1144,765
1144,771
1144,778
1144,780
1144,800
1144,801
1144,831
1144,833
1144,854
1144,867
1144,871
1144,872
1144,874
1144,898
1144,913
1144,927
1144,938
1144,945
1144,949
1144,966
1144,967
1144,973
1144,974
1144,976
1144,980
1144,981
1144,982
1144,983
1144,989
1144,999
1144,1003
1144,1005
1144,1009
1144,1018
1144,1023
1144,1024
1144,1026
1144,1029
1144,1052
1144,1081
1144,1086
1144,1098
1144,1104
1144,1117
1144,1132
1144,1140
1144,1146
1144,1147
1144,1153
1144,1158
1144,1200
1144,1210
1144,1216
1144,1226
1144,1247
1144,1251
1144,1254
1144,1259
1144,1260
1144,1263
1144,1264
1144,1276
1144,1279
1144,1283
1144,1284
1144,1286
1144,1289
1144,1291
1144,1293
1144,1295
1144,1300
1144,1303
1144,1304
1144,1308
1144,1309
1144,1310
1144,1312
1144,1313
1144,1315
1144,1317
1144,1318
1144,1319
1144,1328
1144,1331
1144,1337
1144,1341
1144,1342
1144,1346
1144,1357
1144,1361
1144,1365
1144,1370
1144,1395
1144,1398
1144,1403
1144,1404
1144,1409
1144,1412
1144,1420
1144,1432
1144,1440
1144,1442
1144,1445
1144,1446
1144,1448
1144,1456
1144,1466
1144,1469
1144,1470
1144,1471
1144,1478
1144,1481
1144,1491
1144,1515
1144,1531
1144,1535
1144,1586
1144,1589
1144,1596
1144,1601
1144,1603
1144,1612
1144,1630
1144,1640
1144,1642
1144,1644
1144,1647
1144,1663
1144,1665
1144,1675
1144,1683
1144,1685
1144,1692
1144,1694
1144,1700
1144,1704
1144,1738
1144,1751
1144,1757
1144,1772
1144,1777
1144,1780
1144,1789
1144,1793
1144,1796
1144,1803
1144,1837
1144,1839
1144,1844
1144,1845
1144,1852
1144,1864
1144,1873
1144,1880
1144,1897
1144,1902
1144,1921
1144,1937
1144,1940
1144,1943
1144,1944
1144,1947
1144,1948
1144,1951
1144,1955
1144,1959
1144,1963
1144,1970
1144,1971
1144,1976
1144,1990
1144,1999
1144,2027
1144,2040
1144,2041
1144,2043
1144,2046
1144,2049
1144,2050
1144,2062
1144,2115
1144,2118
1144,2140
1144,2144
1144,2153
1144,2155
1144,2161
1144,2243
1144,2244
1144,2269
1144,2296
1144,2297
1144,2308
1144,2309
1144,2333
1144,2394
1144,2397
1144,2412
1144,2415
1144,2453
1144,2529
1144,2535
1144,2842
1144,2873
1144,2878
1144,2920
1144,2945
1144,3126
1144,3192
1144,3244
1144,3313
1144,3314
1144,3328
1144,3329
1144,3331
1144,3344
1144,3347
1144,3392
1144,3451
1144,3454
1144,3496
1144,3513
1144,3514
1144,3788
1144,3792
1144,3874
1144,3916
1144,4018
1144,4037
1144,4047
1144,4060
1144,4232
1144,4251
1144,4272
1144,4328
1144,4372
1144,4423
1144,4594
1144,4595
1144,4596
1144,4597
1144,4598
1144,4599
1144,4600
1144,4601
1144,4602
1144,4603
1144,4604
1144,4605
1144,4606
1144,4607
1145,68
1145,151
1145,154
1145,428
1145,475
1145,619
1145,646
1145,672
1145,681
1145,686
1145,898
1145,913
1145,923
1145,974
1145,976
1145,977
1145,979
1145,981
1145,994
1145,1010
1145,1026
1145,1096
1145,1166
1145,1257
1145,1328
1145,1336
1145,1338
1145,1339
1145,1340
1145,1346
1145,1348
1145,1350
1145,1365
1145,1400
1145,1412
1145,1420
1145,1602
1145,1792
1145,2518
1145,2847
1145,2959
1145,3144
1145,3158
1145,3843
1146,68
1146,431
1146,435
1146,463
1146,475
1146,508
1146,510
1146,522
1146,537
1146,594
1146,636
1146,683
1146,710
1146,780
1146,793
1146,818
1146,839
1146,945
1146,949
1146,963
1146,966
1146,967
1146,971
1146,1005
1146,1010
1146,1015
1146,1024
1146,1029
1146,1049
1146,1098
1146,1099
1146,1152
1146,1154
1146,1156
1146,1269
1146,1276
1146,1277
1146,1325
1146,1346
1146,1390
1146,1393
1146,1536
1146,1676
1146,1755
1146,1759
1146,1775
1146,1789
1146,1811
1146,1879
1146,1890
1146,1897
1146,1920
1146,1921
1146,1999
1146,2118
1146,2122
1146,2150
1146,2269
1146,2909
1146,3071
1146,3465
1146,3881
1146,3908
1146,3909
1146,4608
1146,4609
1147,68
1147,137
1147,415
1147,449
1147,496
1147,522
1147,672
1147,704
1147,962
1147,976
1147,981
1147,1326
1147,1398
1147,1403
1147,1762
1147,1770
1147,2842
1147,3157
1148,68
1148,1108
1148,2336
1148,3195
1149,68
1149,348
1149,370
1149,730
1149,945
1149,989
1149,991
1149,1240
1149,1342
1149,1418
1149,1614
1149,1644
1149,1770
1149,1821
1149,1839
1149,1900
1149,1901
1149,1956
1149,2006
1149,2048
1149,2583
1149,3581
1149,4610
1150,68
1150,151
1150,449
1150,633
1150,683
1150,686
1150,776
1150,781
1150,792
1150,973
1150,1007
1150,1030
1150,1154
1150,1350
1150,1412
1150,1622
1150,1776
1150,1840
1150,2131
1150,2849
1150,3146
1150,3483
1150,3513
1150,4611
1150,4612
1151,68
1151,453
1151,537
1151,546
1151,565
1151,776
1151,791
1151,795
1151,797
1151,843
1151,884
1151,1098
1151,1152
1151,1153
1151,1158
1151,1327
1151,1329
1151,1346
1151,1365
1151,1412
1151,1763
1151,2269
1151,2301
1151,3492
1152,0
1152,68
1152,154
1152,168
1152,338
1152,504
1152,518
1152,522
1152,548
1152,594
1152,628
1152,635
1152,775
1152,780
1152,781
1152,869
1152,876
1152,935
1152,964
1152,966
1152,967
1152,982
1152,1005
1152,1028
1152,1099
1152,1146
1152,1151
1152,1161
1152,1280
1152,1349
1152,1350
1152,1447
1152,1604
1152,1852
1152,1920
1152,2095
1152,2269
1152,2302
1152,2336
1152,2956
1152,3459
1152,3881
1152,4063
1152,4109
1152,4613
1153,68
1153,270
1153,348
1153,546
1153,718
1153,775
1153,776
1153,863
1153,945
1153,964
1153,965
1153,971
1153,973
1153,983
1153,1151
1153,1156
1153,1329
1153,1341
1153,1535
1153,1580
1153,2302
1153,2531
1154,399
1154,431
1154,433
1154,510
1154,515
1154,537
1154,539
1154,633
1154,638
1154,762
1154,795
1154,798
1154,967
1154,971
1154,990
1154,995
1154,1005
1154,1028
1154,1043
1154,1132
1154,1137
1154,1146
1154,1150
1154,1325
1154,1332
1154,1346
1154,1365
1154,1412
1154,1895
1154,2423
1154,3193
1154,3465
1155,378
1155,438
1155,516
1155,638
1155,670
1155,686
1155,798
1155,927
1155,965
1155,1208
1155,1258
1155,1267
1155,1300
1155,1308
1155,1365
1155,1366
1155,1367
1155,1379
1155,1403
1155,1419
1155,1434
1155,1442
1155,1443
1155,1447
1155,1478
1155,1588
1155,1596
1155,1614
1155,1631
1155,1635
1155,1644
1155,1697
1155,1772
1155,1889
1155,1902
1155,1916
1155,1925
1155,1937
1155,1951
1155,1959
1155,1963
1155,1976
1155,2001
1155,2009
1155,2034
1155,2041
1155,2128
1155,2153
1155,2295
1155,2422
1155,2915
1155,2916
1155,2922
1155,2964
1155,3346
1155,3363
1155,3463
1155,3537
1155,3905
1155,3958
1155,4030
1155,4252
1155,4614
1155,4615
1155,4616
1155,4617
1155,4618
1156,636
1156,792
1156,971
1156,1146
1156,1153
1156,1631
1156,1811
1156,3192
1157,103
1157,155
1157,270
1157,306
1157,431
1157,511
1157,515
1157,537
1157,546
1157,636
1157,683
1157,765
1157,775
1157,796
1157,798
1157,799
1157,800
1157,860
1157,875
1157,893
1157,935
1157,945
1157,964
1157,967
1157,983
1157,1036
1157,1146
1157,1159
1157,1161
1157,1212
1157,1325
1157,1329
1157,1346
1157,1392
1157,1580
1157,1586
1157,1754
1157,1764
1157,1768
1157,1789
1157,1796
1157,2073
1157,2140
1157,2401
1157,2403
1157,2849
1157,3169
1157,3195
1157,3294
1157,3359
1157,3438
1157,3862
1157,3889
1157,4597
1158,66
1158,68
1158,154
1158,433
1158,450
1158,498
1158,509
1158,510
1158,515
1158,518
1158,522
1158,524
1158,526
1158,527
1158,546
1158,566
1158,604
1158,637
1158,638
1158,671
1158,672
1158,702
1158,708
1158,713
1158,791
1158,797
1158,799
1158,800
1158,806
1158,857
1158,867
1158,870
1158,927
1158,964
1158,966
1158,969
1158,989
1158,1005
1158,1020
1158,1023
1158,1024
1158,1028
1158,1049
1158,1123
1158,1140
1158,1144
1158,1146
1158,1151
1158,1163
1158,1164
1158,1198
1158,1213
1158,1223
1158,1325
1158,1332
1158,1389
1158,1391
1158,1396
1158,1580
1158,1582
1158,1600
1158,1601
1158,1669
1158,1768
1158,1775
1158,1835
1158,1879
1158,1921
1158,1946
1158,1958
1158,1999
1158,2046
1158,2306
1158,2336
1158,2406
1158,2844
1158,2849
1158,2871
1158,2945
1158,3394
1158,3817
1158,4619
1159,977
1159,1157
1159,1765
1159,1776
1159,4620
1159,4621
1160,69
1160,530
1160,1162
1161,69
1161,121
1161,137
1161,171
1161,426
1161,496
1161,546
1161,684
1161,702
1161,765
1161,800
1161,831
1161,857
1161,873
1161,875
1161,945
1161,967
1161,981
1161,995
1161,1142
1161,1152
1161,1280
1161,1325
1161,1332
1161,1396
1161,1535
1161,1603
1161,1754
1161,1852
1161,1885
1161,1921
1161,2000
1161,2114
1161,2150
1161,3175
1161,3808
1161,3816
1161,4384
1161,4622
1162,69
1162,144
1162,426
1162,552
1162,986
1162,1044
1162,1160
1162,1734
1163,69
1163,276
1163,426
1163,605
1163,662
1163,668
1163,758
1163,1044
1163,2392
1163,3063
1164,69
1164,173
1164,408
1164,452
1164,517
1164,3457
1165,69
1165,137
1165,960
1165,1160
1166,18
1166,69
1166,137
1166,172
1166,194
1166,245
1166,267
1166,293
1166,342
1166,370
1166,439
1166,503
1166,532
1166,570
1166,638
1166,672
1166,729
1166,736
1166,884
1166,893
1166,898
1166,938
1166,990
1166,1032
1166,1322
1166,1324
1166,1345
1166,1350
1166,1362
1166,1389
1166,1400
1166,1518
1166,1582
1166,1617
1166,1781
1166,1782
1166,1897
1166,1901
1166,1932
1166,2055
1166,2067
1166,2190
1166,2269
1166,2412
1166,2423
1166,3074
1166,3421
1166,3869
1166,4623
1166,4624
1167,69
1167,432
1167,1218
1168,69
1168,259
1168,408
1168,512
1168,521
1168,599
1168,670
1168,754
1168,858
1168,1028
1168,1052
1168,1117
1168,1163
1168,1269
1168,1516
1168,1737
1168,2841
1168,3474
1169,70
1169,1295
1169,1653
1169,1952
1169,2155
1169,2251
1169,2550
1169,3396
1169,4625
1169,4626
1169,4627
1170,70
1170,101
1170,196
1170,236
1170,251
1171,50
1171,70
1171,71
1171,77
1171,80
1171,98
1171,100
1171,135
1171,156
1171,196
1171,232
1171,534
1171,537
1171,629
1171,683
1171,802
1171,932
1171,974
1171,983
1171,1248
1171,1340
1171,1782
1171,2164
1171,2198
1171,2399
1171,3161
1171,3214
1171,3492
1171,3808
1172,72
1172,182
1173,71
1173,81
1173,85
1173,109
1173,135
1173,154
1173,185
1173,207
1173,291
1173,433
1173,475
1173,496
1173,516
1173,518
1173,684
1173,775
1173,893
1173,916
1173,931
1173,962
1173,974
1173,979
1173,993
1173,1010
1173,1029
1173,1096
1173,1280
1173,1340
1173,1346
1173,1347
1173,1399
1173,1604
1173,1839
1173,1856
1173,1885
1173,1921
1173,2849
1173,2904
1173,3454
1173,4628
1174,949
1174,1098
1174,1137
1174,1251
1174,1261
1174,1423
1174,1433
1174,1476
1174,1632
1174,1882
1174,1907
1174,1932
1174,1936
1174,1940
1174,1955
1174,2022
1174,2029
1174,2033
1174,2037
1174,2038
1174,2043
1174,2077
1174,2153
1174,2162
1174,2964
1174,3104
1174,3276
1174,3319
1174,3614
1174,3920
1174,3937
1174,3987
1174,4016
1174,4137
1174,4256
1174,4345
1174,4349
1174,4355
1174,4629
1174,4630
1175,2631
1175,4177
1176,71
1176,192
1176,434
1176,741
1176,801
1176,882
1176,898
1176,1174
1176,1251
1176,1273
1176,1302
1176,1312
1176,1418
1176,1420
1176,1478
1176,1481
1176,1538
1176,1614
1176,1634
1176,1636
1176,1637
1176,1638
1176,1640
1176,1644
1176,1662
1176,1668
1176,1683
1176,1723
1176,1946
1176,1949
1176,1955
1176,1957
1176,1982
1176,2153
1176,2164
1176,2172
1176,2451
1176,2486
1176,2545
1176,2782
1176,3331
1176,3541
1176,3567
1176,3894
1176,3917
1176,3991
1176,4258
1176,4365
1176,4368
1176,4616
1176,4631
1176,4632
1176,4633
1176,4634
1176,4635
1176,4636
1176,4637
1177,72
1177,100
1177,194
1177,197
1177,223
1177,238
1177,260
1178,5
1178,83
1178,164
1178,237
1178,254
1178,333
1178,1502
1178,1543
1179,73
1179,83
1179,113
1179,116
1179,181
1179,214
1179,248
1179,251
1179,334
1179,573
1179,1674
1180,10
1180,73
1180,87
1180,107
1180,111
1180,197
1180,212
1180,223
1180,249
1180,251
1180,265
1180,268
1180,301
1180,895
1181,87
1181,249
1181,653
1181,1172
1182,191
1182,219
1182,236
1182,249
1182,484
1182,735
1183,72
1183,90
1183,224
1183,249
1183,251
1183,253
1183,376
1183,387
1183,1501
1184,288
1184,412
1184,2509
1185,9
1185,74
1185,95
1185,96
1185,116
1185,354
1185,708
1185,749
1185,764
1185,777
1185,806
1185,904
1185,1240
1185,1270
1185,1569
1186,74
1186,777
1186,4638
1187,95
1187,303
1187,4639
1188,71
1188,77
1188,83
1188,84
1188,99
1188,108
1188,113
1188,116
1188,181
1188,226
1188,238
1188,251
1188,803
1189,78
1190,81
1190,116
1190,374
1190,764
1190,954
1190,1240
1190,4074
1191,82
1191,107
1191,108
1191,181
1191,224
1192,85
1192,105
1192,191
1192,214
1192,217
1192,231
1192,239
1192,272
1192,294
1192,326
1192,336
1193,82
1194,84
1195,95
1195,98
1195,99
1195,116
1195,188
1195,194
1195,211
1195,248
1195,307
1195,328
1195,334
1195,469
1195,532
1195,1227
1195,1269
1195,1502
1195,2338
1196,219
1196,265
1196,301
1196,472
1197,253
1198,83
1198,139
1198,147
1198,156
1198,276
1198,462
1198,594
1198,781
1198,858
1198,906
1198,962
1198,989
1198,1019
1198,1033
1198,1079
1198,1158
1198,1312
1198,1355
1198,1426
1198,1449
1198,1537
1198,1605
1198,1614
1198,1677
1198,1713
1198,1754
1198,1852
1198,1987
1198,2010
1198,2109
1198,2248
1198,2271
1198,2317
1198,2324
1198,2330
1198,2352
1198,2354
1198,2560
1198,2592
1198,2611
1198,2625
1198,2646
1198,2654
1198,2663
1198,2664
1198,2669
1198,2674
1198,2678
1198,2693
1198,2697
1198,2725
1198,2727
1198,2730
1198,2743
1198,2882
1198,2891
1198,2897
1198,2898
1198,2992
1198,3012
1198,3036
1198,3087
1198,3093
1198,3099
1198,3224
1198,3227
1198,3232
1198,3258
1198,3323
1198,3542
1198,3567
1198,3583
1198,3593
1198,3609
1198,3610
1198,3614
1198,3619
1198,3629
1198,3640
1198,3653
1198,3753
1198,3835
1198,3857
1198,3881
1198,3952
1198,4166
1198,4307
1198,4413
1198,4640
1198,4641
1198,4642
1198,4643
1198,4644
1198,4645
1199,111
1199,390
1199,804
1199,2103
1200,6
1200,10
1200,11
1200,14
1200,15
1200,83
1200,85
1200,127
1200,143
1200,154
1200,197
1200,200
1200,207
1200,217
1200,239
1200,240
1200,241
1200,264
1200,278
1200,289
1200,301
1200,309
1200,316
1200,318
1200,319
1200,342
1200,352
1200,385
1200,387
1200,389
1200,402
1200,484
1200,683
1200,717
1200,730
1200,831
1200,851
1200,931
1200,976
1200,990
1200,1024
1200,1144
1200,1290
1200,1314
1200,1325
1200,1337
1200,1346
1200,1412
1200,1478
1200,1637
1200,1683
1200,1694
1200,1696
1200,1776
1200,1952
1200,1956
1200,2000
1200,2082
1200,2089
1200,2251
1200,2269
1200,2271
1200,2278
1200,2340
1200,2402
1200,2475
1200,2663
1200,2669
1200,2677
1200,2717
1200,2718
1200,2727
1200,2849
1200,3217
1200,3221
1200,3262
1200,3319
1200,3328
1200,3335
1200,3581
1200,3629
1200,3635
1200,3638
1200,3643
1200,3644
1200,3656
1200,3659
1200,3661
1200,3836
1200,3894
1200,4471
1200,4529
1200,4627
1200,4646
1200,4647
1200,4648
1200,4649
1200,4650
1200,4651
1201,8
1201,10
1201,96
1201,111
1201,116
1201,220
1201,228
1201,229
1201,236
1201,241
1201,244
1201,249
1201,253
1201,268
1201,280
1201,283
1201,285
1201,289
1201,300
1201,301
1201,312
1201,316
1201,324
1201,390
1201,396
1201,484
1201,542
1201,573
1201,635
1201,708
1201,904
1201,907
1201,920
1201,1067
1201,1080
1201,1545
1201,3060
1202,10
1202,22
1202,83
1202,135
1202,144
1202,156
1202,191
1202,226
1202,231
1202,246
1202,249
1202,303
1202,322
1202,326
1202,352
1202,411
1202,415
1202,433
1202,516
1202,532
1202,546
1202,565
1202,636
1202,643
1202,699
1202,729
1202,732
1202,831
1202,839
1202,946
1202,954
1202,980
1202,1023
1202,1096
1202,1098
1202,1205
1202,1232
1202,1237
1202,1249
1202,1254
1202,1271
1202,1331
1202,1334
1202,1337
1202,1341
1202,1342
1202,1359
1202,1363
1202,1365
1202,1395
1202,1401
1202,1403
1202,1412
1202,1418
1202,1430
1202,1453
1202,1589
1202,1595
1202,1608
1202,1615
1202,1770
1202,1775
1202,1782
1202,1854
1202,1873
1202,1901
1202,1921
1202,1928
1202,2006
1202,2012
1202,2124
1202,2130
1202,2133
1202,2422
1202,2444
1202,2535
1202,2855
1202,3065
1202,3274
1202,3408
1202,4235
1202,4256
1202,4652
1202,4653
1202,4654
1203,41
1203,255
1203,293
1203,296
1203,489
1203,616
1203,703
1203,743
1203,749
1203,787
1203,834
1203,889
1203,1134
1203,1998
1203,2338
1204,351
1204,385
1204,488
1204,3062
1205,5
1205,7
1205,9
1205,15
1205,63
1205,64
1205,74
1205,83
1205,94
1205,98
1205,101
1205,110
1205,127
1205,209
1205,224
1205,246
1205,260
1205,269
1205,280
1205,284
1205,318
1205,321
1205,342
1205,352
1205,363
1205,386
1205,421
1205,450
1205,475
1205,484
1205,508
1205,570
1205,683
1205,732
1205,845
1205,867
1205,869
1205,874
1205,1005
1205,1017
1205,1098
1205,1108
1205,1174
1205,1262
1205,1329
1205,1426
1205,1588
1205,1589
1205,1674
1205,1689
1205,1733
1205,1855
1205,2004
1205,2009
1205,2663
1205,2664
1205,2669
1205,2673
1205,2737
1205,3126
1205,3394
1205,3801
1205,4404
1205,4525
1205,4655
1205,4656
1206,915
1206,973
1206,2114
1206,3979
1207,365
1207,594
1207,1568
1208,22
1208,44
1208,83
1208,101
1208,104
1208,110
1208,111
1208,118
1208,134
1208,135
1208,137
1208,139
1208,151
1208,163
1208,164
1208,165
1208,191
1208,197
1208,200
1208,217
1208,224
1208,235
1208,237
1208,239
1208,241
1208,245
1208,250
1208,254
1208,258
1208,267
1208,274
1208,275
1208,276
1208,292
1208,302
1208,326
1208,335
1208,342
1208,352
1208,380
1208,381
1208,386
1208,393
1208,401
1208,404
1208,408
1208,415
1208,433
1208,434
1208,437
1208,438
1208,466
1208,488
1208,495
1208,506
1208,515
1208,532
1208,533
1208,559
1208,566
1208,588
1208,633
1208,636
1208,637
1208,638
1208,646
1208,683
1208,688
1208,717
1208,729
1208,730
1208,747
1208,750
1208,755
1208,756
1208,763
1208,774
1208,781
1208,785
1208,800
1208,806
1208,824
1208,835
1208,836
1208,845
1208,851
1208,855
1208,866
1208,894
1208,906
1208,913
1208,954
1208,980
1208,996
1208,999
1208,1026
1208,1078
1208,1098
1208,1104
1208,1107
1208,1132
1208,1140
1208,1155
1208,1212
1208,1223
1208,1247
1208,1263
1208,1314
1208,1341
1208,1353
1208,1356
1208,1357
1208,1367
1208,1375
1208,1403
1208,1409
1208,1417
1208,1420
1208,1422
1208,1430
1208,1433
1208,1450
1208,1453
1208,1458
1208,1566
1208,1588
1208,1589
1208,1608
1208,1611
1208,1616
1208,1619
1208,1620
1208,1628
1208,1630
1208,1632
1208,1664
1208,1686
1208,1705
1208,1728
1208,1733
1208,1738
1208,1773
1208,1776
1208,1778
1208,1799
1208,1816
1208,1821
1208,1854
1208,1891
1208,1900
1208,1901
1208,1925
1208,1926
1208,1927
1208,1928
1208,1932
1208,1937
1208,1948
1208,1961
1208,2016
1208,2020
1208,2024
1208,2029
1208,2031
1208,2036
1208,2041
1208,2077
1208,2131
1208,2259
1208,2395
1208,2416
1208,2422
1208,2425
1208,2426
1208,2427
1208,2431
1208,2535
1208,2536
1208,2583
1208,2875
1208,2909
1208,2925
1208,2958
1208,2960
1208,3192
1208,3275
1208,3328
1208,3336
1208,3421
1208,3501
1208,3849
1208,3885
1208,3999
1208,4007
1208,4254
1208,4282
1208,4339
1208,4612
1208,4621
1208,4657
1208,4658
1209,1069
1210,168
1210,1143
1210,4582
1211,1032
1212,432
1212,453
1212,636
1212,683
1212,702
1212,794
1212,799
1212,945
1212,1157
1212,1613
1212,1999
1212,2995
1213,61
1213,105
1213,141
1213,452
1213,456
1213,461
1213,463
1213,519
1213,521
1213,585
1213,671
1213,755
1213,781
1213,836
1213,857
1213,949
1213,954
1213,987
1213,996
1213,1024
1213,1028
1213,1029
1213,1049
1213,1140
1213,1158
1213,1226
1213,1327
1213,1390
1213,1434
1213,1471
1213,1607
1213,1620
1213,1815
1213,1835
1213,1890
1213,1892
1213,1906
1213,2011
1213,2012
1213,2031
1213,2113
1213,2223
1213,2300
1213,2394
1213,2410
1213,2844
1213,3063
1213,3066
1213,3190
1213,3352
1213,3412
1214,83
1214,130
1214,507
1214,559
1214,585
1214,588
1214,833
1214,939
1214,1034
1214,1051
1214,1071
1214,3531
1214,4589
1215,296
1215,834
1215,1088
1216,0
1216,147
1216,1014
1217,167
1217,213
1217,229
1217,421
1217,498
1217,512
1217,597
1217,1899
1217,2087
1217,2244
1217,2272
1217,4659
1218,142
1218,256
1218,459
1218,509
1218,512
1218,514
1218,521
1218,523
1218,530
1218,599
1218,754
1218,858
1218,957
1218,1006
1218,1163
1218,1167
1218,1221
1218,1574
1218,1851
1218,3108
1218,3424
1218,3435
1218,3766
1218,3780
1219,1291
1219,2606
1219,2636
1219,3777
1219,3823
1220,833
1220,1732
1221,121
1221,133
1221,161
1221,162
1221,536
1221,588
1221,593
1221,604
1221,605
1221,877
1221,1044
1221,1069
1221,1088
1221,1218
1221,2952
1221,3490
1222,1044
1222,1830
1222,2860
1223,7
1223,16
1223,58
1223,67
1223,137
1223,139
1223,167
1223,174
1223,180
1223,216
1223,276
1223,399
1223,406
1223,408
1223,415
1223,432
1223,435
1223,436
1223,439
1223,442
1223,443
1223,448
1223,502
1223,507
1223,509
1223,511
1223,512
1223,519
1223,526
1223,537
1223,552
1223,584
1223,593
1223,594
1223,598
1223,604
1223,606
1223,661
1223,662
1223,668
1223,695
1223,718
1223,754
1223,760
1223,801
1223,834
1223,855
1223,857
1223,858
1223,877
1223,882
1223,945
1223,947
1223,956
1223,986
1223,1006
1223,1009
1223,1028
1223,1052
1223,1086
1223,1110
1223,1114
1223,1162
1223,1218
1223,1222
1223,1224
1223,1266
1223,1438
1223,1443
1223,1522
1223,1577
1223,1578
1223,1581
1223,1586
1223,1733
1223,1734
1223,1735
1223,1746
1223,1801
1223,1802
1223,1830
1223,1860
1223,2056
1223,2059
1223,2061
1223,2062
1223,2099
1223,2101
1223,2300
1223,2392
1223,2510
1223,2952
1223,3290
1223,3309
1223,3339
1223,3375
1223,3422
1223,3424
1223,3425
1223,3426
1223,3769
1223,3773
1223,3778
1223,4253
1223,4660
1223,4661
1224,7
1224,133
1224,136
1224,140
1224,144
1224,171
1224,257
1224,276
1224,379
1224,406
1224,408
1224,431
1224,442
1224,497
1224,526
1224,548
1224,584
1224,588
1224,593
1224,600
1224,604
1224,661
1224,760
1224,833
1224,852
1224,857
1224,924
1224,957
1224,960
1224,1009
1224,1044
1224,1090
1224,1117
1224,1163
1224,1223
1224,1241
1224,1266
1224,1387
1224,1517
1224,1579
1224,1586
1224,1746
1224,1799
1224,1801
1224,1802
1224,1811
1224,1873
1224,2057
1224,3297
1224,4146
1225,71
1225,80
1225,85
1225,101
1225,108
1225,505
1226,85
1226,99
1226,103
1226,116
1226,316
1226,438
1226,475
1226,503
1226,504
1226,505
1226,515
1226,664
1226,839
1226,954
1226,1144
1226,1213
1226,1257
1226,1331
1226,1342
1226,1344
1226,1366
1226,1403
1226,1412
1226,1467
1226,1612
1226,1869
1226,1935
1226,2006
1226,2031
1226,2125
1226,2223
1226,2532
1226,3197
1226,3792
1226,4337
1227,85
1227,334
1227,1195
1228,99
1228,322
1228,2944
1229,87
1229,214
1229,268
1229,476
1230,86
1230,89
1230,737
1230,2230
1230,2551
1231,87
1231,94
1231,200
1231,249
1231,296
1231,337
1231,851
1232,12
1232,38
1232,54
1232,89
1232,97
1232,100
1232,105
1232,153
1232,165
1232,193
1232,228
1232,245
1232,246
1232,276
1232,277
1232,326
1232,351
1232,388
1232,411
1232,421
1232,438
1232,484
1232,485
1232,564
1232,633
1232,699
1232,716
1232,730
1232,732
1232,806
1232,843
1232,945
1232,965
1232,977
1232,1043
1232,1176
1232,1249
1232,1254
1232,1302
1232,1310
1232,1318
1232,1342
1232,1353
1232,1361
1232,1445
1232,1447
1232,1628
1232,1676
1232,1782
1232,1875
1232,1899
1232,2259
1232,2309
1232,2310
1232,2857
1232,2916
1232,3168
1232,3379
1232,3854
1232,3868
1232,4012
1232,4189
1232,4662
1233,89
1233,412
1233,4663
1234,46
1234,89
1234,95
1234,117
1234,181
1234,193
1234,197
1234,236
1234,239
1234,240
1234,254
1234,263
1234,264
1234,297
1234,299
1234,301
1234,318
1234,323
1234,336
1234,363
1234,389
1234,390
1234,402
1234,469
1234,481
1234,483
1234,804
1234,838
1234,1059
1234,1547
1234,1794
1234,2226
1234,2229
1234,2230
1234,2937
1235,13
1235,89
1235,92
1235,225
1235,239
1235,280
1235,284
1235,2339
1236,389
1236,390
1237,94
1237,117
1237,377
1237,805
1238,1243
1239,95
1240,96
1240,116
1240,351
1240,354
1240,764
1240,882
1240,1185
1240,1190
1240,2320
1240,2323
1240,2611
1240,2714
1240,2789
1240,3602
1240,3835
1240,3836
1240,4206
1240,4319
1240,4664
1240,4665
1241,48
1241,97
1241,121
1241,146
1241,201
1241,462
1241,508
1241,584
1241,604
1241,833
1241,1224
1241,1412
1241,2057
1241,2520
1242,386
1242,876
1242,1409
1242,2333
1243,14
1243,71
1243,83
1243,87
1243,117
1243,182
1243,254
1243,371
1243,378
1243,525
1243,672
1243,1566
1243,1582
1244,192
1244,254
1244,806
1244,898
1244,1571
1244,1613
1244,1656
1244,1696
1244,1983
1244,2162
1244,2167
1244,2171
1244,2172
1244,2174
1244,2176
1244,2203
1244,2289
1244,2534
1244,2671
1244,2989
1244,3123
1244,3242
1244,3555
1244,3580
1244,3932
1244,4563
1244,4598
1244,4666
1244,4667
1244,4668
1244,4669
1244,4670
1245,97
1245,135
1245,137
1245,154
1245,164
1245,326
1245,388
1245,413
1245,461
1245,546
1245,638
1245,711
1245,727
1245,798
1245,835
1245,867
1245,874
1245,893
1245,898
1245,913
1245,972
1245,973
1245,974
1245,976
1245,980
1245,981
1245,990
1245,1010
1245,1321
1245,1337
1245,1445
1245,1522
1245,1919
1245,2240
1245,2423
1245,2520
1245,2958
1245,3022
1245,3790
1245,4671
1246,141
1246,167
1246,464
1246,528
1246,529
1246,530
1246,638
1246,670
1246,782
1246,867
1246,962
1246,1242
1246,1243
1246,1276
1246,1389
1246,4672
1247,97
1247,637
1247,755
1247,765
1247,778
1247,806
1247,836
1247,954
1247,980
1247,1026
1247,1078
1247,1098
1247,1208
1247,1252
1247,1265
1247,1283
1247,1298
1247,1314
1247,1318
1247,1331
1247,1341
1247,1409
1247,1440
1247,1452
1247,1484
1247,1537
1247,1628
1247,1766
1247,1782
1247,1854
1247,1948
1247,1949
1247,2051
1247,2133
1247,2174
1247,2248
1247,2250
1247,2427
1247,2488
1247,2538
1247,2989
1247,3037
1247,3175
1247,3276
1247,3331
1247,3360
1247,3517
1247,3810
1247,4043
1247,4260
1247,4270
1247,4340
1247,4359
1247,4673
1248,71
1248,97
1248,172
1248,348
1248,351
1248,462
1248,516
1248,532
1248,683
1248,685
1248,774
1248,884
1248,923
1248,932
1248,945
1248,1259
1248,1273
1248,1286
1248,1300
1248,1346
1248,1364
1248,1420
1248,1442
1248,1528
1248,1538
1248,1571
1248,1637
1248,1718
1248,1723
1248,1789
1248,1832
1248,1844
1248,1912
1248,1927
1248,1934
1248,1956
1248,1957
1248,2000
1248,2004
1248,2014
1248,2261
1248,2335
1248,3126
1248,3792
1248,3885
1248,3926
1248,3997
1248,4060
1248,4065
1248,4067
1248,4103
1248,4153
1248,4239
1248,4555
1248,4674
1248,4675
1249,97
1249,153
1249,275
1249,370
1249,492
1249,774
1249,875
1249,913
1249,995
1249,1040
1249,1134
1249,1202
1249,1217
1249,1223
1249,1271
1249,1284
1249,1342
1249,1345
1249,1417
1249,1418
1249,1423
1249,1537
1249,1602
1249,1617
1249,1623
1249,1664
1249,1775
1249,1928
1249,1932
1249,1934
1249,2009
1249,2011
1249,2263
1249,2295
1249,2340
1249,2416
1249,2537
1249,2835
1249,2873
1249,3079
1249,3746
1249,3870
1249,3995
1249,4068
1249,4659
1249,4676
1249,4677
1249,4678
1250,1474
1250,2915
1250,3152
1250,3581
1251,143
1251,381
1251,542
1251,563
1251,778
1251,866
1251,923
1251,932
1251,990
1251,996
1251,999
1251,1007
1251,1144
1251,1174
1251,1252
1251,1255
1251,1258
1251,1260
1251,1263
1251,1265
1251,1267
1251,1271
1251,1273
1251,1286
1251,1341
1251,1375
1251,1420
1251,1432
1251,1433
1251,1440
1251,1445
1251,1453
1251,1458
1251,1462
1251,1463
1251,1466
1251,1471
1251,1473
1251,1475
1251,1478
1251,1538
1251,1630
1251,1634
1251,1636
1251,1640
1251,1642
1251,1645
1251,1664
1251,1665
1251,1704
1251,1723
1251,1844
1251,1895
1251,1900
1251,1943
1251,1945
1251,1946
1251,1950
1251,1955
1251,1964
1251,1976
1251,2001
1251,2009
1251,2031
1251,2033
1251,2037
1251,2046
1251,2051
1251,2153
1251,2155
1251,2158
1251,2243
1251,2258
1251,2422
1251,2452
1251,2855
1251,2880
1251,2912
1251,2964
1251,2966
1251,2982
1251,3147
1251,3313
1251,3330
1251,3331
1251,3396
1251,3517
1251,3538
1251,3922
1251,3923
1251,3939
1251,3960
1251,4011
1251,4034
1251,4042
1251,4043
1251,4046
1251,4069
1251,4238
1251,4259
1251,4338
1251,4352
1251,4355
1251,4356
1251,4364
1251,4368
1251,4679
1251,4680
1251,4681
1251,4682
1251,4683
1251,4684
1251,4685
1251,4686
1251,4687
1251,4688
1251,4689
1251,4690
1252,369
1252,381
1252,550
1252,776
1252,785
1252,836
1252,999
1252,1247
1252,1255
1252,1259
1252,1263
1252,1267
1252,1298
1252,1367
1252,1410
1252,1420
1252,1426
1252,1438
1252,1446
1252,1553
1252,1589
1252,1599
1252,1608
1252,1635
1252,1664
1252,1694
1252,1779
1252,1900
1252,1939
1252,1946
1252,1948
1252,1960
1252,1963
1252,2027
1252,2036
1252,2243
1252,2278
1252,2540
1252,2918
1252,2964
1252,3023
1252,3113
1252,3165
1252,3331
1252,3344
1252,3412
1252,3821
1252,3921
1252,3999
1252,4024
1252,4033
1252,4107
1252,4256
1252,4599
1252,4691
1252,4692
1253,103
1253,157
1253,168
1253,269
1253,451
1253,452
1253,518
1253,542
1253,760
1253,867
1253,989
1253,996
1253,1017
1253,1029
1253,1223
1253,1243
1253,1256
1253,1261
1253,1325
1253,1328
1253,1339
1253,1350
1253,1438
1253,1446
1253,2031
1253,2114
1253,2917
1253,3290
1253,3392
1253,4393
1253,4630
1253,4693
1254,438
1254,532
1254,633
1254,660
1254,670
1254,717
1254,730
1254,824
1254,954
1254,980
1254,1043
1254,1144
1254,1155
1254,1202
1254,1217
1254,1232
1254,1283
1254,1293
1254,1302
1254,1303
1254,1306
1254,1310
1254,1317
1254,1421
1254,1436
1254,1443
1254,1445
1254,1453
1254,1458
1254,1468
1254,1475
1254,1478
1254,1481
1254,1482
1254,1589
1254,1614
1254,1619
1254,1691
1254,1697
1254,1738
1254,1778
1254,1879
1254,1898
1254,1944
1254,1951
1254,2133
1254,2244
1254,2249
1254,2416
1254,2422
1254,2463
1254,2537
1254,2915
1254,3029
1254,3192
1254,3330
1254,3346
1254,3517
1254,4044
1254,4048
1254,4181
1254,4285
1254,4368
1254,4694
1255,97
1255,523
1255,774
1255,980
1255,1026
1255,1252
1255,1254
1255,1281
1255,1322
1255,1341
1255,1424
1255,1425
1255,1434
1255,1618
1255,1738
1255,1793
1255,1874
1255,1952
1255,2031
1255,2133
1255,2427
1255,2880
1255,3163
1255,3999
1255,4012
1256,71
1256,650
1256,839
1256,1253
1256,1293
1256,1421
1256,1450
1256,1686
1256,1869
1256,1901
1256,1931
1256,1934
1256,2017
1256,2240
1256,2880
1256,4002
1256,4677
1256,4695
1257,103
1257,381
1257,438
1257,498
1257,503
1257,539
1257,765
1257,995
1257,999
1257,1026
1257,1174
1257,1258
1257,1438
1257,1442
1257,1596
1257,1620
1257,1630
1257,1632
1257,1876
1257,1902
1257,1946
1257,1948
1257,1985
1257,2032
1257,2166
1257,2243
1257,2535
1257,2922
1257,3168
1257,3197
1257,3314
1257,3495
1257,4028
1257,4032
1258,332
1258,377
1258,437
1258,438
1258,532
1258,563
1258,685
1258,755
1258,791
1258,806
1258,836
1258,918
1258,932
1258,999
1258,1007
1258,1078
1258,1137
1258,1149
1258,1155
1258,1244
1258,1251
1258,1252
1258,1257
1258,1261
1258,1262
1258,1263
1258,1267
1258,1273
1258,1283
1258,1300
1258,1394
1258,1403
1258,1427
1258,1433
1258,1435
1258,1439
1258,1440
1258,1442
1258,1445
1258,1446
1258,1453
1258,1456
1258,1457
1258,1462
1258,1478
1258,1481
1258,1483
1258,1596
1258,1620
1258,1627
1258,1629
1258,1632
1258,1633
1258,1664
1258,1698
1258,1708
1258,1723
1258,1757
1258,1778
1258,1794
1258,1827
1258,1936
1258,1937
1258,1943
1258,1946
1258,1948
1258,1954
1258,1955
1258,1963
1258,1967
1258,1976
1258,2001
1258,2004
1258,2027
1258,2030
1258,2031
1258,2033
1258,2036
1258,2037
1258,2043
1258,2044
1258,2048
1258,2051
1258,2153
1258,2154
1258,2244
1258,2248
1258,2295
1258,2341
1258,2422
1258,2423
1258,2445
1258,2867
1258,2877
1258,2882
1258,2915
1258,2916
1258,2922
1258,2963
1258,3081
1258,3112
1258,3166
1258,3236
1258,3243
1258,3328
1258,3332
1258,3396
1258,3554
1258,3923
1258,3937
1258,3958
1258,4018
1258,4031
1258,4035
1258,4046
1258,4104
1258,4149
1258,4173
1258,4255
1258,4612
1258,4696
1258,4697
1258,4698
1259,781
1259,1144
1259,1248
1259,1286
1259,1291
1259,1304
1259,1309
1259,1312
1259,1314
1259,1319
1259,1380
1259,1420
1259,1434
1259,1459
1259,1463
1259,1466
1259,1538
1259,1589
1259,1632
1259,1641
1259,1655
1259,1664
1259,1665
1259,1666
1259,1690
1259,1704
1259,1708
1259,1715
1259,1738
1259,1843
1259,1895
1259,1957
1259,1963
1259,1964
1259,1973
1259,2009
1259,2031
1259,2250
1259,2268
1259,2289
1259,2484
1259,2486
1259,2877
1259,2965
1259,3023
1259,3241
1259,3344
1259,3551
1259,4091
1259,4244
1259,4606
1259,4635
1259,4668
1259,4692
1259,4699
1259,4700
1259,4701
1259,4702
1259,4703
1260,438
1260,996
1260,1436
1260,1458
1260,1478
1260,1895
1260,1948
1260,2320
1260,2547
1260,4043
1260,4259
1260,4391
1261,539
1261,683
1261,778
1261,1425
1261,1615
1261,1936
1261,2049
1261,4391
1261,4393
1262,539
1262,1263
1262,1425
1262,1936
1262,2049
1262,2052
1262,2877
1262,4043
1262,4337
1262,4391
1262,4393
1262,4704
1263,381
1263,434
1263,539
1263,996
1263,1261
1263,1262
1263,1264
1263,1267
1263,1336
1263,1439
1263,1441
1263,1445
1263,1471
1263,1936
1263,2037
1263,2038
1263,2040
1263,2042
1263,2045
1263,2047
1263,2049
1263,2051
1263,2131
1263,2150
1263,2153
1263,2186
1263,3277
1263,3347
1263,4705
1264,563
1264,1263
1264,3313
1265,1247
1265,1293
1265,1437
1265,1457
1265,1483
1265,1631
1265,1704
1265,1914
1265,1937
1265,1951
1265,2033
1265,2243
1265,2469
1265,3175
1265,3396
1265,4026
1265,4153
1265,4175
1265,4615
1265,4706
1265,4707
1265,4708
1266,67
1266,121
1266,134
1266,135
1266,139
1266,150
1266,171
1266,255
1266,269
1266,434
1266,441
1266,492
1266,498
1266,500
1266,503
1266,526
1266,550
1266,570
1266,582
1266,588
1266,628
1266,662
1266,714
1266,761
1266,836
1266,857
1266,925
1266,926
1266,941
1266,957
1266,1009
1266,1088
1266,1216
1266,1224
1266,1258
1266,1263
1266,1265
1266,1267
1266,1375
1266,1425
1266,1433
1266,1437
1266,1446
1266,1476
1266,1630
1266,1799
1266,1830
1266,1937
1266,2031
1266,2033
1266,2037
1266,2046
1266,2049
1266,2051
1266,2427
1266,2920
1266,3226
1266,3330
1266,3485
1266,4021
1266,4709
1267,750
1267,836
1267,923
1267,1024
1267,1155
1267,1252
1267,1258
1267,1263
1267,1266
1267,1367
1267,1425
1267,1432
1267,1441
1267,1446
1267,1596
1267,1617
1267,1633
1267,1694
1267,1932
1267,1936
1267,1963
1267,2025
1267,2031
1267,2040
1267,2048
1267,2049
1267,2867
1267,3314
1267,4022
1267,4107
1267,4299
1267,4710
1267,4711
1267,4712
1268,98
1268,105
1268,188
1268,194
1268,226
1268,241
1268,246
1268,339
1268,730
1268,843
1268,1107
1268,1502
1268,2230
1268,2309
1269,1146
1269,1168
1269,1195
1269,1934
1270,99
1271,100
1271,105
1271,438
1271,452
1271,492
1271,542
1271,549
1271,650
1271,685
1271,791
1271,866
1271,1058
1271,1202
1271,1249
1271,1251
1271,1272
1271,1421
1271,1434
1271,1599
1271,1612
1271,1617
1271,1821
1271,1855
1271,1901
1271,1933
1271,2009
1271,2011
1271,2029
1271,2037
1271,2208
1271,2479
1271,2482
1271,2485
1271,2487
1271,2488
1271,2598
1271,2870
1271,2911
1271,3015
1271,3038
1271,3226
1271,3242
1271,4285
1271,4713
1272,100
1272,123
1272,576
1273,71
1273,83
1273,100
1273,110
1273,127
1273,149
1273,157
1273,160
1273,235
1273,241
1273,247
1273,275
1273,342
1273,391
1273,411
1273,438
1273,445
1273,566
1273,592
1273,625
1273,629
1273,631
1273,638
1273,646
1273,665
1273,685
1273,700
1273,703
1273,717
1273,780
1273,782
1273,800
1273,836
1273,898
1273,949
1273,967
1273,972
1273,989
1273,1007
1273,1024
1273,1088
1273,1137
1273,1142
1273,1174
1273,1176
1273,1208
1273,1248
1273,1251
1273,1278
1273,1340
1273,1345
1273,1412
1273,1423
1273,1446
1273,1458
1273,1465
1273,1471
1273,1524
1273,1588
1273,1602
1273,1613
1273,1641
1273,1646
1273,1669
1273,1679
1273,1707
1273,1740
1273,1753
1273,1758
1273,1772
1273,1778
1273,1846
1273,1850
1273,1883
1273,1946
1273,1950
1273,1952
1273,1955
1273,2002
1273,2022
1273,2043
1273,2114
1273,2131
1273,2146
1273,2153
1273,2162
1273,2244
1273,2263
1273,2295
1273,2303
1273,2406
1273,2454
1273,2689
1273,2841
1273,3077
1273,3115
1273,3331
1273,3456
1273,3492
1273,3499
1273,3860
1273,3893
1273,4042
1273,4046
1273,4066
1273,4117
1273,4148
1273,4175
1273,4238
1273,4336
1273,4555
1273,4636
1273,4652
1273,4714
1273,4715
1273,4716
1274,128
1274,131
1274,258
1274,500
1274,552
1274,576
1274,591
1274,594
1274,1003
1274,1052
1274,1567
1274,4717
1275,143
1275,415
1275,492
1275,503
1275,546
1275,645
1275,685
1275,762
1275,923
1275,974
1275,999
1275,1336
1275,1467
1275,1900
1275,1922
1275,2009
1275,2019
1275,2532
1275,3211
1275,3305
1275,3463
1275,3494
1275,3973
1275,4718
1275,4719
1275,4720
1275,4721
1276,431
1276,449
1276,518
1276,522
1276,594
1276,668
1276,669
1276,857
1276,872
1276,876
1276,966
1276,967
1276,1143
1276,1246
1276,1756
1276,1786
1276,1811
1276,1835
1276,1852
1276,1853
1276,1906
1276,2118
1276,2306
1276,2397
1276,3978
1277,684
1277,797
1277,963
1277,1146
1277,1210
1277,1811
1277,3459
1278,420
1278,546
1278,684
1278,701
1278,811
1278,935
1278,1336
1278,2854
1278,3884
1279,101
1279,524
1279,539
1279,971
1279,1028
1279,1280
1279,1346
1279,2340
1280,173
1280,180
1280,399
1280,442
1280,594
1280,710
1280,945
1280,1005
1280,1012
1280,1143
1280,1152
1280,1161
1280,1173
1280,1279
1280,1325
1280,1398
1280,1593
1280,1751
1280,1788
1280,2120
1280,2121
1280,2305
1280,2308
1280,2401
1280,2413
1280,2851
1280,3072
1280,3074
1280,3084
1280,3206
1280,3419
1280,3816
1280,3817
1280,3862
1280,4722
1280,4723
1281,729
1281,974
1281,1285
1281,1296
1281,1307
1281,1389
1281,1409
1281,1447
1281,1592
1281,1751
1281,1827
1281,2041
1281,2114
1281,2916
1281,2977
1281,3123
1281,3239
1281,3335
1281,3346
1281,3514
1281,3939
1281,4724
1281,4725
1282,135
1282,270
1282,437
1282,515
1282,873
1282,876
1282,893
1282,947
1282,964
1282,971
1282,976
1282,1107
1282,1280
1282,1459
1282,1987
1282,2240
1282,2261
1282,2269
1282,2535
1282,2849
1282,2945
1282,2989
1282,4091
1282,4243
1283,22
1283,135
1283,165
1283,292
1283,381
1283,532
1283,610
1283,660
1283,730
1283,792
1283,824
1283,877
1283,894
1283,1024
1283,1028
1283,1078
1283,1104
1283,1144
1283,1155
1283,1247
1283,1254
1283,1258
1283,1263
1283,1290
1283,1303
1283,1310
1283,1349
1283,1379
1283,1409
1283,1430
1283,1432
1283,1433
1283,1434
1283,1442
1283,1443
1283,1445
1283,1447
1283,1449
1283,1458
1283,1463
1283,1466
1283,1467
1283,1477
1283,1478
1283,1480
1283,1481
1283,1553
1283,1566
1283,1589
1283,1599
1283,1619
1283,1628
1283,1644
1283,1647
1283,1692
1283,1757
1283,1854
1283,1902
1283,1925
1283,1937
1283,1948
1283,1963
1283,1964
1283,1970
1283,1972
1283,2004
1283,2050
1283,2244
1283,2341
1283,2422
1283,2452
1283,2536
1283,2556
1283,2923
1283,2970
1283,2996
1283,3014
1283,3179
1283,3192
1283,3333
1283,3344
1283,3496
1283,3524
1283,3536
1283,3855
1283,4121
1283,4138
1283,4173
1283,4175
1283,4196
1283,4285
1283,4389
1283,4446
1283,4603
1283,4605
1283,4606
1283,4618
1283,4692
1283,4697
1283,4726
1283,4727
1284,1145
1284,1249
1284,1417
1284,1449
1284,1537
1284,1763
1284,3148
1284,4728
1285,633
1285,1002
1285,1281
1285,1309
1285,1694
1285,1852
1285,2415
1285,3543
1285,3910
1285,4055
1286,323
1286,665
1286,932
1286,1104
1286,1140
1286,1144
1286,1217
1286,1248
1286,1251
1286,1259
1286,1295
1286,1305
1286,1308
1286,1404
1286,1420
1286,1442
1286,1443
1286,1445
1286,1459
1286,1477
1286,1478
1286,1481
1286,1538
1286,1571
1286,1635
1286,1642
1286,1654
1286,1660
1286,1663
1286,1666
1286,1669
1286,1678
1286,1704
1286,1708
1286,1717
1286,1874
1286,1899
1286,1937
1286,1946
1286,1948
1286,1963
1286,1986
1286,2153
1286,2154
1286,2155
1286,2162
1286,2168
1286,2244
1286,2261
1286,2267
1286,2269
1286,2272
1286,2422
1286,2470
1286,2483
1286,2551
1286,2572
1286,2849
1286,2915
1286,2982
1286,3244
1286,3331
1286,3396
1286,3538
1286,3856
1286,3920
1286,3926
1286,4027
1286,4040
1286,4042
1286,4092
1286,4138
1286,4165
1286,4243
1286,4355
1286,4602
1286,4665
1286,4688
1286,4729
1286,4730
1287,3396
1288,1692
1288,1966
1288,2549
1288,3874
1288,4727
1289,3898
1289,4049
1290,1296
1290,1309
1290,1704
1290,1970
1290,3871
1291,1304
1291,1481
1291,1914
1291,3148
1291,3244
1291,4294
1291,4731
1291,4732
1292,1449
1292,1937
1292,1970
1292,4734
1293,105
1293,466
1293,475
1293,515
1293,550
1293,636
1293,672
1293,932
1293,1254
1293,1256
1293,1265
1293,1306
1293,1400
1293,1421
1293,1453
1293,1456
1293,1466
1293,1468
1293,1475
1293,1850
1293,1933
1293,1946
1293,1948
1293,1959
1293,2046
1293,2422
1293,2871
1293,2915
1293,3010
1293,3121
1293,3395
1293,4046
1293,4139
1293,4181
1293,4228
1293,4270
1293,4362
1294,1968
1294,2210
1294,2281
1294,2289
1294,2291
1294,2470
1294,2563
1294,2617
1294,3026
1294,4735
1294,4736
1294,4737
1295,163
1295,1169
1295,1260
1295,1286
1295,1296
1295,1300
1295,1301
1295,1303
1295,1442
1295,1467
1295,1473
1295,1478
1295,1654
1295,1971
1295,2923
1295,3396
1295,4738
1295,4739
1295,4740
1295,4741
1295,4742
1296,1297
1296,1300
1296,1306
1296,1310
1296,1312
1296,1314
1296,1459
1296,1642
1296,1654
1296,1657
1296,1914
1296,1970
1296,2254
1296,2258
1296,2974
1296,3148
1296,3544
1296,3810
1296,3942
1296,4728
1296,4742
1296,4743
1296,4744
1296,4745
1297,1296
1297,4728
1298,21
1298,34
1298,36
1298,125
1298,164
1298,352
1298,369
1298,421
1298,774
1298,806
1298,906
1298,999
1298,1114
1298,1134
1298,1247
1298,1252
1298,1285
1298,1304
1298,1305
1298,1307
1298,1313
1298,1314
1298,1319
1298,1403
1298,1452
1298,1457
1298,1458
1298,1461
1298,1478
1298,1481
1298,1484
1298,1571
1298,1589
1298,1627
1298,1637
1298,1660
1298,1663
1298,1666
1298,1676
1298,1697
1298,1707
1298,1717
1298,1845
1298,1873
1298,1923
1298,1935
1298,1949
1298,1968
1298,1985
1298,1990
1298,2004
1298,2009
1298,2171
1298,2248
1298,2250
1298,2258
1298,2269
1298,2270
1298,2291
1298,2294
1298,2309
1298,2481
1298,2484
1298,2581
1298,2979
1298,3144
1298,3163
1298,3238
1298,3334
1298,3344
1298,3916
1298,4165
1298,4243
1298,4293
1298,4300
1298,4563
1298,4637
1298,4668
1298,4730
1298,4746
1298,4747
1298,4748
1299,2896
1299,3728
1299,4749
1299,4750
1300,71
1300,105
1300,201
1300,550
1300,839
1300,906
1300,1144
1300,1248
1300,1293
1300,1295
1300,1296
1300,1301
1300,1304
1300,1306
1300,1310
1300,1314
1300,1315
1300,1355
1300,1449
1300,1464
1300,1465
1300,1471
1300,1476
1300,1478
1300,1481
1300,1538
1300,1553
1300,1642
1300,1644
1300,1669
1300,1678
1300,1683
1300,1692
1300,1694
1300,1696
1300,1780
1300,1844
1300,1928
1300,1939
1300,1953
1300,1956
1300,1958
1300,1960
1300,1967
1300,1970
1300,1971
1300,1987
1300,2001
1300,2002
1300,2044
1300,2158
1300,2159
1300,2251
1300,2415
1300,2422
1300,2888
1300,2912
1300,2923
1300,3013
1300,3045
1300,3126
1300,3148
1300,3330
1300,3518
1300,4175
1300,4351
1300,4599
1300,4600
1300,4606
1300,4751
1300,4752
1301,1300
1301,2968
1302,71
1302,115
1302,143
1302,163
1302,192
1302,243
1302,326
1302,332
1302,434
1302,532
1302,620
1302,641
1302,660
1302,721
1302,882
1302,898
1302,906
1302,911
1302,924
1302,931
1302,932
1302,1026
1302,1079
1302,1104
1302,1107
1302,1137
1302,1169
1302,1176
1302,1198
1302,1232
1302,1247
1302,1248
1302,1249
1302,1251
1302,1252
1302,1254
1302,1259
1302,1260
1302,1262
1302,1273
1302,1283
1302,1284
1302,1285
1302,1290
1302,1292
1302,1295
1302,1296
1302,1298
1302,1300
1302,1303
1302,1304
1302,1306
1302,1307
1302,1310
1302,1312
1302,1314
1302,1315
1302,1316
1302,1317
1302,1318
1302,1319
1302,1346
1302,1353
1302,1360
1302,1370
1302,1379
1302,1380
1302,1389
1302,1394
1302,1397
1302,1420
1302,1422
1302,1424
1302,1425
1302,1429
1302,1442
1302,1443
1302,1449
1302,1456
1302,1457
1302,1459
1302,1461
1302,1462
1302,1466
1302,1468
1302,1469
1302,1470
1302,1471
1302,1472
1302,1474
1302,1478
1302,1479
1302,1481
1302,1482
1302,1484
1302,1538
1302,1539
1302,1589
1302,1614
1302,1635
1302,1637
1302,1640
1302,1641
1302,1644
1302,1646
1302,1651
1302,1662
1302,1663
1302,1664
1302,1666
1302,1669
1302,1670
1302,1672
1302,1683
1302,1687
1302,1688
1302,1689
1302,1692
1302,1693
1302,1694
1302,1696
1302,1697
1302,1700
1302,1704
1302,1706
1302,1707
1302,1711
1302,1712
1302,1714
1302,1715
1302,1730
1302,1743
1302,1767
1302,1777
1302,1781
1302,1827
1302,1838
1302,1884
1302,1896
1302,1899
1302,1923
1302,1938
1302,1940
1302,1944
1302,1946
1302,1947
1302,1949
1302,1951
1302,1952
1302,1953
1302,1954
1302,1955
1302,1959
1302,1960
1302,1963
1302,1965
1302,1966
1302,1968
1302,1973
1302,1976
1302,1977
1302,1978
1302,1982
1302,1990
1302,1992
1302,1993
1302,1995
1302,2001
1302,2010
1302,2089
1302,2109
1302,2153
1302,2156
1302,2159
1302,2160
1302,2161
1302,2164
1302,2165
1302,2166
1302,2167
1302,2170
1302,2172
1302,2173
1302,2175
1302,2202
1302,2208
1302,2210
1302,2244
1302,2248
1302,2250
1302,2251
1302,2252
1302,2254
1302,2256
1302,2258
1302,2259
1302,2260
1302,2261
1302,2262
1302,2265
1302,2267
1302,2269
1302,2270
1302,2271
1302,2276
1302,2277
1302,2278
1302,2280
1302,2284
1302,2286
1302,2287
1302,2291
1302,2293
1302,2295
1302,2309
1302,2310
1302,2314
1302,2316
1302,2318
1302,2320
1302,2321
1302,2322
1302,2323
1302,2324
1302,2328
1302,2329
1302,2330
1302,2341
1302,2399
1302,2449
1302,2450
1302,2451
1302,2452
1302,2456
1302,2461
1302,2464
1302,2467
1302,2469
1302,2472
1302,2476
1302,2477
1302,2481
1302,2482
1302,2483
1302,2484
1302,2485
1302,2487
1302,2489
1302,2491
1302,2492
1302,2494
1302,2495
1302,2548
1302,2553
1302,2555
1302,2557
1302,2558
1302,2561
1302,2562
1302,2563
1302,2571
1302,2579
1302,2581
1302,2582
1302,2583
1302,2584
1302,2586
1302,2587
1302,2588
1302,2590
1302,2592
1302,2594
1302,2596
1302,2599
1302,2600
1302,2602
1302,2603
1302,2604
1302,2611
1302,2612
1302,2613
1302,2614
1302,2618
1302,2619
1302,2621
1302,2622
1302,2623
1302,2626
1302,2629
1302,2630
1302,2635
1302,2636
1302,2638
1302,2639
1302,2641
1302,2642
1302,2644
1302,2645
1302,2646
1302,2647
1302,2648
1302,2649
1302,2650
1302,2654
1302,2655
1302,2656
1302,2657
1302,2659
1302,2660
1302,2662
1302,2663
1302,2664
1302,2665
1302,2666
1302,2668
1302,2670
1302,2672
1302,2678
1302,2685
1302,2689
1302,2692
1302,2693
1302,2701
1302,2722
1302,2725
1302,2726
1302,2730
1302,2737
1302,2759
1302,2780
1302,2782
1302,2784
1302,2794
1302,2812
1302,2834
1302,2890
1302,2891
1302,2912
1302,2915
1302,2923
1302,2948
1302,2961
1302,2970
1302,2975
1302,2998
1302,3003
1302,3004
1302,3012
1302,3013
1302,3016
1302,3018
1302,3023
1302,3027
1302,3028
1302,3031
1302,3033
1302,3034
1302,3036
1302,3040
1302,3041
1302,3049
1302,3050
1302,3059
1302,3077
1302,3086
1302,3088
1302,3089
1302,3091
1302,3094
1302,3096
1302,3098
1302,3099
1302,3101
1302,3115
1302,3124
1302,3128
1302,3132
1302,3147
1302,3148
1302,3214
1302,3221
1302,3222
1302,3239
1302,3241
1302,3243
1302,3247
1302,3249
1302,3250
1302,3253
1302,3254
1302,3258
1302,3316
1302,3318
1302,3321
1302,3331
1302,3333
1302,3346
1302,3347
1302,3400
1302,3496
1302,3517
1302,3536
1302,3537
1302,3540
1302,3541
1302,3543
1302,3546
1302,3549
1302,3550
1302,3551
1302,3552
1302,3554
1302,3556
1302,3557
1302,3558
1302,3567
1302,3571
1302,3572
1302,3573
1302,3574
1302,3575
1302,3576
1302,3577
1302,3578
1302,3581
1302,3586
1302,3590
1302,3591
1302,3592
1302,3600
1302,3603
1302,3607
1302,3612
1302,3618
1302,3625
1302,3644
1302,3683
1302,3734
1302,3834
1302,3835
1302,3856
1302,3858
1302,3894
1302,3900
1302,3917
1302,3919
1302,3921
1302,3922
1302,3926
1302,3930
1302,3931
1302,3937
1302,3941
1302,3946
1302,3949
1302,3952
1302,3955
1302,3961
1302,3965
1302,3967
1302,3968
1302,4049
1302,4088
1302,4121
1302,4122
1302,4124
1302,4151
1302,4153
1302,4163
1302,4167
1302,4169
1302,4175
1302,4176
1302,4180
1302,4206
1302,4207
1302,4213
1302,4236
1302,4239
1302,4243
1302,4290
1302,4296
1302,4305
1302,4307
1302,4317
1302,4321
1302,4359
1302,4411
1302,4427
1302,4435
1302,4446
1302,4457
1302,4515
1302,4567
1302,4574
1302,4588
1302,4636
1302,4637
1302,4641
1302,4642
1302,4668
1302,4687
1302,4694
1302,4730
1302,4735
1302,4736
1302,4740
1302,4745
1302,4749
1302,4753
1302,4754
1302,4755
1302,4756
1302,4757
1302,4758
1302,4759
1302,4760
1302,4761
1302,4762
1302,4763
1302,4764
1302,4765
1302,4766
1302,4767
1302,4768
1302,4769
1302,4770
1302,4771
1302,4772
1302,4773
1302,4774
1302,4775
1302,4776
1302,4777
1302,4778
1302,4779
1302,4780
1302,4781
1302,4782
1302,4783
1302,4784
1302,4785
1302,4786
1302,4787
1302,4788
1302,4789
1302,4790
1302,4791
1302,4792
1302,4793
1302,4794
1302,4795
1302,4796
1303,105
1303,141
1303,365
1303,434
1303,509
1303,512
1303,601
1303,628
1303,906
1303,1026
1303,1104
1303,1107
1303,1144
1303,1247
1303,1254
1303,1283
1303,1288
1303,1295
1303,1305
1303,1310
1303,1314
1303,1438
1303,1445
1303,1463
1303,1477
1303,1478
1303,1483
1303,1577
1303,1596
1303,1647
1303,1663
1303,1682
1303,1685
1303,1692
1303,1757
1303,1925
1303,1940
1303,1968
1303,1973
1303,1976
1303,1990
1303,2154
1303,2250
1303,2258
1303,2536
1303,2540
1303,2874
1303,2881
1303,2963
1303,2975
1303,3104
1303,3239
1303,3874
1303,4019
1303,4265
1303,4618
1304,163
1304,1169
1304,1259
1304,1291
1304,1293
1304,1298
1304,1300
1304,1302
1304,1305
1304,1312
1304,1314
1304,1315
1304,1319
1304,1456
1304,1463
1304,1471
1304,1472
1304,1477
1304,1478
1304,1481
1304,1614
1304,1653
1304,1657
1304,1682
1304,1690
1304,1691
1304,1692
1304,1694
1304,1708
1304,1955
1304,1956
1304,1961
1304,1986
1304,2161
1304,2256
1304,2483
1304,2556
1304,2557
1304,2975
1304,3081
1304,3126
1304,3148
1304,3244
1304,3544
1304,3789
1304,3961
1304,3962
1304,4056
1304,4138
1304,4139
1304,4220
1304,4239
1304,4606
1304,4690
1304,4728
1304,4751
1304,4797
1304,4798
1304,4799
1304,4800
1305,516
1305,892
1305,1104
1305,1286
1305,1298
1305,1304
1305,1398
1305,1438
1305,1452
1305,1638
1305,1651
1305,1717
1305,1830
1305,2009
1305,2203
1305,2484
1305,3134
1305,3540
1305,3564
1305,4515
1305,4730
1305,4801
1306,1254
1306,1293
1306,1296
1306,1426
1306,1449
1306,1672
1306,3126
1306,3181
1306,4601
1307,348
1307,932
1307,1292
1307,1298
1307,1302
1307,1315
1307,1436
1307,1456
1307,1465
1307,1472
1307,1478
1307,1479
1307,1656
1307,1683
1307,1713
1307,1845
1307,1965
1307,1976
1307,2039
1307,2176
1307,2210
1307,2271
1307,2284
1307,2464
1307,2478
1307,2482
1307,2588
1307,2596
1307,2671
1307,2977
1307,2998
1307,3248
1307,3250
1307,3931
1307,3949
1307,4239
1307,4360
1307,4401
1307,4588
1307,4600
1307,4737
1307,4740
1307,4777
1307,4802
1308,276
1308,1007
1308,1155
1308,1286
1308,1296
1308,1304
1308,1473
1308,1665
1308,1694
1308,1767
1308,1947
1308,1957
1308,1961
1308,2250
1308,2258
1308,2463
1308,2881
1308,3382
1308,4243
1308,4435
1309,1259
1309,1285
1309,1304
1309,1312
1309,1315
1309,1319
1309,1320
1309,1405
1309,1683
1309,1899
1309,3943
1309,4239
1309,4762
1310,1296
1310,1300
1310,1304
1310,1470
1310,1553
1310,1640
1310,1647
1310,1669
1310,1692
1310,1704
1310,1958
1310,2321
1310,2492
1310,2974
1310,3541
1310,3544
1310,3929
1310,3955
1310,3967
1310,4168
1310,4236
1310,4737
1310,4749
1310,4758
1310,4803
1310,4804
1311,778
1311,3167
1311,3776
1311,4055
1312,34
1312,163
1312,640
1312,932
1312,1198
1312,1259
1312,1285
1312,1286
1312,1292
1312,1296
1312,1304
1312,1309
1312,1313
1312,1314
1312,1315
1312,1319
1312,1370
1312,1456
1312,1479
1312,1663
1312,1672
1312,1682
1312,1683
1312,1685
1312,1694
1312,1698
1312,1707
1312,1757
1312,1899
1312,1937
1312,1951
1312,1968
1312,1982
1312,1986
1312,2156
1312,2268
1312,2415
1312,2456
1312,2483
1312,2927
1312,3148
1312,3241
1312,3344
1312,3400
1312,3800
1312,3856
1312,3943
1312,3962
1312,4091
1312,4618
1312,4762
1312,4765
1312,4805
1312,4806
1312,4807
1313,126
1313,369
1313,370
1313,550
1313,1104
1313,1298
1313,1312
1313,1314
1313,1319
1313,1694
1313,1696
1313,1697
1313,1698
1313,1952
1313,2167
1313,2176
1313,2260
1313,2261
1313,2986
1313,2989
1313,3088
1313,3126
1313,3242
1313,3962
1313,4399
1313,4606
1313,4730
1313,4742
1313,4808
1314,105
1314,163
1314,326
1314,348
1314,381
1314,433
1314,475
1314,839
1314,945
1314,964
1314,966
1314,980
1314,1098
1314,1107
1314,1151
1314,1208
1314,1247
1314,1259
1314,1296
1314,1298
1314,1300
1314,1312
1314,1341
1314,1346
1314,1362
1314,1404
1314,1443
1314,1459
1314,1466
1314,1553
1314,1617
1314,1632
1314,1692
1314,1717
1314,1738
1314,1782
1314,1793
1314,1840
1314,1937
1314,1957
1314,1963
1314,1968
1314,1976
1314,2001
1314,2133
1314,2153
1314,2154
1314,2161
1314,2176
1314,2195
1314,2256
1314,2258
1314,2259
1314,2267
1314,2279
1314,2453
1314,2557
1314,2585
1314,2656
1314,2982
1314,3346
1314,3400
1314,3541
1314,3810
1314,3855
1314,4047
1314,4293
1314,4746
1315,1052
1315,1284
1315,1295
1315,1300
1315,1304
1315,1309
1315,1312
1315,1319
1315,1644
1315,1654
1315,1681
1315,1694
1315,1939
1315,1986
1315,2156
1315,2176
1315,2207
1315,2262
1315,2287
1315,2484
1315,2554
1315,2592
1315,2888
1315,3030
1315,4606
1315,4775
1315,4809
1315,4810
1316,1285
1316,1666
1316,1668
1316,1692
1316,2261
1316,2294
1316,3518
1316,4618
1316,4811
1316,4812
1316,4813
1317,403
1317,774
1317,932
1317,1104
1317,1394
1317,1459
1317,1477
1317,1484
1317,1539
1317,1614
1317,1666
1317,1685
1317,1692
1317,1738
1317,1939
1317,2109
1317,2248
1317,2274
1317,2279
1317,2280
1317,2294
1317,2465
1317,2487
1317,2581
1317,2592
1317,2593
1317,2610
1317,2614
1317,2616
1317,2621
1317,2626
1317,2630
1317,2673
1317,2674
1317,3028
1317,3044
1317,3126
1317,3223
1317,3257
1317,3538
1317,3923
1317,3926
1317,3934
1317,3947
1317,3968
1317,4045
1317,4588
1317,4778
1317,4780
1317,4814
1317,4815
1317,4816
1318,332
1318,660
1318,732
1318,806
1318,836
1318,1024
1318,1247
1318,1302
1318,1353
1318,1424
1318,1426
1318,1449
1318,1664
1318,1705
1318,1707
1318,1763
1318,1944
1318,1946
1318,2046
1318,2109
1318,2172
1318,2210
1318,2270
1318,2276
1318,2282
1318,2415
1318,2481
1318,2568
1318,2579
1318,2980
1318,3003
1318,3013
1318,3028
1318,3077
1318,3155
1318,3250
1318,3313
1318,3607
1318,3863
1318,4121
1318,4164
1318,4359
1318,4737
1318,4764
1318,4817
1318,4818
1319,370
1319,646
1319,906
1319,932
1319,1144
1319,1249
1319,1259
1319,1263
1319,1285
1319,1294
1319,1296
1319,1298
1319,1309
1319,1311
1319,1312
1319,1313
1319,1314
1319,1315
1319,1316
1319,1320
1319,1360
1319,1370
1319,1409
1319,1426
1319,1452
1319,1479
1319,1571
1319,1656
1319,1663
1319,1666
1319,1682
1319,1684
1319,1688
1319,1690
1319,1691
1319,1694
1319,1700
1319,1701
1319,1704
1319,1875
1319,1896
1319,1957
1319,1958
1319,1975
1319,1986
1319,2162
1319,2250
1319,2255
1319,2257
1319,2259
1319,2262
1319,2399
1319,2470
1319,2483
1319,2486
1319,2549
1319,2584
1319,2626
1319,2993
1319,3118
1319,3546
1319,3552
1319,3856
1319,3943
1319,3962
1319,4013
1319,4220
1319,4256
1319,4299
1319,4503
1319,4665
1319,4742
1319,4762
1319,4763
1319,4811
1319,4819
1319,4820
1319,4821
1320,778
1320,1309
1320,1553
1320,2479
1320,3400
1320,3570
1320,3822
1320,4207
1320,4822
1320,4823
1320,4824
1321,167
1321,408
1321,496
1321,727
1321,817
1321,3196
1321,4242
1322,141
1322,431
1322,457
1322,464
1322,510
1322,524
1322,528
1322,671
1322,776
1322,867
1322,1013
1322,1014
1322,1255
1322,1389
1322,1737
1322,1866
1322,3887
1323,323
1323,635
1323,1027
1324,456
1325,399
1325,792
1325,793
1325,963
1325,1012
1325,1142
1325,1146
1325,1147
1325,1157
1325,1280
1325,1390
1325,1410
1325,1447
1325,1604
1325,1793
1325,1837
1325,1890
1325,2308
1325,2523
1325,3194
1325,3843
1325,3888
1325,4117
1326,399
1326,776
1326,1147
1326,1811
1326,2307
1326,2535
1326,3439
1327,170
1327,386
1327,504
1327,537
1327,684
1327,791
1327,801
1327,852
1327,957
1327,974
1327,1151
1327,1213
1327,1350
1327,1365
1327,1412
1327,1489
1327,1763
1327,1772
1327,2133
1327,2269
1327,2297
1327,2308
1327,2406
1327,2506
1327,2535
1327,3492
1327,4084
1328,146
1328,168
1328,435
1328,625
1328,635
1328,863
1328,983
1328,1145
1328,1253
1328,1400
1328,1412
1328,1481
1328,1582
1328,1604
1328,1613
1328,1786
1328,1852
1328,1856
1328,1857
1328,2002
1328,2146
1328,2216
1328,2295
1328,3843
1328,4009
1328,4080
1328,4148
1328,4326
1328,4826
1329,144
1329,449
1329,772
1329,776
1329,782
1329,798
1329,1153
1329,1157
1329,1765
1329,1837
1329,3399
1329,3446
1329,4557
1330,967
1330,1422
1330,1768
1330,2238
1331,103
1331,135
1331,148
1331,151
1331,381
1331,388
1331,461
1331,464
1331,496
1331,504
1331,515
1331,516
1331,546
1331,587
1331,630
1331,644
1331,646
1331,683
1331,684
1331,689
1331,702
1331,713
1331,717
1331,729
1331,765
1331,775
1331,781
1331,806
1331,831
1331,845
1331,913
1331,916
1331,954
1331,964
1331,966
1331,979
1331,1012
1331,1015
1331,1024
1331,1030
1331,1096
1331,1144
1331,1161
1331,1202
1331,1226
1331,1247
1331,1332
1331,1337
1331,1341
1331,1342
1331,1349
1331,1357
1331,1358
1331,1359
1331,1365
1331,1398
1331,1403
1331,1412
1331,1419
1331,1580
1331,1601
1331,1612
1331,1775
1331,1776
1331,1873
1331,2134
1331,2303
1331,2341
1331,2413
1331,2415
1331,2503
1331,2535
1331,3302
1331,3330
1331,3808
1331,3971
1331,4334
1331,4827
1331,4828
1332,103
1332,156
1332,270
1332,385
1332,415
1332,496
1332,515
1332,520
1332,522
1332,532
1332,610
1332,636
1332,665
1332,699
1332,765
1332,791
1332,831
1332,954
1332,966
1332,980
1332,982
1332,983
1332,1018
1332,1024
1332,1098
1332,1154
1332,1158
1332,1161
1332,1331
1332,1337
1332,1352
1332,1360
1332,1362
1332,1365
1332,1401
1332,1412
1332,1413
1332,1415
1332,1419
1332,1534
1332,1612
1332,1676
1332,1773
1332,1775
1332,1782
1332,1873
1332,1883
1332,1899
1332,1909
1332,1921
1332,2126
1332,2131
1332,2133
1332,2413
1332,2416
1332,2425
1332,2850
1332,2856
1332,2908
1332,3144
1332,3177
1332,3181
1332,3303
1332,3461
1332,3789
1332,3914
1332,4217
1333,1985
1334,103
1334,831
1334,990
1334,1361
1334,2415
1334,2443
1335,791
1335,973
1335,1345
1335,3891
1336,685
1336,774
1336,1134
1336,1145
1336,1275
1336,1278
1336,1412
1336,1436
1336,1466
1336,1895
1336,1976
1336,2006
1336,2124
1336,2131
1336,2134
1336,2421
1336,2431
1336,2532
1336,2956
1336,3244
1336,3330
1336,3463
1337,103
1337,246
1337,291
1337,385
1337,433
1337,437
1337,503
1337,515
1337,532
1337,537
1337,546
1337,633
1337,636
1337,638
1337,664
1337,729
1337,765
1337,798
1337,831
1337,913
1337,964
1337,990
1337,995
1337,1026
1337,1098
1337,1145
1337,1202
1337,1245
1337,1331
1337,1332
1337,1341
1337,1349
1337,1350
1337,1352
1337,1362
1337,1363
1337,1365
1337,1366
1337,1395
1337,1412
1337,1453
1337,1515
1337,1775
1337,1782
1337,1786
1337,1808
1337,1838
1337,1894
1337,1934
1337,2129
1337,2412
1337,2418
1337,2424
1337,2425
1337,2519
1337,2535
1337,2909
1337,3136
1337,3192
1337,3214
1337,3328
1337,3870
1337,3891
1337,3979
1337,4119
1337,4272
1338,1145
1338,1922
1338,1946
1338,3885
1338,4325
1339,516
1339,672
1339,684
1339,685
1339,976
1339,1145
1339,2190
1339,3214
1339,4277
1340,137
1340,270
1340,437
1340,496
1340,516
1340,537
1340,572
1340,670
1340,681
1340,684
1340,765
1340,782
1340,893
1340,968
1340,971
1340,972
1340,974
1340,1010
1340,1052
1340,1145
1340,1273
1340,1346
1340,1399
1340,1606
1340,1792
1340,1840
1340,1931
1340,2240
1340,2265
1340,2406
1340,2520
1340,2909
1340,2959
1340,3300
1340,3861
1340,4231
1340,4277
1340,4380
1341,0
1341,18
1341,20
1341,21
1341,39
1341,40
1341,41
1341,42
1341,62
1341,64
1341,66
1341,67
1341,103
1341,129
1341,135
1341,138
1341,139
1341,143
1341,146
1341,148
1341,150
1341,151
1341,154
1341,155
1341,157
1341,160
1341,163
1341,164
1341,170
1341,173
1341,191
1341,216
1341,231
1341,254
1341,269
1341,275
1341,323
1341,370
1341,381
1341,382
1341,385
1341,404
1341,406
1341,408
1341,415
1341,416
1341,419
1341,428
1341,433
1341,434
1341,437
1341,439
1341,441
1341,456
1341,459
1341,463
1341,475
1341,492
1341,494
1341,498
1341,504
1341,506
1341,511
1341,512
1341,515
1341,516
1341,518
1341,519
1341,521
1341,523
1341,537
1341,539
1341,547
1341,548
1341,570
1341,580
1341,587
1341,593
1341,594
1341,601
1341,604
1341,611
1341,637
1341,638
1341,644
1341,650
1341,669
1341,670
1341,671
1341,672
1341,689
1341,692
1341,704
1341,709
1341,711
1341,713
1341,714
1341,729
1341,730
1341,756
1341,760
1341,765
1341,774
1341,775
1341,778
1341,781
1341,789
1341,791
1341,794
1341,796
1341,800
1341,801
1341,802
1341,821
1341,831
1341,834
1341,837
1341,839
1341,845
1341,856
1341,858
1341,861
1341,867
1341,892
1341,894
1341,906
1341,913
1341,915
1341,922
1341,923
1341,935
1341,938
1341,941
1341,962
1341,964
1341,966
1341,967
1341,969
1341,973
1341,974
1341,980
1341,983
1341,987
1341,988
1341,989
1341,995
1341,999
1341,1003
1341,1009
1341,1020
1341,1024
1341,1028
1341,1029
1341,1030
1341,1032
1341,1033
1341,1090
1341,1098
1341,1109
1341,1110
1341,1126
1341,1132
1341,1135
1341,1137
1341,1140
1341,1144
1341,1153
1341,1155
1341,1166
1341,1167
1341,1205
1341,1208
1341,1209
1341,1224
1341,1244
1341,1245
1341,1247
1341,1251
1341,1253
1341,1255
1341,1261
1341,1262
1341,1263
1341,1266
1341,1267
1341,1280
1341,1282
1341,1314
1341,1334
1341,1337
1341,1339
1341,1342
1341,1344
1341,1345
1341,1346
1341,1356
1341,1357
1341,1367
1341,1375
1341,1389
1341,1402
1341,1403
1341,1406
1341,1409
1341,1417
1341,1418
1341,1425
1341,1432
1341,1433
1341,1434
1341,1453
1341,1456
1341,1458
1341,1471
1341,1489
1341,1514
1341,1516
1341,1533
1341,1562
1341,1579
1341,1586
1341,1588
1341,1589
1341,1599
1341,1612
1341,1615
1341,1618
1341,1620
1341,1628
1341,1632
1341,1686
1341,1718
1341,1720
1341,1740
1341,1800
1341,1802
1341,1817
1341,1821
1341,1830
1341,1833
1341,1854
1341,1876
1341,1883
1341,1885
1341,1887
1341,1895
1341,1921
1341,1923
1341,1925
1341,1926
1341,1930
1341,1934
1341,1937
1341,1948
1341,2004
1341,2006
1341,2007
1341,2012
1341,2027
1341,2038
1341,2041
1341,2043
1341,2047
1341,2049
1341,2051
1341,2055
1341,2058
1341,2114
1341,2118
1341,2121
1341,2191
1341,2243
1341,2251
1341,2269
1341,2336
1341,2382
1341,2406
1341,2413
1341,2416
1341,2431
1341,2443
1341,2535
1341,2536
1341,2842
1341,2844
1341,2848
1341,2925
1341,2959
1341,3022
1341,3139
1341,3144
1341,3160
1341,3182
1341,3183
1341,3191
1341,3277
1341,3339
1341,3346
1341,3366
1341,3412
1341,3424
1341,3491
1341,3502
1341,3522
1341,3774
1341,3815
1341,3816
1341,3822
1341,3850
1341,3855
1341,3863
1341,3885
1341,3985
1341,3991
1341,4002
1341,4005
1341,4009
1341,4085
1341,4146
1341,4261
1341,4285
1341,4328
1341,4423
1341,4612
1341,4622
1341,4661
1341,4753
1341,4829
1341,4830
1341,4831
1342,3
1342,121
1342,139
1342,140
1342,151
1342,163
1342,257
1342,351
1342,408
1342,415
1342,433
1342,462
1342,492
1342,503
1342,511
1342,512
1342,542
1342,646
1342,648
1342,669
1342,670
1342,684
1342,685
1342,689
1342,699
1342,713
1342,718
1342,729
1342,762
1342,765
1342,774
1342,839
1342,857
1342,913
1342,916
1342,966
1342,980
1342,981
1342,983
1342,999
1342,1096
1342,1098
1342,1145
1342,1155
1342,1226
1342,1249
1342,1331
1342,1338
1342,1341
1342,1366
1342,1388
1342,1389
1342,1417
1342,1423
1342,1435
1342,1467
1342,1478
1342,1566
1342,1612
1342,1615
1342,1617
1342,1619
1342,1622
1342,1770
1342,1775
1342,1776
1342,1796
1342,1869
1342,1870
1342,1871
1342,1900
1342,1901
1342,1936
1342,2004
1342,2011
1342,2012
1342,2031
1342,2036
1342,2128
1342,2134
1342,2135
1342,2175
1342,2248
1342,2340
1342,2395
1342,2417
1342,2418
1342,2421
1342,2535
1342,2536
1342,2880
1342,2925
1342,3143
1342,3152
1342,3163
1342,3885
1342,3971
1342,4283
1342,4284
1342,4286
1342,4832
1342,4833
1343,1884
1343,2413
1344,137
1344,625
1344,990
1344,1226
1344,1345
1344,1407
1344,1410
1344,4323
1344,4622
1345,137
1345,428
1345,640
1345,684
1345,689
1345,990
1345,1166
1345,1335
1345,1344
1345,1447
1345,3809
1345,4323
1345,4622
1345,4628
1345,4834
1346,20
1346,103
1346,129
1346,135
1346,154
1346,291
1346,348
1346,421
1346,464
1346,475
1346,516
1346,518
1346,519
1346,522
1346,601
1346,635
1346,636
1346,638
1346,645
1346,711
1346,718
1346,729
1346,745
1346,746
1346,780
1346,831
1346,843
1346,845
1346,884
1346,931
1346,945
1346,965
1346,976
1346,980
1346,994
1346,1005
1346,1017
1346,1023
1346,1024
1346,1029
1346,1033
1346,1088
1346,1098
1346,1108
1346,1136
1346,1145
1346,1146
1346,1151
1346,1154
1346,1157
1346,1163
1346,1173
1346,1248
1346,1279
1346,1300
1346,1314
1346,1340
1346,1365
1346,1393
1346,1398
1346,1412
1346,1463
1346,1465
1346,1468
1346,1515
1346,1522
1346,1588
1346,1614
1346,1653
1346,1718
1346,1775
1346,1807
1346,1897
1346,1919
1346,2109
1346,2150
1346,2190
1346,2251
1346,2309
1346,2333
1346,2408
1346,2422
1346,2423
1346,2519
1346,2535
1346,2879
1346,3126
1346,3300
1346,3816
1346,3841
1346,3909
1346,3922
1346,3926
1346,4175
1346,4211
1346,4752
1346,4835
1347,979
1347,993
1347,995
1347,1173
1347,1351
1347,2516
1347,2904
1347,4421
1348,103
1348,428
1348,636
1348,639
1348,644
1348,647
1348,801
1348,966
1348,974
1348,979
1348,994
1348,1145
1348,1349
1348,1358
1348,1359
1348,1410
1348,1534
1348,2216
1348,2410
1348,3136
1348,3303
1348,3870
1348,4061
1348,4119
1348,4833
1348,4836
1348,4837
1348,4838
1348,4839
1349,103
1349,399
1349,427
1349,792
1349,990
1349,1010
1349,1152
1349,1331
1349,1337
1349,1348
1349,1350
1349,1601
1349,1770
1349,1838
1349,1924
1349,2166
1349,2402
1349,2410
1349,3136
1349,4120
1349,4323
1350,103
1350,135
1350,140
1350,160
1350,270
1350,291
1350,463
1350,512
1350,516
1350,565
1350,636
1350,638
1350,642
1350,645
1350,711
1350,729
1350,831
1350,990
1350,994
1350,995
1350,1023
1350,1024
1350,1096
1350,1145
1350,1210
1350,1337
1350,1349
1350,1361
1350,1365
1350,1412
1350,1414
1350,1430
1350,1535
1350,1580
1350,1612
1350,1772
1350,1793
1350,1894
1350,2114
1350,2123
1350,2533
1350,2908
1350,2955
1350,3303
1350,3363
1350,3421
1350,3459
1350,3789
1350,3841
1350,3843
1350,3872
1350,3903
1350,4837
1351,103
1351,646
1351,664
1351,1155
1351,1347
1351,1364
1351,1900
1351,2535
1351,3136
1351,3483
1351,3791
1352,103
1352,370
1352,564
1352,616
1352,765
1352,931
1352,1278
1352,1332
1352,1337
1352,1344
1352,1345
1352,1445
1352,1718
1352,2124
1352,3162
1352,3214
1353,18
1353,103
1353,115
1353,137
1353,156
1353,232
1353,326
1353,332
1353,351
1353,399
1353,520
1353,639
1353,660
1353,665
1353,670
1353,681
1353,683
1353,689
1353,699
1353,711
1353,730
1353,732
1353,741
1353,745
1353,755
1353,781
1353,806
1353,832
1353,836
1353,884
1353,906
1353,913
1353,969
1353,981
1353,995
1353,1007
1353,1026
1353,1079
1353,1096
1353,1104
1353,1107
1353,1137
1353,1198
1353,1208
1353,1232
1353,1247
1353,1263
1353,1264
1353,1266
1353,1267
1353,1271
1353,1294
1353,1297
1353,1302
1353,1304
1353,1308
1353,1314
1353,1315
1353,1316
1353,1317
1353,1318
1353,1345
1353,1347
1353,1356
1353,1357
1353,1359
1353,1361
1353,1364
1353,1365
1353,1375
1353,1380
1353,1409
1353,1417
1353,1422
1353,1424
1353,1426
1353,1430
1353,1458
1353,1459
1353,1461
1353,1482
1353,1484
1353,1538
1353,1539
1353,1541
1353,1557
1353,1571
1353,1589
1353,1596
1353,1610
1353,1628
1353,1656
1353,1664
1353,1670
1353,1676
1353,1680
1353,1681
1353,1689
1353,1695
1353,1696
1353,1698
1353,1707
1353,1709
1353,1711
1353,1782
1353,1896
1353,1899
1353,1923
1353,1926
1353,1937
1353,1939
1353,1954
1353,1966
1353,1968
1353,1972
1353,1975
1353,1976
1353,1978
1353,1987
1353,1990
1353,1991
1353,1992
1353,1994
1353,2010
1353,2040
1353,2048
1353,2109
1353,2154
1353,2158
1353,2161
1353,2164
1353,2165
1353,2166
1353,2167
1353,2168
1353,2174
1353,2210
1353,2240
1353,2243
1353,2248
1353,2249
1353,2250
1353,2258
1353,2259
1353,2261
1353,2265
1353,2267
1353,2268
1353,2270
1353,2271
1353,2272
1353,2274
1353,2280
1353,2284
1353,2288
1353,2291
1353,2293
1353,2294
1353,2295
1353,2301
1353,2309
1353,2310
1353,2313
1353,2314
1353,2318
1353,2323
1353,2326
1353,2399
1353,2402
1353,2415
1353,2425
1353,2427
1353,2450
1353,2456
1353,2464
1353,2469
1353,2473
1353,2479
1353,2482
1353,2483
1353,2484
1353,2485
1353,2486
1353,2488
1353,2489
1353,2491
1353,2532
1353,2540
1353,2548
1353,2553
1353,2555
1353,2558
1353,2561
1353,2565
1353,2576
1353,2584
1353,2585
1353,2586
1353,2588
1353,2590
1353,2591
1353,2594
1353,2596
1353,2598
1353,2601
1353,2603
1353,2604
1353,2605
1353,2611
1353,2612
1353,2614
1353,2615
1353,2617
1353,2618
1353,2619
1353,2620
1353,2622
1353,2623
1353,2626
1353,2629
1353,2630
1353,2633
1353,2635
1353,2638
1353,2646
1353,2655
1353,2656
1353,2659
1353,2660
1353,2664
1353,2665
1353,2671
1353,2674
1353,2676
1353,2677
1353,2678
1353,2688
1353,2705
1353,2709
1353,2727
1353,2759
1353,2780
1353,2782
1353,2794
1353,2809
1353,2812
1353,2837
1353,2840
1353,2878
1353,2883
1353,2907
1353,2927
1353,2948
1353,2970
1353,2978
1353,2980
1353,2982
1353,2993
1353,3000
1353,3003
1353,3008
1353,3011
1353,3012
1353,3013
1353,3016
1353,3018
1353,3022
1353,3028
1353,3030
1353,3032
1353,3033
1353,3034
1353,3035
1353,3036
1353,3041
1353,3044
1353,3045
1353,3051
1353,3057
1353,3077
1353,3088
1353,3090
1353,3091
1353,3096
1353,3099
1353,3101
1353,3119
1353,3120
1353,3121
1353,3128
1353,3133
1353,3136
1353,3213
1353,3222
1353,3232
1353,3241
1353,3247
1353,3248
1353,3249
1353,3250
1353,3251
1353,3254
1353,3258
1353,3274
1353,3481
1353,3496
1353,3540
1353,3547
1353,3548
1353,3550
1353,3551
1353,3552
1353,3554
1353,3557
1353,3570
1353,3571
1353,3574
1353,3575
1353,3592
1353,3607
1353,3615
1353,3643
1353,3656
1353,3659
1353,3809
1353,3810
1353,3811
1353,3857
1353,3858
1353,3899
1353,3900
1353,3949
1353,3955
1353,4088
1353,4099
1353,4119
1353,4122
1353,4125
1353,4169
1353,4176
1353,4178
1353,4179
1353,4242
1353,4252
1353,4304
1353,4311
1353,4319
1353,4321
1353,4347
1353,4401
1353,4408
1353,4427
1353,4456
1353,4515
1353,4530
1353,4562
1353,4574
1353,4577
1353,4604
1353,4641
1353,4669
1353,4700
1353,4746
1353,4772
1353,4775
1353,4777
1353,4778
1353,4780
1353,4782
1353,4784
1353,4786
1353,4790
1353,4835
1353,4840
1353,4841
1353,4842
1353,4843
1353,4844
1353,4845
1353,4846
1353,4847
1353,4848
1353,4849
1353,4850
1353,4851
1353,4852
1353,4853
1353,4854
1353,4855
1353,4856
1353,4857
1353,4858
1353,4859
1353,4860
1353,4861
1353,4862
1353,4863
1353,4864
1353,4865
1353,4866
1353,4867
1353,4868
1353,4869
1353,4870
1353,4871
1353,4872
1354,515
1354,718
1354,977
1354,1783
1354,2397
1354,2402
1354,4065
1354,4385
1355,386
1355,530
1355,584
1355,979
1355,3079
1355,3135
1355,4834
1355,4839
1355,4873
1356,137
1356,2125
1356,4384
1357,765
1357,979
1357,1331
1357,1362
1357,1404
1357,1765
1357,1775
1358,103
1358,163
1358,171
1358,427
1358,496
1358,515
1358,680
1358,765
1358,966
1358,971
1358,977
1358,992
1358,1245
1358,1331
1358,1344
1358,1345
1358,1354
1358,1357
1358,1361
1358,1362
1358,1364
1358,1515
1358,1613
1358,1772
1358,1782
1358,1783
1358,1871
1358,1910
1358,2000
1358,2410
1358,2525
1358,3176
1358,3303
1358,3460
1358,3790
1358,3792
1358,3872
1358,4014
1358,4839
1358,4874
1358,4875
1359,546
1359,979
1359,1348
1359,1780
1359,1781
1359,1913
1359,2503
1359,2535
1359,3841
1360,526
1360,646
1360,729
1360,966
1360,1024
1360,1319
1360,1332
1360,1361
1360,1693
1360,1698
1360,2923
1361,103
1361,135
1361,137
1361,143
1361,156
1361,332
1361,439
1361,445
1361,512
1361,515
1361,526
1361,546
1361,625
1361,638
1361,640
1361,641
1361,644
1361,689
1361,699
1361,702
1361,708
1361,713
1361,730
1361,780
1361,802
1361,806
1361,898
1361,913
1361,974
1361,981
1361,983
1361,989
1361,990
1361,995
1361,1005
1361,1010
1361,1023
1361,1096
1361,1134
1361,1144
1361,1222
1361,1255
1361,1325
1361,1334
1361,1350
1361,1353
1361,1357
1361,1358
1361,1360
1361,1362
1361,1365
1361,1403
1361,1420
1361,1601
1361,1676
1361,1754
1361,1765
1361,1768
1361,1772
1361,1775
1361,1782
1361,1783
1361,1863
1361,1882
1361,1900
1361,2000
1361,2057
1361,2109
1361,2406
1361,2425
1361,2517
1361,2519
1361,2535
1361,3136
1361,3302
1361,3303
1361,3352
1361,3788
1361,3789
1361,4252
1361,4333
1362,39
1362,50
1362,66
1362,77
1362,103
1362,154
1362,270
1362,337
1362,382
1362,399
1362,428
1362,466
1362,515
1362,527
1362,548
1362,637
1362,638
1362,643
1362,646
1362,681
1362,699
1362,711
1362,755
1362,765
1362,781
1362,797
1362,800
1362,806
1362,874
1362,875
1362,924
1362,926
1362,945
1362,966
1362,967
1362,969
1362,973
1362,974
1362,979
1362,980
1362,981
1362,991
1362,994
1362,1026
1362,1098
1362,1102
1362,1166
1362,1314
1362,1332
1362,1337
1362,1356
1362,1357
1362,1358
1362,1361
1362,1363
1362,1364
1362,1365
1362,1401
1362,1415
1362,1535
1362,1566
1362,1768
1362,1771
1362,1773
1362,1776
1362,1782
1362,1783
1362,1910
1362,1924
1362,1927
1362,2124
1362,2517
1362,2522
1362,2854
1362,3460
1362,3909
1362,3971
1362,4073
1362,4325
1362,4385
1362,4874
1363,370
1363,966
1363,994
1363,995
1363,1407
1363,1412
1363,1549
1363,1871
1363,2855
1363,3872
1363,4560
1364,163
1364,664
1364,1783
1364,2131
1364,3312
1365,103
1365,105
1365,135
1365,146
1365,154
1365,163
1365,381
1365,433
1365,437
1365,496
1365,503
1365,513
1365,537
1365,546
1365,638
1365,644
1365,645
1365,646
1365,699
1365,729
1365,730
1365,765
1365,791
1365,798
1365,831
1365,836
1365,839
1365,913
1365,927
1365,946
1365,974
1365,979
1365,981
1365,1024
1365,1098
1365,1108
1365,1144
1365,1145
1365,1151
1365,1154
1365,1155
1365,1202
1365,1281
1365,1327
1365,1331
1365,1332
1365,1337
1365,1346
1365,1350
1365,1353
1365,1361
1365,1362
1365,1367
1365,1409
1365,1763
1365,1776
1365,1782
1365,1899
1365,1931
1365,2128
1365,2400
1365,2412
1365,2519
1365,2521
1365,2535
1365,2857
1365,2945
1365,3492
1365,3514
1365,3814
1366,103
1366,140
1366,151
1366,270
1366,370
1366,381
1366,433
1366,434
1366,520
1366,524
1366,636
1366,644
1366,646
1366,647
1366,664
1366,683
1366,729
1366,740
1366,765
1366,791
1366,831
1366,913
1366,979
1366,995
1366,1117
1366,1145
1366,1226
1366,1273
1366,1332
1366,1337
1366,1345
1366,1348
1366,1350
1366,1351
1366,1358
1366,1361
1366,1407
1366,1471
1366,1613
1366,1754
1366,1776
1366,1781
1366,1782
1366,1793
1366,1852
1366,1913
1366,2114
1366,2425
1366,2854
1366,3135
1366,3144
1366,3146
1366,3176
1366,3177
1366,3303
1366,3460
1366,4876
1367,539
1367,845
1367,1252
1367,1267
1367,1336
1367,1365
1367,1631
1367,1895
1367,2032
1367,2136
1367,2922
1367,3312
1367,4001
1367,4325
1367,4877
1367,4878
1368,127
1368,218
1368,228
1368,351
1368,2340
1369,0
1369,7
1369,10
1369,12
1369,17
1369,18
1369,24
1369,27
1369,29
1369,34
1369,37
1369,44
1369,46
1369,49
1369,56
1369,60
1369,61
1369,66
1369,68
1369,71
1369,80
1369,108
1369,118
1369,120
1369,127
1369,129
1369,186
1369,191
1369,219
1369,229
1369,234
1369,236
1369,249
1369,252
1369,253
1369,254
1369,255
1369,264
1369,272
1369,276
1369,278
1369,293
1369,294
1369,303
1369,314
1369,316
1369,321
1369,336
1369,341
1369,343
1369,351
1369,368
1369,380
1369,387
1369,402
1369,420
1369,421
1369,432
1369,441
1369,452
1369,476
1369,485
1369,492
1369,519
1369,548
1369,568
1369,609
1369,611
1369,617
1369,628
1369,629
1369,662
1369,673
1369,701
1369,714
1369,741
1369,746
1369,749
1369,755
1369,757
1369,758
1369,838
1369,851
1369,914
1369,998
1369,999
1369,1045
1369,1096
1369,1195
1369,1217
1369,1549
1369,1674
1369,1740
1369,2343
1370,389
1370,923
1370,1236
1370,1285
1370,1312
1370,1319
1370,1399
1370,1443
1370,1478
1370,1571
1370,1672
1370,1963
1370,1976
1370,1977
1370,1978
1370,2258
1370,2470
1370,3244
1371,88
1372,104
1373,20
1373,104
1373,132
1373,688
1373,749
1373,900
1373,1096
1373,1571
1374,1100
1374,2179
1374,2183
1374,2332
1375,4
1375,6
1375,9
1375,14
1375,64
1375,75
1375,77
1375,80
1375,83
1375,87
1375,89
1375,90
1375,91
1375,94
1375,117
1375,154
1375,156
1375,183
1375,188
1375,207
1375,224
1375,235
1375,236
1375,239
1375,288
1375,302
1375,326
1375,337
1375,342
1375,352
1375,360
1375,373
1375,381
1375,438
1375,637
1375,638
1375,650
1375,664
1375,689
1375,699
1375,717
1375,756
1375,774
1375,781
1375,785
1375,805
1375,896
1375,913
1375,954
1375,974
1375,983
1375,1018
1375,1155
1375,1180
1375,1195
1375,1208
1375,1249
1375,1258
1375,1262
1375,1266
1375,1267
1375,1345
1375,1353
1375,1357
1375,1376
1375,1409
1375,1417
1375,1425
1375,1433
1375,1438
1375,1471
1375,1502
1375,1553
1375,1590
1375,1599
1375,1618
1375,1623
1375,1632
1375,1664
1375,1674
1375,1694
1375,1752
1375,1757
1375,1763
1375,1777
1375,1900
1375,1902
1375,1924
1375,1925
1375,1927
1375,1932
1375,1934
1375,1936
1375,1937
1375,1948
1375,1963
1375,1994
1375,2000
1375,2004
1375,2010
1375,2025
1375,2031
1375,2037
1375,2047
1375,2051
1375,2077
1375,2114
1375,2137
1375,2165
1375,2240
1375,2295
1375,2532
1375,2909
1375,2916
1375,2917
1375,2918
1375,2927
1375,2960
1375,2963
1375,3112
1375,3145
1375,3203
1375,3311
1375,3314
1375,3412
1375,3500
1375,3809
1375,3881
1375,4103
1375,4143
1375,4254
1375,4284
1375,4561
1375,4879
1376,7
1376,77
1376,105
1376,113
1376,118
1376,219
1376,224
1376,246
1376,251
1376,252
1377,73
1377,89
1377,194
1377,1195
1377,2936
1378,165
1378,743
1379,143
1379,399
1379,408
1379,412
1379,438
1379,532
1379,1155
1379,1283
1379,1302
1379,1430
1379,1446
1379,1448
1379,1456
1379,1475
1379,1482
1379,1642
1379,1738
1379,1940
1379,1951
1379,2244
1379,2422
1379,2537
1379,2542
1379,2916
1379,2922
1379,3347
1379,3923
1379,4138
1380,13
1380,95
1380,108
1380,332
1380,357
1380,532
1380,617
1380,742
1380,781
1380,1104
1380,1259
1380,1668
1380,1707
1380,1717
1380,1875
1380,1952
1380,1973
1380,1978
1380,2165
1380,2166
1380,2259
1380,2261
1380,2262
1380,2267
1380,2268
1380,2294
1380,2415
1380,2604
1380,2980
1380,3243
1380,3250
1380,3551
1380,3607
1380,3926
1380,4880
1381,255
1381,374
1381,705
1381,804
1382,221
1383,834
1384,43
1384,77
1384,84
1384,95
1384,181
1384,188
1384,202
1384,238
1384,251
1384,334
1384,771
1384,915
1384,1194
1384,1374
1384,4159
1385,2527
1386,551
1386,661
1386,737
1386,788
1387,588
1387,594
1387,604
1387,1009
1387,1224
1387,4661
1388,140
1388,144
1388,146
1388,270
1388,406
1388,452
1388,458
1388,487
1388,513
1388,515
1388,584
1388,594
1388,605
1388,704
1388,858
1388,870
1388,984
1388,1012
1388,1052
1388,1525
1388,1549
1388,1873
1388,2057
1388,2058
1388,3299
1389,67
1389,115
1389,173
1389,256
1389,386
1389,396
1389,406
1389,448
1389,452
1389,453
1389,456
1389,457
1389,461
1389,464
1389,500
1389,509
1389,510
1389,528
1389,570
1389,669
1389,708
1389,717
1389,718
1389,801
1389,867
1389,960
1389,962
1389,1009
1389,1011
1389,1012
1389,1013
1389,1019
1389,1096
1389,1158
1389,1246
1389,1281
1389,1322
1389,1342
1389,1453
1389,1577
1389,1596
1389,1746
1389,1808
1389,1819
1389,2131
1389,2527
1389,2841
1389,2842
1389,2924
1389,3382
1389,3392
1390,257
1390,267
1390,522
1390,775
1390,1029
1390,1093
1390,1146
1390,1210
1390,1213
1390,1325
1390,1593
1390,1921
1390,2115
1390,2118
1390,2269
1390,4881
1391,448
1391,457
1391,528
1391,672
1391,989
1391,1012
1391,1030
1391,1158
1391,3350
1392,117
1392,123
1392,153
1392,431
1392,452
1392,528
1392,604
1392,788
1392,857
1392,884
1392,957
1392,1148
1392,1157
1392,1391
1392,1601
1392,1852
1392,1890
1392,3476
1393,154
1393,431
1393,702
1393,775
1393,780
1393,868
1393,1143
1393,1146
1393,1154
1393,1346
1393,1776
1393,2240
1393,3911
1394,171
1394,180
1394,945
1394,980
1394,1251
1394,1317
1394,1453
1394,1466
1394,1515
1394,1596
1394,1636
1394,1775
1394,1952
1394,3581
1394,3855
1395,778
1395,806
1395,968
1395,976
1395,1261
1395,1325
1395,1337
1395,1445
1395,1456
1395,1783
1395,1899
1395,1909
1395,3244
1395,4011
1396,126
1396,552
1396,585
1396,962
1396,964
1396,1330
1396,1389
1396,1602
1396,1851
1396,2118
1396,2308
1396,3195
1396,3488
1396,4652
1397,105
1397,3244
1398,163
1398,201
1398,370
1398,449
1398,906
1398,963
1398,1007
1398,1096
1398,1148
1398,1280
1398,1296
1398,1331
1398,1346
1398,1426
1398,1471
1398,1672
1398,1675
1398,1692
1398,1696
1398,1697
1398,1717
1398,1759
1398,1952
1398,1953
1398,1956
1398,1965
1398,1966
1398,1970
1398,1971
1398,1987
1398,1990
1398,2023
1398,2161
1398,2171
1398,2174
1398,2203
1398,2250
1398,2258
1398,2260
1398,2261
1398,2265
1398,2266
1398,2273
1398,2275
1398,2277
1398,2287
1398,2290
1398,2464
1398,2466
1398,2467
1398,2472
1398,2479
1398,2481
1398,2488
1398,2572
1398,2580
1398,2585
1398,2586
1398,2594
1398,2596
1398,2617
1398,2619
1398,2630
1398,2642
1398,2656
1398,2662
1398,2673
1398,2907
1398,2969
1398,2975
1398,3009
1398,3016
1398,3028
1398,3121
1398,3126
1398,3251
1398,3599
1398,4228
1398,4245
1398,4605
1398,4746
1398,4855
1398,4882
1398,4883
1398,4884
1399,137
1399,931
1399,1340
1399,1370
1399,1776
1399,4550
1399,4628
1400,137
1400,865
1400,973
1400,981
1400,1293
1400,1772
1400,2009
1400,3002
1400,4885
1401,275
1401,370
1401,532
1401,880
1401,913
1401,966
1401,967
1401,979
1401,1332
1401,1362
1401,1407
1401,1415
1401,1588
1401,1611
1401,1620
1401,1632
1401,1776
1401,1781
1401,2424
1401,2425
1401,2535
1401,2873
1401,2910
1401,3136
1401,3178
1401,3461
1401,3985
1401,4383
1401,4886
1402,26
1402,686
1402,1145
1402,4887
1403,18
1403,105
1403,143
1403,144
1403,151
1403,192
1403,270
1403,370
1403,381
1403,403
1403,404
1403,433
1403,437
1403,438
1403,453
1403,504
1403,520
1403,532
1403,546
1403,566
1403,625
1403,637
1403,638
1403,640
1403,649
1403,683
1403,718
1403,730
1403,732
1403,755
1403,785
1403,791
1403,831
1403,836
1403,839
1403,913
1403,916
1403,932
1403,954
1403,977
1403,980
1403,994
1403,1007
1403,1024
1403,1052
1403,1078
1403,1140
1403,1144
1403,1147
1403,1155
1403,1202
1403,1208
1403,1217
1403,1226
1403,1258
1403,1266
1403,1267
1403,1286
1403,1298
1403,1331
1403,1357
1403,1361
1403,1363
1403,1379
1403,1389
1403,1409
1403,1419
1403,1420
1403,1425
1403,1432
1403,1433
1403,1434
1403,1437
1403,1439
1403,1440
1403,1441
1403,1443
1403,1447
1403,1451
1403,1453
1403,1456
1403,1458
1403,1462
1403,1478
1403,1481
1403,1484
1403,1566
1403,1589
1403,1596
1403,1611
1403,1612
1403,1629
1403,1631
1403,1633
1403,1683
1403,1694
1403,1774
1403,1778
1403,1782
1403,1803
1403,1850
1403,1854
1403,1870
1403,1895
1403,1902
1403,1924
1403,1925
1403,1936
1403,1937
1403,1946
1403,1958
1403,1963
1403,2004
1403,2015
1403,2025
1403,2033
1403,2044
1403,2046
1403,2048
1403,2049
1403,2051
1403,2153
1403,2158
1403,2240
1403,2243
1403,2244
1403,2245
1403,2248
1403,2259
1403,2341
1403,2415
1403,2419
1403,2422
1403,2426
1403,2451
1403,2516
1403,2535
1403,2539
1403,2540
1403,2541
1403,2542
1403,2867
1403,2877
1403,2912
1403,2915
1403,2916
1403,2920
1403,2945
1403,3023
1403,3037
1403,3139
1403,3165
1403,3168
1403,3179
1403,3328
1403,3329
1403,3330
1403,3331
1403,3448
1403,3496
1403,3540
1403,3803
1403,3854
1403,4012
1403,4032
1403,4069
1403,4238
1403,4332
1403,4361
1403,4454
1403,4683
1403,4742
1403,4744
1403,4826
1403,4888
1403,4889
1403,4890
1404,67
1404,463
1404,510
1404,515
1404,660
1404,798
1404,824
1404,860
1404,906
1404,994
1404,1314
1404,1325
1404,1348
1404,1357
1404,1412
1404,1420
1404,1442
1404,1444
1404,1447
1404,1458
1404,1460
1404,1478
1404,1596
1404,1665
1404,1689
1404,1694
1404,1914
1404,1946
1404,2412
1404,3120
1404,4036
1404,4042
1404,4243
1404,4742
1404,4891
1405,4892
1406,594
1406,755
1406,860
1406,1013
1406,1423
1406,1614
1406,2031
1406,2151
1407,639
1407,1052
1407,1344
1407,1345
1407,1363
1407,1366
1407,1401
1407,1413
1407,1763
1407,1776
1407,1783
1407,1796
1407,1894
1407,2007
1407,2126
1407,2127
1407,2873
1407,4233
1407,4383
1407,4893
1408,995
1408,3203
1409,105
1409,475
1409,504
1409,650
1409,685
1409,729
1409,732
1409,836
1409,875
1409,906
1409,918
1409,932
1409,954
1409,980
1409,1013
1409,1033
1409,1078
1409,1079
1409,1107
1409,1145
1409,1155
1409,1169
1409,1208
1409,1244
1409,1247
1409,1260
1409,1281
1409,1285
1409,1304
1409,1308
1409,1314
1409,1316
1409,1319
1409,1331
1409,1346
1409,1353
1409,1365
1409,1380
1409,1403
1409,1426
1409,1459
1409,1466
1409,1467
1409,1478
1409,1481
1409,1484
1409,1553
1409,1566
1409,1589
1409,1614
1409,1635
1409,1644
1409,1654
1409,1664
1409,1666
1409,1670
1409,1672
1409,1676
1409,1686
1409,1696
1409,1706
1409,1759
1409,1779
1409,1782
1409,1827
1409,1843
1409,1845
1409,1854
1409,1927
1409,1931
1409,1932
1409,1937
1409,1940
1409,1963
1409,1968
1409,1973
1409,1987
1409,1990
1409,2012
1409,2046
1409,2051
1409,2149
1409,2157
1409,2161
1409,2167
1409,2187
1409,2248
1409,2269
1409,2318
1409,2399
1409,2422
1409,2432
1409,2453
1409,2464
1409,2476
1409,2483
1409,2484
1409,2488
1409,2524
1409,2558
1409,2560
1409,2584
1409,2598
1409,2601
1409,2605
1409,2611
1409,2620
1409,2622
1409,2631
1409,2639
1409,2641
1409,2707
1409,2740
1409,2741
1409,2760
1409,2777
1409,2840
1409,2854
1409,2898
1409,2923
1409,2927
1409,2977
1409,2996
1409,3013
1409,3019
1409,3020
1409,3032
1409,3038
1409,3126
1409,3142
1409,3239
1409,3258
1409,3318
1409,3329
1409,3342
1409,3344
1409,3440
1409,3501
1409,3507
1409,3553
1409,3568
1409,3572
1409,3615
1409,3658
1409,3673
1409,3705
1409,3823
1409,3836
1409,3855
1409,3897
1409,3912
1409,3923
1409,3931
1409,3991
1409,4003
1409,4089
1409,4112
1409,4285
1409,4321
1409,4490
1409,4530
1409,4538
1409,4657
1409,4692
1409,4735
1409,4785
1409,4787
1409,4812
1409,4841
1409,4894
1409,4895
1409,4896
1409,4897
1409,4898
1409,4899
1409,4900
1409,4901
1409,4902
1409,4903
1409,4904
1409,4905
1409,4906
1409,4907
1409,4908
1409,4909
1409,4910
1409,4911
1409,4912
1409,4913
1409,4914
1409,4915
1409,4916
1410,26
1410,42
1410,105
1410,154
1410,348
1410,385
1410,399
1410,439
1410,497
1410,502
1410,532
1410,537
1410,576
1410,601
1410,647
1410,665
1410,681
1410,683
1410,685
1410,800
1410,1010
1410,1162
1410,1325
1410,1344
1410,1348
1410,1594
1410,1751
1410,1811
1410,2010
1410,2036
1410,2421
1410,2522
1410,3141
1410,3162
1410,3180
1410,3303
1410,3832
1410,3870
1410,4278
1410,4875
1410,4917
1410,4918
1410,4919
1411,765
1412,149
1412,151
1412,154
1412,385
1412,386
1412,415
1412,438
1412,453
1412,461
1412,464
1412,516
1412,592
1412,646
1412,683
1412,684
1412,729
1412,765
1412,796
1412,800
1412,836
1412,839
1412,863
1412,867
1412,957
1412,962
1412,995
1412,1007
1412,1024
1412,1028
1412,1029
1412,1052
1412,1140
1412,1145
1412,1150
1412,1151
1412,1154
1412,1161
1412,1202
1412,1226
1412,1273
1412,1327
1412,1328
1412,1331
1412,1332
1412,1336
1412,1337
1412,1340
1412,1346
1412,1350
1412,1363
1412,1404
1412,1522
1412,1588
1412,1751
1412,1763
1412,1871
1412,1899
1412,2031
1412,2150
1412,2385
1412,2410
1412,2519
1412,2520
1412,2535
1412,3303
1412,4117
1412,4337
1413,633
1413,994
1413,1332
1413,1407
1413,3841
1413,4383
1413,4420
1414,882
1414,1350
1414,1839
1414,1901
1415,370
1415,515
1415,646
1415,649
1415,1026
1415,1332
1415,1362
1415,1401
1415,1622
1415,1776
1415,1782
1415,1883
1415,1910
1415,1913
1415,2008
1415,2130
1415,2134
1415,3144
1415,3146
1416,173
1416,438
1416,520
1416,1281
1416,1436
1416,1840
1416,2248
1416,4709
1417,156
1417,351
1417,503
1417,778
1417,785
1417,836
1417,996
1417,1342
1417,1458
1417,1630
1417,1937
1417,1976
1417,2009
1417,2027
1417,2909
1417,2917
1417,2954
1418,836
1418,1458
1418,1622
1418,1901
1418,2009
1418,4000
1418,4283
1418,4920
1419,105
1419,156
1419,648
1419,839
1419,1098
1419,1155
1419,1331
1419,1332
1419,1403
1419,1778
1419,2422
1419,2849
1419,3179
1419,3502
1419,4254
1420,381
1420,542
1420,839
1420,991
1420,999
1420,1252
1420,1259
1420,1403
1420,1404
1420,1444
1420,1484
1420,1589
1420,1612
1420,1630
1420,1776
1420,1782
1420,2421
1420,2426
1420,2446
1420,2451
1420,2535
1420,3081
1420,3146
1420,3760
1420,3991
1420,4043
1420,4379
1421,105
1421,619
1421,791
1421,1254
1421,1256
1421,1263
1421,1271
1421,1293
1421,1359
1421,1433
1421,1458
1421,1738
1421,1781
1421,1900
1421,2031
1421,2036
1421,2040
1421,2917
1422,15
1422,27
1422,62
1422,81
1422,101
1422,120
1422,143
1422,214
1422,227
1422,229
1422,235
1422,242
1422,245
1422,285
1422,308
1422,321
1422,326
1422,332
1422,352
1422,385
1422,411
1422,466
1422,485
1422,510
1422,542
1422,566
1422,570
1422,629
1422,669
1422,672
1422,685
1422,689
1422,699
1422,708
1422,716
1422,717
1422,730
1422,732
1422,745
1422,755
1422,795
1422,806
1422,913
1422,938
1422,996
1422,1005
1422,1009
1422,1024
1422,1033
1422,1067
1422,1089
1422,1096
1422,1155
1422,1171
1422,1198
1422,1208
1422,1247
1422,1259
1422,1302
1422,1318
1422,1330
1422,1353
1422,1417
1422,1426
1422,1430
1422,1434
1422,1442
1422,1443
1422,1446
1422,1478
1422,1483
1422,1484
1422,1522
1422,1571
1422,1614
1422,1635
1422,1644
1422,1664
1422,1689
1422,1767
1422,1775
1422,1777
1422,1921
1422,1934
1422,1938
1422,1949
1422,1953
1422,1966
1422,1990
1422,1991
1422,1995
1422,2004
1422,2029
1422,2031
1422,2037
1422,2109
1422,2164
1422,2175
1422,2248
1422,2309
1422,2310
1422,2314
1422,2328
1422,2330
1422,2408
1422,2422
1422,2425
1422,2449
1422,2474
1422,2489
1422,2491
1422,2571
1422,2586
1422,2604
1422,2630
1422,2632
1422,2638
1422,2656
1422,2723
1422,2759
1422,2993
1422,3018
1422,3033
1422,3041
1422,3087
1422,3096
1422,3128
1422,3570
1422,3573
1422,3607
1422,3788
1422,3923
1422,4046
1422,4228
1422,4239
1422,4270
1422,4534
1422,4567
1422,4665
1422,4921
1423,650
1423,1249
1423,2020
1423,4392
1423,4716
1423,4922
1424,11
1424,321
1424,326
1424,332
1424,352
1424,388
1424,566
1424,708
1424,713
1424,730
1424,732
1424,941
1424,980
1424,1079
1424,1255
1424,1302
1424,1307
1424,1310
1424,1318
1424,1353
1424,1539
1424,1571
1424,1589
1424,1610
1424,1614
1424,1615
1424,1705
1424,1759
1424,1915
1424,2109
1424,2171
1424,2172
1424,2203
1424,2210
1424,2248
1424,2258
1424,2259
1424,2271
1424,2284
1424,2286
1424,2469
1424,2473
1424,2474
1424,2477
1424,2484
1424,2537
1424,2553
1424,2571
1424,2577
1424,2586
1424,2590
1424,2594
1424,2596
1424,2613
1424,2849
1424,2912
1424,2961
1424,3002
1424,3016
1424,3018
1424,3028
1424,3057
1424,3077
1424,3244
1424,3810
1424,3899
1424,4778
1424,4780
1424,4923
1425,778
1425,791
1425,1253
1425,1261
1425,1262
1425,1267
1425,1433
1425,1446
1425,1447
1425,1844
1425,1907
1425,1937
1425,2025
1425,2026
1425,2040
1425,2125
1425,3197
1425,3539
1425,4924
1426,105
1426,143
1426,159
1426,326
1426,332
1426,516
1426,633
1426,732
1426,755
1426,791
1426,806
1426,857
1426,906
1426,935
1426,949
1426,965
1426,1013
1426,1032
1426,1169
1426,1198
1426,1205
1426,1252
1426,1271
1426,1305
1426,1306
1426,1311
1426,1317
1426,1367
1426,1398
1426,1436
1426,1448
1426,1459
1426,1463
1426,1479
1426,1661
1426,1670
1426,1688
1426,1707
1426,1712
1426,1759
1426,1954
1426,1957
1426,1966
1426,1972
1426,1987
1426,1990
1426,2167
1426,2209
1426,2249
1426,2258
1426,2271
1426,2275
1426,2276
1426,2284
1426,2294
1426,2313
1426,2461
1426,2463
1426,2469
1426,2470
1426,2475
1426,2478
1426,2484
1426,2485
1426,2487
1426,2488
1426,2565
1426,2590
1426,2592
1426,2598
1426,2600
1426,2602
1426,2607
1426,2612
1426,2613
1426,2614
1426,2616
1426,2619
1426,2625
1426,2633
1426,2656
1426,2659
1426,2671
1426,2673
1426,2782
1426,2840
1426,2923
1426,2924
1426,2976
1426,2996
1426,3003
1426,3012
1426,3013
1426,3019
1426,3020
1426,3032
1426,3036
1426,3043
1426,3124
1426,3214
1426,3330
1426,3659
1426,3836
1426,3899
1426,3921
1426,4285
1426,4303
1426,4673
1426,4783
1426,4925
1426,4926
1426,4927
1426,4928
1426,4929
1426,4930
1426,4931
1427,1258
1427,1596
1427,1599
1427,2036
1427,2922
1428,105
1428,2963
1428,4138
1429,994
1429,1782
1430,105
1430,121
1430,148
1430,154
1430,171
1430,244
1430,257
1430,269
1430,326
1430,385
1430,423
1430,433
1430,438
1430,461
1430,496
1430,498
1430,511
1430,515
1430,516
1430,556
1430,638
1430,672
1430,689
1430,699
1430,711
1430,717
1430,732
1430,756
1430,758
1430,798
1430,806
1430,831
1430,836
1430,866
1430,913
1430,954
1430,965
1430,966
1430,974
1430,980
1430,981
1430,982
1430,983
1430,989
1430,994
1430,1007
1430,1009
1430,1026
1430,1029
1430,1078
1430,1107
1430,1132
1430,1144
1430,1155
1430,1202
1430,1208
1430,1223
1430,1247
1430,1254
1430,1258
1430,1260
1430,1263
1430,1271
1430,1283
1430,1331
1430,1342
1430,1350
1430,1353
1430,1358
1430,1365
1430,1379
1430,1403
1430,1409
1430,1420
1430,1422
1430,1432
1430,1434
1430,1437
1430,1440
1430,1442
1430,1446
1430,1447
1430,1448
1430,1450
1430,1453
1430,1475
1430,1589
1430,1596
1430,1614
1430,1629
1430,1759
1430,1773
1430,1776
1430,1777
1430,1786
1430,1840
1430,1925
1430,1932
1430,1937
1430,1948
1430,1959
1430,2004
1430,2006
1430,2027
1430,2043
1430,2130
1430,2153
1430,2165
1430,2244
1430,2415
1430,2422
1430,2426
1430,2535
1430,2849
1430,2855
1430,2960
1430,3065
1430,3142
1430,3144
1430,3244
1430,3303
1430,3314
1430,3330
1430,3792
1430,4932
1431,999
1431,1258
1431,1263
1431,1267
1431,1420
1431,1446
1431,1447
1431,1627
1431,1632
1431,1633
1431,1845
1431,1870
1431,1959
1431,2011
1431,2037
1431,2041
1431,2243
1431,2449
1431,2541
1431,2542
1431,2867
1431,2911
1431,3023
1431,3330
1431,3822
1431,3885
1431,4021
1431,4024
1431,4340
1431,4692
1431,4933
1432,105
1432,1267
1432,1283
1432,1425
1432,1437
1432,1443
1432,1445
1432,1631
1432,1895
1432,2049
1432,2051
1432,3314
1432,3346
1432,4934
1433,172
1433,381
1433,437
1433,785
1433,791
1433,836
1433,980
1433,999
1433,1174
1433,1251
1433,1375
1433,1421
1433,1425
1433,1432
1433,1440
1433,1446
1433,1577
1433,1596
1433,1629
1433,1630
1433,1632
1433,1644
1433,1686
1433,1723
1433,1738
1433,1844
1433,1895
1433,1902
1433,1948
1433,2016
1433,2031
1433,2032
1433,2035
1433,2037
1433,2041
1433,2049
1433,2051
1433,2136
1433,2296
1433,2920
1433,3346
1433,3419
1433,3536
1433,3851
1433,3973
1433,4009
1433,4218
1433,4753
1433,4797
1433,4833
1434,105
1434,147
1434,156
1434,229
1434,381
1434,385
1434,415
1434,542
1434,546
1434,644
1434,689
1434,718
1434,732
1434,791
1434,798
1434,836
1434,965
1434,980
1434,1096
1434,1098
1434,1136
1434,1208
1434,1213
1434,1250
1434,1252
1434,1255
1434,1259
1434,1266
1434,1271
1434,1283
1434,1341
1434,1342
1434,1353
1434,1365
1434,1389
1434,1395
1434,1403
1434,1419
1434,1422
1434,1430
1434,1436
1434,1484
1434,1553
1434,1599
1434,1618
1434,1623
1434,1628
1434,1686
1434,1757
1434,1775
1434,1776
1434,1777
1434,1900
1434,1921
1434,1931
1434,1972
1434,2012
1434,2043
1434,2109
1434,2130
1434,2133
1434,2406
1434,2416
1434,2427
1434,2519
1434,2535
1434,3203
1434,4340
1435,996
1435,1632
1435,2033
1435,3203
1436,415
1436,438
1436,466
1436,518
1436,532
1436,628
1436,650
1436,755
1436,954
1436,1020
1436,1202
1436,1254
1436,1260
1436,1307
1436,1336
1436,1416
1436,1434
1436,1440
1436,1445
1436,1448
1436,1453
1436,1463
1436,1467
1436,1475
1436,1596
1436,1627
1436,1633
1436,1781
1436,1840
1436,1921
1436,1925
1436,1950
1436,1955
1436,1959
1436,2004
1436,2043
1436,2243
1436,2244
1436,2546
1436,2877
1436,2963
1436,3086
1436,3236
1436,3330
1436,3463
1436,3841
1436,3862
1436,4017
1436,4035
1436,4124
1436,4254
1436,4935
1436,4936
1437,105
1437,1265
1437,1266
1437,1432
1437,1463
1437,1615
1437,2037
1437,2051
1437,3336
1437,3360
1437,4016
1437,4256
1437,4393
1438,539
1438,599
1438,1257
1438,1440
1438,1819
1438,1948
1438,2422
1438,2922
1439,1026
1439,1027
1439,1263
1439,1442
1439,1445
1439,1946
1439,2202
1439,2244
1439,2808
1439,3328
1439,3659
1439,4937
1439,4938
1440,143
1440,348
1440,539
1440,550
1440,980
1440,1144
1440,1247
1440,1258
1440,1433
1440,1436
1440,1444
1440,1445
1440,1446
1440,1447
1440,1448
1440,1453
1440,1456
1440,1589
1440,1630
1440,1632
1440,1633
1440,1683
1440,1704
1440,1875
1440,1939
1440,1946
1440,1948
1440,1959
1440,2033
1440,2049
1440,2051
1440,2244
1440,2323
1440,2422
1440,2541
1440,2915
1440,2922
1440,3314
1440,3330
1440,3333
1440,3347
1440,3495
1440,3505
1440,4024
1440,4025
1440,4031
1440,4047
1440,4391
1440,4879
1440,4939
1440,4940
1441,1263
1441,1267
1441,1462
1441,1614
1441,1844
1441,1895
1441,1936
1441,2028
1441,2243
1441,3536
1441,4393
1442,636
1442,1052
1442,1252
1442,1945
1442,2035
1442,2243
1442,4024
1442,4692
1443,69
1443,154
1443,438
1443,636
1443,650
1443,836
1443,980
1443,1007
1443,1223
1443,1266
1443,1283
1443,1286
1443,1291
1443,1293
1443,1304
1443,1314
1443,1403
1443,1409
1443,1422
1443,1424
1443,1425
1443,1432
1443,1445
1443,1458
1443,1478
1443,1481
1443,1553
1443,1589
1443,1614
1443,1641
1443,1644
1443,1653
1443,1665
1443,1676
1443,1682
1443,1692
1443,1827
1443,1925
1443,1934
1443,1960
1443,1961
1443,1963
1443,1970
1443,2027
1443,2033
1443,2046
1443,2309
1443,2422
1443,2617
1443,2857
1443,2913
1443,2996
1443,3013
1443,3244
1443,3331
1443,3335
1443,3345
1443,3346
1443,3537
1443,3923
1443,4024
1443,4033
1443,4036
1443,4043
1443,4181
1443,4293
1443,4941
1444,1404
1444,1420
1444,1440
1444,1445
1444,1458
1444,1946
1444,2045
1444,2153
1444,2244
1444,2451
1444,2962
1444,3243
1444,3991
1444,4036
1444,4042
1444,4943
1444,4944
1445,257
1445,1245
1445,1263
1445,1264
1445,1303
1445,1325
1445,1352
1445,1395
1445,1432
1445,1436
1445,1439
1445,1440
1445,1443
1445,1444
1445,1448
1445,1456
1445,1631
1445,1635
1445,1718
1445,1738
1445,1757
1445,1950
1445,2045
1445,2049
1445,2153
1445,2243
1445,2244
1445,3164
1445,3328
1445,4024
1445,4299
1445,4945
1446,438
1446,539
1446,1091
1446,1252
1446,1258
1446,1262
1446,1266
1446,1267
1446,1431
1446,1433
1446,1440
1446,1463
1446,1506
1446,1596
1446,1645
1446,1948
1446,2004
1446,2044
1446,2136
1446,2153
1446,2538
1446,2922
1446,3203
1446,3300
1446,3536
1446,4024
1447,270
1447,438
1447,636
1447,824
1447,966
1447,1152
1447,1155
1447,1281
1447,1325
1447,1345
1447,1404
1447,1430
1447,1440
1447,1450
1447,1454
1447,1456
1447,1599
1447,1627
1447,1631
1447,1632
1447,1633
1447,1946
1447,2033
1447,2051
1447,2116
1447,2244
1447,2245
1447,2540
1447,2542
1447,2922
1447,3086
1447,3329
1447,3851
1447,4024
1447,4106
1447,4256
1447,4346
1447,4615
1447,4946
1447,4947
1448,143
1448,438
1448,1379
1448,1436
1448,1440
1448,1445
1448,1449
1448,1457
1448,1644
1448,1943
1448,1946
1448,1955
1448,2049
1448,2244
1448,2422
1448,3346
1448,4025
1448,4940
1449,1284
1449,1285
1449,1300
1449,1306
1449,1448
1449,1700
1449,1971
1449,2483
1450,946
1450,1033
1450,1256
1450,1447
1450,1615
1450,1632
1450,1684
1450,1776
1450,1931
1450,1935
1450,1936
1450,1942
1450,2029
1450,2049
1450,2136
1450,2240
1450,2245
1450,3328
1450,3330
1450,3347
1450,4001
1450,4002
1450,4040
1450,4243
1450,4673
1451,1462
1451,4948
1451,4949
1452,192
1452,276
1452,860
1452,1104
1452,1247
1452,1294
1452,1298
1452,1305
1452,1319
1452,1479
1452,1571
1452,1589
1452,1654
1452,1660
1452,1843
1452,1937
1452,1992
1452,2160
1452,2162
1452,2176
1452,2203
1452,2204
1452,2207
1452,2261
1452,2271
1452,2274
1452,2277
1452,2284
1452,2285
1452,2286
1452,2289
1452,2290
1452,2291
1452,2292
1452,2294
1452,2464
1452,2466
1452,2468
1452,2469
1452,2470
1452,2471
1452,2482
1452,2907
1452,2976
1452,2986
1452,2993
1452,3002
1452,3030
1452,3123
1452,3244
1452,3397
1452,3518
1452,3550
1452,3552
1452,3777
1452,4165
1452,4167
1452,4245
1452,4303
1452,4810
1452,4813
1452,4815
1452,4817
1452,4851
1452,4883
1452,4897
1452,4950
1452,4951
1452,4952
1452,4953
1452,4954
1453,105
1453,164
1453,291
1453,385
1453,438
1453,594
1453,604
1453,638
1453,683
1453,730
1453,824
1453,836
1453,965
1453,980
1453,1007
1453,1098
1453,1107
1453,1132
1453,1155
1453,1202
1453,1208
1453,1251
1453,1258
1453,1293
1453,1314
1453,1337
1453,1341
1453,1394
1453,1430
1453,1433
1453,1436
1453,1440
1453,1448
1453,1449
1453,1456
1453,1458
1453,1464
1453,1476
1453,1481
1453,1588
1453,1589
1453,1608
1453,1629
1453,1631
1453,1644
1453,1676
1453,1738
1453,1763
1453,1776
1453,1829
1453,1840
1453,1902
1453,1925
1453,1939
1453,1955
1453,1976
1453,2011
1453,2034
1453,2041
1453,2044
1453,2263
1453,2295
1453,2400
1453,2422
1453,2668
1453,2867
1453,2915
1453,2963
1453,3295
1453,3296
1453,3328
1453,3330
1453,3496
1453,3537
1453,3804
1453,3897
1453,3921
1453,4028
1453,4040
1453,4087
1453,4260
1453,4596
1453,4612
1453,4615
1453,4630
1453,4697
1454,105
1454,1872
1454,3203
1455,3847
1455,4281
1455,4395
1455,4955
1455,4956
1455,4957
1456,105
1456,565
1456,755
1456,1258
1456,1395
1456,1440
1456,1445
1456,1447
1456,1453
1456,1484
1456,1620
1456,1869
1456,1939
1456,2269
1456,2560
1456,3346
1456,4894
1457,105
1457,348
1457,660
1457,1078
1457,1265
1457,1448
1457,1952
1457,3276
1458,18
1458,71
1458,143
1458,348
1458,381
1458,434
1458,437
1458,438
1458,542
1458,650
1458,778
1458,824
1458,836
1458,875
1458,980
1458,983
1458,996
1458,1026
1458,1078
1458,1174
1458,1202
1458,1208
1458,1249
1458,1251
1458,1260
1458,1266
1458,1267
1458,1273
1458,1283
1458,1298
1458,1403
1458,1417
1458,1418
1458,1421
1458,1425
1458,1433
1458,1437
1458,1441
1458,1443
1458,1444
1458,1467
1458,1478
1458,1538
1458,1596
1458,1632
1458,1664
1458,1723
1458,1844
1458,1854
1458,1873
1458,1901
1458,1925
1458,1932
1458,1933
1458,1937
1458,1946
1458,1948
1458,1963
1458,2004
1458,2009
1458,2022
1458,2027
1458,2044
1458,2050
1458,2295
1458,2340
1458,2907
1458,2915
1458,2964
1458,2966
1458,3025
1458,3083
1458,3119
1458,3329
1458,3536
1458,3937
1458,3995
1458,4052
1458,4087
1458,4351
1458,4356
1458,4362
1458,4936
1458,4958
1458,4959
1458,4960
1459,105
1459,1043
1459,1259
1459,1282
1459,1296
1459,1314
1459,1317
1459,1473
1459,1899
1459,1982
1459,2453
1459,2552
1459,3926
1459,4040
1459,4243
1460,105
1460,941
1460,1003
1460,1251
1460,1404
1460,1442
1460,1466
1460,1645
1460,1652
1460,1655
1460,1670
1460,1964
1460,1979
1460,2223
1460,2243
1460,3010
1460,3344
1460,3511
1460,4045
1460,4601
1461,332
1461,369
1461,434
1461,683
1461,906
1461,1007
1461,1019
1461,1078
1461,1104
1461,1176
1461,1294
1461,1296
1461,1298
1461,1304
1461,1310
1461,1312
1461,1314
1461,1319
1461,1420
1461,1439
1461,1470
1461,1478
1461,1481
1461,1482
1461,1484
1461,1637
1461,1664
1461,1666
1461,1669
1461,1672
1461,1683
1461,1687
1461,1693
1461,1697
1461,1711
1461,1743
1461,1896
1461,1939
1461,1952
1461,1953
1461,1954
1461,1955
1461,1973
1461,1986
1461,2000
1461,2021
1461,2079
1461,2089
1461,2109
1461,2174
1461,2175
1461,2176
1461,2249
1461,2250
1461,2251
1461,2258
1461,2259
1461,2270
1461,2285
1461,2288
1461,2291
1461,2294
1461,2310
1461,2313
1461,2319
1461,2326
1461,2327
1461,2344
1461,2345
1461,2348
1461,2352
1461,2354
1461,2362
1461,2367
1461,2461
1461,2464
1461,2470
1461,2481
1461,2484
1461,2576
1461,2605
1461,2621
1461,2626
1461,2630
1461,2635
1461,2644
1461,2656
1461,2662
1461,2666
1461,2679
1461,2680
1461,2690
1461,2693
1461,2694
1461,2697
1461,2700
1461,2708
1461,2709
1461,2714
1461,2715
1461,2720
1461,2721
1461,2722
1461,2725
1461,2726
1461,2727
1461,2728
1461,2732
1461,2739
1461,2740
1461,2748
1461,2752
1461,2760
1461,2763
1461,2764
1461,2774
1461,2776
1461,2777
1461,2782
1461,2784
1461,2794
1461,2811
1461,2812
1461,2816
1461,2840
1461,2898
1461,2924
1461,2977
1461,3002
1461,3004
1461,3027
1461,3028
1461,3029
1461,3044
1461,3057
1461,3101
1461,3220
1461,3225
1461,3229
1461,3333
1461,3541
1461,3567
1461,3609
1461,3625
1461,3629
1461,3633
1461,3635
1461,3638
1461,3642
1461,3643
1461,3646
1461,3648
1461,3652
1461,3653
1461,3656
1461,3659
1461,3662
1461,3666
1461,3669
1461,3676
1461,3686
1461,3712
1461,3807
1461,3836
1461,4027
1461,4053
1461,4114
1461,4167
1461,4227
1461,4311
1461,4317
1461,4408
1461,4412
1461,4416
1461,4427
1461,4464
1461,4466
1461,4467
1461,4472
1461,4478
1461,4479
1461,4488
1461,4530
1461,4742
1461,4846
1461,4961
1461,4962
1461,4963
1461,4964
1461,4965
1461,4966
1461,4967
1461,4968
1461,4969
1461,4970
1461,4971
1461,4972
1461,4973
1461,4974
1461,4975
1461,4976
1461,4977
1462,1251
1462,1441
1462,1451
1462,1466
1462,1538
1462,1638
1462,1698
1462,2965
1462,2966
1462,3238
1462,3346
1462,3454
1462,3923
1462,4139
1462,4368
1462,4616
1462,4707
1462,4735
1462,4978
1462,4979
1463,361
1463,407
1463,610
1463,641
1463,755
1463,839
1463,932
1463,966
1463,967
1463,1024
1463,1251
1463,1283
1463,1346
1463,1433
1463,1436
1463,1437
1463,1446
1463,1458
1463,1462
1463,1464
1463,1466
1463,1481
1463,1538
1463,1571
1463,1596
1463,1640
1463,1827
1463,2004
1463,2041
1463,2046
1463,2118
1463,3332
1463,3396
1463,3822
1463,3961
1463,4011
1463,4029
1463,4043
1463,4980
1463,4981
1463,4982
1464,105
1464,824
1464,1169
1464,1217
1464,1265
1464,1293
1464,1300
1464,1357
1464,1453
1464,1463
1464,1466
1464,1468
1464,1469
1464,1470
1464,1471
1464,1472
1464,1480
1464,1481
1464,1538
1464,1638
1464,1640
1464,1641
1464,1644
1464,1647
1464,1665
1464,1902
1464,1914
1464,1961
1464,1990
1464,2155
1464,2483
1464,2535
1464,2544
1464,2915
1464,2972
1464,3007
1464,3126
1464,3244
1464,3251
1464,3335
1464,3454
1464,3536
1464,3537
1464,3921
1464,4052
1464,4175
1464,4295
1464,4355
1464,4372
1464,4618
1464,4690
1464,4744
1464,4983
1464,4984
1464,4985
1465,1300
1465,1307
1465,1844
1465,3396
1466,143
1466,1251
1466,1293
1466,1336
1466,1460
1466,1462
1466,1463
1466,1481
1466,1553
1466,1640
1466,1641
1466,1844
1466,1954
1466,2251
1466,2465
1466,2545
1466,3396
1466,3961
1466,4137
1466,4174
1466,4295
1466,4347
1466,4372
1466,4602
1466,4895
1466,4986
1467,492
1467,539
1467,1026
1467,1226
1467,1275
1467,1342
1467,1436
1467,1770
1467,1819
1467,1870
1467,1901
1467,2008
1467,2130
1467,2153
1467,2395
1467,2426
1467,3991
1467,3997
1467,4052
1467,4054
1467,4293
1467,4678
1467,4960
1468,1293
1468,1464
1468,1640
1468,4047
1468,4987
1469,946
1469,2977
1469,3314
1469,4341
1469,4588
1469,4707
1470,1310
1470,1538
1470,1952
1470,4052
1470,4054
1470,4138
1471,105
1471,913
1471,954
1471,1144
1471,1213
1471,1251
1471,1253
1471,1261
1471,1262
1471,1263
1471,1273
1471,1297
1471,1300
1471,1304
1471,1312
1471,1341
1471,1342
1471,1346
1471,1375
1471,1384
1471,1458
1471,1464
1471,1553
1471,1589
1471,1628
1471,1642
1471,1665
1471,1669
1471,1692
1471,1697
1471,1838
1471,1854
1471,1907
1471,1925
1471,1955
1471,2002
1471,2153
1471,2395
1471,2416
1471,2422
1471,2424
1471,2469
1471,2915
1471,3396
1471,3453
1471,4380
1471,4588
1471,4636
1471,4726
1471,4733
1471,4797
1472,143
1472,660
1472,1026
1472,1052
1472,1155
1472,1300
1472,1307
1472,1463
1472,1645
1472,1647
1472,1899
1472,1902
1472,2001
1472,3086
1472,3592
1472,4138
1473,1295
1473,1459
1473,1961
1473,4738
1473,4988
1473,4989
1474,105
1474,1250
1474,1302
1474,1447
1474,1475
1474,1715
1474,1953
1474,2915
1474,3541
1474,3581
1475,105
1475,1137
1475,1293
1475,1430
1475,1480
1475,1538
1475,2050
1475,4028
1475,4181
1475,4682
1475,4692
1475,4990
1476,105
1476,1174
1476,1252
1476,1300
1476,1453
1476,2049
1476,2251
1476,4024
1476,4042
1476,4221
1477,105
1477,824
1477,1304
1477,1317
1477,1647
1477,1666
1477,1704
1477,2251
1477,2452
1477,2463
1477,2996
1477,4055
1477,4688
1478,26
1478,71
1478,105
1478,275
1478,438
1478,496
1478,498
1478,516
1478,520
1478,532
1478,637
1478,644
1478,650
1478,683
1478,755
1478,791
1478,836
1478,906
1478,923
1478,932
1478,980
1478,993
1478,999
1478,1007
1478,1026
1478,1078
1478,1144
1478,1174
1478,1217
1478,1251
1478,1253
1478,1254
1478,1255
1478,1258
1478,1260
1478,1261
1478,1262
1478,1283
1478,1295
1478,1298
1478,1300
1478,1342
1478,1353
1478,1360
1478,1370
1478,1403
1478,1404
1478,1409
1478,1422
1478,1425
1478,1439
1478,1440
1478,1442
1478,1443
1478,1446
1478,1447
1478,1450
1478,1453
1478,1458
1478,1462
1478,1479
1478,1481
1478,1538
1478,1589
1478,1609
1478,1617
1478,1620
1478,1632
1478,1635
1478,1640
1478,1644
1478,1647
1478,1653
1478,1655
1478,1664
1478,1792
1478,1882
1478,1898
1478,1907
1478,1925
1478,1937
1478,1939
1478,1940
1478,1945
1478,1948
1478,1958
1478,1963
1478,1972
1478,1985
1478,1990
1478,2004
1478,2009
1478,2017
1478,2022
1478,2023
1478,2027
1478,2031
1478,2033
1478,2036
1478,2040
1478,2046
1478,2050
1478,2150
1478,2155
1478,2187
1478,2244
1478,2248
1478,2251
1478,2271
1478,2295
1478,2422
1478,2423
1478,2507
1478,2516
1478,2539
1478,2540
1478,2681
1478,2851
1478,2888
1478,2909
1478,2915
1478,2922
1478,2923
1478,2925
1478,2926
1478,2964
1478,2969
1478,2970
1478,3010
1478,3013
1478,3104
1478,3136
1478,3165
1478,3203
1478,3211
1478,3244
1478,3276
1478,3303
1478,3344
1478,3346
1478,3496
1478,3536
1478,3760
1478,3776
1478,3824
1478,3869
1478,3938
1478,3939
1478,4003
1478,4007
1478,4011
1478,4012
1478,4030
1478,4031
1478,4033
1478,4036
1478,4048
1478,4050
1478,4243
1478,4293
1478,4352
1478,4372
1478,4566
1478,4629
1478,4683
1478,4978
1478,4991
1478,4992
1478,4993
1478,4994
1478,4995
1479,403
1479,721
1479,1079
1479,1307
1479,1310
1479,1312
1479,1315
1479,1319
1479,1452
1479,1478
1479,1538
1479,1651
1479,1712
1479,1952
1479,1954
1479,2167
1479,2176
1479,2270
1479,2284
1479,2482
1479,2560
1479,2583
1479,2639
1479,3008
1479,3020
1479,3044
1479,3050
1479,3245
1479,3554
1479,4165
1479,4817
1479,4996
1480,660
1480,792
1480,1277
1480,1283
1480,1325
1480,1464
1480,1571
1480,1647
1480,1654
1480,1963
1480,2029
1480,2269
1480,2295
1480,2923
1480,3244
1480,3330
1480,4173
1480,4295
1481,105
1481,164
1481,660
1481,906
1481,931
1481,1033
1481,1078
1481,1144
1481,1155
1481,1169
1481,1176
1481,1281
1481,1283
1481,1284
1481,1287
1481,1298
1481,1300
1481,1304
1481,1310
1481,1442
1481,1443
1481,1453
1481,1458
1481,1461
1481,1462
1481,1466
1481,1477
1481,1538
1481,1553
1481,1589
1481,1640
1481,1644
1481,1647
1481,1650
1481,1654
1481,1664
1481,1665
1481,1669
1481,1676
1481,1697
1481,1715
1481,1738
1481,1838
1481,1843
1481,1954
1481,1959
1481,1961
1481,1963
1481,2009
1481,2021
1481,2109
1481,2159
1481,2172
1481,2251
1481,2341
1481,2536
1481,2546
1481,2550
1481,2915
1481,2923
1481,2975
1481,2978
1481,3029
1481,3167
1481,3396
1481,3537
1481,3541
1481,3556
1481,4009
1481,4060
1481,4121
1481,4148
1481,4173
1481,4376
1481,4387
1481,4567
1481,4687
1481,4997
1481,4998
1482,105
1482,232
1482,264
1482,509
1482,556
1482,660
1482,806
1482,906
1482,980
1482,1043
1482,1254
1482,1259
1482,1268
1482,1298
1482,1315
1482,1379
1482,1409
1482,1430
1482,1443
1482,1461
1482,1463
1482,1484
1482,1589
1482,1614
1482,1645
1482,1662
1482,1678
1482,1679
1482,1705
1482,1707
1482,1708
1482,1712
1482,1827
1482,1899
1482,1931
1482,1963
1482,1978
1482,2156
1482,2172
1482,2258
1482,2270
1482,2274
1482,2310
1482,2341
1482,2399
1482,2461
1482,2481
1482,2487
1482,2489
1482,2562
1482,2565
1482,2579
1482,2588
1482,2590
1482,2650
1482,2688
1482,3033
1482,3036
1482,3057
1482,3077
1482,3329
1482,3333
1482,3496
1482,3592
1482,3600
1482,4150
1482,4470
1482,4569
1482,4864
1482,4880
1482,4947
1483,1265
1483,1422
1483,2998
1484,105
1484,348
1484,351
1484,369
1484,641
1484,660
1484,732
1484,806
1484,836
1484,906
1484,918
1484,1007
1484,1079
1484,1217
1484,1247
1484,1259
1484,1263
1484,1271
1484,1298
1484,1302
1484,1317
1484,1318
1484,1353
1484,1403
1484,1420
1484,1422
1484,1434
1484,1446
1484,1449
1484,1456
1484,1461
1484,1482
1484,1539
1484,1614
1484,1637
1484,1696
1484,1701
1484,1705
1484,1708
1484,1712
1484,1899
1484,1944
1484,1948
1484,1949
1484,1965
1484,1975
1484,1976
1484,1977
1484,1990
1484,2109
1484,2164
1484,2202
1484,2210
1484,2258
1484,2259
1484,2270
1484,2271
1484,2276
1484,2285
1484,2293
1484,2294
1484,2310
1484,2313
1484,2318
1484,2320
1484,2399
1484,2453
1484,2461
1484,2464
1484,2466
1484,2469
1484,2471
1484,2481
1484,2483
1484,2485
1484,2489
1484,2553
1484,2560
1484,2565
1484,2571
1484,2576
1484,2577
1484,2580
1484,2585
1484,2586
1484,2587
1484,2588
1484,2592
1484,2594
1484,2607
1484,2611
1484,2613
1484,2621
1484,2629
1484,2630
1484,2631
1484,2640
1484,2643
1484,2644
1484,2646
1484,2648
1484,2654
1484,2655
1484,2656
1484,2662
1484,2674
1484,2676
1484,2688
1484,2882
1484,2890
1484,2893
1484,2948
1484,2996
1484,3012
1484,3028
1484,3031
1484,3038
1484,3047
1484,3051
1484,3077
1484,3097
1484,3123
1484,3124
1484,3131
1484,3223
1484,3239
1484,3335
1484,3536
1484,3557
1484,3572
1484,3832
1484,3924
1484,3934
1484,3952
1484,3953
1484,4100
1484,4244
1484,4665
1484,4776
1484,4804
1484,4898
1484,4953
1484,4981
1484,4999
1484,5000
1484,5001
1484,5002
1484,5003
1484,5004
1484,5005
1485,81
1485,110
1485,293
1485,298
1485,302
1485,303
1485,321
1485,329
1485,335
1485,371
1485,545
1485,695
1485,884
1485,2296
1486,43
1486,928
1486,1207
1486,1567
1486,3975
1487,936
1488,108
1488,256
1488,576
1488,677
1488,4589
1489,758
1490,500
1490,591
1490,1754
1490,5006
1491,149
1491,379
1491,552
1491,570
1491,582
1491,591
1491,1052
1491,3296
1492,48
1492,105
1492,552
1493,67
1494,110
1494,116
1494,851
1494,952
1494,1810
1494,5007
1495,110
1495,383
1496,110
1496,242
1496,245
1496,247
1496,336
1497,70
1497,80
1497,81
1497,111
1498,104
1499,471
1499,1194
1500,181
1500,249
1501,91
1501,111
1501,118
1501,181
1501,191
1501,209
1501,226
1501,232
1501,246
1501,248
1501,352
1501,653
1501,728
1501,851
1501,1195
1501,1502
1502,1195
1503,7
1503,71
1503,118
1503,197
1503,272
1503,350
1503,387
1503,472
1503,693
1504,322
1505,10
1505,94
1505,118
1505,278
1505,374
1505,777
1505,851
1505,1184
1506,290
1506,426
1506,3850
1507,2938
1507,5008
1508,886
1509,111
1509,116
1509,293
1509,502
1510,115
1511,13
1511,28
1511,305
1511,359
1511,360
1511,367
1511,374
1511,395
1511,744
1511,745
1511,749
1511,764
1511,806
1511,1055
1511,1545
1511,2215
1512,170
1512,513
1513,0
1513,69
1513,536
1513,951
1513,956
1513,960
1514,507
1515,0
1515,207
1515,443
1515,449
1515,453
1515,636
1515,646
1515,680
1515,949
1515,973
1515,980
1515,1096
1515,1166
1515,1337
1515,1346
1515,1358
1515,1571
1515,1596
1515,1612
1515,1916
1515,2521
1515,2557
1515,2965
1515,3136
1515,3396
1515,3421
1515,3807
1516,69
1516,170
1516,406
1516,452
1516,1006
1516,1131
1516,1168
1516,1223
1517,48
1517,126
1517,138
1517,147
1517,148
1517,168
1517,180
1517,386
1517,432
1517,459
1517,760
1517,1024
1517,1224
1517,1596
1517,2117
1517,3359
1518,449
1518,685
1518,1166
1518,1617
1518,1946
1518,2203
1518,2205
1518,2281
1518,2465
1518,2470
1518,2481
1518,2538
1518,2594
1518,3481
1518,4389
1519,168
1520,115
1521,147
1522,108
1522,136
1522,138
1522,141
1522,269
1522,323
1522,348
1522,370
1522,380
1522,388
1522,434
1522,447
1522,452
1522,462
1522,463
1522,505
1522,507
1522,511
1522,519
1522,570
1522,591
1522,653
1522,669
1522,683
1522,702
1522,718
1522,843
1522,857
1522,867
1522,923
1522,945
1522,990
1522,1194
1522,1223
1522,1245
1522,1266
1522,1350
1522,1412
1522,1425
1522,2033
1522,2502
1522,3481
1523,1812
1524,121
1524,140
1524,168
1524,461
1524,464
1524,867
1524,955
1524,3389
1525,140
1525,157
1525,452
1525,507
1525,523
1525,858
1525,862
1525,1388
1526,256
1526,459
1526,5009
1527,670
1527,760
1527,860
1527,1389
1528,528
1528,1013
1528,2112
1528,2302
1529,48
1529,167
1529,432
1529,439
1529,669
1529,778
1529,1076
1529,1090
1529,1577
1529,1866
1529,4551
1530,60
1530,3173
1531,48
1531,140
1531,452
1531,453
1531,870
1531,1012
1531,1580
1531,1814
1531,1892
1532,168
1532,1013
1532,1533
1532,3292
1533,1532
1534,496
1534,640
1534,971
1534,978
1534,994
1534,1010
1534,1098
1534,1332
1534,1348
1534,1588
1534,1768
1534,1792
1534,3816
1534,4015
1534,4421
1535,113
1535,168
1535,172
1535,270
1535,379
1535,399
1535,439
1535,497
1535,539
1535,776
1535,795
1535,798
1535,800
1535,867
1535,1009
1535,1153
1535,1161
1535,1350
1535,1362
1535,2516
1535,3817
1536,1146
1536,3440
1537,115
1537,1247
1537,1249
1537,1615
1537,1626
1537,1932
1537,1934
1537,2031
1537,2987
1538,115
1538,1300
1538,1462
1538,1644
1538,2003
1538,3025
1538,3973
1538,4045
1538,4046
1538,4617
1539,115
1539,332
1539,732
1539,1107
1539,1296
1539,1298
1539,1302
1539,1317
1539,1424
1539,1676
1539,1708
1539,1896
1539,1899
1539,1958
1539,1966
1539,1968
1539,1990
1539,2109
1539,2172
1539,2211
1539,2270
1539,2293
1539,2309
1539,2456
1539,2482
1539,2553
1539,2594
1539,2621
1539,2622
1539,2701
1539,2726
1539,2924
1539,2980
1539,3037
1539,3077
1539,3214
1539,3255
1539,3544
1539,4056
1539,4411
1539,4514
1539,4864
1539,5010
1540,115
1540,2291
1540,2464
1540,2477
1541,105
1541,115
1541,798
1541,1705
1541,2299
1541,4319
1541,4533
1541,4862
1542,10
1542,104
1542,116
1542,118
1542,235
1542,236
1542,250
1542,252
1542,272
1542,389
1542,472
1542,484
1542,545
1542,574
1542,900
1542,1202
1543,116
1543,803
1543,1178
1543,3497
1544,7
1544,8
1544,20
1544,43
1544,48
1544,74
1544,89
1544,236
1544,321
1544,419
1544,709
1544,838
1544,991
1544,1564
1544,2189
1544,2220
1544,2509
1545,116
1545,194
1545,292
1545,374
1545,740
1546,117
1546,635
1546,824
1547,85
1547,207
1547,249
1547,278
1547,294
1547,378
1547,386
1547,472
1548,107
1548,249
1548,289
1548,318
1548,350
1548,659
1548,756
1548,1107
1549,9
1549,13
1549,16
1549,96
1549,133
1549,207
1549,270
1549,368
1549,380
1549,385
1549,604
1549,831
1549,862
1549,1363
1549,1388
1549,2126
1549,2130
1549,3192
1549,3790
1550,10
1550,283
1550,374
1550,422
1550,564
1550,688
1550,719
1550,4714
1551,368
1551,380
1551,405
1551,431
1551,535
1551,547
1552,380
1552,441
1552,535
1552,547
1552,617
1552,749
1552,954
1553,164
1553,165
1553,275
1553,348
1553,370
1553,435
1553,437
1553,514
1553,516
1553,520
1553,539
1553,625
1553,633
1553,636
1553,645
1553,664
1553,683
1553,778
1553,799
1553,800
1553,954
1553,996
1553,999
1553,1013
1553,1049
1553,1078
1553,1098
1553,1136
1553,1138
1553,1174
1553,1208
1553,1252
1553,1265
1553,1267
1553,1297
1553,1300
1553,1310
1553,1314
1553,1345
1553,1375
1553,1399
1553,1409
1553,1425
1553,1434
1553,1443
1553,1446
1553,1466
1553,1471
1553,1475
1553,1481
1553,1588
1553,1628
1553,1642
1553,1695
1553,1696
1553,1698
1553,1838
1553,1870
1553,1933
1553,1960
1553,1963
1553,2009
1553,2027
1553,2263
1553,2421
1553,2546
1553,2566
1553,3003
1553,3126
1553,3427
1553,3559
1553,3564
1553,3961
1553,4075
1553,4167
1553,4221
1553,4597
1553,4604
1553,5009
1553,5011
1553,5012
1554,420
1554,552
1554,749
1554,758
1555,62
1555,399
1555,408
1555,839
1555,929
1555,1040
1555,1617
1556,66
1556,119
1556,126
1556,1045
1556,1069
1557,125
1557,171
1557,351
1557,701
1558,441
1558,537
1558,570
1558,760
1558,892
1559,129
1560,119
1561,456
1561,512
1561,528
1562,121
1562,256
1562,1876
1562,4328
1562,5013
1563,121
1563,379
1563,5014
1564,123
1565,123
1566,123
1566,151
1566,164
1566,257
1566,450
1566,502
1566,506
1566,522
1566,524
1566,635
1566,636
1566,684
1566,689
1566,796
1566,819
1566,857
1566,863
1566,877
1566,913
1566,968
1566,1142
1566,1243
1566,1342
1566,1362
1566,1594
1566,1601
1566,1613
1566,1629
1566,1782
1566,2002
1566,2014
1566,2123
1566,2421
1566,2520
1566,3063
1566,3883
1566,3971
1566,4148
1567,0
1567,67
1567,121
1567,497
1567,552
1567,701
1567,933
1567,1052
1567,1486
1567,1851
1568,124
1568,1207
1569,685
1569,801
1569,977
1569,1073
1569,3780
1570,19
1570,125
1570,192
1570,549
1570,564
1570,632
1570,713
1570,715
1570,771
1570,783
1570,832
1570,3283
1571,27
1571,47
1571,125
1571,163
1571,167
1571,351
1571,512
1571,556
1571,766
1571,781
1571,861
1571,915
1571,932
1571,1005
1571,1019
1571,1099
1571,1104
1571,1248
1571,1259
1571,1261
1571,1286
1571,1291
1571,1312
1571,1319
1571,1325
1571,1346
1571,1354
1571,1373
1571,1415
1571,1417
1571,1445
1571,1458
1571,1463
1571,1480
1571,1566
1571,1617
1571,1654
1571,1660
1571,1664
1571,1669
1571,1677
1571,1683
1571,1711
1571,1759
1571,1873
1571,1879
1571,1925
1571,1968
1571,1978
1571,1994
1571,2024
1571,2027
1571,2248
1571,2263
1571,2268
1571,2294
1571,2452
1571,2456
1571,2458
1571,2584
1571,2964
1571,2977
1571,2981
1571,2988
1571,2993
1571,3022
1571,3070
1571,3096
1571,3420
1571,3519
1571,3552
1571,3855
1571,3931
1571,4122
1571,4168
1571,4379
1571,4667
1571,4730
1571,4742
1571,4763
1571,4983
1571,5015
1571,5016
1572,52
1572,2868
1573,437
1573,775
1573,2325
1573,2665
1573,3317
1573,3327
1574,66
1574,67
1574,69
1574,125
1574,419
1574,432
1574,566
1574,588
1574,593
1574,601
1574,604
1574,629
1574,857
1574,924
1574,938
1574,1123
1574,1218
1574,2326
1574,2353
1574,2354
1574,2364
1574,2367
1574,2765
1574,2896
1574,3004
1574,3064
1574,3684
1574,3712
1574,3734
1574,3826
1574,4116
1574,4416
1574,4436
1574,5017
1574,5018
1575,126
1575,2053
1576,126
1577,637
1577,2916
1578,0
1578,66
1578,67
1578,121
1578,131
1578,234
1578,369
1578,404
1578,500
1578,523
1578,535
1578,594
1578,601
1578,845
1578,860
1578,951
1578,1014
1578,1052
1578,1069
1578,1088
1578,1163
1578,1491
1578,2098
1579,1224
1580,141
1580,172
1580,338
1580,365
1580,385
1580,428
1580,437
1580,438
1580,448
1580,449
1580,453
1580,461
1580,506
1580,515
1580,519
1580,565
1580,592
1580,604
1580,637
1580,661
1580,716
1580,718
1580,730
1580,775
1580,780
1580,781
1580,796
1580,831
1580,833
1580,844
1580,845
1580,863
1580,877
1580,894
1580,951
1580,964
1580,971
1580,1011
1580,1023
1580,1029
1580,1132
1580,1138
1580,1140
1580,1153
1580,1157
1580,1158
1580,1331
1580,1350
1580,1412
1580,1514
1580,1531
1580,1757
1580,1809
1580,1834
1580,1835
1580,2074
1580,2113
1580,2296
1580,2302
1580,2535
1580,2840
1580,2945
1580,3365
1581,269
1581,442
1581,504
1581,588
1581,634
1581,672
1581,989
1581,1106
1581,1166
1582,289
1582,451
1582,611
1582,635
1582,1158
1582,1166
1582,1243
1582,1328
1582,1744
1582,1799
1582,2146
1582,4710
1583,141
1583,439
1583,860
1583,957
1583,1161
1583,4582
1584,2916
1585,61
1585,1103
1586,406
1586,588
1586,605
1586,960
1586,1157
1586,1224
1586,1835
1587,121
1587,173
1587,439
1587,2916
1588,126
1588,135
1588,146
1588,151
1588,154
1588,291
1588,326
1588,348
1588,385
1588,433
1588,513
1588,638
1588,743
1588,778
1588,898
1588,964
1588,976
1588,1098
1588,1108
1588,1155
1588,1205
1588,1273
1588,1341
1588,1346
1588,1349
1588,1401
1588,1412
1588,1453
1588,1534
1588,1606
1588,1613
1588,1632
1588,1757
1588,1816
1588,1901
1588,1918
1588,2191
1588,2296
1588,2451
1588,2519
1588,2535
1588,3136
1588,3166
1588,3427
1588,3818
1588,4015
1588,4254
1588,4274
1588,4559
1588,5019
1589,105
1589,143
1589,164
1589,165
1589,275
1589,292
1589,326
1589,352
1589,381
1589,433
1589,438
1589,511
1589,515
1589,532
1589,546
1589,566
1589,689
1589,732
1589,745
1589,755
1589,781
1589,831
1589,836
1589,839
1589,954
1589,980
1589,1026
1589,1043
1589,1078
1589,1098
1589,1144
1589,1202
1589,1205
1589,1208
1589,1217
1589,1252
1589,1254
1589,1259
1589,1283
1589,1290
1589,1291
1589,1298
1589,1301
1589,1302
1589,1304
1589,1330
1589,1341
1589,1353
1589,1397
1589,1409
1589,1420
1589,1424
1589,1425
1589,1430
1589,1432
1589,1433
1589,1440
1589,1443
1589,1452
1589,1453
1589,1471
1589,1478
1589,1481
1589,1482
1589,1484
1589,1566
1589,1580
1589,1635
1589,1664
1589,1665
1589,1669
1589,1698
1589,1775
1589,1776
1589,1778
1589,1779
1589,1781
1589,1827
1589,1840
1589,1870
1589,1925
1589,1931
1589,1937
1589,1940
1589,1948
1589,1951
1589,1954
1589,1957
1589,1963
1589,1973
1589,1992
1589,2004
1589,2017
1589,2027
1589,2031
1589,2037
1589,2041
1589,2109
1589,2116
1589,2154
1589,2168
1589,2170
1589,2171
1589,2176
1589,2241
1589,2244
1589,2248
1589,2250
1589,2265
1589,2269
1589,2271
1589,2286
1589,2394
1589,2425
1589,2464
1589,2465
1589,2477
1589,2481
1589,2482
1589,2484
1589,2487
1589,2537
1589,2560
1589,2580
1589,2585
1589,2590
1589,2594
1589,2671
1589,2907
1589,2909
1589,2911
1589,2925
1589,2950
1589,2964
1589,2996
1589,3013
1589,3030
1589,3077
1589,3082
1589,3096
1589,3121
1589,3134
1589,3144
1589,3242
1589,3244
1589,3321
1589,3329
1589,3347
1589,3463
1589,3496
1589,3564
1589,3822
1589,3824
1589,4033
1589,4123
1589,4175
1589,4368
1589,4401
1589,4668
1589,4713
1589,4742
1589,4779
1589,4845
1589,4863
1589,4983
1589,5020
1589,5021
1589,5022
1589,5023
1590,835
1590,913
1590,3304
1590,5024
1591,136
1591,170
1591,3895
1592,426
1592,459
1592,1024
1593,795
1593,1280
1593,1390
1593,1786
1593,2307
1594,867
1594,1410
1594,1566
1595,67
1595,133
1595,140
1595,157
1595,167
1595,174
1595,434
1595,437
1595,447
1595,449
1595,450
1595,452
1595,530
1595,604
1595,628
1595,808
1595,857
1595,860
1595,867
1595,956
1595,957
1595,1009
1595,1801
1595,5025
1596,81
1596,121
1596,129
1596,141
1596,143
1596,231
1596,234
1596,270
1596,274
1596,369
1596,423
1596,429
1596,452
1596,464
1596,509
1596,518
1596,713
1596,726
1596,779
1596,800
1596,836
1596,857
1596,878
1596,932
1596,953
1596,954
1596,1003
1596,1019
1596,1023
1596,1028
1596,1029
1596,1030
1596,1119
1596,1122
1596,1137
1596,1138
1596,1144
1596,1155
1596,1257
1596,1262
1596,1267
1596,1389
1596,1404
1596,1427
1596,1431
1596,1433
1596,1436
1596,1458
1596,1462
1596,1463
1596,1577
1596,1630
1596,1693
1596,1836
1596,1852
1596,1863
1596,1870
1596,1879
1596,1909
1596,1948
1596,2004
1596,2013
1596,2034
1596,2041
1596,2051
1596,2070
1596,2153
1596,2320
1596,2333
1596,2907
1596,3014
1596,3116
1596,3328
1596,3351
1596,3488
1596,3887
1596,3905
1596,4024
1597,511
1597,523
1597,775
1597,800
1597,1881
1597,2121
1597,4063
1598,522
1598,530
1598,860
1598,867
1598,871
1598,1048
1598,1747
1598,1892
1599,455
1599,641
1599,683
1599,713
1599,836
1599,1103
1599,1207
1599,1344
1599,1366
1599,1425
1599,1427
1599,1434
1599,1447
1599,1718
1599,1813
1599,1844
1599,1936
1599,2004
1599,2027
1599,2031
1599,2041
1599,2051
1599,2240
1599,2880
1599,3801
1599,4047
1600,991
1600,1603
1601,167
1601,332
1601,456
1601,546
1601,683
1601,702
1601,708
1601,713
1601,781
1601,981
1601,1096
1601,1148
1601,1157
1601,1158
1601,1331
1601,1349
1601,1361
1601,1392
1601,1566
1601,2114
1601,2118
1601,2150
1601,2406
1601,2519
1601,2849
1601,3330
1601,3537
1602,774
1602,775
1602,797
1602,884
1602,1007
1602,1078
1602,1145
1602,1273
1602,1396
1602,1740
1602,1767
1602,2164
1602,2166
1602,2849
1602,3179
1602,3581
1602,3843
1602,4213
1602,4238
1602,4958
1603,991
1603,1600
1603,3399
1604,969
1604,1152
1604,1173
1604,1328
1604,1760
1604,3814
1604,4059
1604,4614
1605,343
1605,1198
1605,1740
1605,1786
1605,1803
1605,2335
1606,684
1606,994
1606,995
1606,1010
1606,1096
1606,1325
1606,1340
1606,2405
1607,774
1607,1213
1607,1384
1607,1779
1607,1901
1607,4087
1608,685
1608,946
1608,966
1608,993
1608,1202
1608,1252
1608,1336
1608,1910
1608,3163
1608,3275
1608,3802
1608,4254
1609,137
1609,153
1609,785
1609,989
1609,1052
1609,1096
1609,1174
1609,1262
1609,1447
1609,1478
1609,1723
1609,1946
1609,1955
1609,2782
1609,3331
1609,3881
1609,3905
1609,4043
1609,4236
1609,4864
1609,5026
1609,5027
1610,1662
1610,1759
1610,2109
1610,2613
1610,2665
1610,3258
1610,4864
1610,5028
1611,789
1611,1401
1611,2126
1611,3178
1612,42
1612,270
1612,326
1612,381
1612,496
1612,520
1612,765
1612,781
1612,791
1612,867
1612,954
1612,980
1612,1010
1612,1144
1612,1226
1612,1331
1612,1332
1612,1342
1612,1350
1612,1389
1612,1420
1612,1515
1612,1622
1612,1632
1612,1894
1612,2004
1612,2036
1612,2077
1612,2134
1612,2147
1612,2150
1612,2421
1612,2425
1612,2426
1612,2503
1612,2525
1612,2853
1612,2960
1612,3146
1612,3176
1612,3301
1612,3412
1612,3463
1612,3801
1612,4680
1612,4691
1612,5029
1612,5030
1613,103
1613,370
1613,515
1613,628
1613,640
1613,979
1613,1174
1613,1244
1613,1273
1613,1328
1613,1358
1613,1366
1613,1566
1613,1588
1613,1632
1613,1934
1613,2131
1613,2879
1613,3134
1613,3141
1613,3800
1613,5031
1614,115
1614,157
1614,276
1614,323
1614,332
1614,352
1614,428
1614,463
1614,498
1614,660
1614,721
1614,732
1614,755
1614,780
1614,785
1614,884
1614,898
1614,954
1614,965
1614,966
1614,980
1614,990
1614,1007
1614,1079
1614,1155
1614,1198
1614,1217
1614,1223
1614,1224
1614,1263
1614,1266
1614,1271
1614,1276
1614,1294
1614,1302
1614,1304
1614,1315
1614,1317
1614,1318
1614,1320
1614,1355
1614,1361
1614,1375
1614,1406
1614,1409
1614,1422
1614,1424
1614,1432
1614,1441
1614,1443
1614,1445
1614,1465
1614,1466
1614,1475
1614,1481
1614,1482
1614,1484
1614,1515
1614,1518
1614,1525
1614,1539
1614,1637
1614,1638
1614,1654
1614,1656
1614,1662
1614,1664
1614,1696
1614,1707
1614,1713
1614,1723
1614,1759
1614,1782
1614,1923
1614,1937
1614,1938
1614,1939
1614,1963
1614,1968
1614,1976
1614,1977
1614,1987
1614,1990
1614,1991
1614,2004
1614,2009
1614,2037
1614,2045
1614,2049
1614,2109
1614,2131
1614,2153
1614,2171
1614,2175
1614,2208
1614,2240
1614,2244
1614,2258
1614,2263
1614,2270
1614,2271
1614,2277
1614,2278
1614,2279
1614,2285
1614,2286
1614,2290
1614,2291
1614,2294
1614,2323
1614,2466
1614,2467
1614,2469
1614,2471
1614,2476
1614,2484
1614,2485
1614,2488
1614,2489
1614,2537
1614,2560
1614,2583
1614,2585
1614,2586
1614,2588
1614,2590
1614,2592
1614,2601
1614,2613
1614,2633
1614,2849
1614,2912
1614,2975
1614,2977
1614,2996
1614,3003
1614,3007
1614,3012
1614,3037
1614,3043
1614,3057
1614,3077
1614,3086
1614,3179
1614,3252
1614,3313
1614,3342
1614,3550
1614,3912
1614,3962
1614,4060
1614,4067
1614,4176
1614,4210
1614,4238
1614,4303
1614,4356
1614,4393
1614,4560
1614,4694
1614,4772
1614,4776
1614,4797
1614,4806
1614,4815
1614,5032
1614,5033
1614,5034
1614,5035
1614,5036
1614,5037
1615,774
1615,836
1615,996
1615,1098
1615,1202
1615,1205
1615,1261
1615,1275
1615,1331
1615,1342
1615,1424
1615,1425
1615,1437
1615,1450
1615,1537
1615,1770
1615,1776
1615,1854
1615,1935
1615,1963
1615,2015
1615,2051
1615,2130
1615,2395
1615,2427
1615,3328
1615,3346
1615,3413
1615,3851
1615,4561
1616,1617
1616,1622
1616,2131
1616,2135
1617,151
1617,532
1617,542
1617,647
1617,648
1617,650
1617,726
1617,785
1617,839
1617,932
1617,971
1617,993
1617,995
1617,1166
1617,1249
1617,1251
1617,1267
1617,1342
1617,1518
1617,1571
1617,1616
1617,1622
1617,1763
1617,1779
1617,1901
1617,1922
1617,1932
1617,1933
1617,1934
1617,1936
1617,2006
1617,2011
1617,3463
1617,3760
1617,3848
1617,3850
1617,3885
1617,3999
1617,4282
1617,4415
1617,4826
1617,5038
1617,5039
1618,650
1618,1026
1618,1255
1618,1985
1618,2012
1618,2024
1618,4006
1619,645
1619,789
1619,923
1619,1796
1619,1956
1619,2031
1619,2036
1619,2415
1619,4137
1620,503
1620,785
1620,1213
1620,1257
1620,1258
1620,1401
1620,1631
1620,1632
1620,1933
1620,1985
1620,2013
1620,2049
1620,2920
1620,4673
1620,5040
1621,2009
1622,1026
1622,1150
1622,1415
1622,1418
1622,1612
1622,1616
1622,1617
1622,1932
1622,2008
1622,2011
1622,2013
1622,2131
1622,2432
1622,2524
1622,3870
1622,4068
1623,283
1623,289
1623,321
1623,774
1623,996
1623,1202
1623,1259
1623,1418
1623,1434
1623,1854
1623,1901
1623,2009
1623,2537
1624,923
1624,1002
1624,1325
1624,1632
1624,2022
1624,2036
1624,2395
1624,2960
1624,3277
1624,4009
1624,4396
1624,5041
1625,3081
1625,3112
1625,3211
1625,5042
1626,555
1626,776
1626,863
1626,1242
1626,1288
1626,1537
1626,1632
1626,1757
1626,1838
1626,1950
1626,1957
1626,2109
1626,2241
1626,2465
1626,2577
1626,2588
1626,2596
1626,2794
1626,3036
1626,3244
1626,3249
1626,3410
1626,3616
1626,4137
1627,836
1627,1258
1627,1298
1627,1431
1627,1436
1627,1447
1627,1632
1627,1925
1627,2192
1627,2245
1627,2516
1627,2538
1628,954
1628,967
1628,996
1628,1026
1628,1098
1628,1247
1628,1263
1628,1341
1628,1432
1628,1434
1628,1471
1628,1553
1628,1614
1628,1976
1628,2242
1628,2244
1628,2422
1628,2540
1628,2571
1628,2694
1628,2926
1628,2963
1628,3313
1628,3627
1628,5043
1629,836
1629,1078
1629,1403
1629,1433
1629,1566
1629,1778
1629,1850
1629,1902
1629,2048
1629,2049
1629,2158
1629,2174
1629,3243
1629,3330
1629,3923
1629,4154
1629,4889
1629,5021
1630,163
1630,532
1630,778
1630,999
1630,1144
1630,1251
1630,1257
1630,1266
1630,1417
1630,1420
1630,1433
1630,1435
1630,1440
1630,1442
1630,1596
1630,1632
1630,1634
1630,1757
1630,1854
1630,1936
1630,1948
1630,1976
1630,2023
1630,2049
1630,2208
1630,2412
1630,2917
1630,3083
1630,3277
1630,3313
1630,4662
1630,5044
1631,399
1631,438
1631,792
1631,1012
1631,1156
1631,1265
1631,1367
1631,1432
1631,1445
1631,1447
1631,1620
1631,1811
1631,1902
1631,1945
1631,1948
1631,2051
1631,2136
1631,2140
1631,2244
1631,2422
1631,2445
1631,2922
1631,3168
1631,3328
1631,3367
1631,3803
1631,3804
1631,4599
1631,4615
1631,4673
1631,4753
1632,381
1632,438
1632,636
1632,650
1632,688
1632,774
1632,778
1632,836
1632,839
1632,894
1632,906
1632,966
1632,1098
1632,1161
1632,1174
1632,1251
1632,1257
1632,1258
1632,1259
1632,1261
1632,1263
1632,1267
1632,1288
1632,1401
1632,1418
1632,1420
1632,1433
1632,1435
1632,1440
1632,1447
1632,1448
1632,1450
1632,1458
1632,1588
1632,1612
1632,1613
1632,1620
1632,1624
1632,1627
1632,1630
1632,1631
1632,1637
1632,1770
1632,1778
1632,1885
1632,1895
1632,1902
1632,1922
1632,1927
1632,1936
1632,1939
1632,1963
1632,1985
1632,2004
1632,2009
1632,2018
1632,2022
1632,2032
1632,2037
1632,2040
1632,2043
1632,2047
1632,2049
1632,2051
1632,2136
1632,2190
1632,2242
1632,2295
1632,2296
1632,2519
1632,2922
1632,2926
1632,3024
1632,3226
1632,3230
1632,3240
1632,3275
1632,3277
1632,3328
1632,3330
1632,3410
1632,3495
1632,3508
1632,3536
1632,3629
1632,4087
1632,4151
1632,4171
1632,4218
1632,4285
1632,4340
1632,4673
1632,4692
1632,5027
1632,5040
1632,5045
1633,1267
1633,1431
1633,1436
1633,1440
1633,1447
1633,1627
1633,1935
1633,1946
1633,1948
1633,2047
1633,2049
1633,2243
1633,2244
1633,2542
1633,3314
1633,3330
1633,4024
1633,4673
1633,4753
1634,1174
1634,1176
1634,1251
1634,1273
1634,1630
1634,1646
1634,1704
1634,1946
1634,2153
1634,2451
1634,2964
1634,3276
1635,1252
1635,1445
1635,4629
1636,1155
1636,1704
1636,1955
1636,2153
1636,2635
1637,592
1637,839
1637,882
1637,894
1637,1107
1637,1176
1637,1200
1637,1240
1637,1244
1637,1248
1637,1286
1637,1293
1637,1298
1637,1300
1637,1302
1637,1314
1637,1380
1637,1409
1637,1439
1637,1459
1637,1461
1637,1474
1637,1478
1637,1481
1637,1484
1637,1614
1637,1632
1637,1652
1637,1656
1637,1666
1637,1669
1637,1689
1637,1695
1637,1707
1637,1708
1637,1767
1637,1923
1637,1940
1637,1949
1637,1953
1637,2109
1637,2171
1637,2248
1637,2250
1637,2259
1637,2320
1637,2324
1637,2419
1637,2450
1637,2456
1637,2483
1637,2485
1637,2488
1637,2543
1637,2554
1637,2571
1637,2576
1637,2588
1637,2613
1637,2630
1637,2642
1637,2643
1637,2645
1637,2654
1637,2658
1637,2659
1637,2664
1637,2666
1637,2668
1637,2676
1637,2690
1637,2693
1637,2725
1637,2726
1637,2731
1637,2794
1637,2894
1637,3031
1637,3036
1637,3043
1637,3077
1637,3080
1637,3086
1637,3087
1637,3089
1637,3123
1637,3228
1637,3239
1637,3320
1637,3582
1637,3586
1637,3587
1637,3602
1637,3625
1637,3627
1637,3914
1637,3916
1637,3927
1637,3955
1637,3968
1637,4151
1637,4207
1637,4210
1637,4637
1637,4767
1637,4776
1637,4868
1637,5036
1637,5037
1637,5046
1637,5047
1637,5048
1638,860
1638,1305
1638,1462
1638,1464
1638,1656
1638,1690
1638,1696
1638,1723
1638,1845
1638,1937
1638,1950
1638,2162
1638,2176
1638,2258
1638,2274
1638,2285
1638,2289
1638,2291
1638,2457
1638,2574
1638,2596
1638,3121
1638,3334
1638,3564
1638,3776
1638,3931
1638,4165
1638,4181
1638,4366
1638,4600
1638,4978
1639,1952
1640,648
1640,836
1640,934
1640,1144
1640,1251
1640,1310
1640,1463
1640,1466
1640,1468
1640,1478
1640,1481
1640,1641
1640,1642
1640,1645
1640,1665
1640,1687
1640,1704
1640,1827
1640,1950
1640,1955
1640,1959
1640,1961
1640,2009
1640,2036
1640,2153
1640,3346
1640,3396
1640,3537
1640,4046
1640,4050
1640,4051
1640,4295
1640,4400
1640,4567
1640,4601
1640,4602
1640,4635
1640,4687
1640,4941
1640,4981
1640,5049
1640,5050
1640,5051
1641,438
1641,1251
1641,1466
1641,1640
1641,1952
1641,3346
1641,3958
1641,3961
1641,4121
1641,4153
1641,4855
1641,5052
1642,1251
1642,1300
1642,1553
1642,2422
1642,3924
1642,5053
1642,5054
1643,1704
1643,3021
1643,3396
1643,5055
1644,438
1644,1155
1644,1260
1644,1283
1644,1300
1644,1302
1644,1425
1644,1433
1644,1443
1644,1448
1644,1453
1644,1462
1644,1478
1644,1481
1644,1538
1644,1635
1644,1654
1644,1676
1644,1767
1644,1946
1644,1948
1644,1977
1644,2041
1644,2165
1644,2187
1644,2422
1644,2582
1644,2874
1644,2915
1644,3134
1644,3242
1644,3537
1644,3791
1644,3923
1644,4056
1644,4425
1644,4567
1645,143
1645,348
1645,1251
1645,1262
1645,1267
1645,1420
1645,1442
1645,1446
1645,1460
1645,1482
1645,1640
1645,1827
1645,2001
1645,2243
1645,2922
1645,2952
1645,3019
1645,3212
1645,3236
1645,3328
1645,3331
1645,3367
1645,3920
1645,3937
1645,4633
1646,71
1646,438
1646,685
1646,778
1646,1052
1646,1174
1646,1273
1646,1302
1646,1433
1646,1634
1646,1636
1646,1664
1646,1694
1646,1723
1646,1844
1646,1952
1646,1955
1646,2037
1646,2153
1646,2203
1646,2208
1646,2211
1646,2425
1646,2916
1646,3316
1646,3454
1646,3971
1646,4636
1646,4982
1646,5056
1647,1310
1647,1464
1647,1477
1647,1846
1647,1914
1647,1958
1647,1959
1647,2254
1647,2923
1647,2975
1647,3396
1647,3861
1647,4236
1647,4688
1647,4694
1647,4739
1647,5057
1647,5058
1648,1445
1648,3335
1649,1982
1649,3242
1649,5059
1650,1466
1650,1481
1650,1665
1650,4048
1651,1704
1651,2469
1652,352
1652,1460
1652,1637
1652,1658
1652,1923
1652,1928
1652,2923
1652,2961
1652,3961
1652,4038
1652,4659
1653,1169
1653,2427
1653,3244
1653,4052
1653,5058
1654,537
1654,775
1654,802
1654,1079
1654,1145
1654,1286
1654,1295
1654,1296
1654,1452
1654,1464
1654,1480
1654,1481
1654,1571
1654,1957
1654,1964
1654,1979
1654,2155
1654,2274
1654,2275
1654,2284
1654,2287
1654,2290
1654,2385
1654,2466
1654,2907
1654,2975
1654,3007
1654,3009
1654,3026
1654,3124
1654,3871
1654,3930
1654,3952
1654,4052
1654,4296
1654,4618
1654,4627
1654,4757
1654,4815
1654,4895
1654,5060
1654,5061
1654,5062
1655,1292
1655,1701
1655,1738
1655,1970
1655,2973
1656,1107
1656,1244
1656,1300
1656,1304
1656,1307
1656,1314
1656,1319
1656,1638
1656,1664
1656,1757
1656,1899
1656,1939
1656,1954
1656,1966
1656,1976
1656,2162
1656,2164
1656,2167
1656,2176
1656,2250
1656,2258
1656,2262
1656,2269
1656,2270
1656,2310
1656,2456
1656,2484
1656,2487
1656,2560
1656,2565
1656,2570
1656,2576
1656,2577
1656,2659
1656,2989
1656,2993
1656,3123
1656,3551
1656,3856
1656,4169
1656,4227
1656,4668
1656,4807
1656,5060
1656,5063
1657,1296
1657,1304
1657,3518
1657,4728
1658,1652
1658,2172
1658,3077
1658,3396
1659,1682
1659,4604
1660,776
1660,932
1660,1298
1660,1452
1660,1571
1660,1666
1660,1708
1660,1717
1660,1940
1660,1943
1660,1946
1660,1954
1660,1968
1660,2488
1660,2552
1660,2867
1660,3243
1660,3937
1660,4166
1660,4299
1660,4604
1660,5064
1660,5065
1661,635
1661,1107
1661,1198
1661,1291
1661,1318
1661,1320
1661,1426
1661,2291
1661,2464
1661,2482
1661,2596
1661,2782
1661,3012
1661,3038
1661,3254
1661,4054
1661,4780
1661,4853
1662,918
1662,1078
1662,1176
1662,1302
1662,1471
1662,1474
1662,1610
1662,1707
1662,1759
1662,1845
1662,1953
1662,2109
1662,2172
1662,2248
1662,2252
1662,2270
1662,2294
1662,2310
1662,2473
1662,2474
1662,2555
1662,2571
1662,2600
1662,2602
1662,2613
1662,2618
1662,2630
1662,2673
1662,2987
1662,3010
1662,3019
1662,3020
1662,3037
1662,3084
1662,3094
1662,3258
1662,3550
1662,3570
1662,3571
1662,3856
1662,3934
1662,4213
1662,4636
1662,5011
1663,112
1663,1286
1663,1291
1663,1298
1663,1303
1663,1312
1663,1449
1663,1664
1663,1698
1663,1845
1663,2268
1663,3057
1663,4091
1664,6
1664,329
1664,348
1664,774
1664,882
1664,1007
1664,1174
1664,1252
1664,1258
1664,1259
1664,1283
1664,1302
1664,1314
1664,1315
1664,1367
1664,1417
1664,1421
1664,1445
1664,1446
1664,1458
1664,1459
1664,1461
1664,1481
1664,1613
1664,1614
1664,1662
1664,1663
1664,1673
1664,1705
1664,1711
1664,1757
1664,1900
1664,1933
1664,1937
1664,2009
1664,2019
1664,2156
1664,2258
1664,2328
1664,2445
1664,2561
1664,2571
1664,2915
1664,2917
1664,2923
1664,3081
1664,3226
1664,3242
1664,3501
1664,3614
1664,3937
1664,4009
1664,4054
1664,4175
1664,4236
1664,4487
1664,4495
1664,4635
1664,4665
1664,4799
1664,5066
1664,5067
1664,5068
1665,143
1665,532
1665,906
1665,1079
1665,1144
1665,1251
1665,1259
1665,1296
1665,1304
1665,1308
1665,1310
1665,1370
1665,1404
1665,1440
1665,1442
1665,1443
1665,1446
1665,1447
1665,1451
1665,1460
1665,1463
1665,1464
1665,1467
1665,1469
1665,1470
1665,1471
1665,1478
1665,1479
1665,1481
1665,1538
1665,1596
1665,1635
1665,1640
1665,1644
1665,1650
1665,1654
1665,1655
1665,1687
1665,1692
1665,1697
1665,1704
1665,1843
1665,1914
1665,1928
1665,1940
1665,1948
1665,1952
1665,1954
1665,1956
1665,1957
1665,1964
1665,1977
1665,2044
1665,2246
1665,2249
1665,2253
1665,2507
1665,2923
1665,2964
1665,2971
1665,2975
1665,3029
1665,3126
1665,3226
1665,3236
1665,3244
1665,3331
1665,3344
1665,3345
1665,3347
1665,3396
1665,3518
1665,3543
1665,3544
1665,3804
1665,3905
1665,3940
1665,4027
1665,4054
1665,4176
1665,4243
1665,4293
1665,4567
1665,4601
1665,4687
1665,4728
1665,4732
1665,4744
1665,4745
1665,4763
1665,5060
1665,5069
1665,5070
1665,5071
1666,165
1666,254
1666,781
1666,843
1666,1078
1666,1252
1666,1259
1666,1283
1666,1284
1666,1285
1666,1286
1666,1287
1666,1296
1666,1304
1666,1308
1666,1310
1666,1316
1666,1317
1666,1319
1666,1409
1666,1449
1666,1461
1666,1477
1666,1481
1666,1637
1666,1644
1666,1660
1666,1664
1666,1672
1666,1677
1666,1682
1666,1692
1666,1697
1666,1704
1666,1715
1666,1946
1666,1948
1666,1959
1666,1960
1666,1963
1666,1964
1666,2044
1666,2159
1666,2162
1666,2170
1666,2175
1666,2248
1666,2249
1666,2250
1666,2258
1666,2272
1666,2294
1666,2445
1666,2452
1666,2453
1666,2488
1666,2550
1666,2556
1666,2557
1666,2561
1666,2656
1666,2782
1666,2916
1666,2966
1666,3088
1666,3123
1666,3545
1666,3557
1666,3776
1666,3919
1666,4121
1666,4687
1666,4714
1666,4747
1666,4757
1666,4761
1666,4798
1666,5072
1666,5073
1666,5074
1666,5075
1667,2321
1667,5010
1667,5076
1667,5077
1668,438
1668,791
1668,1316
1668,1380
1668,2415
1668,3168
1668,3203
1668,3328
1668,4053
1668,4346
1669,40
1669,192
1669,352
1669,409
1669,550
1669,790
1669,833
1669,906
1669,949
1669,1158
1669,1244
1669,1273
1669,1300
1669,1310
1669,1313
1669,1328
1669,1461
1669,1471
1669,1481
1669,1571
1669,1589
1669,1700
1669,1708
1669,1754
1669,1757
1669,1973
1669,2220
1669,2450
1669,2873
1669,2915
1669,2977
1669,3121
1669,3226
1669,3316
1669,3454
1669,3581
1669,4607
1669,5078
1669,5079
1670,683
1670,1312
1670,1409
1670,1426
1670,1954
1670,1978
1670,1982
1670,2161
1670,2176
1670,2279
1670,2461
1670,2482
1670,2488
1670,2557
1670,2888
1670,2984
1670,3017
1670,3118
1670,3244
1670,3551
1670,4165
1670,4931
1670,5065
1670,5080
1670,5081
1671,3545
1671,4601
1672,1306
1672,1312
1672,1675
1672,1682
1672,1685
1672,1698
1672,2253
1672,2676
1672,4890
1673,996
1673,1664
1673,1901
1674,127
1674,254
1674,352
1674,1179
1674,1205
1674,1307
1674,1409
1674,1705
1674,1944
1674,1957
1674,1963
1674,1970
1674,1978
1674,1979
1674,2155
1674,2160
1674,2161
1674,2163
1674,2313
1674,2466
1674,2470
1674,2478
1674,2483
1674,2557
1674,2614
1674,2631
1674,2655
1674,2722
1674,2757
1674,3027
1674,3344
1674,3367
1674,3950
1674,4402
1674,4606
1674,5002
1674,5082
1674,5083
1675,1698
1675,3029
1676,126
1676,137
1676,231
1676,246
1676,254
1676,257
1676,267
1676,269
1676,305
1676,326
1676,332
1676,348
1676,386
1676,388
1676,399
1676,408
1676,433
1676,437
1676,442
1676,485
1676,516
1676,532
1676,563
1676,566
1676,570
1676,621
1676,642
1676,660
1676,681
1676,689
1676,713
1676,717
1676,730
1676,732
1676,745
1676,755
1676,780
1676,785
1676,843
1676,845
1676,866
1676,872
1676,945
1676,965
1676,966
1676,967
1676,977
1676,989
1676,1019
1676,1028
1676,1029
1676,1033
1676,1079
1676,1107
1676,1146
1676,1154
1676,1155
1676,1232
1676,1258
1676,1261
1676,1263
1676,1267
1676,1289
1676,1294
1676,1298
1676,1310
1676,1315
1676,1318
1676,1322
1676,1325
1676,1332
1676,1342
1676,1353
1676,1354
1676,1355
1676,1357
1676,1359
1676,1361
1676,1389
1676,1398
1676,1403
1676,1409
1676,1420
1676,1424
1676,1432
1676,1434
1676,1439
1676,1443
1676,1446
1676,1456
1676,1461
1676,1462
1676,1471
1676,1475
1676,1478
1676,1481
1676,1484
1676,1539
1676,1586
1676,1596
1676,1608
1676,1633
1676,1644
1676,1651
1676,1664
1676,1691
1676,1707
1676,1730
1676,1754
1676,1757
1676,1759
1676,1778
1676,1787
1676,1840
1676,1852
1676,1896
1676,1921
1676,1927
1676,1934
1676,1937
1676,1940
1676,1949
1676,1953
1676,1954
1676,1957
1676,1960
1676,1963
1676,1967
1676,1968
1676,1975
1676,1976
1676,1990
1676,2000
1676,2004
1676,2027
1676,2037
1676,2118
1676,2137
1676,2149
1676,2161
1676,2164
1676,2165
1676,2173
1676,2203
1676,2206
1676,2210
1676,2248
1676,2249
1676,2257
1676,2259
1676,2268
1676,2279
1676,2294
1676,2318
1676,2321
1676,2344
1676,2354
1676,2362
1676,2391
1676,2397
1676,2453
1676,2464
1676,2476
1676,2482
1676,2579
1676,2583
1676,2584
1676,2585
1676,2590
1676,2605
1676,2606
1676,2611
1676,2613
1676,2619
1676,2626
1676,2635
1676,2655
1676,2656
1676,2657
1676,2658
1676,2659
1676,2660
1676,2663
1676,2664
1676,2668
1676,2669
1676,2670
1676,2676
1676,2679
1676,2680
1676,2683
1676,2689
1676,2693
1676,2694
1676,2695
1676,2700
1676,2715
1676,2722
1676,2723
1676,2725
1676,2726
1676,2730
1676,2737
1676,2816
1676,2834
1676,2891
1676,2898
1676,2915
1676,2961
1676,2981
1676,2984
1676,3012
1676,3013
1676,3035
1676,3068
1676,3087
1676,3099
1676,3101
1676,3128
1676,3164
1676,3222
1676,3232
1676,3233
1676,3239
1676,3247
1676,3248
1676,3254
1676,3329
1676,3344
1676,3352
1676,3540
1676,3570
1676,3609
1676,3610
1676,3811
1676,3824
1676,3955
1676,3962
1676,4009
1676,4017
1676,4027
1676,4079
1676,4123
1676,4208
1676,4279
1676,4413
1676,4426
1676,4439
1676,4461
1676,4462
1676,4604
1676,4692
1676,4749
1676,4783
1676,4965
1676,4994
1676,5034
1676,5084
1676,5085
1676,5086
1676,5087
1677,1688
1677,2208
1677,2210
1677,2491
1677,2492
1677,2611
1677,2622
1677,2633
1677,2654
1677,2786
1677,3128
1677,3644
1677,3662
1677,3683
1677,3687
1677,3927
1677,4115
1677,4480
1677,4495
1677,4910
1677,5088
1677,5089
1677,5090
1677,5091
1677,5092
1677,5093
1677,5094
1677,5095
1677,5096
1677,5097
1677,5098
1677,5099
1677,5100
1677,5101
1677,5102
1677,5103
1678,732
1678,781
1678,1286
1678,1300
1678,1409
1678,1482
1678,1845
1678,1854
1678,1954
1678,1963
1678,1984
1678,1990
1678,1992
1678,2159
1678,2210
1678,2248
1678,2270
1678,2461
1678,2479
1678,2482
1678,2591
1678,2619
1678,2639
1678,2647
1678,2650
1678,2759
1678,2993
1678,3003
1678,3040
1678,3316
1678,3570
1678,3981
1678,4033
1678,4351
1678,4760
1678,4792
1678,4804
1679,168
1679,448
1679,464
1679,491
1679,772
1679,806
1679,962
1679,1011
1679,1023
1679,1273
1679,1302
1679,1482
1679,1752
1679,1949
1679,2164
1679,2303
1679,2456
1679,2581
1679,3077
1679,4207
1680,1319
1680,2169
1680,2983
1680,4563
1680,5016
1681,4742
1682,509
1682,781
1682,932
1682,1104
1682,1285
1682,1303
1682,1304
1682,1307
1682,1309
1682,1312
1682,1314
1682,1360
1682,1653
1682,1664
1682,1666
1682,1670
1682,1672
1682,1680
1682,1681
1682,1688
1682,1691
1682,1692
1682,1698
1682,1704
1682,1714
1682,1738
1682,1767
1682,1843
1682,1970
1682,1978
1682,2161
1682,2255
1682,2456
1682,2554
1682,2909
1682,2927
1682,2976
1682,2984
1682,2985
1682,2996
1682,3551
1682,3947
1682,3962
1682,4091
1682,4243
1682,4299
1682,4605
1682,4762
1682,5015
1682,5104
1683,1262
1683,1300
1683,1309
1683,1312
1683,1403
1683,1440
1683,1571
1683,1708
1683,1923
1683,1953
1683,1973
1683,3087
1683,3334
1683,3962
1683,4175
1684,1260
1684,1312
1684,1442
1684,1450
1684,1596
1684,1698
1684,1946
1684,2976
1684,3328
1684,3347
1684,3517
1684,4043
1684,4358
1685,1312
1685,1317
1685,1698
1685,2272
1686,143
1686,257
1686,426
1686,923
1686,996
1686,1256
1686,1341
1686,1425
1686,1433
1686,1434
1686,1701
1686,1768
1686,1854
1686,1934
1686,1996
1686,2015
1686,2016
1686,2147
1686,2289
1686,2503
1686,3958
1686,4009
1686,4011
1686,4171
1687,160
1687,1460
1687,1640
1687,1713
1687,1845
1687,1952
1687,2176
1687,2207
1687,2460
1687,2561
1687,2566
1687,2996
1687,3028
1687,3114
1687,3116
1687,3126
1687,3410
1687,3928
1687,5105
1687,5106
1687,5107
1688,932
1688,1312
1688,1426
1688,1677
1688,1682
1688,1698
1688,2159
1688,4763
1688,4820
1688,5108
1689,3
1689,105
1689,121
1689,151
1689,173
1689,332
1689,369
1689,456
1689,510
1689,566
1689,671
1689,732
1689,778
1689,780
1689,781
1689,863
1689,871
1689,898
1689,983
1689,992
1689,1026
1689,1033
1689,1145
1689,1174
1689,1210
1689,1244
1689,1263
1689,1302
1689,1306
1689,1312
1689,1315
1689,1318
1689,1325
1689,1336
1689,1342
1689,1353
1689,1359
1689,1398
1689,1400
1689,1404
1689,1409
1689,1420
1689,1424
1689,1426
1689,1439
1689,1449
1689,1466
1689,1469
1689,1471
1689,1478
1689,1481
1689,1482
1689,1538
1689,1613
1689,1614
1689,1637
1689,1656
1689,1662
1689,1664
1689,1676
1689,1685
1689,1717
1689,1757
1689,1788
1689,1838
1689,1852
1689,1870
1689,1933
1689,1937
1689,1938
1689,1946
1689,1975
1689,1978
1689,1990
1689,2031
1689,2046
1689,2114
1689,2149
1689,2158
1689,2159
1689,2161
1689,2162
1689,2171
1689,2175
1689,2191
1689,2210
1689,2258
1689,2259
1689,2294
1689,2302
1689,2313
1689,2316
1689,2320
1689,2321
1689,2322
1689,2336
1689,2447
1689,2449
1689,2452
1689,2469
1689,2483
1689,2490
1689,2495
1689,2565
1689,2576
1689,2589
1689,2604
1689,2608
1689,2618
1689,2626
1689,2630
1689,2647
1689,2656
1689,2657
1689,2659
1689,2664
1689,2669
1689,2671
1689,2689
1689,2690
1689,2701
1689,2704
1689,2705
1689,2709
1689,2729
1689,2759
1689,2842
1689,2873
1689,2891
1689,2898
1689,2917
1689,2924
1689,2980
1689,3012
1689,3017
1689,3018
1689,3034
1689,3043
1689,3053
1689,3057
1689,3075
1689,3080
1689,3136
1689,3179
1689,3203
1689,3213
1689,3221
1689,3248
1689,3250
1689,3255
1689,3335
1689,3342
1689,3454
1689,3574
1689,3577
1689,3601
1689,3615
1689,3917
1689,3931
1689,3933
1689,3935
1689,3955
1689,3965
1689,3966
1689,3968
1689,3969
1689,4068
1689,4189
1689,4238
1689,4239
1689,4243
1689,4390
1689,4528
1689,4573
1689,4590
1689,4641
1689,4655
1689,4665
1689,4767
1689,4778
1689,4784
1689,4847
1689,4953
1689,4955
1689,5109
1689,5110
1689,5111
1689,5112
1689,5113
1689,5114
1689,5115
1689,5116
1689,5117
1689,5118
1690,192
1690,660
1690,1104
1690,1259
1690,1284
1690,1304
1690,1319
1690,1638
1690,1663
1690,1700
1690,1939
1690,1968
1690,2161
1690,2162
1690,2165
1690,2248
1690,2255
1690,2265
1690,2268
1690,2275
1690,2285
1690,2385
1690,2481
1690,2484
1690,2560
1690,2571
1690,2594
1690,2849
1690,2888
1690,2989
1690,2993
1690,2996
1690,3028
1690,3091
1690,3242
1690,3518
1690,3544
1690,3776
1690,3962
1690,4166
1690,4167
1690,4176
1690,4179
1690,4241
1690,4242
1690,4668
1690,4730
1690,4736
1690,4851
1690,5119
1690,5120
1690,5121
1691,509
1691,1254
1691,1284
1691,1296
1691,1304
1691,1682
1691,4181
1691,4688
1691,4728
1691,4815
1691,5042
1692,1288
1692,1300
1692,1302
1692,1303
1692,1304
1692,1310
1692,1316
1692,1317
1692,1471
1692,1682
1692,1704
1692,1957
1692,1987
1692,2249
1692,2268
1692,2294
1692,2385
1692,2996
1692,5122
1693,597
1693,932
1693,1360
1693,1596
1693,1982
1693,1986
1693,1988
1693,2258
1693,2564
1693,3557
1693,4355
1693,4668
1693,4730
1693,4745
1693,4809
1694,2
1694,13
1694,105
1694,151
1694,165
1694,256
1694,336
1694,370
1694,381
1694,411
1694,534
1694,637
1694,746
1694,789
1694,1140
1694,1144
1694,1155
1694,1252
1694,1267
1694,1285
1694,1288
1694,1296
1694,1300
1694,1304
1694,1308
1694,1312
1694,1315
1694,1316
1694,1319
1694,1375
1694,1403
1694,1404
1694,1425
1694,1432
1694,1433
1694,1447
1694,1451
1694,1471
1694,1537
1694,1588
1694,1589
1694,1615
1694,1644
1694,1648
1694,1675
1694,1685
1694,1914
1694,1931
1694,1937
1694,2076
1694,2224
1694,2415
1694,2539
1694,2917
1694,2975
1694,3400
1694,3518
1694,3822
1694,3943
1694,3962
1694,3973
1694,4007
1694,4012
1694,4042
1694,4169
1694,4171
1694,4254
1694,4369
1694,4728
1694,4735
1694,4834
1694,4949
1695,1553
1695,1697
1695,1698
1695,2978
1695,2984
1695,3118
1695,3545
1695,4221
1695,5016
1696,498
1696,1300
1696,1638
1696,1973
1696,2258
1696,2271
1696,2466
1696,2483
1696,2487
1696,2591
1696,3012
1696,3036
1696,3249
1696,4088
1696,5123
1696,5124
1697,660
1697,781
1697,906
1697,1078
1697,1292
1697,1298
1697,1459
1697,1461
1697,1471
1697,1481
1697,1571
1697,1660
1697,1666
1697,1759
1697,1964
1697,1978
1697,1980
1697,1986
1697,2168
1697,2172
1697,2457
1697,2469
1697,2479
1697,2565
1697,2584
1697,2915
1697,2964
1697,2993
1697,2995
1697,3007
1697,3123
1697,3126
1697,3239
1697,3549
1697,3592
1697,4167
1697,4168
1697,4207
1697,4563
1697,5035
1697,5106
1697,5119
1697,5125
1698,932
1698,1312
1698,1313
1698,1360
1698,1462
1698,1553
1698,1663
1698,1672
1698,1675
1698,1681
1698,1682
1698,1684
1698,1685
1698,1688
1698,1695
1698,1700
1698,1709
1698,1845
1698,1986
1698,2159
1698,2176
1698,2927
1698,2983
1698,2986
1698,3000
1698,3240
1698,3518
1698,3545
1698,3551
1698,3622
1698,3856
1698,3857
1698,3941
1698,4049
1698,4166
1698,4206
1698,4221
1698,4341
1698,4742
1698,4761
1698,4811
1698,4820
1698,5066
1698,5085
1698,5104
1698,5126
1698,5127
1699,1700
1699,3126
1700,1449
1700,1690
1700,1698
1700,1699
1700,2248
1700,2415
1700,3126
1700,4997
1701,1319
1701,1462
1701,3776
1701,4091
1701,5128
1701,5129
1702,1843
1702,2268
1702,4091
1703,2274
1703,3019
1704,163
1704,1251
1704,1259
1704,1265
1704,1286
1704,1290
1704,1310
1704,1319
1704,1440
1704,1477
1704,1634
1704,1636
1704,1640
1704,1643
1704,1651
1704,1692
1704,1701
1704,1767
1704,1946
1704,2038
1704,2153
1704,2268
1704,2415
1704,2451
1704,3400
1704,4056
1704,4798
1705,13
1705,95
1705,126
1705,254
1705,332
1705,342
1705,403
1705,592
1705,641
1705,683
1705,732
1705,781
1705,884
1705,892
1705,894
1705,906
1705,1007
1705,1019
1705,1033
1705,1079
1705,1208
1705,1307
1705,1318
1705,1320
1705,1346
1705,1424
1705,1439
1705,1461
1705,1481
1705,1484
1705,1539
1705,1614
1705,1644
1705,1670
1705,1689
1705,1712
1705,1743
1705,1867
1705,1921
1705,1923
1705,1927
1705,1944
1705,1953
1705,1966
1705,1974
1705,1975
1705,1978
1705,1990
1705,2079
1705,2082
1705,2083
1705,2084
1705,2089
1705,2109
1705,2149
1705,2155
1705,2167
1705,2172
1705,2210
1705,2247
1705,2251
1705,2259
1705,2310
1705,2318
1705,2319
1705,2327
1705,2351
1705,2356
1705,2364
1705,2366
1705,2370
1705,2371
1705,2421
1705,2466
1705,2478
1705,2479
1705,2481
1705,2489
1705,2553
1705,2571
1705,2577
1705,2579
1705,2582
1705,2585
1705,2592
1705,2595
1705,2598
1705,2603
1705,2611
1705,2613
1705,2616
1705,2617
1705,2618
1705,2620
1705,2630
1705,2631
1705,2633
1705,2634
1705,2635
1705,2641
1705,2642
1705,2645
1705,2647
1705,2648
1705,2649
1705,2650
1705,2654
1705,2656
1705,2659
1705,2662
1705,2664
1705,2669
1705,2672
1705,2673
1705,2688
1705,2695
1705,2715
1705,2716
1705,2718
1705,2721
1705,2722
1705,2726
1705,2727
1705,2732
1705,2734
1705,2737
1705,2739
1705,2740
1705,2743
1705,2752
1705,2761
1705,2770
1705,2774
1705,2781
1705,2782
1705,2789
1705,2794
1705,2807
1705,2827
1705,2884
1705,2885
1705,2893
1705,2920
1705,2986
1705,3000
1705,3002
1705,3003
1705,3010
1705,3026
1705,3027
1705,3031
1705,3032
1705,3036
1705,3038
1705,3040
1705,3044
1705,3045
1705,3047
1705,3048
1705,3051
1705,3059
1705,3091
1705,3094
1705,3097
1705,3098
1705,3120
1705,3124
1705,3132
1705,3216
1705,3221
1705,3222
1705,3247
1705,3258
1705,3270
1705,3275
1705,3334
1705,3410
1705,3567
1705,3586
1705,3607
1705,3615
1705,3616
1705,3648
1705,3649
1705,3655
1705,3673
1705,3712
1705,3720
1705,3731
1705,3734
1705,3750
1705,3799
1705,3835
1705,3839
1705,3930
1705,3931
1705,3952
1705,3967
1705,4114
1705,4431
1705,4436
1705,4443
1705,4493
1705,4499
1705,4530
1705,4533
1705,4536
1705,4569
1705,4648
1705,4778
1705,4783
1705,4804
1705,4864
1705,4905
1705,4914
1705,4961
1705,4965
1705,4976
1705,5034
1705,5078
1705,5083
1705,5102
1705,5130
1705,5131
1705,5132
1705,5133
1705,5134
1705,5135
1705,5136
1705,5137
1705,5138
1705,5139
1705,5140
1705,5141
1705,5142
1705,5143
1705,5144
1705,5145
1705,5146
1705,5147
1705,5148
1705,5149
1705,5150
1705,5151
1705,5152
1705,5153
1705,5154
1705,5155
1706,1320
1706,2279
1706,2280
1706,2317
1706,2577
1706,2627
1706,2631
1706,2634
1706,2639
1706,2640
1706,2643
1706,2808
1706,3020
1706,3088
1706,3126
1706,3223
1706,3400
1706,4243
1706,4783
1706,4866
1706,4953
1706,5002
1706,5156
1706,5157
1707,806
1707,1273
1707,1298
1707,1302
1707,1303
1707,1318
1707,1353
1707,1380
1707,1426
1707,1449
1707,1471
1707,1482
1707,1626
1707,1637
1707,1662
1707,1692
1707,1706
1707,1711
1707,1925
1707,1972
1707,1993
1707,2164
1707,2166
1707,2168
1707,2171
1707,2244
1707,2258
1707,2270
1707,2278
1707,2294
1707,2453
1707,2459
1707,2467
1707,2486
1707,2562
1707,2571
1707,2580
1707,2588
1707,2633
1707,2948
1707,2978
1707,2982
1707,3016
1707,3077
1707,3900
1707,4207
1707,4702
1707,4778
1707,5158
1708,143
1708,351
1708,532
1708,665
1708,806
1708,898
1708,906
1708,932
1708,1007
1708,1078
1708,1258
1708,1259
1708,1284
1708,1286
1708,1288
1708,1291
1708,1302
1708,1304
1708,1312
1708,1314
1708,1316
1708,1317
1708,1319
1708,1394
1708,1424
1708,1445
1708,1449
1708,1482
1708,1484
1708,1538
1708,1539
1708,1660
1708,1669
1708,1683
1708,1685
1708,1691
1708,1705
1708,1710
1708,1711
1708,1715
1708,1759
1708,1842
1708,1952
1708,1953
1708,1968
1708,1972
1708,1973
1708,1977
1708,1978
1708,1982
1708,2039
1708,2136
1708,2163
1708,2166
1708,2261
1708,2266
1708,2267
1708,2270
1708,2484
1708,2543
1708,2560
1708,2585
1708,2635
1708,2964
1708,2986
1708,2990
1708,3078
1708,3115
1708,3126
1708,3300
1708,3331
1708,3496
1708,3559
1708,3800
1708,3931
1708,3938
1708,4169
1708,4175
1708,4176
1708,4177
1708,4667
1708,4737
1708,4746
1708,4747
1708,4797
1708,4880
1708,5159
1708,5160
1708,5161
1709,2268
1710,1708
1710,2154
1710,2536
1710,3000
1710,3556
1710,3776
1710,3948
1710,4844
1710,5035
1711,660
1711,1314
1711,1461
1711,1571
1711,1707
1711,1708
1711,2649
1711,2696
1711,5162
1712,721
1712,1315
1712,1426
1712,1479
1712,1482
1712,1705
1712,1838
1712,1939
1712,1954
1712,1974
1712,1976
1712,1979
1712,1987
1712,2284
1712,2294
1712,2310
1712,2473
1712,2481
1712,2484
1712,2487
1712,2489
1712,2571
1712,2585
1712,2590
1712,2596
1712,2609
1712,2630
1712,3007
1712,3012
1712,3036
1712,3038
1712,3045
1712,3096
1712,3250
1712,3252
1712,3858
1712,4303
1712,4401
1712,4669
1712,4779
1712,4780
1712,4815
1712,4883
1712,5139
1712,5163
1712,5164
1712,5165
1712,5166
1713,1307
1713,2154
1713,3239
1713,5065
1713,5167
1714,1682
1714,5120
1715,1104
1715,1169
1715,1259
1715,1283
1715,1300
1715,1308
1715,1310
1715,1317
1715,1461
1715,1474
1715,1477
1715,1481
1715,1609
1715,1666
1715,1698
1715,1708
1715,1834
1715,1970
1715,2289
1715,2469
1715,2479
1715,2485
1715,2550
1715,3537
1715,3958
1715,4285
1715,4687
1715,4707
1715,4765
1715,4997
1716,2162
1716,2272
1716,2281
1716,2555
1716,4300
1717,1259
1717,1286
1717,1298
1717,1305
1717,1314
1717,1315
1717,1380
1717,1843
1717,1939
1717,1965
1717,1970
1717,1973
1717,2161
1717,2261
1717,2268
1717,2461
1717,2554
1717,2584
1717,2849
1717,2973
1717,2989
1717,3126
1717,3397
1717,3551
1717,3800
1717,3931
1717,4165
1717,4167
1717,4168
1717,4298
1717,4773
1717,4810
1717,5016
1717,5162
1717,5168
1718,339
1718,422
1718,873
1718,1346
1718,1352
1718,3366
1718,3862
1718,4274
1719,405
1719,535
1719,1742
1720,128
1720,221
1720,552
1721,129
1722,129
1723,1251
1723,1433
1723,1458
1723,2153
1723,3923
1723,3937
1723,4042
1723,4351
1723,4934
1723,4960
1724,130
1725,130
1726,331
1726,823
1727,95
1728,406
1729,21
1729,364
1730,132
1730,2318
1730,2475
1730,2493
1730,2577
1730,2622
1730,2627
1730,2639
1730,2658
1730,2895
1730,3098
1730,3099
1730,3101
1730,3571
1730,4502
1730,5157
1730,5169
1730,5170
1730,5171
1731,761
1731,5172
1732,583
1732,1220
1733,20
1733,121
1733,180
1733,444
1733,502
1733,605
1733,877
1733,1205
1733,3064
1733,3422
1734,133
1734,379
1734,435
1734,497
1734,1009
1734,1160
1734,2117
1734,3902
1735,44
1735,133
1735,509
1735,515
1735,605
1735,857
1735,1044
1735,3467
1736,416
1736,3150
1737,18
1737,62
1737,114
1737,129
1737,134
1737,136
1737,139
1737,140
1737,142
1737,154
1737,159
1737,173
1737,259
1737,365
1737,434
1737,444
1737,463
1737,495
1737,504
1737,519
1737,523
1737,586
1737,594
1737,604
1737,670
1737,718
1737,801
1737,860
1737,864
1737,867
1737,944
1737,955
1737,961
1737,1003
1737,1013
1737,1120
1737,1163
1737,1168
1737,1322
1737,1531
1737,1532
1737,1567
1737,1571
1737,3183
1737,3376
1737,3975
1737,4660
1738,381
1738,633
1738,660
1738,932
1738,987
1738,1043
1738,1098
1738,1107
1738,1144
1738,1208
1738,1255
1738,1258
1738,1259
1738,1283
1738,1300
1738,1307
1738,1314
1738,1317
1738,1379
1738,1419
1738,1421
1738,1433
1738,1445
1738,1449
1738,1453
1738,1618
1738,1655
1738,1692
1738,1697
1738,1840
1738,1895
1738,1925
1738,1948
1738,1968
1738,1982
1738,2137
1738,2242
1738,2263
1738,2295
1738,2422
1738,2558
1738,2676
1738,2849
1738,2927
1738,3164
1738,3168
1738,3243
1738,3614
1738,3987
1738,4168
1738,4333
1738,4612
1738,4811
1739,436
1740,153
1740,442
1740,588
1740,604
1740,1070
1740,1605
1740,1772
1740,2583
1740,3202
1741,111
1742,21
1742,64
1742,291
1742,321
1742,380
1742,688
1742,1719
1743,488
1743,2082
1743,2089
1743,2163
1743,2324
1743,2611
1743,2674
1743,2678
1743,2694
1743,2737
1743,2755
1743,2775
1743,2796
1743,2824
1743,3271
1743,3642
1743,4317
1743,4468
1743,5043
1743,5173
1743,5174
1743,5175
1743,5176
1743,5177
1743,5178
1743,5179
1744,859
1745,432
1746,406
1746,951
1746,1223
1746,1224
1746,1389
1747,135
1747,276
1747,515
1747,523
1747,524
1747,858
1747,859
1747,877
1748,459
1748,584
1748,1747
1749,451
1750,138
1750,147
1750,426
1750,583
1750,933
1750,1006
1751,67
1751,135
1751,154
1751,157
1751,160
1751,270
1751,388
1751,432
1751,453
1751,509
1751,510
1751,625
1751,672
1751,702
1751,775
1751,801
1751,882
1751,935
1751,964
1751,984
1751,1012
1751,1108
1751,1140
1751,1280
1751,1350
1751,1412
1751,1835
1751,1852
1751,1890
1751,3908
1751,4613
1752,772
1752,1679
1753,137
1753,275
1753,381
1753,611
1753,728
1753,884
1753,969
1753,980
1753,1174
1753,1176
1753,1208
1753,1273
1753,1325
1753,1537
1753,1640
1753,1664
1753,1772
1753,2037
1753,2146
1753,2296
1753,2880
1753,3168
1753,4636
1753,5180
1754,456
1754,539
1754,779
1754,1030
1754,1490
1754,1835
1754,2114
1754,2443
1754,3187
1754,3881
1755,863
1756,160
1756,594
1756,1276
1757,156
1757,164
1757,254
1757,433
1757,434
1757,435
1757,438
1757,516
1757,518
1757,537
1757,660
1757,781
1757,845
1757,882
1757,894
1757,972
1757,996
1757,999
1757,1107
1757,1144
1757,1252
1757,1283
1757,1303
1757,1312
1757,1346
1757,1375
1757,1433
1757,1434
1757,1445
1757,1580
1757,1626
1757,1630
1757,1656
1757,1669
1757,1676
1757,1689
1757,1915
1757,1919
1757,1977
1757,2004
1757,2012
1757,2027
1757,2041
1757,2051
1757,2296
1757,2450
1757,2456
1757,2536
1757,3346
1757,3870
1757,3885
1757,3968
1757,4012
1757,4822
1758,772
1758,967
1758,4582
1759,101
1759,135
1759,267
1759,639
1759,708
1759,732
1759,755
1759,898
1759,971
1759,982
1759,1007
1759,1146
1759,1154
1759,1353
1759,1398
1759,1424
1759,1426
1759,1539
1759,1610
1759,1662
1759,1676
1759,1697
1759,1708
1759,1975
1759,2163
1759,2172
1759,2248
1759,2461
1759,2469
1759,2483
1759,2484
1759,2491
1759,2560
1759,2588
1759,2602
1759,2603
1759,2614
1759,2642
1759,2659
1759,2993
1759,3000
1759,3010
1759,3011
1759,3019
1759,3020
1759,3038
1759,3077
1759,3092
1759,3096
1759,3098
1759,3788
1759,3857
1759,4059
1759,4776
1759,5158
1760,636
1760,1604
1761,371
1761,522
1761,782
1761,795
1761,800
1761,898
1761,1329
1761,2402
1761,3448
1762,1329
1762,4194
1763,151
1763,438
1763,537
1763,791
1763,884
1763,990
1763,995
1763,1098
1763,1107
1763,1134
1763,1151
1763,1284
1763,1318
1763,1327
1763,1365
1763,1407
1763,1412
1763,1617
1763,1844
1763,1868
1763,1870
1763,1871
1763,1882
1763,1900
1763,1934
1763,2009
1763,2014
1763,2426
1763,2544
1763,3492
1763,3788
1763,3843
1763,4086
1763,4629
1764,800
1764,1157
1764,2131
1764,2849
1765,453
1765,800
1765,831
1765,967
1765,1108
1765,1159
1765,1329
1765,1357
1765,1361
1765,2401
1766,135
1766,343
1766,795
1766,797
1766,967
1766,1096
1766,1247
1767,860
1767,964
1767,969
1767,976
1767,1079
1767,1308
1767,1602
1767,1644
1767,1952
1767,2166
1767,2176
1767,2249
1767,2258
1767,2555
1767,2694
1767,3127
1767,4394
1767,5181
1768,537
1768,689
1768,755
1768,782
1768,798
1768,831
1768,964
1768,981
1768,994
1768,1157
1768,1158
1768,1331
1768,1361
1768,1362
1768,1534
1768,1686
1768,1773
1768,2583
1768,2945
1768,5182
1769,138
1769,463
1769,475
1769,672
1769,976
1769,977
1769,990
1769,1879
1769,2335
1770,154
1770,516
1770,537
1770,546
1770,801
1770,831
1770,836
1770,874
1770,981
1770,1147
1770,1155
1770,1202
1770,1349
1770,1467
1770,1569
1770,1615
1770,1617
1770,1632
1770,1776
1770,1932
1770,2395
1770,2520
1770,3158
1770,3406
1770,3508
1770,3973
1770,3991
1770,4086
1770,4550
1770,4555
1771,496
1771,990
1771,1052
1771,1924
1771,2520
1771,4420
1771,4830
1772,135
1772,496
1772,898
1772,972
1772,976
1772,981
1772,1096
1772,1155
1772,1273
1772,1359
1772,1361
1772,1400
1772,1740
1772,1756
1772,1778
1772,1782
1772,1910
1772,3193
1772,3492
1772,3818
1772,4326
1773,135
1773,685
1773,765
1773,798
1773,801
1773,981
1773,983
1773,1006
1773,1096
1773,1332
1773,1360
1773,1364
1773,1768
1773,1776
1773,1782
1773,2415
1773,2854
1773,2873
1773,3798
1773,4233
1774,381
1774,686
1774,1277
1774,1894
1774,1901
1774,2131
1775,60
1775,121
1775,135
1775,141
1775,142
1775,149
1775,170
1775,365
1775,386
1775,433
1775,437
1775,461
1775,475
1775,496
1775,498
1775,500
1775,506
1775,508
1775,511
1775,512
1775,546
1775,559
1775,594
1775,599
1775,628
1775,638
1775,646
1775,664
1775,689
1775,699
1775,729
1775,732
1775,780
1775,798
1775,824
1775,833
1775,836
1775,839
1775,845
1775,867
1775,869
1775,873
1775,874
1775,913
1775,916
1775,964
1775,967
1775,971
1775,973
1775,983
1775,995
1775,1005
1775,1010
1775,1012
1775,1020
1775,1023
1775,1024
1775,1049
1775,1091
1775,1132
1775,1146
1775,1148
1775,1155
1775,1156
1775,1158
1775,1202
1775,1249
1775,1331
1775,1332
1775,1337
1775,1342
1775,1346
1775,1357
1775,1359
1775,1361
1775,1366
1775,1394
1775,1434
1775,1518
1775,1589
1775,1599
1775,1608
1775,1776
1775,1782
1775,1839
1775,1909
1775,1921
1775,1924
1775,1928
1775,1936
1775,2014
1775,2134
1775,2150
1775,2195
1775,2269
1775,2426
1775,2503
1775,2521
1775,2535
1775,2852
1775,2908
1775,2909
1775,2952
1775,3177
1775,3195
1775,3214
1775,3292
1775,3363
1775,3421
1775,3817
1775,3993
1775,4162
1775,4560
1776,137
1776,143
1776,195
1776,291
1776,385
1776,415
1776,433
1776,475
1776,511
1776,512
1776,520
1776,537
1776,542
1776,546
1776,644
1776,664
1776,686
1776,689
1776,717
1776,729
1776,755
1776,774
1776,775
1776,785
1776,831
1776,836
1776,839
1776,913
1776,932
1776,946
1776,963
1776,967
1776,1026
1776,1150
1776,1159
1776,1331
1776,1342
1776,1346
1776,1362
1776,1365
1776,1366
1776,1393
1776,1399
1776,1401
1776,1407
1776,1409
1776,1415
1776,1434
1776,1450
1776,1453
1776,1580
1776,1589
1776,1615
1776,1764
1776,1770
1776,1773
1776,1777
1776,1839
1776,1840
1776,1855
1776,1868
1776,1869
1776,1883
1776,1900
1776,2000
1776,2011
1776,2130
1776,2134
1776,2240
1776,2304
1776,2410
1776,2420
1776,2423
1776,2424
1776,2426
1776,2503
1776,2519
1776,2840
1776,2959
1776,3176
1776,3178
1776,3196
1776,3407
1776,3448
1776,3453
1776,3819
1776,3911
1776,3986
1776,4657
1776,5183
1777,135
1777,163
1777,370
1777,437
1777,503
1777,633
1777,639
1777,644
1777,760
1777,782
1777,806
1777,863
1777,990
1777,995
1777,1029
1777,1079
1777,1266
1777,1318
1777,1447
1777,1571
1777,1611
1777,1620
1777,1776
1777,1782
1777,1927
1777,1928
1777,2027
1777,2031
1777,2051
1777,2137
1777,2399
1777,2519
1777,2875
1777,2908
1777,3139
1777,3278
1777,3539
1777,4119
1777,4825
1778,351
1778,381
1778,640
1778,778
1778,781
1778,1254
1778,1403
1778,1419
1778,1589
1778,1629
1778,1632
1778,1738
1778,1902
1778,2027
1778,2422
1778,3274
1778,4826
1779,532
1779,646
1779,1359
1779,1409
1779,1412
1779,1589
1779,1607
1779,1617
1779,1781
1779,1901
1779,1959
1779,2131
1779,2150
1779,2420
1779,2533
1779,2854
1779,4334
1779,4396
1780,636
1780,664
1780,993
1780,994
1780,1331
1780,1359
1780,1781
1780,1783
1780,2002
1780,3791
1781,791
1781,990
1781,1166
1781,1359
1781,1401
1781,1436
1781,1463
1781,1909
1781,2412
1781,2413
1781,2503
1781,2917
1781,3789
1781,3841
1781,4065
1781,4832
1782,103
1782,156
1782,163
1782,275
1782,381
1782,532
1782,646
1782,686
1782,729
1782,785
1782,789
1782,839
1782,979
1782,1134
1782,1166
1782,1202
1782,1247
1782,1314
1782,1331
1782,1332
1782,1342
1782,1353
1782,1357
1782,1358
1782,1361
1782,1362
1782,1363
1782,1365
1782,1409
1782,1415
1782,1420
1782,1429
1782,1566
1782,1773
1782,1776
1782,1910
1782,1928
1782,2027
1782,2124
1782,2425
1782,2524
1782,2855
1782,2873
1782,3146
1782,3176
1782,3498
1782,3788
1782,3790
1782,3849
1782,4066
1782,4560
1782,5184
1783,163
1783,270
1783,643
1783,646
1783,664
1783,683
1783,684
1783,729
1783,765
1783,800
1783,1354
1783,1357
1783,1358
1783,1361
1783,1362
1783,1364
1783,1395
1783,1407
1783,1780
1783,1873
1783,2043
1783,2124
1783,2416
1783,2425
1783,2854
1783,3460
1783,3792
1783,3903
1783,4383
1783,5185
1784,136
1784,377
1784,439
1785,136
1785,605
1785,1044
1786,137
1786,1049
1786,1276
1786,1327
1786,1328
1786,1337
1786,1593
1786,1605
1786,1803
1786,3427
1786,5186
1787,137
1788,137
1789,137
1789,154
1789,504
1790,48
1790,137
1790,431
1790,504
1790,967
1790,4073
1791,137
1792,137
1792,1340
1792,1885
1793,137
1793,433
1793,546
1793,775
1793,1223
1793,1255
1793,1314
1793,1350
1793,1838
1793,1910
1793,2249
1793,2280
1793,2291
1793,2466
1793,2479
1793,2487
1793,2488
1793,2601
1793,2888
1793,2976
1793,3047
1793,3098
1793,3126
1793,4098
1793,4515
1793,4928
1793,5187
1793,5188
1793,5189
1793,5190
1794,137
1794,148
1794,170
1794,484
1794,960
1794,1234
1794,1356
1794,3343
1795,137
1795,3896
1796,137
1796,1157
1796,1407
1796,3842
1797,137
1797,5191
1798,20
1798,140
1798,402
1798,617
1798,679
1798,3207
1799,588
1799,1224
1799,1830
1800,1044
1800,1801
1801,662
1801,1800
1802,530
1803,449
1803,528
1803,605
1803,780
1803,1605
1803,1786
1804,201
1805,138
1806,140
1806,523
1806,947
1807,157
1807,464
1807,515
1807,755
1807,860
1807,870
1807,964
1807,1919
1807,3369
1808,523
1808,1023
1808,1389
1809,155
1809,167
1809,459
1809,865
1809,1006
1810,512
1811,149
1811,399
1811,497
1811,508
1811,586
1811,708
1811,780
1811,792
1811,795
1811,839
1811,876
1811,966
1811,1142
1811,1156
1811,1224
1811,1276
1811,1277
1811,1325
1811,1326
1811,1410
1811,1631
1811,1766
1811,1999
1811,2269
1811,2303
1811,2535
1811,3193
1811,3512
1811,3814
1811,4273
1811,5192
1812,754
1812,1523
1812,3183
1813,530
1813,870
1814,126
1814,414
1814,870
1814,1048
1814,1531
1814,1892
1815,920
1815,989
1815,1025
1816,1588
1816,3336
1817,564
1817,5193
1818,1865
1819,154
1819,1389
1819,1438
1820,140
1820,530
1820,600
1820,689
1820,2965
1821,381
1821,415
1821,492
1821,504
1821,524
1821,791
1821,1149
1821,1271
1821,2004
1821,2027
1821,2077
1821,2114
1821,2123
1821,2302
1821,2925
1821,3842
1821,3971
1821,4991
1821,5039
1822,662
1823,399
1823,871
1823,995
1823,1168
1823,1824
1823,1892
1824,860
1824,871
1824,1823
1824,1892
1825,530
1826,775
1827,139
1827,140
1827,168
1827,464
1827,778
1827,1029
1827,1258
1827,1442
1827,1640
1827,1644
1827,1816
1827,1865
1827,2249
1827,2310
1827,3330
1828,530
1829,141
1829,957
1829,971
1829,2535
1829,3498
1830,180
1830,442
1830,497
1830,536
1830,760
1830,957
1830,1015
1830,1799
1830,2952
1831,670
1831,778
1832,167
1832,464
1832,1168
1833,870
1833,2333
1834,141
1834,509
1834,781
1834,989
1834,1030
1834,1580
1834,2841
1835,141
1835,351
1835,415
1835,463
1835,498
1835,512
1835,524
1835,689
1835,760
1835,776
1835,844
1835,967
1835,989
1835,1012
1835,1023
1835,1027
1835,1028
1835,1030
1835,1091
1835,1099
1835,1136
1835,1158
1835,1213
1835,1276
1835,1390
1835,1391
1835,1580
1835,1586
1835,1751
1835,1754
1835,1837
1835,1852
1835,2114
1835,2333
1835,2334
1835,2335
1835,2397
1835,2513
1835,2871
1835,3456
1835,4084
1836,141
1836,154
1836,464
1836,778
1836,989
1836,1028
1836,1140
1836,1596
1837,143
1837,157
1837,442
1837,464
1837,539
1837,797
1837,798
1837,935
1837,945
1837,967
1837,973
1837,986
1837,1325
1837,1329
1837,1398
1837,1788
1837,1835
1837,3470
1837,4072
1838,806
1838,995
1838,1107
1838,1293
1838,1304
1838,1337
1838,1349
1838,1553
1838,1626
1838,1641
1838,1712
1838,1965
1838,1970
1838,1985
1838,2167
1838,2258
1838,2263
1838,2461
1838,2465
1838,2478
1838,2479
1838,2482
1838,2487
1838,2488
1838,2571
1838,2589
1838,2590
1838,2603
1838,2614
1838,2615
1838,2633
1838,2888
1838,2923
1838,2948
1838,3019
1838,3020
1838,3036
1838,3126
1838,3127
1838,3252
1838,3258
1838,3566
1838,3933
1838,3961
1838,4120
1838,4606
1838,4665
1838,4783
1838,4883
1838,5157
1838,5194
1839,185
1839,565
1839,633
1839,990
1839,1173
1839,1349
1839,1399
1839,2412
1839,3412
1839,4622
1840,140
1840,143
1840,433
1840,438
1840,461
1840,633
1840,755
1840,774
1840,836
1840,839
1840,871
1840,913
1840,932
1840,946
1840,1150
1840,1260
1840,1283
1840,1314
1840,1340
1840,1399
1840,1409
1840,1416
1840,1418
1840,1430
1840,1436
1840,1453
1840,1475
1840,1537
1840,1566
1840,1589
1840,1603
1840,1632
1840,1738
1840,1776
1840,1873
1840,1900
1840,1932
1840,1937
1840,1963
1840,2004
1840,2006
1840,2041
1840,2044
1840,2077
1840,2114
1840,2133
1840,2136
1840,2150
1840,2211
1840,2340
1840,2423
1840,2424
1840,2535
1840,3849
1840,3905
1840,3972
1840,4000
1840,4195
1840,4254
1840,4827
1840,4991
1840,5195
1840,5196
1841,3230
1842,2824
1842,3835
1843,143
1843,1452
1843,1702
1843,1717
1843,2048
1843,2176
1843,2261
1843,2887
1843,2982
1843,2996
1843,3118
1843,3126
1843,3548
1843,3551
1843,4091
1843,4093
1843,5197
1844,192
1844,456
1844,650
1844,778
1844,1078
1844,1129
1844,1161
1844,1244
1844,1248
1844,1251
1844,1300
1844,1423
1844,1425
1844,1432
1844,1433
1844,1441
1844,1451
1844,1456
1844,1458
1844,1462
1844,1465
1844,1466
1844,1538
1844,1646
1844,1955
1844,1964
1844,2027
1844,2028
1844,2029
1844,2031
1844,2034
1844,2036
1844,2037
1844,2049
1844,2051
1844,2131
1844,2148
1844,2149
1844,2150
1844,2152
1844,2153
1844,2159
1844,2251
1844,2546
1844,2854
1844,2855
1844,2965
1844,3104
1844,3136
1844,3203
1844,3532
1844,3894
1844,4009
1844,4012
1844,4341
1844,4372
1844,4568
1844,4616
1844,4707
1844,4735
1844,4959
1844,5056
1845,143
1845,369
1845,781
1845,1248
1845,1282
1845,1288
1845,1291
1845,1298
1845,1307
1845,1409
1845,1538
1845,1553
1845,1662
1845,1663
1845,1675
1845,1682
1845,1687
1845,1695
1845,1698
1845,1701
1845,1935
1845,1954
1845,1964
1845,2268
1845,2455
1845,2549
1845,2554
1845,2567
1845,2968
1845,2976
1845,2984
1845,2986
1845,2989
1845,3116
1845,3118
1845,3344
1845,3557
1845,3924
1845,3928
1845,4040
1845,4089
1845,4091
1845,4093
1845,4166
1845,4727
1845,5104
1845,5128
1846,143
1846,1273
1846,1647
1846,3396
1846,5112
1846,5198
1847,143
1847,1849
1847,1850
1848,143
1848,1849
1848,1850
1848,3857
1849,143
1849,1847
1849,1848
1849,1850
1849,5199
1850,143
1850,1262
1850,1273
1850,1293
1850,1448
1850,1596
1850,1629
1850,1843
1850,1847
1850,1848
1850,1849
1850,1946
1850,1952
1850,2153
1850,4292
1851,18
1851,66
1851,121
1851,144
1851,426
1851,436
1851,443
1851,601
1851,3780
1852,61
1852,155
1852,168
1852,513
1852,594
1852,672
1852,989
1852,1030
1852,1143
1852,1161
1852,1210
1852,1276
1852,1596
1852,1751
1852,1835
1852,2118
1852,5200
1853,967
1853,2334
1853,4273
1854,103
1854,144
1854,164
1854,351
1854,370
1854,437
1854,492
1854,532
1854,542
1854,637
1854,638
1854,645
1854,732
1854,785
1854,836
1854,923
1854,954
1854,973
1854,974
1854,1098
1854,1202
1854,1247
1854,1258
1854,1267
1854,1283
1854,1336
1854,1403
1854,1409
1854,1417
1854,1425
1854,1427
1854,1458
1854,1471
1854,1608
1854,1615
1854,1623
1854,1630
1854,1678
1854,1686
1854,1895
1854,1934
1854,1948
1854,1976
1854,1999
1854,2006
1854,2009
1854,2012
1854,2017
1854,2036
1854,2041
1854,2130
1854,2259
1854,2395
1854,2422
1854,2423
1854,2426
1854,2535
1854,2571
1854,2913
1854,2960
1854,3086
1854,3164
1854,3346
1854,4835
1855,370
1855,492
1855,539
1855,685
1855,689
1855,839
1855,977
1855,1205
1855,1271
1855,1361
1855,1447
1855,1754
1855,1776
1855,1901
1855,1932
1855,1933
1855,2004
1855,2130
1855,2150
1855,3186
1855,3301
1855,3494
1855,3989
1855,4285
1855,4826
1855,4922
1856,146
1856,152
1856,775
1856,874
1856,875
1856,973
1856,1173
1856,1328
1856,3952
1857,146
1857,513
1858,684
1858,2150
1859,500
1859,5201
1860,860
1860,1223
1861,170
1861,459
1861,861
1862,306
1863,48
1863,69
1863,170
1863,452
1863,995
1863,1012
1863,1361
1863,1579
1863,1596
1864,530
1864,670
1865,157
1865,1013
1865,1818
1865,1892
1866,60
1866,524
1866,670
1866,755
1866,860
1866,946
1866,1014
1866,1322
1866,1901
1867,155
1867,537
1867,645
1867,685
1867,796
1867,964
1867,967
1867,971
1867,976
1867,1245
1867,1331
1867,1361
1867,1473
1867,1718
1867,1780
1867,1884
1867,2190
1867,2849
1867,3305
1867,3815
1868,151
1868,746
1868,1026
1868,1612
1868,1627
1868,1776
1868,3164
1868,4334
1869,151
1869,492
1869,504
1869,636
1869,1256
1869,1705
1869,1776
1869,2503
1869,3538
1869,3819
1869,4066
1870,151
1870,348
1870,791
1870,884
1870,1253
1870,1467
1870,1763
1870,3410
1871,151
1871,381
1871,496
1871,646
1871,789
1871,1342
1871,1358
1871,1363
1871,1412
1871,1763
1871,2134
1871,2410
1871,3146
1872,151
1872,685
1872,2134
1872,2426
1873,151
1873,515
1873,765
1873,789
1873,1026
1873,1144
1873,1202
1873,1224
1873,1298
1873,1331
1873,1332
1873,1354
1873,1388
1873,1458
1873,1783
1873,1895
1873,1901
1873,1934
1873,2426
1873,2503
1873,2517
1873,3082
1873,3192
1873,3409
1873,3850
1873,3991
1874,151
1874,1098
1874,1255
1874,2012
1874,3163
1875,2268
1875,2385
1875,2989
1875,4615
1876,126
1876,151
1876,381
1876,760
1876,839
1876,998
1876,1257
1876,1341
1876,1421
1876,1562
1876,2009
1876,2015
1876,2019
1876,2022
1876,2031
1876,3152
1876,3850
1877,573
1877,759
1878,5014
1879,515
1879,672
1879,1596
1879,2118
1879,2506
1879,3352
1880,137
1880,153
1880,439
1880,1142
1880,1278
1880,1389
1880,1920
1880,2057
1880,3219
1880,4594
1881,153
1882,154
1882,913
1882,990
1882,2879
1883,154
1883,633
1883,868
1883,1332
1883,1415
1883,1776
1883,1956
1883,2017
1883,2422
1883,2424
1883,2503
1883,3842
1883,3897
1883,4396
1883,4855
1883,5202
1883,5203
1884,154
1884,332
1884,684
1884,967
1884,1012
1884,1343
1884,1534
1884,1696
1884,1867
1884,1885
1884,2478
1884,2519
1884,2615
1884,3136
1884,3856
1884,3937
1885,684
1885,1792
1886,155
1886,5204
1887,128
1887,155
1887,164
1887,500
1887,858
1887,941
1887,1003
1887,1491
1888,155
1889,155
1889,744
1889,1890
1889,2942
1890,155
1890,171
1890,270
1890,463
1890,522
1890,1108
1890,1143
1890,1213
1890,1273
1890,1325
1890,1354
1890,1751
1890,1889
1890,2533
1890,4558
1891,860
1891,1927
1891,5205
1892,156
1892,459
1892,521
1892,525
1892,587
1892,1013
1892,1048
1892,1213
1892,1531
1892,1598
1892,1814
1892,1823
1892,1824
1892,1865
1892,1897
1892,2508
1892,3336
1893,1329
1893,5206
1893,5207
1894,498
1894,995
1894,1337
1894,1350
1894,1407
1894,1612
1894,1774
1894,1910
1894,2412
1894,3305
1895,156
1895,437
1895,633
1895,791
1895,839
1895,980
1895,1013
1895,1098
1895,1154
1895,1251
1895,1259
1895,1260
1895,1336
1895,1341
1895,1367
1895,1403
1895,1432
1895,1433
1895,1441
1895,1632
1895,1738
1895,1854
1895,1873
1895,2041
1895,2242
1895,2401
1895,2528
1895,2538
1895,2916
1895,3080
1895,3463
1895,4287
1895,4339
1895,5208
1896,172
1896,243
1896,332
1896,566
1896,641
1896,798
1896,806
1896,977
1896,980
1896,1007
1896,1019
1896,1023
1896,1079
1896,1107
1896,1198
1896,1296
1896,1304
1896,1314
1896,1353
1896,1409
1896,1461
1896,1539
1896,1571
1896,1574
1896,1676
1896,1910
1896,1927
1896,1941
1896,1990
1896,1991
1896,2021
1896,2051
1896,2081
1896,2093
1896,2149
1896,2157
1896,2164
1896,2172
1896,2175
1896,2248
1896,2288
1896,2313
1896,2320
1896,2330
1896,2344
1896,2349
1896,2352
1896,2354
1896,2356
1896,2362
1896,2363
1896,2367
1896,2370
1896,2371
1896,2372
1896,2399
1896,2450
1896,2461
1896,2480
1896,2483
1896,2605
1896,2608
1896,2611
1896,2616
1896,2618
1896,2619
1896,2645
1896,2646
1896,2649
1896,2690
1896,2692
1896,2694
1896,2700
1896,2703
1896,2708
1896,2711
1896,2715
1896,2723
1896,2725
1896,2726
1896,2727
1896,2735
1896,2741
1896,2743
1896,2748
1896,2754
1896,2756
1896,2762
1896,2763
1896,2764
1896,2772
1896,2774
1896,2779
1896,2780
1896,2782
1896,2784
1896,2801
1896,2802
1896,2807
1896,2809
1896,2812
1896,2814
1896,2828
1896,2830
1896,2832
1896,2836
1896,2849
1896,2924
1896,2993
1896,3003
1896,3004
1896,3021
1896,3051
1896,3054
1896,3087
1896,3101
1896,3220
1896,3225
1896,3229
1896,3253
1896,3567
1896,3587
1896,3588
1896,3599
1896,3607
1896,3609
1896,3615
1896,3618
1896,3640
1896,3641
1896,3652
1896,3666
1896,3669
1896,3673
1896,3676
1896,3678
1896,3690
1896,3698
1896,3700
1896,3706
1896,3709
1896,3712
1896,3724
1896,3730
1896,3739
1896,3753
1896,3757
1896,3759
1896,4114
1896,4116
1896,4206
1896,4314
1896,4439
1896,4443
1896,4447
1896,4462
1896,4495
1896,4499
1896,4500
1896,4507
1896,4542
1896,4912
1896,4966
1896,5117
1896,5164
1896,5209
1896,5210
1896,5211
1896,5212
1896,5213
1896,5214
1896,5215
1896,5216
1896,5217
1896,5218
1896,5219
1896,5220
1896,5221
1896,5222
1896,5223
1896,5224
1896,5225
1896,5226
1896,5227
1896,5228
1896,5229
1896,5230
1896,5231
1896,5232
1896,5233
1896,5234
1897,156
1897,1146
1897,1166
1897,1814
1897,1892
1897,2147
1897,3980
1898,156
1898,1078
1898,1869
1898,1879
1898,2422
1898,2543
1898,3539
1898,4588
1899,156
1899,385
1899,515
1899,532
1899,660
1899,765
1899,797
1899,806
1899,839
1899,898
1899,906
1899,1107
1899,1217
1899,1230
1899,1232
1899,1244
1899,1247
1899,1286
1899,1302
1899,1312
1899,1332
1899,1353
1899,1365
1899,1395
1899,1412
1899,1419
1899,1434
1899,1445
1899,1459
1899,1461
1899,1474
1899,1478
1899,1482
1899,1484
1899,1539
1899,1656
1899,1958
1899,2171
1899,2172
1899,2255
1899,2263
1899,2270
1899,2273
1899,2278
1899,2309
1899,2310
1899,2313
1899,2419
1899,2519
1899,2534
1899,2551
1899,2571
1899,2577
1899,2630
1899,2646
1899,2688
1899,2849
1899,2963
1899,3032
1899,3037
1899,3123
1899,3346
1899,3581
1899,3592
1899,4569
1899,4738
1899,4997
1900,156
1900,381
1900,542
1900,686
1900,699
1900,755
1900,836
1900,1149
1900,1202
1900,1205
1900,1249
1900,1251
1900,1252
1900,1256
1900,1275
1900,1342
1900,1351
1900,1361
1900,1414
1900,1418
1900,1420
1900,1421
1900,1571
1900,1763
1900,1776
1900,1901
1900,2006
1900,2009
1900,2011
1900,2012
1900,2416
1900,2421
1900,2425
1900,3502
1900,3850
1900,3870
1900,4389
1900,4679
1901,164
1901,636
1901,685
1901,686
1901,774
1901,876
1901,1166
1901,1202
1901,1256
1901,1342
1901,1418
1901,1458
1901,1467
1901,1588
1901,1590
1901,1607
1901,1617
1901,1673
1901,1866
1901,1932
1901,1934
1901,1936
1901,2128
1901,3146
1901,3818
1901,3885
1901,3993
1901,3999
1901,4036
1901,4069
1901,4120
1901,4677
1901,4678
1901,5038
1901,5235
1902,139
1902,157
1902,836
1902,1137
1902,1144
1902,1155
1902,1257
1902,1283
1902,1375
1902,1403
1902,1425
1902,1433
1902,1453
1902,1472
1902,1629
1902,1631
1902,1632
1902,1778
1902,1948
1902,1985
1902,2032
1902,2049
1902,2051
1902,2138
1902,2422
1902,2536
1902,2915
1902,2922
1902,3203
1902,3330
1902,4826
1903,3336
1904,48
1904,160
1904,170
1904,432
1904,858
1904,1919
1905,6
1905,513
1905,523
1905,669
1906,163
1906,1096
1906,1213
1906,1276
1906,1754
1906,2113
1906,2114
1906,2131
1906,4073
1907,163
1907,1174
1907,2022
1908,63
1908,163
1908,966
1908,1281
1908,1928
1908,3196
1908,3289
1908,3791
1908,5236
1909,163
1909,969
1909,1052
1909,1140
1909,1332
1909,1596
1909,1781
1909,1879
1909,2301
1909,2424
1909,3022
1909,3303
1909,3459
1909,3977
1909,4085
1909,4251
1909,4837
1910,163
1910,979
1910,1415
1910,2124
1910,3872
1911,163
1911,539
1912,163
1913,163
1913,636
1913,999
1913,1359
1913,1415
1913,2426
1914,163
1914,1265
1914,1287
1914,1291
1914,1296
1914,1404
1914,1464
1914,1647
1914,1694
1914,1700
1914,1970
1914,2385
1914,3007
1914,3400
1914,3544
1914,4121
1914,4175
1914,4798
1914,5159
1914,5237
1915,66
1915,622
1915,1077
1916,164
1916,258
1916,276
1916,582
1916,590
1916,670
1916,845
1916,860
1916,1155
1916,2118
1917,530
1917,600
1918,385
1918,461
1918,512
1918,637
1918,671
1918,831
1918,833
1918,845
1918,863
1918,867
1918,996
1918,1029
1918,1049
1918,1140
1918,1412
1918,1588
1918,2443
1918,2506
1918,4058
1918,4261
1918,4934
1919,180
1919,455
1919,584
1919,870
1919,1216
1919,1592
1919,1807
1919,3360
1920,60
1920,431
1920,449
1920,456
1920,504
1920,508
1920,518
1920,521
1920,526
1920,636
1920,646
1920,702
1920,718
1920,775
1920,869
1920,963
1920,964
1920,967
1920,971
1920,990
1920,1146
1920,2121
1920,2237
1920,2303
1920,2308
1920,2842
1920,3066
1920,3440
1920,3441
1920,3797
1921,0
1921,137
1921,246
1921,348
1921,437
1921,438
1921,475
1921,504
1921,516
1921,518
1921,522
1921,566
1921,669
1921,711
1921,718
1921,780
1921,831
1921,844
1921,860
1921,875
1921,898
1921,913
1921,938
1921,979
1921,981
1921,1003
1921,1005
1921,1010
1921,1012
1921,1013
1921,1020
1921,1028
1921,1052
1921,1096
1921,1108
1921,1143
1921,1145
1921,1146
1921,1158
1921,1173
1921,1207
1921,1223
1921,1244
1921,1332
1921,1340
1921,1342
1921,1390
1921,1591
1921,1612
1921,1676
1921,1767
1921,2269
1921,2303
1921,2846
1921,2909
1922,431
1922,1275
1922,1338
1922,1617
1922,1946
1922,2044
1923,332
1923,381
1923,421
1923,641
1923,683
1923,1252
1923,1254
1923,1298
1923,1302
1923,1312
1923,1341
1923,1349
1923,1401
1923,1424
1923,1450
1923,1474
1923,1637
1923,1652
1923,1683
1923,1708
1923,1925
1923,1963
1923,1968
1923,1975
1923,1982
1923,2248
1923,2309
1923,2605
1923,2613
1923,2635
1923,2689
1923,3360
1923,3961
1924,496
1924,516
1924,948
1924,949
1924,973
1924,1771
1924,1775
1924,2520
1924,3301
1924,4420
1924,4830
1924,5238
1924,5239
1925,415
1925,438
1925,836
1925,932
1925,973
1925,980
1925,1104
1925,1138
1925,1155
1925,1208
1925,1252
1925,1254
1925,1257
1925,1267
1925,1283
1925,1303
1925,1307
1925,1317
1925,1318
1925,1319
1925,1375
1925,1409
1925,1419
1925,1425
1925,1430
1925,1442
1925,1443
1925,1445
1925,1449
1925,1453
1925,1458
1925,1461
1925,1474
1925,1478
1925,1482
1925,1571
1925,1589
1925,1620
1925,1627
1925,1660
1925,1664
1925,1666
1925,1668
1925,1682
1925,1691
1925,1692
1925,1707
1925,1738
1925,1899
1925,1923
1925,1954
1925,1963
1925,2133
1925,2134
1925,2249
1925,2254
1925,2261
1925,2263
1925,2268
1925,2279
1925,2323
1925,2395
1925,2483
1925,2538
1925,2543
1925,2551
1925,2554
1925,2560
1925,2927
1925,2982
1925,3226
1925,3344
1925,4563
1925,4618
1925,4987
1925,5240
1925,5241
1925,5242
1926,681
1926,4564
1926,5243
1926,5244
1927,1013
1927,1891
1927,4075
1927,5076
1927,5245
1928,990
1928,1202
1928,1908
1928,2132
1928,2133
1928,3304
1928,3461
1928,3984
1928,3985
1928,5010
1929,4148
1930,2446
1931,270
1931,781
1931,990
1931,1078
1931,1256
1931,1312
1931,1340
1931,1365
1931,1420
1931,1432
1931,1434
1931,1440
1931,1450
1931,1478
1931,1482
1931,1589
1931,1640
1931,1712
1931,1935
1931,1937
1931,1939
1931,1968
1931,1976
1931,2171
1931,2250
1931,2255
1931,2258
1931,2261
1931,2267
1931,2269
1931,2282
1931,2483
1931,2571
1931,2572
1931,2577
1931,2585
1931,2688
1931,2989
1931,3036
1931,3344
1931,4180
1931,4206
1931,4241
1931,4242
1931,4243
1931,4294
1931,5161
1932,685
1932,686
1932,774
1932,990
1932,1617
1932,1622
1932,1901
1932,2583
1932,3501
1932,3809
1932,3885
1932,4283
1933,645
1933,1271
1933,1617
1933,1620
1933,1689
1933,2009
1933,2019
1933,2070
1933,2135
1933,2422
1933,2880
1933,4000
1934,650
1934,729
1934,1026
1934,1028
1934,1256
1934,1269
1934,1337
1934,1617
1934,1686
1934,1763
1934,1901
1934,2914
1934,4087
1934,4212
1935,170
1935,381
1935,559
1935,685
1935,774
1935,785
1935,938
1935,941
1935,999
1935,1205
1935,1226
1935,1252
1935,1256
1935,1257
1935,1261
1935,1263
1935,1298
1935,1410
1935,1417
1935,1420
1935,1450
1935,1571
1935,1607
1935,1615
1935,1616
1935,1633
1935,1664
1935,1931
1935,1934
1935,1960
1935,2009
1935,2032
1935,2041
1935,2043
1935,2050
1935,2051
1935,2077
1935,2248
1935,2419
1935,2536
1935,2880
1935,3152
1935,3181
1935,3211
1935,3243
1935,3347
1935,3413
1935,3502
1935,3841
1935,3876
1935,3885
1935,4069
1935,4171
1935,4254
1935,4336
1935,4338
1935,4678
1935,4894
1935,5246
1935,5247
1936,1098
1936,1261
1936,1262
1936,1263
1936,1267
1936,1342
1936,1425
1936,1441
1936,1450
1936,1599
1936,1617
1936,1630
1936,1632
1936,1775
1936,1901
1936,1946
1936,2040
1936,2243
1936,2922
1936,3347
1936,3614
1936,3959
1936,4004
1936,4255
1936,4993
1936,5248
1936,5249
1937,201
1937,370
1937,408
1937,415
1937,496
1937,518
1937,521
1937,572
1937,638
1937,729
1937,736
1937,755
1937,776
1937,836
1937,845
1937,867
1937,875
1937,913
1937,954
1937,955
1937,974
1937,980
1937,990
1937,995
1937,1007
1937,1104
1937,1208
1937,1217
1937,1258
1937,1259
1937,1265
1937,1266
1937,1283
1937,1286
1937,1292
1937,1312
1937,1314
1937,1315
1937,1341
1937,1375
1937,1403
1937,1425
1937,1430
1937,1452
1937,1458
1937,1478
1937,1589
1937,1638
1937,1682
1937,1692
1937,1931
1937,1934
1937,1948
1937,1951
1937,1959
1937,1963
1937,2004
1937,2009
1937,2027
1937,2049
1937,2051
1937,2129
1937,2204
1937,2257
1937,2291
1937,2294
1937,2421
1937,2468
1937,2484
1937,2535
1937,2574
1937,2878
1937,2960
1937,3013
1937,3145
1937,3248
1937,3316
1937,3540
1937,3552
1937,3962
1937,4055
1937,4168
1937,4675
1937,4742
1937,4810
1937,4814
1937,4981
1938,732
1938,1079
1938,1271
1938,1456
1938,1539
1938,1614
1938,1662
1938,1680
1938,1705
1938,1759
1938,1838
1938,1975
1938,1976
1938,1987
1938,1990
1938,2037
1938,2046
1938,2153
1938,2162
1938,2165
1938,2271
1938,2482
1938,2483
1938,2485
1938,2490
1938,2593
1938,2598
1938,2611
1938,2612
1938,2614
1938,2616
1938,2617
1938,2631
1938,2646
1938,2660
1938,2746
1938,2794
1938,2796
1938,3017
1938,3019
1938,3126
1938,3552
1938,3570
1938,3582
1938,3659
1938,4431
1938,4864
1938,4929
1939,154
1939,254
1939,369
1939,1007
1939,1078
1939,1107
1939,1252
1939,1262
1939,1298
1939,1300
1939,1305
1939,1315
1939,1317
1939,1360
1939,1409
1939,1432
1939,1440
1939,1453
1939,1456
1939,1478
1939,1656
1939,1690
1939,1705
1939,1712
1939,1717
1939,1931
1939,1935
1939,1948
1939,1952
1939,1976
1939,2175
1939,2176
1939,2203
1939,2243
1939,2248
1939,2249
1939,2257
1939,2258
1939,2259
1939,2261
1939,2262
1939,2269
1939,2275
1939,2278
1939,2284
1939,2285
1939,2289
1939,2291
1939,2293
1939,2313
1939,2422
1939,2457
1939,2464
1939,2466
1939,2481
1939,2484
1939,2487
1939,2494
1939,2575
1939,2585
1939,2594
1939,2635
1939,2794
1939,2927
1939,2996
1939,3030
1939,3101
1939,3123
1939,3212
1939,3247
1939,3330
1939,3800
1939,3858
1939,4040
1939,4176
1939,4303
1939,4355
1939,4400
1939,4569
1939,4633
1939,4729
1939,4747
1939,4800
1939,4950
1939,5074
1940,1026
1940,1137
1940,1778
1940,2049
1940,3539
1941,2320
1941,2654
1941,2666
1941,3218
1941,4463
1942,1450
1942,5250
1943,932
1943,1448
1943,1959
1943,2038
1943,2049
1943,4350
1943,4683
1944,1144
1944,1254
1944,1286
1944,1302
1944,1303
1944,1318
1944,1446
1944,1459
1944,1475
1944,1479
1944,1484
1944,1644
1944,1697
1944,1705
1944,1940
1944,1977
1944,1990
1944,2244
1944,2249
1944,2250
1944,2487
1944,2794
1944,2982
1944,3121
1944,4452
1944,4942
1945,532
1945,1442
1945,1631
1945,3804
1946,660
1946,683
1946,967
1946,1174
1946,1251
1946,1252
1946,1257
1946,1258
1946,1266
1946,1293
1946,1338
1946,1439
1946,1440
1946,1444
1946,1447
1946,1448
1946,1458
1946,1475
1946,1518
1946,1633
1946,1634
1946,1684
1946,1704
1946,1922
1946,1935
1946,1936
1946,1948
1946,1959
1946,2049
1946,2153
1946,2243
1946,2244
1946,2541
1946,2915
1946,3023
1946,3328
1946,3330
1946,3331
1946,3803
1946,3804
1946,3932
1946,4041
1946,4043
1946,4106
1946,4361
1946,4615
1946,4940
1946,4947
1946,5159
1946,5251
1947,2153
1948,438
1948,539
1948,636
1948,791
1948,866
1948,932
1948,966
1948,980
1948,1144
1948,1247
1948,1252
1948,1257
1948,1258
1948,1260
1948,1261
1948,1283
1948,1286
1948,1293
1948,1420
1948,1425
1948,1433
1948,1438
1948,1439
1948,1440
1948,1442
1948,1445
1948,1446
1948,1447
1948,1448
1948,1449
1948,1450
1948,1453
1948,1454
1948,1458
1948,1478
1948,1484
1948,1589
1948,1596
1948,1630
1948,1631
1948,1633
1948,1635
1948,1644
1948,1738
1948,1854
1948,1902
1948,1936
1948,1937
1948,1939
1948,1946
1948,1955
1948,1959
1948,1963
1948,1976
1948,1977
1948,2001
1948,2009
1948,2034
1948,2043
1948,2047
1948,2049
1948,2051
1948,2153
1948,2154
1948,2240
1948,2245
1948,2422
1948,2449
1948,2881
1948,2922
1948,2963
1948,3007
1948,3113
1948,3203
1948,3314
1948,3328
1948,3330
1948,3346
1948,3347
1948,3495
1948,3496
1948,3537
1948,3874
1948,3875
1948,3940
1948,3959
1948,4018
1948,4024
1948,4026
1948,4040
1948,4259
1948,4344
1948,4355
1948,4358
1948,4615
1948,4673
1948,4696
1948,4753
1948,4936
1948,5044
1949,163
1949,732
1949,884
1949,1052
1949,1104
1949,1107
1949,1176
1949,1247
1949,1252
1949,1288
1949,1291
1949,1294
1949,1296
1949,1298
1949,1304
1949,1319
1949,1422
1949,1445
1949,1459
1949,1461
1949,1478
1949,1479
1949,1484
1949,1538
1949,1603
1949,1614
1949,1634
1949,1636
1949,1637
1949,1638
1949,1656
1949,1662
1949,1666
1949,1672
1949,1676
1949,1679
1949,1689
1949,1695
1949,1706
1949,1707
1949,1711
1949,1838
1949,1896
1949,1899
1949,1923
1949,1953
1949,1968
1949,1982
1949,1990
1949,1993
1949,2159
1949,2166
1949,2248
1949,2250
1949,2259
1949,2261
1949,2270
1949,2271
1949,2285
1949,2294
1949,2310
1949,2350
1949,2399
1949,2466
1949,2486
1949,2489
1949,2564
1949,2565
1949,2581
1949,2583
1949,2588
1949,2595
1949,2627
1949,2628
1949,2630
1949,2631
1949,2634
1949,2645
1949,2649
1949,2650
1949,2685
1949,2689
1949,2696
1949,2969
1949,2980
1949,3027
1949,3028
1949,3115
1949,3121
1949,3239
1949,3570
1949,3711
1949,3857
1949,3916
1949,3965
1949,4207
1949,4213
1949,4317
1949,4767
1949,4935
1949,4940
1949,4976
1949,5066
1950,1251
1950,1436
1950,1445
1950,1626
1950,1638
1950,1640
1950,2034
1950,2109
1950,2153
1950,3025
1950,4981
1951,63
1951,1260
1951,1265
1951,1952
1951,2969
1951,3923
1951,3961
1951,4153
1951,5252
1952,597
1952,1457
1952,1470
1952,2003
1952,3396
1952,4588
1952,5020
1953,332
1953,352
1953,732
1953,806
1953,894
1953,1007
1953,1079
1953,1107
1953,1300
1953,1302
1953,1304
1953,1422
1953,1449
1953,1461
1953,1474
1953,1538
1953,1637
1953,1653
1953,1662
1953,1683
1953,1696
1953,1705
1953,1708
1953,1949
1953,1964
1953,1975
1953,1990
1953,2082
1953,2109
1953,2161
1953,2259
1953,2324
1953,2399
1953,2469
1953,2483
1953,2486
1953,2590
1953,2600
1953,2613
1953,2626
1953,2630
1953,2631
1953,2645
1953,2656
1953,2658
1953,2663
1953,2664
1953,2672
1953,2674
1953,2676
1953,2680
1953,2683
1953,2685
1953,2689
1953,2692
1953,2716
1953,2726
1953,2743
1953,2780
1953,2794
1953,2812
1953,2834
1953,2849
1953,2882
1953,2924
1953,3026
1953,3037
1953,3041
1953,3048
1953,3087
1953,3101
1953,3124
1953,3232
1953,3265
1953,3567
1953,3582
1953,3586
1953,3591
1953,3600
1953,3602
1953,3612
1953,3614
1953,3617
1953,3626
1953,3641
1953,3711
1953,3916
1953,3951
1953,3968
1953,4138
1953,4207
1953,4288
1953,4407
1953,4463
1953,4527
1953,4577
1953,4797
1953,4803
1953,4963
1953,5020
1953,5048
1953,5086
1953,5130
1953,5253
1954,403
1954,824
1954,866
1954,1217
1954,1282
1954,1404
1954,1460
1954,1466
1954,1479
1954,1589
1954,1678
1954,1844
1954,1968
1954,2001
1954,2034
1954,2165
1954,2291
1954,2354
1954,2464
1954,2740
1954,2815
1954,2927
1954,2967
1954,2976
1954,2996
1954,3119
1954,3258
1954,3344
1954,3711
1954,4116
1954,4434
1954,4729
1954,4742
1954,5128
1954,5161
1954,5254
1954,5255
1954,5256
1954,5257
1954,5258
1954,5259
1955,438
1955,1174
1955,1176
1955,1251
1955,1261
1955,1262
1955,1273
1955,1304
1955,1307
1955,1436
1955,1448
1955,1453
1955,1471
1955,1609
1955,1640
1955,1646
1955,1647
1955,1654
1955,1827
1955,2001
1955,2153
1955,2422
1955,2685
1955,2880
1955,3331
1955,4043
1955,4120
1955,4174
1955,4600
1955,4636
1955,4674
1956,1359
1956,1647
1956,1665
1956,1883
1956,2154
1956,2251
1956,3148
1956,3396
1956,4138
1957,1303
1957,1640
1957,1692
1957,2550
1957,4616
1957,4633
1957,5260
1958,546
1958,1296
1958,1300
1958,1310
1958,1403
1958,1478
1958,1571
1958,1647
1958,1717
1958,1899
1958,1968
1958,1977
1958,2031
1958,2150
1958,3126
1958,3316
1958,3874
1958,4050
1958,4091
1958,4138
1959,1293
1959,1431
1959,1436
1959,1440
1959,1640
1959,1647
1959,2385
1959,3328
1959,3330
1959,3536
1959,4024
1959,4104
1959,4348
1960,636
1960,1252
1960,1300
1960,1304
1960,1553
1960,1664
1960,1666
1960,1676
1960,1935
1960,2252
1960,2415
1960,4254
1961,1260
1961,1308
1961,1473
1961,1481
1961,1640
1961,2050
1961,2881
1961,2970
1961,3086
1961,4056
1961,4121
1961,4173
1961,4618
1961,5198
1962,2445
1963,292
1963,352
1963,438
1963,650
1963,730
1963,755
1963,756
1963,824
1963,836
1963,980
1963,1144
1963,1155
1963,1169
1963,1217
1963,1242
1963,1251
1963,1258
1963,1259
1963,1267
1963,1283
1963,1286
1963,1295
1963,1302
1963,1304
1963,1314
1963,1315
1963,1370
1963,1403
1963,1443
1963,1445
1963,1449
1963,1458
1963,1478
1963,1480
1963,1481
1963,1538
1963,1589
1963,1614
1963,1615
1963,1632
1963,1647
1963,1654
1963,1664
1963,1665
1963,1666
1963,1674
1963,1838
1963,1898
1963,1934
1963,1937
1963,1940
1963,1948
1963,1964
1963,1971
1963,1973
1963,2015
1963,2034
1963,2155
1963,2258
1963,2309
1963,2422
1963,2427
1963,2479
1963,2536
1963,2975
1963,2996
1963,3013
1963,3148
1963,3344
1963,3537
1963,3544
1963,3855
1963,4344
1963,4348
1963,4587
1963,4936
1963,4941
1964,1251
1964,1259
1964,1360
1964,1460
1964,1697
1964,1953
1964,5261
1965,918
1965,1302
1965,1319
1965,1426
1965,1484
1965,1717
1965,1827
1965,1838
1965,1937
1965,1951
1965,1966
1965,1975
1965,1990
1965,2175
1965,2288
1965,2294
1965,2461
1965,2463
1965,2464
1965,2466
1965,2467
1965,2478
1965,2481
1965,2487
1965,2488
1965,2491
1965,2588
1965,2596
1965,2603
1965,2656
1965,2671
1965,3018
1965,3019
1965,3042
1965,3096
1965,3249
1965,3564
1965,3928
1965,3932
1965,4730
1965,4775
1965,4785
1965,5028
1965,5168
1966,43
1966,254
1966,369
1966,569
1966,685
1966,732
1966,806
1966,1271
1966,1315
1966,1318
1966,1422
1966,1539
1966,1644
1966,1653
1966,1656
1966,1662
1966,1677
1966,1688
1966,1696
1966,1704
1966,1712
1966,1759
1966,1843
1966,1899
1966,1965
1966,1973
1966,1982
1966,2109
1966,2154
1966,2156
1966,2166
1966,2172
1966,2176
1966,2202
1966,2259
1966,2260
1966,2278
1966,2284
1966,2288
1966,2294
1966,2310
1966,2461
1966,2464
1966,2465
1966,2467
1966,2472
1966,2479
1966,2481
1966,2482
1966,2488
1966,2560
1966,2589
1966,2596
1966,2598
1966,2599
1966,2603
1966,2608
1966,2693
1966,2759
1966,2849
1966,2952
1966,2989
1966,3013
1966,3032
1966,3038
1966,3092
1966,3126
1966,3247
1966,3248
1966,3255
1966,3346
1966,3548
1966,3929
1966,3930
1966,3968
1966,4263
1966,4569
1966,4737
1966,4774
1966,4775
1966,4779
1966,4813
1966,4817
1966,4847
1966,5133
1966,5137
1966,5262
1966,5263
1966,5264
1967,1300
1967,2324
1967,2642
1967,2679
1967,2693
1967,3323
1967,3610
1967,3951
1967,4320
1967,4322
1967,5265
1967,5266
1967,5267
1968,504
1968,517
1968,906
1968,932
1968,1007
1968,1052
1968,1104
1968,1198
1968,1217
1968,1248
1968,1286
1968,1289
1968,1291
1968,1292
1968,1294
1968,1295
1968,1298
1968,1303
1968,1304
1968,1308
1968,1310
1968,1312
1968,1314
1968,1315
1968,1346
1968,1370
1968,1452
1968,1459
1968,1571
1968,1660
1968,1664
1968,1676
1968,1680
1968,1681
1968,1682
1968,1690
1968,1692
1968,1698
1968,1699
1968,1706
1968,1708
1968,1717
1968,1738
1968,1845
1968,1923
1968,1937
1968,1954
1968,1958
1968,1977
1968,1978
1968,1982
1968,2158
1968,2160
1968,2162
1968,2165
1968,2169
1968,2171
1968,2207
1968,2248
1968,2249
1968,2250
1968,2251
1968,2255
1968,2258
1968,2261
1968,2262
1968,2267
1968,2272
1968,2279
1968,2294
1968,2455
1968,2477
1968,2484
1968,2488
1968,2551
1968,2552
1968,2557
1968,2626
1968,2630
1968,2685
1968,2849
1968,2927
1968,2961
1968,2975
1968,2984
1968,2986
1968,2993
1968,2995
1968,3016
1968,3026
1968,3096
1968,3119
1968,3244
1968,3344
1968,3395
1968,3548
1968,3549
1968,3580
1968,3791
1968,3800
1968,3931
1968,3962
1968,4047
1968,4052
1968,4054
1968,4091
1968,4093
1968,4165
1968,4166
1968,4167
1968,4168
1968,4176
1968,4241
1968,4243
1968,4244
1968,4285
1968,4300
1968,4618
1968,4667
1968,4689
1968,4699
1968,4742
1968,4746
1968,4855
1968,4941
1968,4981
1968,5016
1968,5131
1968,5161
1969,1443
1970,597
1970,1300
1970,1717
1970,2082
1970,2996
1970,3396
1970,4606
1970,4742
1971,1295
1971,1300
1971,1449
1972,730
1972,1302
1972,1353
1972,1426
1972,1434
1972,1478
1972,1662
1972,1670
1972,1692
1972,1707
1972,1944
1972,1973
1972,2282
1972,2427
1972,2456
1972,2584
1972,2591
1972,2999
1972,3088
1972,3123
1972,3300
1972,4177
1972,5268
1972,5269
1973,1259
1973,1303
1973,1312
1973,1314
1973,1315
1973,1380
1973,1461
1973,1654
1973,1669
1973,1677
1973,1682
1973,1683
1973,1685
1973,1687
1973,1696
1973,1700
1973,1717
1973,1838
1973,1982
1973,2249
1973,2255
1973,2415
1973,2549
1973,2556
1973,2584
1973,2874
1973,3244
1973,3545
1973,4740
1973,5270
1974,1696
1974,1712
1974,2208
1974,2464
1974,2465
1974,2478
1974,2479
1974,2481
1974,2488
1974,2976
1974,3931
1975,882
1975,1319
1975,1325
1975,1484
1975,1705
1975,1759
1975,1923
1975,1953
1975,1990
1975,2109
1975,2175
1975,2176
1975,2259
1975,2271
1975,2273
1975,2293
1975,2323
1975,2478
1975,2560
1975,2579
1975,2580
1975,2596
1975,2600
1975,2609
1975,2613
1975,2614
1975,2616
1975,2618
1975,2628
1975,2630
1975,2631
1975,2640
1975,2642
1975,2665
1975,2888
1975,3010
1975,3038
1975,3041
1975,3043
1975,3047
1975,3095
1975,3257
1975,3570
1975,4515
1975,4675
1975,4780
1975,4782
1975,5037
1975,5129
1975,5271
1976,192
1976,254
1976,713
1976,845
1976,995
1976,1007
1976,1198
1976,1251
1976,1258
1976,1304
1976,1307
1976,1310
1976,1314
1976,1315
1976,1319
1976,1336
1976,1353
1976,1417
1976,1433
1976,1452
1976,1484
1976,1540
1976,1614
1976,1630
1976,1656
1976,1712
1976,1717
1976,1854
1976,1931
1976,1938
1976,1939
1976,1948
1976,1968
1976,1970
1976,1986
1976,1987
1976,2172
1976,2176
1976,2205
1976,2240
1976,2248
1976,2258
1976,2260
1976,2268
1976,2270
1976,2272
1976,2281
1976,2290
1976,2291
1976,2294
1976,2313
1976,2422
1976,2464
1976,2471
1976,2484
1976,2487
1976,2488
1976,2635
1976,2671
1976,2993
1976,3013
1976,3239
1976,3549
1976,4099
1976,4165
1976,4856
1976,5272
1977,163
1977,352
1977,781
1977,824
1977,1007
1977,1104
1977,1217
1977,1283
1977,1301
1977,1302
1977,1307
1977,1312
1977,1370
1977,1398
1977,1409
1977,1443
1977,1471
1977,1478
1977,1599
1977,1614
1977,1644
1977,1653
1977,1664
1977,1665
1977,1681
1977,1682
1977,1685
1977,1697
1977,1699
1977,1757
1977,1936
1977,1944
1977,1948
1977,1954
1977,1968
1977,1987
1977,1992
1977,2035
1977,2165
1977,2240
1977,2243
1977,2245
1977,2247
1977,2250
1977,2253
1977,2257
1977,2258
1977,2261
1977,2266
1977,2270
1977,2279
1977,2290
1977,2293
1977,2309
1977,2466
1977,2470
1977,2484
1977,2516
1977,2540
1977,2580
1977,2594
1977,2630
1977,2689
1977,2915
1977,2923
1977,2986
1977,2998
1977,3016
1977,3017
1977,3025
1977,3123
1977,3124
1977,3400
1977,3905
1977,4023
1977,4043
1977,4053
1977,4099
1977,4100
1977,4107
1977,4139
1977,4303
1977,4400
1977,4588
1977,4604
1977,4780
1977,4805
1977,4820
1977,5161
1977,5168
1977,5273
1977,5274
1978,369
1978,597
1978,1104
1978,1318
1978,1319
1978,1482
1978,1539
1978,1571
1978,1670
1978,1697
1978,1705
1978,1708
1978,2561
1978,2726
1978,2794
1978,2979
1978,3077
1978,4742
1978,5275
1979,1104
1979,1263
1979,1654
1979,2049
1979,2291
1979,3010
1979,3123
1979,3239
1979,3242
1979,3397
1979,3612
1979,3858
1979,4302
1979,4670
1979,4771
1979,4815
1979,5276
1979,5277
1980,4095
1981,1982
1981,1986
1981,2570
1981,2574
1981,5156
1981,5278
1982,781
1982,1296
1982,1298
1982,1312
1982,1459
1982,1649
1982,1666
1982,1682
1982,1693
1982,1694
1982,1709
1982,1923
1982,1968
1982,1981
1982,1986
1982,2160
1982,2258
1982,2465
1982,2469
1982,2486
1982,2570
1982,2887
1982,2966
1982,2986
1982,2993
1982,3088
1982,3551
1982,3556
1982,3557
1982,3823
1982,4097
1982,4166
1982,4177
1982,4181
1982,4243
1982,4607
1982,4670
1982,4742
1982,4882
1982,4897
1982,4996
1982,5112
1982,5156
1982,5197
1982,5278
1982,5279
1983,192
1983,1174
1983,1244
1983,1685
1984,4929
1985,1333
1985,2585
1985,3883
1985,4733
1986,1304
1986,1315
1986,1698
1986,1981
1986,1982
1986,2174
1986,2281
1986,2469
1986,2570
1986,2574
1986,3396
1986,3557
1986,4181
1986,4702
1987,115
1987,906
1987,932
1987,1007
1987,1019
1987,1079
1987,1198
1987,1259
1987,1282
1987,1300
1987,1571
1987,1614
1987,1617
1987,1692
1987,1696
1987,1706
1987,1712
1987,1730
1987,1759
1987,1767
1987,1927
1987,1976
1987,1984
1987,2089
1987,2165
1987,2167
1987,2176
1987,2210
1987,2247
1987,2250
1987,2259
1987,2261
1987,2271
1987,2279
1987,2286
1987,2291
1987,2293
1987,2294
1987,2313
1987,2317
1987,2320
1987,2324
1987,2325
1987,2362
1987,2476
1987,2478
1987,2482
1987,2483
1987,2484
1987,2487
1987,2489
1987,2560
1987,2564
1987,2571
1987,2585
1987,2590
1987,2592
1987,2598
1987,2603
1987,2608
1987,2609
1987,2611
1987,2618
1987,2619
1987,2625
1987,2626
1987,2631
1987,2634
1987,2639
1987,2641
1987,2643
1987,2650
1987,2654
1987,2655
1987,2656
1987,2660
1987,2663
1987,2664
1987,2665
1987,2669
1987,2672
1987,2676
1987,2683
1987,2688
1987,2689
1987,2693
1987,2697
1987,2725
1987,2729
1987,2730
1987,2731
1987,2737
1987,2812
1987,2816
1987,2882
1987,2891
1987,2894
1987,2927
1987,2996
1987,2998
1987,3043
1987,3045
1987,3051
1987,3055
1987,3088
1987,3094
1987,3098
1987,3099
1987,3224
1987,3244
1987,3258
1987,3320
1987,3558
1987,3587
1987,3602
1987,3604
1987,3607
1987,3609
1987,3615
1987,3619
1987,3644
1987,3659
1987,3825
1987,3832
1987,3834
1987,3835
1987,3838
1987,3931
1987,3952
1987,3954
1987,4321
1987,4365
1987,4413
1987,4460
1987,4463
1987,4656
1987,4730
1987,4782
1987,4962
1987,4965
1987,5245
1987,5266
1987,5280
1987,5281
1987,5282
1987,5283
1988,1313
1988,1693
1988,2555
1988,4668
1988,4703
1988,5284
1989,2275
1989,2279
1989,2560
1989,2603
1989,2642
1989,2887
1989,3564
1989,3900
1990,438
1990,918
1990,1079
1990,1144
1990,1285
1990,1312
1990,1319
1990,1426
1990,1464
1990,1473
1990,1484
1990,1538
1990,1614
1990,1666
1990,1670
1990,1678
1990,1692
1990,1694
1990,1951
1990,1975
1990,1976
1990,1984
1990,1986
1990,2039
1990,2109
1990,2154
1990,2167
1990,2169
1990,2171
1990,2202
1990,2247
1990,2271
1990,2280
1990,2286
1990,2294
1990,2310
1990,2316
1990,2399
1990,2453
1990,2470
1990,2473
1990,2483
1990,2487
1990,2488
1990,2491
1990,2550
1990,2560
1990,2571
1990,2576
1990,2585
1990,2586
1990,2614
1990,2619
1990,2620
1990,2622
1990,2626
1990,2629
1990,2647
1990,2656
1990,2671
1990,2673
1990,2727
1990,2923
1990,2989
1990,3008
1990,3010
1990,3038
1990,3040
1990,3041
1990,3044
1990,3051
1990,3128
1990,3214
1990,3222
1990,3258
1990,3316
1990,3537
1990,3572
1990,3574
1990,3578
1990,3874
1990,3955
1990,4122
1990,4402
1990,4577
1990,4606
1990,4730
1990,4787
1990,4788
1990,4799
1990,4900
1990,4998
1990,5001
1990,5134
1990,5285
1990,5286
1990,5287
1991,1614
1991,2163
1991,2485
1991,2489
1991,2560
1991,2594
1991,2598
1991,2604
1991,2617
1991,2635
1991,2976
1991,3018
1991,3021
1991,3126
1991,3214
1991,3257
1991,3934
1991,4526
1991,5135
1992,2205
1992,2260
1992,2464
1992,2470
1992,3030
1992,3930
1992,5288
1993,1707
1993,2464
1993,3719
1993,3740
1993,4905
1993,5289
1994,1026
1994,1049
1994,1436
1994,1934
1994,5122
1995,911
1995,1026
1995,1107
1995,1422
1995,2989
1995,3087
1995,3561
1995,4176
1995,4228
1995,4270
1996,165
1996,278
1996,357
1996,377
1997,165
1997,2421
1998,1203
1999,522
1999,594
1999,625
1999,964
1999,1019
1999,1138
1999,1143
1999,1146
1999,1811
1999,2303
1999,2336
1999,2398
1999,5290
1999,5291
2000,636
2000,1361
2000,3840
2000,5185
2001,1155
2001,1300
2001,1314
2001,1466
2001,1645
2001,1954
2001,1955
2001,2422
2001,3592
2001,4138
2001,4173
2001,4685
2002,858
2002,1328
2002,1471
2002,1566
2002,1780
2002,2123
2002,4148
2002,4636
2003,1538
2003,1772
2003,1952
2003,2012
2003,5292
2004,326
2004,524
2004,685
2004,699
2004,1026
2004,1341
2004,1342
2004,1403
2004,1596
2004,1612
2004,1821
2004,1901
2004,1937
2004,2960
2004,3777
2005,823
2005,2426
2006,492
2006,923
2006,1098
2006,1202
2006,1226
2006,1336
2006,1900
2006,2130
2006,2426
2006,2503
2006,3147
2006,3885
2007,503
2007,532
2007,646
2007,1079
2007,1096
2007,1261
2007,1407
2007,1782
2007,1928
2007,2131
2007,2524
2007,3165
2007,5027
2008,1415
2008,1467
2008,3162
2008,3163
2008,3991
2008,4624
2009,192
2009,437
2009,542
2009,732
2009,906
2009,1078
2009,1155
2009,1174
2009,1249
2009,1251
2009,1259
2009,1271
2009,1275
2009,1298
2009,1305
2009,1417
2009,1418
2009,1458
2009,1462
2009,1478
2009,1481
2009,1538
2009,1553
2009,1596
2009,1617
2009,1621
2009,1632
2009,1640
2009,1664
2009,1723
2009,1763
2009,1844
2009,1854
2009,1876
2009,1900
2009,1933
2009,1934
2009,1937
2009,1952
2009,2005
2009,2029
2009,2036
2009,2153
2009,2162
2009,2248
2009,2917
2009,3244
2009,3316
2009,3501
2009,4137
2009,4168
2009,4238
2009,4281
2009,4362
2009,4588
2009,4637
2010,1198
2010,1410
2010,2352
2010,2356
2010,2450
2010,2643
2010,2658
2010,2666
2010,2693
2010,2705
2010,2725
2010,2729
2010,2743
2010,2812
2010,3162
2010,3240
2010,3253
2010,3546
2010,3644
2010,3832
2010,3857
2010,4135
2010,4439
2010,4962
2010,5085
2010,5293
2011,156
2011,165
2011,434
2011,492
2011,636
2011,637
2011,645
2011,689
2011,774
2011,785
2011,839
2011,923
2011,999
2011,1166
2011,1202
2011,1213
2011,1249
2011,1271
2011,1342
2011,1420
2011,1453
2011,1617
2011,1622
2011,1776
2011,1869
2011,1870
2011,1873
2011,1900
2011,1901
2011,1922
2011,1932
2011,1934
2011,1956
2011,1963
2011,1985
2011,2004
2011,2006
2011,2014
2011,2029
2011,2426
2011,2430
2011,2535
2011,2856
2011,2913
2011,3139
2011,3847
2011,3985
2011,4282
2011,5208
2011,5294
2012,415
2012,969
2012,1202
2012,1205
2012,1213
2012,1271
2012,1618
2012,1854
2012,1874
2012,1900
2012,1932
2012,1934
2012,1936
2012,2003
2012,2031
2012,2426
2012,4254
2013,1267
2013,1596
2013,1620
2013,1622
2013,2541
2013,2542
2013,2927
2013,4087
2013,4337
2014,139
2014,173
2014,323
2014,464
2014,516
2014,774
2014,780
2014,862
2014,913
2014,961
2014,966
2014,974
2014,1343
2014,1362
2014,1366
2014,1399
2014,1566
2014,1775
2014,1809
2014,1901
2014,1936
2014,2006
2014,2059
2014,2077
2014,2432
2014,2880
2014,3909
2014,4068
2014,4234
2014,4555
2014,5295
2015,648
2015,993
2015,1615
2015,1617
2015,1686
2015,1876
2015,2077
2015,3502
2016,1433
2016,1686
2016,3152
2016,4396
2017,1883
2017,2020
2017,3203
2018,377
2019,645
2019,1275
2019,1933
2019,2022
2019,3211
2019,4991
2020,650
2020,1423
2020,2017
2020,3203
2021,685
2021,1019
2021,1481
2021,1667
2021,2022
2021,2319
2021,2666
2021,2679
2021,2690
2021,2694
2021,2700
2021,2735
2021,2741
2021,2812
2021,2818
2021,2828
2021,2839
2021,3225
2021,3229
2021,3622
2021,3629
2021,3642
2021,3643
2021,3646
2021,3648
2021,3652
2021,3663
2021,3704
2021,3705
2021,3831
2021,4338
2021,4441
2021,4913
2021,4966
2021,5067
2021,5118
2021,5209
2021,5282
2021,5296
2021,5297
2021,5298
2021,5299
2021,5300
2021,5301
2021,5302
2021,5303
2021,5304
2021,5305
2021,5306
2021,5307
2021,5308
2021,5309
2022,275
2022,944
2022,1458
2022,1624
2022,1907
2022,2019
2022,2917
2022,3082
2022,3166
2022,3987
2023,686
2023,1630
2023,2024
2023,2917
2023,2918
2024,1271
2024,1571
2024,1618
2024,2023
2024,4005
2024,4010
2024,4328
2024,4612
2025,1267
2025,1425
2025,2031
2025,2048
2025,4013
2025,4214
2025,4833
2026,396
2027,1026
2027,1252
2027,1257
2027,1341
2027,1425
2027,1599
2027,1821
2027,2031
2027,2041
2027,2113
2027,2536
2027,4003
2027,4007
2028,1441
2028,1844
2028,2031
2029,3
2029,62
2029,121
2029,171
2029,296
2029,317
2029,449
2029,493
2029,497
2029,506
2029,559
2029,650
2029,760
2029,996
2029,1078
2029,1253
2029,1260
2029,1271
2029,1272
2029,1328
2029,1423
2029,1433
2029,1446
2029,1844
2029,1932
2029,2003
2029,2037
2029,3112
2029,3238
2029,3836
2029,4009
2029,4992
2030,2353
2030,2379
2030,2812
2030,4975
2031,778
2031,1213
2031,1226
2031,1255
2031,1259
2031,1267
2031,1342
2031,1412
2031,1421
2031,1433
2031,1876
2031,1932
2031,2025
2031,2027
2031,2040
2031,2125
2031,2240
2031,3112
2031,3995
2031,4011
2031,4119
2031,4338
2031,4991
2031,5127
2031,5312
2032,348
2032,999
2032,1174
2032,1257
2032,1263
2032,1433
2032,1446
2032,1632
2032,2033
2032,2922
2033,348
2033,1174
2033,1265
2033,1345
2033,1433
2033,1435
2033,1437
2033,1440
2033,1443
2033,1447
2033,2244
2033,2245
2033,2249
2033,2542
2033,2963
2033,3014
2033,3316
2033,4023
2033,4043
2033,4615
2033,4692
2033,4943
2034,1155
2034,1436
2034,1453
2034,1462
2034,1464
2034,1596
2034,1844
2034,1948
2034,1950
2034,1954
2034,1963
2034,2422
2034,2546
2034,2967
2034,3010
2034,3622
2034,3804
2034,4040
2034,4046
2034,4137
2034,4978
2034,5050
2035,1442
2035,2049
2035,4211
2036,918
2036,1252
2036,1410
2036,1421
2036,1612
2036,1619
2036,1624
2036,1640
2036,1844
2036,1854
2036,2051
2036,2243
2036,2918
2036,3851
2036,4256
2036,4286
2036,4991
2036,5313
2036,5314
2037,464
2037,732
2037,758
2037,1017
2037,1073
2037,1098
2037,1145
2037,1174
2037,1252
2037,1263
2037,1266
2037,1271
2037,1433
2037,1437
2037,1753
2037,1782
2037,1844
2037,1932
2037,2049
2037,2067
2037,2131
2037,2138
2037,2153
2037,2336
2037,2442
2037,4692
2037,4753
2038,1263
2038,1943
2038,4328
2038,4753
2039,369
2039,806
2039,1307
2039,2463
2039,2464
2039,2722
2039,2993
2040,778
2040,996
2040,1261
2040,1263
2040,1421
2040,1425
2040,1936
2040,2031
2040,4360
2041,781
2041,935
2041,1260
2041,1433
2041,1453
2041,1463
2041,1596
2041,1854
2041,1895
2041,2031
2041,2036
2041,2051
2041,2336
2041,2539
2041,3459
2041,3851
2041,4339
2042,1263
2042,2051
2042,4016
2043,650
2043,729
2043,1425
2043,1434
2043,1436
2043,1632
2043,1783
2043,2050
2043,2051
2043,3304
2043,3851
2043,4255
2044,1258
2044,1300
2044,1446
2044,1453
2044,1538
2044,1665
2044,1844
2044,2051
2044,3802
2044,5051
2045,1263
2045,1434
2045,1444
2045,1445
2045,1934
2045,2046
2045,2051
2045,2077
2045,2241
2045,2469
2045,5021
2046,672
2046,1078
2046,1463
2046,2045
2046,2051
2046,3328
2046,3346
2046,4149
2046,4588
2046,5315
2047,636
2047,1263
2047,1375
2047,1632
2047,1633
2047,2051
2047,2415
2047,2540
2047,3495
2047,3496
2047,4022
2047,4393
2047,4673
2047,4712
2048,377
2048,782
2048,923
2048,1078
2048,1149
2048,1267
2048,1425
2048,1616
2048,1629
2048,1778
2048,1843
2048,2025
2048,2051
2048,3314
2048,4013
2048,4214
2048,4588
2049,778
2049,836
2049,932
2049,980
2049,1002
2049,1144
2049,1261
2049,1262
2049,1263
2049,1267
2049,1432
2049,1433
2049,1440
2049,1445
2049,1448
2049,1450
2049,1476
2049,1614
2049,1616
2049,1620
2049,1629
2049,1630
2049,1632
2049,1633
2049,1844
2049,1893
2049,1902
2049,1907
2049,1937
2049,1940
2049,1943
2049,1946
2049,1948
2049,1979
2049,2035
2049,2050
2049,2051
2049,2153
2049,2354
2049,2445
2049,2540
2049,3113
2049,3203
2049,3243
2049,3330
2049,3331
2049,3346
2049,3347
2049,3495
2049,4024
2049,4345
2049,4358
2049,4588
2049,4615
2049,4633
2049,4673
2049,4707
2049,4933
2049,4978
2049,5241
2049,5316
2050,1961
2050,2027
2050,2043
2050,2049
2050,2051
2050,3277
2050,5317
2051,1002
2051,1247
2051,1251
2051,1263
2051,1432
2051,1433
2051,1437
2051,1440
2051,1447
2051,1537
2051,1596
2051,1599
2051,1615
2051,1631
2051,1632
2051,1694
2051,1757
2051,1777
2051,1844
2051,1902
2051,1936
2051,1937
2051,2036
2051,2041
2051,2043
2051,2044
2051,2045
2051,2046
2051,2048
2051,2049
2051,2136
2051,2516
2051,2539
2051,2916
2051,3023
2051,3166
2051,4587
2051,4615
2051,4889
2051,5318
2052,1262
2052,4020
2052,4289
2053,167
2053,1575
2054,3357
2054,3364
2055,170
2055,182
2055,886
2055,1166
2055,2876
2056,442
2056,951
2056,1014
2057,856
2057,1044
2057,1224
2057,1388
2057,3773
2058,174
2058,584
2058,960
2058,1388
2059,170
2059,2935
2060,1218
2060,1388
2061,604
2061,3779
2062,594
2063,1030
2064,170
2064,259
2064,960
2065,3
2065,170
2065,269
2065,432
2065,439
2065,453
2065,530
2065,789
2065,987
2065,1015
2065,1028
2065,1030
2065,1815
2065,2057
2065,3427
2065,4375
2065,5319
2066,170
2067,286
2067,339
2067,358
2067,418
2067,703
2067,746
2067,2930
2068,171
2068,500
2068,989
2068,1026
2069,171
2069,435
2070,171
2070,1030
2070,1933
2070,2298
2071,171
2071,452
2072,171
2073,528
2073,1157
2074,172
2074,439
2074,453
2074,506
2074,515
2074,592
2074,637
2074,831
2074,863
2074,1009
2074,1011
2074,1140
2074,1580
2074,2296
2074,2302
2074,3365
2074,4262
2075,171
2075,172
2075,415
2076,492
2076,1932
2076,2445
2076,3994
2077,503
2077,993
2077,1612
2077,1870
2077,2015
2077,2925
2077,4087
2078,3099
2078,4409
2078,4796
2079,2895
2079,5320
2079,5321
2079,5322
2080,5098
2080,5306
2081,2093
2081,2761
2081,3698
2081,4432
2081,4484
2082,1743
2082,1970
2082,2695
2082,3229
2082,3268
2082,3753
2082,4307
2082,4407
2082,4441
2082,4495
2082,4905
2082,4914
2082,5323
2082,5324
2082,5325
2082,5326
2082,5327
2082,5328
2082,5329
2082,5330
2082,5331
2083,2694
2083,3811
2084,2690
2084,2747
2084,3665
2084,4436
2084,4795
2084,4904
2084,5332
2085,5333
2085,5334
2086,3663
2086,5335
2086,5336
2086,5337
2087,1688
2087,5338
2088,2090
2088,3088
2088,4153
2088,5339
2089,1426
2089,2157
2089,2320
2089,2321
2089,2611
2089,2645
2089,2655
2089,2673
2089,2680
2089,2715
2089,2743
2089,2750
2089,2897
2089,3225
2089,3654
2089,3677
2089,3839
2089,3955
2089,4288
2089,4481
2089,4527
2089,4787
2089,5340
2089,5341
2089,5342
2090,2088
2090,2707
2091,2357
2091,2764
2091,2774
2091,2779
2091,3650
2091,3677
2091,4114
2091,4484
2091,4907
2091,5177
2091,5221
2091,5343
2091,5344
2092,818
2092,2744
2092,3652
2092,5345
2092,5346
2093,2081
2093,2356
2093,2760
2093,3057
2093,3591
2093,3686
2093,4438
2093,4484
2093,5347
2093,5348
2093,5349
2094,2093
2094,2820
2094,2831
2094,3222
2094,4235
2094,4493
2094,4508
2094,4509
2094,5253
2094,5350
2094,5351
2094,5352
2094,5353
2094,5354
2095,174
2095,5355
2096,87
2096,679
2097,49
2097,180
2098,180
2098,500
2098,502
2098,1162
2098,1163
2098,3774
2099,18
2099,760
2099,1734
2100,502
2101,582
2101,4660
2102,121
2102,180
2102,256
2102,365
2102,605
2102,2098
2103,85
2103,181
2103,219
2103,294
2103,336
2103,337
2103,393
2103,1179
2103,1199
2103,1227
2104,412
2105,617
2105,1064
2106,76
2106,186
2107,186
2108,187
2109,9
2109,21
2109,188
2109,235
2109,245
2109,254
2109,293
2109,309
2109,332
2109,342
2109,348
2109,352
2109,370
2109,385
2109,388
2109,485
2109,628
2109,660
2109,730
2109,732
2109,745
2109,884
2109,906
2109,945
2109,965
2109,973
2109,1007
2109,1079
2109,1099
2109,1107
2109,1198
2109,1249
2109,1271
2109,1317
2109,1318
2109,1346
2109,1353
2109,1357
2109,1361
2109,1375
2109,1380
2109,1409
2109,1424
2109,1426
2109,1434
2109,1459
2109,1461
2109,1479
2109,1481
2109,1482
2109,1515
2109,1539
2109,1610
2109,1614
2109,1626
2109,1637
2109,1662
2109,1664
2109,1676
2109,1705
2109,1707
2109,1759
2109,1867
2109,1921
2109,1950
2109,1953
2109,1970
2109,1972
2109,1975
2109,1987
2109,1989
2109,1990
2109,1995
2109,2046
2109,2124
2109,2164
2109,2196
2109,2210
2109,2248
2109,2259
2109,2293
2109,2295
2109,2309
2109,2310
2109,2316
2109,2318
2109,2327
2109,2399
2109,2416
2109,2425
2109,2463
2109,2467
2109,2477
2109,2483
2109,2485
2109,2489
2109,2553
2109,2571
2109,2577
2109,2587
2109,2588
2109,2592
2109,2596
2109,2598
2109,2600
2109,2602
2109,2603
2109,2611
2109,2613
2109,2614
2109,2618
2109,2619
2109,2626
2109,2628
2109,2630
2109,2631
2109,2638
2109,2646
2109,2656
2109,2665
2109,2675
2109,2726
2109,2737
2109,2794
2109,2886
2109,2892
2109,2915
2109,3012
2109,3016
2109,3034
2109,3036
2109,3038
2109,3044
2109,3050
2109,3087
2109,3092
2109,3101
2109,3121
2109,3222
2109,3253
2109,3275
2109,3394
2109,3519
2109,3561
2109,3567
2109,3572
2109,3586
2109,3607
2109,3616
2109,3667
2109,3793
2109,3841
2109,3964
2109,4210
2109,4306
2109,4319
2109,4574
2109,4577
2109,4832
2109,4835
2109,4883
2109,5036
2109,5200
2109,5357
2109,5358
2110,189
2111,265
2111,547
2111,813
2112,163
2112,259
2112,662
2112,1017
2112,1528
2113,448
2113,510
2113,512
2113,798
2113,869
2113,963
2113,987
2113,1019
2113,1027
2113,1028
2113,1138
2113,1141
2113,1213
2113,1323
2113,2027
2113,2513
2113,3219
2114,539
2114,989
2114,1029
2114,1030
2114,1138
2114,1754
2114,1906
2114,2118
2114,2302
2114,3187
2114,3881
2115,2114
2116,1140
2116,1447
2116,1718
2116,4889
2117,595
2117,1734
2118,323
2118,464
2118,528
2118,672
2118,718
2118,755
2118,780
2118,964
2118,966
2118,990
2118,1012
2118,1014
2118,1108
2118,1137
2118,1146
2118,1276
2118,1390
2118,1754
2118,1852
2118,1879
2118,1916
2118,2114
2118,2302
2118,2306
2118,2336
2118,2530
2118,2842
2118,3384
2118,3387
2118,3459
2118,4084
2118,5359
2119,1078
2120,449
2120,1280
2121,636
2121,780
2121,800
2121,963
2121,967
2121,1093
2121,1280
2121,1597
2121,1920
2121,2307
2121,3447
2122,981
2122,1146
2122,2995
2123,496
2123,515
2123,702
2123,1026
2123,1049
2123,1166
2123,1350
2123,1566
2123,2002
2123,4323
2124,370
2124,513
2124,664
2124,729
2124,875
2124,966
2124,1042
2124,1137
2124,1171
2124,1336
2124,1352
2124,1362
2124,1783
2124,1910
2124,2192
2124,2416
2124,2519
2124,3214
2124,3275
2124,4233
2124,4837
2125,539
2125,646
2125,681
2125,711
2125,1226
2125,1356
2125,1425
2125,2031
2125,2904
2125,5312
2126,646
2126,1332
2126,1407
2126,1549
2126,1611
2126,2388
2126,3178
2127,1407
2127,2133
2127,2424
2128,1278
2128,1365
2128,2151
2128,5360
2129,839
2129,1337
2129,3143
2130,381
2130,492
2130,532
2130,542
2130,546
2130,628
2130,685
2130,836
2130,839
2130,913
2130,927
2130,954
2130,966
2130,994
2130,1098
2130,1202
2130,1357
2130,1360
2130,1415
2130,1434
2130,1467
2130,1549
2130,1615
2130,1776
2130,1854
2130,1855
2130,2006
2130,2128
2130,2133
2130,3760
2130,3845
2130,3885
2130,3971
2131,431
2131,502
2131,532
2131,665
2131,794
2131,932
2131,962
2131,986
2131,995
2131,1042
2131,1263
2131,1332
2131,1336
2131,1364
2131,1389
2131,1616
2131,1622
2131,1906
2131,2150
2131,2224
2131,2420
2131,2422
2131,2856
2131,3076
2131,3135
2131,3159
2131,3394
2131,3859
2131,3872
2131,3905
2131,4610
2131,4873
2131,4888
2131,5361
2132,664
2132,765
2132,1928
2132,2131
2132,4657
2132,5362
2133,503
2133,839
2133,932
2133,1202
2133,1247
2133,1254
2133,1255
2133,1314
2133,1332
2133,1928
2133,2130
2133,2420
2133,2421
2133,2503
2133,3164
2133,4212
2133,4333
2133,5362
2133,5363
2134,257
2134,492
2134,685
2134,686
2134,774
2134,946
2134,1331
2134,1336
2134,1415
2134,1612
2134,1776
2134,1871
2134,1872
2134,1928
2134,2423
2134,2426
2134,2524
2134,3066
2134,3163
2134,3359
2135,645
2135,1616
2135,1922
2135,1933
2135,1935
2135,2019
2135,4282
2136,670
2136,836
2136,1367
2136,1433
2136,1446
2136,1450
2136,1631
2136,1632
2136,1708
2136,1840
2136,2051
2136,3314
2137,1325
2137,1738
2137,1777
2137,4379
2138,996
2138,1399
2138,1902
2138,2915
2139,111
2139,206
2139,298
2139,553
2139,2214
2139,2933
2140,357
2140,399
2140,475
2140,794
2140,797
2140,945
2140,976
2140,983
2140,1136
2140,1157
2140,1631
2140,2519
2140,2583
2141,420
2141,489
2141,611
2141,757
2141,758
2142,406
2143,451
2143,512
2143,3173
2144,525
2144,2508
2144,3445
2145,457
2145,528
2146,11
2146,18
2146,131
2146,167
2146,192
2146,269
2146,408
2146,435
2146,448
2146,524
2146,535
2146,559
2146,583
2146,620
2146,662
2146,801
2146,867
2146,944
2146,1135
2146,1273
2146,1325
2146,1532
2146,1582
2146,1726
2146,1749
2146,1786
2146,1803
2146,2070
2146,2508
2146,3795
2146,3881
2146,4077
2146,5364
2147,683
2147,966
2147,1145
2147,1348
2147,1357
2147,1363
2147,1612
2147,1686
2147,1823
2147,1871
2147,2854
2147,2855
2148,192
2148,275
2148,532
2148,1351
2148,1364
2148,1782
2148,1844
2148,4233
2149,163
2149,532
2149,1019
2149,1079
2149,1413
2149,1693
2149,1844
2149,1927
2149,2021
2149,2124
2149,2209
2149,2224
2149,2318
2149,2320
2149,2321
2149,2323
2149,2327
2149,2344
2149,2351
2149,2352
2149,2353
2149,2399
2149,2480
2149,2565
2149,2576
2149,2603
2149,2611
2149,2614
2149,2622
2149,2633
2149,2654
2149,2658
2149,2664
2149,2665
2149,2666
2149,2671
2149,2672
2149,2679
2149,2680
2149,2688
2149,2697
2149,2708
2149,2722
2149,2725
2149,2738
2149,2741
2149,2763
2149,2770
2149,2782
2149,2784
2149,2812
2149,2834
2149,2891
2149,3027
2149,3045
2149,3051
2149,3054
2149,3055
2149,3099
2149,3100
2149,3177
2149,3224
2149,3225
2149,3227
2149,3270
2149,3567
2149,3602
2149,3609
2149,3641
2149,3644
2149,3656
2149,3666
2149,3678
2149,3689
2149,3712
2149,3732
2149,3927
2149,3952
2149,3955
2149,3966
2149,3968
2149,4009
2149,4113
2149,4174
2149,4183
2149,4322
2149,4425
2149,4457
2149,4460
2149,4525
2149,4537
2149,4655
2149,4907
2149,4913
2149,5142
2149,5143
2149,5266
2149,5365
2149,5366
2149,5367
2149,5368
2149,5369
2149,5370
2149,5371
2149,5372
2149,5373
2149,5374
2149,5375
2150,140
2150,170
2150,192
2150,257
2150,448
2150,502
2150,503
2150,508
2150,518
2150,522
2150,525
2150,532
2150,594
2150,625
2150,646
2150,665
2150,686
2150,710
2150,774
2150,778
2150,797
2150,799
2150,801
2150,839
2150,875
2150,923
2150,949
2150,964
2150,971
2150,977
2150,1011
2150,1020
2150,1024
2150,1132
2150,1146
2150,1161
2150,1166
2150,1212
2150,1263
2150,1275
2150,1323
2150,1325
2150,1345
2150,1346
2150,1348
2150,1366
2150,1389
2150,1398
2150,1400
2150,1412
2150,1569
2150,1590
2150,1601
2150,1605
2150,1612
2150,1752
2150,1775
2150,1787
2150,1844
2150,1855
2150,1858
2150,1879
2150,1890
2150,1928
2150,1958
2150,2002
2150,2131
2150,2166
2150,2269
2150,2337
2150,2402
2150,2425
2150,2506
2150,2519
2150,2841
2150,2955
2150,3142
2150,3146
2150,3157
2150,3165
2150,3295
2150,3303
2150,3304
2150,3446
2150,3463
2150,3792
2150,3841
2150,3872
2150,3893
2150,3971
2150,3978
2150,4592
2150,4612
2150,5376
2151,686
2151,2166
2151,5377
2152,1004
2153,1003
2153,1017
2153,1174
2153,1251
2153,1273
2153,1425
2153,1444
2153,1445
2153,1446
2153,1467
2153,1596
2153,1634
2153,1640
2153,1723
2153,1946
2153,1947
2153,1950
2153,1955
2153,2049
2153,2922
2153,3276
2153,3539
2153,3937
2153,4027
2153,4046
2153,4054
2153,4259
2153,4293
2153,4356
2153,4358
2153,4636
2154,192
2154,1314
2154,1710
2154,1713
2154,1948
2154,2257
2154,2275
2154,2279
2154,2912
2154,3012
2154,3037
2154,4094
2154,4400
2154,4668
2154,4777
2154,4844
2154,4852
2154,5378
2154,5379
2155,1651
2155,1653
2155,2965
2155,2971
2155,2972
2155,3335
2155,3396
2155,3543
2155,3843
2155,4037
2155,4053
2155,4054
2155,4588
2155,4998
2155,5060
2155,5380
2155,5381
2156,1315
2156,1482
2156,1664
2156,1966
2156,2888
2156,3134
2157,192
2157,1033
2157,1174
2157,1244
2157,1271
2157,1409
2157,1442
2157,1613
2157,1677
2157,1706
2157,1753
2157,1927
2157,2003
2157,2089
2157,2155
2157,2159
2157,2163
2157,2172
2157,2210
2157,2319
2157,2327
2157,2353
2157,2357
2157,2450
2157,2631
2157,2694
2157,2700
2157,2711
2157,2718
2157,2722
2157,2743
2157,2748
2157,2752
2157,2776
2157,2784
2157,2834
2157,2836
2157,2891
2157,2993
2157,3031
2157,3055
2157,3129
2157,3225
2157,3591
2157,3615
2157,3627
2157,3629
2157,3641
2157,3676
2157,3678
2157,3686
2157,3753
2157,4302
2157,4427
2157,5264
2157,5312
2157,5382
2158,192
2158,1629
2158,2162
2158,4096
2158,4607
2159,1666
2159,1688
2159,1698
2159,3335
2160,1982
2160,2570
2160,4240
2160,4243
2161,1293
2161,1302
2161,1304
2161,1682
2161,2268
2161,2557
2161,2585
2161,4057
2161,4239
2161,4880
2161,5038
2162,192
2162,778
2162,1174
2162,1244
2162,1286
2162,1638
2162,1656
2162,1666
2162,1690
2162,1957
2162,2114
2162,2158
2162,2168
2162,2174
2162,2176
2162,2302
2162,3397
2162,3518
2162,3557
2162,4181
2162,4567
2162,4669
2162,5065
2162,5119
2162,5125
2162,5158
2162,5167
2163,192
2163,781
2163,1286
2163,1680
2163,1710
2163,1759
2163,1927
2163,1991
2163,2157
2163,2172
2163,2365
2163,2482
2163,2818
2163,2839
2163,2966
2163,3045
2163,3101
2163,3127
2163,3214
2163,3570
2163,3581
2163,3700
2163,4443
2163,4506
2163,5218
2164,9
2164,89
2164,192
2164,204
2164,254
2164,332
2164,352
2164,369
2164,566
2164,629
2164,646
2164,685
2164,774
2164,780
2164,798
2164,806
2164,845
2164,877
2164,965
2164,989
2164,1007
2164,1019
2164,1024
2164,1033
2164,1171
2164,1176
2164,1198
2164,1246
2164,1261
2164,1262
2164,1273
2164,1302
2164,1303
2164,1305
2164,1307
2164,1312
2164,1353
2164,1422
2164,1484
2164,1571
2164,1602
2164,1656
2164,1664
2164,1674
2164,1676
2164,1707
2164,1712
2164,1753
2164,1782
2164,1852
2164,1896
2164,1938
2164,1975
2164,1976
2164,1977
2164,1987
2164,1990
2164,2109
2164,2168
2164,2248
2164,2250
2164,2259
2164,2313
2164,2316
2164,2323
2164,2325
2164,2330
2164,2344
2164,2345
2164,2357
2164,2447
2164,2457
2164,2464
2164,2489
2164,2562
2164,2588
2164,2602
2164,2604
2164,2611
2164,2614
2164,2619
2164,2620
2164,2622
2164,2626
2164,2630
2164,2647
2164,2658
2164,2664
2164,2669
2164,2674
2164,2689
2164,2705
2164,2725
2164,2730
2164,2737
2164,2743
2164,2782
2164,2882
2164,2891
2164,2987
2164,3018
2164,3043
2164,3049
2164,3052
2164,3089
2164,3098
2164,3099
2164,3218
2164,3221
2164,3258
2164,3316
2164,3600
2164,3639
2164,3878
2164,3965
2164,4302
2164,4307
2164,4315
2164,4507
2164,5325
2164,5383
2164,5384
2164,5385
2165,1644
2165,1690
2165,2249
2165,2270
2165,2271
2165,2285
2165,2484
2165,2551
2165,2981
2165,2982
2165,2989
2165,2995
2165,3088
2165,3118
2165,3547
2165,3776
2165,4168
2165,4242
2165,5386
2166,153
2166,192
2166,640
2166,665
2166,798
2166,898
2166,1257
2166,1345
2166,1349
2166,1380
2166,1412
2166,1602
2166,1707
2166,1708
2166,1767
2166,2114
2166,2150
2166,2561
2166,3121
2167,192
2167,592
2167,1244
2167,1310
2167,1313
2167,1426
2167,1479
2167,1538
2167,1656
2167,1838
2167,1961
2167,2155
2167,2172
2167,2210
2167,2279
2167,2323
2167,2470
2167,2477
2167,2486
2167,2488
2167,2560
2167,2578
2167,2590
2167,2596
2167,2622
2167,2976
2167,3010
2167,3019
2167,3020
2167,3030
2167,3037
2167,3091
2167,3095
2167,3127
2167,3214
2167,3258
2167,3319
2167,3552
2167,3659
2167,3929
2167,3932
2167,4180
2167,4462
2167,4563
2167,4573
2167,4735
2167,4746
2167,4785
2167,4981
2167,5069
2167,5107
2167,5133
2167,5387
2167,5388
2167,5389
2167,5390
2167,5391
2168,1267
2168,2162
2168,3557
2169,192
2169,1307
2169,1680
2169,2576
2169,2983
2169,4169
2170,192
2170,1666
2171,192
2171,1244
2171,1298
2171,1311
2171,1459
2171,1589
2171,1637
2171,1701
2171,1707
2171,1899
2171,1958
2171,1968
2171,1984
2171,1986
2171,1990
2171,2160
2171,2162
2171,2165
2171,2204
2171,2250
2171,2255
2171,2267
2171,2281
2171,2455
2171,2456
2171,2459
2171,2469
2171,2476
2171,2484
2171,2552
2171,2565
2171,2566
2171,2577
2171,2986
2171,3088
2171,3123
2171,3126
2171,3167
2171,3242
2171,3518
2171,3922
2171,3927
2171,4085
2171,4094
2171,4181
2171,4241
2171,4242
2171,4300
2171,4563
2171,4666
2171,4667
2171,4668
2171,4730
2171,4766
2171,4882
2171,4984
2171,5023
2171,5033
2171,5107
2171,5387
2172,192
2172,243
2172,660
2172,1289
2172,1318
2172,1461
2172,1481
2172,1539
2172,1662
2172,1666
2172,1697
2172,1705
2172,1899
2172,1980
2172,2161
2172,2168
2172,2255
2172,2258
2172,2266
2172,2270
2172,2271
2172,2310
2172,2313
2172,2328
2172,2399
2172,2486
2172,2488
2172,2584
2172,2596
2172,2603
2172,2624
2172,2630
2172,2673
2172,2948
2172,2964
2172,2980
2172,2993
2172,3012
2172,3028
2172,3032
2172,3057
2172,3241
2172,3259
2172,3917
2172,4169
2172,4730
2172,4760
2172,4802
2172,4813
2172,4923
2172,5388
2172,5392
2172,5393
2173,2202
2173,4515
2173,5394
2174,192
2174,498
2174,1247
2174,1629
2174,1693
2174,1713
2174,1986
2174,2162
2174,2543
2174,2564
2174,3518
2174,3926
2174,4703
2174,5395
2175,192
2175,332
2175,642
2175,760
2175,906
2175,923
2175,1007
2175,1104
2175,1107
2175,1130
2175,1262
2175,1266
2175,1291
2175,1445
2175,1459
2175,1461
2175,1537
2175,1614
2175,1630
2175,1666
2175,1678
2175,1689
2175,1759
2175,1782
2175,1844
2175,1939
2175,1965
2175,1975
2175,1992
2175,2168
2175,2254
2175,2259
2175,2320
2175,2478
2175,2490
2175,2570
2175,2585
2175,2604
2175,2609
2175,2611
2175,2622
2175,2627
2175,2630
2175,2647
2175,2656
2175,2664
2175,2674
2175,2689
2175,2706
2175,2725
2175,2771
2175,2775
2175,2952
2175,3003
2175,3016
2175,3043
2175,3055
2175,3091
2175,3096
2175,3101
2175,3126
2175,3331
2175,3410
2175,3570
2175,3575
2175,3623
2175,3645
2175,3659
2175,3919
2175,3968
2175,4137
2175,4297
2175,4321
2175,4408
2175,4427
2175,4655
2175,5367
2176,192
2176,597
2176,906
2176,1104
2176,1259
2176,1314
2176,1315
2176,1452
2176,1461
2176,1479
2176,1589
2176,1654
2176,1656
2176,1687
2176,1698
2176,1767
2176,1843
2176,1845
2176,1939
2176,1976
2176,1987
2176,2162
2176,2171
2176,2203
2176,2204
2176,2249
2176,2268
2176,2274
2176,2277
2176,2281
2176,2285
2176,2289
2176,2291
2176,2292
2176,2465
2176,2466
2176,2469
2176,2470
2176,2494
2176,2580
2176,2585
2176,3007
2176,3030
2176,3090
2176,3091
2176,3134
2176,3397
2176,3552
2176,3928
2176,4165
2176,4167
2176,4668
2176,4669
2176,4737
2176,4768
2176,4771
2176,4815
2176,4926
2176,4983
2177,192
2178,727
2178,847
2179,193
2179,1374
2180,194
2181,194
2181,477
2182,703
2182,750
2183,1374
2184,418
2185,11
2185,195
2185,284
2185,321
2185,779
2186,996
2187,622
2188,552
2188,633
2189,89
2190,625
2190,699
2190,711
2190,765
2190,789
2190,971
2190,973
2190,1240
2190,1248
2190,1336
2190,1337
2190,1339
2190,1669
2190,1740
2190,2021
2190,2175
2190,2320
2190,2475
2190,2519
2190,2645
2190,2667
2190,2677
2190,2680
2190,2700
2190,3055
2190,3236
2190,3322
2190,3345
2190,3514
2190,3564
2190,3632
2190,3646
2190,3788
2190,3826
2190,3831
2190,3837
2190,4903
2190,5174
2190,5396
2190,5397
2191,1341
2191,1588
2191,3136
2192,893
2192,3421
2192,5398
2193,496
2193,924
2194,2451
2194,3421
2195,775
2195,1115
2195,1775
2196,252
2197,279
2197,357
2197,742
2198,120
2198,321
2198,545
2198,699
2198,2929
2199,284
2199,703
2200,274
2200,289
2200,290
2200,377
2200,396
2200,749
2201,201
2201,206
2201,1171
2202,1078
2202,2173
2202,2362
2202,2379
2202,2608
2202,2721
2202,2741
2202,2760
2202,2770
2202,2821
2202,2831
2202,3650
2202,3693
2202,3742
2202,3836
2202,4113
2202,4172
2202,4359
2202,4484
2202,4666
2202,4952
2202,4983
2202,5034
2202,5222
2202,5373
2202,5399
2202,5400
2202,5401
2203,1305
2203,1518
2203,1646
2203,1653
2203,2275
2203,2282
2203,2285
2203,2286
2203,2287
2203,2290
2203,2292
2203,2468
2203,2585
2203,3001
2203,3007
2203,3038
2203,3123
2203,3247
2203,3397
2203,4303
2203,4774
2203,4815
2203,4952
2203,5402
2203,5403
2204,332
2204,1104
2204,1452
2204,1993
2204,2176
2204,2291
2204,2465
2204,2473
2204,2487
2204,2650
2204,3037
2204,3123
2204,3134
2204,3899
2204,4667
2204,4768
2204,5121
2205,1518
2205,1992
2205,2470
2205,2488
2205,2585
2205,2616
2205,3397
2205,5404
2206,4165
2207,201
2207,1315
2207,1571
2207,1687
2207,1968
2207,1979
2207,2154
2207,2260
2207,2284
2207,2285
2207,2291
2207,2470
2207,2474
2207,2477
2207,2585
2207,2594
2207,2615
2207,2989
2207,2998
2207,3037
2207,3122
2207,3247
2207,3776
2207,4669
2207,4763
2207,4777
2207,5288
2208,1630
2208,1646
2208,1677
2208,1974
2208,2210
2208,2211
2208,2260
2208,2465
2208,2469
2208,2481
2208,2485
2208,2486
2208,2487
2208,2488
2208,2490
2208,2571
2208,2586
2208,2594
2208,2601
2208,2610
2208,2616
2208,3003
2208,3036
2208,3250
2208,3251
2208,3252
2208,3256
2208,3777
2208,3900
2208,3950
2208,4228
2208,4779
2208,4859
2208,5088
2208,5187
2208,5405
2208,5406
2209,665
2209,839
2209,1079
2209,1104
2209,1300
2209,1426
2209,1541
2209,1686
2209,2149
2209,2224
2209,2271
2209,2293
2209,2321
2209,2352
2209,2461
2209,2488
2209,2557
2209,2620
2209,2633
2209,2679
2209,2716
2209,2720
2209,2894
2209,3010
2209,3015
2209,3225
2209,3226
2209,3324
2209,3602
2209,3609
2209,3849
2209,4403
2209,4524
2209,4640
2209,4669
2209,5102
2209,5268
2209,5291
2209,5338
2209,5365
2209,5407
2209,5408
2209,5409
2209,5410
2210,192
2210,741
2210,776
2210,1294
2210,1424
2210,1571
2210,1937
2210,1987
2210,2248
2210,2284
2210,2291
2210,2294
2210,2465
2210,2469
2210,2470
2210,2481
2210,2484
2210,2486
2210,2585
2210,2590
2210,2591
2210,2995
2210,3008
2210,3009
2210,3012
2210,3045
2210,3397
2210,3481
2210,3899
2210,3950
2210,4165
2210,4806
2210,5035
2210,5088
2210,5404
2210,5411
2211,323
2211,1646
2211,2208
2211,2479
2211,3036
2211,5166
2211,5412
2211,5413
2212,3833
2212,5022
2213,420
2214,206
2214,2139
2215,11
2215,37
2215,96
2215,105
2215,107
2215,127
2215,195
2215,207
2215,214
2215,228
2215,235
2215,241
2215,250
2215,254
2215,268
2215,274
2215,284
2215,286
2215,292
2215,300
2215,330
2215,350
2215,368
2215,373
2215,413
2215,420
2215,441
2215,484
2215,708
2215,717
2215,749
2215,764
2215,909
2215,2235
2216,875
2216,1328
2216,1344
2216,1348
2217,213
2218,71
2218,221
2218,256
2218,432
2219,221
2220,221
2221,221
2222,221
2223,5
2223,77
2223,100
2223,183
2223,197
2223,223
2223,302
2223,542
2223,1213
2223,1226
2223,1617
2223,2008
2223,2013
2223,2433
2223,3507
2223,3508
2223,3510
2223,3511
2223,3580
2223,4216
2223,5414
2223,5415
2224,370
2224,685
2224,3881
2224,4678
2225,183
2225,188
2225,249
2225,294
2225,319
2225,338
2225,954
2225,1182
2226,1234
2227,107
2227,118
2227,249
2227,265
2227,294
2227,363
2227,378
2227,481
2227,735
2228,295
2228,337
2229,389
2229,1234
2230,7
2230,15
2230,83
2230,84
2230,89
2230,91
2230,113
2230,188
2230,197
2230,209
2230,214
2230,224
2230,237
2230,251
2230,260
2230,272
2230,294
2230,309
2230,387
2230,412
2230,471
2230,481
2230,1182
2230,1230
2230,1268
2230,1377
2231,165
2232,743
2233,94
2233,228
2233,235
2233,261
2233,272
2233,324
2233,547
2234,395
2235,211
2235,255
2235,305
2235,321
2235,367
2235,374
2235,418
2235,625
2235,2386
2236,772
2236,1122
2237,964
2237,1028
2237,1920
2238,594
2238,860
2238,1330
2239,270
2239,5416
2240,447
2240,475
2240,492
2240,499
2240,683
2240,699
2240,789
2240,932
2240,973
2240,980
2240,1010
2240,1245
2240,1256
2240,1282
2240,1340
2240,1353
2240,1393
2240,1403
2240,1439
2240,1450
2240,1506
2240,1534
2240,1614
2240,1776
2240,1948
2240,1976
2240,1977
2240,2007
2240,2031
2240,2076
2240,2135
2240,2245
2240,2249
2240,2259
2240,2410
2240,2510
2240,2518
2240,2945
2240,2959
2240,3347
2240,4255
2240,5416
2241,650
2241,1425
2241,1626
2241,1934
2241,1959
2241,2014
2241,2045
2241,3328
2241,3959
2242,438
2242,791
2242,932
2242,954
2242,1098
2242,1252
2242,1260
2242,1303
2242,1433
2242,1447
2242,1628
2242,1632
2242,1738
2242,1895
2242,1934
2242,2245
2242,2285
2242,3329
2242,3947
2242,4000
2242,4021
2242,4243
2242,4709
2242,4753
2243,1265
2243,1436
2243,1633
2243,1936
2243,3212
2243,4397
2243,4993
2244,438
2244,1007
2244,1254
2244,1379
2244,1436
2244,1439
2244,1440
2244,1444
2244,1445
2244,1447
2244,1448
2244,1631
2244,1707
2244,1875
2244,1944
2244,1946
2244,2033
2244,2516
2244,3300
2244,3346
2244,3804
2244,3921
2244,4349
2244,4598
2244,5011
2244,5417
2245,646
2245,980
2245,990
2245,1425
2245,1439
2245,1446
2245,1447
2245,1449
2245,1450
2245,1627
2245,1940
2245,1948
2245,1977
2245,2033
2245,2240
2245,2242
2245,2538
2245,2542
2245,3347
2245,4032
2245,4033
2245,4044
2245,4395
2245,4673
2245,4940
2246,323
2247,143
2247,1244
2247,1409
2247,1453
2247,1987
2247,1990
2247,2279
2247,2560
2247,2586
2247,2634
2247,2664
2247,2683
2247,3615
2247,3966
2247,4310
2247,4406
2247,4574
2247,4966
2248,555
2248,660
2248,806
2248,882
2248,906
2248,1019
2248,1033
2248,1079
2248,1107
2248,1198
2248,1247
2248,1259
2248,1291
2248,1317
2248,1318
2248,1353
2248,1380
2248,1416
2248,1424
2248,1459
2248,1478
2248,1538
2248,1589
2248,1637
2248,1651
2248,1662
2248,1666
2248,1690
2248,1697
2248,1699
2248,1700
2248,1889
2248,1923
2248,1927
2248,1939
2248,1968
2248,1986
2248,2082
2248,2109
2248,2149
2248,2168
2248,2174
2248,2209
2248,2210
2248,2250
2248,2258
2248,2259
2248,2262
2248,2270
2248,2277
2248,2286
2248,2294
2248,2317
2248,2318
2248,2320
2248,2321
2248,2323
2248,2324
2248,2354
2248,2399
2248,2459
2248,2477
2248,2488
2248,2489
2248,2495
2248,2558
2248,2560
2248,2586
2248,2594
2248,2614
2248,2618
2248,2645
2248,2648
2248,2654
2248,2663
2248,2664
2248,2669
2248,2670
2248,2671
2248,2679
2248,2692
2248,2693
2248,2694
2248,2695
2248,2701
2248,2725
2248,2737
2248,2759
2248,2785
2248,2849
2248,2898
2248,2924
2248,2964
2248,2992
2248,2998
2248,3010
2248,3018
2248,3043
2248,3051
2248,3101
2248,3128
2248,3134
2248,3213
2248,3222
2248,3248
2248,3249
2248,3258
2248,3264
2248,3319
2248,3323
2248,3335
2248,3570
2248,3610
2248,3656
2248,3952
2248,3967
2248,4060
2248,4177
2248,4288
2248,4317
2248,4319
2248,4457
2248,4460
2248,4484
2248,4515
2248,4648
2248,4736
2248,4855
2248,4898
2248,4942
2248,5086
2248,5125
2248,5142
2248,5210
2248,5324
2248,5338
2248,5409
2248,5419
2249,323
2249,332
2249,721
2249,931
2249,1254
2249,1258
2249,1353
2249,1426
2249,1461
2249,1468
2249,1656
2249,1661
2249,1665
2249,1666
2249,1676
2249,1692
2249,1696
2249,1716
2249,1767
2249,1827
2249,1925
2249,1939
2249,1944
2249,1961
2249,1963
2249,1978
2249,2033
2249,2050
2249,2116
2249,2165
2249,2208
2249,2212
2249,2240
2249,2258
2249,2259
2249,2260
2249,2261
2249,2269
2249,2270
2249,2278
2249,2284
2249,2294
2249,2415
2249,2453
2249,2461
2249,2487
2249,2571
2249,2584
2249,2585
2249,2590
2249,2592
2249,2594
2249,2613
2249,2671
2249,2782
2249,2915
2249,2985
2249,3007
2249,3032
2249,3121
2249,3134
2249,3252
2249,3331
2249,3335
2249,3564
2249,3933
2249,4220
2249,4243
2249,4304
2249,4674
2249,4745
2249,4775
2249,4841
2249,4861
2249,4882
2249,5022
2249,5156
2249,5420
2250,370
2250,1247
2250,1259
2250,1298
2250,1308
2250,1319
2250,1656
2250,1666
2250,1668
2250,1968
2250,1977
2250,2269
2250,2271
2250,2272
2250,2453
2250,2484
2250,2560
2250,2849
2250,2993
2250,3028
2250,3555
2250,3931
2250,4091
2250,4167
2250,4220
2250,4241
2250,4563
2250,5162
2250,5421
2251,1079
2251,1217
2251,1300
2251,1466
2251,1476
2251,1478
2251,1952
2251,3961
2251,4013
2251,4150
2251,4295
2251,4689
2251,5422
2252,2259
2252,2775
2252,4795
2252,5423
2253,1672
2253,2455
2253,2971
2253,2975
2253,4243
2254,1296
2254,1647
2254,2155
2254,3148
2255,1319
2255,1899
2255,2270
2255,2271
2255,2463
2255,2628
2255,4169
2255,4179
2255,4748
2256,1304
2257,995
2257,1300
2257,1319
2257,1939
2257,2154
2257,2165
2257,2261
2257,2269
2257,3017
2257,3123
2257,3244
2258,323
2258,721
2258,1217
2258,1271
2258,1291
2258,1292
2258,1293
2258,1296
2258,1298
2258,1302
2258,1306
2258,1308
2258,1313
2258,1314
2258,1370
2258,1424
2258,1426
2258,1449
2258,1463
2258,1482
2258,1614
2258,1638
2258,1656
2258,1666
2258,1689
2258,1693
2258,1696
2258,1707
2258,1767
2258,1838
2258,1931
2258,1939
2258,1961
2258,1968
2258,1970
2258,1976
2258,1977
2258,2172
2258,2208
2258,2248
2258,2249
2258,2260
2258,2278
2258,2280
2258,2289
2258,2294
2258,2313
2258,2328
2258,2415
2258,2456
2258,2461
2258,2463
2258,2469
2258,2481
2258,2482
2258,2487
2258,2488
2258,2489
2258,2583
2258,2585
2258,2592
2258,2594
2258,2640
2258,2671
2258,2888
2258,2915
2258,2923
2258,3007
2258,3034
2258,3043
2258,3086
2258,3121
2258,3123
2258,3134
2258,3148
2258,3252
2258,3254
2258,3333
2258,3541
2258,3564
2258,3871
2258,3946
2258,3949
2258,4055
2258,4176
2258,4180
2258,4604
2258,4882
2258,5405
2258,5420
2259,352
2259,377
2259,660
2259,732
2259,786
2259,806
2259,836
2259,974
2259,980
2259,995
2259,1007
2259,1079
2259,1107
2259,1205
2259,1302
2259,1314
2259,1316
2259,1353
2259,1380
2259,1403
2259,1424
2259,1426
2259,1461
2259,1484
2259,1539
2259,1599
2259,1637
2259,1676
2259,1938
2259,1939
2259,1953
2259,1972
2259,1977
2259,1978
2259,1987
2259,1990
2259,2109
2259,2160
2259,2164
2259,2171
2259,2240
2259,2248
2259,2252
2259,2258
2259,2270
2259,2271
2259,2309
2259,2313
2259,2318
2259,2320
2259,2324
2259,2356
2259,2399
2259,2464
2259,2483
2259,2488
2259,2575
2259,2584
2259,2608
2259,2613
2259,2625
2259,2626
2259,2630
2259,2631
2259,2635
2259,2642
2259,2645
2259,2646
2259,2654
2259,2656
2259,2664
2259,2669
2259,2674
2259,2676
2259,2688
2259,2689
2259,2705
2259,2725
2259,2737
2259,2780
2259,2794
2259,2882
2259,2894
2259,2895
2259,2970
2259,3012
2259,3027
2259,3028
2259,3038
2259,3040
2259,3055
2259,3057
2259,3098
2259,3222
2259,3236
2259,3253
2259,3318
2259,3401
2259,3410
2259,3554
2259,3571
2259,3595
2259,3720
2259,4222
2259,4315
2259,4424
2259,4792
2259,4796
2259,4963
2259,5220
2259,5424
2259,5425
2259,5426
2259,5427
2260,1079
2260,1298
2260,1313
2260,1656
2260,1937
2260,1966
2260,1992
2260,2176
2260,2203
2260,2207
2260,2208
2260,2249
2260,2258
2260,2287
2260,2290
2260,2291
2260,2294
2260,2313
2260,2464
2260,2469
2260,2475
2260,2478
2260,2481
2260,2585
2260,2610
2260,2888
2260,3016
2260,3019
2260,3036
2260,3247
2260,3254
2260,4092
2260,4113
2260,4399
2260,4737
2260,4774
2260,4859
2260,4861
2260,4883
2260,4944
2260,5131
2260,5428
2261,1248
2261,1282
2261,1305
2261,1313
2261,1316
2261,1319
2261,1380
2261,1452
2261,1682
2261,1708
2261,1717
2261,1843
2261,1931
2261,1939
2261,1973
2261,1977
2261,1978
2261,1987
2261,2176
2261,2249
2261,2257
2261,2262
2261,2267
2261,2268
2261,2270
2261,2272
2261,2294
2261,2977
2261,2986
2261,3118
2261,3126
2261,3344
2261,3548
2261,3559
2261,4176
2261,4241
2261,5065
2261,5161
2261,5274
2262,1315
2262,1319
2262,1380
2262,1682
2262,1698
2262,1939
2262,2261
2262,2268
2262,2484
2262,2980
2262,3856
2262,4166
2262,4241
2262,4746
2263,945
2263,1098
2263,1108
2263,1262
2263,1287
2263,1453
2263,1456
2263,1538
2263,1553
2263,1571
2263,1738
2263,1838
2263,1899
2263,2003
2263,2309
2263,2551
2263,2554
2263,2729
2263,2849
2263,3244
2263,3850
2263,3916
2263,4569
2264,2272
2264,5429
2265,1340
2265,1690
2265,2275
2265,2290
2265,3121
2265,4668
2265,4882
2266,1708
2267,1217
2267,1314
2267,1708
2267,1968
2267,2261
2267,4091
2267,4167
2267,4243
2267,4668
2267,4950
2267,5121
2267,5161
2268,932
2268,1259
2268,1312
2268,1319
2268,1571
2268,1663
2268,1690
2268,1692
2268,1702
2268,1704
2268,1709
2268,1717
2268,1843
2268,1875
2268,2161
2268,2176
2268,2469
2268,2849
2268,3117
2268,3239
2268,3856
2268,4088
2268,4091
2268,4167
2268,4169
2268,4730
2268,5162
2269,515
2269,522
2269,638
2269,781
2269,831
2269,932
2269,1024
2269,1104
2269,1146
2269,1151
2269,1152
2269,1282
2269,1298
2269,1325
2269,1390
2269,1456
2269,1656
2269,1666
2269,1708
2269,1775
2269,1811
2269,1843
2269,1921
2269,1939
2269,1968
2269,1976
2269,1982
2269,1987
2269,2171
2269,2250
2269,2255
2269,2257
2269,2258
2269,2267
2269,2272
2269,2293
2269,2304
2269,2477
2269,2484
2269,2488
2269,2519
2269,2555
2269,2565
2269,2570
2269,2985
2269,2996
2269,3000
2269,3016
2269,3088
2269,3123
2269,3126
2269,4167
2269,4169
2269,4179
2269,4241
2269,4242
2269,4768
2269,5156
2270,633
2270,712
2270,732
2270,781
2270,806
2270,906
2270,1217
2270,1248
2270,1281
2270,1282
2270,1296
2270,1298
2270,1302
2270,1303
2270,1304
2270,1305
2270,1318
2270,1319
2270,1353
2270,1417
2270,1424
2270,1445
2270,1449
2270,1461
2270,1479
2270,1553
2270,1571
2270,1614
2270,1656
2270,1662
2270,1664
2270,1680
2270,1690
2270,1707
2270,1708
2270,1711
2270,1717
2270,1744
2270,1845
2270,1898
2270,1899
2270,1957
2270,1968
2270,1975
2270,1976
2270,1978
2270,2162
2270,2164
2270,2165
2270,2172
2270,2238
2270,2248
2270,2249
2270,2250
2270,2255
2270,2258
2270,2259
2270,2261
2270,2262
2270,2267
2270,2271
2270,2294
2270,2430
2270,2456
2270,2457
2270,2470
2270,2488
2270,2489
2270,2528
2270,2555
2270,2583
2270,2613
2270,2626
2270,2646
2270,2961
2270,2968
2270,2986
2270,2993
2270,3016
2270,3077
2270,3122
2270,3148
2270,3241
2270,3778
2270,3811
2270,3957
2270,4023
2270,4027
2270,4167
2270,4169
2270,4171
2270,4567
2270,4766
2270,5033
2270,5046
2270,5066
2270,5197
2271,966
2271,1107
2271,1198
2271,1292
2271,1307
2271,1424
2271,1426
2271,1452
2271,1696
2271,1975
2271,1984
2271,1987
2271,2160
2271,2165
2271,2172
2271,2202
2271,2250
2271,2255
2271,2280
2271,2284
2271,2286
2271,2291
2271,2320
2271,2399
2271,2464
2271,2484
2271,2489
2271,2553
2271,2606
2271,2614
2271,2622
2271,2623
2271,2626
2271,2638
2271,2639
2271,2646
2271,2657
2271,2658
2271,2660
2271,2663
2271,2989
2271,3003
2271,3027
2271,3044
2271,3045
2271,3057
2271,3098
2271,3123
2271,3222
2271,3335
2271,3557
2271,3570
2271,3580
2271,3954
2271,4120
2271,4306
2271,4730
2271,4792
2271,5036
2271,5122
2271,5430
2272,229
2272,296
2272,1666
2272,1716
2272,2250
2272,2264
2272,5429
2273,4522
2274,1317
2274,1452
2274,1482
2274,1638
2274,1654
2274,1703
2274,2176
2274,2279
2274,2291
2274,2470
2274,2570
2274,2927
2274,3012
2274,3019
2274,3090
2274,3247
2274,3928
2274,4100
2274,4771
2274,4849
2275,1654
2275,1690
2275,1939
2275,1989
2275,2154
2275,2203
2275,2265
2275,2273
2275,2281
2275,2290
2275,2580
2275,2907
2275,4296
2275,4848
2275,4855
2275,4882
2275,5121
2276,332
2276,1302
2276,1318
2276,1426
2276,1484
2276,2281
2276,2294
2276,2376
2276,2468
2276,2469
2276,2473
2276,2476
2276,2484
2276,3124
2276,4241
2276,4815
2277,2284
2277,2471
2277,3810
2278,876
2278,934
2278,1252
2278,1344
2278,1443
2278,1479
2278,1553
2278,1599
2278,1614
2278,1677
2278,1707
2278,1712
2278,1939
2278,1956
2278,1966
2278,2167
2278,2176
2278,2203
2278,2249
2278,2258
2278,2260
2278,2269
2278,2273
2278,2281
2278,2285
2278,2291
2278,2294
2278,2465
2278,2466
2278,2470
2278,2472
2278,2473
2278,2474
2278,2476
2278,2481
2278,2484
2278,2534
2278,2571
2278,2596
2278,2647
2278,2655
2278,2688
2278,2890
2278,2892
2278,2907
2278,2927
2278,2996
2278,3007
2278,3010
2278,3013
2278,3016
2278,3026
2278,3032
2278,3045
2278,3090
2278,3096
2278,3097
2278,3129
2278,3220
2278,3570
2278,3899
2278,3925
2278,3927
2278,3928
2278,3931
2278,3937
2278,4168
2278,4292
2278,4357
2278,4392
2278,4675
2278,4817
2278,4954
2278,5131
2278,5420
2278,5431
2278,5432
2279,781
2279,1426
2279,1670
2279,1676
2279,1706
2279,1838
2279,1968
2279,1989
2279,2082
2279,2167
2279,2247
2279,2255
2279,2267
2279,2268
2279,2273
2279,2274
2279,2284
2279,2294
2279,2324
2279,2467
2279,2469
2279,2478
2279,2484
2279,2560
2279,2592
2279,2596
2279,2614
2279,2616
2279,2628
2279,2639
2279,2658
2279,2849
2279,2885
2279,2907
2279,2912
2279,2976
2279,2989
2279,2996
2279,3010
2279,3016
2279,3019
2279,3020
2279,3036
2279,3044
2279,3047
2279,3127
2279,3134
2279,3251
2279,3257
2279,3258
2279,3564
2279,3930
2279,3934
2279,4091
2279,4094
2279,4097
2279,4166
2279,4177
2279,4291
2279,4307
2279,4569
2279,4666
2279,4788
2279,4815
2279,4848
2279,4863
2279,5010
2279,5061
2279,5121
2279,5157
2279,5161
2279,5197
2279,5433
2279,5434
2279,5435
2280,1305
2280,1317
2280,1654
2280,1706
2280,2271
2280,2281
2280,2284
2280,2484
2280,2580
2280,2590
2280,2780
2280,3016
2280,3020
2280,3564
2280,5001
2280,5074
2280,5128
2280,5157
2280,5436
2281,1294
2281,1518
2281,1716
2281,1986
2281,2168
2281,2176
2281,2275
2281,2276
2281,2280
2281,2469
2281,2475
2281,2580
2281,3397
2281,3810
2281,4168
2281,4669
2281,4775
2282,1318
2282,2203
2282,2287
2282,2291
2282,2585
2282,4668
2283,830
2283,2284
2283,4771
2283,4848
2284,1307
2284,1452
2284,1706
2284,1712
2284,1939
2284,1954
2284,1965
2284,2176
2284,2207
2284,2271
2284,2277
2284,2279
2284,2280
2284,2283
2284,2287
2284,2291
2284,2461
2284,2464
2284,2470
2284,2474
2284,2494
2284,2580
2284,2585
2284,2639
2284,2671
2284,3005
2284,3007
2284,3096
2284,3134
2284,3250
2284,4302
2284,4853
2284,5437
2285,419
2285,584
2285,660
2285,1452
2285,1638
2285,1939
2285,2165
2285,2171
2285,2203
2285,2207
2285,2286
2285,2287
2285,2291
2285,2464
2285,2466
2285,2557
2285,3000
2285,3028
2285,3030
2285,3037
2285,3247
2285,3927
2285,4302
2285,4852
2286,1079
2286,1424
2286,1696
2286,1987
2286,1993
2286,2203
2286,2248
2286,2271
2286,2285
2286,2291
2286,2330
2286,2463
2286,2464
2286,2580
2286,2989
2286,3239
2287,1315
2287,1654
2287,2203
2287,2282
2287,2284
2287,2285
2287,2579
2287,3134
2287,5158
2288,689
2288,2837
2288,2927
2288,3568
2288,4771
2289,1294
2289,1452
2289,1939
2289,1986
2289,2176
2289,2457
2289,2464
2289,2467
2289,2484
2289,2580
2289,3030
2289,3123
2289,3557
2289,3564
2289,3899
2289,4092
2289,4666
2289,4703
2289,5063
2289,5274
2289,5438
2290,660
2290,1654
2290,2203
2290,2265
2290,2275
2290,2286
2290,2996
2290,5131
2291,1294
2291,1298
2291,1452
2291,1540
2291,1638
2291,1939
2291,1952
2291,1954
2291,1976
2291,1979
2291,1987
2291,2176
2291,2204
2291,2207
2291,2271
2291,2274
2291,2282
2291,2284
2291,2285
2291,2286
2291,2294
2291,2460
2291,2464
2291,2466
2291,2467
2291,2488
2291,2489
2291,2565
2291,2590
2291,2596
2291,2996
2291,3007
2291,3010
2291,3090
2291,3929
2291,4165
2291,4302
2291,4668
2291,4669
2291,4675
2291,4737
2291,4854
2291,5074
2291,5107
2291,5131
2291,5439
2292,2203
2292,3038
2292,5440
2293,1539
2293,1939
2293,1987
2293,2469
2293,2486
2293,2488
2293,2568
2293,2571
2293,2596
2293,2613
2293,2794
2293,2998
2293,3028
2293,3564
2294,370
2294,498
2294,860
2294,1079
2294,1104
2294,1198
2294,1248
2294,1259
2294,1286
2294,1291
2294,1296
2294,1305
2294,1312
2294,1313
2294,1315
2294,1317
2294,1370
2294,1424
2294,1465
2294,1479
2294,1539
2294,1614
2294,1654
2294,1656
2294,1662
2294,1666
2294,1681
2294,1682
2294,1691
2294,1692
2294,1706
2294,1707
2294,1712
2294,1717
2294,1838
2294,1899
2294,1937
2294,1965
2294,1966
2294,1968
2294,1986
2294,1988
2294,1990
2294,1992
2294,1994
2294,2039
2294,2154
2294,2160
2294,2161
2294,2165
2294,2168
2294,2171
2294,2176
2294,2203
2294,2210
2294,2247
2294,2248
2294,2249
2294,2258
2294,2260
2294,2265
2294,2271
2294,2272
2294,2275
2294,2276
2294,2279
2294,2284
2294,2285
2294,2290
2294,2291
2294,2456
2294,2457
2294,2460
2294,2461
2294,2463
2294,2464
2294,2466
2294,2467
2294,2468
2294,2469
2294,2470
2294,2476
2294,2482
2294,2484
2294,2488
2294,2489
2294,2490
2294,2555
2294,2560
2294,2571
2294,2574
2294,2584
2294,2591
2294,2596
2294,2639
2294,2640
2294,2671
2294,2837
2294,2907
2294,2927
2294,2976
2294,2986
2294,2989
2294,3000
2294,3008
2294,3028
2294,3030
2294,3032
2294,3045
2294,3057
2294,3088
2294,3090
2294,3123
2294,3242
2294,3248
2294,3254
2294,3319
2294,3564
2294,3612
2294,3856
2294,3899
2294,3931
2294,4094
2294,4165
2294,4167
2294,4178
2294,4180
2294,4188
2294,4220
2294,4244
2294,4296
2294,4302
2294,4303
2294,4515
2294,4574
2294,4665
2294,4668
2294,4675
2294,4684
2294,4704
2294,4768
2294,4772
2294,4774
2294,4775
2294,4813
2294,4815
2294,4817
2294,4882
2294,4883
2294,4884
2294,4952
2294,4983
2294,5003
2294,5061
2294,5063
2294,5074
2294,5097
2294,5121
2294,5122
2294,5288
2294,5441
2294,5442
2295,111
2295,254
2295,431
2295,438
2295,843
2295,967
2295,1155
2295,1249
2295,1273
2295,1328
2295,1353
2295,1357
2295,1375
2295,1453
2295,1458
2295,1478
2295,1921
2295,1932
2295,2011
2295,2109
2295,2536
2295,2851
2295,2881
2295,2915
2295,2923
2295,3192
2295,3330
2295,4117
2296,3
2296,12
2296,17
2296,44
2296,74
2296,151
2296,157
2296,167
2296,172
2296,230
2296,231
2296,246
2296,254
2296,285
2296,293
2296,335
2296,348
2296,371
2296,381
2296,386
2296,409
2296,433
2296,464
2296,485
2296,511
2296,516
2296,526
2296,565
2296,592
2296,625
2296,646
2296,671
2296,685
2296,718
2296,744
2296,745
2296,749
2296,765
2296,780
2296,781
2296,785
2296,790
2296,801
2296,831
2296,839
2296,856
2296,857
2296,858
2296,863
2296,867
2296,913
2296,935
2296,945
2296,971
2296,976
2296,981
2296,988
2296,1011
2296,1017
2296,1030
2296,1140
2296,1144
2296,1145
2296,1147
2296,1149
2296,1151
2296,1153
2296,1158
2296,1174
2296,1224
2296,1249
2296,1255
2296,1262
2296,1265
2296,1266
2296,1271
2296,1273
2296,1331
2296,1342
2296,1349
2296,1357
2296,1389
2296,1412
2296,1417
2296,1432
2296,1433
2296,1445
2296,1485
2296,1535
2296,1580
2296,1588
2296,1589
2296,1612
2296,1626
2296,1632
2296,1634
2296,1686
2296,1694
2296,1707
2296,1753
2296,1754
2296,1757
2296,1772
2296,1788
2296,1832
2296,1854
2296,1890
2296,1900
2296,1902
2296,1921
2296,1932
2296,1937
2296,1963
2296,1972
2296,1976
2296,2003
2296,2016
2296,2022
2296,2037
2296,2040
2296,2049
2296,2074
2296,2117
2296,2147
2296,2259
2296,2269
2296,2297
2296,2302
2296,2424
2296,2532
2296,2533
2296,2535
2296,2855
2296,2880
2296,2920
2296,3069
2296,3168
2296,3226
2296,3365
2296,3412
2296,3456
2296,3788
2296,4218
2296,4753
2296,4833
2296,5186
2296,5443
2297,59
2297,137
2297,152
2297,154
2297,167
2297,171
2297,180
2297,269
2297,338
2297,449
2297,452
2297,455
2297,464
2297,509
2297,510
2297,516
2297,518
2297,521
2297,526
2297,592
2297,671
2297,699
2297,870
2297,962
2297,967
2297,989
2297,1010
2297,1023
2297,1024
2297,1030
2297,1049
2297,1158
2297,1327
2297,1350
2297,1515
2297,1518
2297,1751
2297,1834
2297,1909
2297,2296
2297,2302
2297,2336
2297,2514
2297,2530
2297,3187
2298,269
2298,456
2298,2070
2298,4251
2299,625
2299,637
2299,672
2299,765
2299,1027
2300,778
2300,1024
2300,1213
2301,231
2301,365
2301,510
2301,636
2301,702
2301,776
2301,1151
2301,1909
2301,3295
2301,3447
2301,3888
2302,464
2302,504
2302,519
2302,524
2302,546
2302,628
2302,863
2302,867
2302,1019
2302,1023
2302,1138
2302,1140
2302,1152
2302,1153
2302,1528
2302,1580
2302,1754
2302,1821
2302,2074
2302,2114
2302,2118
2302,2162
2302,2513
2302,3456
2302,5444
2303,275
2303,326
2303,415
2303,524
2303,662
2303,672
2303,717
2303,780
2303,782
2303,801
2303,949
2303,963
2303,967
2303,989
2303,1005
2303,1011
2303,1023
2303,1096
2303,1108
2303,1273
2303,1331
2303,1679
2303,1811
2303,1852
2303,1879
2303,1920
2303,1921
2303,1999
2303,2306
2303,2307
2303,2334
2303,2335
2303,2397
2304,369
2304,2398
2305,795
2305,1027
2305,1280
2306,594
2306,718
2306,1143
2306,1276
2306,2303
2306,3068
2307,995
2307,1143
2307,1326
2307,1593
2307,2303
2307,3379
2307,5445
2308,504
2308,765
2308,791
2308,1280
2308,1325
2308,1327
2308,1396
2308,1831
2308,1920
2308,2426
2308,2535
2308,3155
2308,3157
2308,4162
2308,5446
2309,232
2309,351
2309,485
2309,806
2309,843
2309,1144
2309,1247
2309,1268
2309,1302
2309,1353
2309,1404
2309,1422
2309,1443
2309,1446
2309,1470
2309,1481
2309,1537
2309,1539
2309,1696
2309,1899
2309,1914
2309,1959
2309,1977
2309,2172
2309,2259
2309,2263
2309,2267
2309,2310
2309,3077
2309,3241
2309,3788
2309,3962
2309,3972
2309,4676
2309,4890
2310,332
2310,437
2310,466
2310,566
2310,732
2310,781
2310,1024
2310,1033
2310,1273
2310,1302
2310,1353
2310,1422
2310,1453
2310,1461
2310,1482
2310,1484
2310,1539
2310,1571
2310,1656
2310,1662
2310,1705
2310,1712
2310,1772
2310,1827
2310,1899
2310,1972
2310,1990
2310,2109
2310,2141
2310,2162
2310,2163
2310,2172
2310,2205
2310,2248
2310,2270
2310,2309
2310,2313
2310,2323
2310,2422
2310,2464
2310,2519
2310,2544
2310,2577
2310,2579
2310,2588
2310,2590
2310,2604
2310,2630
2310,2635
2310,2640
2310,2685
2310,2729
2310,3041
2310,3089
2310,3123
2310,3239
2310,3252
2310,3580
2310,3856
2310,3968
2310,4213
2311,2615
2311,3043
2311,3932
2311,5447
2312,2057
2312,2328
2312,2359
2312,2364
2312,3686
2312,3754
2312,3952
2312,4113
2312,4664
2312,5448
2312,5449
2313,71
2313,332
2313,1286
2313,1313
2313,1426
2313,1461
2313,1638
2313,1656
2313,1706
2313,1843
2313,1899
2313,1939
2313,1987
2313,2171
2313,2172
2313,2259
2313,2260
2313,2268
2313,2285
2313,2323
2313,2330
2313,2457
2313,2461
2313,2466
2313,2471
2313,2481
2313,2486
2313,2489
2313,2553
2313,2572
2313,2576
2313,2604
2313,2635
2313,2640
2313,2656
2313,2673
2313,2689
2313,2729
2313,2794
2313,2927
2313,3010
2313,3012
2313,3043
2313,3045
2313,3091
2313,3096
2313,3123
2313,3124
2313,3239
2313,3244
2313,3247
2313,3250
2313,3258
2313,3570
2313,3580
2313,3604
2313,3607
2313,4411
2313,4462
2313,4730
2313,4747
2313,4864
2313,5450
2314,4203
2315,4458
2316,918
2316,1990
2316,2323
2316,2490
2316,2604
2316,2641
2316,2689
2316,3049
2316,3096
2316,3221
2316,3577
2316,5028
2316,5451
2317,3319
2317,4137
2317,4193
2317,4864
2317,5452
2318,1320
2318,1677
2318,1730
2318,1992
2318,2109
2318,2279
2318,2323
2318,2399
2318,2560
2318,2586
2318,2600
2318,2622
2318,2645
2318,2653
2318,2654
2318,2656
2318,3012
2318,3040
2318,3043
2318,3222
2318,3318
2318,3566
2318,3571
2318,3580
2318,3949
2318,4321
2318,4779
2318,4780
2318,4864
2318,4998
2318,5002
2318,5004
2318,5367
2318,5453
2319,2320
2319,2645
2319,2682
2319,2685
2319,2690
2319,2700
2319,2707
2319,2728
2319,2731
2319,2774
2319,3253
2319,3268
2319,3615
2319,3617
2319,3641
2319,3653
2319,3659
2319,3669
2319,3712
2319,4536
2319,5338
2319,5454
2319,5455
2320,126
2320,332
2320,369
2320,1079
2320,1198
2320,1240
2320,1260
2320,1484
2320,1596
2320,1637
2320,1689
2320,1941
2320,1965
2320,2089
2320,2136
2320,2149
2320,2175
2320,2247
2320,2271
2320,2314
2320,2317
2320,2319
2320,2322
2320,2352
2320,2461
2320,2575
2320,2600
2320,2611
2320,2612
2320,2626
2320,2631
2320,2641
2320,2642
2320,2645
2320,2646
2320,2649
2320,2653
2320,2656
2320,2657
2320,2659
2320,2663
2320,2664
2320,2665
2320,2669
2320,2673
2320,2679
2320,2688
2320,2693
2320,2714
2320,2743
2320,2816
2320,2895
2320,3053
2320,3057
2320,3098
2320,3099
2320,3101
2320,3131
2320,3319
2320,3320
2320,3322
2320,3567
2320,3578
2320,3582
2320,3595
2320,3608
2320,3612
2320,3613
2320,4314
2320,4315
2320,4319
2320,4322
2320,4411
2320,4642
2320,4655
2320,4929
2320,5114
2320,5137
2320,5140
2320,5196
2320,5266
2320,5456
2320,5457
2320,5458
2320,5459
2320,5460
2321,1079
2321,1310
2321,1667
2321,2089
2321,2149
2321,2326
2321,2354
2321,2450
2321,2611
2321,2642
2321,2655
2321,2659
2321,2663
2321,2668
2321,2669
2321,2720
2321,2725
2321,2735
2321,2744
2321,2754
2321,2796
2321,2811
2321,3047
2321,3227
2321,3604
2321,3605
2321,3609
2321,3667
2321,3704
2321,3757
2321,3968
2321,4113
2321,4433
2321,4459
2321,4611
2321,4643
2321,5461
2321,5462
2321,5463
2322,1205
2322,2320
2322,2399
2322,2486
2322,2579
2322,2642
2322,2657
2322,2658
2322,2705
2322,2714
2322,2724
2322,2729
2322,2737
2322,2782
2322,2816
2322,3027
2322,3099
2322,3222
2322,3582
2322,3601
2322,3613
2322,4319
2322,4321
2322,4642
2322,5135
2322,5137
2322,5464
2323,232
2323,636
2323,882
2323,1079
2323,1240
2323,1264
2323,1440
2323,1975
2323,1990
2323,2089
2323,2149
2323,2310
2323,2313
2323,2315
2323,2316
2323,2320
2323,2324
2323,2325
2323,2344
2323,2479
2323,2483
2323,2493
2323,2544
2323,2604
2323,2605
2323,2611
2323,2617
2323,2622
2323,2631
2323,2647
2323,2650
2323,2654
2323,2656
2323,2657
2323,2658
2323,2659
2323,2663
2323,2665
2323,2669
2323,2671
2323,2676
2323,2677
2323,2679
2323,2680
2323,2683
2323,2693
2323,2723
2323,2727
2323,2766
2323,2891
2323,2898
2323,3038
2323,3041
2323,3051
2323,3094
2323,3096
2323,3098
2323,3101
2323,3215
2323,3222
2323,3227
2323,3602
2323,3604
2323,3607
2323,3611
2323,3613
2323,3614
2323,3619
2323,3620
2323,3640
2323,3833
2323,3968
2323,4023
2323,4319
2323,4320
2323,4405
2323,4458
2323,4473
2323,5004
2323,5174
2323,5283
2323,5465
2324,875
2324,1107
2324,1953
2324,1987
2324,2279
2324,2323
2324,2560
2324,2658
2324,2663
2324,2669
2324,2671
2324,2673
2324,2683
2324,2693
2324,2812
2324,2849
2324,3566
2324,4322
2324,4387
2324,4580
2324,4656
2324,5466
2324,5467
2325,4414
2325,5468
2326,798
2326,1019
2326,1410
2326,1574
2326,1677
2326,1927
2326,2021
2326,2085
2326,2091
2326,2277
2326,2321
2326,2327
2326,2328
2326,2351
2326,2354
2326,2356
2326,2357
2326,2359
2326,2363
2326,2367
2326,2538
2326,2611
2326,2680
2326,2684
2326,2692
2326,2700
2326,2717
2326,2718
2326,2720
2326,2727
2326,2732
2326,2741
2326,2746
2326,2747
2326,2750
2326,2754
2326,2758
2326,2760
2326,2762
2326,2763
2326,2764
2326,2765
2326,2770
2326,2774
2326,2781
2326,2782
2326,2784
2326,2800
2326,2811
2326,2812
2326,2834
2326,2849
2326,2899
2326,3004
2326,3057
2326,3269
2326,3609
2326,3640
2326,3643
2326,3653
2326,3657
2326,3663
2326,3664
2326,3668
2326,3671
2326,3672
2326,3673
2326,3674
2326,3676
2326,3677
2326,3684
2326,3689
2326,3703
2326,3706
2326,3707
2326,3709
2326,3712
2326,3718
2326,3753
2326,3757
2326,3836
2326,4114
2326,4116
2326,4132
2326,4434
2326,4436
2326,4441
2326,4478
2326,4481
2326,4482
2326,4484
2326,4500
2326,4526
2326,4536
2326,4541
2326,4916
2326,4974
2326,5144
2326,5212
2326,5214
2326,5322
2326,5324
2326,5373
2326,5469
2326,5470
2326,5471
2326,5472
2326,5473
2326,5474
2326,5475
2326,5476
2326,5477
2326,5478
2326,5479
2326,5480
2327,2082
2327,2090
2327,2091
2327,2252
2327,2326
2327,2328
2327,2330
2327,2352
2327,2362
2327,2367
2327,2370
2327,2371
2327,2480
2327,2611
2327,2658
2327,2688
2327,2693
2327,2700
2327,2707
2327,2727
2327,2735
2327,2737
2327,2740
2327,2741
2327,2747
2327,2748
2327,2751
2327,2754
2327,2760
2327,2765
2327,2784
2327,2790
2327,2791
2327,2812
2327,2834
2327,3059
2327,3101
2327,3102
2327,3270
2327,3615
2327,3616
2327,3662
2327,3663
2327,3666
2327,3683
2327,3684
2327,3686
2327,3689
2327,3712
2327,3721
2327,3728
2327,3831
2327,3838
2327,3951
2327,3954
2327,4225
2327,4408
2327,4447
2327,4472
2327,4494
2327,4868
2327,4977
2327,5176
2327,5301
2327,5302
2327,5307
2327,5331
2327,5333
2327,5470
2327,5481
2327,5482
2327,5483
2327,5484
2327,5485
2327,5486
2327,5487
2327,5488
2327,5489
2327,5490
2327,5491
2327,5492
2327,5493
2327,5494
2328,156
2328,898
2328,1052
2328,1461
2328,1664
2328,1970
2328,2142
2328,2172
2328,2258
2328,2312
2328,2450
2328,2664
2328,2740
2328,2743
2328,2746
2328,2760
2328,2782
2328,2809
2328,2817
2328,3093
2328,3614
2328,3686
2328,3689
2328,3701
2328,3703
2328,3712
2328,3923
2328,4439
2328,4499
2328,5333
2328,5495
2328,5496
2328,5497
2329,3752
2330,34
2330,120
2330,332
2330,351
2330,391
2330,424
2330,1007
2330,1198
2330,1422
2330,1896
2330,2164
2330,2202
2330,2286
2330,2327
2330,2375
2330,2611
2330,2669
2330,2678
2330,2705
2330,3570
2330,3653
2330,3712
2330,4507
2330,5011
2330,5067
2330,5224
2330,5234
2330,5498
2330,5499
2331,513
2332,1374
2333,154
2333,457
2333,671
2333,702
2333,1011
2333,1014
2333,1021
2333,1026
2333,1242
2333,1596
2333,1833
2333,1835
2333,2504
2334,513
2334,527
2334,1835
2334,1853
2334,2443
2334,2851
2335,625
2335,1769
2335,1835
2336,348
2336,463
2336,475
2336,504
2336,780
2336,860
2336,967
2336,1049
2336,1117
2336,2118
2336,2513
2336,2982
2336,3441
2336,4609
2336,5500
2336,5501
2337,5502
2338,1203
2339,1235
2340,9
2340,89
2340,94
2340,239
2340,243
2340,255
2340,336
2340,363
2340,477
2340,506
2340,746
2340,895
2340,1177
2340,1223
2340,1318
2340,1342
2340,1368
2340,1537
2340,1901
2340,1932
2340,2911
2340,4992
2341,31
2341,223
2341,239
2341,245
2341,275
2341,316
2341,322
2341,385
2341,387
2341,391
2341,395
2341,407
2341,438
2341,653
2341,660
2341,749
2341,756
2341,764
2341,765
2341,806
2341,831
2341,857
2341,863
2341,1196
2341,1203
2341,1258
2341,1283
2341,1331
2341,1337
2341,1365
2341,1403
2341,1430
2341,1449
2341,1481
2341,1482
2341,1963
2341,2295
2341,2406
2341,2415
2341,2422
2341,2519
2341,3121
2341,3241
2342,230
2342,236
2343,322
2344,1240
2344,2323
2344,2611
2344,2667
2344,2679
2344,2680
2344,2689
2344,2694
2344,2763
2344,2834
2344,2898
2344,3225
2344,3609
2344,3624
2344,3630
2344,3716
2344,4408
2344,4439
2344,4459
2344,5212
2344,5475
2344,5503
2345,2708
2345,3615
2345,3632
2345,5504
2346,1927
2346,2319
2346,2678
2346,2716
2346,3624
2346,3640
2346,4469
2346,5348
2346,5505
2346,5506
2347,2655
2347,2663
2347,2669
2347,3401
2347,3825
2347,5138
2348,3659
2348,4475
2348,5211
2348,5455
2349,2082
2349,2352
2349,2359
2349,2368
2349,2369
2349,2378
2349,2379
2349,2741
2349,2746
2349,2767
2349,2769
2349,2775
2349,2789
2349,2828
2349,2831
2349,2832
2349,3229
2349,3268
2349,3680
2349,3700
2349,3726
2349,3728
2349,3734
2349,3754
2349,3759
2349,4407
2349,4436
2349,4449
2349,4464
2349,4491
2349,4499
2349,5076
2349,5224
2349,5495
2349,5508
2349,5509
2349,5510
2349,5511
2350,2089
2350,2774
2350,2836
2350,3057
2350,3656
2350,3811
2350,4113
2350,4227
2350,4416
2350,5087
2351,2715
2351,4113
2351,4537
2351,4907
2352,2356
2352,2362
2352,2677
2352,2692
2352,2748
2352,2758
2352,2764
2352,2834
2352,3617
2352,3635
2352,3640
2352,3659
2352,3676
2352,3712
2352,4530
2352,4968
2352,5348
2352,5512
2353,2030
2353,3650
2353,3693
2353,5513
2354,818
2354,1019
2354,1198
2354,1574
2354,1730
2354,1954
2354,2049
2354,2079
2354,2082
2354,2248
2354,2321
2354,2326
2354,2344
2354,2356
2354,2357
2354,2358
2354,2359
2354,2366
2354,2399
2354,2611
2354,2669
2354,2673
2354,2688
2354,2725
2354,2727
2354,2730
2354,2741
2354,2743
2354,2746
2354,2751
2354,2754
2354,2762
2354,2765
2354,2774
2354,2776
2354,2778
2354,2781
2354,2782
2354,2784
2354,2801
2354,2803
2354,2834
2354,2837
2354,2839
2354,2891
2354,2924
2354,3027
2354,3053
2354,3093
2354,3229
2354,3230
2354,3272
2354,3615
2354,3640
2354,3641
2354,3650
2354,3663
2354,3671
2354,3676
2354,3678
2354,3684
2354,3692
2354,3693
2354,3695
2354,3698
2354,3699
2354,3700
2354,3703
2354,3709
2354,3712
2354,3719
2354,3721
2354,3742
2354,3749
2354,3752
2354,3754
2354,3756
2354,3836
2354,4130
2354,4430
2354,4433
2354,4437
2354,4439
2354,4441
2354,4443
2354,4471
2354,4476
2354,4480
2354,4491
2354,4509
2354,4611
2354,4910
2354,4916
2354,5043
2354,5091
2354,5100
2354,5117
2354,5138
2354,5177
2354,5209
2354,5218
2354,5224
2354,5256
2354,5302
2354,5344
2354,5475
2354,5479
2354,5513
2354,5514
2354,5515
2354,5516
2354,5517
2354,5518
2354,5519
2354,5520
2354,5521
2354,5522
2354,5523
2354,5524
2354,5525
2355,2682
2355,2898
2355,4490
2355,5232
2355,5526
2356,798
2356,2329
2356,2352
2356,2354
2356,2362
2356,2718
2356,2725
2356,2760
2356,2764
2356,2777
2356,2784
2356,2793
2356,2802
2356,2816
2356,2817
2356,2828
2356,2837
2356,2838
2356,3004
2356,3224
2356,3264
2356,3650
2356,3684
2356,3690
2356,3743
2356,3752
2356,3753
2356,3836
2356,4787
2356,4905
2356,5093
2356,5220
2356,5227
2356,5353
2356,5527
2356,5528
2356,5529
2356,5530
2356,5531
2357,1743
2357,2091
2357,2344
2357,2375
2357,2697
2357,2706
2357,2735
2357,2758
2357,2761
2357,2764
2357,2776
2357,2781
2357,2796
2357,2807
2357,2899
2357,3268
2357,3615
2357,3633
2357,3650
2357,3662
2357,3673
2357,3689
2357,3711
2357,3831
2357,4224
2357,4449
2357,4481
2357,4505
2357,4508
2357,4901
2357,4914
2357,5177
2357,5245
2357,5324
2357,5348
2357,5397
2357,5496
2357,5532
2357,5533
2357,5534
2357,5535
2357,5536
2357,5537
2357,5538
2357,5539
2358,2723
2358,4402
2358,4568
2358,4910
2358,5300
2359,2353
2359,3687
2359,4916
2360,2682
2360,2789
2360,2808
2360,5509
2360,5540
2361,864
2361,3696
2361,3710
2361,4495
2361,5034
2361,5094
2362,1473
2362,1670
2362,2030
2362,2085
2362,2251
2362,2329
2362,2352
2362,2353
2362,2356
2362,2357
2362,2366
2362,2367
2362,2369
2362,2371
2362,2372
2362,2375
2362,2376
2362,2378
2362,2379
2362,2538
2362,2608
2362,2611
2362,2642
2362,2688
2362,2700
2362,2720
2362,2723
2362,2725
2362,2726
2362,2735
2362,2741
2362,2744
2362,2761
2362,2764
2362,2769
2362,2770
2362,2772
2362,2778
2362,2781
2362,2784
2362,2785
2362,2789
2362,2791
2362,2797
2362,2801
2362,2802
2362,2803
2362,2804
2362,2807
2362,2808
2362,2812
2362,2817
2362,2818
2362,2819
2362,2824
2362,2828
2362,2831
2362,2832
2362,2833
2362,2835
2362,2837
2362,2924
2362,3004
2362,3097
2362,3099
2362,3101
2362,3271
2362,3592
2362,3595
2362,3646
2362,3647
2362,3671
2362,3673
2362,3681
2362,3690
2362,3702
2362,3709
2362,3711
2362,3712
2362,3714
2362,3719
2362,3724
2362,3728
2362,3730
2362,3734
2362,3737
2362,3739
2362,3740
2362,3747
2362,3750
2362,3752
2362,3753
2362,3754
2362,3757
2362,3759
2362,3834
2362,4172
2362,4424
2362,4436
2362,4442
2362,4448
2362,4476
2362,4480
2362,4496
2362,4497
2362,4499
2362,4506
2362,4545
2362,4892
2362,4967
2362,5076
2362,5098
2362,5151
2362,5217
2362,5219
2362,5220
2362,5222
2362,5257
2362,5511
2362,5513
2362,5520
2362,5542
2362,5543
2362,5544
2362,5545
2362,5546
2362,5547
2362,5548
2362,5549
2362,5550
2362,5551
2362,5552
2362,5553
2362,5554
2362,5555
2362,5556
2362,5557
2362,5558
2362,5559
2362,5560
2362,5561
2362,5562
2362,5563
2362,5564
2362,5565
2362,5566
2362,5567
2362,5568
2363,818
2363,2326
2363,2329
2363,2828
2363,4113
2363,5101
2363,5476
2363,5569
2364,2312
2364,2328
2364,2367
2364,2825
2364,3681
2364,3721
2364,3750
2364,4438
2364,4441
2364,4449
2364,4509
2364,4536
2364,4542
2364,4907
2364,5043
2364,5333
2364,5427
2364,5494
2364,5521
2364,5570
2364,5571
2364,5572
2364,5573
2365,2713
2365,2761
2365,4490
2366,2357
2366,2792
2366,3268
2366,3721
2366,4438
2366,4490
2366,4495
2366,4528
2366,4916
2366,5155
2366,5535
2366,5574
2367,1713
2367,2085
2367,2356
2367,2361
2367,2364
2367,2369
2367,2372
2367,2375
2367,2693
2367,2740
2367,2746
2367,2758
2367,2761
2367,2770
2367,2784
2367,2786
2367,2791
2367,2796
2367,2803
2367,2825
2367,2832
2367,3232
2367,3271
2367,3628
2367,3684
2367,3689
2367,3709
2367,3811
2367,3836
2367,3838
2367,4116
2367,4405
2367,4495
2367,4910
2367,4916
2367,4975
2367,5067
2367,5512
2367,5538
2367,5575
2367,5576
2367,5577
2367,5578
2368,2769
2368,2775
2368,2786
2368,2800
2368,3265
2368,3271
2368,3693
2368,3710
2368,4116
2368,4498
2368,5497
2368,5579
2368,5580
2368,5581
2369,1473
2369,1743
2369,2030
2369,2079
2369,2082
2369,2357
2369,2367
2369,2370
2369,2371
2369,2372
2369,2374
2369,2375
2369,2741
2369,2746
2369,2747
2369,2753
2369,2762
2369,2763
2369,2766
2369,2772
2369,2777
2369,2781
2369,2784
2369,2785
2369,2786
2369,2795
2369,2796
2369,2803
2369,2809
2369,2810
2369,2812
2369,2813
2369,2819
2369,2828
2369,2832
2369,3224
2369,3267
2369,3673
2369,3684
2369,3689
2369,3691
2369,3693
2369,3709
2369,3727
2369,3744
2369,3836
2369,4116
2369,4408
2369,4411
2369,4433
2369,4466
2369,4476
2369,4490
2369,4540
2369,4541
2369,4909
2369,4912
2369,5100
2369,5155
2369,5470
2369,5510
2369,5578
2369,5582
2369,5583
2369,5584
2369,5585
2369,5586
2369,5587
2369,5588
2369,5589
2369,5590
2369,5591
2370,1713
2370,2021
2370,2327
2370,2369
2370,2373
2370,2677
2370,2688
2370,2720
2370,2778
2370,2786
2370,2789
2370,2792
2370,2796
2370,2799
2370,2806
2370,2830
2370,3690
2370,3692
2370,3697
2370,3709
2370,4136
2370,4484
2370,4490
2370,4495
2370,4507
2370,4540
2370,4907
2370,4910
2370,4911
2370,4914
2370,4916
2370,4972
2370,5346
2370,5520
2370,5553
2370,5592
2370,5593
2370,5594
2370,5595
2371,5596
2371,5597
2372,1033
2372,2367
2372,2711
2372,2761
2372,2774
2372,2793
2372,2817
2372,2839
2372,3057
2372,3098
2372,3271
2372,3273
2372,3671
2372,3706
2372,3811
2372,4500
2372,4504
2372,4910
2372,5232
2373,2370
2373,3721
2373,3723
2373,3753
2373,3836
2373,5538
2373,5598
2374,2809
2374,3739
2374,3742
2374,5221
2374,5224
2374,5493
2374,5599
2375,2330
2375,2364
2375,2367
2375,2741
2375,2762
2375,2774
2375,2820
2375,3811
2375,4539
2375,4907
2375,5600
2375,5601
2376,2276
2376,2364
2376,2469
2376,2682
2376,2784
2376,3700
2376,3707
2376,3715
2376,3724
2376,3745
2376,3753
2376,3756
2376,3759
2376,4499
2376,4503
2376,4504
2376,4975
2376,5229
2376,5521
2376,5528
2376,5530
2376,5545
2376,5546
2376,5564
2376,5590
2376,5602
2376,5603
2376,5604
2376,5605
2376,5606
2376,5607
2376,5608
2377,4509
2377,4915
2378,2030
2378,2329
2378,2349
2378,2362
2378,2679
2378,2692
2378,2802
2378,2822
2378,2838
2378,3231
2378,3737
2378,3748
2378,4113
2378,4436
2378,4644
2378,5144
2378,5219
2378,5307
2378,5523
2378,5528
2378,5609
2379,5220
2380,274
2380,283
2381,317
2381,2870
2382,0
2383,105
2384,288
2384,357
2385,258
2385,379
2385,437
2385,532
2385,729
2385,1412
2385,1654
2385,1690
2385,1875
2385,1914
2385,3396
2385,4050
2385,4761
2386,2235
2387,60
2388,2126
2388,5610
2389,2067
2389,2929
2390,85
2390,119
2390,294
2390,376
2390,551
2390,569
2390,760
2390,3521
2391,18
2391,372
2391,412
2391,420
2391,426
2391,556
2391,727
2392,61
2392,132
2392,399
2392,498
2392,500
2392,591
2392,601
2392,949
2392,1051
2392,1052
2392,1079
2392,1163
2392,3063
2393,449
2393,452
2393,498
2393,712
2393,1009
2393,3173
2394,504
2394,530
2394,765
2394,977
2394,1213
2394,1789
2394,2243
2395,381
2395,686
2395,762
2395,776
2395,996
2395,1026
2395,1208
2395,1342
2395,1467
2395,1471
2395,1615
2395,1624
2395,1770
2395,1854
2395,1985
2395,2136
2395,4624
2396,496
2396,1751
2397,129
2397,452
2397,583
2397,672
2397,833
2397,1015
2397,1276
2397,1354
2397,1835
2397,1897
2397,2303
2398,498
2398,522
2398,1518
2398,1999
2398,2304
2399,10
2399,24
2399,105
2399,126
2399,171
2399,246
2399,268
2399,280
2399,293
2399,326
2399,342
2399,380
2399,385
2399,388
2399,391
2399,411
2399,424
2399,456
2399,464
2399,556
2399,641
2399,713
2399,732
2399,749
2399,750
2399,806
2399,906
2399,938
2399,956
2399,1070
2399,1107
2399,1171
2399,1198
2399,1244
2399,1310
2399,1318
2399,1342
2399,1353
2399,1409
2399,1482
2399,1484
2399,1538
2399,1539
2399,1599
2399,1662
2399,1680
2399,1754
2399,1777
2399,1896
2399,1899
2399,1953
2399,1967
2399,1975
2399,1990
2399,2000
2399,2109
2399,2114
2399,2149
2399,2172
2399,2248
2399,2258
2399,2259
2399,2263
2399,2269
2399,2271
2399,2310
2399,2311
2399,2318
2399,2354
2399,2415
2399,2456
2399,2466
2399,2486
2399,2565
2399,2579
2399,2605
2399,2611
2399,2618
2399,2633
2399,2659
2399,2664
2399,2671
2399,2676
2399,2693
2399,2725
2399,2726
2399,2743
2399,2747
2399,2777
2399,2800
2399,2812
2399,2882
2399,2980
2399,3031
2399,3037
2399,3055
2399,3099
2399,3101
2399,3258
2399,3323
2399,3545
2399,3567
2399,3582
2399,3707
2399,3709
2399,3712
2399,3811
2399,3839
2399,3947
2399,4116
2399,4449
2399,4478
2399,4499
2399,4574
2399,4977
2399,5327
2399,5368
2399,5430
2399,5460
2399,5552
2399,5611
2399,5612
2399,5613
2399,5614
2399,5615
2399,5616
2399,5617
2399,5618
2399,5619
2400,513
2400,775
2400,3195
2401,799
2401,875
2401,983
2401,1157
2401,1280
2401,1765
2401,1895
2401,3359
2401,5620
2402,565
2402,628
2402,699
2402,913
2402,967
2402,995
2402,1007
2402,1348
2402,1349
2402,1353
2402,1354
2402,1761
2402,2413
2402,3077
2402,3303
2402,4837
2403,1157
2403,2849
2404,637
2404,1052
2404,3448
2405,976
2405,1606
2406,48
2406,143
2406,246
2406,388
2406,408
2406,461
2406,516
2406,519
2406,520
2406,683
2406,699
2406,713
2406,718
2406,806
2406,831
2406,857
2406,971
2406,974
2406,981
2406,989
2406,1028
2406,1030
2406,1159
2406,1223
2406,1273
2406,1327
2406,1340
2406,1361
2406,1388
2406,1601
2406,1817
2406,2121
2406,2415
2406,2519
2406,2945
2406,3191
2406,3369
2407,971
2407,973
2407,996
2408,1346
2409,962
2410,370
2410,427
2410,636
2410,644
2410,765
2410,974
2410,979
2410,1213
2410,1348
2410,1349
2410,1354
2410,1358
2410,1401
2410,1412
2410,1614
2410,1776
2410,1871
2410,1932
2410,2240
2410,3176
2410,3275
2410,3790
2411,995
2412,1337
2412,1365
2412,1404
2412,1781
2412,1839
2412,1894
2412,2413
2412,3136
2412,4327
2413,672
2413,973
2413,995
2413,1280
2413,1331
2413,1332
2413,1343
2413,1781
2413,2412
2413,2519
2413,3176
2413,3342
2413,4197
2413,4234
2413,5621
2413,5622
2414,2958
2414,3074
2415,55
2415,77
2415,246
2415,275
2415,326
2415,385
2415,415
2415,516
2415,537
2415,592
2415,689
2415,708
2415,711
2415,730
2415,806
2415,831
2415,840
2415,863
2415,871
2415,981
2415,982
2415,983
2415,994
2415,1144
2415,1232
2415,1283
2415,1285
2415,1300
2415,1312
2415,1331
2415,1334
2415,1353
2415,1361
2415,1380
2415,1403
2415,1417
2415,1430
2415,1580
2415,1617
2415,1668
2415,1694
2415,1696
2415,1700
2415,1704
2415,1773
2415,1776
2415,1782
2415,1827
2415,1883
2415,1960
2415,1973
2415,2020
2415,2047
2415,2114
2415,2249
2415,2258
2415,2323
2415,2341
2415,2406
2415,2427
2415,2519
2415,2982
2415,3142
2415,3191
2415,3241
2415,3328
2415,3400
2415,3541
2415,3607
2415,4742
2416,542
2416,644
2416,664
2416,685
2416,699
2416,781
2416,839
2416,996
2416,1098
2416,1155
2416,1331
2416,1332
2416,1417
2416,1434
2416,1774
2416,1777
2416,1783
2416,1900
2416,1901
2416,1934
2416,2240
2416,2908
2416,2909
2416,3275
2416,3303
2416,3840
2416,3885
2417,2535
2417,3801
2417,3998
2418,1337
2418,4062
2419,1632
2419,1637
2419,1899
2419,3037
2420,532
2420,1776
2420,2131
2420,2133
2420,2873
2420,2934
2421,370
2421,532
2421,542
2421,685
2421,913
2421,946
2421,1336
2421,1410
2421,1566
2421,1612
2421,1900
2421,1901
2421,1937
2421,1997
2421,2077
2421,2133
2421,2422
2421,2503
2421,2911
2421,3463
2421,3849
2421,3998
2421,4015
2421,4066
2421,4719
2421,4723
2421,5376
2421,5623
2422,275
2422,381
2422,415
2422,438
2422,686
2422,729
2422,730
2422,732
2422,755
2422,774
2422,791
2422,836
2422,839
2422,906
2422,954
2422,1007
2422,1026
2422,1078
2422,1144
2422,1155
2422,1202
2422,1208
2422,1213
2422,1251
2422,1254
2422,1258
2422,1273
2422,1283
2422,1286
2422,1293
2422,1300
2422,1375
2422,1379
2422,1403
2422,1409
2422,1419
2422,1425
2422,1433
2422,1436
2422,1438
2422,1440
2422,1442
2422,1443
2422,1447
2422,1448
2422,1449
2422,1453
2422,1464
2422,1471
2422,1475
2422,1478
2422,1571
2422,1589
2422,1630
2422,1631
2422,1632
2422,1642
2422,1644
2422,1738
2422,1778
2422,1827
2422,1854
2422,1883
2422,1898
2422,1902
2422,1933
2422,1939
2422,1948
2422,1955
2422,1963
2422,1976
2422,2001
2422,2023
2422,2034
2422,2037
2422,2131
2422,2244
2422,2245
2422,2310
2422,2341
2422,2421
2422,2428
2422,2449
2422,2915
2422,2970
2422,3007
2422,3121
2422,3145
2422,3330
2422,3331
2422,3333
2422,3776
2422,3855
2422,4039
2422,4040
2422,4171
2422,4175
2422,4338
2422,4346
2422,4692
2422,4729
2422,4855
2423,475
2423,496
2423,511
2423,765
2423,962
2423,967
2423,971
2423,973
2423,1154
2423,1166
2423,1260
2423,1346
2423,1776
2423,1854
2423,1885
2423,1934
2423,2077
2423,2133
2423,2134
2423,3841
2424,683
2424,782
2424,913
2424,969
2424,1026
2424,1042
2424,1337
2424,1401
2424,1776
2424,1782
2424,1840
2424,1883
2424,1909
2424,1929
2424,2127
2424,3142
2424,4719
2425,151
2425,270
2425,351
2425,427
2425,532
2425,664
2425,689
2425,699
2425,765
2425,774
2425,839
2425,884
2425,898
2425,913
2425,1332
2425,1348
2425,1353
2425,1361
2425,1362
2425,1401
2425,1422
2425,1515
2425,1589
2425,1612
2425,1772
2425,1782
2425,1783
2425,1900
2425,2519
2425,2532
2425,3144
2425,3789
2426,492
2426,542
2426,650
2426,686
2426,1356
2426,1403
2426,1416
2426,1420
2426,1467
2426,1566
2426,1612
2426,1763
2426,1776
2426,1854
2426,1872
2426,1913
2426,1934
2426,2005
2426,2006
2426,2011
2426,2012
2426,2134
2426,2308
2426,2535
2426,2909
2426,3112
2426,3211
2426,3847
2426,4282
2426,4379
2426,4561
2426,5294
2426,5446
2426,5624
2427,1247
2427,1255
2427,1283
2427,1285
2427,1461
2427,1615
2427,1653
2427,1671
2427,1963
2427,1972
2427,2415
2427,2909
2427,2923
2427,3241
2427,4050
2427,4121
2427,4149
2427,4228
2427,4397
2428,683
2428,990
2428,1155
2428,2133
2428,2424
2429,1620
2430,990
2431,1336
2432,1622
2433,542
2433,996
2433,2223
2433,3010
2433,3504
2433,3505
2433,3507
2433,3510
2433,3511
2434,977
2435,202
2435,249
2435,278
2435,2438
2436,21
2436,84
2436,211
2436,219
2436,230
2436,278
2436,351
2436,409
2436,535
2437,252
2437,409
2438,2435
2439,428
2440,254
2441,87
2441,278
2441,282
2441,1133
2442,21
2443,163
2443,341
2443,625
2443,689
2443,948
2443,989
2443,1030
2443,1754
2443,2114
2443,2334
2444,685
2444,774
2445,1631
2445,1962
2445,2049
2446,1420
2446,1930
2447,1689
2447,2316
2447,2446
2447,3221
2447,3968
2447,5210
2447,5456
2448,2444
2449,1422
2449,1948
2449,2041
2449,3024
2449,3961
2450,18
2450,243
2450,466
2450,563
2450,620
2450,732
2450,818
2450,894
2450,906
2450,1019
2450,1033
2450,1079
2450,1107
2450,1198
2450,1262
2450,1263
2450,1264
2450,1296
2450,1304
2450,1378
2450,1439
2450,1461
2450,1479
2450,1539
2450,1574
2450,1637
2450,1669
2450,1696
2450,1706
2450,1757
2450,1952
2450,1954
2450,1984
2450,2004
2450,2010
2450,2081
2450,2082
2450,2089
2450,2093
2450,2109
2450,2153
2450,2157
2450,2164
2450,2248
2450,2252
2450,2259
2450,2271
2450,2319
2450,2321
2450,2324
2450,2326
2450,2327
2450,2328
2450,2329
2450,2344
2450,2345
2450,2349
2450,2352
2450,2353
2450,2354
2450,2356
2450,2357
2450,2359
2450,2362
2450,2363
2450,2367
2450,2369
2450,2371
2450,2373
2450,2374
2450,2378
2450,2480
2450,2483
2450,2492
2450,2538
2450,2553
2450,2568
2450,2582
2450,2587
2450,2592
2450,2593
2450,2596
2450,2603
2450,2607
2450,2608
2450,2613
2450,2617
2450,2618
2450,2621
2450,2623
2450,2626
2450,2631
2450,2638
2450,2642
2450,2644
2450,2645
2450,2647
2450,2648
2450,2649
2450,2651
2450,2653
2450,2654
2450,2659
2450,2660
2450,2663
2450,2665
2450,2666
2450,2672
2450,2674
2450,2676
2450,2678
2450,2680
2450,2682
2450,2683
2450,2688
2450,2689
2450,2690
2450,2692
2450,2695
2450,2697
2450,2700
2450,2712
2450,2714
2450,2717
2450,2720
2450,2722
2450,2723
2450,2725
2450,2726
2450,2727
2450,2730
2450,2731
2450,2737
2450,2739
2450,2740
2450,2741
2450,2743
2450,2746
2450,2747
2450,2748
2450,2754
2450,2756
2450,2757
2450,2759
2450,2760
2450,2761
2450,2762
2450,2763
2450,2764
2450,2765
2450,2766
2450,2769
2450,2770
2450,2771
2450,2772
2450,2773
2450,2774
2450,2775
2450,2777
2450,2780
2450,2781
2450,2782
2450,2785
2450,2791
2450,2793
2450,2794
2450,2795
2450,2796
2450,2797
2450,2800
2450,2801
2450,2802
2450,2803
2450,2804
2450,2807
2450,2809
2450,2812
2450,2814
2450,2819
2450,2820
2450,2824
2450,2825
2450,2827
2450,2828
2450,2832
2450,2834
2450,2836
2450,2837
2450,2838
2450,2882
2450,2887
2450,2891
2450,2898
2450,2915
2450,2924
2450,2967
2450,2977
2450,3003
2450,3004
2450,3029
2450,3043
2450,3045
2450,3055
2450,3093
2450,3096
2450,3100
2450,3101
2450,3121
2450,3220
2450,3227
2450,3228
2450,3232
2450,3233
2450,3240
2450,3253
2450,3257
2450,3258
2450,3260
2450,3318
2450,3322
2450,3327
2450,3330
2450,3331
2450,3552
2450,3563
2450,3571
2450,3580
2450,3581
2450,3582
2450,3586
2450,3588
2450,3602
2450,3605
2450,3607
2450,3609
2450,3613
2450,3616
2450,3618
2450,3619
2450,3620
2450,3623
2450,3629
2450,3633
2450,3638
2450,3643
2450,3644
2450,3645
2450,3650
2450,3652
2450,3659
2450,3661
2450,3662
2450,3667
2450,3669
2450,3671
2450,3673
2450,3686
2450,3687
2450,3690
2450,3691
2450,3692
2450,3693
2450,3700
2450,3705
2450,3706
2450,3707
2450,3709
2450,3712
2450,3718
2450,3724
2450,3730
2450,3731
2450,3733
2450,3734
2450,3736
2450,3737
2450,3739
2450,3743
2450,3745
2450,3747
2450,3752
2450,3753
2450,3754
2450,3756
2450,3757
2450,3759
2450,3811
2450,3836
2450,3837
2450,3839
2450,3857
2450,3931
2450,3968
2450,4114
2450,4135
2450,4174
2450,4205
2450,4239
2450,4307
2450,4312
2450,4315
2450,4318
2450,4364
2450,4365
2450,4404
2450,4408
2450,4409
2450,4414
2450,4426
2450,4433
2450,4436
2450,4439
2450,4443
2450,4446
2450,4448
2450,4463
2450,4469
2450,4472
2450,4474
2450,4476
2450,4484
2450,4485
2450,4499
2450,4503
2450,4508
2450,4643
2450,4655
2450,4656
2450,4788
2450,4791
2450,4910
2450,4914
2450,4961
2450,4967
2450,4971
2450,5136
2450,5139
2450,5147
2450,5173
2450,5195
2450,5209
2450,5211
2450,5212
2450,5218
2450,5220
2450,5224
2450,5225
2450,5226
2450,5265
2450,5293
2450,5333
2450,5345
2450,5352
2450,5353
2450,5364
2450,5372
2450,5459
2450,5460
2450,5484
2450,5486
2450,5508
2450,5511
2450,5525
2450,5528
2450,5532
2450,5539
2450,5541
2450,5547
2450,5548
2450,5549
2450,5550
2450,5562
2450,5567
2450,5579
2450,5593
2450,5597
2450,5598
2450,5603
2450,5606
2450,5608
2450,5625
2450,5626
2450,5627
2450,5628
2450,5629
2450,5630
2450,5631
2450,5632
2450,5633
2450,5634
2450,5635
2450,5636
2450,5637
2450,5638
2450,5639
2450,5640
2450,5641
2450,5642
2450,5643
2450,5644
2450,5645
2450,5646
2450,5647
2450,5648
2450,5649
2450,5650
2451,1444
2451,1634
2451,1704
2451,3243
2451,4940
2451,4978
2452,1446
2452,1596
2452,2155
2452,3980
2453,1007
2453,1144
2453,1247
2453,1286
2453,1312
2453,1313
2453,1314
2453,1319
2453,1446
2453,1459
2453,1478
2453,1484
2453,1539
2453,1660
2453,1663
2453,1666
2453,1676
2453,1707
2453,1711
2453,1843
2453,1845
2453,1899
2453,1923
2453,1968
2453,1990
2453,2004
2453,2249
2453,2250
2453,2258
2453,2261
2453,2269
2453,2294
2453,2422
2453,2566
2453,2581
2453,2982
2453,2989
2453,3057
2453,3126
2453,3148
2453,3239
2453,3344
2453,3517
2453,4093
2453,4167
2453,4243
2453,4606
2453,5651
2454,1273
2454,1296
2454,1302
2454,1312
2454,1314
2454,1316
2454,1319
2454,1320
2454,1470
2454,1472
2454,1484
2454,1571
2454,1663
2454,1691
2454,2046
2454,2155
2454,2977
2454,3148
2454,3335
2454,3541
2454,3775
2454,3943
2454,4047
2454,4618
2454,4745
2454,4799
2455,1325
2455,2253
2455,2427
2455,2961
2455,5651
2456,254
2456,566
2456,882
2456,1312
2456,1317
2456,1539
2456,1571
2456,1637
2456,1656
2456,1683
2456,1738
2456,1757
2456,1970
2456,1972
2456,1990
2456,1993
2456,2001
2456,2171
2456,2255
2456,2258
2456,2294
2456,2399
2456,2464
2456,2466
2456,2491
2456,2495
2456,2555
2456,2576
2456,2594
2456,2604
2456,2611
2456,2630
2456,2631
2456,2796
2456,2924
2456,3091
2456,3242
2456,3248
2456,3258
2456,3550
2456,3564
2456,3574
2456,3578
2456,3592
2456,3625
2456,3965
2456,3968
2456,4091
2456,4138
2456,4204
2456,4767
2457,369
2457,1244
2457,1312
2457,1360
2457,1638
2457,1697
2457,1706
2457,1717
2457,1939
2457,1989
2457,1990
2457,2162
2457,2168
2457,2207
2457,2270
2457,2284
2457,2285
2457,2289
2457,2291
2457,2294
2457,2313
2457,2461
2457,2467
2457,2470
2457,2481
2457,2488
2457,2489
2457,2494
2457,2618
2457,2642
2457,2671
2457,2693
2457,2989
2457,3007
2457,3254
2457,3316
2457,3410
2457,3560
2457,3570
2457,3962
2457,4176
2457,4666
2457,4675
2457,5122
2457,5189
2457,5652
2458,2565
2458,3557
2458,5023
2458,5653
2459,818
2459,1680
2459,1707
2459,2171
2459,2174
2459,2248
2459,3123
2459,3679
2460,1078
2460,2291
2460,3243
2460,4847
2461,332
2461,1426
2461,1670
2461,1678
2461,1717
2461,1759
2461,1838
2461,1965
2461,1990
2461,2260
2461,2284
2461,2294
2461,2320
2461,2464
2461,2478
2461,2481
2461,2482
2461,2490
2461,2553
2461,2555
2461,2560
2461,2586
2461,2596
2461,2598
2461,2601
2461,2610
2461,2614
2461,2616
2461,2631
2461,2656
2461,2658
2461,2671
2461,2882
2461,2888
2461,2976
2461,3010
2461,3019
2461,3020
2461,3040
2461,3043
2461,3045
2461,3089
2461,3096
2461,3126
2461,3257
2461,3258
2461,3564
2461,3585
2461,4315
2461,4782
2461,5028
2461,5168
2462,1979
2462,4815
2463,434
2463,906
2463,1254
2463,1286
2463,1307
2463,1315
2463,1317
2463,1346
2463,1426
2463,1459
2463,1464
2463,1470
2463,1473
2463,1477
2463,1647
2463,1682
2463,1955
2463,1959
2463,1965
2463,1988
2463,1989
2463,2155
2463,2165
2463,2168
2463,2202
2463,2207
2463,2211
2463,2249
2463,2250
2463,2258
2463,2277
2463,2284
2463,2286
2463,2294
2463,2467
2463,2469
2463,2477
2463,2478
2463,2481
2463,2482
2463,2488
2463,2490
2463,2571
2463,2586
2463,2590
2463,2592
2463,2594
2463,2598
2463,2616
2463,2907
2463,2923
2463,2988
2463,2998
2463,3036
2463,3038
2463,3248
2463,3250
2463,3363
2463,3396
2463,3543
2463,3551
2463,3552
2463,3570
2463,3836
2463,4050
2463,4052
2463,4054
2463,4175
2463,4244
2463,4304
2463,4605
2463,4730
2463,4780
2463,4883
2463,5028
2463,5065
2464,163
2464,369
2464,860
2464,906
2464,1259
2464,1296
2464,1297
2464,1298
2464,1307
2464,1318
2464,1452
2464,1461
2464,1540
2464,1589
2464,1656
2464,1717
2464,1939
2464,1954
2464,1965
2464,1976
2464,1977
2464,1982
2464,1992
2464,1994
2464,2039
2464,2165
2464,2176
2464,2202
2464,2259
2464,2270
2464,2271
2464,2277
2464,2285
2464,2286
2464,2287
2464,2289
2464,2290
2464,2291
2464,2294
2464,2310
2464,2456
2464,2466
2464,2470
2464,2481
2464,2565
2464,2571
2464,2579
2464,2583
2464,2630
2464,2656
2464,2659
2464,2927
2464,2948
2464,2989
2464,2996
2464,3008
2464,3009
2464,3028
2464,3057
2464,3096
2464,3134
2464,3239
2464,3331
2464,3564
2464,3929
2464,3931
2464,3934
2464,4098
2464,4100
2464,4244
2464,4737
2464,4775
2464,4778
2464,4851
2464,4852
2464,4884
2464,5121
2464,5288
2464,5439
2465,1317
2465,1466
2465,1518
2465,1626
2465,1717
2465,1982
2465,2176
2465,2203
2465,2204
2465,2210
2465,2470
2465,2478
2465,2481
2465,2591
2465,3037
2465,3045
2465,3397
2465,3582
2465,3777
2465,3899
2465,4168
2465,4860
2465,5367
2465,5654
2466,369
2466,660
2466,1298
2466,1305
2466,1654
2466,1696
2466,1703
2466,1939
2466,1965
2466,2168
2466,2176
2466,2177
2466,2203
2466,2204
2466,2257
2466,2285
2466,2291
2466,2294
2466,2313
2466,2456
2466,2464
2466,2467
2466,2470
2466,2471
2466,2473
2466,2481
2466,2482
2466,2571
2466,2572
2466,2585
2466,2590
2466,2634
2466,2639
2466,2662
2466,2889
2466,2997
2466,2998
2466,3030
2466,3032
2466,3037
2466,3091
2466,3121
2466,3124
2466,4168
2466,4303
2466,4675
2466,4813
2466,4883
2466,4884
2466,5107
2466,5181
2466,5655
2467,1307
2467,1707
2467,2109
2467,2279
2467,2284
2467,2289
2467,2291
2467,2457
2467,2463
2467,2466
2467,2494
2467,2560
2467,2580
2467,2590
2467,2630
2467,2671
2467,3123
2467,3124
2467,3134
2467,3547
2467,4775
2467,5656
2467,5657
2467,5658
2468,2203
2468,4515
2468,4810
2469,332
2469,860
2469,923
2469,1265
2469,1426
2469,1452
2469,1589
2469,1614
2469,1651
2469,1697
2469,1845
2469,1980
2469,1982
2469,1986
2469,2045
2469,2171
2469,2176
2469,2206
2469,2208
2469,2255
2469,2268
2469,2276
2469,2279
2469,2281
2469,2294
2469,2376
2469,2455
2469,2470
2469,2476
2469,2481
2469,2482
2469,2567
2469,2584
2469,2596
2469,2671
2469,2948
2469,2987
2469,3001
2469,3008
2469,3036
2469,3397
2469,3552
2469,4091
2469,4169
2469,4293
2469,4702
2469,5021
2469,5125
2469,5274
2469,5284
2470,721
2470,1294
2470,1319
2470,1452
2470,1518
2470,2167
2470,2176
2470,2205
2470,2206
2470,2274
2470,2284
2470,2294
2470,2464
2470,2465
2470,2469
2470,2478
2470,2481
2470,2487
2470,2494
2470,2534
2470,2565
2470,2585
2470,2591
2470,2592
2470,2594
2470,2631
2470,2634
2470,2927
2470,2973
2470,3013
2470,3019
2470,3020
2470,3037
2470,3397
2470,3963
2470,4307
2470,4815
2470,4843
2470,4930
2470,5659
2470,5660
2471,721
2471,2168
2471,2210
2471,2277
2471,2466
2471,2472
2471,2483
2471,2488
2471,2586
2471,2679
2471,3009
2471,3124
2471,3963
2471,4771
2471,4815
2471,4883
2471,5458
2471,5661
2471,5662
2472,2471
2472,3134
2473,5097
2474,1422
2474,1952
2474,2278
2474,2291
2474,2487
2474,2565
2474,2571
2474,2586
2474,3011
2474,3026
2474,3319
2474,3810
2475,3397
2475,5187
2476,1019
2476,1104
2476,1614
2476,1730
2476,1987
2476,1988
2476,2149
2476,2171
2476,2176
2476,2210
2476,2276
2476,2290
2476,2294
2476,2320
2476,2354
2476,2469
2476,2483
2476,2565
2476,2585
2476,2611
2476,2625
2476,2643
2476,2647
2476,2658
2476,2659
2476,2667
2476,2671
2476,2673
2476,2693
2476,2725
2476,2812
2476,2849
2476,3007
2476,3009
2476,3044
2476,3054
2476,3098
2476,3101
2476,3223
2476,3567
2476,3644
2476,3832
2476,3929
2476,4416
2476,5614
2477,332
2477,1540
2477,1589
2477,2167
2477,2207
2477,2248
2477,2487
2477,2584
2477,3003
2477,3125
2477,3968
2477,4713
2477,4861
2477,5187
2477,5663
2478,1884
2478,1965
2478,1974
2478,2260
2478,2461
2478,2465
2478,2470
2478,2481
2478,2488
2478,2586
2478,2592
2478,2976
2478,2996
2478,3011
2478,3036
2478,3397
2478,3963
2478,4883
2478,5664
2479,332
2479,688
2479,1697
2479,1974
2479,2154
2479,2211
2479,2323
2479,2464
2479,2472
2479,2488
2479,2580
2479,2588
2479,2598
2479,2602
2479,2603
2479,2888
2479,3035
2479,3038
2479,3124
2479,3125
2479,3126
2479,3925
2479,4069
2479,4479
2479,4713
2479,4862
2479,4933
2479,5664
2479,5665
2480,2086
2480,2351
2480,2482
2480,2600
2480,2602
2480,2623
2480,2733
2480,2775
2480,2896
2480,3047
2480,3126
2480,3223
2480,3258
2480,3269
2480,3623
2480,3732
2480,4135
2480,4474
2480,4530
2480,4547
2480,5097
2480,5140
2480,5152
2480,5176
2480,5286
2480,5299
2480,5301
2480,5321
2480,5397
2480,5635
2480,5666
2480,5667
2480,5668
2480,5669
2480,5670
2480,5671
2481,369
2481,1298
2481,1318
2481,1461
2481,1482
2481,1518
2481,1589
2481,1654
2481,1687
2481,1690
2481,1712
2481,1939
2481,1965
2481,1966
2481,1974
2481,1975
2481,1987
2481,1992
2481,2176
2481,2260
2481,2273
2481,2278
2481,2281
2481,2291
2481,2313
2481,2457
2481,2461
2481,2463
2481,2464
2481,2465
2481,2466
2481,2469
2481,2470
2481,2478
2481,2479
2481,2482
2481,2484
2481,2487
2481,2560
2481,2571
2481,2586
2481,2588
2481,2590
2481,2591
2481,2594
2481,2616
2481,2630
2481,2656
2481,2673
2481,2688
2481,2927
2481,2989
2481,3008
2481,3028
2481,3030
2481,3096
2481,3121
2481,3124
2481,3249
2481,3250
2481,3899
2481,4180
2481,5107
2481,5165
2481,5439
2482,0
2482,67
2482,276
2482,399
2482,555
2482,721
2482,1151
2482,1210
2482,1271
2482,1318
2482,1479
2482,1539
2482,1670
2482,1838
2482,1966
2482,1987
2482,2172
2482,2294
2482,2461
2482,2463
2482,2466
2482,2469
2482,2470
2482,2481
2482,2487
2482,2488
2482,2590
2482,2591
2482,2593
2482,2598
2482,2601
2482,2673
2482,2976
2482,3003
2482,3012
2482,3018
2482,3036
2482,4099
2483,403
2483,641
2483,732
2483,798
2483,818
2483,882
2483,906
2483,932
2483,1007
2483,1019
2483,1079
2483,1198
2483,1286
2483,1289
2483,1292
2483,1304
2483,1310
2483,1312
2483,1353
2483,1409
2483,1449
2483,1461
2483,1481
2483,1484
2483,1614
2483,1637
2483,1664
2483,1667
2483,1677
2483,1696
2483,1730
2483,1743
2483,1838
2483,1896
2483,1931
2483,1938
2483,1957
2483,1963
2483,1967
2483,1968
2483,1976
2483,1987
2483,1990
2483,2010
2483,2079
2483,2081
2483,2089
2483,2093
2483,2109
2483,2202
2483,2205
2483,2248
2483,2270
2483,2316
2483,2318
2483,2321
2483,2323
2483,2324
2483,2326
2483,2327
2483,2345
2483,2362
2483,2473
2483,2476
2483,2484
2483,2485
2483,2487
2483,2488
2483,2491
2483,2560
2483,2582
2483,2584
2483,2590
2483,2592
2483,2596
2483,2611
2483,2614
2483,2619
2483,2622
2483,2623
2483,2626
2483,2629
2483,2631
2483,2639
2483,2641
2483,2642
2483,2644
2483,2648
2483,2653
2483,2654
2483,2656
2483,2662
2483,2667
2483,2669
2483,2671
2483,2672
2483,2674
2483,2678
2483,2680
2483,2683
2483,2686
2483,2688
2483,2689
2483,2693
2483,2694
2483,2695
2483,2697
2483,2703
2483,2704
2483,2708
2483,2709
2483,2715
2483,2718
2483,2725
2483,2726
2483,2727
2483,2729
2483,2730
2483,2737
2483,2739
2483,2740
2483,2743
2483,2746
2483,2750
2483,2754
2483,2759
2483,2762
2483,2764
2483,2766
2483,2770
2483,2772
2483,2774
2483,2775
2483,2776
2483,2777
2483,2782
2483,2784
2483,2785
2483,2791
2483,2793
2483,2794
2483,2795
2483,2800
2483,2810
2483,2812
2483,2824
2483,2834
2483,2849
2483,2882
2483,2891
2483,2892
2483,2898
2483,2924
2483,2976
2483,3004
2483,3029
2483,3040
2483,3044
2483,3057
2483,3093
2483,3097
2483,3098
2483,3101
2483,3225
2483,3232
2483,3258
2483,3271
2483,3322
2483,3410
2483,3558
2483,3571
2483,3572
2483,3574
2483,3580
2483,3581
2483,3591
2483,3592
2483,3604
2483,3609
2483,3611
2483,3612
2483,3619
2483,3624
2483,3627
2483,3629
2483,3631
2483,3632
2483,3640
2483,3644
2483,3650
2483,3653
2483,3659
2483,3662
2483,3665
2483,3666
2483,3668
2483,3669
2483,3670
2483,3671
2483,3676
2483,3679
2483,3683
2483,3684
2483,3686
2483,3689
2483,3693
2483,3698
2483,3702
2483,3709
2483,3712
2483,3826
2483,3830
2483,3831
2483,3968
2483,4112
2483,4113
2483,4136
2483,4167
2483,4239
2483,4285
2483,4312
2483,4319
2483,4359
2483,4402
2483,4411
2483,4417
2483,4426
2483,4430
2483,4433
2483,4438
2483,4439
2483,4441
2483,4448
2483,4460
2483,4462
2483,4468
2483,4480
2483,4492
2483,4495
2483,4527
2483,4536
2483,4581
2483,4604
2483,4611
2483,4643
2483,4749
2483,4787
2483,4788
2483,4972
2483,5031
2483,5067
2483,5137
2483,5147
2483,5148
2483,5222
2483,5282
2483,5293
2483,5302
2483,5325
2483,5334
2483,5481
2483,5517
2483,5630
2483,5633
2483,5634
2483,5642
2483,5672
2483,5673
2483,5674
2483,5675
2483,5676
2483,5677
2483,5678
2483,5679
2483,5680
2483,5681
2483,5682
2484,509
2484,781
2484,906
2484,911
2484,932
2484,934
2484,1007
2484,1104
2484,1259
2484,1298
2484,1304
2484,1305
2484,1314
2484,1315
2484,1317
2484,1424
2484,1426
2484,1459
2484,1540
2484,1571
2484,1614
2484,1654
2484,1656
2484,1690
2484,1706
2484,1708
2484,1712
2484,1738
2484,1759
2484,1838
2484,1843
2484,1937
2484,1939
2484,1968
2484,1977
2484,1987
2484,2165
2484,2168
2484,2169
2484,2171
2484,2202
2484,2210
2484,2250
2484,2261
2484,2262
2484,2268
2484,2269
2484,2271
2484,2272
2484,2276
2484,2278
2484,2279
2484,2280
2484,2286
2484,2288
2484,2289
2484,2294
2484,2313
2484,2324
2484,2455
2484,2481
2484,2487
2484,2488
2484,2491
2484,2584
2484,2585
2484,2591
2484,2593
2484,2594
2484,2596
2484,2598
2484,2625
2484,2948
2484,2976
2484,2979
2484,2989
2484,2993
2484,2996
2484,2997
2484,3003
2484,3007
2484,3010
2484,3017
2484,3036
2484,3088
2484,3118
2484,3126
2484,3134
2484,3255
2484,3400
2484,3548
2484,3549
2484,3552
2484,3553
2484,3564
2484,3950
2484,4091
2484,4242
2484,4730
2484,4780
2484,4782
2484,4882
2484,4942
2484,5033
2484,5161
2484,5197
2484,5683
2485,1271
2485,1426
2485,1991
2485,2208
2485,2488
2485,2489
2485,2592
2485,2598
2485,3036
2485,4883
2486,1319
2486,1819
2486,1982
2486,2167
2486,2208
2486,2210
2486,2293
2486,2313
2486,2322
2486,2327
2486,2399
2486,2489
2486,2612
2486,2613
2486,3019
2486,3020
2486,3095
2486,3318
2486,3934
2486,4859
2486,5044
2486,5389
2487,660
2487,721
2487,1104
2487,1107
2487,1271
2487,1298
2487,1302
2487,1317
2487,1482
2487,1589
2487,1656
2487,1691
2487,1696
2487,1706
2487,1708
2487,1712
2487,1838
2487,1939
2487,1944
2487,1965
2487,1976
2487,1987
2487,1990
2487,2204
2487,2208
2487,2249
2487,2250
2487,2258
2487,2261
2487,2271
2487,2461
2487,2469
2487,2470
2487,2474
2487,2477
2487,2481
2487,2482
2487,2483
2487,2484
2487,2488
2487,2489
2487,2491
2487,2566
2487,2571
2487,2576
2487,2585
2487,2586
2487,2589
2487,2590
2487,2592
2487,2616
2487,2671
2487,2888
2487,2927
2487,2998
2487,3015
2487,3019
2487,3020
2487,3036
2487,3038
2487,3043
2487,3126
2487,3247
2487,3248
2487,3252
2487,4713
2487,4730
2487,4783
2487,4851
2487,5069
2487,5187
2487,5421
2488,1247
2488,1315
2488,1320
2488,1426
2488,1660
2488,1666
2488,1677
2488,1696
2488,1838
2488,1954
2488,1966
2488,1968
2488,1974
2488,2205
2488,2208
2488,2293
2488,2294
2488,2463
2488,2478
2488,2479
2488,2482
2488,2485
2488,2487
2488,2590
2488,2592
2488,2593
2488,2598
2488,2608
2488,2888
2488,2948
2488,2976
2488,3003
2488,3010
2488,3019
2488,3020
2488,3038
2488,3126
2488,3901
2488,4089
2488,4166
2488,4243
2488,4319
2488,4746
2488,4816
2488,4983
2488,5660
2489,1079
2489,1422
2489,1457
2489,1482
2489,1712
2489,1987
2489,1991
2489,2109
2489,2271
2489,2291
2489,2294
2489,2313
2489,2457
2489,2485
2489,2486
2489,2487
2489,2488
2489,2553
2489,2571
2489,2590
2489,2600
2489,2604
2489,2630
2489,2632
2489,2646
2489,2670
2489,2794
2489,3003
2489,3012
2489,3089
2489,3092
2489,3123
2489,3254
2489,3570
2489,3931
2489,3949
2489,4178
2489,4864
2489,5684
2490,2208
2490,2461
2490,2486
2490,2597
2490,2888
2490,2976
2490,3020
2490,3121
2490,3126
2490,3257
2490,5189
2491,660
2491,1294
2491,1677
2491,2487
2491,2592
2491,2614
2491,3095
2491,3098
2491,3128
2491,3130
2491,4575
2491,5001
2491,5113
2492,1310
2492,1320
2492,2495
2492,3258
2492,3777
2492,4953
2492,5157
2492,5658
2493,1730
2493,2639
2493,2729
2493,3101
2493,4534
2493,5436
2493,5685
2494,1939
2494,2168
2494,2176
2494,2284
2494,2467
2494,2470
2494,2580
2494,2590
2494,2634
2494,2892
2494,3088
2494,3096
2494,3131
2494,3134
2494,4577
2494,5189
2495,2492
2495,3777
2495,5157
2496,255
2497,2223
2498,746
2499,256
2500,256
2501,256
2502,256
2503,256
2503,685
2503,954
2503,1078
2503,1331
2503,1359
2503,1612
2503,1686
2503,1775
2503,1776
2503,1869
2503,1873
2503,1883
2503,1932
2503,2006
2503,2133
2503,2421
2503,3463
2503,3760
2503,3971
2503,5183
2503,5246
2504,160
2504,257
2504,498
2504,521
2504,1015
2504,2333
2504,2841
2504,4422
2505,258
2505,259
2505,504
2506,1879
2507,437
2507,4194
2508,871
2508,1892
2508,2955
2508,3361
2509,412
2510,605
2511,504
2511,2916
2512,1025
2512,1027
2512,1030
2513,518
2513,718
2513,755
2513,791
2513,964
2513,995
2513,1015
2513,1019
2513,1023
2513,1028
2513,1029
2513,1049
2513,1835
2513,2113
2513,2302
2513,2336
2513,2529
2513,3437
2514,464
2514,775
2514,990
2514,3388
2515,4560
2516,1267
2516,1438
2516,1535
2516,1602
2516,1627
2516,2038
2516,2046
2516,2051
2516,2244
2516,3495
2517,645
2517,774
2517,1362
2517,2411
2518,636
2518,684
2518,774
2518,2240
2519,370
2519,385
2519,503
2519,515
2519,565
2519,637
2519,699
2519,797
2519,806
2519,831
2519,884
2519,898
2519,971
2519,981
2519,1018
2519,1154
2519,1337
2519,1346
2519,1361
2519,1365
2519,1412
2519,1434
2519,1588
2519,1601
2519,1632
2519,1777
2519,2140
2519,2150
2519,2269
2519,2406
2519,2413
2519,2415
2519,2849
2519,3179
2519,3214
2519,3244
2519,3302
2519,5162
2519,5686
2520,532
2520,681
2520,684
2520,775
2520,780
2520,787
2520,857
2520,863
2520,1096
2520,1241
2520,1245
2520,1340
2520,1412
2520,1566
2520,1770
2520,1771
2520,1924
2520,2523
2520,3069
2520,4065
2520,4380
2521,1515
2521,1775
2522,992
2522,1362
2523,267
2523,711
2523,874
2523,1325
2523,2520
2523,3820
2524,2007
2525,979
2525,1612
2525,2528
2526,351
2527,583
2527,727
2527,860
2527,964
2527,1107
2527,1110
2527,1385
2527,1389
2528,795
2528,1138
2528,1895
2528,3881
2529,672
2529,1028
2530,780
2530,966
2530,2118
2531,153
2531,370
2531,516
2531,672
2531,967
2531,1147
2531,1153
2531,1280
2531,1325
2531,1788
2531,2118
2532,685
2532,686
2532,1275
2532,1336
2532,2425
2533,463
2533,662
2533,780
2533,989
2533,1049
2533,1350
2533,1779
2533,1890
2534,1244
2534,2278
2535,151
2535,163
2535,369
2535,381
2535,382
2535,437
2535,492
2535,496
2535,503
2535,504
2535,520
2535,542
2535,636
2535,638
2535,644
2535,647
2535,663
2535,664
2535,683
2535,699
2535,729
2535,730
2535,765
2535,775
2535,791
2535,798
2535,800
2535,836
2535,874
2535,906
2535,918
2535,927
2535,954
2535,990
2535,999
2535,1010
2535,1029
2535,1134
2535,1144
2535,1153
2535,1257
2535,1271
2535,1282
2535,1326
2535,1327
2535,1331
2535,1337
2535,1340
2535,1341
2535,1342
2535,1346
2535,1351
2535,1359
2535,1361
2535,1365
2535,1366
2535,1401
2535,1403
2535,1412
2535,1415
2535,1420
2535,1430
2535,1434
2535,1464
2535,1580
2535,1586
2535,1588
2535,1612
2535,1668
2535,1775
2535,1780
2535,1783
2535,1789
2535,1811
2535,1826
2535,1829
2535,1837
2535,1854
2535,1870
2535,1934
2535,1935
2535,1937
2535,2126
2535,2134
2535,2302
2535,2308
2535,2336
2535,2340
2535,2394
2535,2413
2535,2417
2535,2426
2535,2522
2535,2856
2535,2873
2535,2911
2535,2925
2535,3169
2535,3178
2535,3399
2535,3412
2535,3413
2535,3438
2535,3463
2535,3791
2535,3849
2535,3881
2535,3985
2535,4162
2535,4200
2535,4991
2536,3875
2536,5687
2537,980
2537,1249
2537,1379
2537,1424
2537,1470
2537,1614
2537,1664
2537,1891
2537,2043
2537,3168
2538,292
2538,438
2538,449
2538,730
2538,1155
2538,1247
2538,1446
2538,1518
2538,1627
2538,1704
2538,1708
2538,1895
2538,1925
2538,2203
2538,2245
2538,2284
2538,2326
2538,2362
2538,2611
2538,2676
2538,2723
2538,2726
2538,2743
2538,2767
2538,4320
2538,5173
2539,1345
2539,1427
2539,1435
2539,1446
2539,1612
2539,1694
2539,1902
2539,1956
2539,2004
2539,2031
2539,2041
2539,2051
2539,2187
2539,2916
2539,4680
2540,2049
2540,3315
2540,4181
2540,4588
2541,1440
2541,1946
2541,2013
2541,4024
2542,1439
2542,1447
2542,1633
2542,1946
2543,1026
2543,1252
2543,1293
2543,1296
2543,1708
2543,1838
2543,1973
2543,2174
2543,2964
2543,3148
2544,143
2544,633
2544,969
2544,1464
2544,1466
2544,1715
2544,1763
2544,2310
2544,2323
2544,2426
2544,4355
2545,1435
2545,1466
2546,1436
2546,3335
2547,1260
2548,332
2548,1596
2548,2835
2548,3410
2548,3677
2548,3747
2548,5522
2548,5526
2549,2626
2550,1169
2550,1304
2550,1312
2550,1481
2550,1666
2550,1715
2550,1970
2550,2997
2550,4687
2550,4707
2551,1230
2551,1899
2551,2849
2551,5065
2552,1459
2553,1292
2553,1479
2553,1539
2553,1838
2553,2109
2553,2271
2553,2273
2553,2313
2553,2461
2553,2477
2553,2479
2553,2486
2553,2489
2553,2560
2553,2565
2553,2597
2553,2603
2553,2608
2553,2647
2553,2650
2553,2976
2553,3003
2553,3028
2553,3214
2553,3241
2553,3968
2553,5689
2554,1315
2554,1717
2554,4091
2555,192
2555,1461
2555,1666
2555,1716
2555,1767
2555,1988
2555,2461
2555,3028
2555,4923
2555,5122
2556,774
2556,1310
2556,3547
2557,1314
2557,2161
2557,2585
2557,3003
2557,3123
2557,3244
2557,5690
2558,332
2558,633
2558,1317
2558,1409
2558,1449
2558,1667
2558,1738
2558,1896
2558,1966
2558,2149
2558,2187
2558,2258
2558,2268
2558,2270
2558,2317
2558,2324
2558,2483
2558,2600
2558,2602
2558,2608
2558,2626
2558,2645
2558,2658
2558,2659
2558,2661
2558,2663
2558,2664
2558,2673
2558,2676
2558,2678
2558,2679
2558,2680
2558,2713
2558,2796
2558,3227
2558,3232
2558,3256
2558,3263
2558,3267
2558,3552
2558,3564
2558,3582
2558,3609
2558,3613
2558,4138
2558,4321
2558,4530
2558,4965
2558,5334
2558,5350
2558,5373
2558,5450
2558,5474
2558,5677
2558,5691
2558,5692
2558,5693
2558,5694
2559,2807
2559,3323
2559,5323
2560,276
2560,352
2560,572
2560,781
2560,836
2560,918
2560,990
2560,1198
2560,1248
2560,1259
2560,1303
2560,1304
2560,1305
2560,1314
2560,1315
2560,1317
2560,1426
2560,1452
2560,1456
2560,1459
2560,1479
2560,1484
2560,1571
2560,1610
2560,1614
2560,1656
2560,1670
2560,1678
2560,1690
2560,1692
2560,1696
2560,1699
2560,1706
2560,1712
2560,1738
2560,1759
2560,1838
2560,1843
2560,1931
2560,1937
2560,1966
2560,1975
2560,1979
2560,1985
2560,1986
2560,1987
2560,1989
2560,1990
2560,1991
2560,1992
2560,2167
2560,2168
2560,2171
2560,2177
2560,2206
2560,2247
2560,2248
2560,2250
2560,2255
2560,2257
2560,2267
2560,2268
2560,2270
2560,2274
2560,2279
2560,2281
2560,2286
2560,2288
2560,2291
2560,2294
2560,2318
2560,2324
2560,2461
2560,2467
2560,2474
2560,2475
2560,2476
2560,2477
2560,2478
2560,2481
2560,2482
2560,2483
2560,2484
2560,2485
2560,2486
2560,2487
2560,2488
2560,2489
2560,2490
2560,2493
2560,2553
2560,2566
2560,2576
2560,2577
2560,2580
2560,2581
2560,2585
2560,2589
2560,2591
2560,2592
2560,2593
2560,2594
2560,2598
2560,2601
2560,2603
2560,2610
2560,2612
2560,2613
2560,2614
2560,2615
2560,2616
2560,2617
2560,2621
2560,2622
2560,2625
2560,2631
2560,2639
2560,2701
2560,2737
2560,2767
2560,2849
2560,2884
2560,2885
2560,2887
2560,2907
2560,2912
2560,2927
2560,2976
2560,2980
2560,2989
2560,2991
2560,2993
2560,2994
2560,2996
2560,2997
2560,2998
2560,3000
2560,3003
2560,3008
2560,3009
2560,3010
2560,3011
2560,3012
2560,3015
2560,3016
2560,3019
2560,3020
2560,3032
2560,3036
2560,3038
2560,3043
2560,3094
2560,3095
2560,3119
2560,3123
2560,3125
2560,3134
2560,3212
2560,3214
2560,3215
2560,3239
2560,3251
2560,3252
2560,3254
2560,3255
2560,3257
2560,3258
2560,3324
2560,3551
2560,3557
2560,3564
2560,3570
2560,3571
2560,3777
2560,3810
2560,3930
2560,3932
2560,3933
2560,3934
2560,3935
2560,3937
2560,3945
2560,4088
2560,4100
2560,4167
2560,4168
2560,4177
2560,4304
2560,4310
2560,4457
2560,4562
2560,4572
2560,4573
2560,4666
2560,4668
2560,4713
2560,4771
2560,4775
2560,4777
2560,4782
2560,4783
2560,4785
2560,4788
2560,4792
2560,4815
2560,4816
2560,4845
2560,4848
2560,4849
2560,4855
2560,4862
2560,4863
2560,4864
2560,4882
2560,4883
2560,4898
2560,4931
2560,4983
2560,4996
2560,5001
2560,5003
2560,5010
2560,5023
2560,5033
2560,5061
2560,5112
2560,5130
2560,5157
2560,5197
2560,5271
2560,5276
2560,5287
2560,5394
2560,5405
2560,5433
2560,5434
2560,5435
2560,5656
2560,5663
2560,5683
2560,5695
2560,5696
2560,5697
2560,5698
2560,5699
2560,5700
2560,5701
2561,1420
2561,1664
2561,1687
2561,1978
2561,2166
2561,2912
2561,5150
2561,5474
2561,5702
2562,1078
2562,1424
2562,1482
2562,1707
2562,2248
2562,2369
2562,2375
2562,2796
2562,3016
2562,3057
2562,3229
2562,3754
2562,4912
2562,5034
2562,5703
2563,1294
2563,1953
2563,1962
2563,3555
2563,4563
2563,4707
2564,1693
2564,1952
2564,4300
2565,2458
2565,2989
2565,2995
2565,5696
2566,1291
2566,1553
2566,1687
2566,2487
2566,2560
2566,3123
2566,3126
2566,3557
2566,3928
2566,5105
2567,3247
2568,633
2568,1310
2568,1318
2568,2293
2568,2646
2568,2647
2568,2655
2568,2726
2568,2794
2568,2985
2568,3051
2568,3099
2568,3220
2568,3222
2568,3258
2568,3567
2568,4545
2569,143
2569,1312
2569,2162
2569,4009
2569,4043
2570,1981
2570,1982
2570,1986
2570,2993
2570,2995
2570,3088
2570,4167
2570,4169
2570,4243
2570,5035
2570,5156
2570,5278
2570,5279
2571,660
2571,911
2571,1267
2571,1389
2571,1422
2571,1424
2571,1484
2571,1662
2571,1664
2571,1690
2571,1696
2571,1705
2571,1707
2571,1712
2571,1838
2571,1854
2571,1899
2571,1931
2571,1989
2571,1990
2571,2109
2571,2163
2571,2172
2571,2176
2571,2249
2571,2293
2571,2466
2571,2474
2571,2481
2571,2487
2571,2489
2571,2491
2571,2585
2571,2591
2571,2594
2571,2596
2571,2610
2571,2630
2571,2673
2571,2837
2571,3012
2571,3036
2571,3037
2571,3045
2571,3057
2571,3090
2571,3091
2571,3121
2571,3123
2571,3250
2571,3899
2571,3931
2571,4776
2571,4883
2572,660
2572,2313
2572,2457
2572,2466
2572,2467
2572,4668
2573,4568
2574,1981
2574,1986
2574,4882
2575,1939
2575,1990
2575,2259
2575,2320
2575,2467
2575,2644
2575,2645
2575,2646
2575,2794
2575,3048
2575,3101
2575,3580
2575,3967
2575,4176
2575,5317
2576,1351
2576,1484
2576,1656
2576,1990
2576,2469
2576,2475
2576,2478
2576,2483
2576,2487
2576,2560
2576,2577
2576,2612
2576,2615
2576,2622
2576,2794
2576,2996
2576,3010
2576,3012
2576,3036
2576,3123
2576,3214
2576,3255
2576,3616
2576,3900
2576,3933
2576,4359
2576,4572
2576,4859
2576,4983
2576,5069
2576,5166
2577,1484
2577,1626
2577,1656
2577,1730
2577,1899
2577,2560
2577,2576
2577,2627
2577,3018
2577,3043
2577,3220
2577,5697
2578,1982
2578,1986
2578,2167
2578,2266
2578,2630
2578,2642
2578,3037
2578,4771
2579,1294
2579,1424
2579,1482
2579,2284
2579,2286
2579,2287
2579,2291
2579,2399
2579,2464
2579,2565
2579,2585
2579,2594
2579,2630
2579,2654
2579,2655
2579,3028
2579,3098
2579,3222
2579,3564
2579,4737
2579,5288
2580,934
2580,2176
2580,2275
2580,2280
2580,2281
2580,2284
2580,2289
2580,2467
2580,2494
2580,3030
2580,3564
2580,4245
2580,4668
2580,4848
2580,5704
2581,906
2581,932
2581,1104
2581,1248
2581,1293
2581,1298
2581,1302
2581,1304
2581,1312
2581,1314
2581,1315
2581,1317
2581,1360
2581,1370
2581,1421
2581,1424
2581,1449
2581,1456
2581,1651
2581,1656
2581,1677
2581,1682
2581,1692
2581,1707
2581,1711
2581,1712
2581,1875
2581,1923
2581,1931
2581,1954
2581,1955
2581,1956
2581,1965
2581,1966
2581,1968
2581,1978
2581,1986
2581,1992
2581,2161
2581,2164
2581,2167
2581,2168
2581,2173
2581,2210
2581,2260
2581,2262
2581,2271
2581,2279
2581,2280
2581,2284
2581,2288
2581,2291
2581,2293
2581,2294
2581,2452
2581,2457
2581,2461
2581,2464
2581,2465
2581,2469
2581,2475
2581,2556
2581,2560
2581,2561
2581,2577
2581,2584
2581,2585
2581,2594
2581,2615
2581,2621
2581,2630
2581,2664
2581,2837
2581,2993
2581,2996
2581,3000
2581,3012
2581,3036
2581,3043
2581,3088
2581,3239
2581,3244
2581,3247
2581,3254
2581,3556
2581,3900
2581,3930
2581,3931
2581,3963
2581,4122
2581,4174
2581,4178
2581,4245
2581,4301
2581,4601
2581,4778
2581,4853
2581,4883
2581,4952
2581,5038
2581,5166
2581,5453
2581,5652
2581,5704
2581,5705
2581,5706
2581,5707
2582,243
2582,798
2582,818
2582,1007
2582,1019
2582,1107
2582,1198
2582,1426
2582,1439
2582,1479
2582,1574
2582,1644
2582,1667
2582,1672
2582,1743
2582,1953
2582,1987
2582,2010
2582,2081
2582,2089
2582,2317
2582,2321
2582,2323
2582,2326
2582,2327
2582,2329
2582,2344
2582,2345
2582,2351
2582,2352
2582,2354
2582,2356
2582,2362
2582,2363
2582,2367
2582,2372
2582,2373
2582,2378
2582,2450
2582,2474
2582,2480
2582,2483
2582,2605
2582,2625
2582,2626
2582,2642
2582,2645
2582,2648
2582,2659
2582,2663
2582,2666
2582,2669
2582,2671
2582,2674
2582,2676
2582,2679
2582,2682
2582,2690
2582,2693
2582,2697
2582,2700
2582,2709
2582,2714
2582,2723
2582,2725
2582,2726
2582,2727
2582,2729
2582,2730
2582,2731
2582,2737
2582,2741
2582,2743
2582,2746
2582,2754
2582,2760
2582,2762
2582,2766
2582,2774
2582,2775
2582,2777
2582,2778
2582,2781
2582,2784
2582,2785
2582,2786
2582,2791
2582,2794
2582,2795
2582,2796
2582,2800
2582,2801
2582,2802
2582,2803
2582,2804
2582,2807
2582,2809
2582,2811
2582,2812
2582,2816
2582,2824
2582,2825
2582,2827
2582,2834
2582,2835
2582,2836
2582,2837
2582,2838
2582,2898
2582,3101
2582,3228
2582,3231
2582,3263
2582,3264
2582,3268
2582,3322
2582,3586
2582,3591
2582,3604
2582,3607
2582,3608
2582,3609
2582,3612
2582,3614
2582,3615
2582,3616
2582,3625
2582,3629
2582,3631
2582,3632
2582,3640
2582,3641
2582,3644
2582,3650
2582,3653
2582,3658
2582,3659
2582,3661
2582,3663
2582,3667
2582,3671
2582,3676
2582,3679
2582,3689
2582,3704
2582,3709
2582,3711
2582,3712
2582,3718
2582,3721
2582,3734
2582,3737
2582,3740
2582,3752
2582,3753
2582,3757
2582,3811
2582,3825
2582,3831
2582,3838
2582,4113
2582,4114
2582,4312
2582,4316
2582,4404
2582,4413
2582,4414
2582,4428
2582,4430
2582,4436
2582,4438
2582,4439
2582,4441
2582,4449
2582,4460
2582,4480
2582,4481
2582,4499
2582,4508
2582,4509
2582,4527
2582,4655
2582,4782
2582,4871
2582,4903
2582,4907
2582,4912
2582,4916
2582,4965
2582,4975
2582,5089
2582,5095
2582,5117
2582,5136
2582,5175
2582,5220
2582,5226
2582,5293
2582,5309
2582,5475
2582,5481
2582,5495
2582,5523
2582,5545
2582,5567
2582,5579
2582,5601
2582,5628
2582,5681
2582,5708
2582,5709
2582,5710
2582,5711
2582,5712
2583,370
2583,635
2583,712
2583,806
2583,906
2583,1149
2583,1263
2583,1478
2583,1479
2583,1740
2583,1768
2583,1898
2583,1932
2583,2140
2583,2258
2583,2270
2583,2284
2583,2293
2583,2685
2583,2977
2583,3028
2583,3152
2583,3239
2583,4009
2583,4045
2583,4048
2583,4296
2583,5057
2583,5713
2584,1319
2584,1571
2584,1717
2584,2172
2584,2249
2584,2258
2584,2469
2584,2477
2584,3856
2585,597
2585,1104
2585,1262
2585,1314
2585,1708
2585,1712
2585,1838
2585,2161
2585,2203
2585,2205
2585,2207
2585,2249
2585,2258
2585,2282
2585,2284
2585,2470
2585,2476
2585,2487
2585,2557
2585,2737
2585,3006
2585,3009
2585,3134
2585,3239
2586,721
2586,860
2586,1422
2586,2247
2586,2474
2586,2478
2586,2481
2586,2487
2586,2613
2586,2976
2586,3001
2586,3036
2586,3096
2586,3254
2586,4778
2586,5714
2587,860
2587,2673
2587,4187
2588,776
2588,806
2588,918
2588,1251
2588,1262
2588,1283
2588,1286
2588,1319
2588,1418
2588,1484
2588,1626
2588,1637
2588,1662
2588,1664
2588,1666
2588,1707
2588,1712
2588,1949
2588,1965
2588,1966
2588,2001
2588,2210
2588,2248
2588,2259
2588,2459
2588,2461
2588,2465
2588,2466
2588,2479
2588,2481
2588,2483
2588,2488
2588,2572
2588,2577
2588,2579
2588,2590
2588,2594
2588,2630
2588,2640
2588,2646
2588,3077
2588,3121
2588,3123
2588,3244
2588,3541
2588,3856
2588,3965
2588,4125
2588,4393
2588,4470
2589,126
2589,2487
2589,2598
2589,3036
2590,1271
2590,1426
2590,1482
2590,1696
2590,1712
2590,1838
2590,1953
2590,1974
2590,1987
2590,2160
2590,2208
2590,2210
2590,2260
2590,2270
2590,2280
2590,2291
2590,2466
2590,2467
2590,2478
2590,2481
2590,2482
2590,2483
2590,2485
2590,2487
2590,2488
2590,2489
2590,2494
2590,2526
2590,2586
2590,2591
2590,2601
2590,2632
2590,2635
2590,2649
2590,2656
2590,2673
2590,2794
2590,2948
2590,3003
2590,3007
2590,3012
2590,3036
2590,3043
2590,3397
2590,3564
2590,4123
2590,4166
2590,4176
2590,4713
2590,4775
2590,5187
2591,1696
2591,2210
2591,2465
2591,2470
2591,2475
2591,2482
2591,2592
2591,3012
2591,3247
2591,3397
2591,3899
2591,5132
2591,5268
2591,5715
2592,721
2592,1317
2592,2279
2592,2463
2592,2465
2592,2470
2592,2478
2592,2485
2592,2487
2592,2591
2592,2673
2592,2694
2592,3003
2592,3012
2592,3036
2592,3592
2592,3810
2592,4775
2592,4783
2593,1317
2593,2482
2593,2598
2593,2615
2593,2948
2593,3036
2593,3397
2594,1424
2594,1518
2594,1539
2594,1690
2594,1939
2594,1952
2594,1991
2594,2207
2594,2208
2594,2248
2594,2456
2594,2463
2594,2470
2594,2571
2594,2579
2594,2596
2594,2660
2594,2976
2594,3012
2594,3036
2594,3254
2594,4813
2595,2469
2595,2598
2595,2623
2595,2627
2595,2634
2595,2640
2595,2656
2595,3051
2595,3126
2595,3555
2595,4411
2596,806
2596,1079
2596,1104
2596,1571
2596,1638
2596,1666
2596,1697
2596,1712
2596,1965
2596,1966
2596,1975
2596,1986
2596,2163
2596,2167
2596,2176
2596,2210
2596,2279
2596,2284
2596,2291
2596,2294
2596,2354
2596,2376
2596,2461
2596,2469
2596,2473
2596,2484
2596,2571
2596,2573
2596,2580
2596,2594
2596,2664
2596,2948
2596,3007
2596,3010
2596,3012
2596,3019
2596,3020
2596,3096
2596,3123
2596,3247
2596,3321
2596,3397
2596,3400
2596,4773
2596,5690
2596,5716
2597,2775
2597,5717
2598,1426
2598,1991
2598,2461
2598,2463
2598,2479
2598,2482
2598,2485
2598,2589
2598,2593
2598,2615
2598,2976
2598,3019
2598,3020
2598,3968
2598,5689
2599,2630
2599,5718
2600,332
2600,918
2600,1662
2600,1953
2600,2109
2600,2163
2600,2479
2600,2480
2600,2482
2600,2489
2600,2576
2600,2609
2600,2612
2600,2642
2600,2665
2600,2673
2600,3044
2600,3047
2600,3088
2600,3094
2600,3126
2600,4411
2600,4867
2600,4899
2600,5000
2600,5003
2600,5716
2601,2208
2601,2461
2601,2482
2601,2607
2601,2613
2601,2615
2601,2948
2601,3570
2601,5187
2601,5719
2602,1426
2602,1553
2602,1662
2602,1712
2602,2176
2602,2479
2602,2488
2602,2590
2602,2598
2602,2616
2602,2627
2602,2673
2602,3126
2602,3949
2602,5022
2602,5715
2603,1989
2603,2608
2603,4864
2603,5698
2604,882
2604,1380
2604,1445
2604,1689
2604,1991
2604,2175
2604,2310
2604,2316
2604,2323
2604,2456
2604,2489
2604,2584
2604,2646
2604,2668
2604,3047
2604,3089
2604,3123
2604,3215
2604,3255
2604,3316
2604,3574
2604,3607
2604,3625
2604,3965
2604,3968
2604,4169
2604,4796
2604,4868
2604,5456
2605,40
2605,332
2605,404
2605,532
2605,641
2605,642
2605,732
2605,760
2605,818
2605,1007
2605,1033
2605,1079
2605,1107
2605,1259
2605,1260
2605,1296
2605,1314
2605,1353
2605,1417
2605,1433
2605,1447
2605,1461
2605,1482
2605,1539
2605,1676
2605,1743
2605,1896
2605,1954
2605,1975
2605,2027
2605,2079
2605,2081
2605,2082
2605,2149
2605,2249
2605,2270
2605,2274
2605,2310
2605,2323
2605,2354
2605,2365
2605,2399
2605,2492
2605,2565
2605,2582
2605,2584
2605,2585
2605,2635
2605,2643
2605,2650
2605,2659
2605,2669
2605,2671
2605,2677
2605,2678
2605,2683
2605,2688
2605,2692
2605,2693
2605,2702
2605,2704
2605,2705
2605,2718
2605,2720
2605,2723
2605,2725
2605,2726
2605,2731
2605,2734
2605,2737
2605,2743
2605,2760
2605,2763
2605,2770
2605,2775
2605,2784
2605,2794
2605,2796
2605,2812
2605,2834
2605,2840
2605,2924
2605,2927
2605,2976
2605,3041
2605,3054
2605,3055
2605,3057
2605,3093
2605,3098
2605,3232
2605,3258
2605,3322
2605,3575
2605,3593
2605,3599
2605,3601
2605,3606
2605,3607
2605,3638
2605,3643
2605,3659
2605,3669
2605,3712
2605,3734
2605,3832
2605,3953
2605,3979
2605,4069
2605,4174
2605,4305
2605,4407
2605,4475
2605,4478
2605,4481
2605,4533
2605,4778
2605,4855
2605,4919
2605,4965
2605,4973
2605,5118
2605,5170
2605,5181
2605,5283
2605,5318
2605,5431
2605,5577
2605,5720
2605,5721
2605,5722
2605,5723
2606,1219
2606,3223
2606,5396
2607,2598
2607,2601
2607,2617
2607,2639
2607,3935
2607,4311
2607,4785
2607,4858
2607,4868
2607,4931
2607,5002
2608,1320
2608,2376
2608,2603
2608,2812
2608,2827
2608,2835
2608,3019
2608,3020
2608,3229
2608,3738
2608,3740
2608,3742
2608,3749
2608,4449
2608,4538
2608,5724
2608,5725
2608,5726
2609,1703
2609,1759
2609,1975
2609,2175
2609,2600
2609,2668
2609,3101
2609,3932
2609,4778
2609,5348
2610,1317
2610,2208
2610,2260
2610,2461
2610,2571
2610,2613
2610,3036
2610,3038
2610,3095
2610,3126
2610,4928
2610,4983
2611,1019
2611,1079
2611,1138
2611,1198
2611,1320
2611,1677
2611,1730
2611,1743
2611,1987
2611,2089
2611,2109
2611,2149
2611,2175
2611,2321
2611,2323
2611,2324
2611,2326
2611,2327
2611,2330
2611,2344
2611,2354
2611,2362
2611,2456
2611,2579
2611,2615
2611,2619
2611,2625
2611,2631
2611,2654
2611,2655
2611,2663
2611,2669
2611,2676
2611,2677
2611,2678
2611,2679
2611,2680
2611,2690
2611,2691
2611,2693
2611,2694
2611,2697
2611,2709
2611,2723
2611,2725
2611,2726
2611,2730
2611,2737
2611,2743
2611,2780
2611,2812
2611,2816
2611,2834
2611,2891
2611,3027
2611,3035
2611,3043
2611,3053
2611,3098
2611,3101
2611,3128
2611,3222
2611,3227
2611,3319
2611,3322
2611,3585
2611,3590
2611,3614
2611,3615
2611,3619
2611,3629
2611,3633
2611,3636
2611,3640
2611,3641
2611,3659
2611,3667
2611,3712
2611,3825
2611,3839
2611,4114
2611,4133
2611,4314
2611,4403
2611,4796
2611,4968
2611,5579
2611,5727
2611,5728
2612,369
2612,882
2612,918
2612,1317
2612,1410
2612,1426
2612,1706
2612,1759
2612,2167
2612,2320
2612,2486
2612,2560
2612,2576
2612,2600
2612,2603
2612,2604
2612,2608
2612,2614
2612,2616
2612,2622
2612,2633
2612,2638
2612,2660
2612,2671
2612,2693
2612,2701
2612,2884
2612,3020
2612,3039
2612,3126
2612,3574
2612,4782
2612,4930
2612,5157
2612,5729
2613,163
2613,660
2613,1424
2613,1426
2613,1610
2613,1614
2613,1662
2613,1705
2613,1899
2613,1923
2613,1953
2613,1975
2613,1991
2613,2109
2613,2249
2613,2259
2613,2270
2613,2293
2613,2320
2613,2469
2613,2486
2613,2560
2613,2586
2613,2590
2613,2601
2613,2610
2613,2616
2613,2630
2613,2794
2613,3010
2613,3012
2613,3027
2613,3037
2613,3043
2613,3048
2613,3049
2613,3057
2613,3258
2613,3570
2613,3934
2613,3935
2613,5028
2614,918
2614,1317
2614,1426
2614,1670
2614,1759
2614,1970
2614,1975
2614,2109
2614,2149
2614,2159
2614,2271
2614,2279
2614,2284
2614,2317
2614,2461
2614,2483
2614,2491
2614,2560
2614,2600
2614,2606
2614,2612
2614,2616
2614,2618
2614,2620
2614,2621
2614,2622
2614,2634
2614,2642
2614,2673
2614,2888
2614,2976
2614,3040
2614,3043
2614,3101
2614,3214
2614,3215
2614,3597
2614,3964
2614,4701
2614,4864
2615,1884
2615,2207
2615,2280
2615,2560
2615,2576
2615,2593
2615,2598
2615,2601
2615,2670
2615,2886
2615,2888
2615,2948
2615,3019
2615,3258
2615,3949
2615,4864
2615,5718
2616,1294
2616,1317
2616,1426
2616,2205
2616,2208
2616,2279
2616,2463
2616,2481
2616,2487
2616,2884
2616,2886
2616,2976
2616,2994
2616,3010
2616,3019
2616,3020
2616,3126
2616,3258
2616,3558
2616,4855
2616,4864
2616,5730
2617,1107
2617,1294
2617,1938
2617,1991
2617,2155
2617,2323
2617,2607
2617,3004
2617,3043
2617,3051
2617,3097
2617,3258
2617,3935
2617,3964
2617,4500
2618,1079
2618,1662
2618,1975
2618,2109
2618,2259
2618,2289
2618,2320
2618,2399
2618,2491
2618,2494
2618,2592
2618,2603
2618,2612
2618,2613
2618,2614
2618,2619
2618,2620
2618,2627
2618,2632
2618,2634
2618,2657
2618,3051
2618,3220
2618,4177
2618,4929
2618,5113
2618,5158
2619,1007
2619,1079
2619,1198
2619,1838
2619,1969
2619,1984
2619,1989
2619,1990
2619,2109
2619,2278
2619,2317
2619,2466
2619,2478
2619,2602
2619,2615
2619,2618
2619,2628
2619,2634
2619,2639
2619,2640
2619,2641
2619,2646
2619,2647
2619,2656
2619,2663
2619,2669
2619,2890
2619,2894
2619,3016
2619,3043
2619,3044
2619,3128
2619,3129
2619,3133
2619,3215
2619,3216
2619,3222
2619,3575
2619,4089
2619,4303
2619,4402
2619,4577
2619,4675
2619,4792
2619,4921
2619,5000
2619,5001
2619,5002
2620,2614
2620,2622
2620,2639
2620,2884
2620,3040
2620,3127
2620,3223
2620,3567
2620,3932
2620,4307
2620,5190
2621,2560
2621,2670
2621,5701
2622,2620
2622,2884
2622,2888
2622,4466
2622,4865
2622,4981
2622,5699
2622,5731
2623,2008
2623,3044
2623,4866
2624,5282
2625,1198
2625,1426
2625,1696
2625,1927
2625,1987
2625,2317
2625,2320
2625,2482
2625,2560
2625,2591
2625,2592
2625,2606
2625,2608
2625,2611
2625,2622
2625,2631
2625,2658
2625,2663
2625,2669
2625,2671
2625,2673
2625,2676
2625,2683
2625,2689
2625,2701
2625,2725
2625,3045
2625,3099
2625,3258
2625,3540
2625,3587
2625,3590
2625,3604
2625,3607
2625,4404
2626,732
2626,798
2626,1019
2626,1107
2626,1226
2626,1240
2626,1291
2626,1295
2626,1314
2626,1317
2626,1426
2626,1439
2626,1461
2626,1676
2626,1689
2626,1767
2626,1968
2626,1973
2626,1987
2626,1990
2626,2010
2626,2089
2626,2149
2626,2175
2626,2258
2626,2259
2626,2271
2626,2319
2626,2320
2626,2321
2626,2323
2626,2326
2626,2327
2626,2352
2626,2356
2626,2357
2626,2362
2626,2450
2626,2476
2626,2538
2626,2549
2626,2558
2626,2582
2626,2611
2626,2614
2626,2622
2626,2635
2626,2640
2626,2641
2626,2644
2626,2645
2626,2646
2626,2647
2626,2651
2626,2656
2626,2657
2626,2659
2626,2660
2626,2664
2626,2668
2626,2669
2626,2670
2626,2672
2626,2676
2626,2677
2626,2678
2626,2679
2626,2683
2626,2688
2626,2690
2626,2693
2626,2700
2626,2703
2626,2709
2626,2711
2626,2714
2626,2715
2626,2723
2626,2725
2626,2726
2626,2727
2626,2729
2626,2730
2626,2731
2626,2737
2626,2739
2626,2740
2626,2743
2626,2748
2626,2757
2626,2758
2626,2759
2626,2762
2626,2765
2626,2774
2626,2776
2626,2782
2626,2784
2626,2785
2626,2794
2626,2796
2626,2811
2626,2812
2626,2836
2626,2891
2626,2898
2626,2923
2626,3027
2626,3048
2626,3055
2626,3099
2626,3224
2626,3232
2626,3253
2626,3545
2626,3567
2626,3570
2626,3601
2626,3613
2626,3619
2626,3625
2626,3631
2626,3640
2626,3641
2626,3657
2626,3658
2626,3659
2626,3666
2626,3669
2626,3697
2626,3712
2626,3857
2626,3955
2626,4114
2626,4227
2626,4315
2626,4322
2626,4403
2626,4410
2626,4417
2626,4530
2626,4533
2626,4713
2626,4907
2626,4974
2626,5031
2626,5114
2626,5136
2626,5148
2626,5212
2626,5282
2626,5373
2626,5450
2626,5459
2626,5575
2626,5732
2626,5733
2626,5734
2627,1730
2627,2175
2627,2492
2627,2577
2627,2595
2627,2618
2627,2622
2627,2628
2627,2630
2627,2631
2627,2633
2627,2634
2627,2641
2627,2665
2627,3045
2627,3128
2627,3134
2627,3618
2627,4404
2627,5433
2627,5460
2627,5475
2627,5735
2628,1313
2628,1445
2628,1479
2628,1662
2628,2279
2628,2288
2628,2627
2628,2634
2628,2638
2628,3094
2628,3132
2628,3223
2628,3905
2628,3932
2628,4173
2628,4992
2628,5157
2629,1984
2629,2318
2629,2320
2629,2321
2629,2613
2629,2619
2629,2631
2629,2648
2629,2657
2629,2673
2629,2725
2629,2727
2629,2737
2629,3047
2629,3050
2629,3051
2629,3622
2629,4524
2629,4576
2629,4804
2629,5138
2629,5699
2630,332
2630,1298
2630,1317
2630,1461
2630,1539
2630,1571
2630,1634
2630,1637
2630,1662
2630,1696
2630,1706
2630,1712
2630,1838
2630,1899
2630,1953
2630,1968
2630,1975
2630,1982
2630,1989
2630,2039
2630,2109
2630,2172
2630,2175
2630,2210
2630,2259
2630,2294
2630,2310
2630,2322
2630,2456
2630,2464
2630,2467
2630,2481
2630,2489
2630,2556
2630,2571
2630,2578
2630,2579
2630,2585
2630,2596
2630,2599
2630,2600
2630,2613
2630,2618
2630,2627
2630,2631
2630,2634
2630,2635
2630,2638
2630,2639
2630,2665
2630,2727
2630,2794
2630,2995
2630,3028
2630,3032
2630,3036
2630,3051
2630,3057
2630,3096
2630,3124
2630,3134
2630,3239
2630,3321
2630,3540
2630,3558
2630,3600
2630,3929
2630,4176
2630,4210
2630,4578
2630,4641
2630,4983
2631,2470
2631,2560
2631,2634
2631,3041
2631,3051
2631,3094
2631,3134
2631,3934
2631,4177
2631,4789
2631,5699
2632,332
2632,1422
2632,2323
2632,2489
2632,2590
2632,2604
2632,2618
2632,2638
2632,2639
2632,3089
2632,3094
2632,3096
2632,3316
2632,3578
2632,3625
2632,3641
2632,3965
2632,4778
2632,5736
2633,906
2633,1294
2633,1305
2633,1310
2633,1426
2633,1449
2633,1614
2633,1677
2633,1705
2633,1707
2633,1838
2633,2149
2633,2168
2633,2473
2633,2475
2633,2479
2633,2534
2633,2591
2633,2592
2633,2612
2633,2615
2633,2888
2633,2977
2633,3003
2633,3010
2633,3019
2633,3020
2633,3225
2633,3248
2633,3258
2633,3557
2633,3570
2633,3953
2633,4806
2633,4813
2633,5157
2634,1662
2634,2247
2634,2466
2634,2470
2634,2614
2634,2616
2634,2618
2634,2631
2634,2639
2634,3010
2634,3038
2634,3047
2634,3094
2634,3223
2634,3931
2634,3932
2634,3934
2634,4307
2634,4867
2634,5135
2634,5697
2634,5737
2635,332
2635,1032
2635,1271
2635,1310
2635,1708
2635,1717
2635,1923
2635,1939
2635,1991
2635,2171
2635,2172
2635,2210
2635,2313
2635,2466
2635,2469
2635,2481
2635,2482
2635,2576
2635,2577
2635,2590
2635,2595
2635,2599
2635,2603
2635,2604
2635,2630
2635,2632
2635,2640
2635,2656
2635,2657
2635,2996
2635,3017
2635,3031
2635,3091
2635,3096
2635,3124
2635,4091
2635,4172
2635,4665
2635,4802
2635,5107
2636,1219
2636,1845
2636,2606
2636,2631
2636,2639
2636,3044
2636,3931
2636,5138
2636,5291
2636,5738
2637,2634
2637,3618
2637,5433
2638,1706
2638,2494
2638,2577
2638,2631
2638,2632
2638,2639
2638,2665
2638,2688
2638,3667
2638,3954
2638,3969
2638,4921
2638,5210
2638,5281
2638,5423
2639,1479
2639,1706
2639,1710
2639,1984
2639,2279
2639,2284
2639,2466
2639,2493
2639,2560
2639,2577
2639,2607
2639,2620
2639,2622
2639,2627
2639,2634
2639,2643
2639,3047
2639,3223
2639,3400
2639,4300
2639,4402
2639,4783
2639,4810
2639,4866
2639,4950
2639,4996
2639,5002
2639,5157
2639,5435
2640,332
2640,403
2640,918
2640,1079
2640,1217
2640,1484
2640,1706
2640,1714
2640,1985
2640,2163
2640,2248
2640,2310
2640,2313
2640,2493
2640,2585
2640,2595
2640,2598
2640,2600
2640,2602
2640,2626
2640,2631
2640,2634
2640,2656
2640,2662
2640,2673
2640,3038
2640,3047
2640,3051
2640,3094
2640,3124
2640,3220
2640,3222
2640,3571
2640,4411
2640,5716
2641,918
2641,2316
2641,2320
2641,2322
2641,2491
2641,2494
2641,2595
2641,2603
2641,2627
2641,2636
2641,2650
2641,2654
2641,2655
2641,2657
2641,2689
2641,2725
2641,3124
2641,3129
2641,3216
2641,3218
2641,3570
2641,3579
2641,3641
2641,3967
2641,4319
2641,4402
2641,4868
2641,5005
2641,5083
2641,5138
2641,5433
2641,5464
2641,5738
2641,5739
2642,1637
2642,1656
2642,1759
2642,1967
2642,1975
2642,1989
2642,2088
2642,2259
2642,2273
2642,2284
2642,2318
2642,2321
2642,2322
2642,2323
2642,2362
2642,2457
2642,2461
2642,2471
2642,2483
2642,2568
2642,2577
2642,2578
2642,2596
2642,2600
2642,2606
2642,2614
2642,2626
2642,2643
2642,2645
2642,2646
2642,2649
2642,2653
2642,2657
2642,2658
2642,2659
2642,2660
2642,2661
2642,2665
2642,2679
2642,2689
2642,2693
2642,2715
2642,2723
2642,2726
2642,2729
2642,2737
2642,2782
2642,2888
2642,3004
2642,3051
2642,3099
2642,3320
2642,3410
2642,3563
2642,3564
2642,3581
2642,3593
2642,3607
2642,3825
2642,3834
2642,3857
2642,4404
2642,4789
2642,4900
2642,5137
2642,5464
2642,5736
2642,5740
2643,2010
2643,2089
2643,2639
2643,2658
2643,2660
2643,2663
2643,2668
2643,2669
2643,2673
2643,2679
2643,2683
2643,3055
2643,3832
2643,3928
2643,4288
2643,4525
2643,5396
2643,5741
2644,2021
2644,2082
2644,2344
2644,2345
2644,2645
2644,2679
2644,2689
2644,2715
2644,3047
2644,3253
2644,3323
2644,3602
2644,3614
2644,3638
2644,3643
2644,3678
2644,3967
2644,4207
2644,4545
2644,5742
2644,5743
2645,732
2645,1007
2645,1019
2645,1079
2645,1637
2645,1784
2645,1953
2645,2021
2645,2089
2645,2172
2645,2259
2645,2318
2645,2320
2645,2461
2645,2558
2645,2571
2645,2575
2645,2622
2645,2626
2645,2642
2645,2644
2645,2646
2645,2676
2645,2678
2645,2680
2645,2689
2645,2705
2645,2722
2645,2725
2645,2737
2645,2743
2645,2794
2645,2882
2645,2891
2645,3004
2645,3048
2645,3097
2645,3124
2645,3227
2645,3232
2645,3323
2645,3567
2645,3578
2645,3582
2645,3586
2645,3602
2645,3637
2645,3811
2645,4427
2645,4569
2645,4962
2645,5364
2645,5427
2645,5736
2645,5744
2646,1007
2646,1079
2646,1107
2646,1198
2646,1426
2646,1656
2646,1730
2646,1767
2646,1896
2646,1899
2646,2109
2646,2159
2646,2161
2646,2171
2646,2259
2646,2271
2646,2277
2646,2280
2646,2294
2646,2310
2646,2316
2646,2318
2646,2320
2646,2323
2646,2324
2646,2470
2646,2483
2646,2484
2646,2489
2646,2558
2646,2568
2646,2575
2646,2577
2646,2598
2646,2600
2646,2602
2646,2608
2646,2615
2646,2626
2646,2628
2646,2633
2646,2638
2646,2642
2646,2645
2646,2647
2646,2648
2646,2657
2646,2659
2646,2660
2646,2663
2646,2664
2646,2669
2646,2672
2646,2674
2646,2688
2646,2725
2646,2726
2646,2729
2646,2737
2646,2743
2646,2782
2646,2794
2646,2849
2646,2890
2646,2891
2646,2983
2646,3002
2646,3035
2646,3036
2646,3038
2646,3040
2646,3049
2646,3051
2646,3052
2646,3059
2646,3097
2646,3099
2646,3101
2646,3127
2646,3128
2646,3222
2646,3251
2646,3258
2646,3581
2646,3602
2646,3607
2646,3641
2646,3835
2646,3935
2646,3949
2646,3955
2646,3968
2646,4069
2646,4297
2646,4318
2646,4463
2646,4577
2646,4578
2646,4804
2646,5138
2646,5266
2646,5426
2646,5464
2647,918
2647,1300
2647,1319
2647,1662
2647,1975
2647,1990
2647,2483
2647,2486
2647,2553
2647,2568
2647,2600
2647,2626
2647,2627
2647,2628
2647,2648
2647,2659
2647,2671
2647,2676
2647,2692
2647,2693
2647,2771
2647,2892
2647,3040
2647,3044
2647,3045
2647,3051
2647,3096
2647,3097
2647,3101
2647,3215
2647,3318
2647,3567
2647,3570
2647,3571
2647,3835
2647,3951
2647,3953
2647,3954
2647,4123
2647,4311
2647,4786
2647,4864
2647,4931
2647,5003
2647,5137
2647,5699
2647,5745
2648,1079
2648,2082
2648,2167
2648,2622
2648,2639
2648,2641
2648,2647
2648,2654
2648,2655
2648,2657
2648,3051
2648,3097
2648,3099
2648,3223
2648,3319
2648,3580
2648,3967
2648,4311
2648,4322
2648,5746
2648,5747
2648,5748
2649,163
2649,276
2649,640
2649,1298
2649,1571
2649,1705
2649,1711
2649,1949
2649,1952
2649,1985
2649,2163
2649,2320
2649,2322
2649,2450
2649,2590
2649,2642
2649,2657
2649,2689
2649,2696
2649,2700
2649,2729
2649,3101
2649,3225
2649,3241
2649,3244
2649,3320
2649,3410
2649,3567
2649,3916
2649,4207
2649,4404
2649,4963
2649,5138
2649,5457
2649,5736
2650,2204
2650,2641
2650,3123
2650,3124
2650,3134
2650,3239
2650,3832
2650,4093
2650,4569
2650,4766
2650,5083
2650,5139
2650,5196
2650,5749
2650,5750
2651,2327
2651,2641
2651,2648
2651,2654
2651,2663
2651,2730
2651,3098
2651,3222
2651,3223
2651,3835
2651,4457
2651,5147
2651,5751
2652,2729
2652,3124
2652,3832
2652,5396
2653,2318
2653,3615
2654,1198
2654,1677
2654,2318
2654,2641
2654,2648
2654,2651
2654,2655
2654,2657
2654,2669
2654,2730
2654,3222
2654,3223
2654,3318
2654,3319
2654,3597
2654,3835
2654,3952
2654,3967
2654,4457
2654,4524
2654,5407
2654,5419
2654,5752
2655,2321
2655,3644
2655,4311
2655,4524
2655,5748
2655,5753
2656,403
2656,860
2656,918
2656,1079
2656,1314
2656,1426
2656,1461
2656,1484
2656,1696
2656,1965
2656,1987
2656,1990
2656,2109
2656,2175
2656,2259
2656,2318
2656,2320
2656,2461
2656,2464
2656,2469
2656,2481
2656,2483
2656,2590
2656,2595
2656,2623
2656,2629
2656,2631
2656,2635
2656,2638
2656,2640
2656,2641
2656,2648
2656,2657
2656,2660
2656,2673
2656,2674
2656,2689
2656,2730
2656,2737
2656,2882
2656,3012
2656,3031
2656,3044
2656,3097
2656,3099
2656,3101
2656,3217
2656,3220
2656,3221
2656,3258
2656,3410
2656,3570
2656,3834
2656,3934
2656,3955
2656,4069
2656,4462
2656,4856
2656,5396
2656,5431
2656,5754
2657,332
2657,2271
2657,2318
2657,2320
2657,2618
2657,2641
2657,2642
2657,2645
2657,2653
2657,2654
2657,2656
2657,2659
2657,2660
2657,2661
2657,2693
2657,3129
2657,3133
2657,3968
2657,4569
2657,5741
2658,2816
2658,3098
2658,3223
2658,4405
2658,5755
2659,555
2659,1426
2659,1637
2659,1656
2659,1689
2659,1759
2659,2133
2659,2259
2659,2280
2659,2320
2659,2321
2659,2323
2659,2324
2659,2399
2659,2450
2659,2464
2659,2492
2659,2558
2659,2612
2659,2631
2659,2635
2659,2638
2659,2642
2659,2646
2659,2654
2659,2656
2659,2657
2659,2683
2659,2688
2659,2692
2659,2723
2659,2724
2659,2725
2659,2726
2659,2743
2659,2794
2659,2814
2659,2885
2659,2893
2659,3003
2659,3045
2659,3099
2659,3124
2659,3127
2659,3218
2659,3222
2659,3254
2659,3258
2659,3579
2659,3612
2659,3641
2659,3667
2659,3858
2659,3935
2659,4305
2659,4929
2659,5130
2659,5142
2659,5266
2659,5365
2659,5643
2660,906
2660,1404
2660,1687
2660,1980
2660,1990
2660,2161
2660,2248
2660,2265
2660,2271
2660,2318
2660,2399
2660,2456
2660,2483
2660,2486
2660,2488
2660,2594
2660,2600
2660,2602
2660,2603
2660,2607
2660,2612
2660,2614
2660,2615
2660,2622
2660,2626
2660,2631
2660,2635
2660,2641
2660,2642
2660,2643
2660,2646
2660,2650
2660,2655
2660,2656
2660,2657
2660,2658
2660,2671
2660,2693
2660,2725
2660,2726
2660,2727
2660,2737
2660,2794
2660,2976
2660,3027
2660,3051
2660,3096
2660,3098
2660,3222
2660,3223
2660,3566
2660,3832
2660,3835
2660,3928
2660,3955
2660,4867
2660,5002
2660,5386
2660,5458
2661,1730
2661,1952
2661,2318
2661,2642
2661,2653
2661,2657
2661,2663
2661,2696
2661,3571
2661,3601
2661,3825
2661,3933
2661,4962
2661,5464
2661,5756
2661,5757
2662,154
2662,918
2662,1461
2662,1484
2662,1687
2662,1705
2662,1939
2662,2258
2662,2318
2662,2466
2662,2483
2662,2600
2662,2629
2662,2640
2662,2641
2662,2645
2662,2649
2662,2656
2662,2890
2662,3012
2662,3049
2662,3126
2662,3595
2662,3931
2662,3932
2662,3969
2662,4314
2662,4787
2662,4953
2662,5135
2663,1205
2663,1730
2663,2318
2663,2321
2663,2323
2663,2324
2663,2347
2663,2611
2663,2643
2663,2661
2663,2665
2663,2669
2663,2677
2663,2688
2663,2730
2663,3044
2663,3055
2663,3130
2663,3224
2663,3588
2663,3620
2663,3625
2663,3834
2663,4525
2663,4641
2663,5758
2664,329
2664,1079
2664,1176
2664,1240
2664,1310
2664,1637
2664,1696
2664,1953
2664,1975
2664,2149
2664,2175
2664,2210
2664,2247
2664,2251
2664,2259
2664,2321
2664,2322
2664,2324
2664,2327
2664,2399
2664,2470
2664,2480
2664,2558
2664,2561
2664,2579
2664,2600
2664,2603
2664,2611
2664,2622
2664,2625
2664,2647
2664,2671
2664,2679
2664,2688
2664,2693
2664,2700
2664,2705
2664,2723
2664,2737
2664,2834
2664,2849
2664,2891
2664,2893
2664,3040
2664,3095
2664,3218
2664,3222
2664,3227
2664,3263
2664,3545
2664,3567
2664,3586
2664,3592
2664,3619
2664,3639
2664,3644
2664,3659
2664,3666
2664,3825
2664,4211
2664,4307
2664,4408
2664,4472
2664,4479
2664,4545
2664,4647
2664,4796
2664,5087
2664,5134
2664,5144
2664,5298
2664,5324
2664,5326
2664,5423
2664,5427
2664,5456
2664,5628
2664,5668
2664,5759
2664,5760
2665,1573
2665,1610
2665,1975
2665,2109
2665,2324
2665,2600
2665,2603
2665,2612
2665,2627
2665,2638
2665,2642
2665,2663
2665,2669
2665,2671
2665,3601
2665,3839
2665,3934
2666,1927
2666,1941
2666,1952
2666,2089
2666,2318
2666,2371
2666,2654
2666,2688
2666,2693
2666,2708
2666,2723
2666,2730
2666,2877
2666,3128
2666,3233
2666,3265
2666,3267
2666,3335
2666,3602
2666,3656
2666,3659
2666,4419
2666,5761
2666,5762
2666,5763
2667,1941
2667,1953
2667,2344
2667,2658
2667,2673
2667,2676
2667,2679
2667,2683
2667,2693
2667,2700
2667,2721
2667,2812
2667,2894
2667,3095
2667,3098
2667,3126
2667,3233
2667,3322
2667,3601
2667,3615
2667,3619
2667,4322
2667,4962
2667,5005
2667,5037
2667,5142
2667,5173
2667,5174
2668,1033
2668,1240
2668,1637
2668,2321
2668,2323
2668,2609
2668,2643
2668,2655
2668,2658
2668,2664
2668,2683
2668,2711
2668,2723
2668,2766
2668,2898
2668,3096
2668,3215
2668,3258
2668,3540
2668,3602
2668,3625
2668,3825
2668,3839
2668,4413
2668,5149
2669,1019
2669,2320
2669,2321
2669,2323
2669,2324
2669,2330
2669,2347
2669,2579
2669,2603
2669,2643
2669,2650
2669,2651
2669,2654
2669,2658
2669,2661
2669,2663
2669,2665
2669,2674
2669,2677
2669,2688
2669,2690
2669,2723
2669,2730
2669,2893
2669,2894
2669,3053
2669,3055
2669,3099
2669,3222
2669,3224
2669,3320
2669,3601
2669,3620
2669,3625
2669,3835
2669,3914
2669,3954
2669,4314
2669,4321
2669,4579
2669,4641
2669,5758
2669,5764
2669,5765
2670,2615
2670,2621
2670,3037
2670,3099
2670,3124
2670,3566
2670,3839
2670,4322
2670,5266
2671,115
2671,332
2671,403
2671,906
2671,1007
2671,1307
2671,1409
2671,1424
2671,1426
2671,1461
2671,1465
2671,1479
2671,1539
2671,1571
2671,1589
2671,1651
2671,1661
2671,1696
2671,1706
2671,1712
2671,1838
2671,1939
2671,1941
2671,1954
2671,1965
2671,1977
2671,1984
2671,1987
2671,1990
2671,1991
2671,2089
2671,2109
2671,2149
2671,2158
2671,2160
2671,2162
2671,2165
2671,2168
2671,2203
2671,2210
2671,2211
2671,2212
2671,2248
2671,2249
2671,2258
2671,2267
2671,2281
2671,2284
2671,2289
2671,2290
2671,2291
2671,2292
2671,2320
2671,2323
2671,2324
2671,2457
2671,2461
2671,2464
2671,2467
2671,2469
2671,2473
2671,2476
2671,2477
2671,2478
2671,2479
2671,2481
2671,2483
2671,2485
2671,2487
2671,2491
2671,2555
2671,2585
2671,2586
2671,2590
2671,2592
2671,2593
2671,2596
2671,2603
2671,2605
2671,2612
2671,2625
2671,2627
2671,2633
2671,2635
2671,2641
2671,2643
2671,2645
2671,2647
2671,2655
2671,2660
2671,2664
2671,2665
2671,2673
2671,2675
2671,2679
2671,2683
2671,2688
2671,2693
2671,2729
2671,2737
2671,2743
2671,2756
2671,2840
2671,2882
2671,2888
2671,2927
2671,2948
2671,2993
2671,3002
2671,3008
2671,3011
2671,3012
2671,3013
2671,3015
2671,3030
2671,3035
2671,3036
2671,3040
2671,3055
2671,3056
2671,3088
2671,3090
2671,3094
2671,3099
2671,3100
2671,3119
2671,3121
2671,3213
2671,3216
2671,3244
2671,3318
2671,3323
2671,3557
2671,3588
2671,3591
2671,3602
2671,3604
2671,3609
2671,3614
2671,3619
2671,3634
2671,3832
2671,3923
2671,3931
2671,3954
2671,4033
2671,4174
2671,4242
2671,4292
2671,4301
2671,4305
2671,4306
2671,4405
2671,4435
2671,4500
2671,4704
2671,4780
2671,4817
2671,4845
2671,4848
2671,4856
2671,4861
2671,4863
2671,4882
2671,4983
2671,5173
2671,5450
2671,5453
2671,5459
2671,5460
2671,5748
2671,5766
2672,1078
2672,1107
2672,1198
2672,1927
2672,1987
2672,2149
2672,2323
2672,2345
2672,2357
2672,2450
2672,2651
2672,2664
2672,2669
2672,2671
2672,2673
2672,2676
2672,2680
2672,2683
2672,2689
2672,2690
2672,2725
2672,2726
2672,2729
2672,2730
2672,2737
2672,2743
2672,3027
2672,3222
2672,3232
2672,3558
2672,3567
2672,3602
2672,3610
2672,3613
2672,3619
2672,3811
2672,4207
2672,4296
2672,4413
2672,4655
2672,5282
2672,5460
2672,5560
2672,5614
2673,332
2673,911
2673,1107
2673,1312
2673,1317
2673,1426
2673,1662
2673,1696
2673,1705
2673,1838
2673,1952
2673,2089
2673,2280
2673,2293
2673,2313
2673,2318
2673,2320
2673,2324
2673,2354
2673,2476
2673,2481
2673,2482
2673,2488
2673,2492
2673,2558
2673,2571
2673,2583
2673,2590
2673,2592
2673,2599
2673,2600
2673,2622
2673,2629
2673,2631
2673,2640
2673,2643
2673,2656
2673,2663
2673,2671
2673,2672
2673,2674
2673,2683
2673,2696
2673,2721
2673,2737
2673,2780
2673,2893
2673,2894
2673,3002
2673,3003
2673,3010
2673,3012
2673,3013
2673,3043
2673,3044
2673,3047
2673,3101
2673,3214
2673,3258
2673,3318
2673,3319
2673,3545
2673,3590
2673,3599
2673,3601
2673,3604
2673,3605
2673,3613
2673,3832
2673,3833
2673,3898
2673,3951
2673,3954
2673,3955
2673,4016
2673,4322
2673,4462
2673,4503
2673,4655
2673,4656
2673,4825
2673,4933
2673,5113
2673,5138
2673,5450
2673,5697
2673,5727
2673,5748
2673,5767
2674,1145
2674,1317
2674,2655
2674,2892
2674,3590
2674,4288
2674,4815
2674,5173
2674,5768
2674,5769
2675,2109
2675,2324
2675,2356
2675,2715
2675,3087
2675,3101
2675,3605
2675,4314
2675,4320
2675,4321
2676,1019
2676,1107
2676,1198
2676,1294
2676,1637
2676,1672
2676,1677
2676,1706
2676,1738
2676,1775
2676,1953
2676,1987
2676,1989
2676,2089
2676,2210
2676,2278
2676,2323
2676,2324
2676,2352
2676,2399
2676,2450
2676,2477
2676,2538
2676,2558
2676,2576
2676,2577
2676,2611
2676,2614
2676,2616
2676,2622
2676,2625
2676,2626
2676,2628
2676,2641
2676,2645
2676,2647
2676,2658
2676,2663
2676,2664
2676,2667
2676,2669
2676,2672
2676,2674
2676,2679
2676,2683
2676,2688
2676,2694
2676,2705
2676,2715
2676,2725
2676,2729
2676,2730
2676,2737
2676,2743
2676,2763
2676,2766
2676,2840
2676,2891
2676,2898
2676,2924
2676,3016
2676,3040
2676,3054
2676,3101
2676,3123
2676,3227
2676,3258
2676,3263
2676,3323
2676,3540
2676,3575
2676,3607
2676,3610
2676,3612
2676,3615
2676,3625
2676,3667
2676,3692
2676,3839
2676,3857
2676,3955
2676,3964
2676,4009
2676,4321
2676,4407
2676,4458
2676,4576
2676,4640
2676,4648
2676,5022
2676,5097
2676,5210
2676,5298
2676,5408
2676,5433
2676,5465
2676,5770
2676,5771
2676,5772
2676,5773
2677,2352
2677,2611
2677,2669
2677,2679
2677,2717
2677,2731
2677,2733
2677,2759
2677,2775
2677,2796
2677,2825
2677,2898
2677,3098
2677,3232
2677,3636
2677,3640
2677,3643
2677,3656
2677,3659
2677,3662
2677,3830
2677,3836
2677,3839
2677,4133
2677,4530
2677,4611
2677,4649
2677,5454
2677,5569
2677,5774
2677,5775
2677,5776
2677,5777
2678,1975
2678,2490
2678,2558
2678,2611
2678,2645
2678,2650
2678,2679
2678,2717
2678,2775
2678,2825
2678,3661
2678,3811
2678,3839
2678,3965
2678,4125
2678,4500
2678,5048
2678,5456
2678,5744
2679,882
2679,1967
2679,2021
2679,2149
2679,2320
2679,2323
2679,2378
2679,2558
2679,2642
2679,2643
2679,2644
2679,2650
2679,2664
2679,2667
2679,2677
2679,2678
2679,2725
2679,2891
2679,2894
2679,3098
2679,3223
2679,3225
2679,3324
2679,3565
2679,3567
2679,3594
2679,3595
2679,3604
2679,3615
2679,3617
2679,3619
2679,3832
2679,4093
2679,4288
2679,4322
2679,4428
2679,4458
2679,4644
2679,5086
2679,5212
2679,5325
2679,5716
2680,1019
2680,2089
2680,2344
2680,2346
2680,2688
2680,2720
2680,2729
2680,2849
2680,3224
2680,3609
2680,3615
2680,3617
2680,4208
2680,4405
2680,4409
2680,4460
2680,4545
2681,4205
2682,798
2682,1713
2682,2079
2682,2084
2682,2085
2682,2247
2682,2319
2682,2350
2682,2355
2682,2360
2682,2367
2682,2637
2682,2700
2682,2719
2682,2727
2682,2731
2682,2735
2682,2737
2682,2740
2682,2746
2682,2762
2682,2763
2682,2769
2682,2773
2682,2774
2682,2778
2682,2782
2682,2791
2682,2800
2682,2812
2682,2828
2682,2831
2682,3004
2682,3652
2682,3657
2682,3659
2682,3663
2682,3666
2682,3673
2682,3676
2682,3679
2682,3681
2682,3689
2682,3712
2682,3736
2682,4114
2682,4116
2682,4478
2682,4480
2682,4484
2682,4495
2682,4499
2682,4530
2682,4916
2682,4965
2682,4967
2682,4968
2682,4974
2682,5067
2682,5152
2682,5177
2682,5224
2682,5318
2682,5332
2682,5333
2682,5535
2682,5579
2682,5593
2682,5778
2682,5779
2683,1706
2683,1987
2683,2247
2683,2284
2683,2323
2683,2324
2683,2625
2683,2643
2683,2651
2683,2659
2683,2663
2683,2664
2683,2667
2683,2669
2683,2671
2683,2673
2683,2674
2683,2679
2683,2693
2683,2723
2683,2729
2683,3567
2683,3604
2683,3609
2683,3830
2683,3832
2683,4222
2683,4413
2683,4527
2684,3838
2685,1325
2685,1667
2685,1955
2685,1968
2685,2202
2685,2327
2685,2553
2685,2555
2685,2561
2685,2622
2685,2631
2685,2664
2685,2681
2685,2726
2685,2770
2685,2985
2685,3043
2685,3057
2685,3059
2685,3097
2685,3667
2685,3757
2685,3954
2685,4311
2685,4499
2685,4509
2685,4535
2685,4870
2685,4897
2685,4935
2685,4972
2685,4977
2685,5043
2685,5759
2685,5780
2685,5781
2685,5782
2685,5783
2686,1096
2686,1174
2686,2092
2686,2328
2686,3169
2686,3269
2686,4418
2686,5485
2686,5780
2687,2721
2687,3719
2687,3734
2687,3752
2687,4650
2687,5575
2687,5595
2687,5720
2687,5784
2687,5785
2688,1033
2688,1461
2688,1479
2688,1480
2688,1482
2688,1899
2688,1954
2688,1957
2688,2167
2688,2207
2688,2255
2688,2313
2688,2327
2688,2354
2688,2362
2688,2370
2688,2372
2688,2376
2688,2478
2688,2483
2688,2488
2688,2565
2688,2585
2688,2603
2688,2631
2688,2638
2688,2650
2688,2659
2688,2663
2688,2664
2688,2666
2688,2669
2688,2693
2688,2723
2688,2725
2688,2727
2688,2762
2688,2763
2688,2774
2688,2782
2688,2784
2688,2807
2688,2825
2688,2898
2688,3004
2688,3012
2688,3055
2688,3096
2688,3098
2688,3099
2688,3128
2688,3220
2688,3222
2688,3263
2688,3323
2688,3599
2688,3615
2688,3640
2688,3672
2688,3676
2688,3933
2688,4414
2688,4429
2688,4430
2688,4462
2688,4916
2688,4965
2688,5034
2688,5209
2688,5222
2688,5351
2688,5560
2688,5638
2688,5786
2688,5787
2689,28
2689,34
2689,276
2689,305
2689,314
2689,342
2689,350
2689,352
2689,411
2689,509
2689,629
2689,689
2689,732
2689,745
2689,845
2689,882
2689,884
2689,906
2689,1007
2689,1015
2689,1019
2689,1033
2689,1070
2689,1198
2689,1273
2689,1392
2689,1461
2689,1635
2689,1676
2689,1689
2689,1696
2689,1697
2689,1753
2689,1852
2689,1923
2689,1941
2689,1953
2689,1976
2689,1977
2689,1987
2689,2027
2689,2164
2689,2165
2689,2169
2689,2172
2689,2175
2689,2190
2689,2259
2689,2262
2689,2313
2689,2316
2689,2324
2689,2344
2689,2450
2689,2482
2689,2611
2689,2613
2689,2625
2689,2626
2689,2631
2689,2637
2689,2641
2689,2642
2689,2644
2689,2649
2689,2656
2689,2663
2689,2664
2689,2669
2689,2672
2689,2680
2689,2683
2689,2690
2689,2695
2689,2705
2689,2725
2689,2743
2689,2763
2689,2782
2689,2794
2689,2891
2689,2924
2689,3012
2689,3018
2689,3027
2689,3047
2689,3048
2689,3097
2689,3099
2689,3197
2689,3221
2689,3224
2689,3253
2689,3276
2689,3322
2689,3400
2689,3410
2689,3545
2689,3577
2689,3587
2689,3602
2689,3609
2689,3612
2689,3613
2689,3637
2689,3641
2689,3757
2689,3811
2689,3830
2689,3938
2689,3952
2689,3953
2689,3966
2689,4153
2689,4174
2689,4413
2689,4643
2689,4813
2689,4868
2689,4907
2689,4962
2689,4983
2689,5048
2689,5324
2689,5575
2689,5661
2689,5788
2690,2084
2690,2089
2690,2319
2690,2327
2690,2351
2690,2666
2690,2669
2690,2672
2690,2677
2690,2693
2690,2700
2690,2705
2690,2739
2690,2740
2690,2747
2690,2758
2690,2774
2690,2784
2690,2814
2690,2849
2690,3229
2690,3567
2690,3610
2690,3625
2690,3640
2690,3645
2690,3647
2690,3659
2690,3663
2690,3692
2690,3757
2690,3811
2690,3829
2690,3830
2690,4207
2690,4315
2690,4404
2690,4408
2690,4416
2690,4481
2690,4528
2690,4644
2690,4655
2690,4965
2690,4969
2690,5087
2690,5454
2690,5470
2690,5522
2690,5575
2690,5789
2690,5790
2690,5791
2690,5792
2690,5793
2691,3631
2691,3632
2691,5174
2691,5697
2691,5794
2692,1107
2692,1953
2692,2325
2692,2326
2692,2352
2692,2367
2692,2378
2692,2647
2692,2659
2692,2715
2692,2743
2692,2763
2692,2814
2692,2849
2692,3004
2692,3041
2692,3101
2692,3218
2692,3567
2692,3597
2692,3667
2692,3712
2692,4404
2692,4439
2692,4463
2692,5138
2692,5716
2693,115
2693,323
2693,370
2693,498
2693,641
2693,642
2693,732
2693,836
2693,906
2693,911
2693,966
2693,990
2693,1007
2693,1019
2693,1033
2693,1052
2693,1104
2693,1107
2693,1198
2693,1205
2693,1217
2693,1247
2693,1258
2693,1259
2693,1271
2693,1281
2693,1285
2693,1294
2693,1299
2693,1300
2693,1307
2693,1314
2693,1315
2693,1317
2693,1319
2693,1424
2693,1426
2693,1445
2693,1446
2693,1452
2693,1456
2693,1459
2693,1461
2693,1466
2693,1476
2693,1479
2693,1482
2693,1541
2693,1589
2693,1610
2693,1614
2693,1637
2693,1656
2693,1661
2693,1670
2693,1677
2693,1693
2693,1696
2693,1699
2693,1706
2693,1707
2693,1712
2693,1713
2693,1717
2693,1730
2693,1767
2693,1827
2693,1937
2693,1939
2693,1941
2693,1946
2693,1954
2693,1966
2693,1967
2693,1987
2693,1989
2693,1994
2693,2010
2693,2083
2693,2153
2693,2154
2693,2158
2693,2159
2693,2165
2693,2167
2693,2168
2693,2171
2693,2174
2693,2175
2693,2202
2693,2203
2693,2205
2693,2207
2693,2210
2693,2244
2693,2248
2693,2250
2693,2267
2693,2271
2693,2274
2693,2277
2693,2279
2693,2289
2693,2291
2693,2292
2693,2294
2693,2318
2693,2320
2693,2323
2693,2324
2693,2327
2693,2347
2693,2367
2693,2399
2693,2457
2693,2461
2693,2464
2693,2465
2693,2467
2693,2471
2693,2473
2693,2474
2693,2476
2693,2477
2693,2478
2693,2481
2693,2483
2693,2484
2693,2485
2693,2486
2693,2488
2693,2489
2693,2492
2693,2493
2693,2494
2693,2553
2693,2558
2693,2559
2693,2568
2693,2571
2693,2580
2693,2585
2693,2586
2693,2589
2693,2592
2693,2593
2693,2594
2693,2597
2693,2598
2693,2601
2693,2603
2693,2605
2693,2607
2693,2608
2693,2609
2693,2611
2693,2612
2693,2613
2693,2616
2693,2617
2693,2619
2693,2621
2693,2622
2693,2623
2693,2625
2693,2626
2693,2631
2693,2633
2693,2636
2693,2639
2693,2642
2693,2647
2693,2648
2693,2650
2693,2651
2693,2654
2693,2657
2693,2658
2693,2659
2693,2660
2693,2661
2693,2663
2693,2664
2693,2665
2693,2666
2693,2667
2693,2668
2693,2669
2693,2671
2693,2673
2693,2674
2693,2676
2693,2680
2693,2683
2693,2688
2693,2690
2693,2698
2693,2702
2693,2704
2693,2706
2693,2708
2693,2714
2693,2723
2693,2725
2693,2726
2693,2727
2693,2729
2693,2730
2693,2731
2693,2737
2693,2739
2693,2743
2693,2777
2693,2794
2693,2849
2693,2885
2693,2888
2693,2891
2693,2894
2693,2896
2693,2912
2693,2924
2693,2927
2693,2986
2693,2989
2693,2994
2693,2998
2693,3003
2693,3007
2693,3008
2693,3011
2693,3012
2693,3016
2693,3021
2693,3029
2693,3030
2693,3035
2693,3036
2693,3038
2693,3043
2693,3044
2693,3045
2693,3047
2693,3051
2693,3055
2693,3057
2693,3088
2693,3094
2693,3098
2693,3099
2693,3101
2693,3119
2693,3121
2693,3124
2693,3126
2693,3131
2693,3133
2693,3215
2693,3217
2693,3224
2693,3225
2693,3227
2693,3232
2693,3233
2693,3242
2693,3248
2693,3250
2693,3258
2693,3319
2693,3322
2693,3481
2693,3536
2693,3540
2693,3547
2693,3549
2693,3553
2693,3558
2693,3559
2693,3570
2693,3571
2693,3593
2693,3597
2693,3599
2693,3601
2693,3602
2693,3603
2693,3604
2693,3609
2693,3612
2693,3613
2693,3615
2693,3616
2693,3625
2693,3629
2693,3631
2693,3633
2693,3638
2693,3640
2693,3644
2693,3830
2693,3832
2693,3835
2693,3838
2693,3858
2693,3899
2693,3900
2693,3928
2693,3929
2693,3930
2693,3933
2693,3952
2693,3954
2693,3966
2693,4036
2693,4043
2693,4046
2693,4100
2693,4166
2693,4167
2693,4174
2693,4179
2693,4222
2693,4241
2693,4242
2693,4244
2693,4302
2693,4303
2693,4310
2693,4315
2693,4319
2693,4321
2693,4368
2693,4399
2693,4400
2693,4405
2693,4459
2693,4462
2693,4466
2693,4467
2693,4505
2693,4567
2693,4569
2693,4655
2693,4656
2693,4668
2693,4675
2693,4707
2693,4713
2693,4730
2693,4746
2693,4749
2693,4771
2693,4772
2693,4773
2693,4778
2693,4780
2693,4782
2693,4783
2693,4785
2693,4788
2693,4792
2693,4813
2693,4849
2693,4853
2693,4855
2693,4862
2693,4882
2693,4883
2693,4884
2693,4930
2693,4953
2693,4962
2693,4969
2693,5003
2693,5097
2693,5120
2693,5122
2693,5140
2693,5163
2693,5266
2693,5281
2693,5282
2693,5367
2693,5391
2693,5404
2693,5469
2693,5605
2693,5663
2693,5683
2693,5696
2693,5722
2693,5727
2693,5734
2693,5745
2693,5748
2693,5754
2693,5768
2693,5795
2693,5796
2693,5797
2693,5798
2693,5799
2693,5800
2693,5801
2693,5802
2693,5803
2693,5804
2694,555
2694,2344
2694,2592
2694,2679
2694,2697
2694,2729
2694,3127
2694,3227
2694,3525
2694,4644
2694,5504
2695,1142
2695,2082
2695,2252
2695,2345
2695,2353
2695,2600
2695,2631
2695,2665
2695,2697
2695,2707
2695,2728
2695,2739
2695,2761
2695,3004
2695,3215
2695,3220
2695,3569
2695,3826
2695,4650
2695,5324
2695,5342
2695,5743
2696,1711
2696,1949
2696,2491
2696,2649
2696,3027
2696,3239
2696,3567
2696,3600
2696,3601
2696,4963
2696,5691
2697,2694
2697,2703
2697,2708
2697,3263
2697,3615
2697,3661
2697,3811
2697,5805
2698,2678
2698,2708
2698,2816
2698,3602
2698,4462
2698,4988
2698,5806
2699,2796
2700,2021
2700,2319
2700,2324
2700,2327
2700,2362
2700,2667
2700,2682
2700,2705
2700,2748
2700,2776
2700,2812
2700,3027
2700,3057
2700,3232
2700,3233
2700,3619
2700,3629
2700,3633
2700,3640
2700,3659
2700,3669
2700,3677
2700,3689
2700,4113
2700,4208
2700,4966
2700,4974
2700,5116
2700,5807
2700,5808
2700,5809
2701,2345
2701,2785
2701,2897
2701,3222
2701,3225
2701,3570
2701,3669
2701,3839
2701,3954
2701,5810
2702,2165
2702,2679
2702,2693
2702,3228
2702,3232
2702,3250
2702,3609
2702,3625
2702,3661
2702,3836
2702,5087
2702,5811
2703,1667
2703,2694
2703,2697
2703,2708
2703,2894
2703,2898
2703,3615
2703,3627
2703,3628
2703,4466
2703,4966
2703,5174
2703,5744
2704,2326
2705,2318
2705,2322
2705,2352
2705,2357
2705,2365
2705,2645
2705,2663
2705,2674
2705,2676
2705,2677
2705,2689
2705,2690
2705,2700
2705,3021
2705,3027
2705,3325
2705,3567
2705,3608
2705,3637
2705,3705
2705,4174
2705,4207
2705,4322
2705,4413
2705,4796
2705,5211
2706,2357
2706,2693
2706,2708
2706,3581
2706,3631
2706,3632
2706,5734
2707,2090
2707,2319
2707,2327
2707,2695
2707,3826
2707,4227
2707,4530
2707,5324
2708,2898
2708,4992
2708,5370
2708,5507
2709,2082
2709,2365
2709,2720
2709,2746
2709,3643
2709,3644
2709,3659
2709,3670
2709,3831
2709,4414
2709,4416
2709,5804
2710,1667
2710,3644
2711,818
2711,2079
2711,2157
2711,2360
2711,2366
2711,2370
2711,2372
2711,2376
2711,2755
2711,2776
2711,2778
2711,2801
2711,2807
2711,2827
2711,3044
2711,3057
2711,3099
2711,3233
2711,3629
2711,3640
2711,3659
2711,3673
2711,3693
2711,3721
2711,3753
2711,4116
2711,4208
2711,4436
2711,4490
2711,4496
2711,4905
2711,4910
2711,5155
2711,5195
2711,5216
2711,5302
2711,5370
2711,5460
2711,5487
2711,5812
2711,5813
2711,5814
2712,3705
2712,4136
2712,5232
2712,5303
2712,5638
2712,5815
2713,2365
2714,2319
2714,2320
2714,2450
2714,2657
2714,2679
2714,2693
2714,2700
2714,2722
2714,2725
2714,2807
2714,2836
2714,3055
2714,3613
2714,3625
2714,3640
2714,4713
2714,5336
2714,5470
2714,5481
2714,5625
2714,5708
2715,2089
2715,2319
2715,2344
2715,2345
2715,2351
2715,2642
2715,2644
2715,2648
2715,2678
2715,2694
2715,2706
2715,2744
2715,2754
2715,3227
2715,3232
2715,3591
2715,3627
2715,3628
2715,3629
2715,3644
2715,3661
2715,3839
2715,3898
2715,4317
2715,4405
2715,4471
2715,4529
2715,4869
2715,4870
2715,4907
2715,4965
2715,4975
2715,5174
2715,5296
2715,5816
2716,1953
2716,3667
2717,2326
2717,2720
2717,2724
2717,2775
2717,3615
2717,3659
2717,3838
2717,4416
2717,4961
2718,2082
2718,2327
2718,2492
2718,2678
2718,2727
2718,2735
2718,2744
2718,2770
2718,2775
2718,2795
2718,2825
2718,3044
2718,3627
2718,3711
2718,3746
2718,3836
2718,3933
2718,4441
2718,4481
2718,4542
2718,4965
2718,5302
2718,5348
2718,5814
2718,5817
2719,1033
2719,2708
2719,3099
2719,4473
2719,4484
2720,348
2720,2082
2720,2321
2720,2326
2720,2621
2720,2680
2720,2687
2720,2717
2720,2721
2720,2724
2720,2725
2720,2760
2720,2766
2720,2775
2720,2777
2720,2796
2720,2807
2720,2816
2720,2838
2720,3027
2720,3608
2720,3644
2720,3667
2720,3752
2720,3811
2720,4113
2720,4114
2720,4227
2720,4527
2720,4536
2720,4892
2720,4961
2720,5144
2720,5638
2720,5757
2720,5818
2720,5819
2720,5820
2721,2323
2721,2672
2721,2673
2721,2677
2721,2680
2721,2687
2721,2698
2721,2720
2721,2740
2721,2775
2721,2796
2721,2898
2721,3586
2721,3620
2721,3631
2721,3667
2721,3672
2721,3717
2721,3827
2721,3828
2721,4475
2721,4527
2721,4656
2721,5086
2721,5138
2721,5450
2721,5757
2721,5806
2722,818
2722,1767
2722,1978
2722,2039
2722,2086
2722,2089
2722,2149
2722,2320
2722,2322
2722,2326
2722,2327
2722,2330
2722,2345
2722,2480
2722,2593
2722,2645
2722,2672
2722,2678
2722,2679
2722,2687
2722,2700
2722,2705
2722,2715
2722,2720
2722,2721
2722,2723
2722,2730
2722,2743
2722,2748
2722,2763
2722,2774
2722,2782
2722,2891
2722,2924
2722,3004
2722,3027
2722,3057
2722,3227
2722,3232
2722,3233
2722,3260
2722,3261
2722,3525
2722,3591
2722,3613
2722,3629
2722,3631
2722,3637
2722,3639
2722,3652
2722,3656
2722,3659
2722,3667
2722,3676
2722,3679
2722,3757
2722,3967
2722,4405
2722,4406
2722,4466
2722,4795
2722,4858
2722,4967
2722,4969
2722,4974
2722,5077
2722,5087
2722,5089
2722,5116
2722,5117
2722,5140
2722,5147
2722,5152
2722,5299
2722,5334
2722,5466
2722,5527
2722,5593
2722,5614
2722,5633
2722,5667
2722,5668
2722,5675
2722,5720
2722,5772
2722,5787
2722,5792
2722,5805
2722,5814
2722,5818
2722,5821
2722,5822
2722,5823
2722,5824
2722,5825
2722,5826
2722,5827
2723,161
2723,2149
2723,2325
2723,2358
2723,2362
2723,2538
2723,2603
2723,2611
2723,2642
2723,2644
2723,2658
2723,2659
2723,2666
2723,2669
2723,2683
2723,2688
2723,2693
2723,2725
2723,2726
2723,2743
2723,2807
2723,3054
2723,3057
2723,3099
2723,3130
2723,3611
2723,3615
2723,3636
2723,3646
2723,3728
2723,3811
2723,3825
2723,3834
2723,3968
2723,4113
2723,4320
2723,4322
2723,4424
2723,4439
2723,5002
2723,5567
2724,2149
2724,2358
2724,2657
2724,2659
2724,2661
2724,2663
2724,2677
2724,2688
2724,2761
2724,2827
2724,2898
2724,3099
2724,3592
2724,3594
2724,3721
2724,3884
2724,4314
2724,4321
2724,5450
2724,5519
2725,243
2725,555
2725,882
2725,906
2725,1019
2725,1107
2725,1198
2725,1574
2725,1637
2725,1667
2725,1730
2725,1743
2725,1987
2725,2010
2725,2079
2725,2086
2725,2149
2725,2175
2725,2248
2725,2259
2725,2321
2725,2324
2725,2326
2725,2327
2725,2344
2725,2345
2725,2352
2725,2354
2725,2356
2725,2357
2725,2358
2725,2362
2725,2367
2725,2372
2725,2399
2725,2450
2725,2480
2725,2488
2725,2611
2725,2625
2725,2631
2725,2639
2725,2641
2725,2645
2725,2646
2725,2658
2725,2659
2725,2660
2725,2664
2725,2665
2725,2667
2725,2669
2725,2672
2725,2676
2725,2677
2725,2678
2725,2679
2725,2683
2725,2688
2725,2693
2725,2694
2725,2697
2725,2700
2725,2702
2725,2706
2725,2714
2725,2718
2725,2720
2725,2723
2725,2726
2725,2727
2725,2730
2725,2737
2725,2739
2725,2740
2725,2743
2725,2748
2725,2749
2725,2762
2725,2763
2725,2764
2725,2774
2725,2776
2725,2777
2725,2780
2725,2782
2725,2784
2725,2785
2725,2795
2725,2796
2725,2801
2725,2807
2725,2812
2725,2814
2725,2834
2725,2836
2725,2849
2725,2891
2725,2898
2725,3004
2725,3055
2725,3057
2725,3096
2725,3100
2725,3101
2725,3125
2725,3127
2725,3224
2725,3232
2725,3323
2725,3567
2725,3570
2725,3581
2725,3607
2725,3609
2725,3615
2725,3616
2725,3619
2725,3625
2725,3629
2725,3631
2725,3640
2725,3641
2725,3646
2725,3658
2725,3659
2725,3663
2725,3676
2725,3678
2725,3712
2725,3718
2725,3734
2725,3757
2725,3799
2725,3811
2725,3825
2725,3826
2725,3830
2725,3831
2725,3836
2725,4114
2725,4153
2725,4211
2725,4318
2725,4404
2725,4414
2725,4474
2725,4478
2725,4782
2725,4787
2725,4961
2725,4962
2725,4965
2725,5222
2725,5282
2725,5505
2725,5675
2725,5708
2725,5722
2725,5786
2725,5811
2725,5828
2725,5829
2726,818
2726,1019
2726,1107
2726,1319
2726,1461
2726,1637
2726,1730
2726,1743
2726,1953
2726,1978
2726,2086
2726,2089
2726,2093
2726,2248
2726,2321
2726,2323
2726,2352
2726,2362
2726,2399
2726,2450
2726,2482
2726,2565
2726,2568
2726,2603
2726,2611
2726,2626
2726,2635
2726,2642
2726,2644
2726,2645
2726,2646
2726,2657
2726,2659
2726,2660
2726,2666
2726,2672
2726,2674
2726,2676
2726,2680
2726,2690
2726,2693
2726,2707
2726,2708
2726,2715
2726,2720
2726,2722
2726,2723
2726,2725
2726,2727
2726,2729
2726,2732
2726,2737
2726,2740
2726,2743
2726,2754
2726,2758
2726,2759
2726,2761
2726,2764
2726,2774
2726,2782
2726,2794
2726,2796
2726,2807
2726,2891
2726,2895
2726,2898
2726,2924
2726,3027
2726,3039
2726,3047
2726,3057
2726,3099
2726,3101
2726,3123
2726,3127
2726,3128
2726,3217
2726,3224
2726,3239
2726,3253
2726,3270
2726,3324
2726,3410
2726,3552
2726,3581
2726,3591
2726,3593
2726,3602
2726,3607
2726,3611
2726,3613
2726,3614
2726,3616
2726,3625
2726,3650
2726,3652
2726,3663
2726,3704
2726,3711
2726,3712
2726,3811
2726,3830
2726,3839
2726,3968
2726,4132
2726,4133
2726,4317
2726,4319
2726,4405
2726,4412
2726,4431
2726,4436
2726,4439
2726,4460
2726,4475
2726,4479
2726,4526
2726,4536
2726,4650
2726,4787
2726,4903
2726,5118
2726,5137
2726,5149
2726,5222
2726,5274
2726,5454
2726,5472
2726,5649
2726,5723
2726,5771
2726,5772
2726,5780
2726,5818
2726,5819
2726,5830
2726,5831
2726,5832
2726,5833
2726,5834
2726,5835
2727,882
2727,1033
2727,1079
2727,1107
2727,1198
2727,1461
2727,1743
2727,1990
2727,2089
2727,2259
2727,2293
2727,2318
2727,2327
2727,2352
2727,2353
2727,2354
2727,2357
2727,2365
2727,2483
2727,2493
2727,2602
2727,2603
2727,2611
2727,2613
2727,2614
2727,2622
2727,2626
2727,2630
2727,2637
2727,2641
2727,2653
2727,2660
2727,2678
2727,2688
2727,2690
2727,2693
2727,2697
2727,2718
2727,2721
2727,2723
2727,2724
2727,2725
2727,2730
2727,2737
2727,2740
2727,2748
2727,2763
2727,2764
2727,2782
2727,2786
2727,2794
2727,2816
2727,2888
2727,2898
2727,2924
2727,3003
2727,3012
2727,3029
2727,3057
2727,3222
2727,3233
2727,3525
2727,3571
2727,3583
2727,3610
2727,3619
2727,3625
2727,3635
2727,3638
2727,3640
2727,3641
2727,3662
2727,3676
2727,3701
2727,3831
2727,4134
2727,4227
2727,4475
2727,4480
2727,4491
2727,4575
2727,4611
2727,4914
2727,5100
2727,5138
2727,5176
2727,5256
2727,5338
2727,5397
2727,5562
2727,5633
2727,5699
2727,5790
2727,5836
2727,5837
2727,5838
2728,2319
2728,2327
2728,2351
2728,2352
2728,2666
2728,2695
2728,2777
2728,2891
2728,3273
2728,3582
2728,3639
2728,3643
2728,3655
2728,3659
2728,3703
2728,3732
2728,3830
2728,3837
2728,4466
2728,4530
2728,4536
2728,4903
2728,4904
2728,5221
2728,5364
2728,5522
2728,5534
2728,5633
2728,5743
2728,5787
2728,5826
2728,5839
2729,2263
2729,2313
2729,2322
2729,2356
2729,2642
2729,2643
2729,2652
2729,2777
2729,2816
2729,3320
2729,3832
2729,4962
2729,5464
2730,798
2730,818
2730,1198
2730,1743
2730,2089
2730,2149
2730,2319
2730,2326
2730,2327
2730,2344
2730,2352
2730,2354
2730,2375
2730,2585
2730,2611
2730,2648
2730,2651
2730,2654
2730,2655
2730,2663
2730,2666
2730,2669
2730,2679
2730,2688
2730,2693
2730,2725
2730,2727
2730,2739
2730,2743
2730,2748
2730,2750
2730,2763
2730,2768
2730,2774
2730,2775
2730,2796
2730,2816
2730,2898
2730,3098
2730,3222
2730,3224
2730,3227
2730,3232
2730,3253
2730,3270
2730,3640
2730,3653
2730,3659
2730,3666
2730,3684
2730,3712
2730,3717
2730,3839
2730,3952
2730,4134
2730,4222
2730,4427
2730,4457
2730,4500
2730,4536
2730,4641
2730,4787
2730,4974
2730,5146
2730,5173
2730,5175
2730,5334
2730,5515
2730,5517
2730,5633
2730,5634
2730,5638
2730,5649
2730,5771
2730,5837
2731,2175
2731,2202
2731,2319
2731,2327
2731,2357
2731,2658
2731,2677
2731,2718
2731,2775
2731,2782
2731,2834
2731,2836
2731,3099
2731,3229
2731,3266
2731,3633
2731,3643
2731,3646
2731,3659
2731,3676
2731,3705
2731,3735
2731,4130
2731,4408
2731,5117
2731,5364
2731,5454
2731,5794
2731,5840
2732,4916
2732,5148
2733,2747
2733,5592
2733,5798
2733,5841
2734,4541
2734,5834
2735,2321
2735,3678
2735,3753
2735,5463
2735,5474
2735,5842
2736,5679
2736,5843
2736,5844
2737,1205
2737,1743
2737,1992
2737,2289
2737,2346
2737,2464
2737,2469
2737,2485
2737,2560
2737,2585
2737,2613
2737,2629
2737,2643
2737,2650
2737,2651
2737,2655
2737,2656
2737,2657
2737,2658
2737,2667
2737,2669
2737,2672
2737,2673
2737,2677
2737,2688
2737,2693
2737,2706
2737,2720
2737,2727
2737,2777
2737,2807
2737,2893
2737,3009
2737,3131
2737,3570
2737,3593
2737,3595
2737,3638
2737,3643
2737,3832
2737,3835
2737,3836
2737,3839
2737,3955
2737,3963
2737,4459
2737,4470
2737,4514
2737,4533
2737,4825
2737,4870
2737,4965
2737,5083
2737,5176
2737,5266
2737,5575
2737,5632
2737,5721
2738,5485
2739,818
2739,2732
2740,798
2740,1954
2740,2085
2740,2357
2740,2367
2740,2369
2740,2650
2740,2690
2740,2718
2740,2739
2740,2746
2740,2754
2740,2758
2740,2762
2740,2764
2740,2765
2740,2775
2740,2776
2740,2792
2740,2815
2740,3101
2740,3229
2740,3265
2740,3268
2740,3269
2740,3662
2740,3671
2740,3676
2740,3684
2740,3686
2740,3693
2740,3711
2740,3717
2740,3981
2740,4112
2740,4172
2740,4207
2740,4438
2740,4480
2740,4481
2740,4482
2740,4533
2740,4611
2740,4904
2740,5099
2740,5302
2740,5475
2740,5478
2740,5484
2740,5535
2740,5536
2740,5586
2740,5628
2740,5638
2740,5777
2740,5845
2740,5846
2740,5847
2740,5848
2741,2762
2741,2800
2741,3225
2741,3677
2741,3689
2741,4320
2741,4484
2741,4916
2741,5222
2741,5303
2741,5330
2741,5587
2741,5849
2742,818
2742,1310
2742,1426
2742,1730
2742,2089
2742,2257
2742,2326
2742,2346
2742,2352
2742,2663
2742,2669
2742,2690
2742,2750
2742,2766
2742,2812
2742,2824
2742,3099
2742,3239
2742,3622
2742,3639
2742,3644
2742,3659
2742,3665
2742,3836
2742,4530
2742,4533
2742,4787
2742,4977
2742,5065
2742,5318
2742,5324
2742,5474
2742,5562
2742,5777
2742,5840
2742,5850
2742,5851
2742,5852
2743,798
2743,1019
2743,1198
2743,1439
2743,1461
2743,1953
2743,1967
2743,2010
2743,2021
2743,2030
2743,2079
2743,2081
2743,2083
2743,2089
2743,2252
2743,2312
2743,2319
2743,2321
2743,2323
2743,2324
2743,2325
2743,2326
2743,2327
2743,2328
2743,2329
2743,2344
2743,2347
2743,2349
2743,2352
2743,2354
2743,2356
2743,2359
2743,2362
2743,2363
2743,2366
2743,2371
2743,2399
2743,2450
2743,2471
2743,2538
2743,2565
2743,2582
2743,2611
2743,2621
2743,2623
2743,2645
2743,2647
2743,2655
2743,2659
2743,2663
2743,2665
2743,2667
2743,2671
2743,2672
2743,2674
2743,2676
2743,2679
2743,2680
2743,2685
2743,2688
2743,2690
2743,2691
2743,2692
2743,2693
2743,2694
2743,2697
2743,2706
2743,2709
2743,2714
2743,2718
2743,2722
2743,2723
2743,2725
2743,2730
2743,2737
2743,2738
2743,2741
2743,2746
2743,2748
2743,2754
2743,2758
2743,2762
2743,2763
2743,2764
2743,2769
2743,2772
2743,2774
2743,2775
2743,2776
2743,2777
2743,2784
2743,2785
2743,2801
2743,2802
2743,2807
2743,2812
2743,2819
2743,2824
2743,2828
2743,2832
2743,2834
2743,2835
2743,2837
2743,2849
2743,2891
2743,3054
2743,3057
2743,3093
2743,3099
2743,3224
2743,3318
2743,3323
2743,3558
2743,3567
2743,3588
2743,3602
2743,3607
2743,3609
2743,3614
2743,3615
2743,3622
2743,3623
2743,3629
2743,3633
2743,3637
2743,3639
2743,3640
2743,3641
2743,3648
2743,3650
2743,3652
2743,3663
2743,3666
2743,3668
2743,3674
2743,3676
2743,3689
2743,3698
2743,3705
2743,3712
2743,3721
2743,3729
2743,3734
2743,3736
2743,3739
2743,3747
2743,3757
2743,3759
2743,3799
2743,3825
2743,3831
2743,3834
2743,3836
2743,3838
2743,3951
2743,4112
2743,4114
2743,4174
2743,4224
2743,4226
2743,4320
2743,4403
2743,4404
2743,4406
2743,4408
2743,4412
2743,4439
2743,4442
2743,4443
2743,4449
2743,4457
2743,4461
2743,4466
2743,4471
2743,4480
2743,4484
2743,4527
2743,4530
2743,4611
2743,4750
2743,4903
2743,4905
2743,4965
2743,4966
2743,4967
2743,4975
2743,5034
2743,5139
2743,5147
2743,5152
2743,5164
2743,5173
2743,5209
2743,5212
2743,5224
2743,5232
2743,5282
2743,5299
2743,5301
2743,5309
2743,5324
2743,5334
2743,5372
2743,5449
2743,5454
2743,5471
2743,5484
2743,5508
2743,5509
2743,5528
2743,5551
2743,5567
2743,5580
2743,5581
2743,5598
2743,5643
2743,5661
2743,5670
2743,5680
2743,5691
2743,5734
2743,5761
2743,5777
2743,5782
2743,5791
2743,5826
2743,5832
2743,5853
2743,5854
2743,5855
2743,5856
2743,5857
2743,5858
2743,5859
2743,5860
2743,5861
2743,5862
2743,5863
2743,5864
2743,5865
2744,2321
2744,2666
2744,2746
2744,3954
2744,4904
2744,5334
2744,5667
2744,5866
2745,5675
2746,2738
2746,2762
2746,2775
2746,3268
2746,3669
2746,3686
2746,3689
2746,3698
2746,3705
2746,3836
2746,4135
2746,4433
2746,4441
2746,4446
2746,4495
2746,5067
2746,5068
2746,5096
2746,5254
2746,5301
2746,5329
2746,5342
2746,5372
2746,5480
2746,5503
2746,5809
2746,5840
2746,5867
2746,5868
2747,2084
2747,2744
2747,5569
2747,5869
2747,5870
2748,818
2748,2327
2748,2352
2748,2356
2748,2589
2748,2597
2748,2697
2748,2705
2748,2708
2748,2740
2748,2744
2748,2745
2748,2750
2748,2762
2748,2763
2748,2774
2748,2776
2748,2784
2748,2812
2748,3057
2748,3229
2748,3265
2748,3591
2748,3615
2748,3635
2748,3639
2748,3643
2748,3659
2748,3661
2748,3676
2748,3712
2748,3836
2748,3927
2748,4114
2748,4132
2748,4133
2748,4315
2748,4408
2748,4431
2748,4479
2748,4496
2748,4530
2748,4968
2748,4974
2748,5089
2748,5152
2748,5209
2748,5296
2748,5336
2748,5450
2748,5483
2748,5514
2748,5516
2748,5560
2748,5677
2748,5809
2748,5835
2748,5837
2748,5871
2748,5872
2748,5873
2748,5874
2748,5875
2748,5876
2748,5877
2749,2085
2749,2718
2749,2740
2749,2745
2749,2746
2749,2754
2749,2765
2749,2769
2749,2791
2749,2796
2749,2824
2749,3591
2749,3689
2749,3754
2749,4481
2749,4491
2749,5089
2749,5096
2749,5099
2749,5561
2749,5586
2749,5634
2750,1891
2750,2089
2750,2748
2750,2793
2750,3669
2750,3717
2750,4466
2750,5136
2750,5633
2750,5878
2751,2750
2751,3269
2751,4482
2751,4977
2752,798
2752,2358
2752,2761
2752,4133
2752,5879
2753,3588
2754,2082
2754,2089
2754,2321
2754,2715
2754,2720
2754,2735
2754,2738
2754,2740
2754,2750
2754,2760
2754,2762
2754,2764
2754,2776
2754,2800
2754,3263
2754,3268
2754,3615
2754,3663
2754,3686
2754,3836
2754,4527
2754,4547
2754,5151
2754,5334
2754,5562
2754,5723
2754,5880
2755,2880
2755,5382
2756,3742
2756,5552
2756,5881
2757,1019
2757,1240
2757,1291
2757,1842
2757,1927
2757,1954
2757,1993
2757,2079
2757,2091
2757,2202
2757,2280
2757,2327
2757,2328
2757,2349
2757,2351
2757,2353
2757,2359
2757,2362
2757,2367
2757,2368
2757,2369
2757,2370
2757,2372
2757,2373
2757,2375
2757,2376
2757,2480
2757,2623
2757,2667
2757,2686
2757,2695
2757,2709
2757,2712
2757,2720
2757,2741
2757,2746
2757,2748
2757,2760
2757,2764
2757,2772
2757,2778
2757,2780
2757,2781
2757,2784
2757,2785
2757,2791
2757,2796
2757,2797
2757,2799
2757,2800
2757,2801
2757,2802
2757,2803
2757,2804
2757,2806
2757,2808
2757,2809
2757,2812
2757,2814
2757,2818
2757,2819
2757,2821
2757,2822
2757,2823
2757,2824
2757,2825
2757,2828
2757,2831
2757,2832
2757,2833
2757,2835
2757,2837
2757,2839
2757,2924
2757,3004
2757,3099
2757,3226
2757,3271
2757,3273
2757,3327
2757,3584
2757,3595
2757,3623
2757,3645
2757,3646
2757,3650
2757,3658
2757,3659
2757,3661
2757,3666
2757,3671
2757,3672
2757,3673
2757,3674
2757,3676
2757,3681
2757,3684
2757,3686
2757,3691
2757,3693
2757,3698
2757,3700
2757,3702
2757,3703
2757,3705
2757,3706
2757,3711
2757,3712
2757,3714
2757,3718
2757,3719
2757,3720
2757,3721
2757,3724
2757,3733
2757,3734
2757,3736
2757,3739
2757,3740
2757,3742
2757,3746
2757,3747
2757,3749
2757,3753
2757,3756
2757,3759
2757,3826
2757,3833
2757,3836
2757,3857
2757,4114
2757,4408
2757,4433
2757,4436
2757,4441
2757,4446
2757,4449
2757,4472
2757,4480
2757,4484
2757,4491
2757,4496
2757,4499
2757,4503
2757,4506
2757,4507
2757,4542
2757,4545
2757,4650
2757,4908
2757,4914
2757,5026
2757,5048
2757,5136
2757,5145
2757,5152
2757,5154
2757,5155
2757,5169
2757,5212
2757,5218
2757,5219
2757,5220
2757,5221
2757,5223
2757,5224
2757,5282
2757,5302
2757,5331
2757,5333
2757,5343
2757,5344
2757,5345
2757,5352
2757,5354
2757,5474
2757,5475
2757,5484
2757,5487
2757,5495
2757,5511
2757,5528
2757,5545
2757,5549
2757,5552
2757,5556
2757,5557
2757,5582
2757,5593
2757,5638
2757,5642
2757,5792
2757,5819
2757,5822
2757,5832
2757,5845
2757,5852
2757,5876
2757,5882
2757,5883
2757,5884
2757,5885
2757,5886
2757,5887
2757,5888
2757,5889
2757,5890
2757,5891
2757,5892
2757,5893
2757,5894
2757,5895
2757,5896
2757,5897
2757,5898
2757,5899
2757,5900
2757,5901
2757,5902
2757,5903
2757,5904
2757,5905
2757,5906
2758,798
2758,2089
2758,2202
2758,2319
2758,2326
2758,2344
2758,2352
2758,2359
2758,2365
2758,2367
2758,2650
2758,2720
2758,2729
2758,2740
2758,2754
2758,2764
2758,2765
2758,2770
2758,2775
2758,2776
2758,2781
2758,2784
2758,3587
2758,3619
2758,3625
2758,3635
2758,3650
2758,3676
2758,3677
2758,3687
2758,3689
2758,3700
2758,3706
2758,3710
2758,3732
2758,4136
2758,4429
2758,4431
2758,4441
2758,4449
2758,4491
2758,4505
2758,4611
2758,4915
2758,4965
2758,5091
2758,5102
2758,5155
2758,5298
2758,5512
2758,5587
2758,5681
2759,1603
2759,1678
2759,1689
2759,1966
2759,2524
2759,2726
2759,3967
2759,4656
2760,2202
2760,2356
2760,2718
2760,2740
2760,2764
2760,2770
2760,2775
2760,3588
2760,3671
2760,3677
2760,3711
2760,4116
2760,4136
2760,4441
2760,4476
2760,4482
2760,4905
2760,4908
2760,4916
2760,5570
2760,5849
2761,818
2761,906
2761,1461
2761,2082
2761,2356
2761,2357
2761,2365
2761,2367
2761,2372
2761,2483
2761,2565
2761,2695
2761,2726
2761,2770
2761,2777
2761,2796
2761,2807
2761,2836
2761,2880
2761,3044
2761,3229
2761,3267
2761,3270
2761,3318
2761,3693
2761,3826
2761,3836
2761,4114
2761,4133
2761,4208
2761,4368
2761,4480
2761,4492
2761,4937
2761,4964
2761,5255
2761,5474
2761,5512
2761,5523
2761,5587
2761,5643
2761,5703
2761,5907
2762,798
2762,1019
2762,2114
2762,2326
2762,2354
2762,2712
2762,2738
2762,2741
2762,2753
2762,2754
2762,2769
2762,2772
2762,2779
2762,2808
2762,3272
2762,3588
2762,3656
2762,3665
2762,3667
2762,3671
2762,3676
2762,3686
2762,3698
2762,3712
2762,3836
2762,4116
2762,4461
2762,4482
2762,4905
2762,4909
2762,4916
2762,5097
2762,5136
2762,5151
2762,5217
2762,5222
2762,5302
2762,5336
2762,5342
2762,5373
2762,5475
2762,5579
2762,5593
2762,5615
2762,5632
2762,5635
2762,5675
2762,5677
2762,5875
2762,5908
2762,5909
2762,5910
2763,882
2763,1019
2763,1418
2763,2079
2763,2326
2763,2327
2763,2330
2763,2344
2763,2352
2763,2364
2763,2369
2763,2682
2763,2688
2763,2692
2763,2706
2763,2708
2763,2727
2763,2734
2763,2748
2763,2773
2763,2774
2763,2784
2763,3644
2763,3658
2763,3676
2763,3689
2763,3710
2763,3712
2763,4265
2763,4433
2763,4438
2763,4441
2763,4446
2763,4530
2763,4545
2763,5300
2763,5372
2763,5579
2763,5586
2763,5675
2763,5911
2763,5912
2764,818
2764,2085
2764,2252
2764,2326
2764,2356
2764,2357
2764,2740
2764,2754
2764,2760
2764,2775
2764,2777
2764,2784
2764,3581
2764,3635
2764,3640
2764,3656
2764,3659
2764,3689
2764,3750
2764,4113
2764,4114
2764,4136
2764,4464
2764,4484
2764,4500
2764,4536
2764,4974
2764,5138
2764,5327
2764,5364
2764,5485
2764,5760
2764,5913
2765,798
2765,1574
2765,2085
2765,2326
2765,2354
2765,2356
2765,2739
2765,2740
2765,2746
2765,2781
2765,2791
2765,3270
2765,3669
2765,3689
2765,4436
2765,4481
2765,4536
2765,5091
2765,5176
2765,5478
2766,818
2766,2323
2766,2359
2766,2676
2766,3232
2766,5817
2767,3008
2767,3043
2767,4907
2768,5867
2768,5914
2768,5915
2769,2682
2769,2762
2769,2835
2769,2837
2769,3673
2769,3742
2769,5495
2770,2685
2770,5232
2770,5373
2770,5617
2771,818
2771,1079
2771,1677
2771,1759
2771,1953
2771,1990
2771,2089
2771,2318
2771,2324
2771,2475
2771,2480
2771,2483
2771,2488
2771,2493
2771,2606
2771,2622
2771,2638
2771,2640
2771,2644
2771,2647
2771,2666
2771,2733
2771,2796
2771,2801
2771,2822
2771,3027
2771,3035
2771,3089
2771,3096
2771,3220
2771,3272
2771,3567
2771,3570
2771,3616
2771,3646
2771,3652
2771,3659
2771,3667
2771,3730
2771,3739
2771,3753
2771,3754
2771,3951
2771,4148
2771,4528
2771,4813
2771,5091
2771,5093
2771,5210
2771,5335
2771,5343
2771,5475
2771,5552
2771,5583
2771,5897
2771,5903
2771,5916
2771,5917
2772,1993
2772,2021
2772,2030
2772,2093
2772,2312
2772,2349
2772,2353
2772,2355
2772,2359
2772,2362
2772,2364
2772,2369
2772,2372
2772,2375
2772,2685
2772,2706
2772,2740
2772,2741
2772,2746
2772,2752
2772,2762
2772,2770
2772,2776
2772,2781
2772,2791
2772,2795
2772,2800
2772,2801
2772,2802
2772,2809
2772,2812
2772,2814
2772,2819
2772,2820
2772,2823
2772,2827
2772,2828
2772,2832
2772,3647
2772,3650
2772,3671
2772,3673
2772,3675
2772,3684
2772,3686
2772,3693
2772,3707
2772,3721
2772,3724
2772,3727
2772,3731
2772,3740
2772,3754
2772,3811
2772,3927
2772,4172
2772,4207
2772,4411
2772,4433
2772,4443
2772,4445
2772,4447
2772,4449
2772,4480
2772,4481
2772,4499
2772,4545
2772,4664
2772,4870
2772,4909
2772,4965
2772,5152
2772,5177
2772,5212
2772,5253
2772,5475
2772,5493
2772,5513
2772,5521
2772,5522
2772,5554
2772,5576
2772,5638
2772,5679
2772,5703
2772,5864
2772,5917
2772,5918
2772,5919
2772,5920
2773,2374
2773,2774
2774,1320
2774,1927
2774,2010
2774,2082
2774,2083
2774,2091
2774,2093
2774,2319
2774,2330
2774,2344
2774,2350
2774,2354
2774,2356
2774,2358
2774,2362
2774,2367
2774,2372
2774,2375
2774,2666
2774,2728
2774,2740
2774,2741
2774,2746
2774,2748
2774,2754
2774,2760
2774,2761
2774,2763
2774,2764
2774,2766
2774,2767
2774,2768
2774,2769
2774,2770
2774,2773
2774,2776
2774,2777
2774,2778
2774,2781
2774,2795
2774,2800
2774,2801
2774,2812
2774,2813
2774,3264
2774,3643
2774,3649
2774,3650
2774,3652
2774,3657
2774,3659
2774,3664
2774,3669
2774,3671
2774,3676
2774,3677
2774,3679
2774,3683
2774,3684
2774,3686
2774,3689
2774,3692
2774,3696
2774,3709
2774,3718
2774,3952
2774,4114
2774,4417
2774,4433
2774,4436
2774,4472
2774,4480
2774,4490
2774,4499
2774,4509
2774,4523
2774,4531
2774,4651
2774,4965
2774,5077
2774,5092
2774,5100
2774,5176
2774,5205
2774,5211
2774,5265
2774,5298
2774,5300
2774,5305
2774,5336
2774,5474
2774,5475
2774,5484
2774,5486
2774,5487
2774,5515
2774,5547
2774,5578
2774,5609
2774,5675
2774,5703
2774,5825
2774,5867
2774,5915
2774,5921
2774,5922
2774,5923
2775,1743
2775,2081
2775,2202
2775,2252
2775,2717
2775,2720
2775,2738
2775,2760
2775,2797
2775,3098
2775,3652
2775,3709
2775,4112
2775,4136
2775,4469
2775,4787
2775,4912
2775,4916
2775,5305
2775,5560
2775,5570
2775,5588
2775,5593
2775,5681
2775,5682
2775,5863
2775,5924
2776,798
2776,2085
2776,2326
2776,2356
2776,2357
2776,2740
2776,2741
2776,2748
2776,2750
2776,2795
2776,3676
2776,4112
2776,4646
2776,4905
2776,4971
2776,5253
2776,5327
2776,5333
2776,5336
2776,5372
2776,5676
2777,2344
2777,2352
2777,2356
2777,2399
2777,2693
2777,2720
2777,2729
2777,2735
2777,2764
2777,2770
2777,2774
2777,2775
2777,2786
2777,2801
2777,2816
2777,2824
2777,3232
2777,3615
2777,3638
2777,3644
2777,3656
2777,3659
2777,3689
2777,3826
2777,3836
2777,4114
2777,4466
2777,4961
2777,5174
2777,5265
2777,5633
2777,5793
2778,1240
2778,2037
2778,2682
2778,2789
2778,3702
2778,4441
2778,4449
2778,4484
2778,4490
2778,4495
2778,4497
2778,4543
2778,5076
2778,5487
2778,5508
2778,5544
2778,5570
2778,5925
2778,5926
2778,5927
2778,5928
2779,2822
2779,3706
2779,4443
2779,5929
2780,1574
2780,2081
2780,2091
2780,2093
2780,2202
2780,2280
2780,2326
2780,2327
2780,2356
2780,2359
2780,2362
2780,2364
2780,2367
2780,2368
2780,2370
2780,2371
2780,2372
2780,2692
2780,2702
2780,2718
2780,2743
2780,2758
2780,2760
2780,2764
2780,2765
2780,2769
2780,2772
2780,2778
2780,2781
2780,2784
2780,2785
2780,2790
2780,2800
2780,2801
2780,2804
2780,2807
2780,2808
2780,2809
2780,2812
2780,2817
2780,2822
2780,2832
2780,2836
2780,2924
2780,3004
2780,3268
2780,3625
2780,3640
2780,3664
2780,3681
2780,3684
2780,3686
2780,3693
2780,3698
2780,3700
2780,3703
2780,3709
2780,3717
2780,3718
2780,3719
2780,3720
2780,3721
2780,3724
2780,3727
2780,3734
2780,3753
2780,3759
2780,3811
2780,3836
2780,4116
2780,4436
2780,4438
2780,4443
2780,4449
2780,4482
2780,4484
2780,4499
2780,4509
2780,4545
2780,4912
2780,5043
2780,5097
2780,5154
2780,5164
2780,5220
2780,5333
2780,5556
2780,5574
2780,5588
2780,5760
2780,5791
2780,5909
2780,5917
2780,5930
2780,5931
2780,5932
2780,5933
2780,5934
2780,5935
2781,818
2781,1291
2781,2085
2781,2354
2781,2356
2781,2357
2781,2369
2781,2650
2781,2711
2781,2735
2781,2740
2781,2741
2781,2747
2781,2761
2781,2762
2781,2766
2781,2772
2781,2779
2781,2786
2781,2795
2781,2796
2781,2800
2781,2804
2781,3666
2781,3684
2781,3699
2781,3709
2781,4116
2781,4204
2781,4441
2781,4459
2781,4487
2781,4499
2781,4504
2781,4505
2781,5176
2781,5342
2781,5547
2781,5548
2781,5580
2781,5588
2781,5614
2781,5677
2781,5682
2781,5723
2781,5889
2781,5936
2782,566
2782,818
2782,1007
2782,1019
2782,1033
2782,1198
2782,1574
2782,1664
2782,1666
2782,1695
2782,2082
2782,2085
2782,2093
2782,2252
2782,2323
2782,2326
2782,2327
2782,2328
2782,2354
2782,2357
2782,2702
2782,2709
2782,2711
2782,2714
2782,2720
2782,2727
2782,2729
2782,2740
2782,2746
2782,2762
2782,2764
2782,2774
2782,2776
2782,2891
2782,3004
2782,3027
2782,3253
2782,3264
2782,3600
2782,3615
2782,3640
2782,3676
2782,3686
2782,3712
2782,3727
2782,3799
2782,3968
2782,4112
2782,4114
2782,4314
2782,4319
2782,4482
2782,4494
2782,4787
2782,4795
2782,5068
2782,5397
2782,5481
2782,5535
2782,5586
2782,5937
2782,5938
2783,4897
2784,818
2784,1019
2784,1079
2784,1198
2784,1574
2784,1666
2784,1954
2784,1967
2784,2010
2784,2021
2784,2085
2784,2089
2784,2091
2784,2149
2784,2202
2784,2252
2784,2319
2784,2325
2784,2326
2784,2327
2784,2330
2784,2344
2784,2345
2784,2352
2784,2354
2784,2356
2784,2357
2784,2358
2784,2362
2784,2363
2784,2364
2784,2367
2784,2370
2784,2371
2784,2372
2784,2376
2784,2399
2784,2480
2784,2492
2784,2611
2784,2623
2784,2644
2784,2655
2784,2661
2784,2672
2784,2678
2784,2680
2784,2682
2784,2687
2784,2688
2784,2690
2784,2692
2784,2694
2784,2695
2784,2697
2784,2703
2784,2715
2784,2717
2784,2718
2784,2720
2784,2725
2784,2727
2784,2728
2784,2730
2784,2735
2784,2741
2784,2743
2784,2746
2784,2749
2784,2758
2784,2760
2784,2762
2784,2764
2784,2765
2784,2770
2784,2772
2784,2775
2784,2776
2784,2777
2784,2778
2784,2781
2784,2782
2784,2785
2784,2789
2784,2791
2784,2792
2784,2795
2784,2796
2784,2800
2784,2804
2784,2807
2784,2809
2784,2810
2784,2812
2784,2814
2784,2832
2784,2834
2784,2837
2784,2891
2784,2898
2784,3004
2784,3057
2784,3093
2784,3097
2784,3101
2784,3227
2784,3229
2784,3261
2784,3268
2784,3567
2784,3619
2784,3625
2784,3629
2784,3633
2784,3639
2784,3640
2784,3647
2784,3650
2784,3652
2784,3662
2784,3663
2784,3667
2784,3669
2784,3672
2784,3676
2784,3684
2784,3686
2784,3689
2784,3693
2784,3698
2784,3699
2784,3703
2784,3706
2784,3707
2784,3711
2784,3712
2784,3718
2784,3720
2784,3721
2784,3731
2784,3734
2784,3743
2784,3746
2784,3750
2784,3754
2784,3757
2784,3825
2784,3831
2784,4116
2784,4132
2784,4136
2784,4205
2784,4313
2784,4409
2784,4413
2784,4433
2784,4441
2784,4443
2784,4463
2784,4490
2784,4508
2784,4530
2784,4536
2784,4611
2784,4787
2784,4791
2784,4908
2784,4909
2784,4911
2784,4929
2784,5034
2784,5068
2784,5097
2784,5176
2784,5222
2784,5224
2784,5232
2784,5256
2784,5265
2784,5282
2784,5302
2784,5335
2784,5372
2784,5427
2784,5475
2784,5493
2784,5495
2784,5516
2784,5532
2784,5584
2784,5588
2784,5589
2784,5643
2784,5677
2784,5680
2784,5691
2784,5743
2784,5824
2784,5837
2784,5938
2784,5939
2784,5940
2784,5941
2784,5942
2784,5943
2784,5944
2784,5945
2784,5946
2785,1677
2785,2082
2785,2703
2785,2786
2785,2796
2785,2800
2785,2824
2785,3232
2785,3615
2785,3625
2785,3659
2785,3677
2785,3693
2785,4433
2785,4870
2785,5076
2785,5235
2785,5282
2785,5567
2785,5617
2785,5692
2785,5802
2785,5901
2786,5067
2786,5076
2787,2720
2787,2796
2787,2811
2787,3682
2787,4914
2787,5335
2787,5633
2787,5638
2788,4116
2789,2370
2789,2808
2789,3702
2789,4441
2789,4442
2789,4543
2789,5076
2789,5928
2789,5947
2790,4770
2790,5209
2791,2090
2791,2352
2791,2367
2791,2372
2791,2718
2791,2735
2791,2747
2791,2774
2791,2776
2791,2784
2791,2796
2791,2797
2791,2802
2791,2820
2791,2827
2791,3115
2791,3268
2791,3272
2791,3633
2791,3642
2791,3649
2791,3650
2791,3652
2791,3657
2791,3666
2791,3682
2791,3689
2791,4433
2791,4443
2791,4445
2791,4490
2791,4494
2791,4502
2791,4508
2791,4536
2791,4791
2791,4910
2791,5221
2791,5346
2791,5475
2791,5476
2791,5480
2791,5681
2791,5723
2791,5755
2791,5783
2791,5817
2791,5948
2792,2740
2792,4113
2793,3650
2793,4172
2794,434
2794,732
2794,906
2794,1019
2794,1033
2794,1043
2794,1107
2794,1304
2794,1307
2794,1461
2794,1481
2794,1538
2794,1539
2794,1614
2794,1637
2794,1656
2794,1677
2794,1696
2794,1939
2794,1944
2794,1953
2794,1978
2794,1990
2794,1991
2794,2010
2794,2093
2794,2109
2794,2163
2794,2167
2794,2168
2794,2259
2794,2269
2794,2293
2794,2313
2794,2317
2794,2318
2794,2321
2794,2323
2794,2326
2794,2352
2794,2356
2794,2362
2794,2367
2794,2369
2794,2450
2794,2469
2794,2471
2794,2489
2794,2565
2794,2568
2794,2572
2794,2577
2794,2579
2794,2582
2794,2585
2794,2590
2794,2593
2794,2596
2794,2600
2794,2608
2794,2613
2794,2616
2794,2622
2794,2623
2794,2626
2794,2631
2794,2636
2794,2641
2794,2645
2794,2646
2794,2650
2794,2651
2794,2654
2794,2659
2794,2660
2794,2663
2794,2664
2794,2676
2794,2679
2794,2687
2794,2689
2794,2693
2794,2705
2794,2719
2794,2720
2794,2721
2794,2722
2794,2723
2794,2725
2794,2726
2794,2727
2794,2729
2794,2730
2794,2737
2794,2740
2794,2743
2794,2758
2794,2760
2794,2761
2794,2764
2794,2777
2794,2789
2794,2796
2794,2816
2794,2924
2794,2994
2794,2996
2794,3004
2794,3012
2794,3014
2794,3026
2794,3027
2794,3049
2794,3054
2794,3093
2794,3094
2794,3096
2794,3098
2794,3101
2794,3127
2794,3213
2794,3232
2794,3239
2794,3253
2794,3254
2794,3258
2794,3261
2794,3323
2794,3333
2794,3410
2794,3567
2794,3570
2794,3571
2794,3575
2794,3578
2794,3607
2794,3609
2794,3611
2794,3612
2794,3613
2794,3615
2794,3616
2794,3625
2794,3629
2794,3641
2794,3642
2794,3661
2794,3721
2794,3734
2794,3757
2794,3775
2794,3834
2794,3839
2794,3950
2794,3981
2794,4113
2794,4114
2794,4206
2794,4303
2794,4321
2794,4322
2794,4403
2794,4436
2794,4569
2794,4783
2794,4916
2794,4929
2794,4933
2794,4963
2794,4965
2794,5146
2794,5148
2794,5459
2794,5605
2794,5944
2795,818
2795,2082
2795,2085
2795,2090
2795,2173
2795,2202
2795,2273
2795,2344
2795,2364
2795,2369
2795,2378
2795,2450
2795,2718
2795,2747
2795,2755
2795,2762
2795,2772
2795,2792
2795,2800
2795,2809
2795,2838
2795,2924
2795,3058
2795,3059
2795,3659
2795,3668
2795,3831
2795,3960
2795,4116
2795,4134
2795,4297
2795,4441
2795,4499
2795,4795
2795,5265
2795,5470
2795,5487
2795,5495
2795,5511
2795,5543
2795,5614
2795,5648
2795,5755
2795,5826
2795,5879
2795,5922
2795,5949
2795,5950
2796,818
2796,1573
2796,1743
2796,2082
2796,2321
2796,2357
2796,2370
2796,2677
2796,2710
2796,2785
2796,2787
2796,2791
2796,2792
2796,2795
2796,2800
2796,2811
2796,2832
2796,2898
2796,3324
2796,3615
2796,3633
2796,3635
2796,3652
2796,3655
2796,3680
2796,3692
2796,3705
2796,3712
2796,4499
2796,4913
2796,5352
2796,5438
2796,5614
2796,5638
2797,2375
2797,2718
2797,2791
2797,2825
2797,3698
2797,4545
2797,4916
2797,5177
2797,5253
2798,5488
2798,5815
2799,2789
2799,5924
2800,1927
2800,2082
2800,2089
2800,2735
2800,2741
2800,2781
2800,2787
2800,2795
2800,2796
2800,2811
2800,2831
2800,3627
2800,3650
2800,3680
2800,3952
2800,4113
2800,4405
2800,4482
2800,4484
2800,4509
2800,4907
2800,4916
2800,4961
2800,5043
2800,5302
2800,5530
2800,5595
2800,5709
2800,5946
2800,5951
2801,18
2801,1174
2801,2091
2801,2353
2801,2354
2801,2359
2801,2372
2801,2375
2801,2747
2801,2762
2801,2774
2801,2775
2801,2781
2801,2784
2801,2786
2801,2800
2801,2807
2801,2818
2801,2824
2801,2825
2801,2828
2801,2832
2801,3099
2801,3268
2801,3686
2801,3696
2801,3709
2801,3724
2801,3727
2801,3729
2801,3734
2801,3749
2801,3753
2801,3811
2801,4114
2801,4443
2801,5219
2801,5222
2801,5224
2801,5234
2801,5253
2801,5344
2801,5427
2801,5484
2801,5531
2801,5598
2801,5832
2801,5925
2801,5935
2802,3741
2802,4438
2802,4448
2802,4909
2802,5606
2802,5726
2802,5952
2803,1886
2803,2375
2803,2718
2803,2744
2803,2778
2803,2792
2803,2832
2803,3268
2803,4508
2803,5259
2803,5306
2803,5538
2803,5547
2803,5569
2803,5640
2803,5953
2804,2718
2804,2781
2804,4442
2804,4499
2804,4975
2804,5219
2805,5941
2806,2370
2806,2787
2806,2799
2806,3088
2806,4916
2806,5334
2807,2356
2807,2357
2807,2362
2807,2559
2807,2720
2807,2764
2807,2786
2807,2796
2807,2815
2807,3268
2807,3659
2807,3952
2807,4462
2807,4495
2807,4787
2807,4910
2807,5323
2807,5539
2807,5649
2807,5703
2807,5789
2808,2639
2808,2779
2808,2789
2808,3652
2808,5523
2808,5549
2808,5954
2809,1954
2809,2202
2809,2328
2809,2364
2809,2772
2809,2791
2809,2795
2809,2804
2809,2819
2809,2825
2809,2832
2809,2835
2809,2837
2809,3256
2809,3674
2809,3739
2809,3747
2809,3753
2809,3756
2809,4438
2809,4445
2809,4499
2809,5370
2809,5898
2809,5917
2810,3229
2810,4446
2810,4469
2810,4530
2810,5584
2810,5955
2810,5956
2811,2321
2811,2326
2811,2352
2811,2356
2811,2548
2811,2746
2811,2786
2811,2787
2811,2792
2811,2796
2811,2800
2811,2832
2811,3680
2811,3692
2811,3716
2811,4972
2811,4975
2811,5327
2811,5851
2811,5876
2811,5905
2811,5921
2812,323
2812,1079
2812,1953
2812,1984
2812,1987
2812,2021
2812,2030
2812,2317
2812,2324
2812,2326
2812,2327
2812,2362
2812,2399
2812,2476
2812,2483
2812,2586
2812,2605
2812,2611
2812,2620
2812,2631
2812,2633
2812,2658
2812,2661
2812,2667
2812,2669
2812,2670
2812,2674
2812,2676
2812,2688
2812,2697
2812,2700
2812,2720
2812,2724
2812,2725
2812,2726
2812,2730
2812,2731
2812,2736
2812,2743
2812,2746
2812,2754
2812,2774
2812,2780
2812,2791
2812,2822
2812,2834
2812,2891
2812,2892
2812,3097
2812,3098
2812,3101
2812,3229
2812,3247
2812,3258
2812,3599
2812,3612
2812,3615
2812,3633
2812,3634
2812,3641
2812,3659
2812,3676
2812,3677
2812,3689
2812,3712
2812,3719
2812,3727
2812,3741
2812,3759
2812,3825
2812,4116
2812,4406
2812,4414
2812,4436
2812,4438
2812,4492
2812,4508
2812,4569
2812,4787
2812,4916
2812,4965
2812,4966
2812,4974
2812,5096
2812,5142
2812,5212
2812,5219
2812,5224
2812,5458
2812,5495
2812,5712
2812,5727
2812,5732
2812,5911
2812,5914
2812,5943
2812,5957
2812,5958
2813,2412
2813,2820
2813,2898
2813,4493
2813,5922
2814,1019
2814,1667
2814,2078
2814,2345
2814,2352
2814,2357
2814,2362
2814,2375
2814,2608
2814,2644
2814,2645
2814,2655
2814,2659
2814,2690
2814,2692
2814,2725
2814,2772
2814,2784
2814,2790
2814,2791
2814,2793
2814,2802
2814,2808
2814,2810
2814,2812
2814,2817
2814,2823
2814,2825
2814,2827
2814,2828
2814,2830
2814,2832
2814,2835
2814,2838
2814,2847
2814,3217
2814,3218
2814,3223
2814,3268
2814,3319
2814,3598
2814,3613
2814,3619
2814,3627
2814,3650
2814,3671
2814,3674
2814,3675
2814,3712
2814,3714
2814,3718
2814,3724
2814,3734
2814,3752
2814,3835
2814,4322
2814,4409
2814,4436
2814,4447
2814,4449
2814,4476
2814,4495
2814,4499
2814,4502
2814,4545
2814,4642
2814,4916
2814,5220
2814,5306
2814,5328
2814,5427
2814,5510
2814,5513
2814,5545
2814,5546
2814,5562
2814,5579
2814,5592
2814,5603
2814,5608
2814,5644
2814,5768
2814,5769
2814,5857
2814,5920
2814,5935
2814,5959
2814,5960
2814,5961
2814,5962
2814,5963
2814,5964
2815,2811
2815,4478
2815,4484
2815,4506
2815,4907
2815,5226
2815,5302
2816,2356
2816,2658
2816,2729
2816,3223
2816,5782
2817,2329
2817,2838
2817,3235
2817,3737
2817,3759
2817,5529
2817,5635
2817,5965
2818,2724
2818,3685
2818,3687
2818,3701
2818,3730
2818,4536
2818,4910
2818,4913
2818,5508
2818,5966
2818,5967
2819,2830
2819,3632
2819,3647
2819,3728
2819,3739
2819,4436
2819,4449
2819,4509
2819,4536
2819,5599
2819,5724
2819,5832
2820,2094
2820,2370
2820,2379
2820,2795
2820,2808
2820,2819
2820,3272
2820,3671
2820,4235
2820,4449
2820,4493
2820,4507
2820,5331
2820,5352
2820,5354
2820,5968
2820,5969
2820,5970
2820,5971
2820,5972
2821,5219
2821,5712
2822,2378
2822,3719
2823,1174
2823,3731
2823,4508
2824,2207
2824,2831
2824,3229
2824,3830
2824,5525
2824,5873
2824,5973
2824,5974
2824,5975
2825,2364
2825,2462
2825,3229
2825,3678
2825,3721
2825,5067
2825,5216
2825,5523
2825,5820
2825,5976
2826,3677
2826,4135
2826,5092
2827,2791
2827,2826
2827,2831
2827,3229
2827,3268
2827,3686
2827,3691
2827,3700
2827,3706
2827,3714
2827,3738
2827,3753
2827,4545
2827,4904
2827,5487
2827,5525
2827,5539
2827,5977
2828,1713
2828,2356
2828,2363
2828,2369
2828,2371
2828,2372
2828,2492
2828,2789
2828,2835
2828,3737
2828,3740
2828,3742
2828,3811
2828,4495
2828,4497
2828,4508
2828,5034
2828,5511
2828,5591
2828,5608
2828,5650
2828,5881
2829,4542
2829,5474
2829,5723
2829,5978
2829,5979
2830,4505
2830,4509
2830,5559
2831,2202
2831,2357
2831,2370
2831,2682
2831,2812
2831,2818
2831,2824
2831,2830
2831,3681
2831,3742
2831,4446
2831,4448
2831,5219
2831,5561
2831,5591
2831,5600
2831,5783
2831,5881
2831,5980
2832,2202
2832,2366
2832,2369
2832,2762
2832,2764
2832,2796
2832,2800
2832,2803
2832,2822
2832,3271
2832,3739
2832,3744
2832,4436
2832,4443
2832,4505
2832,4510
2832,4916
2832,5609
2832,5845
2833,2835
2834,906
2834,1261
2834,1295
2834,1307
2834,1461
2834,1680
2834,1689
2834,1767
2834,1953
2834,1954
2834,2010
2834,2082
2834,2149
2834,2157
2834,2202
2834,2251
2834,2273
2834,2326
2834,2327
2834,2344
2834,2345
2834,2353
2834,2354
2834,2355
2834,2357
2834,2362
2834,2399
2834,2483
2834,2557
2834,2611
2834,2664
2834,2667
2834,2677
2834,2679
2834,2680
2834,2688
2834,2694
2834,2697
2834,2703
2834,2708
2834,2709
2834,2711
2834,2713
2834,2715
2834,2718
2834,2720
2834,2725
2834,2726
2834,2737
2834,2743
2834,2744
2834,2746
2834,2748
2834,2761
2834,2764
2834,2772
2834,2782
2834,2795
2834,2891
2834,2898
2834,3004
2834,3027
2834,3054
2834,3057
2834,3059
2834,3093
2834,3098
2834,3101
2834,3230
2834,3264
2834,3322
2834,3323
2834,3577
2834,3581
2834,3601
2834,3612
2834,3615
2834,3616
2834,3628
2834,3629
2834,3633
2834,3640
2834,3641
2834,3643
2834,3644
2834,3657
2834,3663
2834,3664
2834,3665
2834,3669
2834,3670
2834,3677
2834,3712
2834,3719
2834,3728
2834,3734
2834,3742
2834,3811
2834,3826
2834,3998
2834,4179
2834,4413
2834,4417
2834,4433
2834,4435
2834,4441
2834,4478
2834,4533
2834,4537
2834,4611
2834,4796
2834,4907
2834,4965
2834,4973
2834,4977
2834,5043
2834,5151
2834,5174
2834,5332
2834,5462
2834,5470
2834,5579
2834,5590
2834,5818
2834,5864
2834,5938
2834,5946
2834,5981
2835,2828
2835,2833
2835,3229
2835,3742
2835,3744
2835,4975
2836,1677
2836,2021
2836,2082
2836,2089
2836,2157
2836,2327
2836,2329
2836,2350
2836,2353
2836,2356
2836,2359
2836,2362
2836,2367
2836,2368
2836,2480
2836,2695
2836,2697
2836,2703
2836,2705
2836,2714
2836,2722
2836,2724
2836,2725
2836,2734
2836,2737
2836,2741
2836,2746
2836,2754
2836,2762
2836,2763
2836,2772
2836,2780
2836,2782
2836,2791
2836,2793
2836,2796
2836,2802
2836,2807
2836,2814
2836,2817
2836,2832
2836,2835
2836,3229
2836,3643
2836,3650
2836,3671
2836,3692
2836,3698
2836,3712
2836,3734
2836,3742
2836,3811
2836,4436
2836,4438
2836,4449
2836,4467
2836,4530
2836,4547
2836,4642
2836,4907
2836,4961
2836,5176
2836,5177
2836,5333
2836,5353
2836,5470
2836,5481
2836,5529
2836,5593
2836,5606
2836,5635
2836,5703
2836,5708
2836,5732
2836,5811
2836,5870
2836,5911
2836,5925
2836,5926
2836,5982
2836,5983
2836,5984
2837,1717
2837,2839
2837,3724
2837,3756
2837,5225
2837,5528
2837,5540
2837,5552
2837,5604
2837,5985
2838,2370
2838,2378
2838,2697
2838,2754
2838,2811
2838,2812
2838,2817
2838,2821
2838,2831
2838,2833
2838,2835
2838,3643
2838,3677
2838,3704
2838,3719
2838,3724
2838,3730
2838,3740
2838,3746
2838,3747
2838,3748
2838,3749
2838,3756
2838,4449
2838,5151
2838,5222
2838,5342
2838,5372
2838,5382
2838,5397
2838,5510
2838,5560
2838,5649
2838,5809
2838,5820
2838,5907
2838,5914
2838,5963
2838,5986
2839,2354
2839,2837
2839,5232
2839,5309
2839,5528
2839,5603
2839,5987
2839,5988
2839,5989
2840,683
2840,721
2840,996
2840,1033
2840,1098
2840,1107
2840,1580
2840,1617
2840,1776
2840,1965
2840,1990
2840,1991
2840,2259
2840,2291
2840,2294
2840,2461
2840,2470
2840,2481
2840,2494
2840,2576
2840,2590
2840,2600
2840,2611
2840,2616
2840,2628
2840,2631
2840,2642
2840,2666
2840,2676
2840,2681
2840,2683
2840,2727
2840,2885
2840,2993
2840,3003
2840,3010
2840,3038
2840,3044
2840,3048
2840,3097
2840,3098
2840,3101
2840,3126
2840,3625
2840,4208
2840,4285
2840,4402
2840,4405
2840,4655
2840,5325
2840,5423
2840,5990
2841,528
2841,1168
2841,1273
2841,1389
2841,2504
2842,456
2842,525
2842,1389
2842,2118
2843,464
2844,524
2844,526
2844,1213
2845,270
2845,714
2846,552
2846,852
2847,533
2847,3054
2847,3323
2847,3608
2847,3611
2847,4205
2848,3
2848,552
2848,582
2848,1052
2848,3765
2848,3767
2849,270
2849,546
2849,708
2849,775
2849,782
2849,797
2849,798
2849,800
2849,831
2849,839
2849,874
2849,875
2849,906
2849,971
2849,981
2849,1107
2849,1150
2849,1157
2849,1173
2849,1282
2849,1313
2849,1419
2849,1459
2849,1601
2849,1602
2849,1690
2849,1717
2849,1738
2849,1764
2849,1899
2849,1953
2849,1968
2849,2140
2849,2248
2849,2250
2849,2268
2849,2279
2849,2324
2849,2326
2849,2403
2849,2519
2849,2560
2849,2603
2849,2663
2849,2680
2849,2690
2849,2692
2849,2945
2849,2993
2849,2995
2849,3098
2849,3320
2849,3448
2849,3592
2849,3625
2849,3931
2849,4091
2849,4092
2849,4317
2849,4320
2849,4322
2849,5458
2850,4393
2850,4560
2850,4978
2851,146
2851,513
2851,977
2851,1280
2851,2334
2851,3419
2851,3513
2852,680
2852,973
2853,270
2853,1612
2854,1278
2854,1783
2855,839
2855,1202
2855,1363
2855,1782
2855,1844
2855,2147
2856,270
2856,765
2856,839
2856,1332
2856,1364
2856,1704
2856,1927
2856,2011
2856,2131
2856,4045
2856,4050
2856,4055
2856,4601
2856,4735
2857,898
2857,1365
2857,1401
2857,1775
2857,1928
2857,3971
2857,4888
2858,89
2858,183
2858,337
2859,99
2859,402
2859,482
2860,873
2860,1004
2860,1222
2860,3290
2860,4267
2860,5991
2861,214
2861,301
2861,314
2862,111
2862,272
2862,393
2862,764
2863,5992
2863,5993
2864,771
2864,4129
2865,837
2865,844
2865,3418
2866,500
2867,1267
2867,2160
2867,4214
2867,4879
2868,761
2869,365
2869,1078
2869,4369
2870,2381
2871,326
2871,399
2871,438
2871,515
2871,984
2871,1049
2871,1138
2871,1141
2871,1158
2871,1835
2871,3427
2872,381
2872,685
2872,778
2872,832
2872,922
2872,1293
2872,2444
2872,3166
2872,3499
2873,503
2873,685
2873,729
2873,913
2873,1401
2873,1407
2873,1773
2873,1782
2873,3897
2873,4066
2874,275
2874,1292
2874,1303
2874,1313
2874,1314
2874,1589
2874,1644
2874,1677
2874,1692
2874,1694
2874,1698
2874,1973
2874,2168
2874,2309
2874,2348
2874,2469
2874,3197
2874,3543
2874,5075
2874,5994
2875,1425
2876,886
2877,1262
2877,1436
2877,4681
2878,1617
2878,4364
2879,1882
2880,774
2880,996
2880,1251
2880,1664
2880,1933
2880,5996
2881,1303
2881,1308
2881,1442
2881,1961
2881,2295
2881,2968
2881,3396
2881,4049
2881,4629
2882,276
2882,1019
2882,1033
2882,1155
2882,1198
2882,1258
2882,1459
2882,1484
2882,1712
2882,1953
2882,1987
2882,2164
2882,2259
2882,2327
2882,2345
2882,2347
2882,2353
2882,2357
2882,2362
2882,2399
2882,2450
2882,2461
2882,2471
2882,2476
2882,2483
2882,2619
2882,2644
2882,2645
2882,2656
2882,2659
2882,2664
2882,2669
2882,2671
2882,2672
2882,2674
2882,2689
2882,2691
2882,2692
2882,2694
2882,2695
2882,2701
2882,2711
2882,2725
2882,2737
2882,2743
2882,2782
2882,2785
2882,2891
2882,3012
2882,3018
2882,3027
2882,3031
2882,3054
2882,3220
2882,3222
2882,3228
2882,3325
2882,3567
2882,3583
2882,3590
2882,3609
2882,3629
2882,3631
2882,3636
2882,3679
2882,3826
2882,4205
2882,4207
2882,4225
2882,4288
2882,4408
2882,4416
2882,4426
2882,4463
2882,4545
2882,4576
2882,4965
2882,5265
2882,5282
2882,5692
2882,5743
2882,5858
2882,5997
2882,5998
2883,3397
2884,2612
2884,2620
2884,2622
2884,2650
2885,1262
2885,1317
2885,2279
2885,2560
2885,2603
2885,2614
2885,2631
2885,2976
2885,3950
2885,4785
2885,4792
2885,5701
2885,5718
2885,5999
2886,276
2886,2615
2886,2616
2886,3739
2886,5662
2887,1843
2887,1989
2887,3551
2887,4311
2887,5700
2888,1283
2888,1300
2888,1315
2888,1478
2888,1838
2888,2155
2888,2210
2888,2479
2888,2487
2888,2488
2888,2603
2888,2614
2888,2615
2888,2622
2888,2976
2888,3010
2888,3019
2888,3342
2888,3564
2888,3933
2888,4606
2888,4626
2888,4760
2888,4883
2888,5654
2888,6000
2889,2899
2889,3094
2889,4177
2889,4938
2890,2278
2890,2610
2890,2662
2890,5420
2891,882
2891,1198
2891,1240
2891,1730
2891,1927
2891,1987
2891,2149
2891,2318
2891,2324
2891,2327
2891,2352
2891,2354
2891,2611
2891,2625
2891,2642
2891,2645
2891,2653
2891,2657
2891,2658
2891,2674
2891,2676
2891,2679
2891,2688
2891,2689
2891,2694
2891,2711
2891,2722
2891,2725
2891,2728
2891,2743
2891,2764
2891,2812
2891,2834
2891,3040
2891,3098
2891,3615
2891,3619
2891,3629
2891,3640
2891,3641
2891,3659
2891,3831
2891,3834
2891,3967
2891,3968
2891,4113
2891,4403
2891,4530
2891,4642
2891,4643
2891,4650
2891,5727
2891,5826
2892,2494
2892,2647
2892,2674
2892,3010
2892,3019
2892,3020
2892,5396
2892,5748
2893,2658
2893,2669
2893,2673
2893,3222
2893,3967
2893,4311
2893,4525
2893,5139
2893,5407
2893,6001
2893,6002
2894,2679
2894,2892
2894,4318
2894,4962
2894,5393
2894,5997
2895,2079
2895,2663
2895,2669
2895,3320
2895,3323
2895,4315
2895,5093
2895,5320
2895,5322
2895,6003
2896,3644
2897,2898
2898,1967
2898,1989
2898,2323
2898,2344
2898,2355
2898,2677
2898,2679
2898,2680
2898,2708
2898,2897
2898,3229
2898,3232
2898,3615
2898,3623
2898,3629
2898,3633
2898,3636
2898,3811
2898,3836
2898,4222
2898,4527
2898,5001
2898,6004
2898,6005
2898,6006
2898,6007
2899,276
2899,2357
2899,2889
2899,4938
2899,5043
2899,5138
2899,5349
2899,5781
2900,89
2900,278
2901,278
2901,283
2902,679
2903,1062
2904,1010
2904,1173
2904,1347
2904,2125
2905,1243
2906,2907
2907,464
2907,1589
2907,1596
2907,1654
2907,2275
2907,2279
2907,2906
2907,5061
2907,6008
2908,157
2908,642
2908,664
2908,760
2908,995
2908,1096
2908,1329
2908,1332
2908,1345
2908,1357
2908,1515
2908,1777
2908,1910
2908,2842
2908,3176
2908,3359
2909,180
2909,415
2909,457
2909,672
2909,791
2909,913
2909,923
2909,949
2909,977
2909,1029
2909,1143
2909,1146
2909,1208
2909,1249
2909,1340
2909,1342
2909,1345
2909,1365
2909,1375
2909,1409
2909,1417
2909,1421
2909,1589
2909,1608
2909,1759
2909,1775
2909,1777
2909,1921
2909,2031
2909,2070
2909,2124
2909,2426
2909,2427
2909,4002
2909,4279
2910,546
2910,646
2910,1134
2910,1401
2910,3791
2910,3792
2911,699
2911,999
2911,2128
2911,2340
2911,2421
2911,3166
2912,1614
2912,2154
2912,2279
2912,2560
2912,2561
2912,4668
2912,5469
2913,1443
2913,2914
2914,1934
2914,2913
2914,2960
2914,3152
2914,4281
2915,143
2915,999
2915,1144
2915,1145
2915,1155
2915,1250
2915,1254
2915,1258
2915,1261
2915,1265
2915,1266
2915,1271
2915,1286
2915,1293
2915,1310
2915,1342
2915,1353
2915,1367
2915,1370
2915,1425
2915,1433
2915,1440
2915,1448
2915,1453
2915,1457
2915,1464
2915,1471
2915,1474
2915,1478
2915,1481
2915,1538
2915,1571
2915,1614
2915,1616
2915,1618
2915,1627
2915,1632
2915,1633
2915,1638
2915,1644
2915,1664
2915,1676
2915,1686
2915,1758
2915,1902
2915,1934
2915,1938
2915,1946
2915,1963
2915,1977
2915,2036
2915,2037
2915,2051
2915,2109
2915,2138
2915,2153
2915,2208
2915,2244
2915,2249
2915,2295
2915,2534
2915,2536
2915,2689
2915,2912
2915,2917
2915,2922
2915,2923
2915,3024
2915,3081
2915,3083
2915,3316
2915,3344
2915,3581
2915,3614
2915,4030
2915,4034
2915,4173
2915,4242
2915,4255
2915,4293
2915,4340
2915,4393
2915,4618
2915,4939
2915,4978
2915,5020
2915,5044
2915,5705
2915,6009
2915,6010
2915,6011
2916,5
2916,8
2916,74
2916,81
2916,87
2916,90
2916,97
2916,101
2916,107
2916,127
2916,167
2916,209
2916,224
2916,229
2916,235
2916,261
2916,285
2916,309
2916,322
2916,336
2916,386
2916,387
2916,505
2916,509
2916,519
2916,532
2916,629
2916,726
2916,757
2916,833
2916,845
2916,856
2916,894
2916,907
2916,916
2916,923
2916,1026
2916,1155
2916,1166
2916,1223
2916,1261
2916,1267
2916,1281
2916,1342
2916,1375
2916,1417
2916,1425
2916,1443
2916,1446
2916,1450
2916,1458
2916,1463
2916,1490
2916,1577
2916,1584
2916,1587
2916,1615
2916,1666
2916,1799
2916,1895
2916,2027
2916,2037
2916,2043
2916,2051
2916,2057
2916,2427
2916,2436
2916,2445
2916,2510
2916,2511
2916,2544
2916,2915
2916,3112
2916,3144
2916,3168
2916,3329
2916,3356
2916,3376
2917,1253
2917,1325
2917,1421
2917,1630
2917,1781
2917,2009
2917,3995
2917,4678
2918,2023
2918,4389
2918,4991
2919,492
2919,875
2919,1425
2919,2131
2920,637
2920,1098
2920,1144
2920,1266
2920,1433
2920,1620
2920,1705
2920,4021
2921,1257
2921,4011
2922,999
2922,1155
2922,1257
2922,1367
2922,1427
2922,1438
2922,1440
2922,1442
2922,1446
2922,1447
2922,1631
2922,1902
2922,1936
2922,1948
2922,1959
2922,2032
2922,2153
2922,3236
2922,4028
2922,4149
2923,980
2923,1283
2923,1291
2923,1295
2923,1300
2923,1360
2923,1421
2923,1426
2923,1458
2923,1478
2923,1647
2923,1652
2923,1654
2923,1838
2923,2295
2923,2427
2923,2463
2923,2965
2923,2975
2923,4050
2923,4255
2923,4337
2923,4738
2923,4997
2923,5057
2923,5358
2924,172
2924,276
2924,370
2924,439
2924,497
2924,555
2924,566
2924,620
2924,633
2924,637
2924,641
2924,669
2924,732
2924,794
2924,818
2924,894
2924,906
2924,960
2924,976
2924,1007
2924,1019
2924,1053
2924,1079
2924,1107
2924,1137
2924,1198
2924,1295
2924,1298
2924,1304
2924,1380
2924,1389
2924,1409
2924,1417
2924,1420
2924,1424
2924,1426
2924,1429
2924,1437
2924,1439
2924,1461
2924,1482
2924,1538
2924,1539
2924,1574
2924,1610
2924,1626
2924,1664
2924,1672
2924,1676
2924,1680
2924,1689
2924,1696
2924,1697
2924,1896
2924,1923
2924,1927
2924,1934
2924,1939
2924,1941
2924,1953
2924,1954
2924,1970
2924,1972
2924,1990
2924,1992
2924,1993
2924,2000
2924,2010
2924,2021
2924,2030
2924,2079
2924,2081
2924,2082
2924,2083
2924,2084
2924,2085
2924,2089
2924,2090
2924,2094
2924,2101
2924,2109
2924,2155
2924,2157
2924,2171
2924,2202
2924,2204
2924,2210
2924,2247
2924,2248
2924,2250
2924,2251
2924,2273
2924,2276
2924,2317
2924,2318
2924,2319
2924,2321
2924,2328
2924,2329
2924,2344
2924,2349
2924,2351
2924,2352
2924,2353
2924,2354
2924,2356
2924,2360
2924,2362
2924,2363
2924,2364
2924,2367
2924,2372
2924,2373
2924,2374
2924,2375
2924,2376
2924,2378
2924,2450
2924,2456
2924,2480
2924,2481
2924,2483
2924,2562
2924,2568
2924,2576
2924,2587
2924,2596
2924,2602
2924,2605
2924,2608
2924,2615
2924,2618
2924,2620
2924,2621
2924,2626
2924,2648
2924,2650
2924,2657
2924,2658
2924,2663
2924,2666
2924,2669
2924,2672
2924,2676
2924,2679
2924,2680
2924,2687
2924,2688
2924,2690
2924,2692
2924,2693
2924,2694
2924,2697
2924,2703
2924,2706
2924,2707
2924,2709
2924,2714
2924,2715
2924,2722
2924,2723
2924,2726
2924,2727
2924,2730
2924,2731
2924,2732
2924,2735
2924,2737
2924,2739
2924,2740
2924,2741
2924,2743
2924,2746
2924,2748
2924,2756
2924,2757
2924,2758
2924,2759
2924,2762
2924,2763
2924,2764
2924,2765
2924,2766
2924,2770
2924,2771
2924,2772
2924,2775
2924,2778
2924,2779
2924,2780
2924,2781
2924,2782
2924,2785
2924,2789
2924,2790
2924,2791
2924,2794
2924,2795
2924,2796
2924,2800
2924,2801
2924,2804
2924,2809
2924,2812
2924,2814
2924,2816
2924,2817
2924,2824
2924,2827
2924,2828
2924,2832
2924,2834
2924,2835
2924,2836
2924,2837
2924,2839
2924,2915
2924,2991
2924,2998
2924,3004
2924,3012
2924,3016
2924,3021
2924,3027
2924,3031
2924,3032
2924,3035
2924,3039
2924,3057
2924,3087
2924,3088
2924,3093
2924,3099
2924,3101
2924,3150
2924,3214
2924,3222
2924,3225
2924,3231
2924,3239
2924,3249
2924,3253
2924,3258
2924,3264
2924,3323
2924,3346
2924,3550
2924,3552
2924,3557
2924,3567
2924,3570
2924,3575
2924,3580
2924,3585
2924,3586
2924,3587
2924,3588
2924,3591
2924,3593
2924,3598
2924,3600
2924,3602
2924,3609
2924,3613
2924,3616
2924,3618
2924,3619
2924,3625
2924,3626
2924,3629
2924,3632
2924,3633
2924,3634
2924,3635
2924,3638
2924,3640
2924,3642
2924,3643
2924,3644
2924,3648
2924,3649
2924,3650
2924,3651
2924,3652
2924,3657
2924,3659
2924,3661
2924,3666
2924,3667
2924,3669
2924,3671
2924,3673
2924,3676
2924,3678
2924,3680
2924,3681
2924,3682
2924,3684
2924,3691
2924,3692
2924,3693
2924,3696
2924,3698
2924,3700
2924,3707
2924,3709
2924,3710
2924,3712
2924,3719
2924,3720
2924,3721
2924,3724
2924,3729
2924,3730
2924,3734
2924,3739
2924,3743
2924,3745
2924,3747
2924,3750
2924,3752
2924,3753
2924,3754
2924,3757
2924,3758
2924,3759
2924,3799
2924,3811
2924,3828
2924,3830
2924,3831
2924,3834
2924,3836
2924,3839
2924,3898
2924,3948
2924,3952
2924,3953
2924,4052
2924,4114
2924,4116
2924,4133
2924,4135
2924,4141
2924,4172
2924,4206
2924,4207
2924,4224
2924,4227
2924,4240
2924,4242
2924,4304
2924,4403
2924,4404
2924,4409
2924,4411
2924,4413
2924,4427
2924,4430
2924,4432
2924,4436
2924,4443
2924,4445
2924,4449
2924,4460
2924,4461
2924,4463
2924,4466
2924,4471
2924,4472
2924,4480
2924,4484
2924,4490
2924,4499
2924,4504
2924,4508
2924,4574
2924,4575
2924,4604
2924,4648
2924,4665
2924,4704
2924,4730
2924,4778
2924,4781
2924,4783
2924,4813
2924,4853
2924,4903
2924,4929
2924,4961
2924,4965
2924,4966
2924,4968
2924,4974
2924,4975
2924,4977
2924,4983
2924,4988
2924,5017
2924,5034
2924,5043
2924,5130
2924,5136
2924,5147
2924,5152
2924,5164
2924,5173
2924,5177
2924,5196
2924,5209
2924,5210
2924,5221
2924,5224
2924,5228
2924,5229
2924,5282
2924,5296
2924,5298
2924,5299
2924,5302
2924,5318
2924,5333
2924,5344
2924,5422
2924,5427
2924,5460
2924,5471
2924,5475
2924,5481
2924,5510
2924,5516
2924,5517
2924,5519
2924,5520
2924,5522
2924,5524
2924,5525
2924,5529
2924,5530
2924,5541
2924,5545
2924,5552
2924,5567
2924,5569
2924,5580
2924,5587
2924,5599
2924,5608
2924,5611
2924,5616
2924,5633
2924,5636
2924,5642
2924,5649
2924,5690
2924,5700
2924,5716
2924,5764
2924,5775
2924,5777
2924,5787
2924,5793
2924,5800
2924,5810
2924,5814
2924,5823
2924,5831
2924,5861
2924,5864
2924,5873
2924,5901
2924,5911
2924,5931
2924,5935
2924,5949
2924,6012
2924,6013
2924,6014
2924,6015
2924,6016
2924,6017
2924,6018
2924,6019
2924,6020
2924,6021
2924,6022
2924,6023
2924,6024
2924,6025
2924,6026
2924,6027
2925,648
2925,923
2925,3502
2925,4011
2925,4087
2925,4662
2926,377
2926,640
2926,1251
2926,1265
2926,1283
2926,1478
2926,1571
2926,1596
2926,1628
2926,1632
2926,1933
2926,1937
2926,1958
2926,1963
2926,2516
2926,2909
2926,3330
2926,3973
2926,4615
2926,4831
2927,781
2927,1312
2927,1409
2927,1452
2927,1685
2927,1698
2927,1939
2927,2274
2927,2278
2927,2294
2927,2464
2927,2470
2927,3002
2927,3013
2927,3126
2927,3335
2927,3496
2927,3518
2927,4898
2927,5097
2927,5658
2927,6028
2927,6029
2928,256
2929,94
2929,278
2929,4118
2930,740
2930,2067
2931,296
2931,492
2932,834
2933,20
2933,288
2933,298
2933,321
2933,362
2933,2139
2933,2214
2934,423
2934,775
2935,1050
2936,294
2937,301
2937,1234
2938,293
2938,301
2938,1507
2938,5008
2939,289
2939,303
2939,329
2939,541
2940,303
2940,544
2940,2509
2941,285
2941,305
2941,357
2941,360
2941,367
2941,375
2941,1182
2942,306
2942,1889
2943,307
2943,677
2944,1228
2945,433
2945,515
2945,702
2945,708
2945,964
2945,967
2945,1017
2945,1099
2945,1111
2945,1157
2945,1158
2945,1282
2945,1365
2945,1394
2945,1580
2945,1768
2945,1789
2945,2134
2945,2406
2945,2849
2946,1845
2946,2246
2946,3239
2947,126
2947,323
2947,523
2948,323
2948,660
2948,1298
2948,1482
2948,1707
2948,1992
2948,2165
2948,2172
2948,2290
2948,2464
2948,2469
2948,2470
2948,2484
2948,2485
2948,2488
2948,2593
2948,2596
2948,2601
2948,3043
2948,3239
2948,3481
2948,3836
2948,4824
2948,5120
2949,5
2950,18
2950,503
2950,778
2950,857
2950,980
2950,1345
2950,1442
2950,1589
2950,1932
2950,3078
2950,3313
2951,379
2952,167
2952,442
2952,497
2952,509
2952,580
2952,600
2952,957
2952,1009
2952,1044
2952,1221
2952,1830
2952,6030
2953,451
2954,1345
2954,3303
2955,386
2955,528
2955,530
2955,670
2955,671
2955,718
2955,729
2955,778
2955,979
2955,1246
2955,1515
2955,2533
2955,3174
2955,3471
2955,4837
2956,1336
2956,1350
2957,69
2957,464
2957,779
2957,1029
2958,636
2958,2414
2959,326
2959,1145
2959,1340
2959,1515
2959,2192
2959,2240
2960,1612
2960,1624
2960,1854
2960,1937
2960,2004
2960,2914
2960,3412
2961,1652
2961,2455
2962,1444
2963,437
2963,515
2963,633
2963,730
2963,787
2963,980
2963,1098
2963,1107
2963,1251
2963,1252
2963,1258
2963,1303
2963,1420
2963,1436
2963,1453
2963,1462
2963,1590
2963,1899
2963,1948
2963,2033
2963,2153
2963,2310
2963,2608
2963,2910
2963,3026
2963,4017
2964,2543
2964,3804
2965,1259
2965,1462
2965,2155
2965,3396
2965,4295
2965,4690
2966,1462
2966,3537
2966,4355
2967,1660
2967,2034
2967,6031
2968,977
2969,1951
2970,836
2970,1478
2970,1961
2970,2422
2970,5051
2971,1928
2971,2155
2972,1078
2972,2155
2972,3412
2973,1284
2973,1596
2973,1717
2973,1954
2973,2976
2973,3203
2973,5062
2974,1310
2974,1657
2974,2257
2974,4588
2974,4745
2974,4759
2974,5015
2974,5071
2975,1304
2975,1449
2975,1469
2975,1647
2975,1654
2975,2253
2975,2923
2975,3396
2975,3454
2975,4138
2976,1452
2976,1682
2976,1845
2976,1954
2976,1974
2976,1991
2976,2167
2976,2171
2976,2248
2976,2279
2976,2294
2976,2478
2976,2482
2976,2484
2976,2488
2976,2490
2976,2560
2976,2586
2976,2594
2976,2615
2976,2616
2976,2885
2976,2888
2976,2973
2976,3010
2976,3019
2976,3020
2976,3032
2976,3400
2976,3933
2976,4242
2976,5062
2976,5189
2976,5716
2977,1281
2977,1469
2977,4341
2977,6032
2978,6033
2979,1978
2980,1318
2980,1380
2980,1539
2980,2172
2980,2262
2980,2399
2980,2560
2980,3077
2980,3241
2981,1026
2981,1571
2981,1982
2981,2165
2982,977
2982,1104
2982,1251
2982,1286
2982,1314
2982,1656
2982,1698
2982,1707
2982,1708
2982,1709
2982,1843
2982,1944
2982,1977
2982,2161
2982,2165
2982,2176
2982,2261
2982,2269
2982,2336
2982,2453
2982,2484
2982,2978
2982,3244
2982,3396
2982,3400
2982,3548
2982,4139
2983,1680
2983,1698
2983,2169
2983,3518
2984,3244
2984,3551
2985,1682
2985,2249
2985,3118
2985,5161
2986,1682
2986,1698
2986,1843
2986,1968
2986,1981
2986,4165
2987,2469
2987,3753
2987,4435
2987,4702
2987,5899
2988,2989
2989,660
2989,1247
2989,1282
2989,1656
2989,1690
2989,1717
2989,2165
2989,2176
2989,2177
2989,2203
2989,2268
2989,2271
2989,2277
2989,2279
2989,2286
2989,2481
2989,2484
2989,2565
2989,2988
2989,2997
2989,3117
2989,3401
2989,4241
2989,4514
2989,4707
2990,1708
2991,3008
2992,1986
2992,2790
2992,3561
2992,3604
2992,4113
2992,5212
2993,781
2993,1319
2993,1452
2993,1656
2993,1690
2993,1714
2993,1759
2993,1968
2993,1982
2993,2161
2993,2171
2993,2248
2993,2249
2993,2250
2993,2455
2993,2558
2993,2570
2993,2849
2993,2995
2993,3118
2993,3519
2993,3555
2993,3557
2993,3776
2993,3931
2993,4166
2993,4169
2993,4766
2993,5156
2993,5653
2994,3044
2994,3099
2994,3967
2994,4983
2994,5174
2995,1713
2995,2565
2995,2993
2995,3776
2995,5978
2996,1283
2996,1477
2996,1843
2996,1939
2996,1970
2996,3247
2996,3564
2996,4167
2996,4728
2996,5074
2996,6034
2997,1966
2997,2466
2997,2989
2997,3012
2998,1307
2998,1399
2998,1479
2998,1483
2998,1977
2998,2207
2998,2267
2998,2293
2998,3134
2998,4100
2999,1777
3000,1698
3000,1710
3000,3518
3001,1026
3001,1291
3001,2203
3001,2469
3002,1452
3002,3247
3003,1078
3003,1300
3003,1318
3003,1553
3003,1614
3003,1678
3003,1896
3003,2208
3003,2212
3003,2271
3003,2376
3003,2464
3003,2469
3003,2477
3003,2482
3003,2484
3003,2488
3003,2489
3003,2557
3003,2560
3003,2592
3003,2633
3003,2659
3003,3007
3003,3013
3003,3929
3003,3968
3003,4668
3003,4818
3003,5393
3003,5688
3004,637
3004,1574
3004,1667
3004,2079
3004,2082
3004,2326
3004,2327
3004,2328
3004,2344
3004,2346
3004,2352
3004,2356
3004,2362
3004,2367
3004,2368
3004,2369
3004,2480
3004,2592
3004,2608
3004,2617
3004,2644
3004,2645
3004,2687
3004,2688
3004,2692
3004,2695
3004,2718
3004,2726
3004,2731
3004,2734
3004,2735
3004,2744
3004,2746
3004,2747
3004,2754
3004,2758
3004,2762
3004,2763
3004,2764
3004,2765
3004,2766
3004,2772
3004,2777
3004,2780
3004,2784
3004,2791
3004,2795
3004,2800
3004,2804
3004,2807
3004,2818
3004,2827
3004,2838
3004,2898
3004,3000
3004,3059
3004,3101
3004,3270
3004,3648
3004,3650
3004,3652
3004,3663
3004,3664
3004,3676
3004,3680
3004,3686
3004,3688
3004,3689
3004,3690
3004,3692
3004,3693
3004,3700
3004,3709
3004,3710
3004,3712
3004,3719
3004,3720
3004,3733
3004,3734
3004,3740
3004,3742
3004,3744
3004,3747
3004,3811
3004,3826
3004,3830
3004,3836
3004,3838
3004,4069
3004,4114
3004,4116
3004,4134
3004,4436
3004,4441
3004,4445
3004,4494
3004,4499
3004,4507
3004,4530
3004,4908
3004,4913
3004,5067
3004,5146
3004,5307
3004,5336
3004,5511
3004,5513
3004,5528
3004,5562
3004,5588
3004,5682
3004,5703
3004,5711
3004,5824
3004,5879
3004,6022
3004,6035
3004,6036
3004,6037
3005,2284
3006,2585
3006,4538
3007,934
3007,1104
3007,1265
3007,1305
3007,1463
3007,1464
3007,1538
3007,1654
3007,1656
3007,1697
3007,1712
3007,1914
3007,2176
3007,2203
3007,2207
3007,2249
3007,2258
3007,2284
3007,2291
3007,2422
3007,2457
3007,2468
3007,2477
3007,2484
3007,2557
3007,2585
3007,2995
3007,2996
3007,3003
3007,3016
3007,3247
3007,3518
3007,3899
3007,4036
3008,1479
3008,2464
3008,2469
3008,2767
3008,2991
3008,3016
3008,3481
3008,4668
3008,5655
3009,1104
3009,1654
3009,2039
3009,2154
3009,2205
3009,2210
3009,2288
3009,2464
3009,2471
3009,2580
3009,2584
3009,2585
3009,3134
3009,4239
3009,4400
3009,4401
3009,4571
3009,4771
3009,4777
3009,5707
3010,143
3010,1078
3010,1293
3010,1466
3010,1478
3010,1662
3010,1759
3010,1979
3010,1990
3010,2167
3010,2209
3010,2279
3010,2291
3010,2433
3010,2461
3010,2484
3010,2486
3010,2488
3010,2574
3010,2576
3010,2596
3010,2603
3010,2613
3010,2616
3010,2620
3010,2633
3010,2634
3010,2673
3010,2892
3010,2976
3010,2997
3010,3016
3010,3019
3010,3020
3010,3034
3010,3045
3010,3095
3010,3124
3010,3127
3010,3214
3010,3258
3010,3570
3010,3659
3010,3932
3010,4235
3010,4462
3010,4669
3010,4785
3010,4930
3010,4983
3010,5133
3010,5389
3010,5426
3010,5716
3010,5730
3010,6038
3011,2478
3011,4815
3011,4978
3012,1426
3012,1696
3012,2154
3012,2172
3012,2210
3012,2274
3012,2489
3012,2565
3012,2571
3012,2576
3012,2591
3012,2592
3012,2594
3012,2596
3012,2671
3012,2997
3012,3036
3012,3096
3012,3123
3012,3239
3012,3250
3012,3810
3012,3858
3012,3968
3012,4562
3012,4713
3012,5453
3013,332
3013,836
3013,1300
3013,1424
3013,1443
3013,1452
3013,1589
3013,1654
3013,1670
3013,1712
3013,1717
3013,1937
3013,2172
3013,2176
3013,2207
3013,2210
3013,2278
3013,2282
3013,2464
3013,2484
3013,2489
3013,2594
3013,2927
3013,3003
3013,3008
3013,3018
3013,3923
3013,4303
3013,4779
3013,5131
3014,755
3014,836
3014,1596
3014,1963
3014,2033
3014,4285
3015,2487
3016,332
3016,1424
3016,1707
3016,1968
3016,1977
3016,2260
3016,2279
3016,2280
3016,2484
3016,2560
3016,2603
3016,3008
3016,3010
3016,3019
3016,3020
3016,3401
3016,3540
3016,3564
3016,3934
3016,3935
3016,4399
3016,4783
3016,5074
3017,326
3017,1670
3017,2257
3017,2585
3017,2599
3017,2635
3017,2673
3017,3016
3017,3123
3017,3244
3017,4856
3017,5097
3017,5168
3018,332
3018,1759
3018,2212
3018,2482
3018,2577
3018,2585
3018,3043
3018,4776
3019,1426
3019,1459
3019,1645
3019,1662
3019,1703
3019,1759
3019,1838
3019,1965
3019,2167
3019,2260
3019,2274
3019,2279
3019,2461
3019,2470
3019,2486
3019,2487
3019,2488
3019,2560
3019,2593
3019,2596
3019,2598
3019,2603
3019,2608
3019,2615
3019,2616
3019,2633
3019,2888
3019,2892
3019,2976
3019,3010
3019,3016
3019,3020
3019,3034
3019,3095
3019,3125
3019,3126
3019,3127
3019,3215
3019,3230
3019,3659
3019,3899
3019,3929
3019,3932
3019,3933
3019,4210
3019,4309
3019,4462
3019,4701
3019,4746
3019,4785
3019,4864
3019,4930
3019,4983
3019,5111
3019,5133
3019,5388
3019,5389
3019,5430
3019,5654
3019,5698
3019,5701
3019,6038
3019,6039
3020,860
3020,1426
3020,1479
3020,1759
3020,1838
3020,2167
3020,2279
3020,2280
3020,2461
3020,2470
3020,2486
3020,2487
3020,2488
3020,2490
3020,2560
3020,2593
3020,2596
3020,2598
3020,2608
3020,2612
3020,2616
3020,2633
3020,2892
3020,3010
3020,3016
3020,3019
3020,3034
3020,3095
3020,3126
3020,3127
3020,3214
3020,3215
3020,3258
3020,3659
3020,3929
3020,3932
3020,3933
3020,3968
3020,4210
3020,4462
3020,4573
3020,4746
3020,4785
3020,4864
3020,4928
3020,4930
3020,4981
3020,5133
3020,5388
3020,5389
3020,5390
3020,5430
3020,5716
3021,1596
3021,1986
3021,3627
3021,5353
3022,782
3022,1909
3022,2364
3023,539
3024,1875
3024,2449
3024,3330
3025,1538
3025,1723
3025,1950
3025,3236
3025,3960
3026,498
3026,836
3026,949
3026,1291
3026,1294
3026,1297
3026,1304
3026,1320
3026,1539
3026,1654
3026,1844
3026,1966
3026,1968
3026,1975
3026,2277
3026,2278
3026,2464
3026,2470
3026,2474
3026,2579
3026,2585
3026,3035
3026,3091
3026,3313
3026,3810
3026,3898
3026,3943
3026,4042
3026,4371
3026,4514
3026,4515
3026,4737
3026,4777
3026,4821
3026,4997
3026,5396
3027,1198
3027,2089
3027,2271
3027,2354
3027,2613
3027,2715
3027,2720
3027,2725
3027,2834
3027,2924
3027,3232
3027,3253
3027,3258
3027,3325
3027,3600
3027,3641
3027,3643
3027,3658
3027,3734
3027,3811
3027,3830
3027,4904
3027,4965
3027,5174
3027,5522
3027,5911
3028,1104
3028,1317
3028,1318
3028,1424
3028,1461
3028,1687
3028,1690
3028,2172
3028,2207
3028,2250
3028,2259
3028,2266
3028,2273
3028,2285
3028,2293
3028,2294
3028,2455
3028,2464
3028,2481
3028,2553
3028,2565
3028,2579
3028,2583
3028,2630
3028,2635
3028,3032
3028,3037
3028,3091
3028,3121
3028,3213
3028,4923
3028,5122
3029,1254
3029,1286
3029,1312
3029,1315
3029,1481
3029,1665
3029,1675
3029,1681
3029,1688
3029,1896
3029,1923
3029,1957
3029,1966
3029,1970
3029,3335
3029,3655
3029,3800
3029,3831
3029,3874
3029,4135
3029,4167
3029,4416
3029,4605
3029,4648
3029,4665
3029,4742
3029,5089
3029,5441
3029,5673
3029,5835
3029,6040
3030,1315
3030,1939
3030,1992
3030,2167
3030,2176
3030,2285
3030,2289
3030,2290
3030,2466
3030,2467
3030,2580
3030,3239
3030,4180
3031,532
3031,798
3031,1410
3031,1461
3031,1637
3031,1707
3031,1954
3031,2021
3031,2149
3031,2202
3031,2328
3031,2344
3031,2353
3031,2356
3031,2359
3031,2479
3031,2579
3031,2656
3031,2662
3031,2664
3031,2690
3031,2725
3031,2737
3031,2740
3031,2746
3031,2762
3031,2763
3031,2780
3031,2782
3031,2784
3031,2790
3031,2795
3031,2809
3031,2836
3031,2891
3031,2924
3031,3041
3031,3057
3031,3125
3031,3221
3031,3222
3031,3232
3031,3249
3031,3261
3031,3273
3031,3581
3031,3643
3031,3671
3031,3680
3031,3686
3031,3709
3031,3712
3031,3722
3031,3734
3031,3965
3031,4213
3031,4239
3031,4411
3031,4438
3031,4441
3031,4499
3031,4849
3031,5209
3031,5215
3031,5232
3031,5338
3031,5427
3031,5472
3031,5572
3031,5579
3031,5650
3031,5790
3031,6037
3032,1899
3032,1952
3032,2466
3032,2565
3032,2976
3032,3028
3032,3124
3032,3934
3032,4810
3032,4817
3033,89
3033,332
3033,728
3033,1705
3033,1777
3033,2645
3033,2700
3033,3053
3033,3056
3033,3257
3033,3692
3033,4463
3033,4527
3033,4968
3034,332
3034,2598
3034,3019
3034,3020
3034,4928
3035,5187
3036,660
3036,721
3036,1198
3036,1426
3036,1482
3036,1626
3036,1637
3036,1696
3036,1838
3036,2208
3036,2211
3036,2260
3036,2279
3036,2469
3036,2478
3036,2482
3036,2485
3036,2487
3036,2560
3036,2576
3036,2586
3036,2589
3036,2590
3036,2592
3036,2593
3036,2594
3036,2610
3036,2611
3036,2671
3036,3012
3036,3015
3036,3099
3036,3124
3036,3481
3036,3900
3036,3934
3036,5069
3036,5165
3036,5166
3036,5412
3036,6041
3037,836
3037,1247
3037,1539
3037,1614
3037,1662
3037,1899
3037,2154
3037,2167
3037,2204
3037,2207
3037,2273
3037,2285
3037,2465
3037,2466
3037,2470
3037,2482
3037,2490
3037,2574
3037,2592
3037,2613
3037,2616
3037,2630
3037,2670
3037,2737
3037,3020
3037,3028
3037,3038
3037,3057
3037,3127
3037,3242
3037,3257
3037,4123
3037,4125
3037,4401
3037,4514
3037,4694
3037,4737
3037,4864
3037,4898
3037,5730
3038,781
3038,2203
3038,2292
3038,2463
3038,2479
3038,2487
3038,2488
3038,2610
3038,2634
3038,4862
3038,6042
3039,2631
3039,4235
3040,2461
3040,2482
3040,2620
3040,2639
3040,2671
3040,3013
3040,3044
3040,3571
3040,4900
3040,5079
3041,332
3041,806
3041,924
3041,1422
3041,1953
3041,1975
3041,1990
3041,2167
3041,2310
3041,2323
3041,2606
3041,2608
3041,2631
3041,3031
3041,3214
3041,4321
3041,5579
3042,2461
3042,4864
3043,332
3043,1320
3043,1426
3043,1637
3043,1838
3043,1965
3043,2318
3043,2464
3043,2470
3043,2478
3043,2487
3043,2560
3043,2577
3043,2614
3043,2617
3043,2619
3043,2639
3043,2673
3043,2767
3043,2809
3043,2948
3043,3018
3043,3038
3043,3094
3043,3127
3043,3257
3043,3515
3043,3570
3043,4306
3043,4785
3043,4792
3043,4864
3043,4981
3043,5028
3044,3094
3044,4864
3044,4996
3045,1298
3045,1300
3045,1346
3045,1452
3045,1670
3045,1688
3045,1712
3045,1717
3045,2159
3045,2203
3045,2210
3045,2294
3045,2461
3045,2465
3045,2603
3045,2608
3045,3010
3045,3214
3045,3329
3045,3335
3045,3901
3045,3933
3045,3934
3045,4452
3045,4815
3045,5139
3046,2631
3046,3220
3046,4534
3047,2634
3047,2767
3047,4098
3047,4177
3047,4783
3048,1033
3048,1953
3048,2149
3048,2155
3048,2318
3048,2575
3048,2613
3048,2626
3048,2630
3048,2633
3048,2642
3048,2645
3048,2647
3048,2673
3048,2690
3048,2723
3048,2726
3048,2729
3048,2812
3048,2840
3048,3047
3048,3222
3048,3227
3048,3410
3048,3955
3048,4322
3048,4796
3048,5048
3048,5137
3049,1706
3049,2316
3049,2607
3049,2613
3049,3052
3049,3257
3049,3934
3049,5156
3050,332
3050,1479
3050,3047
3050,4308
3051,332
3051,1259
3051,1706
3051,1987
3051,1988
3051,2149
3051,2167
3051,2248
3051,2323
3051,2491
3051,2568
3051,2595
3051,2602
3051,2613
3051,2617
3051,2622
3051,2627
3051,2630
3051,2631
3051,2639
3051,2640
3051,2642
3051,2646
3051,2660
3051,2670
3051,3016
3051,3038
3051,3214
3051,3220
3051,3258
3051,3563
3051,3567
3051,3932
3051,3934
3051,3964
3051,4244
3051,4308
3051,4462
3051,5002
3051,5716
3052,3134
3053,2354
3053,2669
3053,3753
3054,1019
3054,1410
3054,1967
3054,2323
3054,2362
3054,2645
3054,2663
3054,2665
3054,2667
3054,2672
3054,2676
3054,2680
3054,2720
3054,2723
3054,2759
3054,2784
3054,2814
3054,2834
3054,2847
3054,2849
3054,2892
3054,2897
3054,2996
3054,3055
3054,3099
3054,3320
3054,3323
3054,3593
3054,3601
3054,3609
3054,3611
3054,3614
3054,3615
3054,3625
3054,3968
3054,4174
3054,4205
3054,4320
3054,4407
3054,4505
3054,4527
3054,4642
3054,4782
3054,4963
3054,5137
3054,5293
3054,5661
3054,5761
3054,6024
3054,6043
3054,6044
3055,2603
3055,2643
3055,2663
3055,3318
3055,3832
3055,4322
3055,5450
3055,5611
3056,5089
3056,5634
3056,6045
3057,1424
3057,1461
3057,1663
3057,2093
3057,2271
3057,2294
3057,2464
3057,2562
3057,2613
3057,2685
3057,2711
3057,2726
3057,3037
3057,3123
3057,3232
3057,3591
3057,4535
3057,4545
3057,5298
3058,2694
3058,2898
3058,3231
3058,3704
3058,4650
3058,4965
3058,5235
3058,5744
3058,6046
3059,1439
3059,2320
3059,2658
3059,2663
3059,2666
3059,2715
3059,2795
3059,2892
3059,3264
3059,3586
3059,3614
3059,3616
3059,3661
3059,4405
3059,5043
3059,5427
3059,5458
3059,5633
3060,285
3060,357
3060,412
3060,696
3061,380
3061,688
3061,750
3062,585
3062,6047
3063,379
3063,519
3063,568
3063,605
3063,629
3063,855
3063,924
3063,1069
3063,1163
3063,1213
3064,0
3064,63
3064,69
3064,121
3064,436
3064,552
3064,605
3064,754
3064,820
3064,955
3064,956
3064,1052
3064,1110
3064,1574
3064,1579
3064,1733
3064,2100
3064,3443
3064,4260
3065,341
3065,672
3065,776
3065,949
3065,989
3065,1023
3065,1158
3065,2513
3066,267
3066,442
3066,775
3066,869
3066,1138
3066,1156
3066,1213
3066,1920
3066,2134
3066,4454
3067,339
3067,2317
3067,2762
3067,2789
3067,2800
3067,3705
3067,4484
3067,5537
3067,5617
3067,5844
3067,5886
3067,6048
3068,343
3068,464
3068,546
3068,565
3068,682
3068,1754
3068,1781
3068,2306
3068,3817
3068,4628
3069,351
3069,537
3069,2057
3069,2114
3069,2520
3070,60
3070,157
3070,530
3070,671
3070,867
3070,1246
3071,523
3071,670
3071,672
3071,1146
3071,3424
3072,1280
3072,1852
3072,4620
3073,351
3074,351
3074,496
3074,860
3074,884
3074,973
3074,976
3074,1147
3074,1166
3074,1280
3074,1722
3074,2414
3074,3516
3074,3862
3074,4195
3075,351
3076,2131
3077,351
3077,369
3077,806
3077,1043
3077,1096
3077,1273
3077,1298
3077,1302
3077,1304
3077,1318
3077,1424
3077,1461
3077,1482
3077,1484
3077,1539
3077,1589
3077,1614
3077,1637
3077,1658
3077,1679
3077,1707
3077,1759
3077,1766
3077,1772
3077,1970
3077,1978
3077,2208
3077,2210
3077,2270
3077,2309
3077,2402
3077,2588
3077,2780
3077,2980
3077,3249
3077,3335
3077,3916
3077,4207
3077,4239
3077,4637
3077,4659
3077,4776
3077,4983
3077,5882
3078,2240
3078,2950
3079,1355
3080,686
3080,1895
3081,683
3081,762
3081,1252
3081,1258
3081,1420
3081,1625
3081,1901
3081,6049
3082,637
3082,1873
3082,2022
3083,1630
3084,1280
3085,1264
3085,1432
3085,1467
3086,836
3086,1425
3086,1447
3086,1462
3086,1614
3086,1854
3086,1951
3086,1959
3086,1961
3086,2040
3086,3276
3086,3346
3086,4046
3087,566
3087,833
3087,1198
3087,1422
3087,1637
3087,1875
3087,1896
3087,1946
3087,1953
3087,2326
3087,2346
3087,2675
3087,2679
3087,2708
3087,2849
3087,2895
3087,3220
3087,3224
3087,3233
3087,3633
3087,4132
3087,4141
3087,4228
3087,4921
3088,475
3088,597
3088,1982
3088,2570
3088,4169
3089,352
3089,1571
3089,1699
3089,1706
3089,2310
3089,2461
3089,2469
3089,2489
3089,2604
3089,2632
3089,3578
3089,3618
3089,3965
3090,2176
3090,2274
3090,2291
3090,2571
3091,1690
3091,2176
3091,2313
3091,2456
3091,2466
3091,3028
3091,3928
3091,4747
3092,1966
3092,2489
3093,1198
3093,1927
3093,2255
3093,2324
3093,2326
3093,2327
3093,2354
3093,2357
3093,2621
3093,2666
3093,2690
3093,2694
3093,2700
3093,2715
3093,2729
3093,2743
3093,2849
3093,2924
3093,3057
3093,3582
3093,3607
3093,3637
3093,3640
3093,3643
3093,3661
3093,3689
3093,3757
3093,3831
3093,4227
3093,4477
3093,5097
3093,5122
3093,5334
3093,5626
3093,5782
3093,5828
3093,6013
3094,1662
3094,2470
3094,2600
3094,2631
3094,2634
3094,2889
3094,3043
3094,3044
3094,3566
3094,6050
3095,2486
3095,2490
3095,2600
3095,2610
3095,3010
3095,3019
3095,3020
3095,3214
3095,3570
3095,4328
3095,4701
3095,4981
3095,5389
3095,5701
3096,906
3096,1079
3096,1104
3096,1264
3096,1291
3096,1397
3096,1462
3096,1670
3096,1712
3096,1759
3096,1767
3096,1937
3096,1954
3096,1965
3096,1968
3096,1984
3096,2089
3096,2175
3096,2177
3096,2210
3096,2265
3096,2284
3096,2291
3096,2313
3096,2314
3096,2316
3096,2358
3096,2450
3096,2461
3096,2464
3096,2481
3096,2494
3096,2578
3096,2585
3096,2586
3096,2596
3096,2597
3096,2600
3096,2604
3096,2622
3096,2630
3096,2631
3096,2632
3096,2633
3096,2638
3096,2647
3096,2657
3096,2660
3096,2668
3096,2688
3096,2725
3096,2731
3096,2743
3096,2771
3096,2782
3096,3012
3096,3032
3096,3040
3096,3043
3096,3254
3096,3567
3096,3570
3096,3574
3096,3629
3096,3705
3096,3948
3096,3966
3096,4206
3096,4306
3096,4411
3096,4427
3096,4569
3096,4785
3096,4787
3096,4813
3096,5001
3096,5436
3096,5699
3097,3134
3097,3224
3097,4235
3097,4710
3097,5210
3097,5423
3098,2491
3098,2658
3098,2679
3098,3130
3098,3575
3098,4524
3098,4791
3098,5419
3099,1198
3099,1730
3099,1987
3099,2362
3099,2568
3099,2642
3099,2647
3099,2648
3099,2656
3099,2659
3099,2670
3099,2723
3099,3036
3099,3124
3099,3245
3099,3575
3099,3834
3099,3967
3099,4311
3099,4825
3099,4892
3099,5139
3099,5457
3099,5732
3100,4858
3100,5682
3101,403
3101,760
3101,818
3101,1019
3101,1107
3101,1730
3101,1939
3101,1954
3101,2085
3101,2109
3101,2163
3101,2248
3101,2284
3101,2326
3101,2354
3101,2476
3101,2493
3101,2579
3101,2596
3101,2609
3101,2620
3101,2622
3101,2690
3101,2692
3101,2693
3101,2697
3101,2700
3101,2725
3101,2765
3101,2772
3101,2794
3101,2803
3101,2812
3101,2831
3101,2835
3101,2924
3101,3128
3101,3220
3101,3248
3101,3564
3101,3570
3101,3597
3101,3599
3101,3640
3101,3641
3101,3646
3101,3647
3101,3659
3101,3676
3101,3712
3101,3719
3101,3724
3101,3732
3101,3733
3101,3739
3101,3740
3101,3752
3101,3753
3101,3825
3101,3835
3101,3836
3101,3839
3101,3967
3101,4116
3101,4310
3101,4319
3101,4427
3101,4436
3101,4457
3101,4495
3101,4497
3101,4509
3101,4524
3101,4539
3101,4651
3101,4749
3101,4867
3101,4916
3101,4975
3101,4988
3101,5043
3101,5219
3101,5338
3101,5419
3101,5471
3101,5525
3101,5546
3101,5590
3101,5647
3101,5743
3101,5898
3101,5913
3101,5938
3101,6051
3101,6052
3101,6053
3102,3228
3102,4210
3103,357
3104,923
3104,4068
3105,358
3105,3396
3106,24
3106,365
3107,365
3107,420
3108,552
3109,367
3110,367
3111,449
3111,918
3111,1901
3112,563
3112,1935
3112,2031
3112,3972
3112,5314
3113,1431
3113,1618
3113,2003
3113,2049
3113,2136
3113,3203
3113,3328
3113,4933
3114,3116
3115,2364
3115,2831
3115,4328
3115,4509
3115,5728
3115,6054
3116,1596
3116,1687
3116,1845
3116,3114
3116,6055
3117,2268
3117,2989
3117,3547
3118,1682
3118,1695
3118,1843
3118,2261
3118,2985
3119,1458
3119,2999
3120,2174
3120,2989
3120,3126
3120,5023
3121,755
3121,1205
3121,1589
3121,1638
3121,1687
3121,2249
3121,2258
3121,2265
3121,2466
3121,2490
3121,2571
3121,2575
3121,3028
3121,3126
3121,3134
3121,3250
3121,4176
3121,5189
3122,2207
3122,3776
3122,5119
3123,1979
3123,1982
3123,2204
3123,2467
3123,2557
3123,2576
3123,4187
3123,5268
3124,1539
3124,1654
3124,1939
3124,1953
3124,2248
3124,2276
3124,2293
3124,2313
3124,2323
3124,2466
3124,2467
3124,2470
3124,2474
3124,2478
3124,2479
3124,2481
3124,2485
3124,2488
3124,2490
3124,2585
3124,2608
3124,2613
3124,2614
3124,2630
3124,2640
3124,2659
3124,2670
3124,2780
3124,2997
3124,2999
3124,3010
3124,3030
3124,3032
3124,3036
3124,3099
3124,3215
3124,3564
3124,3570
3124,3604
3124,3757
3124,3834
3124,3836
3124,3839
3124,4303
3124,4465
3124,4545
3124,4782
3124,4851
3124,5288
3124,5683
3125,2477
3126,721
3126,1248
3126,1293
3126,1300
3126,1317
3126,1398
3126,1464
3126,1553
3126,1697
3126,1698
3126,1699
3126,1700
3126,1706
3126,1717
3126,1838
3126,1843
3126,1991
3126,2171
3126,2261
3126,2268
3126,2461
3126,2479
3126,2487
3126,2488
3126,2490
3126,2566
3126,2595
3126,2600
3126,2610
3126,2616
3126,2927
3126,2989
3126,3019
3126,3020
3126,3120
3126,3121
3126,3122
3126,3255
3126,3549
3126,3935
3126,4091
3126,4166
3126,4176
3126,4626
3126,4670
3126,4802
3126,4899
3126,5421
3126,5664
3126,5716
3126,6056
3127,2167
3127,2658
3127,2694
3127,3019
3127,3020
3127,4500
3127,4701
3128,1954
3128,2491
3128,2627
3128,4792
3128,5423
3128,5748
3129,918
3129,2278
3129,3132
3130,2723
3130,3098
3131,918
3131,2046
3131,2320
3131,2494
3131,2606
3131,2892
3131,3099
3131,3226
3131,4311
3132,2495
3132,2643
3132,2663
3132,2674
3132,3129
3132,3223
3132,3671
3132,4310
3132,4462
3132,4463
3132,4642
3132,5739
3132,5796
3132,6002
3133,3134
3133,4306
3133,6057
3134,1285
3134,1305
3134,1308
3134,1613
3134,1838
3134,1970
3134,2176
3134,2204
3134,2258
3134,2279
3134,2284
3134,2287
3134,2452
3134,2464
3134,2467
3134,2472
3134,2494
3134,2560
3134,2585
3134,2627
3134,2630
3134,2631
3134,2650
3134,2658
3134,2998
3134,3009
3134,3052
3134,3097
3134,3121
3134,3127
3134,3133
3134,3148
3134,3223
3134,3564
3134,4603
3134,4789
3134,4952
3134,5365
3134,5396
3134,5761
3134,5766
3135,370
3135,1355
3135,2131
3135,3176
3136,370
3136,503
3136,639
3136,640
3136,729
3136,776
3136,979
3136,981
3136,1337
3136,1344
3136,1345
3136,1348
3136,1349
3136,1350
3136,1351
3136,1361
3136,1515
3136,1588
3136,1689
3136,1884
3136,2191
3136,2412
3136,3869
3136,4064
3136,4837
3136,5995
3136,6058
3137,647
3138,370
3139,3791
3140,370
3141,370
3141,860
3141,1410
3141,1613
3141,3162
3142,689
3142,2415
3142,2424
3143,370
3143,2129
3144,515
3144,532
3144,785
3144,1298
3144,1325
3144,1332
3144,1415
3144,1589
3144,2057
3144,2916
3144,3304
3144,3499
3144,6059
3145,2422
3145,3304
3146,370
3146,665
3146,774
3146,1415
3146,1420
3146,1612
3146,1871
3146,1901
3146,2150
3146,3847
3146,3988
3146,4719
3147,990
3147,1026
3147,1538
3147,1932
3147,2006
3147,2426
3147,4365
3148,866
3148,1007
3148,1284
3148,1291
3148,1296
3148,1300
3148,1304
3148,1312
3148,2254
3148,2258
3148,3134
3148,3226
3148,3518
3148,3544
3148,3546
3148,4372
3148,4728
3148,4813
3148,5032
3149,119
3150,758
3151,372
3152,2016
3152,2914
3153,378
3153,494
3153,498
3154,378
3154,909
3154,6060
3155,119
3156,493
3157,504
3157,702
3157,1147
3157,2308
3158,977
3158,983
3158,1145
3159,2131
3159,3872
3159,4874
3160,2000
3161,702
3161,995
3161,2488
3161,5685
3161,6061
3161,6062
3162,381
3162,496
3162,1410
3162,2008
3162,3141
3163,381
3163,487
3163,765
3163,1070
3163,1098
3163,1255
3163,1608
3163,1874
3163,2008
3163,2057
3163,2134
3163,5362
3164,381
3164,660
3164,1445
3164,1738
3164,2133
3165,539
3165,1252
3165,3463
3166,381
3166,637
3166,785
3166,1040
3166,1258
3166,1271
3166,1569
3166,1588
3166,1632
3166,1664
3166,1932
3166,2022
3166,2036
3166,2051
3166,2872
3166,2911
3166,3408
3166,3410
3166,3501
3166,4392
3166,5247
3167,1311
3167,1313
3167,1481
3167,2133
3167,4239
3167,4783
3168,381
3168,1257
3168,1631
3168,1632
3168,1668
3168,1738
3168,2243
3169,1157
3169,6063
3170,3336
3171,936
3171,1859
3172,1023
3172,1029
3173,867
3173,2393
3174,457
3175,685
3175,1093
3175,1325
3175,1329
3175,4273
3176,385
3176,644
3176,992
3176,1344
3176,1358
3176,1612
3176,1776
3176,1782
3176,2410
3176,2413
3176,3135
3176,3790
3176,3798
3176,3872
3176,6064
3177,1332
3177,1775
3178,163
3178,664
3178,1401
3178,1611
3178,2126
3178,3791
3178,4886
3179,369
3179,385
3179,592
3179,684
3179,806
3179,1157
3179,1283
3179,1403
3179,1419
3179,1602
3179,1689
3179,2519
3179,3302
3180,1410
3180,6065
3181,1332
3181,1935
3181,2922
3181,4271
3182,956
3183,48
3183,523
3183,834
3183,1223
3183,1224
3183,1812
3184,669
3184,1048
3184,1203
3184,3467
3185,456
3185,526
3185,3186
3186,456
3186,457
3186,464
3186,670
3186,1011
3186,1389
3186,3185
3186,3305
3187,539
3187,989
3187,1028
3187,1090
3187,1754
3187,2114
3187,3488
3188,20
3188,388
3188,456
3188,528
3188,532
3188,546
3188,775
3188,780
3188,875
3188,964
3188,1137
3188,1161
3188,1202
3188,1349
3188,1597
3188,1615
3188,1778
3188,1864
3188,1901
3188,1920
3188,1925
3188,2397
3188,2416
3188,3539
3188,4590
3189,42
3189,162
3189,371
3189,464
3189,517
3189,524
3189,1167
3189,1809
3190,1138
3190,1213
3191,504
3191,791
3191,963
3191,1920
3191,2406
3192,348
3192,399
3192,433
3192,515
3192,792
3192,1156
3192,1208
3192,1277
3192,1283
3192,1350
3192,2295
3193,388
3193,795
3193,796
3193,1154
3193,1344
3193,1811
3194,1325
3195,681
3195,798
3195,800
3195,873
3195,875
3195,976
3195,1148
3195,1157
3195,1396
3195,1399
3195,2400
3195,6058
3196,973
3197,683
3197,702
3197,852
3197,875
3197,1226
3197,1425
3197,1605
3197,2301
3198,390
3199,688
3199,743
3200,3285
3200,3287
3201,394
3202,1740
3203,2017
3203,2020
3203,4010
3203,6066
3204,398
3204,631
3204,6067
3204,6068
3205,398
3206,399
3206,792
3206,1276
3206,1280
3207,679
3207,1798
3208,488
3209,29
3209,826
3210,679
3211,475
3211,492
3211,1275
3211,1357
3211,1900
3211,1901
3211,2008
3211,2019
3211,2426
3211,2524
3211,3903
3212,1645
3212,2203
3212,2243
3212,2466
3212,2471
3212,2888
3212,4289
3212,4636
3213,1449
3213,2163
3213,4090
3214,437
3214,625
3214,638
3214,711
3214,969
3214,973
3214,974
3214,991
3214,1198
3214,1339
3214,1356
3214,1420
3214,1426
3214,1771
3214,1775
3214,1796
3214,1991
3214,2163
3214,2167
3214,2490
3214,2519
3214,2576
3214,2585
3214,2614
3214,3010
3214,3020
3214,3041
3214,3045
3214,3051
3214,3095
3214,3257
3214,3571
3214,3934
3214,3935
3214,4308
3214,4311
3214,4382
3214,4396
3214,5684
3214,5701
3215,2560
3215,2616
3215,3019
3215,3020
3215,4746
3215,4864
3216,3223
3216,4577
3216,5634
3217,332
3217,1935
3217,1939
3217,1980
3217,2091
3217,2344
3217,2357
3217,2701
3217,2718
3217,2732
3217,2774
3217,2792
3217,2808
3217,2814
3217,3220
3217,3229
3217,3268
3217,3588
3217,3627
3217,3629
3217,4133
3217,4225
3217,4471
3217,4914
3217,5092
3217,5256
3217,5454
3217,5560
3217,5592
3217,5603
3217,5809
3217,5955
3217,6069
3217,6070
3218,3579
3218,5408
3219,464
3219,1880
3219,2113
3220,1079
3220,2172
3220,2486
3220,2492
3220,2576
3220,2577
3220,2592
3220,2612
3220,2618
3220,2639
3220,2647
3220,2648
3220,2650
3220,2656
3220,3047
3220,3051
3220,3101
3220,3223
3220,3258
3220,3604
3220,3777
3220,3951
3220,4311
3220,4535
3220,5113
3220,5187
3220,5286
3220,5420
3221,1952
3221,2316
3221,3574
3221,3577
3221,3965
3221,3968
3221,4359
3221,5456
3222,1079
3222,1706
3222,1989
3222,2094
3222,2271
3222,2317
3222,2318
3222,2568
3222,2611
3222,2651
3222,2654
3222,2688
3222,2701
3222,2727
3222,2893
3222,2994
3222,3027
3222,3049
3222,3052
3222,3098
3222,3121
3222,3570
3222,3572
3222,3580
3222,3613
3222,3644
3222,4306
3222,4319
3222,4640
3222,4796
3222,5002
3222,5210
3222,5419
3222,6071
3223,555
3223,1317
3223,2247
3223,2606
3223,2620
3223,2634
3223,2639
3223,2651
3223,2654
3223,2658
3223,2679
3223,2814
3223,2816
3223,3127
3223,3132
3223,3134
3223,3216
3223,3220
3223,3568
3223,3585
3223,3627
3223,4193
3223,5113
3223,5274
3223,5291
3223,5366
3223,5768
3223,6072
3224,1198
3224,2669
3224,2680
3224,2693
3224,2730
3224,2743
3224,3087
3224,3097
3224,3239
3224,3602
3224,3607
3224,3608
3224,3839
3224,4320
3224,4404
3224,4426
3224,4460
3224,4527
3224,4545
3225,1318
3225,2633
3225,2648
3225,2674
3225,2679
3225,2924
3225,2976
3225,3220
3225,3570
3225,3634
3225,4288
3225,4322
3225,4409
3225,4574
3225,5777
3226,370
3226,1271
3226,1632
3226,1664
3226,1669
3226,1675
3226,2616
3226,2757
3226,3127
3226,3148
3226,3318
3226,4288
3226,4322
3226,4361
3226,4403
3226,4746
3226,6056
3227,2321
3227,2611
3227,2694
3227,3232
3227,5138
3227,5173
3227,5740
3228,3102
3229,2021
3229,2082
3229,2354
3229,2690
3229,2706
3229,2731
3229,2769
3229,2784
3229,2810
3229,2812
3229,2824
3229,2825
3229,2827
3229,2835
3229,2898
3229,3270
3229,3581
3229,3624
3229,3672
3229,3676
3229,3701
3229,3730
3229,3732
3229,3733
3229,3738
3229,4449
3229,4538
3229,5178
3229,5305
3229,5508
3229,5523
3229,5865
3229,5966
3229,6073
3230,3655
3230,3678
3230,3836
3230,3938
3230,4113
3230,4130
3231,2325
3231,2378
3231,3058
3231,5235
3231,5946
3231,6074
3231,6075
3232,1667
3232,2680
3232,2693
3232,2898
3232,3397
3232,3615
3232,3616
3232,4405
3232,4965
3232,5143
3232,5727
3232,5781
3232,6076
3233,2667
3233,2693
3233,3232
3233,3604
3233,5195
3233,5450
3233,5874
3233,6077
3234,2746
3234,5875
3235,2817
3235,6078
3236,406
3236,1436
3236,3025
3236,4743
3237,0
3237,1044
3238,1462
3238,4046
3239,637
3239,1281
3239,1304
3239,1692
3239,1713
3239,2171
3239,2268
3239,2286
3239,2585
3239,4923
3239,4942
3239,5065
3239,5122
3240,1698
3240,3546
3240,3857
3240,5085
3241,1259
3241,1302
3241,1312
3241,2172
3241,2268
3241,2270
3241,2309
3241,2415
3241,2427
3241,2553
3241,2649
3241,2980
3241,4765
3242,1313
3242,1644
3242,1979
3242,2159
3242,2162
3242,2171
3242,2456
3242,2488
3242,3591
3242,4169
3242,4772
3242,5023
3243,1263
3243,1380
3243,1417
3243,1444
3243,1456
3243,1629
3243,1660
3243,1738
3243,1901
3243,1935
3243,2008
3243,2049
3243,2136
3243,2451
3243,2460
3243,2584
3243,2880
3243,3503
3243,3885
3243,4068
3243,4514
3243,4730
3243,5162
3244,966
3244,1078
3244,1291
3244,1336
3244,1370
3244,1395
3244,1397
3244,1463
3244,1478
3244,1480
3244,1589
3244,1653
3244,1951
3244,2009
3244,2257
3244,2313
3244,2519
3244,2557
3244,2585
3244,2984
3244,3539
3244,3776
3244,3801
3244,3921
3244,3945
3244,3961
3244,4000
3244,4023
3244,4030
3244,4088
3244,4091
3244,4105
3244,4167
3244,4175
3244,4240
3244,4241
3244,4367
3244,4689
3244,4772
3244,4811
3244,5023
3244,5197
3244,5690
3244,6079
3244,6080
3244,6081
3245,3099
3246,1717
3247,860
3247,1370
3247,1939
3247,1966
3247,2203
3247,2274
3247,2275
3247,2285
3247,2567
3247,2591
3247,2993
3247,2996
3247,3002
3247,3564
3247,4242
3247,5163
3247,5387
3247,6082
3248,2160
3248,2591
3248,3247
3248,3397
3249,1291
3249,1300
3249,1626
3249,1696
3249,3557
3249,4818
3250,1380
3250,1696
3250,2463
3250,3244
3250,3931
3250,3934
3250,3963
3250,4243
3250,5119
3251,3397
3252,2208
3252,2487
3252,2560
3252,4883
3253,1019
3253,1142
3253,2010
3253,2021
3253,2089
3253,2319
3253,2464
3253,2644
3253,2656
3253,2672
3253,2677
3253,2680
3253,2689
3253,2700
3253,2705
3253,2726
3253,2737
3253,2743
3253,2794
3253,2924
3253,3027
3253,3057
3253,3101
3253,3124
3253,3567
3253,3602
3253,3614
3253,3625
3253,4205
3253,4315
3253,4322
3253,4459
3253,4536
3253,4644
3254,2210
3254,2260
3254,2376
3254,2457
3254,2489
3254,2591
3254,2594
3254,5028
3255,882
3255,1966
3255,1979
3255,2484
3255,2560
3255,2576
3255,2604
3255,2630
3255,2996
3255,3126
3255,3968
3255,6083
3256,2208
3257,1317
3257,1975
3257,1991
3257,2279
3257,2284
3257,2490
3257,2560
3257,2970
3257,3037
3257,3043
3257,3049
3257,3127
3257,3214
3257,4160
3257,4737
3258,1610
3258,1662
3258,2167
3258,2279
3258,2399
3258,2456
3258,2480
3258,2483
3258,2492
3258,2560
3258,2613
3258,2615
3258,2616
3258,2617
3258,2659
3258,2673
3258,2676
3258,2812
3258,3010
3258,3020
3258,3051
3258,3220
3258,4213
3258,4569
3258,5725
3259,2172
3259,3047
3260,2706
3260,5628
3261,5152
3261,5780
3261,5781
3262,2706
3262,3839
3262,4416
3263,2697
3263,4410
3263,4531
3263,5235
3263,5296
3263,5666
3263,5668
3263,5823
3264,4417
3264,5043
3265,2368
3265,2748
3265,5722
3265,5861
3266,2731
3267,2082
3267,2666
3267,3266
3267,3558
3267,4133
3267,5280
3267,5861
3267,5870
3268,2366
3268,2740
3268,2746
3268,2754
3268,3588
3268,3652
3268,3721
3268,4172
3268,4438
3268,4746
3268,5337
3268,5557
3269,2751
3269,4113
3269,4611
3269,5459
3269,6085
3270,1667
3270,2732
3270,2765
3270,3229
3270,3673
3270,4443
3270,4500
3270,4611
3270,5837
3271,2085
3271,2353
3271,2368
3271,2791
3271,2811
3271,2833
3271,2835
3271,2838
3271,3677
3271,3700
3271,3724
3271,3742
3271,3744
3271,3746
3271,3747
3271,3752
3271,4449
3271,5026
3271,5219
3271,5480
3271,5511
3271,5525
3271,5599
3271,5647
3271,5901
3271,5907
3271,5969
3271,6086
3272,2820
3272,3673
3272,4328
3272,5118
3272,5838
3273,2082
3273,4499
3273,5556
3273,5633
3274,646
3274,946
3274,1026
3274,1202
3274,3275
3274,3500
3274,4565
3275,415
3275,492
3275,1208
3275,1336
3275,1429
3275,1608
3275,1632
3275,1672
3275,1777
3275,2109
3275,2124
3275,2410
3275,2416
3275,3274
3275,3990
3275,4254
3276,1174
3276,1247
3276,2153
3276,3086
3276,3277
3276,4351
3277,1263
3277,1624
3277,1630
3277,1632
3277,2050
3277,3276
3278,996
3279,417
3279,1245
3280,420
3280,588
3280,757
3281,420
3282,420
3283,534
3284,552
3284,783
3284,986
3285,3200
3286,211
3287,3060
3287,3200
3288,426
3288,586
3289,426
3290,426
3290,435
3290,2860
3291,426
3291,957
3292,428
3292,460
3292,530
3292,625
3292,704
3292,984
3292,1028
3292,1532
3292,3480
3293,115
3293,784
3294,431
3294,1157
3294,3982
3295,1453
3295,2301
3295,2395
3296,408
3296,432
3296,509
3296,597
3296,604
3296,855
3296,857
3296,1013
3296,1453
3296,1491
3296,3777
3296,3782
3296,3811
3297,432
3297,957
3297,1224
3298,1734
3299,408
3300,475
3300,974
3300,1010
3300,1291
3300,1309
3300,1340
3300,1346
3300,1442
3300,1446
3300,1682
3300,1708
3300,1970
3300,1972
3300,1992
3300,2481
3301,913
3301,935
3301,973
3301,1018
3301,1609
3301,1612
3301,1924
3301,4420
3301,6063
3302,40
3302,255
3302,385
3302,492
3302,503
3302,592
3302,683
3302,699
3302,806
3302,863
3302,1029
3302,1164
3302,1331
3302,1361
3302,1398
3302,1606
3302,1884
3302,2167
3302,2519
3302,2544
3302,3179
3302,3493
3302,5686
3303,636
3303,639
3303,979
3303,994
3303,995
3303,1271
3303,1332
3303,1348
3303,1361
3303,1410
3303,1412
3303,1909
3303,2954
3303,3192
3304,532
3304,665
3304,839
3304,994
3304,1340
3304,1590
3304,1883
3304,1928
3304,2043
3304,3144
3304,3145
3304,3499
3304,6087
3305,0
3305,776
3305,873
3305,1275
3305,1894
3305,2413
3305,3186
3306,4634
3307,435
3308,435
3309,121
3309,153
3309,399
3309,509
3309,512
3309,524
3309,588
3309,660
3309,1009
3309,1223
3309,1266
3309,1388
3310,437
3310,863
3310,3812
3310,4192
3311,1006
3311,1520
3312,1364
3312,3842
3313,1251
3313,1264
3313,1303
3313,1425
3313,1434
3313,1450
3313,1630
3313,1844
3313,1937
3313,6088
3314,539
3314,1257
3314,1261
3314,1262
3314,1267
3314,1425
3314,1432
3314,1440
3314,1469
3314,1633
3314,2136
3314,3496
3314,4019
3315,437
3315,2540
3316,437
3316,836
3316,1007
3316,1026
3316,1217
3316,1300
3316,1442
3316,1458
3316,1464
3316,1472
3316,1644
3316,1669
3316,1901
3316,1937
3316,1947
3316,2009
3316,2164
3316,2323
3316,2422
3316,2604
3316,2632
3316,2915
3316,2968
3316,3538
3316,3577
3316,3973
3316,4041
3316,4841
3317,437
3317,449
3317,1462
3317,1573
3318,2171
3318,2318
3318,2486
3318,2607
3318,2647
3318,2654
3318,2673
3318,2761
3318,3055
3318,3098
3318,3100
3318,3128
3318,3226
3318,3678
3318,3967
3318,4322
3318,4508
3318,5766
3319,154
3319,171
3319,967
3319,1030
3319,1174
3319,1252
3319,2243
3319,2248
3319,2286
3319,2317
3319,2318
3319,2320
3319,2473
3319,2474
3319,2611
3319,2648
3319,2654
3319,2655
3319,2673
3319,3465
3319,3578
3319,3952
3319,3961
3319,4214
3319,4311
3319,4525
3319,4615
3319,4732
3319,4778
3319,4917
3319,5458
3319,5707
3319,5753
3320,2642
3320,2669
3320,2729
3320,2895
3320,3322
3320,3593
3320,3594
3321,437
3321,1319
3321,1573
3321,1638
3321,2596
3321,2630
3321,2894
3321,4293
3322,1677
3322,2663
3322,2667
3322,2755
3322,2894
3322,2896
3322,3320
3322,3601
3322,3832
3322,3835
3322,4460
3322,4903
3322,5675
3323,2399
3323,2559
3323,2658
3323,2895
3323,3623
3323,4315
3323,5293
3323,5786
3323,6089
3324,2796
3324,5740
3325,535
3326,3327
3327,3927
3328,154
3328,438
3328,791
3328,831
3328,836
3328,932
3328,1137
3328,1144
3328,1258
3328,1403
3328,1435
3328,1439
3328,1445
3328,1450
3328,1453
3328,1534
3328,1596
3328,1614
3328,1615
3328,1625
3328,1631
3328,1632
3328,1645
3328,1668
3328,1852
3328,1946
3328,1948
3328,1956
3328,1959
3328,2007
3328,2037
3328,2046
3328,2241
3328,2415
3328,2668
3328,2878
3328,3113
3328,3330
3328,3344
3328,3346
3328,3347
3328,3517
3328,3536
3328,3808
3328,4018
3328,4037
3328,4172
3328,4234
3328,4355
3328,4452
3328,6090
3329,438
3329,1262
3329,1425
3329,1482
3329,1589
3329,1631
3329,1943
3329,2051
3329,2242
3329,2244
3329,3045
3329,3549
3329,4024
3329,4270
3329,4598
3329,5133
3330,438
3330,1026
3330,1251
3330,1254
3330,1260
3330,1286
3330,1300
3330,1336
3330,1367
3330,1426
3330,1431
3330,1436
3330,1440
3330,1450
3330,1453
3330,1601
3330,1629
3330,1632
3330,1633
3330,1827
3330,1902
3330,1939
3330,1945
3330,1946
3330,1948
3330,1959
3330,2049
3330,2295
3330,2422
3330,2922
3330,2926
3330,3024
3330,3328
3330,3345
3330,3537
3330,3804
3330,3870
3330,3874
3330,4106
3330,4259
3330,4358
3330,4729
3330,4936
3331,438
3331,1144
3331,1247
3331,1440
3331,1443
3331,1596
3331,1609
3331,1635
3331,1645
3331,1827
3331,1943
3331,1955
3331,2001
3331,2049
3331,2175
3331,2422
3331,2964
3331,3905
3331,4032
3331,4040
3331,4632
3331,4864
3331,6091
3332,438
3332,1244
3332,1463
3332,2244
3332,3517
3332,3932
3332,4042
3333,438
3333,1283
3333,1440
3333,1461
3333,1482
3333,1640
3333,2422
3333,2794
3333,3592
3333,4138
3333,4618
3334,438
3334,532
3334,1262
3334,1298
3334,1478
3334,1638
3334,1683
3334,1705
3334,1951
3334,3041
3334,3923
3334,4291
3334,4959
3334,5022
3335,2142
3335,2155
3335,2546
3335,4985
3335,5260
3336,870
3336,1437
3336,1892
3336,1903
3336,6092
3336,6093
3337,442
3337,800
3337,973
3337,1150
3338,442
3338,3066
3339,180
3340,259
3340,443
3341,449
3341,1221
3342,597
3342,979
3342,1315
3342,2176
3342,2203
3342,2249
3342,2276
3342,2287
3342,2413
3342,2464
3342,2469
3342,2491
3342,2494
3342,3032
3342,3255
3342,3564
3342,4772
3342,4818
3342,4848
3342,4850
3342,5276
3343,500
3344,143
3344,781
3344,1078
3344,1144
3344,1252
3344,1259
3344,1267
3344,1282
3344,1283
3344,1288
3344,1291
3344,1298
3344,1312
3344,1313
3344,1315
3344,1409
3344,1443
3344,1460
3344,1471
3344,1477
3344,1478
3344,1596
3344,1618
3344,1650
3344,1654
3344,1655
3344,1665
3344,1672
3344,1676
3344,1678
3344,1702
3344,1843
3344,1845
3344,1925
3344,1937
3344,1954
3344,1957
3344,1968
3344,1973
3344,1977
3344,2161
3344,2165
3344,2261
3344,2268
3344,2470
3344,2536
3344,2549
3344,2556
3344,2557
3344,2565
3344,2923
3344,2989
3344,2996
3344,3118
3344,3120
3344,3242
3344,3331
3344,3800
3344,3931
3344,3943
3344,4091
3344,4950
3344,5156
3345,3330
3345,3517
3346,774
3346,1098
3346,1155
3346,1254
3346,1341
3346,1432
3346,1433
3346,1440
3346,1443
3346,1445
3346,1448
3346,1456
3346,1462
3346,1596
3346,1615
3346,1640
3346,1641
3346,1757
3346,1854
3346,1899
3346,1940
3346,2044
3346,2046
3346,2049
3346,2244
3346,2536
3346,3086
3346,3328
3346,4833
3347,1263
3347,1450
3347,1466
3347,1589
3347,1684
3347,1935
3347,1936
3347,1948
3347,2049
3347,2240
3347,3328
3347,4043
3348,448
3348,786
3349,987
3350,1391
3351,464
3351,528
3351,1027
3351,1030
3351,1596
3352,448
3352,971
3352,1018
3352,1028
3352,1030
3352,1213
3353,449
3354,449
3355,408
3355,638
3356,462
3357,451
3357,959
3357,2054
3357,6094
3358,451
3359,160
3359,452
3359,1157
3359,2401
3360,452
3360,509
3360,870
3360,1078
3360,1247
3360,1432
3360,1437
3360,2039
3360,4016
3361,452
3361,670
3361,1322
3362,378
3362,920
3363,1350
3363,1775
3364,500
3364,2054
3365,453
3365,506
3365,565
3365,831
3365,1580
3365,2074
3365,2296
3366,512
3366,1718
3367,1631
3368,456
3369,456
3369,1807
3369,3391
3370,457
3371,459
3371,713
3371,949
3372,351
3373,403
3374,915
3375,69
3375,139
3375,512
3375,857
3375,1223
3376,856
3376,1044
3376,2060
3376,2916
3376,3436
3377,463
3377,521
3378,167
3378,463
3378,530
3378,870
3378,1013
3378,2216
3379,861
3379,1028
3380,449
3381,0
3381,948
3381,3444
3382,1389
3383,528
3384,2118
3385,528
3386,2842
3387,457
3387,504
3387,684
3387,2118
3388,146
3388,464
3388,498
3388,513
3388,546
3388,2514
3388,3301
3389,12
3389,13
3389,69
3389,140
3389,198
3389,290
3389,464
3389,487
3389,544
3389,583
3389,1090
3389,1524
3389,1897
3389,1904
3389,3173
3390,464
3390,711
3390,782
3390,1023
3390,1243
3390,3881
3391,464
3391,3369
3392,160
3392,464
3392,528
3392,1013
3392,1389
3392,3292
3393,464
3394,24
3394,782
3394,2131
3395,1293
3396,1078
3396,1169
3396,1251
3396,1265
3396,1286
3396,1287
3396,1295
3396,1466
3396,1471
3396,1640
3396,1643
3396,1647
3396,1846
3396,1952
3396,1956
3396,1970
3396,1986
3396,2155
3396,2385
3396,2463
3396,2881
3396,2965
3396,2975
3396,3105
3396,3791
3396,4055
3396,4175
3396,4285
3396,4293
3396,4368
3396,4372
3396,4446
3396,4603
3396,4745
3396,4799
3396,5051
3396,5070
3396,5260
3396,6095
3396,6096
3397,1452
3397,1717
3397,1979
3397,2162
3397,2176
3397,2203
3397,2205
3397,2210
3397,2281
3397,2465
3397,2469
3397,2470
3397,2475
3397,2478
3397,2591
3397,2593
3397,2883
3397,3232
3397,3248
3397,3251
3397,3518
3397,3777
3397,3899
3397,3931
3397,4123
3397,4414
3397,4815
3397,4954
3397,4978
3397,5187
3397,5391
3397,5504
3397,5654
3397,5660
3397,5882
3397,6097
3397,6098
3398,322
3399,610
3399,1329
3399,1603
3400,475
3400,1914
3400,2415
3400,3518
3400,4820
3401,475
3401,2989
3402,111
3402,482
3402,1115
3403,171
3403,801
3403,1163
3404,486
3405,1272
3406,492
3407,492
3407,1776
3408,492
3409,685
3410,492
3410,503
3410,776
3410,906
3410,918
3410,1033
3410,1632
3410,1667
3410,1689
3410,1870
3410,2175
3410,2259
3410,2316
3410,2327
3410,2328
3410,2350
3410,2357
3410,2456
3410,2548
3410,2609
3410,2619
3410,2627
3410,2631
3410,2636
3410,2641
3410,2642
3410,2644
3410,2645
3410,2649
3410,2656
3410,2657
3410,2676
3410,2689
3410,2690
3410,2705
3410,2725
3410,2735
3410,2737
3410,2739
3410,2740
3410,2759
3410,2764
3410,2782
3410,2795
3410,2800
3410,2811
3410,2840
3410,3031
3410,3040
3410,3043
3410,3093
3410,3098
3410,3258
3410,3316
3410,3323
3410,3525
3410,3582
3410,3625
3410,3629
3410,3680
3410,3692
3410,3757
3410,3799
3410,3829
3410,3830
3410,3914
3410,3932
3410,3965
3410,3968
3410,4114
3410,4203
3410,4204
3410,4463
3410,4480
3410,4508
3410,4528
3410,4972
3410,5048
3410,5087
3410,5117
3410,5118
3410,5137
3410,5265
3410,5433
3410,5451
3410,5458
3410,5524
3410,5736
3410,5755
3410,5876
3410,6099
3411,492
3412,492
3412,1213
3412,1252
3412,1612
3412,1839
3412,2535
3412,2960
3412,2972
3412,4175
3412,6100
3413,492
3413,1615
3413,1723
3413,1776
3413,1935
3413,3463
3414,1844
3415,773
3416,771
3417,844
3418,493
3418,495
3419,496
3419,1280
3419,1433
3419,2851
3420,496
3421,496
3421,1350
3421,1515
3421,2192
3421,2194
3422,497
3422,1733
3423,255
3423,497
3423,588
3423,688
3423,760
3423,957
3423,1009
3423,1799
3423,3778
3424,497
3425,497
3426,497
3427,498
3427,1017
3427,1030
3427,2065
3428,498
3429,498
3430,500
3431,500
3432,500
3432,589
3432,4518
3433,957
3434,504
3435,507
3435,523
3435,1218
3435,1221
3436,504
3436,3376
3437,464
3437,504
3437,775
3437,2513
3437,3795
3438,504
3439,504
3439,963
3439,967
3439,1030
3439,1326
3440,646
3440,1536
3440,1920
3440,2038
3440,3441
3440,4281
3440,4395
3440,4956
3440,4957
3441,1920
3441,2336
3441,3440
3442,508
3442,579
3442,3817
3443,1775
3444,3381
3445,456
3445,1323
3446,1329
3447,594
3447,2121
3447,2301
3447,3788
3448,511
3448,672
3448,973
3448,1403
3448,1761
3448,1776
3448,2004
3448,2849
3449,511
3450,636
3451,512
3451,524
3451,1023
3451,1028
3451,1140
3451,3513
3452,513
3453,683
3453,913
3453,1340
3453,1471
3453,1776
3453,6102
3454,684
3454,979
3454,1173
3454,1462
3454,1952
3454,4636
3455,4374
3456,1028
3456,1835
3456,2302
3456,6103
3456,6104
3457,517
3457,1164
3458,518
3458,1029
3459,431
3459,869
3459,963
3459,1147
3459,1152
3459,1154
3459,1156
3459,1277
3459,1350
3459,1909
3459,1920
3459,2041
3459,2118
3459,2121
3460,644
3460,664
3460,1358
3460,1781
3460,1783
3460,4833
3461,522
3461,1332
3461,1401
3461,1928
3461,2418
3461,3863
3462,1901
3463,683
3463,774
3463,839
3463,1275
3463,1336
3463,1436
3463,1589
3463,1612
3463,1895
3463,2150
3463,2421
3463,2503
3463,3165
3464,780
3465,518
3465,522
3465,1146
3465,1154
3465,1276
3465,1756
3465,2119
3465,2121
3465,3319
3466,523
3467,599
3467,604
3467,1735
3467,3890
3468,69
3469,524
3469,672
3469,1029
3469,1168
3469,3369
3469,4190
3469,5186
3470,527
3470,1837
3471,2955
3472,6105
3473,67
3473,528
3473,1220
3474,1013
3474,1168
3475,530
3476,48
3476,449
3476,530
3476,989
3476,1392
3476,1853
3476,2114
3476,3198
3477,530
3477,1739
3478,530
3479,530
3480,530
3480,671
3480,3292
3481,1518
3481,2172
3481,2210
3481,2477
3481,2585
3481,2927
3481,2948
3481,3008
3481,3036
3482,532
3483,532
3483,1415
3484,532
3484,712
3485,4248
3486,48
3486,4140
3487,688
3488,1044
3489,2095
3490,536
3490,1221
3491,537
3491,539
3492,537
3492,791
3492,972
3492,1327
3492,1365
3492,1763
3493,539
3493,971
3493,1138
3493,4679
3494,539
3494,1275
3495,539
3495,1257
3495,1267
3495,1425
3495,1438
3495,1440
3495,1632
3495,2047
3495,2049
3495,2516
3495,3536
3495,4879
3496,539
3496,1629
3497,12
3497,111
3497,541
3498,542
3498,1782
3498,1829
3499,665
3499,1155
3499,1273
3499,1361
3499,3144
3499,3304
3499,3796
3499,3876
3500,3274
3501,381
3501,542
3501,686
3501,1901
3502,785
3502,993
3502,1251
3502,1419
3502,1900
3502,2015
3502,2925
3502,4254
3502,4679
3503,2433
3503,3507
3503,3511
3504,542
3504,2433
3504,3507
3504,3508
3504,3510
3505,542
3505,2433
3506,3508
3507,542
3507,2223
3507,2433
3507,3503
3507,3504
3507,3506
3507,3508
3507,3509
3507,3510
3507,3511
3507,4086
3507,6106
3507,6107
3508,542
3508,923
3508,1632
3508,2223
3508,3504
3508,3506
3508,3507
3508,3511
3509,542
3509,3504
3509,3507
3509,3511
3509,6107
3510,542
3510,2223
3510,2433
3510,3504
3510,3507
3510,6107
3511,542
3511,1265
3511,1616
3511,2223
3511,2433
3511,3503
3511,3504
3511,3507
3511,3508
3511,3509
3511,6107
3512,1811
3513,546
3513,775
3513,1150
3513,2851
3513,3451
3514,644
3514,990
3514,3818
3514,3842
3514,4161
3515,546
3516,3074
3516,6108
3517,550
3517,1247
3517,1254
3517,3328
3517,3345
3517,3824
3517,3905
3517,3938
3517,4043
3517,4629
3517,4940
3518,1052
3518,1174
3518,1300
3518,1316
3518,1657
3518,1690
3518,1698
3518,2162
3518,2174
3518,2927
3518,2983
3518,3148
3518,3397
3518,3400
3518,3544
3518,4052
3518,4690
3518,4702
3518,4728
3518,5179
3519,1312
3519,1571
3519,2993
3519,4866
3519,4953
3519,5162
3519,5348
3520,892
3521,889
3521,2390
3522,552
3523,552
3523,1730
3524,552
3524,831
3524,1283
3524,5664
3525,555
3525,2694
3525,3127
3525,3656
3525,3830
3525,4650
3525,4651
3525,5117
3525,5297
3525,5805
3526,555
3526,2694
3527,556
3528,688
3529,54
3530,494
3531,701
3531,2381
3532,563
3532,4011
3533,565
3533,789
3534,1052
3535,1425
3535,3822
3536,1425
3536,1441
3536,1446
3536,1458
3536,1478
3536,1959
3536,2222
3536,2540
3536,3328
3536,3495
3536,3921
3536,4028
3536,4243
3536,4889
3537,867
3537,1155
3537,1251
3537,1283
3537,1425
3537,1438
3537,1443
3537,1453
3537,1454
3537,1456
3537,1458
3537,1462
3537,1464
3537,1478
3537,1481
3537,1538
3537,1601
3537,1640
3537,1644
3537,1948
3537,1951
3537,1963
3537,2153
3537,2966
3537,3330
3537,3331
3537,4040
3537,4742
3538,1425
3538,1869
3539,1425
3539,1777
3539,1898
3539,2153
3539,3244
3539,6079
3540,1425
3540,2596
3540,2600
3540,2676
3540,3016
3540,3123
3541,1310
3541,1314
3541,1474
3541,1481
3541,2415
3542,1198
3542,1219
3542,2210
3542,2476
3542,2600
3542,2639
3542,2663
3542,3004
3542,3641
3542,3777
3542,3955
3542,4402
3542,4459
3542,4460
3543,1285
3543,4738
3544,3148
3544,3518
3544,3557
3544,4743
3544,4799
3545,1698
3545,2664
3546,647
3546,1319
3546,1677
3546,1698
3546,3238
3546,3240
3546,3857
3546,4962
3546,5085
3546,5356
3546,6109
3546,6110
3547,3117
3547,4800
3548,1459
3548,1843
3548,1966
3548,4167
3549,1697
3549,3123
3549,3126
3549,3800
3549,4668
3549,4980
3549,5080
3549,5122
3550,2585
3551,1380
3551,1698
3551,1717
3551,1843
3551,1982
3551,2887
3551,2984
3552,683
3552,1319
3552,1571
3552,1937
3552,2986
3552,3545
3553,1664
3554,1479
3554,1717
3554,3518
3554,5066
3555,2154
3555,2250
3555,2563
3555,2993
3555,4091
3555,4300
3555,4766
3555,5075
3555,5441
3556,1481
3556,1982
3556,4091
3557,1982
3557,2162
3557,2168
3557,2289
3557,2458
3557,2566
3557,2993
3557,3544
3557,3776
3557,5105
3558,1198
3558,2616
3558,2666
3558,2679
3558,2693
3558,3057
3558,3229
3558,3559
3558,3653
3558,4416
3558,5280
3558,5804
3559,1708
3559,2160
3559,3558
3559,4167
3560,2989
3560,2997
3560,4301
3561,911
3561,2992
3561,4228
3562,4704
3563,1107
3563,3051
3563,3094
3563,4176
3564,597
3564,1305
3564,1553
3564,1638
3564,1965
3564,1989
3564,2289
3564,2293
3564,2461
3564,2580
3564,2996
3564,3016
3564,3134
3564,3247
3564,3931
3564,4713
3564,5288
3565,2790
3565,4644
3565,6020
3566,2324
3566,2670
3566,3935
3567,1538
3567,1953
3567,2163
3567,2320
3567,2362
3567,2399
3567,2476
3567,2483
3567,2568
3567,2611
3567,2618
3567,2620
3567,2628
3567,2642
3567,2645
3567,2664
3567,2690
3567,2696
3567,2743
3567,2784
3567,2794
3567,2893
3567,2924
3567,3051
3567,3096
3567,3220
3567,3575
3567,3602
3567,3608
3567,3612
3567,3753
3567,3830
3567,3932
3567,3967
3567,4069
3567,4207
3567,4288
3567,4308
3567,4536
3567,4577
3567,4641
3567,4929
3567,5264
3567,5407
3567,5460
3567,5643
3568,3223
3568,4153
3568,4785
3569,2357
3569,2678
3569,2680
3569,2695
3569,2898
3569,3231
3569,3232
3569,3261
3569,3264
3569,3581
3569,3625
3569,3629
3569,3636
3569,3653
3569,3658
3569,3679
3569,3692
3569,3826
3569,3829
3569,3831
3569,3838
3569,4412
3569,4413
3569,4471
3569,4750
3569,5174
3569,5282
3569,5324
3569,6111
3569,6112
3570,1320
3570,1662
3570,1975
3570,1984
3570,2271
3570,2273
3570,2313
3570,2463
3570,2469
3570,2489
3570,2560
3570,2601
3570,2613
3570,2622
3570,2633
3570,2701
3570,2737
3570,3010
3570,3015
3570,3043
3570,3095
3570,3098
3570,3125
3570,3248
3570,3571
3570,4311
3570,4779
3570,4864
3570,5187
3571,2318
3571,2560
3571,3214
3572,995
3573,1079
3573,1662
3573,2638
3573,3021
3573,3031
3573,3129
3573,3577
3573,4235
3573,5189
3574,882
3574,1281
3574,2456
3574,2622
3574,2639
3574,3221
3574,3592
3574,3968
3575,3098
3576,4311
3576,5766
3577,1662
3577,2088
3577,2316
3577,2319
3577,2657
3577,2711
3577,2880
3577,3027
3577,3097
3577,3221
3577,3573
3577,3582
3577,4499
3577,4992
3577,5396
3577,5472
3577,5475
3578,918
3578,2318
3578,2320
3578,2604
3578,2632
3578,2645
3578,3101
3578,3319
3579,2650
3579,3218
3579,4569
3580,9
3580,315
3580,954
3580,1244
3580,1968
3580,2109
3580,2133
3580,2271
3580,2318
3580,2631
3580,2654
3580,2655
3580,2996
3580,3101
3580,3130
3580,3258
3580,4169
3580,4679
3580,5415
3580,5420
3580,6113
3581,1149
3581,1250
3581,1265
3581,1291
3581,1474
3581,1669
3581,2078
3581,2163
3581,2251
3581,2318
3581,2325
3581,2706
3581,2915
3581,2977
3581,3098
3581,3099
3581,3229
3581,3231
3581,3583
3581,3629
3581,3631
3581,3632
3581,3923
3581,4221
3581,4409
3581,4465
3581,4503
3581,4825
3581,4953
3581,5048
3581,5087
3581,5211
3581,5450
3581,5800
3582,1953
3582,2353
3582,2399
3582,2465
3582,2598
3582,2658
3582,2663
3582,3615
3582,4148
3582,4307
3582,4309
3582,5726
3583,1198
3584,4910
3585,3223
3585,5643
3586,744
3586,882
3586,918
3586,1079
3586,1198
3586,1240
3586,1637
3586,1838
3586,1953
3586,1967
3586,2089
3586,2109
3586,2323
3586,2324
3586,2326
3586,2330
3586,2344
3586,2356
3586,2450
3586,2565
3586,2642
3586,2644
3586,2645
3586,2667
3586,2670
3586,2672
3586,2674
3586,2676
3586,2678
3586,2680
3586,2685
3586,2689
3586,2690
3586,2692
3586,2697
3586,2698
3586,2702
3586,2703
3586,2705
3586,2715
3586,2721
3586,2725
3586,2726
3586,2730
3586,2743
3586,2747
3586,2748
3586,2758
3586,2764
3586,2777
3586,2784
3586,2795
3586,2814
3586,2849
3586,2891
3586,2898
3586,2924
3586,3031
3586,3059
3586,3097
3586,3101
3586,3124
3586,3220
3586,3227
3586,3229
3586,3232
3586,3253
3586,3567
3586,3597
3586,3598
3586,3599
3586,3607
3586,3608
3586,3609
3586,3616
3586,3625
3586,3629
3586,3640
3586,3661
3586,3664
3586,3712
3586,3827
3586,3839
3586,3898
3586,3967
3586,3968
3586,4174
3586,4205
3586,4206
3586,4207
3586,4211
3586,4404
3586,4408
3586,4409
3586,4410
3586,4412
3586,4413
3586,4417
3586,4462
3586,4527
3586,4529
3586,4655
3586,4856
3586,4907
3586,5043
3586,5077
3586,5195
3586,5235
3586,5282
3586,5296
3586,5579
3586,5720
3586,5806
3586,5807
3586,5939
3586,6006
3586,6045
3586,6115
3586,6116
3586,6117
3587,2568
3587,2625
3587,2737
3587,3220
3587,6118
3588,2663
3588,2753
3588,2760
3588,3260
3588,3268
3588,3665
3588,4113
3588,4116
3588,5421
3588,5628
3589,2815
3589,3952
3590,2318
3590,2655
3590,2673
3590,2674
3590,3099
3590,3835
3590,4413
3590,5042
3591,2082
3591,2706
3591,2740
3591,2748
3591,3057
3591,3242
3591,3335
3591,3567
3591,3621
3591,3686
3591,4069
3591,4115
3591,4481
3591,5077
3591,5096
3591,5286
3591,5306
3591,5397
3591,5410
3591,6119
3591,6120
3592,954
3592,1482
3592,1596
3592,1697
3592,1899
3592,1990
3592,2001
3592,2109
3592,2172
3592,2321
3592,2362
3592,2456
3592,2483
3592,2592
3592,2604
3592,2658
3592,2663
3592,2664
3592,2668
3592,2722
3592,2849
3592,3012
3592,3333
3592,3574
3592,3625
3592,4138
3592,4650
3592,4767
3592,4796
3592,5458
3593,3320
3594,3320
3594,5617
3595,1698
3595,2679
3595,4407
3595,4525
3596,5522
3596,5598
3597,2654
3597,3097
3597,3101
3597,3613
3597,3967
3597,5065
3597,5407
3597,5419
3597,5745
3597,5752
3598,1927
3599,168
3599,1312
3599,1322
3599,1730
3599,2658
3599,2674
3599,2907
3599,3101
3599,3544
3599,3576
3599,3590
3599,3609
3599,3953
3599,5341
3599,5466
3600,332
3600,1482
3600,1953
3600,2109
3600,2320
3600,2344
3600,2630
3600,2649
3600,2658
3600,2669
3600,2674
3600,2696
3600,3027
3600,3091
3600,3132
3600,3595
3600,3602
3600,5266
3601,2661
3601,2663
3601,2665
3601,2667
3601,2669
3601,2673
3601,4962
3602,3627
3603,3224
3603,3565
3603,4263
3603,4644
3603,4770
3603,5196
3603,5209
3603,5788
3604,936
3604,1987
3604,2321
3604,2323
3604,2663
3604,2673
3604,2679
3604,2693
3604,2694
3604,2698
3604,2896
3604,3124
3604,3220
3604,3232
3604,3233
3604,3565
3604,3615
3604,4320
3604,4322
3604,4413
3604,4462
3604,4464
3604,5173
3604,5245
3604,5293
3604,5770
3604,5863
3604,6121
3605,2321
3605,2673
3605,2675
3605,4315
3605,5267
3605,6122
3606,3608
3606,5293
3607,1107
3607,1247
3607,1259
3607,1273
3607,1294
3607,1314
3607,1380
3607,1453
3607,1896
3607,1987
3607,2109
3607,2165
3607,2273
3607,2284
3607,2323
3607,2415
3607,2553
3607,2583
3607,2604
3607,2625
3607,2642
3607,2646
3607,2676
3607,2725
3607,2726
3607,2743
3607,2794
3607,2849
3607,2881
3607,3007
3607,3093
3607,3123
3607,3224
3607,3557
3607,3586
3607,3734
3607,3898
3607,3943
3607,4404
3607,4411
3607,4768
3607,4868
3607,6123
3608,2650
3608,2674
3608,3055
3608,3274
3608,3323
3608,3567
3608,3606
3608,4315
3608,4320
3608,4408
3608,4462
3608,5293
3609,1019
3609,1198
3609,2321
3609,2680
3609,2702
3609,2849
3609,3054
3609,3615
3609,3640
3609,3811
3609,4527
3609,4655
3609,4963
3610,882
3610,4644
3611,1019
3611,1240
3611,2089
3611,2323
3611,2672
3611,2680
3611,2716
3611,2723
3611,2847
3611,3054
3611,3088
3611,3614
3611,4205
3611,4527
3611,5047
3611,5732
3612,1979
3612,2320
3612,3123
3612,3567
3612,4319
3613,1019
3613,1198
3613,1842
3613,1953
3613,2320
3613,2321
3613,2323
3613,2645
3613,2651
3613,2670
3613,2672
3613,2673
3613,2679
3613,2680
3613,2690
3613,2693
3613,2716
3613,2721
3613,2847
3613,2924
3613,3027
3613,3222
3613,3224
3613,3582
3613,3593
3613,3597
3613,3598
3613,3601
3613,3605
3613,3609
3613,3625
3613,3811
3613,3835
3613,3839
3613,3968
3613,4174
3613,4315
3613,4413
3613,4643
3613,5138
3613,5194
3613,5283
3613,6124
3613,6125
3614,329
3614,995
3614,1007
3614,1174
3614,1198
3614,1664
3614,1738
3614,1936
3614,2328
3614,2611
3614,2915
3614,3059
3614,3323
3614,3608
3614,5740
3614,6126
3615,315
3615,572
3615,650
3615,882
3615,1079
3615,1345
3615,1434
3615,1449
3615,1466
3615,1469
3615,1612
3615,1927
3615,1934
3615,2077
3615,2155
3615,2157
3615,2162
3615,2653
3615,2667
3615,2676
3615,2679
3615,2693
3615,2703
3615,2891
3615,3100
3615,3582
3615,3604
3615,3609
3615,3951
3615,3999
3615,4023
3615,4208
3615,4281
3615,4320
3615,4340
3615,5043
3615,5173
3615,5407
3615,5745
3615,5806
3615,5834
3615,5934
3616,555
3616,1642
3616,1667
3616,1759
3616,2327
3616,2488
3616,2576
3616,2621
3616,2669
3616,2726
3616,2764
3616,2794
3616,3059
3616,3232
3616,3258
3616,3600
3616,3838
3616,4207
3616,4313
3616,4387
3616,4883
3616,4966
3616,5043
3616,5342
3616,5373
3616,5633
3616,5693
3617,2592
3617,2679
3617,3626
3617,3649
3617,3659
3617,4205
3617,4321
3617,4405
3617,4963
3617,5022
3617,5102
3618,1952
3618,2637
3619,2667
3619,2673
3619,2679
3619,2729
3619,3595
3619,3615
3619,5005
3620,2315
3620,2323
3620,2663
3620,2669
3620,2679
3620,2898
3620,3098
3620,4458
3621,3323
3621,6127
3622,1698
3622,3627
3622,4750
3622,5324
3622,6128
3623,3323
3624,2344
3624,2346
3624,3811
3624,5732
3625,1637
3625,1667
3625,2322
3625,2604
3625,2632
3625,2653
3625,2663
3625,2668
3625,2669
3625,2693
3625,2702
3625,2725
3625,2727
3625,2758
3625,2784
3625,2785
3625,2849
3625,3047
3625,3089
3625,3574
3625,3592
3625,3613
3625,3661
3625,3799
3625,3968
3625,4965
3625,5465
3625,5562
3625,5762
3625,5780
3625,5787
3625,6129
3626,2399
3626,5318
3627,3229
3627,3602
3627,3622
3627,4649
3627,5450
3628,2367
3629,2691
3629,2694
3629,2697
3629,2898
3629,3263
3629,3266
3629,3581
3629,3631
3629,3632
3629,3636
3629,3753
3629,4414
3629,4901
3629,5174
3630,1340
3630,6130
3631,2691
3631,2693
3631,2706
3631,3632
3631,3644
3631,4901
3632,2691
3632,2694
3632,2706
3632,3631
3632,3636
3632,5077
3632,5579
3633,2357
3633,2693
3633,2896
3633,3323
3633,3653
3633,3838
3633,5771
3634,3225
3635,1743
3635,2352
3635,2727
3635,2796
3635,2849
3635,3648
3635,3659
3635,4541
3635,4869
3635,4905
3635,5215
3635,5669
3635,5674
3636,882
3636,2325
3636,2344
3636,2677
3636,2706
3636,2716
3636,2898
3636,3099
3636,3581
3636,3629
3636,3632
3636,3640
3636,4983
3636,5862
3637,2352
3637,2706
3637,2824
3637,4113
3637,4414
3637,4530
3638,2678
3638,2693
3638,2777
3638,3653
3638,3659
3638,3836
3638,4225
3638,4478
3639,2896
3639,3831
3640,818
3640,1019
3640,1198
3640,2083
3640,2089
3640,2326
3640,2346
3640,2352
3640,2354
3640,2358
3640,2611
3640,2677
3640,2680
3640,2688
3640,2690
3640,2693
3640,2697
3640,2700
3640,2703
3640,2711
3640,2718
3640,2727
3640,2764
3640,2784
3640,2785
3640,2834
3640,2898
3640,3027
3640,3232
3640,3609
3640,3615
3640,3625
3640,3656
3640,3826
3640,3972
3640,4114
3640,4409
3640,5043
3640,5147
3640,5282
3640,5334
3640,5470
3640,5633
3641,818
3641,906
3641,2085
3641,2086
3641,2157
3641,2168
3641,2252
3641,2319
3641,2326
3641,2327
3641,2344
3641,2352
3641,2356
3641,2450
3641,2565
3641,2589
3641,2632
3641,2641
3641,2646
3641,2659
3641,2680
3641,2697
3641,2699
3641,2703
3641,2718
3641,2720
3641,2725
3641,2732
3641,2740
3641,2748
3641,2754
3641,2760
3641,2764
3641,2777
3641,2785
3641,2786
3641,2794
3641,2795
3641,2800
3641,2811
3641,2834
3641,2890
3641,2891
3641,2898
3641,2978
3641,3222
3641,3269
3641,3273
3641,3327
3641,3519
3641,3570
3641,3614
3641,3615
3641,3625
3641,3629
3641,3631
3641,3635
3641,3650
3641,3652
3641,3659
3641,3662
3641,3669
3641,3684
3641,3689
3641,3690
3641,3693
3641,3712
3641,3728
3641,3753
3641,3811
3641,3826
3641,3828
3641,4114
3641,4130
3641,4133
3641,4433
3641,4441
3641,4443
3641,4474
3641,4477
3641,4478
3641,4485
3641,4491
3641,4494
3641,4496
3641,4500
3641,4508
3641,4529
3641,4533
3641,4534
3641,4535
3641,4905
3641,4910
3641,4935
3641,4974
3641,5001
3641,5076
3641,5092
3641,5102
3641,5136
3641,5220
3641,5302
3641,5335
3641,5353
3641,5400
3641,5487
3641,5523
3641,5557
3641,5586
3641,5589
3641,5791
3641,5802
3641,5958
3641,6131
3641,6132
3641,6133
3641,6134
3641,6135
3642,1294
3642,2807
3642,3263
3642,3646
3642,3656
3642,3838
3642,4825
3642,5174
3643,2678
3643,2717
3643,5338
3643,5470
3643,5477
3643,5946
3644,1677
3644,2010
3644,2149
3644,2655
3644,2693
3644,2710
3644,3222
3644,3631
3644,4416
3644,5614
3644,5858
3644,6026
3644,6136
3645,2175
3645,2774
3645,3098
3645,3831
3645,4965
3645,5147
3645,5733
3646,2089
3646,2175
3646,2344
3646,2345
3646,2362
3646,2677
3646,2731
3646,3229
3646,3264
3646,3629
3646,3631
3646,3642
3646,3644
3646,3645
3646,3659
3646,4315
3646,4416
3646,4459
3646,4966
3646,4969
3646,5147
3646,5348
3646,5368
3646,5475
3646,5527
3646,5828
3646,6137
3646,6138
3647,818
3647,2690
3647,3633
3648,3643
3648,5342
3649,2330
3649,3323
3649,3617
3649,3679
3649,3836
3649,3838
3650,2202
3650,2353
3650,2354
3650,2356
3650,2368
3650,2377
3650,2774
3650,2781
3650,2800
3650,3229
3650,3671
3650,3682
3650,3710
3650,3742
3650,4116
3650,4916
3650,5543
3650,6139
3651,2480
3651,2746
3651,2796
3651,3591
3651,3679
3651,3729
3651,5476
3652,1019
3652,2021
3652,2092
3652,2480
3652,2697
3652,2708
3652,2718
3652,2732
3652,2754
3652,2775
3652,2776
3652,2793
3652,2796
3652,2808
3652,3268
3652,3615
3652,3641
3652,4113
3652,4418
3652,4480
3652,4481
3652,4650
3652,5152
3652,5218
3652,5224
3652,5342
3652,5364
3652,5570
3652,5666
3652,5816
3653,2326
3653,2330
3653,2344
3653,2697
3653,2706
3653,2785
3653,2796
3653,2896
3653,3224
3653,3232
3653,3644
3653,3692
3653,4644
3653,4971
3653,5614
3653,5666
3653,5808
3654,2089
3654,4481
3654,5873
3654,6140
3655,3230
3655,3658
3655,3663
3656,2350
3656,2762
3656,2764
3656,3642
3656,5629
3657,2774
3657,5397
3658,2762
3658,3836
3658,4478
3658,4481
3658,4483
3658,4490
3658,4916
3658,5245
3659,1461
3659,2078
3659,2167
3659,2175
3659,2210
3659,2345
3659,2348
3659,2352
3659,2611
3659,2666
3659,2677
3659,2690
3659,2709
3659,2711
3659,2717
3659,2731
3659,2748
3659,2764
3659,2777
3659,2785
3659,2807
3659,2849
3659,2891
3659,3010
3659,3019
3659,3020
3659,3617
3659,3638
3659,3646
3659,3666
3659,3839
3659,3968
3659,4113
3659,4135
3659,4581
3659,5503
3659,5627
3659,5774
3659,5818
3659,5839
3659,6001
3659,6141
3660,2746
3661,818
3661,1927
3661,2041
3661,2364
3661,2368
3661,2369
3661,2376
3661,2690
3661,2697
3661,2720
3661,2733
3661,2740
3661,2769
3661,2770
3661,2772
3661,2776
3661,2793
3661,2797
3661,2811
3661,2824
3661,2838
3661,2898
3661,3121
3661,3124
3661,3225
3661,3229
3661,3268
3661,3650
3661,3673
3661,3692
3661,3693
3661,3700
3661,3707
3661,3711
3661,3712
3661,3724
3661,3732
3661,3734
3661,3742
3661,3747
3661,3811
3661,4114
3661,4315
3661,4406
3661,4436
3661,4438
3661,4443
3661,4499
3661,4500
3661,5164
3661,5218
3661,5220
3661,5221
3661,5350
3661,5521
3661,5529
3661,5590
3661,5591
3661,5602
3661,5647
3661,5669
3661,5711
3661,5771
3661,5776
3661,5847
3661,5859
3661,5876
3661,6017
3661,6142
3662,2677
3662,2700
3662,2988
3662,3323
3662,3591
3662,4904
3663,818
3663,2084
3663,2086
3663,2090
3663,2319
3663,2326
3663,2358
3663,2685
3663,2718
3663,2762
3663,2776
3663,3263
3663,3265
3663,3648
3663,3689
3663,4114
3663,4482
3663,4530
3663,4904
3663,5175
3663,5265
3663,5334
3663,5382
3663,5579
3663,5628
3663,5642
3663,5667
3663,5710
3663,5782
3663,5884
3664,818
3664,2079
3664,2202
3664,2317
3664,2326
3664,2344
3664,2351
3664,2352
3664,2353
3664,2376
3664,2645
3664,2678
3664,2694
3664,2702
3664,2703
3664,2748
3664,2758
3664,2762
3664,2772
3664,2782
3664,2789
3664,2804
3664,2807
3664,3027
3664,3327
3664,3519
3664,3567
3664,3582
3664,3586
3664,3643
3664,3647
3664,3671
3664,3677
3664,3694
3664,3699
3664,3709
3664,3712
3664,3731
3664,3754
3664,3830
3664,4116
3664,4177
3664,4408
3664,4445
3664,4490
3664,4499
3664,4530
3664,4961
3664,4977
3664,4992
3664,5176
3664,5427
3664,5474
3664,5577
3664,5826
3664,5879
3664,6002
3665,1447
3665,2345
3665,2694
3665,2834
3665,3588
3665,3811
3666,3659
3666,4530
3666,4992
3666,5176
3666,6143
3666,6144
3667,1927
3667,2089
3667,2321
3667,2638
3667,2702
3667,2716
3667,2762
3667,2763
3667,2898
3667,3102
3667,3704
3667,4407
3667,5097
3667,5209
3667,6020
3667,6089
3667,6145
3668,818
3668,2750
3668,2795
3668,4481
3668,5908
3669,2079
3669,2089
3669,2319
3669,2326
3669,2357
3669,2677
3669,2688
3669,2690
3669,2731
3669,2750
3669,3626
3669,3666
3669,3676
3669,3719
3669,4114
3669,4478
3669,4533
3669,4547
3669,5209
3669,5254
3669,5334
3669,5340
3669,5677
3669,5754
3670,2079
3670,2082
3670,2456
3670,2490
3670,2695
3670,2709
3670,2731
3670,2746
3670,2774
3670,2810
3670,3525
3670,3558
3670,3706
3670,3952
3670,4431
3670,4436
3670,4490
3670,4495
3670,4611
3670,5335
3670,5640
3670,5861
3671,2091
3671,2092
3671,2354
3671,2760
3671,2761
3671,2762
3671,2766
3671,2772
3671,2792
3671,2817
3671,2820
3671,4438
3671,4449
3671,4481
3671,4482
3671,5448
3671,5849
3671,6021
3671,6146
3672,1713
3672,3229
3672,4904
3672,5614
3672,5723
3672,5838
3673,2746
3673,2810
3673,2838
3673,3670
3673,4135
3673,4412
3673,4488
3673,5096
3673,5232
3673,5342
3673,5603
3673,5830
3673,5900
3673,5930
3673,6147
3674,3753
3674,4540
3674,5155
3675,4912
3676,243
3676,798
3676,1717
3676,1743
3676,2079
3676,2082
3676,2083
3676,2086
3676,2326
3676,2349
3676,2351
3676,2352
3676,2354
3676,2357
3676,2370
3676,2371
3676,2688
3676,2720
3676,2731
3676,2733
3676,2735
3676,2739
3676,2740
3676,2748
3676,2758
3676,2764
3676,2772
3676,2777
3676,2785
3676,2800
3676,2801
3676,2808
3676,2812
3676,2835
3676,2894
3676,3004
3676,3027
3676,3229
3676,3614
3676,3635
3676,3646
3676,3648
3676,3652
3676,3659
3676,3669
3676,3674
3676,3680
3676,3686
3676,3705
3676,3710
3676,3712
3676,3719
3676,3720
3676,3727
3676,3729
3676,3734
3676,3736
3676,3740
3676,3742
3676,3756
3676,3826
3676,4112
3676,4113
3676,4114
3676,4172
3676,4411
3676,4430
3676,4438
3676,4441
3676,4481
3676,4491
3676,4509
3676,4542
3676,4581
3676,4908
3676,5152
3676,5155
3676,5169
3676,5212
3676,5257
3676,5333
3676,5336
3676,5342
3676,5470
3676,5474
3676,5478
3676,5487
3676,5488
3676,5525
3676,5603
3676,5677
3676,5743
3676,5848
3676,5898
3676,5952
3676,6022
3676,6148
3677,2089
3677,2826
3677,3271
3677,3664
3677,4172
3677,4433
3677,6149
3677,6150
3678,2731
3678,2779
3678,2825
3678,3230
3678,4484
3678,5259
3678,6151
3679,2324
3679,2667
3679,2694
3679,2704
3679,2711
3679,3232
3679,3262
3679,3649
3679,4462
3679,5087
3680,2359
3680,2718
3680,2796
3680,2811
3680,3270
3680,3271
3680,3598
3680,3671
3680,3677
3680,3692
3680,3697
3680,4136
3680,4545
3680,4961
3680,5488
3680,5921
3681,2682
3681,2750
3681,2754
3681,2830
3681,2898
3681,3706
3681,3734
3681,5218
3681,5589
3681,5649
3681,5946
3682,2787
3682,2791
3682,3650
3682,3710
3682,4136
3682,5102
3682,5586
3682,5819
3682,5943
3682,6152
3683,3687
3683,6153
3684,818
3684,2093
3684,2356
3684,2367
3684,2369
3684,2751
3684,2765
3684,2774
3684,2781
3684,2791
3684,3057
3684,3270
3684,4438
3684,4459
3684,4484
3684,4977
3684,5043
3684,5149
3685,2358
3685,2655
3685,2741
3685,2752
3685,5076
3685,5254
3685,5878
3685,5938
3686,2093
3686,2312
3686,2328
3686,2357
3686,2711
3686,2740
3686,2752
3686,2762
3686,2772
3686,2827
3686,3591
3686,3689
3686,4441
3686,4494
3686,5068
3686,5096
3686,5333
3686,5382
3686,5918
3687,1714
3687,2359
3687,3131
3687,3683
3687,4135
3687,5368
3688,2687
3688,2701
3688,3232
3688,3692
3688,3697
3688,3703
3688,4909
3688,5919
3689,2085
3689,2326
3689,2327
3689,2357
3689,2367
3689,2739
3689,2741
3689,2754
3689,2758
3689,2760
3689,2764
3689,2765
3689,2766
3689,2772
3689,2791
3689,2800
3689,3614
3689,3617
3689,3633
3689,3677
3689,3685
3689,3686
3689,3710
3689,3836
3689,4113
3689,4116
3689,4446
3689,4482
3689,4494
3689,4495
3689,4916
3689,5155
3689,5301
3689,5333
3689,5334
3689,5346
3689,5373
3689,5586
3689,5918
3689,5949
3690,2356
3690,2362
3690,2370
3690,3752
3690,5617
3690,5647
3691,4438
3691,6154
3691,6155
3692,2354
3692,2764
3692,2784
3692,2800
3692,2811
3692,3271
3692,3680
3692,3688
3692,3691
3692,3693
3692,3696
3692,3753
3692,3829
3692,3830
3692,3836
3692,3914
3692,4204
3692,4528
3692,4611
3692,4908
3692,5400
3692,5430
3692,5495
3692,5575
3692,5919
3692,6156
3693,2202
3693,2353
3693,5400
3693,5681
3693,5886
3693,5958
3694,4484
3695,4135
3695,5949
3696,2361
3696,4538
3696,5149
3696,5155
3696,6150
3697,2746
3697,2811
3697,3625
3697,3680
3697,3688
3697,3692
3697,4445
3697,5473
3697,5530
3698,2354
3698,2708
3698,2746
3698,3709
3698,3720
3698,3729
3699,2091
3699,5968
3700,996
3700,2163
3700,2354
3700,2779
3700,3694
3700,3724
3700,3836
3700,4448
3700,4508
3700,4509
3700,5026
3700,5525
3700,5845
3700,5967
3700,6157
3701,3721
3701,4135
3701,5101
3702,818
3702,2580
3702,2778
3702,2789
3702,4116
3702,4484
3702,4490
3702,4543
3702,5926
3702,5927
3702,5928
3703,798
3703,2326
3703,2328
3703,2354
3703,2361
3703,2369
3703,2728
3703,2736
3703,2741
3703,2744
3703,3669
3703,3688
3703,3689
3703,3709
3703,4136
3703,4227
3703,4414
3703,4471
3703,5235
3703,5274
3703,5333
3703,5675
3703,5864
3703,6084
3704,2321
3704,2718
3704,3667
3704,3829
3704,3836
3704,5720
3705,2712
3705,4113
3705,4484
3705,4912
3705,5140
3705,5537
3705,5774
3705,5844
3705,6048
3705,6158
3706,2091
3706,2348
3706,2741
3706,2779
3706,4131
3706,4462
3706,5254
3706,5370
3706,5486
3706,5488
3706,5522
3706,5883
3706,6159
3706,6160
3706,6161
3707,3747
3707,4443
3707,4538
3707,5214
3707,5493
3707,5608
3707,6078
3707,6162
3708,4632
3708,6163
3708,6164
3708,6165
3709,798
3709,2093
3709,2202
3709,2354
3709,2356
3709,2370
3709,2781
3709,2791
3709,2795
3709,2800
3709,2803
3709,2807
3709,2827
3709,3004
3709,3693
3709,3698
3709,3721
3709,4916
3709,5034
3709,5173
3709,5302
3709,5427
3709,5476
3709,5710
3709,5760
3709,5789
3709,6151
3710,1294
3710,2361
3710,2369
3710,2741
3710,2746
3710,2762
3710,2764
3710,2766
3710,2800
3710,3625
3710,3650
3710,3682
3710,3684
3710,3685
3710,3689
3710,3706
3710,3711
3710,3719
3710,4116
3710,4172
3710,4204
3710,4491
3710,4495
3710,4497
3710,4905
3710,4911
3710,4912
3710,5102
3710,5138
3710,5256
3710,5575
3710,5586
3710,5819
3710,5863
3710,5925
3710,5943
3711,4508
3711,5255
3712,1019
3712,1574
3712,2030
3712,2085
3712,2093
3712,2202
3712,2319
3712,2326
3712,2327
3712,2330
3712,2344
3712,2346
3712,2351
3712,2352
3712,2353
3712,2354
3712,2356
3712,2359
3712,2364
3712,2372
3712,2375
3712,2376
3712,2399
3712,2666
3712,2692
3712,2695
3712,2702
3712,2718
3712,2741
3712,2746
3712,2748
3712,2762
3712,2763
3712,2765
3712,2770
3712,2776
3712,2781
3712,2796
3712,2812
3712,2814
3712,2820
3712,2826
3712,2834
3712,2849
3712,2924
3712,3004
3712,3057
3712,3265
3712,3270
3712,3327
3712,3565
3712,3602
3712,3614
3712,3635
3712,3637
3712,3645
3712,3646
3712,3647
3712,3648
3712,3650
3712,3657
3712,3658
3712,3659
3712,3663
3712,3664
3712,3669
3712,3676
3712,3677
3712,3681
3712,3684
3712,3685
3712,3689
3712,3693
3712,3706
3712,3717
3712,3718
3712,3720
3712,3721
3712,3727
3712,3734
3712,3735
3712,4130
3712,4135
3712,4313
3712,4436
3712,4499
3712,4507
3712,4530
3712,4534
3712,4961
3712,5017
3712,5090
3712,5102
3712,5154
3712,5177
3712,5212
3712,5364
3712,5460
3712,5472
3712,5475
3712,5522
3712,5578
3712,5587
3712,5588
3712,5649
3712,5693
3712,5888
3712,6137
3712,6166
3713,4912
3714,2827
3714,3721
3714,3727
3714,5333
3714,5584
3715,2376
3715,6167
3716,6168
3717,2740
3717,4499
3717,5484
3717,5943
3718,1019
3718,1927
3718,2085
3718,2358
3718,2372
3718,2711
3718,2793
3718,3268
3718,3664
3718,4116
3718,4135
3718,4434
3718,4440
3718,4442
3718,4497
3718,5096
3718,5155
3718,5779
3718,5944
3718,6022
3718,6048
3719,1993
3719,2822
3719,4449
3719,5525
3719,6169
3720,3698
3721,2030
3721,2082
3721,2093
3721,2202
3721,2353
3721,2357
3721,2364
3721,2366
3721,2373
3721,2724
3721,2746
3721,2762
3721,2772
3721,2778
3721,2779
3721,2802
3721,2825
3721,2826
3721,2880
3721,3229
3721,3268
3721,3272
3721,3644
3721,3650
3721,3684
3721,3691
3721,3697
3721,3701
3721,3706
3721,3714
3721,3753
3721,3756
3721,4206
3721,4438
3721,4447
3721,4448
3721,4495
3721,4502
3721,4664
3721,4908
3721,4909
3721,4916
3721,5139
3721,5155
3721,5169
3721,5305
3721,5344
3721,5370
3721,5401
3721,5448
3721,5476
3721,5518
3721,5520
3721,5556
3721,5574
3721,5640
3721,5819
3721,5848
3721,5875
3721,6021
3721,6043
3721,6168
3721,6170
3721,6171
3722,3754
3722,4445
3722,4447
3722,5354
3722,5869
3722,6172
3723,2365
3723,2373
3723,3271
3723,3836
3723,4976
3723,5538
3724,2492
3724,2837
3724,3232
3724,3271
3724,3691
3724,3741
3724,3743
3724,3744
3724,3759
3724,4988
3724,5219
3724,5540
3724,5602
3724,6173
3725,5301
3726,3740
3727,4508
3727,4536
3727,6174
3728,2723
3728,2746
3728,3740
3728,6073
3729,2030
3729,2082
3729,2328
3729,2375
3729,2808
3729,2818
3729,2824
3729,2831
3729,2987
3729,3595
3729,3651
3729,3702
3729,3724
3729,4135
3729,4449
3729,4507
3729,5218
3729,5470
3729,5789
3729,5838
3730,2818
3730,3229
3730,5219
3730,6001
3730,6024
3731,818
3731,1313
3731,1842
3731,2090
3731,2320
3731,2370
3731,2445
3731,2687
3731,2790
3731,2818
3731,2823
3731,2824
3731,3678
3731,3684
3731,3694
3731,3701
3731,3724
3731,3750
3731,4449
3731,4475
3731,4909
3731,5177
3731,5307
3731,5492
3731,5535
3731,5586
3731,5813
3732,3229
3732,4509
3732,5309
3732,5631
3733,2089
3733,2378
3733,2826
3733,3229
3733,3731
3733,4436
3733,5557
3733,5575
3733,5649
3733,5869
3733,5976
3733,6175
3734,1107
3734,1574
3734,2349
3734,2688
3734,2711
3734,2725
3734,2732
3734,2743
3734,2764
3734,2774
3734,2784
3734,2801
3734,2808
3734,2834
3734,2924
3734,3004
3734,3093
3734,3101
3734,3607
3734,3640
3734,3665
3734,3676
3734,3698
3734,3712
3734,3717
3734,3720
3734,3754
3734,5218
3734,5400
3734,5864
3735,818
3735,4116
3735,5020
3735,5342
3735,6176
3736,3752
3736,4172
3736,5967
3737,2378
3737,3740
3738,2835
3739,2830
3739,2833
3739,3232
3739,6178
3740,2828
3740,3726
3740,3728
3740,3742
3740,5219
3740,5724
3740,6024
3741,2825
3741,2835
3741,2838
3741,3733
3741,3749
3741,5528
3741,5617
3741,6179
3742,2828
3742,2831
3742,2835
3742,3740
3742,3747
3742,4511
3742,5525
3742,5582
3743,3731
3743,3749
3744,2369
3744,3271
3744,5647
3744,5901
3745,1473
3745,2030
3745,2329
3745,2376
3745,2378
3745,2789
3745,2795
3745,2804
3745,2819
3745,2924
3745,3700
3745,4499
3745,4910
3745,5274
3745,6180
3745,6181
3746,2838
3746,5617
3746,6182
3747,2838
3747,3740
3747,3742
3747,3749
3747,5540
3747,5564
3747,5617
3747,5820
3748,2378
3748,5617
3749,2825
3749,2838
3749,3727
3749,3741
3749,3743
3749,3747
3749,3752
3749,5528
3750,2364
3750,2789
3750,2838
3750,3752
3750,3754
3750,4442
3750,5820
3751,4508
3751,5228
3752,2329
3752,2802
3752,2808
3752,2825
3752,2831
3752,2835
3752,3742
3752,3744
3752,3747
3752,3749
3752,3750
3752,5645
3752,5820
3752,5901
3752,5967
3752,6053
3752,6183
3752,6184
3753,818
3753,1198
3753,2082
3753,2093
3753,2327
3753,2356
3753,2360
3753,2665
3753,2711
3753,2735
3753,2778
3753,2801
3753,2987
3753,3101
3753,3125
3753,3323
3753,3567
3753,3629
3753,3674
3753,4436
3753,4446
3753,4493
3753,4533
3753,4913
3753,4961
3753,4988
3753,5155
3753,5370
3753,5484
3753,5523
3753,5530
3753,5552
3753,5598
3753,5633
3753,5725
3753,5782
3753,6051
3754,2030
3754,2312
3754,2354
3754,2362
3754,2364
3754,2375
3754,2687
3754,2741
3754,2746
3754,2749
3754,2772
3754,2793
3754,2795
3754,2797
3754,2800
3754,2812
3754,2821
3754,2825
3754,2835
3754,3673
3754,3700
3754,3721
3754,3722
3754,3724
3754,3734
3754,3749
3754,3750
3754,3752
3754,3756
3754,4437
3754,4443
3754,4445
3754,4446
3754,4449
3754,4497
3754,5176
3754,5331
3754,5486
3754,5491
3754,5493
3754,5518
3754,5525
3754,5540
3754,5547
3754,5669
3754,5871
3754,5898
3754,6168
3754,6172
3754,6185
3755,2835
3756,2837
3756,2838
3756,3693
3756,3719
3756,3721
3756,3747
3756,3752
3756,5216
3756,5219
3756,5540
3757,2093
3757,2321
3757,2329
3757,2356
3757,2362
3757,2363
3757,2661
3757,2685
3757,2690
3757,2720
3757,2744
3757,2764
3757,2770
3757,2772
3757,2778
3757,2795
3757,2796
3757,2801
3757,2807
3757,2828
3757,2837
3757,2839
3757,3004
3757,3093
3757,3124
3757,3239
3757,3609
3757,3621
3757,3639
3757,3663
3757,3667
3757,3724
3757,3735
3757,3749
3757,3752
3757,3811
3757,4225
3757,4406
3757,4412
3757,4499
3757,4975
3757,5048
3757,5087
3757,5225
3757,5474
3757,5553
3757,5575
3757,5616
3757,5650
3757,5710
3757,6181
3757,6186
3758,2329
3758,2712
3758,2837
3758,3719
3758,3731
3758,3752
3758,5225
3758,5566
3758,5597
3759,2375
3759,2608
3759,2797
3759,2802
3759,2817
3759,2828
3759,2830
3759,2831
3759,2835
3759,2837
3759,3268
3759,3724
3759,3738
3759,3741
3759,3753
3759,3755
3759,4508
3759,5603
3759,5967
3759,6187
3760,567
3760,685
3760,1617
3760,2130
3760,2412
3760,2503
3760,4925
3761,128
3762,570
3763,575
3764,576
3765,582
3765,2848
3766,582
3766,3767
3767,24
3767,29
3767,291
3767,582
3767,2848
3767,3766
3768,535
3768,588
3769,69
3769,588
3769,801
3770,591
3771,500
3771,591
3772,66
3772,591
3772,1110
3773,591
3773,957
3773,2057
3774,171
3774,593
3774,858
3774,5006
3775,597
3776,597
3776,923
3776,1311
3776,1638
3776,1666
3776,1690
3776,1701
3776,1710
3776,2165
3776,2207
3776,2993
3776,2995
3776,3122
3776,3557
3776,3823
3776,4169
3777,597
3777,1219
3777,1452
3777,2004
3777,2208
3777,2465
3777,2492
3777,2495
3777,2560
3777,3220
3777,3296
3777,3397
3778,957
3778,1052
3778,3423
3779,599
3779,2061
3780,18
3780,502
3780,603
3780,1585
3780,1851
3780,4328
3781,604
3782,18
3782,41
3782,45
3782,126
3782,132
3782,418
3782,552
3782,556
3782,614
3782,714
3782,837
3782,951
3782,1203
3782,2220
3782,3296
3783,255
3783,280
3783,617
3784,620
3784,2067
3785,691
3786,727
3786,783
3787,13
3787,285
3787,618
3788,60
3788,214
3788,351
3788,435
3788,551
3788,622
3788,660
3788,699
3788,772
3788,777
3788,787
3788,806
3788,892
3788,989
3788,1096
3788,1144
3788,1232
3788,1345
3788,1361
3788,1418
3788,1565
3788,1664
3788,1763
3788,1782
3788,1901
3788,2309
3788,2453
3789,1332
3789,1361
3789,1781
3789,4119
3789,5103
3789,6058
3790,644
3790,1358
3790,1549
3790,1782
3790,2000
3790,2410
3790,3176
3791,646
3791,664
3791,765
3791,990
3791,1351
3791,1364
3791,1532
3791,1644
3791,1780
3791,1908
3791,1952
3791,2910
3791,3139
3791,3178
3791,3396
3792,664
3792,966
3792,1783
3792,1879
3792,2910
3792,4233
3793,532
3794,3796
3795,527
3795,635
3795,779
3795,800
3795,1012
3795,3437
3796,121
3796,329
3796,620
3796,635
3796,892
3796,1136
3796,2053
3796,2497
3796,3200
3796,3499
3796,3794
3797,636
3797,973
3798,643
3798,3176
3799,636
3799,1019
3799,1198
3799,1285
3799,1705
3799,2352
3799,2480
3799,2677
3799,2690
3799,2697
3799,2704
3799,2725
3799,2743
3799,2784
3799,2896
3799,2924
3799,3225
3799,3625
3799,3629
3799,3631
3799,3632
3799,3644
3799,4206
3799,4319
3799,4407
3799,4419
3799,5506
3799,5720
3799,5722
3799,6051
3800,636
3800,1613
3800,1717
3800,1939
3800,3549
3800,4167
3800,5162
3801,647
3801,686
3801,1612
3802,1608
3803,636
3803,1420
3803,1631
3803,1946
3803,3212
3803,3804
3803,4017
3804,636
3804,1631
3804,1946
3804,2034
3804,2153
3804,2244
3804,2964
3804,3803
3804,4258
3804,6188
3805,637
3806,637
3807,637
3807,1515
3808,637
3809,1345
3809,6189
3809,6190
3810,637
3810,1078
3810,1247
3810,1296
3810,1314
3810,2277
3810,2281
3810,2474
3810,2592
3810,3012
3810,3025
3810,3026
3810,4898
3811,243
3811,798
3811,1019
3811,1107
3811,1410
3811,1461
3811,1743
3811,1842
3811,1927
3811,1953
3811,2079
3811,2089
3811,2326
3811,2344
3811,2350
3811,2358
3811,2362
3811,2363
3811,2367
3811,2371
3811,2372
3811,2373
3811,2374
3811,2375
3811,2399
3811,2480
3811,2608
3811,2666
3811,2669
3811,2678
3811,2682
3811,2688
3811,2690
3811,2697
3811,2700
3811,2706
3811,2720
3811,2721
3811,2723
3811,2725
3811,2741
3811,2746
3811,2763
3811,2769
3811,2772
3811,2781
3811,2782
3811,2786
3811,2791
3811,2801
3811,2802
3811,2804
3811,2807
3811,2809
3811,2812
3811,2814
3811,2818
3811,2820
3811,2822
3811,2826
3811,2827
3811,2828
3811,2830
3811,2832
3811,2834
3811,2836
3811,2837
3811,2838
3811,2898
3811,2924
3811,3004
3811,3027
3811,3057
3811,3098
3811,3232
3811,3253
3811,3296
3811,3558
3811,3609
3811,3624
3811,3629
3811,3643
3811,3647
3811,3654
3811,3671
3811,3674
3811,3677
3811,3691
3811,3693
3811,3700
3811,3717
3811,3721
3811,3723
3811,3724
3811,3726
3811,3732
3811,3734
3811,3737
3811,3738
3811,3742
3811,3743
3811,3745
3811,3747
3811,3750
3811,3753
3811,3757
3811,3759
3811,3836
3811,3839
3811,3927
3811,4260
3811,4296
3811,4405
3811,4406
3811,4438
3811,4462
3811,4495
3811,4503
3811,4504
3811,4508
3811,4678
3811,4766
3811,4870
3811,4904
3811,4910
3811,4965
3811,4975
3811,5010
3811,5067
3811,5219
3811,5220
3811,5222
3811,5274
3811,5333
3811,5346
3811,5410
3811,5511
3811,5513
3811,5529
3811,5538
3811,5551
3811,5557
3811,5566
3811,5577
3811,5578
3811,5584
3811,5590
3811,5591
3811,5677
3811,5841
3811,5847
3811,5901
3811,5911
3811,5917
3811,5918
3811,6175
3811,6191
3811,6192
3812,782
3812,989
3812,1029
3812,1049
3812,3310
3813,780
3814,1604
3814,6131
3815,1049
3815,4302
3816,684
3816,875
3816,1280
3816,1346
3816,4332
3817,625
3817,775
3817,874
3817,1535
3817,2516
3818,991
3818,1588
3818,1772
3818,1901
3818,3514
3819,798
3819,1776
3820,2523
3821,351
3821,641
3821,760
3821,1252
3821,1307
3821,1740
3821,3037
3821,5270
3822,3535
3823,1219
3823,1982
3823,3239
3823,3776
3823,4090
3824,3517
3825,1019
3825,1107
3825,1989
3825,2318
3825,2324
3825,2327
3825,2347
3825,2362
3825,2576
3825,2611
3825,2642
3825,2658
3825,2661
3825,2668
3825,2676
3825,2677
3825,2692
3825,2707
3825,2723
3825,2725
3825,2742
3825,2743
3825,2764
3825,2784
3825,2812
3825,3004
3825,3098
3825,3099
3825,3101
3825,3222
3825,3635
3825,3638
3825,3645
3825,3646
3825,3704
3825,3712
3825,3732
3825,3826
3825,3829
3825,3835
3825,4227
3825,4459
3825,4649
3825,4937
3825,4965
3825,5138
3825,5274
3825,5465
3825,5515
3825,5709
3825,5732
3826,1574
3826,2658
3826,2677
3826,2695
3826,2697
3826,2707
3826,2708
3826,3233
3826,3640
3826,3644
3826,4222
3826,4414
3826,5212
3826,5762
3826,5781
3826,6013
3826,6193
3826,6194
3826,6195
3826,6196
3827,2353
3827,4459
3827,4648
3828,5117
3828,5149
3828,5221
3828,5971
3829,2584
3829,3704
3829,3830
3829,5333
3829,5364
3830,2318
3830,2352
3830,2667
3830,2673
3830,2677
3830,2680
3830,2690
3830,2693
3830,3127
3830,3220
3830,3525
3830,3567
3830,3692
3830,3829
3830,3839
3830,5087
3830,5791
3831,2678
3831,3632
3831,3639
3831,4113
3831,4471
3831,5174
3831,5336
3831,5633
3831,6197
3832,1291
3832,1410
3832,2010
3832,2203
3832,2643
3832,2650
3832,2673
3832,2679
3832,2683
3832,2693
3832,2729
3832,3055
3832,3097
3832,3322
3832,4305
3832,4320
3832,4322
3832,4525
3832,5138
3832,5741
3832,5853
3833,2318
3833,2320
3833,2673
3833,2996
3833,3233
3833,3602
3833,3834
3833,5254
3833,6198
3834,2362
3834,2642
3834,2663
3834,2723
3834,3099
3834,5464
3835,1079
3835,1240
3835,1842
3835,2631
3835,2647
3835,2651
3835,2654
3835,2655
3835,2737
3835,2890
3835,3101
3835,3128
3835,3667
3835,3825
3835,3951
3835,4314
3835,4322
3835,5140
3835,5456
3835,5458
3836,1240
3836,1426
3836,2030
3836,2326
3836,2356
3836,2359
3836,2367
3836,2369
3836,2373
3836,2718
3836,2721
3836,2725
3836,2746
3836,2761
3836,2762
3836,2770
3836,2772
3836,2898
3836,3004
3836,3098
3836,3230
3836,3260
3836,3271
3836,3633
3836,3638
3836,3658
3836,3700
3836,3704
3836,3723
3836,3811
3836,4413
3836,4438
3836,4441
3836,4473
3836,4545
3836,4916
3836,5067
3836,5224
3836,5298
3836,5373
3836,5486
3836,5491
3836,5513
3836,5585
3836,5675
3837,4966
3837,5593
3837,5869
3838,2684
3838,2693
3838,3323
3838,3633
3838,3649
3839,2089
3839,2344
3839,2399
3839,2639
3839,2665
3839,2666
3839,2670
3839,2674
3839,2677
3839,2678
3839,2715
3839,3027
3839,3098
3839,3580
3839,3586
3839,3659
3839,3811
3839,3899
3839,4413
3839,4471
3839,4648
3839,4793
3839,4870
3839,5138
3839,5173
3839,5469
3839,5560
3839,5787
3839,6199
3840,643
3840,2000
3841,1350
3841,1359
3841,1781
3841,3842
3842,645
3842,1618
3842,1796
3842,1821
3842,1883
3842,3312
3842,3514
3842,3841
3843,134
3843,646
3843,1017
3843,1145
3843,1322
3843,1325
3843,1328
3843,1339
3843,1350
3843,2155
3843,2162
3843,2168
3843,2522
3843,2996
3843,4234
3843,6200
3844,995
3845,646
3845,3162
3845,3863
3845,3971
3846,646
3846,1910
3847,646
3847,839
3847,1261
3847,2426
3847,2878
3847,3146
3847,4281
3847,4956
3847,6201
3848,648
3848,1617
3849,649
3849,685
3849,1030
3849,2131
3850,3878
3850,4103
3851,650
3851,1433
3851,1447
3851,1615
3851,2036
3851,2041
3851,2043
3852,653
3853,863
3854,1217
3854,1629
3855,660
3855,1078
3855,1283
3855,1314
3855,1596
3855,1946
3855,1963
3855,4058
3855,4694
3856,1312
3856,1319
3856,1656
3856,1662
3856,1698
3856,1884
3856,2268
3856,2584
3857,1698
3857,2010
3857,3240
3857,3546
3857,5080
3857,6110
3857,6202
3858,1979
3858,3012
3858,3968
3859,665
3859,2131
3859,6203
3860,6204
3861,67
3861,683
3861,967
3861,1340
3861,1647
3861,1957
3861,2240
3861,3979
3862,683
3862,1157
3862,1436
3862,1718
3862,4101
3863,3845
3863,5109
3864,684
3865,684
3865,6205
3866,684
3866,3467
3867,684
3868,684
3868,1052
3868,1771
3869,684
3869,1166
3870,684
3870,1348
3870,1410
3870,1900
3870,1901
3870,1932
3870,3330
3870,6206
3871,684
3872,684
3872,993
3872,995
3872,1328
3872,1345
3872,1358
3872,1363
3872,1910
3872,3159
3872,3176
3872,4323
3873,685
3873,778
3873,1012
3873,1571
3874,154
3874,685
3874,966
3874,1144
3874,1254
3874,1267
3874,1288
3874,1343
3874,1914
3874,1959
3874,2033
3874,3029
3874,3211
3874,3330
3874,3395
3874,4371
3874,5059
3875,685
3875,2536
3876,685
3876,3499
3876,4332
3876,6207
3877,685
3878,686
3878,774
3878,898
3879,686
3880,688
3881,1754
3881,2114
3881,2528
3881,6208
3882,1
3882,4
3882,71
3882,77
3882,80
3882,91
3882,107
3882,108
3882,109
3882,113
3882,192
3882,213
3882,215
3882,217
3882,231
3882,249
3882,253
3882,327
3882,333
3882,472
3882,553
3882,693
3882,954
3882,1115
3882,1182
3882,1192
3882,1195
3882,1502
3883,1566
3883,1985
3883,4657
3884,1278
3885,1617
3886,4043
3887,1322
3888,898
3888,1325
3888,2301
3889,776
3890,377
3890,3467
3891,1335
3891,1337
3892,787
3893,4196
3894,798
3894,980
3894,1462
3894,1538
3894,4617
3895,979
3895,990
3895,1137
3895,1591
3895,6209
3896,1795
3896,4420
3897,1883
3897,2873
3898,774
3898,1289
3899,721
3899,1424
3899,1937
3899,2204
3899,2210
3899,2289
3899,2465
3899,2481
3899,2591
3899,3007
3899,3019
3899,3397
3899,4856
3899,4929
3900,1989
3900,2208
3900,2576
3900,3252
3901,1681
3901,2289
3902,399
3902,451
3902,1734
3903,839
3903,990
3903,1350
3903,1783
3904,729
3904,993
3904,2131
3905,1596
3905,3517
3905,3938
3905,4043
3906,4662
3907,953
3908,171
3908,1146
3908,1156
3909,775
3909,989
3909,1346
3909,3382
3909,4249
3909,4595
3910,1102
3910,1285
3911,1393
3911,1410
3912,1048
3912,1143
3913,4582
3913,4583
3913,6210
3914,775
3914,875
3914,1332
3914,1927
3914,2317
3914,2669
3914,2696
3914,3692
3914,4465
3914,5309
3914,5560
3915,1596
3916,660
3916,1298
3916,1304
3916,1571
3916,1637
3916,1666
3916,1697
3916,1711
3916,1953
3916,2204
3916,2483
3916,2554
3916,2570
3916,2649
3916,2993
3916,3077
3916,3091
3916,3126
3916,3213
3916,3800
3916,4207
3916,4300
3916,4563
3917,1176
3917,1267
3917,1318
3917,1634
3917,1898
3917,2172
3917,2452
3918,1262
3919,650
3919,836
3919,1255
3919,1975
3919,4255
3919,4742
3919,5065
3920,1645
3920,4599
3921,1078
3921,1252
3921,1367
3921,1446
3921,1453
3921,2244
3921,3244
3921,3536
3921,4027
3922,1291
3922,1446
3922,2165
3922,2171
3922,3088
3922,3540
3922,5441
3923,1462
3923,1629
3923,1644
3923,1723
3923,1951
3923,3013
3923,3346
3923,5020
3924,1642
3924,4139
3925,1462
3925,1651
3926,1248
3926,1380
3926,1459
3926,3123
3926,5065
3927,1467
3927,2348
3927,2603
3927,2989
3927,3327
3927,5978
3928,1687
3928,1965
3928,2274
3928,2566
3928,3091
3928,3555
3928,4399
3928,4522
3928,4668
3928,4746
3928,4896
3929,1310
3929,2167
3929,2176
3929,2291
3929,2464
3929,2476
3929,3003
3929,3019
3929,3020
3929,4294
3929,5388
3930,1565
3930,1654
3930,1952
3930,2279
3930,3934
3931,1104
3931,1638
3931,1708
3931,1717
3931,1952
3931,1968
3931,1974
3931,2489
3931,2634
3931,2636
3931,2849
3931,2988
3931,2993
3931,3250
3931,3397
3931,3400
3931,3564
3931,3952
3931,4167
3931,4303
3932,1946
3932,1959
3932,2620
3932,2628
3932,2634
3932,3010
3932,3019
3932,3020
3932,3051
3932,3567
3932,3934
3932,4788
3932,5135
3932,5157
3932,5421
3932,6211
3933,2888
3933,2976
3933,3019
3933,3020
3933,3045
3933,4306
3934,1317
3934,1325
3934,1662
3934,1991
3934,2279
3934,2464
3934,2486
3934,2560
3934,2613
3934,2631
3934,2634
3934,2656
3934,2665
3934,3016
3934,3032
3934,3036
3934,3045
3934,3049
3934,3051
3934,3214
3934,3250
3934,3930
3934,3932
3934,3935
3934,3964
3934,5001
3934,5131
3934,5157
3934,5396
3934,5426
3935,2560
3935,2613
3935,2617
3935,3126
3935,3214
3935,3566
3935,3934
3936,1577
3937,446
3937,1174
3937,1258
3937,1432
3937,1458
3937,1723
3937,1884
3937,2153
3937,4037
3937,4043
3937,5312
3938,2015
3939,21
3939,6212
3940,1202
3940,1948
3940,4043
3941,1078
3941,1291
3941,1698
3941,3148
3941,4603
3942,1296
3942,4577
3942,4728
3943,1309
3943,1312
3943,1319
3943,1914
3943,1952
3943,3026
3943,3962
3944,3962
3945,3244
3946,2174
3947,1317
3947,4536
3947,4588
3948,1710
3949,1307
3949,1989
3949,2258
3949,2482
3949,2489
3949,2592
3949,2602
3949,2615
3949,2948
3949,3043
3949,3049
3949,3095
3949,3223
3950,2210
3950,5439
3951,3954
3951,4177
3951,4490
3951,4535
3951,5626
3952,798
3952,1856
3952,2035
3952,2312
3952,2654
3952,3220
3952,3319
3952,3951
3952,4239
3952,4311
3952,4441
3952,5407
3952,5419
3952,5745
3953,4098
3953,4311
3953,4402
3953,4576
3954,1079
3954,2669
3954,2673
3954,3951
3954,4319
3954,4535
3954,6089
3955,1637
3955,1767
3955,2089
3955,2149
3955,2316
3955,2622
3955,2641
3955,2654
3955,2656
3955,2669
3955,2673
3955,2676
3955,2737
3955,2994
3955,3004
3955,3098
3955,3319
3955,3834
3955,5466
3956,737
3957,971
3957,974
3957,977
3957,1399
3957,1772
3957,5750
3958,1155
3958,1641
3958,1686
3958,4393
3959,1936
3959,2241
3960,3025
3961,741
3961,1462
3961,1463
3961,1466
3961,1553
3961,1641
3961,1652
3961,1838
3961,1951
3961,2251
3961,2449
3961,3244
3961,3319
3961,4588
3961,4735
3961,4978
3961,4995
3961,5270
3961,6213
3962,1304
3962,1312
3962,1313
3962,1319
3962,1682
3962,1683
3962,1690
3962,2309
3962,3943
3962,3944
3962,4761
3962,6214
3963,2470
3963,2478
3964,1759
3964,1991
3964,2589
3964,2613
3964,2614
3964,2617
3964,2884
3964,2887
3964,3051
3964,3101
3964,3563
3964,3934
3964,4457
3964,5293
3965,1176
3965,1273
3965,1302
3965,1422
3965,1635
3965,1689
3965,1707
3965,1949
3965,2155
3965,2164
3965,2171
3965,2456
3965,2579
3965,2588
3965,2599
3965,2604
3965,2678
3965,2771
3965,3031
3965,3089
3965,3124
3965,3169
3965,3410
3965,5456
3965,5736
3966,3220
3967,1310
3967,1706
3967,2654
3967,2893
3967,2994
3967,3044
3967,3098
3967,3099
3967,3220
3967,3597
3967,4579
3967,5002
3967,5419
3968,1317
3968,1689
3968,1757
3968,1953
3968,1966
3968,2109
3968,2114
3968,2149
3968,2310
3968,2321
3968,2323
3968,2456
3968,2553
3968,2598
3968,2604
3968,2608
3968,2646
3968,2723
3968,2891
3968,3003
3968,3012
3968,3020
3968,3255
3968,3574
3968,3616
3968,3659
3968,3858
3968,5729
3969,1079
3969,2638
3969,2639
3969,3570
3969,4789
3970,3984
3971,270
3971,1566
3971,2857
3971,4678
3972,3112
3973,1275
3973,1433
3973,1537
3973,1538
3973,1694
3973,3316
3973,4012
3973,4363
3974,4751
3975,122
3975,493
3976,49
3977,1909
3978,964
3978,1276
3978,2118
3979,1012
3979,1206
3979,4196
3980,683
3980,945
3980,1897
3980,2452
3981,5291
3982,3294
3983,2413
3984,1928
3984,3970
3985,1401
3985,1928
3986,1776
3987,791
3987,2022
3988,3146
3989,119
3989,171
3989,493
3989,532
3989,580
3989,633
3989,839
3989,1077
3990,685
3990,1932
3990,3275
3991,1255
3991,1267
3991,1444
3991,1467
3991,1770
3991,1855
3991,1901
3991,2008
3991,3152
3991,3885
3991,3989
3992,4103
3993,1901
3994,2076
3994,6215
3995,2031
3995,2334
3995,2917
3996,2004
3997,1467
3998,2421
3999,1252
3999,1617
3999,1922
4000,1418
4000,1933
4000,2242
4000,3244
4001,1325
4001,1367
4001,1450
4001,5203
4002,1450
4003,5041
4004,1936
4005,2024
4006,1618
4006,2031
4007,2027
4008,996
4008,4012
4008,4993
4009,1328
4009,1624
4009,1844
4009,5056
4009,6216
4010,3203
4010,6066
4011,1395
4011,1446
4011,2031
4011,2921
4011,2925
4011,3532
4011,5422
4012,3973
4012,4008
4012,4993
4012,5248
4012,6217
4013,1048
4013,1319
4013,2025
4013,6218
4013,6219
4014,1358
4015,270
4015,1410
4015,1534
4015,1588
4015,1630
4015,2031
4015,2421
4015,5313
4015,6220
4016,1437
4016,2042
4017,532
4017,1436
4017,3803
4018,1943
4018,1948
4018,3328
4018,4029
4019,3314
4020,2052
4020,4012
4020,4959
4021,2045
4021,2242
4021,2920
4021,3277
4022,1267
4023,4980
4024,1440
4024,1441
4024,1442
4024,1445
4024,1446
4024,1447
4024,1476
4024,1596
4024,1633
4024,1959
4024,2049
4024,2541
4024,3329
4024,3536
4024,4028
4024,4560
4024,4588
4024,4673
4024,4692
4025,1440
4025,1448
4026,1265
4026,4946
4026,6221
4027,2153
4027,3921
4028,1078
4028,1257
4028,1453
4028,1475
4028,2922
4028,3536
4028,4024
4028,4243
4029,4018
4030,3244
4031,646
4031,1440
4031,4281
4031,4395
4031,4957
4031,6201
4032,1026
4032,4452
4033,370
4033,1248
4033,1281
4033,1440
4033,2172
4034,4562
4034,6222
4035,1436
4036,1404
4036,1444
4036,1901
4036,4042
4037,2155
4037,3937
4038,1652
4039,1078
4039,2422
4040,1446
4040,1450
4040,1459
4040,1948
4040,3537
4041,1946
4042,1404
4042,1444
4042,1476
4042,1723
4042,3026
4042,4036
4043,1155
4043,1174
4043,1247
4043,1251
4043,1260
4043,1262
4043,1263
4043,1420
4043,1609
4043,1946
4043,1955
4043,2240
4043,3517
4043,3886
4043,3905
4043,3938
4043,3940
4043,4163
4043,4355
4044,1455
4044,4281
4044,4395
4044,4957
4044,5418
4045,1455
4045,1538
4045,2856
4045,3013
4045,4031
4045,4281
4045,4395
4045,4735
4045,4955
4045,4957
4045,5418
4046,1293
4046,1538
4046,1640
4046,2034
4046,2153
4046,3238
4046,4588
4046,4674
4046,4978
4046,5020
4046,5383
4047,1440
4047,1468
4047,1599
4048,1468
4049,1289
4049,1698
4049,2881
4049,4607
4049,4618
4050,1460
4050,1478
4050,1640
4050,1952
4050,1958
4050,2155
4050,2385
4050,2427
4050,2856
4050,2923
4050,2975
4050,4138
4050,4173
4051,1640
4052,1458
4052,1464
4052,1467
4052,1470
4052,2153
4052,4054
4052,4293
4052,5059
4053,2155
4053,4932
4053,6224
4054,1467
4054,1470
4054,2153
4054,2155
4054,4052
4054,4057
4054,4293
4054,6225
4055,1311
4055,3396
4055,4089
4055,4372
4055,4626
4055,5425
4055,6226
4056,1304
4056,1449
4056,1644
4056,1654
4056,1704
4056,1914
4056,1961
4056,2385
4056,4372
4057,2161
4057,4054
4057,5994
4058,762
4058,1005
4059,1604
4060,69
4060,4234
4061,765
4061,1348
4061,1781
4062,2418
4063,772
4063,1152
4063,1597
4064,774
4065,1354
4065,2520
4066,774
4066,1869
4066,2421
4066,2873
4066,4719
4066,5623
4067,774
4067,1614
4067,1932
4068,163
4068,774
4068,1901
4068,3243
4068,6058
4069,274
4069,321
4069,774
4069,2344
4069,3591
4069,5911
4070,774
4071,775
4072,6227
4072,6228
4072,6229
4073,797
4073,1790
4073,1906
4074,777
4075,778
4075,1546
4075,1553
4076,778
4077,778
4077,996
4077,2146
4078,778
4078,3169
4079,778
4080,779
4080,867
4080,989
4080,1328
4080,1752
4081,259
4081,670
4081,779
4082,779
4082,1015
4082,1028
4083,498
4084,780
4084,1327
4084,1331
4084,1835
4084,2118
4085,837
4085,1026
4085,1039
4085,1909
4086,1870
4086,3507
4086,6230
4087,781
4087,1078
4087,1417
4087,1453
4087,1458
4087,1607
4087,1632
4087,1934
4087,2013
4087,2077
4087,2925
4087,4282
4087,4662
4088,1696
4088,2268
4088,2978
4089,1845
4089,2488
4089,4055
4090,2158
4090,3823
4091,1259
4091,1282
4091,1284
4091,1312
4091,1663
4091,1682
4091,1701
4091,1702
4091,1704
4091,1843
4091,1845
4091,1958
4091,1968
4091,2250
4091,2267
4091,2268
4091,2456
4091,2469
4091,2484
4091,2554
4091,2635
4091,2849
4091,2986
4091,3126
4091,3244
4091,3555
4091,3556
4091,4167
4091,4730
4091,5162
4092,4093
4093,1843
4093,2650
4093,4092
4094,2154
4094,2171
4094,2267
4094,2279
4094,5121
4095,1980
4095,4097
4095,4179
4096,2158
4096,4607
4096,4668
4096,4702
4096,5016
4096,6231
4097,2279
4097,4095
4098,2464
4098,3047
4098,3953
4098,5267
4098,5697
4099,5075
4100,1977
4100,2274
4100,2998
4100,5122
4101,782
4101,3862
4102,785
4103,3850
4103,3992
4104,1959
4105,791
4106,791
4106,1447
4106,1946
4106,3330
4106,4615
4106,6232
4107,791
4107,1252
4107,1267
4108,399
4108,792
4109,793
4109,1152
4110,796
4111,797
4112,2740
4112,2750
4112,2751
4112,2755
4112,2775
4112,2838
4112,3595
4112,3662
4112,4113
4112,4408
4112,4499
4112,4905
4112,4916
4112,5371
4112,5423
4112,5643
4112,6021
4113,798
4113,2085
4113,2202
4113,2260
4113,2312
4113,2321
4113,2326
4113,2350
4113,2351
4113,2352
4113,2356
4113,2363
4113,2366
4113,2367
4113,2378
4113,2621
4113,2666
4113,2690
4113,2720
4113,2723
4113,2739
4113,2746
4113,2750
4113,2764
4113,2765
4113,2776
4113,2792
4113,2797
4113,2800
4113,2826
4113,3229
4113,3230
4113,3267
4113,3269
4113,3322
4113,3588
4113,3615
4113,3637
4113,3650
4113,3652
4113,3655
4113,3656
4113,3659
4113,3671
4113,3672
4113,3673
4113,3674
4113,3676
4113,3689
4113,3705
4113,3720
4113,3725
4113,3831
4113,3836
4113,3927
4113,4112
4113,4116
4113,4135
4113,4172
4113,4432
4113,4442
4113,4443
4113,4467
4113,4480
4113,4481
4113,4495
4113,4906
4113,4907
4113,4908
4113,4910
4113,4916
4113,4971
4113,4974
4113,5090
4113,5096
4113,5099
4113,5146
4113,5224
4113,5301
4113,5336
4113,5342
4113,5448
4113,5487
4113,5489
4113,5538
4113,5559
4113,5633
4113,5680
4113,5726
4113,5774
4113,5779
4113,5808
4113,5826
4113,5845
4113,5848
4113,5849
4113,5875
4113,5884
4113,5888
4113,5918
4113,5920
4113,5926
4113,5948
4113,5949
4113,5968
4113,6020
4113,6037
4113,6134
4113,6168
4113,6233
4113,6234
4114,1743
4114,2079
4114,2082
4114,2086
4114,2089
4114,2324
4114,2326
4114,2344
4114,2352
4114,2353
4114,2611
4114,2716
4114,2748
4114,2777
4114,2895
4114,3038
4114,3057
4114,3640
4114,3663
4114,3683
4114,3704
4114,3753
4114,3836
4114,4133
4114,4315
4114,4431
4114,4469
4114,4478
4114,4533
4114,4547
4114,4655
4114,4965
4114,5148
4114,5175
4114,5649
4114,5677
4114,5793
4114,5915
4115,3591
4115,5095
4115,5096
4115,5495
4115,6120
4115,6235
4116,1574
4116,2706
4116,3588
4116,3693
4116,3735
4116,4438
4116,5100
4116,6176
4116,6236
4117,1273
4117,1325
4117,3978
4118,805
4118,2929
4119,496
4119,516
4119,806
4119,913
4119,1337
4119,1348
4119,1353
4119,2031
4119,3352
4119,3789
4119,4101
4119,6237
4120,806
4120,990
4120,1349
4120,1838
4120,1901
4121,490
4121,1310
4121,1318
4121,1439
4121,1481
4121,1641
4121,1914
4121,1961
4121,2427
4121,3333
4122,806
4122,1380
4122,1571
4122,3166
4123,3397
4124,806
4124,1436
4125,2678
4125,3037
4126,249
4126,812
4127,815
4128,816
4129,119
4129,817
4129,2864
4130,818
4130,3230
4130,3627
4130,5774
4130,6238
4130,6239
4131,2697
4131,3706
4131,4462
4131,5959
4131,6240
4131,6241
4132,818
4132,2324
4132,2655
4132,2775
4132,4407
4132,4916
4132,5475
4133,818
4133,3267
4133,6169
4134,818
4134,4481
4134,5397
4134,5474
4135,2312
4135,2826
4135,3659
4135,3673
4135,3687
4135,3695
4135,3729
4135,4113
4135,5092
4135,6021
4136,1677
4136,2091
4136,2712
4136,2760
4136,3677
4136,3680
4136,4135
4136,4438
4136,4914
4136,5346
4136,6242
4136,6243
4137,1174
4137,1466
4137,1537
4137,1538
4137,1626
4137,1796
4137,1951
4137,2175
4137,2317
4137,3752
4137,3947
4137,4399
4137,4443
4137,4615
4137,4632
4137,4936
4137,4995
4137,6244
4137,6245
4138,663
4138,1026
4138,1079
4138,1255
4138,1286
4138,1314
4138,1370
4138,1379
4138,1428
4138,1466
4138,1470
4138,1472
4138,1478
4138,1484
4138,1702
4138,1730
4138,1850
4138,1914
4138,1953
4138,2001
4138,2258
4138,2270
4138,2362
4138,2456
4138,2558
4138,2604
4138,2638
4138,2642
4138,2654
4138,2658
4138,2661
4138,2663
4138,2665
4138,2669
4138,2723
4138,2975
4138,3013
4138,3059
4138,3098
4138,3220
4138,3221
4138,3333
4138,3335
4138,3454
4138,3574
4138,3592
4138,3625
4138,3961
4138,4050
4138,4562
4138,4694
4138,5138
4138,5611
4139,1293
4139,1462
4139,3924
4139,4372
4140,829
4140,3486
4141,832
4142,833
4143,833
4144,834
4145,834
4146,833
4146,856
4146,1224
4146,3291
4147,861
4148,836
4148,1566
4148,1929
4148,2131
4148,6246
4149,275
4149,999
4149,1258
4149,2046
4149,2427
4149,2922
4149,4043
4150,1482
4150,2251
4150,4940
4151,323
4151,449
4151,669
4151,836
4151,1302
4151,1632
4151,1637
4151,1740
4151,3064
4152,4864
4153,1248
4153,1265
4153,1951
4153,2088
4153,3227
4153,3232
4153,3259
4153,3568
4153,4363
4153,4402
4153,4644
4153,4978
4153,5173
4153,5423
4153,5882
4154,1629
4155,420
4156,0
4157,3288
4158,4328
4159,1041
4160,780
4160,949
4161,3514
4162,1350
4162,1775
4162,2308
4162,3391
4162,6247
4163,4043
4164,2251
4165,1286
4165,1313
4165,1452
4165,1479
4165,1537
4165,1571
4165,1638
4165,1670
4165,1699
4165,1717
4165,1738
4165,2176
4165,2206
4165,2257
4165,2294
4165,2469
4165,2927
4165,2986
4165,3026
4165,4168
4165,4730
4166,1104
4166,1198
4166,1690
4166,1698
4166,1709
4166,1954
4166,1982
4166,2262
4166,2279
4166,2590
4166,3126
4166,4177
4166,4181
4166,5065
4166,5162
4166,5441
4167,1282
4167,1452
4167,1461
4167,1553
4167,1690
4167,1697
4167,1717
4167,1954
4167,1968
4167,2168
4167,2176
4167,2250
4167,2267
4167,2268
4167,2270
4167,2294
4167,2458
4167,2483
4167,2570
4167,2585
4167,2624
4167,2995
4167,2996
4167,3029
4167,3244
4167,3548
4167,3550
4167,3559
4167,3800
4167,3931
4167,4091
4167,4169
4167,4702
4167,4748
4167,5016
4167,5119
4168,546
4168,662
4168,995
4168,1104
4168,1310
4168,1571
4168,1717
4168,1738
4168,1937
4168,2165
4168,2278
4168,2281
4168,2465
4168,2466
4168,4095
4168,4165
4168,4563
4168,4668
4168,4684
4168,6248
4169,1136
4169,1708
4169,2169
4169,2172
4169,2255
4169,2268
4169,2469
4169,2570
4169,2993
4169,3088
4169,3242
4169,3776
4169,4167
4169,4980
4169,5035
4170,1138
4171,6202
4172,2202
4172,2793
4172,3268
4172,3328
4172,3677
4172,4113
4172,4315
4172,4907
4172,4910
4172,4911
4172,5399
4172,6249
4172,6250
4173,1283
4173,1446
4173,1481
4173,1647
4173,1961
4173,2001
4173,2915
4173,2922
4173,4050
4173,4358
4173,4618
4173,5128
4174,1300
4174,1466
4174,2622
4174,2705
4174,2994
4174,3099
4174,3454
4174,5853
4174,6213
4174,6251
4175,69
4175,1174
4175,1253
4175,1265
4175,1283
4175,1291
4175,1300
4175,1310
4175,1346
4175,1457
4175,1458
4175,1462
4175,1464
4175,1589
4175,1638
4175,1664
4175,1683
4175,1708
4175,1914
4175,2114
4175,2155
4175,2422
4175,3244
4175,3396
4175,3412
4175,4137
4175,4239
4175,4364
4175,4557
4175,4799
4175,4864
4175,5250
4176,1690
4176,1939
4176,1968
4176,1995
4176,2258
4176,2575
4176,2590
4176,3121
4176,3126
4176,3563
4176,4239
4176,4747
4177,1175
4177,1982
4177,2279
4177,2631
4177,2889
4177,2986
4177,3047
4177,3951
4177,4166
4177,4523
4178,5131
4179,4095
4179,4241
4179,6012
4180,1952
4180,2481
4180,3030
4180,3123
4181,1293
4181,1475
4181,1638
4181,1986
4181,2162
4181,2168
4181,2540
4181,4166
4181,4337
4181,5119
4181,5156
4182,85
4183,852
4184,853
4185,285
4185,583
4186,942
4187,3123
4188,860
4188,4187
4189,1005
4189,1028
4189,1137
4189,1138
4190,4517
4191,4582
4192,863
4192,3310
4193,121
4193,259
4193,2317
4193,3223
4193,6114
4194,1762
4194,2507
4194,2533
4195,875
4196,875
4196,1086
4196,3893
4196,3979
4197,875
4197,2413
4198,875
4198,6253
4199,876
4200,876
4201,876
4201,982
4202,880
4203,882
4203,2314
4203,2617
4203,5456
4203,5990
4204,1694
4204,1777
4204,2379
4205,882
4205,2681
4205,2711
4205,2847
4205,3054
4205,3611
4205,3617
4206,882
4206,1240
4206,1294
4206,1698
4206,2663
4206,2669
4206,2737
4206,3096
4206,4204
4206,5595
4207,882
4207,1637
4207,1679
4207,1697
4207,1707
4207,1709
4207,1953
4207,2089
4207,2160
4207,2165
4207,2353
4207,2456
4207,2483
4207,2585
4207,2606
4207,2644
4207,2649
4207,2690
4207,2696
4207,2707
4207,2740
4207,2818
4207,2834
4207,2882
4207,3077
4207,3224
4207,3250
4207,3263
4207,3271
4207,3567
4207,3589
4207,3593
4207,3612
4207,3667
4207,3693
4207,3811
4207,3916
4207,4404
4207,4649
4207,5067
4207,5578
4208,882
4208,2711
4208,3615
4208,5807
4209,65
4209,884
4210,884
4210,3019
4210,3020
4210,4411
4210,5037
4211,884
4211,1346
4211,2035
4211,5810
4211,5853
4212,1934
4212,2133
4213,884
4213,1166
4213,1283
4213,3505
4213,4753
4213,4796
4214,2025
4214,2867
4214,4587
4215,580
4215,891
4215,1038
4216,895
4216,2223
4217,1332
4218,1433
4218,1632
4219,1262
4220,1078
4220,1304
4220,1319
4220,1320
4220,2415
4220,3962
4220,4689
4221,1449
4221,1476
4221,1553
4221,1695
4221,1698
4221,3581
4222,4407
4223,4480
4223,5318
4223,5463
4223,6254
4223,6255
4223,6256
4224,5468
4224,6101
4225,1927
4225,2327
4225,2637
4225,4412
4225,6014
4226,2896
4226,3628
4226,3656
4226,4471
4226,4530
4226,5775
4227,1138
4227,2694
4227,3595
4227,3656
4227,3679
4227,3836
4227,4429
4227,4967
4227,5174
4227,5450
4227,5469
4227,5515
4227,5522
4227,5839
4228,2208
4228,3087
4228,4362
4229,691
4230,594
4231,1340
4232,1763
4233,1407
4233,2124
4233,3792
4234,2413
4234,4599
4235,1442
4235,2094
4235,2820
4235,3010
4235,3039
4235,3097
4235,3125
4235,3573
4236,1302
4236,1310
4236,1609
4236,1647
4236,1664
4236,1882
4236,4735
4237,932
4238,932
4238,1251
4238,3824
4238,4344
4239,1304
4239,4728
4240,2160
4241,1690
4241,1717
4241,1982
4241,2257
4241,2261
4241,2276
4241,2989
4241,2999
4241,3244
4241,3400
4241,3552
4241,4095
4241,4179
4241,5035
4241,6012
4242,934
4242,1321
4242,1690
4242,1870
4242,2029
4242,2165
4242,2171
4242,2264
4242,2561
4242,2915
4242,2973
4242,2976
4242,3247
4242,4166
4242,4618
4242,4668
4242,4737
4242,4760
4242,5065
4242,5387
4243,1104
4243,1282
4243,1286
4243,1298
4243,1308
4243,1404
4243,1440
4243,1446
4243,1450
4243,1459
4243,1466
4243,1665
4243,1689
4243,1692
4243,1706
4243,1931
4243,1940
4243,1948
4243,1968
4243,1982
4243,2160
4243,2242
4243,2248
4243,2249
4243,2253
4243,2267
4243,2488
4243,2570
4243,3536
4243,4028
4243,4293
4243,4399
4243,4696
4243,5274
4243,6257
4244,1294
4244,2580
4244,3051
4244,4771
4245,1979
4245,2580
4245,2585
4245,2674
4246,936
4246,6258
4247,936
4248,939
4248,6259
4248,6260
4249,979
4250,860
4251,989
4251,1138
4251,2298
4252,949
4253,951
4254,1342
4254,1419
4254,1436
4254,1588
4254,1608
4254,1630
4254,1694
4254,1840
4254,1935
4254,1960
4254,2012
4254,3152
4254,3275
4254,3502
4254,4338
4254,6261
4255,1258
4255,1435
4255,1936
4255,2043
4256,1202
4256,1437
4256,1447
4256,2036
4256,4328
4257,2964
4257,3517
4258,1635
4258,3804
4259,1251
4259,1260
4259,1476
4259,1943
4259,2153
4259,2880
4259,2964
4259,3330
4259,4033
4259,4355
4259,4600
4259,4629
4260,996
4260,1078
4260,1247
4260,1453
4260,3811
4260,4678
4261,963
4262,963
4262,2074
4263,1829
4263,3603
4263,5209
4264,683
4264,3845
4264,3970
4264,5109
4265,167
4266,502
4267,2860
4268,4328
4269,67
4269,139
4269,259
4269,986
4269,1163
4269,2334
4269,3339
4270,1247
4270,1431
4270,3329
4270,3561
4270,4228
4270,6262
4271,136
4271,3181
4272,1030
4272,2443
4273,1329
4273,1811
4273,1853
4274,1718
4275,1566
4276,1340
4277,1102
4277,1339
4277,1340
4278,962
4278,1410
4279,2909
4280,2131
4281,3847
4281,4957
4282,1345
4282,1617
4282,1901
4282,4087
4283,1418
4283,1932
4283,4920
4284,3037
4285,1249
4285,1271
4285,3396
4285,4757
4285,5196
4286,2036
4287,1098
4287,1895
4288,1677
4288,2089
4288,2643
4288,2674
4288,2678
4288,2679
4288,2708
4288,2816
4288,3225
4288,3226
4288,3591
4288,3740
4288,3742
4288,4225
4288,4655
4288,5212
4288,5282
4288,5318
4288,5325
4288,5468
4288,5643
4288,6119
4288,6263
4289,1936
4289,2052
4289,3212
4289,4588
4290,1169
4290,6264
4291,3334
4292,1850
4293,69
4293,1467
4293,2153
4293,2469
4293,3396
4293,4052
4293,4054
4293,4588
4293,4982
4294,4372
4295,1466
4295,1640
4295,2251
4295,2965
4296,4171
4296,5769
4297,2175
4297,2795
4297,5210
4297,5914
4297,6238
4297,6239
4297,6265
4298,1717
4298,6266
4299,996
4299,1267
4299,1319
4299,1445
4300,1298
4300,1319
4300,1716
4300,1968
4300,2639
4300,4747
4300,4896
4300,4950
4301,3011
4301,3560
4302,2157
4302,2284
4302,2291
4302,3815
4303,1452
4303,1939
4303,2154
4303,2203
4303,2277
4303,2291
4303,2466
4303,3931
4304,2463
4305,2203
4305,3832
4306,3133
4306,3933
4306,5423
4307,1198
4307,2082
4307,2470
4307,2620
4307,2634
4307,5389
4308,3214
4308,4311
4308,5157
4309,3019
4309,3582
4309,5181
4310,2247
4310,3101
4310,3132
4310,5113
4310,5797
4311,2607
4311,2655
4311,2887
4311,3214
4311,3319
4311,3576
4311,3952
4311,3953
4311,4308
4311,4858
4311,5157
4311,5753
4311,5766
4312,1730
4313,3088
4313,3647
4313,5335
4313,5515
4314,2669
4314,3835
4315,1410
4315,2663
4315,2679
4315,2729
4315,2895
4315,3323
4315,3604
4315,3612
4315,4656
4315,5266
4316,4402
4317,3233
4317,4322
4317,6077
4318,2894
4319,685
4319,2320
4319,2323
4319,2641
4319,3222
4319,3612
4319,3678
4319,3835
4319,4577
4319,5194
4320,1967
4320,2538
4320,2622
4320,3224
4320,3604
4320,5341
4320,5849
4321,1978
4321,2175
4321,2318
4321,2322
4321,2558
4321,2669
4321,2675
4321,2676
4321,2679
4321,2724
4321,3041
4321,3225
4321,3322
4321,3615
4321,3617
4321,3622
4321,4205
4321,4322
4321,5138
4321,5459
4321,6240
4322,2324
4322,2648
4322,2673
4322,2679
4322,2723
4322,2849
4322,3055
4322,3225
4322,3226
4322,3318
4322,3604
4322,3619
4322,3835
4322,4174
4322,4317
4322,4405
4322,5143
4322,5235
4323,949
4323,967
4323,1142
4323,1344
4323,1345
4323,1349
4323,1350
4323,2123
4323,3872
4323,4832
4324,976
4325,977
4325,1338
4325,1367
4326,979
4326,1772
4327,979
4327,2412
4328,1562
4329,1030
4330,535
4331,259
4331,408
4332,3816
4333,1281
4333,1738
4333,2133
4334,1331
4334,5624
4335,3152
4335,3507
4336,1462
4337,1226
4337,1261
4337,1262
4337,1412
4337,1522
4337,2013
4337,4181
4337,4219
4338,650
4338,1821
4338,2031
4338,4254
4338,4335
4338,5027
4339,1895
4339,2041
4339,4894
4340,1247
4340,1434
4340,1632
4341,996
4341,1469
4341,2977
4342,923
4342,996
4343,456
4343,1267
4343,1852
4343,2040
4343,3496
4344,67
4344,1948
4344,4355
4345,1174
4345,2049
4346,1447
4346,2422
4347,1466
4348,1959
4349,1174
4350,1943
4350,1946
4350,4395
4350,4956
4350,6201
4351,1723
4351,3276
4352,1325
4353,1959
4354,931
4354,5241
4355,1026
4355,2966
4355,3328
4355,4043
4355,4259
4355,4344
4355,4630
4355,5126
4356,1252
4356,1267
4356,1438
4356,2153
4357,3540
4358,2049
4358,2153
4358,3330
4358,4173
4358,4936
4359,1247
4359,1318
4359,2202
4359,4092
4360,774
4360,800
4360,996
4360,2040
4360,3408
4360,4013
4361,1174
4361,1262
4361,4356
4361,4452
4361,5403
4362,1293
4362,3025
4362,3923
4362,4228
4363,3973
4363,4153
4364,1952
4364,2878
4364,6268
4365,1052
4366,5050
4367,3244
4368,1462
4368,1952
4368,2761
4368,3396
4369,1538
4369,2155
4370,1911
4371,1281
4372,1466
4372,2968
4372,3396
4372,3961
4372,4294
4373,987
4374,987
4375,989
4375,2065
4375,5319
4376,989
4377,1890
4377,2117
4377,2443
4378,990
4379,990
4379,1420
4379,2426
4380,1340
4380,1348
4380,2520
4381,994
4382,994
4383,994
4383,1407
4383,1413
4384,995
4385,995
4385,1354
4386,995
4387,2324
4387,3791
4387,3897
4388,996
4389,996
4389,1518
4389,1900
4389,2918
4389,3849
4389,3970
4390,996
4391,996
4391,1260
4391,1262
4391,1440
4392,996
4392,1423
4392,2278
4392,3166
4393,996
4393,1002
4393,1052
4393,1253
4393,1261
4393,1262
4393,1437
4393,1441
4393,1614
4393,2850
4393,3798
4393,4709
4393,4942
4393,4994
4394,1767
4394,1927
4394,2151
4395,999
4395,3440
4395,4281
4395,4956
4395,4957
4395,6201
4396,640
4396,1624
4396,1883
4396,2016
4396,3214
4397,2243
4397,2427
4398,69
4398,171
4398,972
4398,1006
4399,3928
4400,1174
4400,1640
4400,2154
4400,2162
4401,3037
4401,5023
4401,5033
4402,3953
4402,4953
4402,5423
4403,3226
4403,3323
4403,3927
4404,1205
4404,2324
4404,2625
4404,2647
4404,2674
4404,2692
4404,3224
4404,4929
4405,2323
4405,2658
4405,2680
4405,2693
4405,3232
4405,3233
4405,3323
4405,4207
4405,4322
4405,4966
4406,4328
4406,5464
4406,5946
4407,4207
4407,4222
4407,5734
4408,2492
4408,2680
4408,2708
4408,2804
4408,3268
4408,3709
4408,3811
4408,4490
4408,5099
4408,5861
4409,1651
4409,2078
4409,3225
4409,3581
4410,3263
4411,2312
4411,2666
4411,2682
4411,2734
4411,2739
4411,2753
4411,2770
4411,2812
4411,2830
4411,2832
4411,2833
4411,2835
4411,3742
4411,4116
4411,4509
4411,4864
4411,4975
4411,5034
4411,5151
4411,5155
4411,5302
4411,5309
4411,5353
4411,5485
4412,3583
4412,3615
4412,3757
4412,5077
4412,5482
4412,5515
4412,6017
4413,2326
4413,2898
4413,3604
4413,3623
4413,3661
4413,3830
4413,3839
4413,4963
4413,5781
4413,6014
4414,2325
4414,2706
4414,3397
4414,5235
4415,785
4415,1617
4415,2172
4415,2268
4415,3244
4415,4167
4415,4702
4415,4746
4415,4907
4415,5386
4416,2351
4416,2690
4416,2697
4416,2709
4416,2801
4416,2896
4416,3233
4416,3261
4416,3558
4416,3644
4416,3838
4416,4307
4416,4648
4416,5043
4416,5527
4416,5804
4416,6150
4417,2082
4417,2696
4417,2708
4417,3229
4417,3264
4417,3591
4417,3829
4417,4459
4417,4974
4417,5430
4417,5771
4417,5950
4417,6269
4418,2243
4418,2686
4418,4716
4419,2655
4419,4937
4419,6270
4420,977
4420,1413
4420,1771
4420,1924
4420,3301
4420,3896
4421,1347
4421,1534
4422,1015
4422,2504
4423,1017
4423,6271
4424,2723
4425,685
4425,1644
4425,1717
4425,2631
4425,2641
4425,3098
4425,3832
4425,4171
4425,4412
4425,4833
4425,6072
4426,2488
4426,2603
4426,3097
4426,3224
4426,3611
4426,3619
4426,4359
4426,6038
4427,563
4427,2585
4427,3966
4427,4263
4427,6014
4427,6150
4427,6168
4428,2679
4428,3127
4428,3233
4428,4440
4428,5779
4428,5977
4429,4227
4430,2351
4430,2715
4430,3230
4430,4907
4430,5010
4430,5147
4430,6272
4430,6273
4431,4976
4431,5090
4431,6274
4432,4916
4432,5136
4432,5474
4433,2321
4433,2354
4433,3677
4434,3718
4434,4440
4434,5779
4435,1308
4436,1574
4436,2084
4436,2362
4436,2378
4436,2790
4436,2819
4436,3650
4436,3673
4436,3692
4436,3733
4436,3740
4436,3741
4436,3749
4436,3753
4436,4443
4436,4913
4436,4975
4436,5549
4436,5832
4436,6001
4436,6022
4436,6275
4437,5102
4438,2162
4438,3268
4438,3691
4438,3721
4438,4328
4438,4909
4438,5302
4438,6099
4438,6150
4438,6276
4439,2766
4439,2835
4439,2837
4439,5884
4440,4428
4440,4434
4440,5779
4440,5977
4441,2082
4441,2364
4441,2778
4441,2789
4441,3680
4441,3686
4441,3836
4441,4495
4441,5101
4441,5397
4441,6021
4442,2789
4442,3750
4442,5232
4442,5755
4443,1473
4443,2163
4443,2791
4443,2808
4443,3268
4443,3270
4443,3700
4443,4113
4443,4116
4443,4436
4443,4448
4443,4480
4443,4484
4443,4490
4443,4495
4443,4509
4443,4905
4443,5546
4443,5637
4443,5868
4443,6168
4443,6277
4444,6278
4445,3722
4445,4328
4445,4915
4445,5354
4445,5712
4446,3396
4446,4503
4446,5091
4447,5912
4447,6279
4447,6280
4448,3721
4448,4509
4449,1532
4449,2091
4449,2328
4449,2357
4449,2364
4449,2369
4449,2690
4449,2758
4449,2767
4449,2778
4449,2818
4449,2819
4449,3229
4449,3325
4449,3709
4449,3719
4449,3731
4449,4427
4449,4509
4449,4542
4449,4908
4449,5219
4449,5302
4449,5475
4449,5496
4449,5525
4449,5599
4449,5783
4449,5819
4449,5868
4449,5966
4450,1026
4451,499
4451,672
4451,1173
4451,1340
4451,1399
4452,1026
4452,3328
4452,4032
4453,1029
4454,989
4454,1028
4454,1030
4454,1138
4454,1403
4455,1030
4455,1803
4456,3098
4456,5438
4457,2651
4457,2654
4457,2730
4457,3101
4458,2315
4458,2323
4458,5868
4459,2321
4459,2344
4459,3827
4459,5022
4459,5461
4459,5470
4459,6138
4460,3322
4460,5266
4461,2762
4462,2167
4462,2482
4462,2490
4462,3010
4462,3019
4462,3020
4462,3051
4462,3095
4462,3604
4462,3706
4462,4785
4462,4988
4462,4999
4462,5293
4462,6281
4463,906
4463,1079
4463,1927
4463,1953
4463,1967
4463,1987
4463,2089
4463,2325
4463,2327
4463,2628
4463,2631
4463,2638
4463,2644
4463,2645
4463,2661
4463,2681
4463,2692
4463,2694
4463,2722
4463,2725
4463,2737
4463,2807
4463,2882
4463,3101
4463,3131
4463,3132
4463,3261
4463,3609
4463,3615
4463,3625
4463,3629
4463,3638
4463,4174
4463,4224
4463,4309
4463,4412
4463,4462
4463,4497
4463,4527
4463,4649
4463,4962
4463,4965
4463,4988
4463,5048
4463,5076
4463,5077
4463,5255
4463,5321
4463,5373
4463,5617
4463,5677
4463,5739
4463,5804
4463,5828
4463,5911
4463,6282
4464,2694
4464,3232
4464,3604
4464,3621
4464,6275
4465,1677
4465,3124
4465,6283
4466,2622
4466,2750
4467,2082
4467,3951
4467,4113
4467,4465
4467,4907
4467,5097
4467,5804
4467,5913
4468,2667
4468,3550
4468,4462
4469,2810
4469,3693
4469,5956
4470,1482
4470,2807
4470,5290
4471,3839
4472,5043
4472,5298
4472,5772
4473,3836
4473,4123
4473,4502
4473,5530
4473,5600
4474,5669
4475,2348
4475,5138
4475,5780
4475,5823
4476,5232
4476,5530
4476,6284
4476,6285
4476,6286
4477,1317
4477,5067
4477,6084
4477,6287
4478,2086
4478,2703
4478,3693
4478,4482
4478,4508
4478,4547
4479,2479
4479,4611
4480,4223
4480,4916
4480,5176
4480,5708
4481,2089
4481,2326
4481,2357
4481,2690
4481,2718
4481,2749
4481,2761
4481,2765
4481,3591
4481,3654
4481,3658
4481,3671
4481,4113
4481,4136
4481,4611
4481,5176
4481,5225
4481,5478
4481,5680
4482,1743
4482,2326
4482,2711
4482,2746
4482,2751
4482,2762
4482,3057
4482,3663
4482,3684
4482,3689
4482,4478
4482,4534
4482,4904
4482,5254
4482,5318
4482,5875
4482,5910
4483,3658
4483,3836
4484,2370
4484,2741
4484,2789
4484,3702
4484,3705
4484,5091
4484,5100
4484,5927
4484,5928
4484,6288
4485,2371
4485,5815
4486,5929
4487,1677
4487,5034
4487,5068
4488,2655
4488,3673
4488,4489
4489,4488
4490,1677
4490,2360
4490,2365
4490,2366
4490,3658
4490,3702
4490,4484
4490,4913
4490,5544
4490,5598
4490,5726
4490,5926
4490,5968
4491,2762
4491,6021
4492,5373
4493,2202
4493,2820
4494,2088
4494,2325
4494,2353
4494,2359
4494,2748
4494,2778
4494,2779
4494,3057
4494,3643
4494,3686
4494,3689
4494,3697
4494,4116
4494,4417
4494,4795
4494,4911
4494,5333
4494,5346
4494,5674
4494,5918
4494,5949
4494,5974
4494,6289
4495,2082
4495,4441
4495,5179
4495,5878
4495,6152
4496,2770
4497,2789
4498,2368
4498,4910
4499,801
4499,1240
4499,1743
4499,2081
4499,2091
4499,2093
4499,2173
4499,2202
4499,2312
4499,2328
4499,2329
4499,2349
4499,2350
4499,2356
4499,2359
4499,2362
4499,2367
4499,2370
4499,2372
4499,2373
4499,2376
4499,2378
4499,2548
4499,2559
4499,2682
4499,2687
4499,2712
4499,2720
4499,2741
4499,2764
4499,2770
4499,2772
4499,2778
4499,2779
4499,2781
4499,2786
4499,2789
4499,2791
4499,2793
4499,2795
4499,2797
4499,2800
4499,2802
4499,2804
4499,2807
4499,2808
4499,2809
4499,2812
4499,2815
4499,2818
4499,2821
4499,2822
4499,2823
4499,2824
4499,2825
4499,2827
4499,2828
4499,2831
4499,2832
4499,2833
4499,2835
4499,2837
4499,2838
4499,2839
4499,2924
4499,3229
4499,3595
4499,3623
4499,3644
4499,3650
4499,3666
4499,3671
4499,3673
4499,3674
4499,3684
4499,3687
4499,3690
4499,3691
4499,3694
4499,3696
4499,3700
4499,3702
4499,3705
4499,3707
4499,3709
4499,3712
4499,3717
4499,3719
4499,3721
4499,3724
4499,3727
4499,3729
4499,3730
4499,3731
4499,3733
4499,3734
4499,3736
4499,3737
4499,3738
4499,3739
4499,3740
4499,3741
4499,3743
4499,3745
4499,3749
4499,3750
4499,3752
4499,3753
4499,3754
4499,3756
4499,3758
4499,3759
4499,4116
4499,4296
4499,4433
4499,4436
4499,4441
4499,4442
4499,4443
4499,4446
4499,4447
4499,4449
4499,4476
4499,4484
4499,4490
4499,4493
4499,4502
4499,4503
4499,4507
4499,4508
4499,4540
4499,4545
4499,4788
4499,4910
4499,4912
4499,4965
4499,4975
4499,4988
4499,5026
4499,5091
4499,5100
4499,5136
4499,5152
4499,5164
4499,5177
4499,5219
4499,5220
4499,5221
4499,5222
4499,5225
4499,5230
4499,5232
4499,5254
4499,5307
4499,5331
4499,5333
4499,5344
4499,5382
4499,5510
4499,5511
4499,5520
4499,5523
4499,5528
4499,5529
4499,5539
4499,5544
4499,5545
4499,5554
4499,5555
4499,5557
4499,5562
4499,5588
4499,5592
4499,5598
4499,5603
4499,5606
4499,5642
4499,5643
4499,5644
4499,5648
4499,5650
4499,5703
4499,5710
4499,5726
4499,5783
4499,5801
4499,5864
4499,5867
4499,5871
4499,5889
4499,5892
4499,5893
4499,5894
4499,5895
4499,5899
4499,5900
4499,5901
4499,5913
4499,5932
4499,5933
4499,5935
4499,5969
4499,5976
4499,5985
4499,6022
4499,6139
4499,6177
4499,6184
4499,6249
4499,6288
4499,6290
4499,6291
4499,6292
4499,6293
4500,2360
4500,2617
4500,5891
4500,5905
4500,6149
4501,5523
4502,3721
4503,2008
4503,4172
4503,4446
4503,5495
4503,6294
4504,5867
4505,818
4505,2830
4505,4510
4505,5649
4505,5777
4505,5905
4505,5970
4505,6295
4505,6296
4506,3671
4506,4508
4506,5351
4506,5891
4507,2330
4507,2370
4507,2807
4507,3729
4507,3740
4507,4500
4507,5077
4507,5476
4508,2631
4508,2823
4508,3671
4508,3700
4508,3711
4508,3727
4508,3747
4508,4506
4508,4509
4508,5153
4508,5496
4508,5523
4508,6133
4508,6182
4508,6183
4508,6297
4508,6298
4508,6299
4509,2819
4509,2824
4509,3732
4509,4448
4509,4449
4509,5513
4509,5917
4509,6300
4510,4505
4510,5712
4510,5905
4510,5970
4511,3742
4512,3752
4513,1038
4514,2268
4514,2737
4514,2988
4514,2989
4514,3026
4514,3037
4514,4136
4514,6301
4515,1305
4515,2468
4516,1049
4516,4815
4517,1049
4517,1108
4517,4190
4517,6302
4518,1052
4518,3432
4519,1066
4520,1070
4521,1078
4522,1078
4522,1986
4522,2273
4522,3037
4522,3928
4523,4177
4524,2089
4524,2654
4524,2655
4524,2714
4524,3097
4524,3098
4524,3622
4524,4315
4525,1205
4525,2643
4525,2663
4525,3595
4525,3832
4525,4962
4526,1991
4526,2291
4526,2325
4526,2608
4526,2666
4526,2708
4526,2729
4526,3615
4526,3627
4526,3828
4526,4414
4526,4569
4526,4750
4526,5174
4526,5324
4526,5368
4526,5527
4526,5744
4526,5757
4526,5834
4527,2265
4527,2323
4527,2721
4527,2898
4527,3047
4527,3224
4528,2690
4528,5048
4528,5087
4529,4412
4530,1752
4530,2089
4530,2352
4530,2707
4530,3637
4530,3828
4530,4226
4530,4459
4530,5149
4530,5593
4530,6070
4531,3263
4531,3649
4531,5463
4531,5628
4531,6303
4532,3951
4533,1838
4533,1927
4533,2493
4533,2622
4533,2666
4533,2735
4533,2746
4533,2889
4533,3043
4533,3095
4533,3225
4533,3268
4533,3668
4533,3669
4533,3732
4533,4478
4533,4479
4533,4611
4533,4977
4533,5132
4533,5254
4533,5393
4533,5474
4533,5560
4533,5682
4533,5777
4533,5850
4533,5851
4533,6304
4533,6305
4533,6306
4533,6307
4534,1262
4534,2493
4534,5325
4534,5778
4535,3951
4536,996
4536,2319
4536,2346
4536,2364
4536,2666
4536,2726
4536,2728
4536,2731
4536,2734
4536,2747
4536,2764
4536,2824
4536,2829
4536,3098
4536,3643
4536,3661
4536,3837
4536,3947
4536,4642
4536,5296
4536,5472
4536,5522
4536,5633
4536,5722
4536,5823
4536,6037
4536,6308
4537,2082
4537,2351
4537,3225
4537,4459
4537,4539
4537,4966
4537,6309
4537,6310
4538,3006
4538,3707
4538,6311
4539,2370
4539,2375
4539,2824
4539,4509
4539,4537
4539,6310
4539,6312
4540,5971
4541,2734
4541,4965
4541,5282
4541,5342
4541,5436
4541,5470
4542,2829
4542,4449
4542,5489
4542,5712
4543,2789
4543,3702
4543,5535
4543,5928
4543,6313
4543,6314
4544,4892
4544,5374
4544,6315
4545,2804
4545,3057
4545,3125
4545,3836
4545,4539
4545,4961
4545,5588
4545,6117
4545,6312
4546,892
4546,6316
4547,1082
4547,3669
4548,834
4548,1084
4548,1087
4549,38
4549,402
4550,1399
4551,1090
4551,1529
4552,91
4552,333
4552,1095
4553,809
4554,6317
4555,1273
4556,1097
4557,1329
4558,1890
4559,1588
4559,2527
4560,1363
4560,1782
4560,1910
4560,2515
4560,2850
4561,1098
4561,1615
4561,2426
4562,1104
4562,1952
4562,2989
4562,4926
4563,1104
4563,1244
4563,1286
4563,1319
4563,1553
4563,1696
4563,1697
4563,1718
4563,1982
4563,2167
4563,2250
4563,2264
4563,2563
4563,2880
4563,2987
4563,3123
4563,3555
4563,4168
4563,4702
4564,1926
4564,5243
4564,5244
4565,1026
4565,3274
4565,4839
4566,2046
4567,1640
4568,2573
4568,5119
4568,6319
4569,966
4569,1107
4569,1212
4569,1420
4569,1424
4569,1426
4569,1459
4569,1482
4569,1484
4569,1899
4569,1939
4569,1966
4569,2171
4569,2263
4569,2279
4569,2313
4569,2650
4569,3123
4569,3239
4569,3244
4569,3258
4569,3335
4569,3579
4569,4778
4570,3397
4571,3009
4572,2576
4573,2167
4573,3020
4574,1804
4574,1973
4574,1990
4574,2109
4574,2247
4574,2399
4574,3098
4574,3225
4574,3567
4574,3577
4574,4848
4575,2491
4576,3953
4576,3954
4577,2494
4577,3216
4577,3942
4577,4319
4577,6320
4578,1967
4578,2631
4578,2639
4578,2655
4578,3094
4578,4580
4578,4749
4578,4788
4578,5107
4578,5210
4579,2650
4579,2663
4579,3967
4580,2324
4580,4578
4581,3659
4581,3676
4581,5155
4581,5476
4582,1210
4582,1583
4582,3913
4582,4191
4582,6321
4583,3913
4584,1108
4584,6218
4585,1110
4585,6322
4586,1120
4587,1359
4587,2051
4587,2745
4587,4214
4587,4328
4587,4615
4588,1469
4588,1952
4588,2046
4588,2048
4588,2049
4588,2155
4588,2187
4588,2540
4588,3947
4588,3961
4588,4024
4588,4032
4588,4046
4588,4293
4588,4344
4588,6323
4589,1139
4590,1143
4591,1143
4592,1143
4593,1143
4594,48
4594,670
4594,728
4594,913
4594,953
4594,1047
4594,1283
4594,1361
4594,1422
4594,1880
4595,3909
4596,1453
4597,1157
4597,2514
4598,1445
4598,2244
4598,3329
4599,1631
4599,3920
4600,1249
4600,1307
4600,1955
4600,2153
4601,1442
4601,1460
4601,1640
4601,1671
4602,1286
4602,1466
4602,1640
4603,3396
4603,3941
4604,1169
4604,1659
4605,1283
4605,3029
4606,1259
4606,1300
4606,1304
4606,1315
4606,1838
4606,1970
4606,2888
4606,4728
4607,1304
4607,1982
4607,2158
4607,3226
4607,4049
4607,4096
4607,4668
4607,5104
4607,5127
4607,6324
4608,1146
4609,2336
4610,2131
4610,2409
4611,1150
4611,2321
4611,2740
4611,2750
4611,2770
4611,3269
4611,3270
4611,4479
4611,4481
4611,5560
4612,1150
4612,1738
4612,2024
4612,2150
4612,5041
4613,1751
4614,1604
4615,1155
4615,1265
4615,1447
4615,1631
4615,1875
4615,1946
4615,2033
4615,2041
4615,2049
4615,2051
4615,2243
4615,2540
4615,2542
4615,3240
4615,4106
4615,4137
4615,4587
4616,1462
4616,1957
4617,1538
4618,1312
4618,1316
4618,1319
4618,1462
4618,1654
4618,1961
4618,3333
4618,4048
4618,4049
4618,4173
4618,4242
4618,4752
4618,4995
4618,5198
4618,6325
4618,6326
4619,4374
4620,3072
4621,1159
4622,1344
4622,1345
4622,1839
4622,5295
4623,4385
4624,631
4624,796
4624,1166
4624,2008
4624,2395
4625,2906
4626,1169
4626,4054
4626,4055
4626,4372
4627,1654
4628,1345
4628,1399
4629,898
4629,1763
4629,4214
4630,4355
4630,6318
4631,1280
4632,3331
4632,3708
4632,6163
4632,6165
4633,1957
4633,2049
4634,1462
4634,3306
4635,1302
4635,1310
4635,1640
4635,1647
4635,2422
4635,3961
4635,4055
4636,1174
4636,1176
4636,1273
4636,1300
4636,1471
4636,1538
4636,1634
4636,1636
4636,1662
4636,1753
4636,1955
4636,2002
4636,2153
4636,3212
4636,3454
4636,4452
4637,660
4637,781
4637,1176
4637,1298
4637,1302
4637,1319
4637,1900
4637,2009
4637,2269
4637,2399
4637,3077
4638,1186
4639,1187
4640,1198
4640,2017
4640,2494
4640,2622
4640,2639
4640,2645
4640,2658
4640,2663
4640,2676
4640,3098
4640,3128
4640,3216
4640,3222
4640,3567
4640,3570
4640,3967
4640,3968
4640,3969
4640,4402
4640,4463
4640,4577
4640,4642
4640,4864
4640,4954
4640,5142
4640,5408
4640,5691
4640,5746
4641,1198
4641,1689
4641,2325
4641,2630
4641,2647
4641,2663
4641,2669
4641,3567
4641,5083
4642,4508
4642,4536
4643,2321
4644,1198
4644,2378
4644,2679
4644,2694
4644,2790
4644,3565
4644,5043
4644,5196
4644,5209
4644,5788
4644,6020
4645,5450
4646,1952
4646,2650
4647,5331
4647,6197
4648,3839
4649,2677
4649,3627
4649,5774
4649,5805
4650,67
4650,2150
4650,2319
4650,2687
4650,2695
4650,3525
4650,3615
4650,3632
4650,3643
4651,5920
4652,1396
4653,1202
4654,1202
4655,2082
4655,2089
4655,2320
4655,2637
4655,2643
4655,2673
4655,2679
4655,2690
4655,2711
4655,3055
4655,3229
4655,3567
4655,3609
4655,3620
4655,3709
4655,3832
4655,4114
4655,4315
4655,4317
4655,4459
4655,4656
4655,5470
4656,2324
4656,3604
4657,1363
4657,1776
4657,2132
4657,3883
4658,860
4659,1217
4659,1652
4660,2101
4661,1387
4662,3906
4662,4087
4662,4680
4663,285
4663,303
4663,1749
4664,2312
4664,6328
4665,1217
4665,1240
4665,1286
4665,1292
4665,1302
4665,1310
4665,1319
4665,1484
4665,1664
4665,1838
4665,1937
4665,1970
4665,2050
4665,2252
4665,2326
4665,2327
4665,2353
4665,2365
4665,2621
4665,2727
4665,2824
4665,2831
4665,2924
4665,3029
4665,3098
4665,3100
4665,3268
4665,3335
4665,3591
4665,3646
4665,3648
4665,3662
4665,3672
4665,3693
4665,3831
4665,4322
4665,4358
4665,4431
4665,4438
4665,4441
4665,4482
4665,4536
4665,4770
4665,5076
4665,5096
4665,5101
4665,5138
4665,5216
4665,5255
4665,5338
4665,5543
4665,5776
4665,5780
4665,5803
4665,5835
4665,5861
4665,5969
4665,6329
4666,2168
4666,2279
4666,2289
4667,1571
4667,1708
4667,2162
4668,1259
4668,1589
4668,1656
4668,1690
4668,1693
4668,1988
4668,2154
4668,2155
4668,2171
4668,2255
4668,2265
4668,2267
4668,2282
4668,2291
4668,2572
4668,2580
4668,2912
4668,3003
4668,3008
4668,3549
4668,3928
4668,4096
4668,4168
4668,4181
4668,4242
4668,4607
4668,4670
4668,4698
4668,4736
4668,4845
4668,4863
4668,4882
4668,5016
4668,5162
4668,6330
4669,1712
4669,1946
4669,2162
4669,2176
4669,2207
4669,2281
4669,2291
4669,3007
4669,3010
4669,3397
4669,4953
4669,5707
4670,1979
4670,1982
4670,4668
4671,727
4671,1245
4672,530
4672,635
4672,1246
4673,1247
4673,1444
4673,1450
4673,1620
4673,1631
4673,1633
4673,2047
4673,2049
4673,2245
4673,2477
4673,4024
4674,4046
4674,5310
4675,4884
4676,2309
4677,1256
4677,1901
4678,649
4678,1344
4678,1410
4678,1686
4678,1901
4678,2917
4678,3811
4678,3971
4678,4183
4678,4260
4679,1251
4679,1900
4679,3493
4679,3502
4679,5415
4680,1612
4680,2539
4680,4662
4681,2877
4682,1475
4683,1943
4683,4023
4684,4168
4685,1251
4685,1262
4685,1265
4685,1442
4685,1596
4685,1946
4685,2001
4685,3013
4686,3482
4686,6212
4687,1481
4687,1640
4687,1665
4687,1715
4687,2550
4687,4707
4688,1286
4688,1477
4688,1647
4688,1651
4688,1691
4689,2251
4689,3244
4690,2965
4691,1612
4692,1442
4692,1475
4693,1253
4693,1444
4693,2804
4694,71
4694,1310
4694,1647
4694,1951
4694,3037
4694,3855
4695,1256
4696,610
4696,1948
4696,2244
4696,4243
4697,1453
4698,3854
4698,4668
4699,2986
4700,6000
4701,2614
4701,3019
4701,3095
4701,3127
4701,5665
4702,1707
4702,1986
4702,2469
4702,2987
4702,3518
4702,4096
4702,4167
4703,1988
4703,2174
4703,2289
4703,2947
4703,3119
4703,3239
4703,3549
4703,4668
4703,4766
4703,4769
4703,5284
4704,3562
4704,5061
4705,1263
4706,308
4706,800
4706,1155
4706,1265
4706,5673
4707,1265
4707,1462
4707,1469
4707,2049
4707,2563
4707,2989
4708,1265
4709,2598
4709,4393
4709,5312
4710,1267
4710,1294
4710,3097
4711,1267
4712,1267
4713,2477
4713,2487
4713,3123
4713,3564
4714,3842
4715,1174
4715,1273
4715,1602
4715,1772
4716,1423
4716,2536
4717,1274
4718,1275
4719,1275
4719,2421
4719,2424
4719,3146
4719,4066
4720,1275
4721,1275
4722,456
4722,1280
4723,2421
4723,4559
4724,1281
4724,2863
4724,5993
4725,1281
4726,1682
4727,1845
4728,1284
4728,1296
4728,1297
4728,1304
4728,1657
4728,1691
4728,1694
4728,2996
4728,3148
4728,3518
4728,3942
4728,4239
4728,4606
4728,4733
4729,1286
4729,1425
4729,1939
4729,2422
4729,3330
4729,4940
4730,2268
4731,1291
4731,4692
4732,1291
4732,2155
4733,4728
4733,4752
4734,1292
4735,1462
4735,2856
4735,2877
4735,4045
4735,4236
4735,4978
4735,6331
4735,6332
4736,758
4736,1294
4736,4668
4737,1294
4737,1310
4737,1315
4737,1320
4737,1571
4737,1666
4737,1935
4737,1982
4737,2176
4737,2291
4737,2464
4737,2555
4737,2579
4737,2639
4737,2927
4737,2989
4737,3037
4737,3257
4737,3481
4737,3928
4737,4302
4737,4393
4737,4700
4737,4773
4737,4810
4737,4952
4738,1293
4738,1295
4738,1473
4738,1899
4738,2155
4738,2923
4738,3543
4738,4121
4738,6226
4739,1295
4739,1647
4740,1295
4740,1307
4741,1295
4742,62
4742,423
4742,949
4742,977
4742,1295
4742,1296
4742,1313
4742,1319
4742,1404
4742,1461
4742,1571
4742,1681
4742,1698
4742,1937
4742,1954
4742,1970
4742,1978
4742,1982
4742,2415
4742,4835
4742,5422
4743,1296
4743,3544
4743,4756
4743,6333
4744,1296
4744,1665
4744,3345
4745,1291
4745,1292
4745,1296
4745,1693
4745,2044
4745,3396
4746,1298
4746,1314
4746,1708
4746,2488
4746,3928
4747,1298
4747,1666
4747,1708
4747,1714
4747,1939
4747,2989
4747,3091
4747,4176
4747,4300
4748,163
4748,1298
4748,4167
4749,1299
4749,1310
4749,4206
4749,5004
4749,6334
4750,3123
4750,5043
4750,5324
4750,6128
4751,1304
4751,1690
4751,3974
4752,1300
4752,1653
4752,4618
4752,4733
4753,1425
4753,1631
4753,1633
4753,2038
4753,4213
4753,6335
4754,1174
4754,4607
4755,4402
4755,4953
4756,4743
4757,4285
4757,4328
4758,1310
4759,2974
4760,1292
4760,1296
4760,1970
4760,2172
4761,1698
4761,2385
4761,3962
4762,1295
4762,1304
4762,1309
4762,1312
4762,1316
4762,1319
4762,1682
4763,1312
4763,1319
4763,1469
4763,1571
4763,1688
4763,1736
4763,1936
4763,2051
4763,3962
4763,4997
4764,1318
4765,1312
4765,2477
4765,3241
4766,3555
4767,1397
4767,2456
4767,2619
4768,2176
4768,5657
4768,6336
4769,4703
4769,5122
4770,5209
4771,1294
4771,1979
4771,2171
4771,2176
4771,2274
4771,2283
4771,3009
4771,4244
4771,4882
4772,2585
4772,3242
4772,3244
4773,1717
4774,1717
4774,2203
4775,1965
4775,2464
4775,2467
4775,2592
4775,4816
4776,3077
4777,2154
4777,6337
4778,1104
4778,1317
4778,1424
4778,1696
4778,1707
4778,2291
4778,2464
4778,2615
4778,3012
4778,3319
4778,4569
4778,4777
4778,4783
4779,2318
4779,4780
4779,5657
4780,1317
4780,2481
4780,3036
4780,4779
4780,4863
4781,818
4781,1320
4781,1757
4781,2369
4781,2603
4781,2682
4781,2811
4781,3692
4781,3697
4781,4445
4781,4473
4781,4476
4781,4975
4781,5506
4781,5530
4782,2461
4782,2484
4782,2612
4782,2639
4782,2655
4782,2658
4782,2693
4782,2825
4782,3323
4782,4953
4782,5128
4782,5803
4782,5938
4783,1426
4783,2167
4783,2487
4783,2560
4783,2592
4783,2634
4783,2639
4783,3016
4783,3047
4783,3167
4783,4792
4783,5188
4783,6338
4784,332
4784,1689
4784,2172
4785,2603
4785,2607
4785,2885
4785,3568
4785,4783
4785,5190
4786,1317
4786,2479
4786,2602
4786,2622
4786,2627
4786,2647
4786,2726
4786,2888
4786,3040
4786,3044
4786,3045
4786,3667
4786,4785
4787,2807
4787,2996
4787,3043
4787,3097
4787,3098
4787,3572
4787,3661
4787,3966
4787,4866
4788,2887
4789,1198
4789,1706
4789,2621
4789,2631
4789,2638
4789,2639
4789,2642
4789,2715
4789,3134
4789,3222
4789,3952
4789,3969
4789,5810
4790,4792
4790,5456
4791,496
4791,2791
4791,3098
4791,5535
4791,5577
4791,5937
4792,2885
4792,4783
4793,2568
4793,3581
4794,5746
4795,995
4795,1524
4795,1901
4795,2084
4795,2131
4795,2252
4795,2324
4795,2350
4795,2427
4795,2715
4795,2899
4795,4791
4795,5032
4795,5143
4795,5535
4795,5937
4796,2705
4796,3097
4796,3592
4796,4213
4796,5000
4796,5210
4796,5740
4796,6339
4797,1442
4797,1462
4797,2892
4798,1704
4799,3396
4799,3544
4799,6340
4800,1304
4801,1305
4802,2172
4802,3126
4803,2616
4804,3097
4805,1688
4806,2210
4807,1312
4807,4328
4807,6000
4807,6341
4808,1313
4809,4293
4810,1717
4810,2203
4810,2468
4810,3032
4810,4737
4810,4978
4811,377
4811,1283
4811,1438
4811,1698
4811,3244
4812,1285
4812,4844
4813,1469
4813,1966
4813,2159
4813,2172
4813,2210
4813,2294
4813,2466
4813,2594
4813,3148
4813,3248
4813,3257
4814,1317
4815,1317
4815,1452
4815,1654
4815,1691
4815,1979
4815,2176
4815,2203
4815,2279
4815,2291
4815,2294
4815,2470
4815,2674
4815,3011
4815,3397
4815,4516
4815,6342
4816,1317
4816,1717
4816,2461
4816,2485
4816,2488
4816,2589
4816,2610
4816,4775
4817,1479
4817,3032
4818,1318
4818,3249
4818,3342
4818,5311
4819,2838
4819,3746
4819,3749
4819,4906
4819,5649
4820,1291
4820,1688
4820,1698
4821,1319
4821,2989
4822,1320
4823,1320
4824,5627
4825,3099
4825,3581
4826,1328
4826,1617
4826,1778
4826,1902
4827,1331
4828,1331
4829,447
4830,1771
4830,1924
4831,1341
4831,5312
4832,1781
4832,4323
4833,1348
4833,2025
4833,4425
4834,1345
4834,1355
4834,1694
4835,781
4835,884
4835,906
4835,1042
4835,1079
4835,1217
4835,1262
4835,1273
4835,1302
4835,1318
4835,1353
4835,1364
4835,1367
4835,1439
4835,1445
4835,1482
4835,1624
4835,1663
4835,1678
4835,1705
4835,1854
4835,1899
4835,1927
4835,1945
4835,1948
4835,1974
4835,2109
4835,2243
4835,2244
4835,2278
4835,2317
4835,2323
4835,2399
4835,2471
4835,2476
4835,2535
4835,2566
4835,2582
4835,2585
4835,2619
4835,2647
4835,2794
4835,3024
4835,3032
4835,3086
4835,3094
4835,3098
4835,3101
4835,3218
4835,3225
4835,3254
4835,3316
4835,3536
4835,3550
4835,3567
4835,3582
4835,4025
4835,4205
4835,4526
4835,4797
4835,4947
4835,5738
4836,1348
4836,3305
4836,3872
4837,160
4837,526
4837,995
4837,1350
4837,1909
4838,1348
4839,1348
4839,1355
4839,1358
4839,1613
4839,1910
4839,1927
4839,3460
4839,3983
4839,4565
4839,4875
4840,2910
4841,2050
4841,3347
4841,4171
4841,4256
4842,1951
4842,2557
4843,5061
4844,1710
4844,2154
4845,4668
4846,67
4847,1313
4847,2203
4847,2292
4847,2460
4847,5821
4848,2273
4848,2275
4848,2279
4848,2283
4848,2580
4848,2671
4848,3002
4848,3564
4848,5035
4849,2274
4850,3250
4851,1452
4851,2464
4852,2154
4853,2284
4853,2461
4853,5437
4854,2291
4855,1883
4855,2275
4856,2203
4856,2589
4856,3899
4856,5194
4857,1982
4858,2607
4858,3905
4858,4311
4859,2208
4859,2260
4859,2486
4859,2576
4859,5268
4859,6309
4860,2465
4861,2477
4861,5412
4862,2479
4862,3038
4863,18
4863,2176
4863,2560
4863,3230
4863,4668
4864,1482
4864,2317
4864,2318
4864,2489
4864,2603
4864,2615
4864,2616
4864,2647
4864,2867
4864,3019
4864,3020
4864,3037
4864,3042
4864,3043
4864,3044
4864,3215
4864,3331
4864,3570
4864,4152
4864,4411
4864,4746
4864,4930
4864,5028
4864,5274
4864,5705
4865,1317
4865,2622
4865,3044
4865,4668
4866,2623
4866,2639
4866,3519
4866,4135
4867,2634
4867,2976
4867,3101
4868,2327
4868,2604
4868,2607
4868,2639
4868,3570
4868,3607
4869,4870
4870,1713
4870,1927
4870,2694
4870,3232
4870,3839
4870,4427
4870,4869
4870,5373
4870,5818
4871,2685
4871,2728
4871,2738
4871,2772
4871,5649
4872,2030
4872,2344
4872,3227
4872,5503
4872,6151
4873,1355
4873,2131
4874,3159
4875,569
4875,1348
4875,1410
4875,3136
4875,4837
4876,137
4876,1772
4876,2524
4877,1367
4878,1367
4879,863
4879,1440
4879,2867
4879,3081
4879,3495
4879,4255
4879,4994
4880,1482
4880,1708
4880,2161
4881,1390
4881,1803
4882,1104
4882,1304
4882,1982
4882,2171
4882,2249
4882,2265
4882,2275
4882,2484
4882,2560
4882,2574
4882,4097
4882,4668
4882,4771
4882,5121
4882,6343
4883,1452
4883,1712
4883,2260
4883,2294
4883,2466
4883,2471
4883,2478
4883,2888
4883,3252
4884,2464
4884,2466
4884,3239
4884,4675
4885,967
4885,1400
4885,2070
4886,1244
4886,1401
4886,3178
4887,26
4887,1402
4888,2857
4889,1629
4889,2051
4889,2116
4889,3536
4890,2309
4891,1404
4892,1405
4892,4544
4892,6315
4892,6344
4893,1407
4894,5312
4895,1466
4896,3928
4896,4300
4896,5016
4896,5023
4897,1982
4898,3037
4899,1982
4899,3126
4900,5139
4901,3631
4902,5330
4903,5173
4904,5010
4904,6345
4905,2082
4905,2376
4905,2475
4905,2694
4905,2817
4905,4112
4905,4907
4906,5178
4907,1927
4907,2351
4907,2364
4907,2370
4907,2375
4907,2708
4907,2766
4907,2767
4907,2800
4907,2808
4907,2815
4907,3643
4907,3662
4907,3828
4907,4113
4907,4172
4907,4315
4907,4408
4907,4446
4907,4467
4907,4471
4907,4905
4907,4910
4907,4912
4907,5211
4907,5245
4907,5399
4907,5488
4907,5649
4907,5848
4908,2760
4909,2762
4909,4438
4910,2370
4910,2372
4910,2791
4910,4113
4910,4172
4910,4498
4910,4907
4910,4916
4911,4172
4912,2202
4912,3675
4912,3705
4912,4441
4912,4443
4912,5333
4912,5887
4913,4490
4913,5583
4913,6198
4914,2082
4914,2357
4914,5100
4914,5535
4914,5637
4915,4445
4916,2202
4916,2366
4916,2370
4916,2372
4916,2376
4916,2565
4916,2682
4916,2732
4916,2760
4916,2762
4916,2775
4916,2781
4916,2786
4916,2788
4916,2797
4916,2800
4916,2806
4916,2811
4916,2825
4916,2832
4916,3268
4916,3644
4916,3650
4916,3658
4916,3691
4916,3705
4916,3707
4916,3709
4916,3711
4916,3721
4916,3836
4916,4116
4916,4132
4916,4133
4916,4135
4916,4432
4916,4436
4916,4441
4916,4446
4916,4480
4916,4492
4916,4494
4916,4495
4916,4497
4916,4538
4916,4542
4916,4905
4916,4910
4916,4912
4916,5026
4916,5090
4916,5219
4916,5400
4916,5484
4916,5520
4916,5549
4916,5588
4916,5680
4916,5710
4916,5925
4916,5943
4916,5966
4916,6152
4916,6346
4916,6347
4917,1410
4918,1410
4919,818
4919,1410
4919,2763
4919,4413
4919,4870
4919,5043
4920,1418
4920,1664
4920,4283
4921,3087
4922,1423
4922,1855
4923,1579
4923,1744
4923,2172
4923,2555
4923,3028
4923,3239
4923,5393
4924,1425
4925,3760
4925,4678
4926,4815
4927,1026
4928,2610
4928,3020
4928,3034
4929,1426
4929,1677
4929,1696
4929,1984
4929,2491
4929,2622
4929,2659
4929,2794
4929,2924
4929,3557
4929,3567
4929,3899
4929,4404
4929,5643
4930,3019
4930,4785
4930,4864
4931,1670
4931,2607
4932,1310
4932,3518
4932,4053
4933,1431
4933,1506
4933,2049
4933,2155
4933,3113
4934,683
4934,801
4934,1029
4934,1070
4934,1432
4934,1723
4934,1918
4934,4815
4935,1436
4936,1436
4936,1458
4936,4137
4936,4358
4937,2732
4937,3239
4937,4419
4937,5010
4937,5334
4938,1439
4938,2889
4938,2899
4939,1942
4940,1440
4940,1448
4940,1946
4940,2153
4940,2451
4940,3517
4940,4150
4940,4729
4941,1442
4941,1640
4942,4393
4943,1444
4943,2033
4944,996
4944,1444
4945,1445
4946,1447
4946,3496
4946,4026
4947,1447
4948,408
4948,848
4948,1278
4948,1451
4949,1444
4949,1451
4950,1939
4950,2267
4950,2639
4950,4300
4951,1452
4952,1452
4952,2202
4952,2203
4952,2470
4952,3134
4953,1452
4953,2492
4953,3519
4953,4402
4953,4669
4954,2203
4954,2468
4954,3397
4955,646
4956,3847
4956,4281
4956,4957
4956,6201
4957,4281
4957,4956
4957,6201
4958,4295
4959,1952
4959,4020
4960,1458
4960,1467
4960,1723
4961,2153
4961,2359
4961,2399
4961,2706
4961,2717
4961,2720
4961,2800
4961,2898
4961,3225
4961,3263
4961,3643
4961,3712
4961,3838
4961,4060
4961,4545
4961,5136
4961,5235
4961,5255
4961,5338
4961,5373
4961,5575
4961,5669
4961,5871
4961,6348
4962,2667
4962,2729
4962,2894
4962,3240
4962,3546
4962,3601
4962,3857
4962,6072
4963,2696
4963,2998
4963,3617
4964,5643
4965,2163
4965,3058
4965,3232
4965,3626
4965,4405
4965,4419
4965,4541
4965,4905
4965,5282
4965,5470
4965,5575
4965,5757
4966,3224
4966,3615
4966,4537
4967,2748
4967,2809
4967,3647
4967,4416
4968,2092
4968,2252
4968,2344
4968,2352
4968,2611
4968,2666
4968,2718
4968,2777
4968,3225
4968,3263
4968,3322
4968,3587
4968,3832
4968,4205
4968,4227
4968,4416
4968,4462
4968,4655
4968,5324
4968,5673
4969,2693
4969,5454
4970,5872
4971,5726
4971,5884
4972,2470
4972,2634
4972,2685
4972,2796
4972,2811
4972,2898
4972,3951
4972,5871
4972,6117
4973,5230
4974,2079
4974,2085
4974,2090
4974,2326
4974,2351
4974,2700
4974,2728
4974,2748
4974,2764
4974,2805
4974,2812
4974,3615
4974,3643
4974,3665
4974,3666
4974,4113
4974,4903
4974,4965
4974,5211
4974,5373
4974,5675
4974,5941
4975,2030
4975,2367
4975,2376
4975,2721
4975,2811
4975,2835
4975,4436
4975,5091
4975,5215
4975,5589
4975,5590
4975,5764
4976,4431
4977,5682
4977,6349
4978,1462
4978,1478
4978,1638
4978,2034
4978,2049
4978,2451
4978,3011
4978,3397
4978,3961
4978,4046
4978,4153
4978,4735
4978,4810
4979,1462
4979,2877
4979,6350
4980,4023
4980,4169
4981,1463
4981,1640
4981,1937
4981,1950
4981,2622
4981,3020
4981,3095
4981,5716
4981,6351
4982,1463
4982,1646
4982,4293
4983,2202
4983,2488
4983,2560
4983,2610
4983,3019
4984,5060
4985,3335
4985,6329
4986,1466
4987,1468
4987,6351
4988,1473
4988,3753
4988,4462
4988,4989
4989,1473
4989,4988
4990,1002
4990,1475
4990,1506
4990,2043
4990,2051
4990,3919
4990,6041
4991,2019
4991,2031
4991,2036
4991,2918
4992,1258
4992,2004
4992,2340
4992,2409
4992,2708
4992,3203
4992,3666
4992,4901
4992,5048
4992,5084
4992,5507
4993,1936
4993,2243
4993,4008
4993,4012
4993,5248
4993,6126
4993,6202
4994,4393
4995,3961
4995,4137
4995,4328
4995,4618
4995,6352
4996,1479
4996,2996
4996,3044
4997,1420
4997,1899
4997,1952
4997,2968
4998,1473
4998,2155
4998,4995
4999,3095
4999,3894
4999,4462
5000,2600
5000,5002
5000,5281
5001,2280
5001,2491
5001,3934
5002,2607
5002,5000
5002,5433
5002,5699
5003,1484
5003,2560
5003,3966
5003,5157
5004,2318
5004,2323
5004,4749
5005,2089
5005,2667
5005,3619
5006,3774
5007,1494
5008,2938
5009,1526
5010,1539
5010,1667
5010,1928
5010,2279
5010,2560
5010,4133
5010,4904
5010,5831
5010,6353
5011,1662
5011,2131
5012,94
5012,283
5012,504
5012,1553
5012,1772
5012,4075
5013,1562
5014,594
5014,1563
5015,2455
5016,1695
5016,1717
5016,1957
5016,4096
5016,4167
5016,4896
5016,5023
5016,6354
5017,1574
5017,2330
5017,2765
5017,2778
5017,5557
5017,5787
5018,5848
5019,1588
5019,2131
5020,1952
5020,2915
5020,3923
5020,4046
5020,6011
5021,2045
5021,2469
5022,4459
5023,2458
5023,2565
5023,3120
5023,3242
5023,3244
5023,3558
5023,4401
5023,4896
5023,5016
5023,5131
5024,1590
5025,69
5025,170
5026,3700
5027,2007
5028,1452
5028,1610
5028,1965
5028,2176
5028,2316
5028,2461
5028,2463
5028,2475
5028,2600
5028,4462
5028,4864
5029,1612
5030,1612
5031,1267
5031,1613
5031,5287
5032,760
5032,1310
5032,3148
5033,2267
5033,2484
5033,4401
5034,2361
5034,3692
5034,3811
5034,5373
5034,5386
5034,5680
5034,5888
5035,4169
5036,1614
5036,1637
5036,3036
5036,4210
5037,2609
5037,3932
5038,1617
5038,1901
5038,5682
5039,774
5039,1821
5039,1932
5039,2004
5039,4003
5040,1620
5041,1624
5041,4003
5041,4612
5042,1625
5043,4644
5043,5196
5043,5324
5044,1425
5044,1630
5044,3277
5045,1612
5046,5037
5047,5046
5048,1310
5048,2279
5048,2322
5048,2352
5048,2645
5048,2708
5048,3057
5048,3224
5048,3581
5048,3667
5048,3757
5048,4315
5048,4417
5048,4992
5048,5087
5048,5720
5048,5802
5048,6116
5049,1640
5050,1640
5050,4366
5051,1640
5051,2044
5051,2970
5051,3396
5052,1641
5053,1642
5054,1642
5054,2155
5055,1643
5056,4009
5057,1647
5057,2155
5058,1647
5058,1653
5058,1952
5058,3396
5059,4052
5060,2155
5060,4984
5061,1654
5061,2279
5061,2560
5061,2907
5061,4704
5061,4843
5062,1654
5062,1714
5062,2973
5063,1656
5063,2289
5063,3123
5064,3923
5065,1713
5065,2162
5065,3926
5065,4242
5065,5167
5066,1664
5066,2270
5066,3554
5067,2021
5067,2330
5067,2367
5067,2746
5067,2786
5067,2825
5067,3836
5067,4477
5067,5155
5067,5474
5067,5503
5067,5630
5068,1664
5068,2085
5068,2741
5068,3686
5068,4487
5068,5101
5069,3036
5070,3396
5071,1296
5071,2974
5072,1312
5073,539
5074,1319
5074,1420
5074,1666
5074,1939
5074,1982
5074,2280
5074,2291
5074,2927
5074,2996
5074,5022
5074,5131
5075,1651
5075,1713
5075,1986
5075,3555
5075,4099
5075,5065
5075,6355
5076,1667
5076,1927
5076,2362
5076,2778
5076,2786
5076,2789
5076,3685
5076,4438
5076,5802
5077,1667
5077,2325
5077,4507
5078,1259
5078,1462
5078,3457
5079,3040
5079,3966
5080,1670
5080,3549
5081,5441
5082,367
5083,2650
5083,2892
5083,4093
5083,4328
5084,1571
5084,3822
5084,4992
5085,1325
5085,1698
5085,2010
5085,3240
5085,3546
5085,3857
5085,6109
5085,6110
5086,1953
5086,2677
5086,2679
5086,2721
5086,3087
5086,4527
5087,1250
5087,1474
5087,2344
5087,2690
5087,2694
5087,2702
5087,2706
5087,2898
5087,3232
5087,3581
5087,3629
5087,3679
5087,3830
5087,4462
5087,4528
5087,4955
5087,5048
5087,5460
5088,1677
5089,1677
5089,3056
5089,5634
5090,1677
5090,4431
5090,4916
5091,4446
5091,4484
5092,1677
5092,2826
5092,4135
5092,6021
5092,6356
5092,6357
5092,6358
5093,610
5093,2356
5093,2824
5093,2895
5093,3323
5093,3699
5093,5950
5093,5998
5093,6168
5094,2361
5094,4496
5094,5255
5095,4115
5096,3591
5096,3686
5096,3838
5096,4115
5096,5410
5096,5798
5096,6120
5097,172
5097,1743
5097,2312
5097,2365
5097,2473
5097,2708
5097,2741
5097,2762
5097,2776
5097,2777
5097,2927
5097,3268
5097,3656
5097,4136
5097,4972
5097,5102
5097,5474
5097,5780
5097,6045
5097,6117
5097,6139
5097,6359
5097,6360
5098,3269
5099,4113
5099,5103
5099,5958
5100,4484
5100,4914
5100,6150
5101,1677
5101,2363
5101,3701
5101,5068
5101,5670
5101,5848
5102,2779
5102,3617
5102,4437
5102,4441
5102,4905
5102,5947
5102,6361
5103,1677
5103,1717
5103,3789
5103,4490
5103,4913
5103,5099
5104,1319
5104,1682
5104,1698
5104,4607
5105,1687
5105,2566
5105,3557
5105,6362
5106,4896
5107,1267
5107,2172
5107,2291
5107,4303
5108,3517
5109,3863
5109,4264
5109,6363
5110,1267
5111,2603
5112,1952
5112,1982
5112,2268
5113,3223
5113,4310
5114,6282
5115,6364
5116,2766
5116,5336
5116,5858
5117,5342
5117,5805
5118,3272
5119,2162
5119,3250
5119,4167
5119,4181
5119,4568
5120,1690
5120,1714
5120,2268
5120,3247
5121,2162
5121,2204
5121,2267
5121,2275
5121,4094
5122,1994
5122,4100
5122,6012
5122,6355
5123,1696
5124,1696
5124,2470
5125,2162
5126,1698
5126,4344
5126,4355
5127,1319
5127,1425
5127,2031
5127,4607
5128,1701
5128,4173
5129,1701
5129,1975
5130,3044
5130,4788
5131,1303
5131,1685
5131,2268
5131,2290
5131,2291
5131,3123
5131,3934
5131,3946
5131,4178
5131,5023
5132,2591
5132,4533
5132,5411
5133,1991
5133,2167
5133,3019
5133,3020
5134,3043
5134,5135
5134,5701
5134,5795
5135,1991
5135,2634
5135,2662
5135,3932
5135,5134
5135,5795
5136,2348
5136,3836
5136,4432
5136,4961
5137,2320
5137,2642
5137,2726
5137,2994
5137,3410
5138,2347
5138,3227
5138,5400
5139,2650
5139,4306
5139,4900
5139,5190
5139,5731
5140,3564
5140,3705
5141,1705
5141,2618
5141,5137
5142,2318
5142,2650
5142,2659
5142,3044
5142,5138
5142,5643
5143,3232
5144,882
5144,3525
5144,6365
5145,2475
5145,2717
5145,2788
5145,2790
5145,2793
5145,2828
5145,3260
5145,3644
5145,3658
5145,3681
5145,3741
5145,3827
5145,4441
5145,4442
5145,4471
5145,4472
5145,4539
5145,4902
5145,4907
5145,5043
5145,5219
5145,5245
5145,5324
5145,5496
5145,5506
5145,5852
5145,6040
5145,6312
5145,6366
5145,6367
5146,2351
5146,2748
5146,3652
5146,4113
5147,2651
5147,2694
5147,5643
5147,5955
5148,2732
5148,5100
5148,5335
5149,3627
5149,3696
5149,3828
5149,4530
5149,5971
5150,2561
5150,5702
5151,2371
5151,2754
5151,2802
5151,4536
5151,5568
5152,1927
5152,2480
5152,2748
5152,2764
5152,3261
5152,4484
5152,5155
5152,5603
5152,5635
5152,6365
5153,4508
5154,5474
5155,2366
5155,3674
5155,3696
5155,5067
5155,5152
5155,5898
5155,5948
5155,6022
5155,6368
5156,1981
5156,1982
5156,2162
5156,2570
5156,2993
5156,2995
5156,4181
5156,4668
5156,5278
5157,539
5157,1730
5157,2279
5157,2280
5157,2492
5157,2495
5157,2612
5157,2639
5157,3932
5157,3934
5157,4308
5157,4311
5157,5003
5157,5434
5157,6334
5158,2162
5159,1914
5160,1951
5161,1456
5161,1708
5161,1954
5161,2261
5161,2267
5161,2272
5161,2279
5161,2484
5161,2985
5161,2988
5162,1711
5162,1717
5162,2268
5162,2519
5162,3243
5162,3519
5162,3800
5162,4091
5162,4668
5162,6369
5163,2203
5163,3247
5164,3012
5164,3727
5165,2481
5166,2211
5166,2576
5166,3036
5166,5665
5167,1713
5167,2162
5167,5065
5168,1717
5168,1965
5168,1977
5168,2461
5168,3017
5168,3123
5169,1435
5169,6312
5170,5650
5171,2807
5172,1731
5173,2655
5173,2667
5173,2671
5173,2674
5173,3098
5173,3227
5173,3604
5173,3709
5173,3839
5173,4153
5173,4903
5174,2667
5174,2994
5174,6007
5175,5373
5176,4480
5176,5179
5176,6370
5176,6371
5177,2682
5177,2772
5177,3731
5177,4484
5177,6372
5178,3229
5178,4906
5178,5809
5179,3518
5179,4495
5179,5176
5179,6373
5180,1753
5181,4309
5181,5393
5181,6374
5182,1768
5183,1776
5183,2503
5184,1331
5184,1782
5185,1783
5185,2000
5186,1786
5186,3469
5187,2208
5187,2475
5187,2477
5187,2487
5187,2601
5187,3035
5187,3397
5188,4783
5189,2490
5190,5139
5191,1797
5192,1811
5193,1817
5194,4319
5194,4856
5194,5695
5195,2711
5195,3220
5195,3233
5196,2650
5196,3123
5196,3603
5196,4285
5196,4644
5196,4750
5196,5043
5197,1698
5197,1843
5197,1982
5197,2279
5197,3244
5197,3800
5197,4241
5198,1846
5198,1961
5198,2155
5198,3335
5198,4618
5198,4820
5198,5690
5199,1849
5200,1852
5201,1337
5201,1859
5202,1883
5203,785
5203,1883
5203,4001
5204,1886
5205,1891
5206,1893
5207,1893
5208,1895
5209,1651
5209,2637
5209,2790
5209,3603
5209,4644
5209,4770
5209,5373
5209,5788
5210,2600
5210,3097
5210,3832
5210,4297
5210,4796
5211,4328
5212,2324
5212,2344
5212,2679
5212,5296
5213,5307
5214,3707
5215,5224
5216,2825
5216,6375
5217,6376
5218,5590
5218,5677
5218,5983
5218,6377
5219,2361
5219,2802
5219,2818
5219,2825
5219,4508
5219,5649
5220,2356
5220,5529
5221,3828
5221,5349
5221,5681
5222,1927
5222,2082
5222,2318
5222,2362
5222,2740
5222,2741
5222,2762
5222,2797
5222,2802
5222,2835
5222,3737
5222,3836
5222,4445
5222,4905
5222,4915
5222,4965
5222,5043
5222,5215
5222,5232
5222,5346
5222,5513
5222,5567
5222,5568
5222,5603
5222,5677
5222,5712
5222,5792
5222,6181
5222,6378
5223,5969
5224,2330
5224,5234
5224,6150
5225,2837
5225,5914
5225,6223
5226,4988
5227,4508
5227,5034
5227,5228
5228,3751
5228,5227
5228,5518
5228,6115
5228,6292
5229,5575
5229,5645
5229,6379
5230,5499
5230,6173
5231,5823
5231,5969
5232,2372
5232,2712
5232,2839
5232,3272
5232,3741
5232,4442
5232,4502
5232,4504
5232,4542
5232,5553
5232,5646
5232,5725
5232,6380
5232,6381
5232,6382
5232,6383
5233,2839
5233,5026
5233,6384
5234,2330
5234,5224
5235,3231
5235,3263
5235,4414
5236,131
5236,1908
5237,1296
5237,1914
5238,1924
5239,1924
5239,3173
5240,29
5240,414
5241,2049
5241,2153
5241,2964
5241,4354
5241,5417
5242,6385
5243,1926
5243,4564
5243,5244
5244,1926
5244,4564
5244,5243
5245,1927
5245,3658
5245,6014
5246,2503
5247,685
5247,1040
5247,3166
5247,3990
5248,1936
5248,4012
5248,4993
5249,1936
5249,2917
5250,1942
5251,1946
5252,1842
5252,1951
5252,4022
5252,4933
5253,2797
5254,5755
5255,3699
5255,3711
5255,4961
5255,5949
5255,6357
5256,5592
5257,5598
5258,4913
5259,5789
5259,5945
5260,1957
5260,3335
5260,3396
5260,6386
5261,1964
5262,6387
5263,5262
5264,2631
5265,1967
5265,3683
5265,4112
5265,4500
5265,4976
5265,5209
5266,2670
5266,2671
5266,4315
5266,4460
5267,1967
5267,4098
5268,4859
5268,6309
5269,3088
5270,1952
5270,2457
5270,3821
5270,3961
5271,1989
5272,5084
5273,1977
5274,2253
5274,2289
5274,2469
5274,2622
5274,2693
5274,3223
5274,4864
5274,5688
5274,5695
5274,6086
5274,6388
5275,1978
5276,1979
5276,3088
5277,1979
5278,1982
5278,2570
5278,5035
5278,5156
5279,2570
5280,5870
5281,2600
5281,2631
5281,2986
5281,3044
5281,5000
5282,2344
5282,2691
5282,2693
5282,2706
5282,3231
5282,4541
5282,4965
5282,5138
5282,5298
5282,5450
5283,2896
5284,2469
5284,4703
5284,6389
5285,2729
5286,2480
5286,3220
5286,6039
5286,6390
5286,6391
5287,5031
5288,1666
5288,1957
5288,1992
5288,2257
5288,2464
5288,2565
5288,2578
5288,2579
5288,3124
5288,3564
5288,5107
5289,5890
5289,5912
5289,6280
5290,172
5290,1243
5290,1786
5290,1999
5291,1999
5291,3223
5291,3981
5291,5382
5292,2003
5292,6392
5293,3323
5293,3608
5293,4462
5294,2011
5295,4622
5296,3263
5296,5666
5297,3525
5298,2083
5298,2679
5298,2785
5298,3057
5298,3232
5298,3266
5298,3625
5298,3644
5298,3831
5298,4472
5298,5450
5298,5772
5298,6005
5299,2329
5299,2896
5299,5597
5300,2774
5300,5305
5301,3689
5301,3725
5301,5426
5301,6252
5301,6393
5301,6394
5302,2800
5302,3269
5302,3691
5302,4438
5302,4462
5302,5838
5303,2712
5304,3742
5305,2774
5305,2775
5305,3229
5305,3268
5305,5300
5305,5923
5305,5965
5305,6395
5306,2080
5306,3591
5306,5528
5306,6191
5307,2838
5307,3731
5307,3742
5307,3836
5307,5492
5307,5498
5307,5539
5307,5549
5307,5556
5307,6016
5307,6078
5308,2021
5308,5309
5308,6396
5309,2021
5309,2839
5309,3732
5309,5308
5309,6272
5309,6396
5310,4674
5310,6034
5311,4818
5312,1425
5312,2031
5312,2125
5313,6220
5314,3112
5315,2046
5316,6397
5317,2050
5317,2575
5318,495
5318,2051
5318,3626
5318,4223
5318,5732
5318,6398
5319,2065
5320,2079
5320,2895
5321,5330
5321,5371
5321,5474
5322,2895
5323,2082
5323,2559
5323,2807
5324,2082
5324,2326
5324,2707
5324,3123
5324,3622
5324,4750
5324,5633
5324,6128
5325,2082
5325,2679
5325,4534
5326,2082
5326,3633
5326,3647
5326,4530
5326,5862
5327,2082
5328,2082
5328,5875
5328,5963
5329,6399
5330,4902
5330,5321
5330,5342
5331,3231
5331,3233
5331,3754
5331,5176
5331,5327
5331,5370
5331,5448
5331,5482
5331,5540
5331,5556
5331,5642
5331,6143
5331,6400
5332,2084
5333,2085
5333,2328
5333,2760
5333,2769
5333,3686
5333,3689
5333,3811
5333,4494
5333,4495
5333,4506
5333,4508
5333,4912
5333,4965
5333,5138
5333,5523
5333,5590
5333,5837
5333,5949
5334,2085
5334,3663
5334,3669
5334,4937
5335,2086
5335,2711
5335,2748
5335,2796
5335,3220
5335,5148
5335,5633
5335,5879
5336,2086
5336,2735
5336,2755
5336,2776
5336,4113
5336,5116
5336,5633
5336,5793
5336,6401
5337,3268
5337,3649
5338,2087
5338,2952
5339,2088
5340,2089
5341,2089
5341,2631
5341,4320
5342,2693
5342,2695
5342,3673
5342,4541
5342,5330
5342,5506
5343,5122
5344,2091
5344,3705
5344,3753
5344,4438
5344,4446
5344,5343
5344,5887
5345,6402
5346,2092
5346,2364
5346,2370
5346,2791
5346,3268
5346,3327
5346,3689
5346,3811
5346,4136
5346,4177
5346,4494
5346,5918
5347,4644
5348,882
5348,1320
5348,2346
5348,2358
5348,2609
5348,3932
5348,3968
5349,3704
5349,4313
5349,5221
5349,5619
5349,5812
5349,5908
5350,2094
5351,4506
5351,5480
5352,2787
5352,2811
5352,2820
5352,5641
5352,5972
5353,5530
5354,2328
5354,3722
5354,3754
5354,4445
5354,6172
5355,604
5355,2095
5356,3546
5357,775
5357,780
5358,3412
5359,2118
5360,1348
5360,2128
5361,2131
5361,5623
5362,1263
5362,2132
5362,2133
5362,3970
5363,2133
5364,2146
5364,2490
5364,4427
5365,3134
5365,5643
5366,3223
5367,2175
5367,2318
5367,2465
5368,4459
5368,5369
5369,3088
5369,5368
5370,2708
5370,3753
5370,5486
5370,6403
5371,4112
5371,5321
5371,5370
5371,5486
5371,6404
5372,3098
5372,3612
5373,3689
5373,3836
5373,4492
5373,4870
5373,4974
5373,5175
5373,5938
5373,6305
5374,4544
5374,5892
5374,6361
5375,5098
5376,2421
5377,2151
5378,2154
5379,2154
5380,2155
5381,2155
5382,5474
5383,4046
5384,1479
5385,2655
5385,3222
5386,1632
5386,2165
5386,4415
5386,4730
5387,4242
5388,2167
5388,3019
5388,3020
5388,3929
5388,6405
5389,2167
5389,3019
5389,3020
5389,3095
5390,3020
5390,5426
5390,5685
5390,6062
5390,6267
5391,3397
5392,1982
5392,2172
5393,5181
5394,2173
5395,5023
5396,2606
5396,2652
5396,2655
5396,2658
5396,2892
5396,3134
5396,3934
5397,2480
5397,5508
5397,6406
5398,2192
5399,2202
5399,2753
5399,4172
5399,4907
5399,5488
5400,2202
5400,2347
5400,3693
5400,4916
5400,5138
5401,2202
5401,3721
5402,2203
5403,1262
5403,2203
5403,4361
5404,2205
5405,2208
5406,1901
5406,2208
5407,2654
5407,2893
5407,3597
5407,3615
5407,3952
5407,5419
5407,5745
5407,5752
5408,3218
5409,2663
5410,2898
5410,3591
5410,3621
5410,5096
5410,5856
5410,5939
5410,6120
5411,2210
5411,5132
5412,2211
5412,2681
5412,3036
5412,4861
5413,2211
5414,2223
5415,3580
5415,4679
5416,2240
5417,2244
5417,4391
5418,646
5418,3847
5418,4281
5418,4956
5418,4957
5418,6201
5419,692
5419,3098
5419,3597
5419,3967
5419,5407
5419,5745
5419,5752
5420,2890
5420,5432
5420,6407
5421,2487
5421,3588
5421,3932
5422,2251
5422,4138
5422,4588
5422,4742
5423,2638
5423,3097
5423,3128
5423,4306
5423,4402
5423,5738
5423,5747
5424,2259
5425,4055
5426,3934
5426,5390
5426,5685
5426,6062
5426,6267
5427,818
5427,2318
5427,2364
5427,5564
5428,119
5429,2264
5429,2272
5430,3019
5430,3020
5431,4897
5432,5420
5432,6407
5433,2627
5433,2637
5433,5002
5434,5157
5435,5795
5436,2280
5436,2493
5436,4541
5436,5074
5437,1717
5437,2284
5437,4853
5438,2289
5439,2481
5440,2203
5440,2292
5441,3029
5441,3126
5441,3555
5441,4166
5441,5081
5442,1247
5442,1717
5442,2468
5442,4515
5443,990
5443,1910
5444,989
5444,2145
5444,2302
5445,530
5446,2308
5447,2311
5448,3671
5448,5331
5448,6408
5449,2312
5450,2327
5450,2663
5450,2671
5450,2694
5450,3055
5450,3098
5450,3232
5450,3266
5450,3604
5450,3627
5450,3629
5450,4907
5450,5282
5450,5298
5450,5855
5451,2316
5451,3410
5452,2317
5453,1965
5453,3012
5454,2319
5454,2690
5454,4969
5454,6238
5454,6239
5455,5470
5456,882
5456,2604
5456,3043
5456,3221
5456,3625
5456,3835
5456,3965
5456,3968
5456,4203
5456,4781
5456,4790
5456,5853
5457,2322
5457,2696
5457,2729
5457,3099
5457,3728
5458,2320
5458,2658
5458,2849
5458,3059
5458,3592
5458,3835
5458,5732
5459,2320
5460,2667
5460,2711
5460,3954
5461,2321
5461,4459
5462,2321
5463,2321
5463,4223
5463,4477
5463,6256
5464,2641
5464,2729
5464,4406
5465,3263
5465,3625
5465,4417
5465,4469
5465,4534
5465,5043
5465,5808
5465,5956
5466,2324
5467,2324
5468,2325
5468,4224
5469,2693
5469,4992
5469,6112
5470,4459
5470,5455
5470,5763
5470,5874
5471,5329
5471,5824
5472,6143
5473,6349
5474,2735
5474,5321
5474,5514
5474,6409
5474,6410
5475,1667
5475,2344
5475,2354
5475,2767
5475,3098
5475,3659
5475,3741
5475,4132
5475,4437
5475,4449
5475,4504
5475,4506
5475,4536
5475,5096
5475,5211
5475,5302
5475,5549
5475,5574
5475,5948
5475,6411
5476,2363
5476,3709
5476,3721
5476,4507
5477,2775
5477,5614
5478,4481
5479,6168
5479,6412
5480,3271
5480,4811
5480,5351
5481,818
5481,906
5481,2079
5481,2082
5481,2093
5481,2326
5481,2327
5481,2329
5481,2351
5481,2352
5481,2353
5481,2354
5481,2356
5481,2378
5481,2731
5481,2746
5481,2748
5481,2793
5481,2824
5481,2835
5481,2836
5481,2924
5481,3525
5481,3615
5481,3633
5481,3643
5481,3649
5481,3650
5481,3651
5481,3662
5481,3663
5481,3669
5481,3676
5481,3705
5481,3712
5481,3737
5481,4112
5481,4113
5481,4135
5481,4414
5481,4428
5481,4436
5481,4438
5481,4472
5481,4530
5481,4648
5481,4907
5481,5043
5481,5212
5481,5245
5481,5299
5481,5470
5481,5472
5481,5475
5481,5633
5481,5640
5481,5642
5481,5708
5481,5732
5481,5779
5481,5859
5481,5942
5481,6021
5482,3647
5482,4412
5482,4471
5482,4916
5482,6143
5483,2748
5484,4916
5484,5593
5485,5474
5485,5667
5486,2353
5486,5370
5486,5371
5486,5717
5486,6403
5486,6404
5487,2778
5487,2789
5487,2795
5487,2827
5487,5812
5487,5814
5487,5886
5487,6143
5487,6167
5487,6346
5488,3706
5488,5399
5488,6403
5488,6414
5489,4542
5489,5934
5490,5491
5491,3658
5491,3836
5492,5307
5493,2374
5494,2364
5494,5826
5495,3747
5495,4446
5495,4503
5495,5559
5495,5898
5496,2357
5496,4508
5496,6297
5497,5595
5498,2330
5498,4328
5498,5307
5498,5499
5498,5725
5499,5482
5499,5498
5500,2336
5501,2336
5502,171
5502,778
5502,2070
5502,2337
5503,2344
5503,3659
5504,2345
5504,2694
5504,3397
5505,5629
5505,5857
5505,6415
5505,6416
5506,2346
5506,5342
5507,2708
5508,3229
5508,5397
5509,2360
5510,2603
5510,3737
5510,4449
5510,5573
5511,2795
5511,2828
5511,3742
5511,5333
5511,5529
5512,2171
5512,2352
5512,2367
5512,2758
5512,2761
5512,2824
5512,5809
5512,6406
5512,6417
5513,2353
5513,3700
5513,3726
5513,3752
5513,3753
5513,4449
5513,4509
5513,5587
5514,5474
5515,818
5515,2805
5515,3267
5515,4313
5515,5342
5515,6141
5516,4459
5517,5809
5518,3721
5518,5508
5519,2698
5519,2724
5519,6418
5520,2363
5520,2370
5520,2778
5520,2789
5520,4490
5520,5925
5520,5926
5521,2376
5522,2354
5522,2690
5522,3666
5522,3706
5522,3707
5522,3752
5522,3836
5522,4130
5522,4496
5522,4509
5522,4904
5522,4910
5522,5510
5522,5560
5522,5564
5522,5643
5522,5750
5523,2808
5523,2825
5523,4508
5524,2082
5524,2374
5524,2378
5524,2762
5524,2812
5524,2818
5524,2825
5524,2828
5524,2830
5524,2835
5524,2838
5524,3633
5524,3671
5524,3681
5524,3701
5524,3706
5524,3741
5524,4130
5524,4449
5524,4508
5524,5219
5524,5475
5524,5525
5524,5633
5524,5755
5524,5898
5525,2818
5525,2824
5525,3700
5525,3719
5525,3742
5525,4449
5525,5847
5526,2548
5527,3615
5527,4416
5528,2837
5528,3741
5529,2356
5529,5220
5529,6184
5530,3742
5530,3753
5530,4445
5530,5353
5530,5951
5531,2356
5531,6168
5532,2706
5532,3233
5532,5534
5532,5742
5533,2357
5534,2202
5534,4405
5534,5532
5534,5742
5535,818
5535,2357
5535,3951
5535,4500
5535,4791
5535,4795
5535,5642
5535,5937
5535,6069
5536,2357
5536,2740
5536,5483
5536,6015
5536,6070
5537,3705
5538,3723
5539,2357
5539,2827
5540,2360
5540,2837
5540,3724
5540,3756
5540,5331
5541,2793
5541,4975
5542,6419
5543,5986
5544,2789
5544,4490
5544,5926
5545,1886
5545,2366
5545,3644
5545,4436
5545,5561
5545,5574
5546,2376
5546,4443
5546,6089
5547,5488
5547,6420
5548,1927
5548,2353
5549,2808
5549,5307
5549,6421
5549,6422
5549,6423
5550,6154
5551,3700
5551,3724
5551,5233
5552,2838
5552,3740
5552,3753
5552,5382
5552,5530
5552,5561
5552,5600
5552,5608
5552,6424
5552,6425
5552,6426
5553,2370
5553,5232
5553,5986
5554,4447
5555,2369
5555,2371
5556,3740
5556,5307
5556,5557
5557,2802
5557,2824
5557,3268
5557,3733
5557,5556
5557,5893
5557,5967
5558,2831
5559,2830
5559,5495
5560,3839
5561,5552
5561,5641
5562,1713
5562,2688
5562,2750
5562,2785
5562,2839
5562,3615
5562,3706
5562,4438
5562,4533
5562,4910
5562,4977
5562,5682
5562,5790
5562,5823
5562,5850
5562,5949
5562,5967
5562,6234
5562,6306
5562,6307
5562,6427
5563,2362
5563,5229
5563,5608
5564,3747
5564,4777
5564,5591
5564,6428
5565,2444
5565,4508
5565,6429
5566,2329
5566,2369
5566,2827
5566,4459
5566,4988
5566,5976
5566,6430
5567,2375
5567,2723
5567,2821
5567,3752
5567,4424
5567,5220
5567,5820
5568,5151
5568,5567
5569,2363
5569,2747
5569,3659
5570,2760
5570,2789
5570,5948
5571,2364
5572,2364
5572,3692
5572,5508
5572,6156
5573,2364
5573,5497
5574,2366
5574,4913
5575,498
5575,5513
5575,5577
5575,6431
5576,2367
5576,2368
5576,2770
5576,2772
5576,5790
5577,2645
5577,4545
5577,5575
5577,5831
5578,1264
5578,2030
5578,2367
5578,2761
5578,2789
5578,2792
5578,2820
5578,3811
5578,4438
5578,5302
5578,5594
5578,5680
5578,5847
5578,5867
5578,6085
5579,2368
5579,2419
5579,5682
5580,2035
5580,5638
5581,936
5581,2825
5581,6432
5581,6433
5582,3740
5582,3742
5582,4500
5582,5522
5582,5528
5582,5750
5582,6434
5583,4913
5584,2810
5585,3836
5585,5373
5586,3682
5586,3710
5586,5819
5587,2741
5587,2762
5587,5397
5587,5513
5588,2370
5588,2762
5588,2775
5588,2793
5588,4545
5588,5583
5588,6143
5589,4975
5589,5214
5590,3811
5590,4975
5590,5218
5590,5333
5590,5493
5591,2369
5591,6435
5592,5060
5592,5256
5592,5306
5593,3837
5594,5638
5595,2687
5596,2371
5597,2371
5597,2379
5598,3596
5598,3702
5598,5257
5598,5925
5598,5926
5598,5928
5598,5968
5598,6314
5599,2374
5599,4449
5599,4542
5600,2831
5600,4473
5601,2375
5601,4476
5601,4504
5601,4508
5601,5232
5601,6429
5602,2790
5602,3700
5602,3731
5602,3737
5602,3836
5602,5608
5602,6436
5603,2839
5603,3759
5603,5102
5603,5152
5603,5944
5603,6437
5603,6438
5603,6439
5603,6440
5604,2329
5604,2376
5604,2837
5604,2838
5604,3271
5604,5881
5604,5969
5605,2376
5605,5892
5605,6111
5606,2802
5607,2376
5608,1927
5608,6293
5608,6395
5609,1927
5609,2378
5610,1122
5610,1660
5610,1928
5610,1989
5610,2158
5610,2243
5610,2337
5610,2388
5610,3403
5610,4668
5611,2658
5611,3055
5612,3938
5613,1717
5613,3454
5613,4933
5614,1936
5614,2690
5614,2796
5614,3262
5614,3615
5614,3644
5614,3653
5614,5477
5614,5721
5615,5801
5616,3729
5617,2376
5617,2817
5617,2818
5617,2838
5617,3594
5617,3733
5617,3740
5617,3741
5617,3746
5617,3747
5617,3748
5617,3749
5617,3752
5617,3811
5617,4508
5617,4512
5617,5307
5617,5529
5617,5531
5617,5644
5617,5646
5617,5814
5617,5894
5617,5899
5617,5938
5617,5969
5617,6026
5617,6053
5617,6134
5617,6292
5617,6444
5618,2329
5618,4459
5618,5819
5619,5349
5620,2401
5621,2413
5622,496
5622,2413
5622,4234
5623,2421
5623,2424
5623,4066
5623,5361
5624,2151
5624,4334
5625,2894
5626,3951
5627,3659
5627,4824
5628,3260
5628,4531
5628,6303
5629,2585
5629,5505
5629,5857
5629,6415
5629,6416
5630,5743
5631,3732
5632,3594
5632,4419
5633,2292
5633,3123
5633,3127
5633,3273
5633,3753
5633,4113
5633,4417
5633,5324
5633,5336
5633,5776
5633,5845
5634,3056
5634,5089
5634,6401
5635,2817
5636,2803
5636,6445
5637,4443
5638,2688
5638,2712
5638,2787
5638,3839
5638,5594
5638,5838
5638,6446
5638,6447
5639,3088
5640,3721
5641,5561
5642,3740
5642,4499
5642,5265
5642,5331
5643,2162
5643,2761
5643,4288
5643,4929
5643,5147
5643,6448
5644,2769
5644,2819
5644,5617
5645,3752
5645,5229
5645,6183
5645,6299
5646,3746
5647,2825
5647,3271
5647,3744
5647,3747
5647,4905
5647,6086
5648,3752
5648,5603
5648,6053
5649,2364
5649,2375
5649,2775
5649,2807
5649,2809
5649,2817
5649,2829
5649,2831
5649,3649
5649,3681
5649,3724
5649,3811
5649,4313
5649,4505
5649,4542
5649,5219
5649,5372
5649,5608
5649,5618
5649,5820
5650,2379
5650,4508
5650,5170
5650,6425
5651,1445
5651,2455
5652,2457
5653,2458
5653,2993
5654,2465
5654,2888
5654,3019
5654,3397
5655,3008
5656,2467
5657,2467
5657,4768
5657,6336
5658,2467
5658,2492
5658,2837
5659,2470
5660,2470
5660,3397
5661,258
5661,2161
5661,2471
5661,3954
5661,5662
5662,2471
5663,2477
5664,2470
5664,2478
5664,2481
5664,2670
5664,3524
5665,2479
5665,4701
5665,5166
5666,3263
5666,5296
5666,5823
5667,4471
5667,5668
5667,5825
5667,6449
5668,2762
5668,3263
5668,5667
5669,5307
5670,2035
5670,5101
5671,3263
5671,5668
5672,2131
5673,4706
5674,3635
5674,6289
5675,6137
5676,5542
5677,3098
5677,5218
5677,6148
5677,6450
5678,6451
5679,2736
5679,6249
5680,1325
5680,3088
5680,4113
5680,4125
5680,4916
5680,5034
5680,5681
5681,2082
5681,2765
5681,2775
5681,2791
5681,3264
5681,3677
5681,3693
5681,4116
5681,5221
5681,5603
5681,6452
5682,3100
5682,4977
5682,5038
5682,5579
5682,5850
5682,5851
5682,5966
5682,6307
5683,1670
5683,2589
5683,3124
5683,3250
5684,2489
5685,3161
5685,5390
5685,5426
5685,6062
5685,6267
5686,2519
5687,2536
5688,5274
5689,131
5690,1504
5690,2557
5690,3244
5690,5198
5691,2674
5691,2696
5691,3129
5692,2202
5692,2326
5692,2353
5692,2677
5692,2728
5692,2748
5692,2785
5692,3233
5692,3632
5692,3648
5692,4760
5693,2348
5694,539
5695,5194
5695,5274
5696,2565
5697,2691
5697,4098
5698,2603
5699,2622
5699,2631
5699,2726
5699,2727
5699,3098
5699,3258
5699,3951
5699,4931
5699,5002
5699,5435
5700,2887
5701,1426
5701,2885
5701,3019
5701,3095
5701,3214
5701,5069
5702,2561
5702,5150
5703,1927
5703,2356
5703,2367
5703,2378
5703,2761
5703,2762
5703,2772
5703,2796
5703,2799
5703,2807
5703,3668
5703,3836
5703,4499
5703,5034
5703,5583
5703,5642
5703,5733
5704,2580
5705,4864
5706,1717
5706,3008
5707,3009
5707,4669
5708,4480
5709,2831
5710,2752
5710,3709
5710,4916
5710,6453
5711,4476
5712,2202
5712,2786
5712,4445
5712,4542
5712,5205
5713,646
5713,1455
5713,2095
5713,4281
5713,4395
5713,4955
5714,2154
5715,2591
5716,2584
5716,2679
5716,3020
5716,3126
5716,4778
5716,4981
5717,2775
5717,5486
5717,6403
5718,2885
5718,5999
5719,2601
5720,4646
5721,2766
5722,4536
5723,3649
5724,2819
5724,3740
5724,5397
5724,6454
5724,6455
5725,2837
5725,2838
5725,3258
5725,3753
5725,4442
5725,4509
5725,5218
5725,5498
5725,6191
5726,3272
5726,4971
5726,5755
5726,5884
5726,6370
5726,6456
5726,6457
5727,3232
5728,3115
5729,3968
5730,1155
5730,1446
5730,1927
5730,2616
5730,3037
5731,2622
5731,5139
5731,5190
5732,2324
5732,2653
5732,2655
5732,2658
5732,2665
5732,2674
5732,2847
5732,3602
5732,3624
5732,4205
5732,5458
5732,5460
5732,5464
5733,863
5733,2090
5733,2345
5733,2697
5733,2746
5733,3224
5733,3232
5733,3645
5733,3735
5733,4581
5733,5089
5733,5174
5733,5338
5733,5645
5733,5703
5733,5781
5733,5821
5734,2693
5734,2706
5734,4407
5735,2627
5736,1966
5736,2280
5736,2354
5736,2368
5736,2371
5736,2374
5736,2379
5736,2682
5736,2712
5736,2740
5736,2748
5736,2751
5736,2762
5736,2772
5736,2774
5736,2776
5736,2787
5736,2815
5736,2828
5736,3635
5736,3671
5736,3674
5736,3709
5736,3752
5736,4481
5736,4482
5736,4499
5736,4508
5736,4905
5736,5221
5736,5227
5736,5425
5736,5566
5736,5600
5736,5847
5736,5976
5736,6458
5737,2634
5737,5211
5738,5423
5739,3132
5739,4463
5740,1240
5740,2679
5740,2694
5740,2697
5740,2816
5740,2898
5740,3098
5740,3227
5740,3324
5740,3614
5740,3643
5740,4211
5740,4407
5740,4460
5740,4796
5740,5732
5740,5779
5741,2089
5741,2643
5741,3832
5742,2694
5742,3233
5742,5532
5742,5534
5743,2082
5743,2644
5743,2694
5743,2695
5743,3636
5743,5630
5744,6007
5745,3597
5745,3615
5745,3952
5745,5407
5745,5419
5746,4794
5746,4864
5747,5423
5748,2648
5748,2655
5748,2892
5748,3128
5749,2650
5749,3954
5750,5582
5751,2651
5751,6159
5752,2654
5752,3597
5752,3615
5752,5407
5752,5419
5753,2655
5753,3319
5753,4311
5754,2492
5754,3669
5755,2658
5755,5254
5756,3581
5757,2326
5757,2661
5757,2663
5757,3098
5757,4113
5757,4965
5757,5214
5757,5334
5757,5723
5757,5800
5757,5866
5758,2669
5759,744
5759,2872
5759,3127
5759,4328
5760,818
5760,1291
5760,2092
5760,2631
5760,2663
5760,2729
5760,2741
5760,2764
5760,3098
5760,3742
5760,3750
5760,3811
5760,5617
5760,5650
5760,5793
5760,5913
5760,6459
5761,3134
5762,2325
5762,2694
5762,3232
5762,3233
5762,3625
5763,5470
5764,2793
5764,4975
5764,5269
5764,6459
5765,2669
5765,2816
5765,3595
5766,3134
5766,3576
5766,4311
5767,2673
5767,3044
5768,3223
5768,5769
5769,2674
5769,3951
5769,4296
5769,5768
5770,2171
5770,2816
5770,3098
5770,3604
5770,5274
5770,6121
5771,3661
5771,4413
5771,4428
5772,4472
5772,5298
5773,4459
5774,3659
5774,3705
5774,4113
5774,4130
5774,4649
5775,4970
5775,5861
5775,5872
5776,5633
5777,2677
5777,2742
5777,3225
5777,4505
5777,4533
5777,6295
5778,4534
5778,6329
5779,4113
5779,4428
5779,4434
5779,4440
5779,5874
5779,5977
5780,4475
5780,5781
5781,3232
5781,3261
5781,4413
5781,5780
5782,2816
5782,3753
5782,6413
5783,4449
5784,3517
5785,3740
5785,5582
5786,2565
5786,2688
5786,3323
5787,3625
5787,3839
5787,6129
5788,4644
5789,3729
5789,5259
5790,4399
5790,6460
5791,2690
5791,2704
5791,2708
5791,2718
5791,2796
5791,3633
5791,3705
5791,3830
5791,4462
5791,4530
5791,4966
5791,5043
5791,5324
5791,5333
5791,5732
5792,2355
5792,2690
5792,3044
5792,5077
5792,5222
5792,5324
5792,6378
5793,3933
5793,6461
5794,3266
5795,5122
5795,5134
5795,5135
5795,5435
5796,2456
5796,2589
5796,3132
5796,3623
5796,3636
5796,3659
5796,5113
5796,5211
5796,5527
5796,5667
5796,5739
5797,4310
5798,2888
5798,3098
5798,6419
5799,5614
5800,4306
5801,1291
5801,2359
5801,3671
5801,4499
5801,5173
5801,5615
5802,3581
5802,3615
5802,5048
5802,5076
5803,2693
5803,4459
5803,5474
5804,2693
5804,2709
5804,3558
5804,4416
5804,4467
5804,6462
5805,2697
5805,3525
5805,4135
5805,4649
5805,6005
5805,6265
5806,2678
5806,3615
5806,5827
5807,2162
5807,2700
5807,4208
5808,3653
5808,4113
5808,5465
5809,5178
5809,5517
5809,6249
5810,1662
5810,2600
5810,2658
5810,2729
5810,2893
5810,3098
5810,4211
5810,4213
5811,5720
5812,5349
5812,5487
5813,3268
5813,3731
5813,5616
5814,5487
5814,5617
5815,2798
5816,6463
5817,2277
5817,4495
5818,2796
5818,3058
5818,3659
5819,3602
5819,3710
5819,5034
5819,5586
5820,2825
5820,2838
5820,3747
5820,3750
5820,3752
5821,2678
5822,2779
5822,2831
5822,4542
5822,4650
5822,5495
5822,5783
5823,1927
5823,3263
5823,4536
5823,5231
5823,5666
5824,818
5824,2326
5824,2621
5824,3102
5824,3267
5824,3635
5824,3647
5824,4227
5824,4905
5824,5309
5824,5318
5824,5336
5824,5471
5824,5720
5824,5835
5825,5667
5825,6449
5825,6464
5826,2327
5826,2353
5826,2695
5826,2728
5826,2952
5826,4135
5826,5484
5826,5494
5826,5495
5826,6153
5827,5806
5828,2592
5829,1667
5830,3673
5831,5010
5831,5577
5832,1901
5832,2819
5833,5628
5834,2603
5834,2734
5834,3615
5835,3029
5836,5152
5837,3270
5837,6465
5838,3272
5838,4462
5838,5638
5839,2565
5839,3659
5840,2376
5840,5155
5841,2733
5841,3811
5841,6466
5842,2735
5843,2736
5844,2736
5844,3705
5844,5805
5845,38
5845,516
5845,732
5845,906
5845,945
5845,1174
5845,1307
5845,1328
5845,1345
5845,1375
5845,1664
5845,1753
5845,1759
5845,1777
5845,1979
5845,2131
5845,2346
5845,2353
5845,2461
5845,2488
5845,2644
5845,2740
5845,2775
5845,2786
5845,3097
5845,3123
5845,3125
5845,3232
5845,3316
5845,3612
5845,3629
5845,3643
5845,3678
5845,3700
5845,3960
5845,4424
5845,5091
5845,5352
5845,5584
5845,5592
5845,5633
5845,5755
5845,6467
5846,3731
5847,2030
5847,3700
5847,5462
5847,5525
5847,5921
5847,6181
5847,6436
5847,6468
5848,5018
5848,5101
5849,2741
5849,4320
5850,5562
5850,5682
5850,5851
5850,5852
5850,6305
5850,6306
5850,6307
5851,2792
5851,4469
5851,5682
5851,5850
5851,6306
5852,2377
5852,2688
5852,5145
5852,5850
5852,6305
5853,4174
5853,4211
5854,555
5854,1927
5854,1967
5854,2084
5854,2345
5854,2346
5854,2694
5854,2697
5854,2898
5854,3224
5854,4414
5854,4646
5854,5299
5854,5382
5854,5504
5854,6469
5855,6005
5856,2325
5856,5410
5857,3826
5857,3838
5857,5505
5857,5629
5857,5821
5857,6415
5857,6416
5858,3262
5858,3644
5858,5116
5858,5215
5858,6014
5859,6470
5860,3263
5861,1667
5861,2326
5861,2327
5861,2348
5861,2697
5861,2801
5861,3265
5861,3267
5861,3627
5861,3659
5861,4970
5861,5775
5861,5870
5861,5872
5862,1927
5862,2365
5862,2370
5862,2778
5862,2790
5862,2792
5862,2800
5862,2801
5862,2803
5862,2825
5862,2833
5862,3268
5862,3615
5862,3709
5862,3735
5862,4446
5862,4449
5862,5034
5862,5216
5862,5218
5862,5302
5862,5372
5862,5373
5862,5710
5862,5925
5863,2775
5863,3604
5863,4913
5864,2834
5864,3615
5864,3665
5864,5946
5865,3229
5866,2744
5866,2766
5866,3671
5867,2768
5867,2822
5867,2833
5867,4443
5867,4504
5867,5915
5868,4443
5868,4458
5869,2747
5870,2747
5870,3267
5870,5280
5870,5861
5871,6075
5872,5775
5873,2824
5873,3654
5873,6140
5874,3233
5874,5470
5875,2325
5875,2776
5875,3234
5875,4533
5875,5328
5875,5726
5876,2746
5876,2811
5876,3680
5876,4536
5876,5482
5876,5669
5877,5380
5878,4495
5879,4133
5879,5474
5879,6471
5880,211
5880,2747
5880,6472
5880,6473
5881,2828
5882,3397
5882,4153
5883,3706
5883,6160
5883,6161
5884,4971
5884,5474
5884,5726
5885,2091
5885,5343
5885,5344
5886,3693
5886,6134
5887,3705
5887,4912
5887,5344
5888,2328
5888,2364
5888,5034
5888,5340
5889,4447
5889,6279
5890,4447
5890,4904
5890,4969
5890,5289
5890,5912
5890,6280
5891,4500
5892,5374
5892,5605
5893,5557
5893,6312
5894,4296
5894,6054
5895,2486
5895,5474
5896,3742
5897,5863
5898,5495
5898,5901
5899,2987
5899,5635
5900,2835
5900,5930
5901,2838
5901,3744
5901,3752
5901,5838
5901,5907
5902,2835
5902,3740
5903,3742
5904,6157
5904,6383
5904,6474
5905,4505
5905,5970
5905,6249
5905,6296
5906,6368
5906,6475
5907,2838
5907,3271
5907,5901
5908,2353
5908,2776
5908,3668
5908,5349
5909,4913
5910,2762
5910,4482
5911,3831
5911,4296
5911,4499
5912,4447
5912,4509
5912,4969
5912,5289
5912,5890
5912,6280
5912,6476
5912,6477
5913,5760
5913,6053
5914,1677
5914,2812
5914,3044
5914,3057
5914,3644
5914,3836
5914,3837
5914,4297
5914,4974
5914,5225
5914,5450
5914,5593
5914,6238
5914,6239
5915,2768
5916,2160
5917,4509
5918,2357
5918,2772
5918,3057
5918,3680
5918,3686
5918,4113
5918,4494
5918,5346
5919,3692
5920,5932
5921,2811
5921,3680
5921,5847
5922,2795
5922,2813
5922,4910
5923,2831
5923,2952
5923,3741
5923,5305
5923,5616
5924,2789
5924,2799
5924,4913
5925,2778
5925,2826
5925,4490
5925,4913
5925,5155
5925,6314
5926,2778
5926,4113
5926,4490
5926,5544
5926,5598
5926,5928
5927,2778
5927,2789
5927,4484
5927,5928
5928,2789
5928,3702
5928,4328
5928,4543
5928,5926
5928,5927
5928,6314
5928,6478
5929,2348
5929,3740
5929,4486
5929,4536
5929,6479
5929,6480
5930,5900
5931,3836
5931,5520
5931,6481
5932,2734
5932,2833
5932,3686
5932,4499
5932,5373
5932,5920
5933,5510
5934,5489
5935,3740
5935,5303
5936,4172
5937,2082
5937,4791
5937,5535
5938,5373
5938,5617
5939,2344
5939,2691
5939,2697
5939,2898
5939,4462
5939,4465
5939,5410
5940,2747
5941,2805
5941,4407
5942,2746
5942,3729
5942,4206
5942,4508
5942,5232
5943,3682
5944,2653
5944,4910
5945,4913
5945,5259
5946,5864
5946,5960
5946,6482
5947,2789
5947,5102
5948,2791
5948,4113
5948,5155
5948,5570
5949,3269
5949,3695
5949,3838
5949,4494
5949,5255
5949,5473
5949,5508
5949,5649
5949,6307
5950,2328
5950,2708
5950,2872
5950,2952
5950,3577
5950,3701
5950,3709
5950,3746
5950,4417
5950,4795
5950,4992
5950,5043
5950,5093
5950,5230
5950,5572
5950,5998
5951,818
5951,3752
5951,4471
5951,4611
5951,5043
5951,5530
5952,4634
5953,6483
5954,2808
5955,2810
5955,5147
5956,6037
5956,6084
5957,3322
5958,3693
5958,5099
5958,6484
5959,4131
5959,4409
5960,5946
5961,3740
5962,2655
5962,3705
5963,2838
5963,5328
5964,5963
5965,2817
5965,5305
5966,5682
5967,3750
5967,6485
5968,1017
5968,2820
5968,3699
5968,4490
5969,3742
5969,5223
5969,5231
5969,5306
5969,5561
5969,6078
5969,6486
5970,4500
5970,4505
5970,4510
5970,5905
5970,6296
5971,2202
5971,3828
5971,5149
5972,2820
5972,5352
5973,2824
5974,2824
5974,5973
5975,2824
5975,2839
5976,2825
5977,4428
5977,5779
5977,6487
5978,2829
5978,2995
5979,2829
5980,2831
5981,6488
5982,5643
5983,5218
5984,5102
5985,2837
5986,5553
5986,5914
5987,2168
5987,2831
5987,2839
5987,6489
5988,2839
5988,6474
5989,2839
5990,4203
5991,2860
5992,624
5992,2863
5993,1985
5993,2863
5993,4724
5994,1292
5995,3136
5996,1052
5996,2880
5997,685
5997,2894
5998,2824
5998,5093
5998,5950
5999,2885
6000,4807
6001,3659
6001,3730
6002,2893
6002,3132
6002,5880
6003,2895
6004,48
6004,671
6004,1598
6004,2845
6005,2898
6005,3232
6005,5298
6005,6241
6005,6490
6006,2898
6007,2898
6007,5174
6007,5744
6008,2907
6009,2192
6010,6491
6011,5020
6012,4095
6012,4179
6012,4241
6012,5122
6013,3826
6014,6150
6015,5536
6016,1667
6016,3266
6016,4535
6016,5212
6016,5463
6017,2678
6017,4412
6017,4459
6018,2351
6018,5342
6019,6238
6019,6239
6020,2790
6020,3603
6020,4644
6020,5209
6021,4135
6021,4441
6021,5092
6021,6493
6021,6494
6022,2378
6022,2808
6022,2812
6022,3739
6022,3741
6022,4446
6022,5155
6023,5617
6024,2684
6024,2831
6024,3098
6024,3730
6024,3740
6024,4735
6024,6001
6025,2837
6025,3732
6026,3644
6027,2379
6027,3752
6027,5218
6027,5530
6027,5881
6028,2927
6029,2927
6030,2952
6031,2967
6032,6495
6033,323
6033,2978
6034,2996
6034,5310
6035,3561
6035,4393
6036,5255
6037,2792
6037,2810
6037,3232
6037,3632
6037,4113
6037,4469
6037,4536
6037,5956
6038,3019
6038,3095
6038,4785
6039,3019
6039,5286
6040,2691
6040,5043
6040,5145
6041,3036
6041,3556
6042,2292
6042,3038
6043,4135
6043,4320
6044,3323
6045,3056
6045,5089
6045,5634
6046,3088
6047,500
6048,3705
6048,6427
6049,3081
6050,3094
6051,3225
6051,3753
6051,4407
6052,5518
6052,6496
6053,3752
6053,4497
6053,5648
6053,5913
6053,6497
6054,5894
6055,3116
6056,3126
6056,4328
6057,3133
6058,3136
6058,3195
6058,3789
6058,4068
6059,3144
6060,3154
6061,3161
6062,2465
6062,3161
6062,4328
6062,5390
6062,5426
6062,5685
6062,6267
6063,29
6063,3169
6064,1613
6064,1956
6064,3176
6064,5361
6065,3180
6066,3203
6066,4010
6067,3204
6068,3204
6069,3217
6069,6249
6070,1982
6070,3217
6070,3639
6070,3678
6070,4530
6070,5536
6071,1532
6071,3222
6072,3223
6073,3728
6073,4441
6073,5591
6074,3231
6075,3231
6075,5871
6076,3621
6076,6127
6077,3233
6078,3235
6078,3707
6079,3539
6079,6499
6079,6500
6080,1899
6080,3244
6081,3244
6082,3247
6083,2565
6084,2747
6084,3659
6084,3662
6084,4477
6084,5842
6084,5956
6085,3269
6086,3271
6086,3744
6086,5274
6086,5647
6087,1910
6087,3304
6087,6498
6088,3313
6089,3323
6089,3954
6089,5546
6090,1013
6090,1364
6090,3063
6090,3328
6091,4013
6092,3336
6093,3336
6094,3357
6095,3396
6096,3396
6097,3397
6098,3397
6099,4438
6099,6488
6100,3412
6101,3232
6101,4224
6101,5468
6102,6501
6102,6502
6103,2443
6103,3456
6103,6104
6104,3456
6104,6103
6105,858
6105,3472
6106,3507
6107,542
6107,2077
6107,2433
6107,3507
6107,3508
6107,3509
6107,3510
6107,3511
6107,6207
6108,778
6108,3516
6109,3546
6109,5085
6110,3546
6110,3857
6110,4962
6111,5605
6112,5469
6113,3580
6114,4193
6115,5228
6115,6503
6116,5048
6117,4545
6118,3587
6119,2897
6119,3591
6120,3591
6120,3621
6120,5096
6120,5410
6120,6504
6121,2663
6121,2988
6121,3604
6122,3605
6123,2603
6124,2663
6124,3951
6125,2667
6125,6327
6126,884
6126,4993
6127,3621
6127,6076
6128,3123
6128,5324
6129,3625
6129,5787
6130,3630
6131,3814
6132,535
6132,1267
6132,4349
6133,2746
6133,3680
6133,5876
6134,2693
6134,4113
6134,5617
6134,5828
6134,5886
6135,6505
6136,3644
6137,2755
6138,4459
6139,3650
6139,4484
6140,3654
6140,5873
6140,6506
6141,3659
6141,5560
6142,772
6142,3811
6142,4530
6143,3666
6143,5331
6143,5487
6143,5488
6143,6346
6144,3659
6145,3232
6146,2741
6147,3673
6148,5677
6148,6450
6149,3677
6149,3735
6149,4500
6150,2082
6150,2325
6150,2694
6150,3627
6150,3677
6150,3696
6150,4427
6150,4438
6150,5100
6150,5148
6150,5224
6150,6014
6150,6412
6150,6468
6151,3678
6152,4495
6153,3683
6153,4509
6153,6503
6154,3691
6154,5550
6155,3691
6155,4438
6156,2369
6156,2796
6156,2811
6156,3570
6156,3692
6156,3705
6156,3753
6156,3754
6156,3759
6156,5169
6156,5495
6156,5572
6156,5876
6157,6441
6157,6507
6158,3705
6159,3706
6160,3706
6160,5883
6160,6159
6161,3706
6161,3741
6161,4462
6161,5883
6162,3707
6162,6234
6163,3708
6164,3708
6165,3708
6166,2348
6166,2362
6167,3715
6168,4113
6168,4427
6168,5093
6168,5479
6168,6508
6169,4133
6170,1927
6170,2091
6170,3268
6170,3637
6170,3678
6170,3692
6170,3721
6170,4530
6171,3721
6171,4438
6171,5968
6172,3722
6172,3754
6172,4445
6172,4909
6172,5354
6173,4542
6173,6509
6174,3727
6175,5503
6176,3735
6177,2603
6178,3739
6178,3742
6178,6509
6179,3741
6179,5900
6180,3750
6181,4508
6181,5352
6181,5499
6181,5847
6182,3746
6182,4508
6183,2833
6183,3752
6183,6299
6184,2838
6184,3752
6184,5220
6184,5529
6185,6510
6185,6511
6186,5077
6186,5307
6187,3759
6188,3804
6189,3809
6189,6190
6190,3809
6190,6189
6191,5232
6191,5306
6191,5493
6192,2655
6192,2837
6192,3811
6192,5173
6193,2658
6193,3826
6193,5139
6193,6195
6194,3826
6194,6195
6194,6196
6195,2658
6195,3826
6195,6193
6195,6194
6195,6196
6196,3826
6196,6194
6196,6195
6197,4647
6197,6512
6198,4913
6199,3633
6199,3839
6200,1028
6200,3791
6200,3808
6200,4387
6201,3847
6201,4957
6202,2168
6202,3857
6202,4171
6202,4993
6203,3859
6204,48
6204,69
6204,462
6204,870
6204,3860
6205,3865
6206,3870
6207,1901
6207,3876
6208,3881
6209,1591
6209,3895
6210,3913
6211,3932
6212,3306
6212,3939
6212,4686
6212,6513
6212,6514
6212,6515
6213,3961
6214,3962
6215,3994
6216,4009
6217,4008
6217,4012
6218,4013
6218,4584
6219,4013
6220,4015
6220,5313
6221,4026
6222,4034
6223,4116
6223,5225
6224,4053
6224,4181
6225,4054
6225,4293
6226,1265
6226,2155
6226,4055
6226,4738
6226,6350
6227,1751
6227,4072
6227,6229
6228,4072
6228,6229
6229,4072
6229,6227
6229,6228
6230,4086
6231,4096
6232,4106
6233,2082
6233,4113
6234,6162
6235,4115
6236,4116
6236,4500
6237,1534
6237,4119
6237,4941
6238,4297
6238,5454
6238,6019
6238,6239
6239,2895
6239,4223
6239,4297
6239,5535
6239,6019
6239,6238
6239,6265
6240,3232
6240,5212
6241,4131
6241,6005
6241,6490
6242,4136
6242,4320
6243,2786
6244,2877
6244,4137
6244,4399
6245,4137
6246,4148
6247,4162
6248,4168
6249,4172
6249,4484
6249,4495
6249,5679
6249,5809
6249,5868
6250,4172
6251,4174
6252,5301
6253,4198
6254,4223
6254,5463
6254,6256
6255,4223
6256,4223
6256,5463
6256,6254
6257,2488
6257,3239
6257,4243
6258,4246
6259,4248
6259,6260
6260,4248
6260,6259
6261,3517
6262,4270
6263,4447
6264,4290
6265,4297
6265,6238
6265,6239
6266,4298
6267,5390
6267,5426
6267,5685
6267,6062
6268,4364
6269,4417
6270,4419
6271,1030
6271,4423
6272,1444
6273,6516
6274,6517
6275,4464
6276,4438
6276,6518
6277,4508
6277,4910
6277,5967
6278,4438
6278,4444
6279,4447
6280,4447
6280,4969
6280,5890
6280,5912
6280,6477
6281,4462
6282,1616
6282,3499
6282,5114
6283,4465
6283,5592
6284,4476
6285,4476
6285,5232
6285,6286
6286,4476
6286,5232
6286,5530
6286,6285
6286,6519
6287,4477
6288,3232
6288,4484
6289,5151
6289,5674
6290,4509
6291,3741
6291,4905
6291,6045
6292,5228
6293,3713
6293,3755
6294,4503
6295,4505
6295,5777
6295,5905
6296,4505
6296,5905
6296,5970
6297,4508
6297,6520
6298,3747
6298,4508
6299,3752
6299,4508
6299,5645
6299,5820
6299,6183
6300,4509
6301,4514
6301,4799
6302,4517
6303,4531
6303,5628
6304,1896
6305,4530
6305,5373
6305,5850
6306,5851
6306,6307
6307,5682
6307,6306
6308,6414
6309,5268
6310,4537
6311,4538
6312,4537
6312,4539
6312,6521
6313,4543
6313,6314
6314,2826
6314,3699
6314,4543
6314,5925
6314,5926
6314,5928
6314,6313
6315,4544
6315,4892
6316,367
6316,4546
6317,10
6318,4630
6319,4568
6320,4577
6321,4582
6322,4585
6323,4588
6324,4607
6325,1647
6325,4618
6326,1291
6326,4618
6327,5151
6327,5212
6327,5575
6328,4664
6329,4985
6329,5778
6330,4096
6330,4668
6331,1018
6331,4735
6331,6332
6332,4735
6332,6331
6333,4743
6334,5157
6335,4753
6336,4768
6336,5657
6337,4777
6338,4783
6339,4796
6340,4799
6341,4807
6342,4815
6343,2555
6343,4882
6344,4892
6345,4904
6346,6143
6347,4916
6348,4961
6349,4977
6349,5473
6350,6226
6351,4987
6352,4995
6353,3649
6353,5010
6353,6463
6354,5016
6354,6522
6355,5122
6356,5092
6356,6357
6356,6358
6357,5255
6357,6358
6358,4490
6358,6356
6358,6357
6359,4500
6359,5528
6360,4977
6361,4906
6361,5102
6362,5105
6363,5109
6364,3233
6365,4407
6366,2364
6366,3658
6366,5145
6367,1989
6368,2838
6368,5906
6368,6143
6368,6475
6369,2172
6369,2996
6369,5162
6370,5176
6370,6523
6371,5176
6371,5179
6371,6373
6372,4438
6373,5176
6373,5179
6373,6371
6374,5181
6375,5216
6375,5302
6376,4539
6376,5217
6376,6300
6376,6524
6377,5218
6378,5222
6378,5792
6379,5229
6380,5232
6381,6525
6382,5232
6383,2822
6383,5232
6383,5904
6383,6474
6384,5233
6385,2880
6385,5242
6386,5260
6387,6526
6388,5274
6389,5284
6390,5286
6391,5286
6392,5292
6393,1713
6393,5301
6394,5301
6394,6527
6395,3752
6395,5306
6395,6276
6396,5308
6396,5309
6397,2131
6397,5316
6398,5318
6399,2747
6399,4777
6399,5329
6400,5331
6400,6492
6401,5634
6402,2092
6402,5345
6403,5370
6403,5474
6403,5486
6403,5669
6403,6404
6403,6528
6404,5371
6404,5486
6404,6403
6405,5388
6406,5397
6406,5512
6407,5420
6407,5432
6408,5448
6408,6529
6409,2755
6409,5474
6410,5474
6411,5335
6412,4355
6412,6150
6413,5782
6414,5488
6415,5629
6415,5857
6415,6416
6416,5505
6416,5857
6416,6415
6417,6239
6418,5519
6419,5528
6419,5542
6419,6530
6420,5547
6421,6422
6422,5549
6422,6421
6423,5549
6424,3732
6425,4975
6425,5552
6426,1616
6426,5552
6427,6048
6428,2655
6428,5564
6429,4508
6429,5601
6430,2839
6430,3742
6430,5034
6430,5649
6430,5976
6431,5575
6432,5581
6433,5581
6434,6387
6435,2808
6435,5591
6436,2376
6436,3737
6436,4438
6436,4905
6436,5602
6436,5608
6436,6395
6437,5603
6438,5603
6438,6440
6439,5256
6440,4495
6440,5603
6440,5646
6440,6438
6441,6157
6441,6442
6441,6507
6442,6157
6442,6441
6442,6443
6442,6507
6443,6442
6444,2350
6444,5617
6445,5636
6446,4804
6446,5638
6447,5638
6448,5643
6449,5667
6449,5825
6450,5677
6451,2092
6452,3323
6452,5681
6452,6531
6453,5710
6454,4508
6454,5724
6454,6455
6455,5724
6455,6454
6456,5726
6457,5726
6458,5477
6458,6146
6459,4542
6460,5790
6461,5793
6462,5804
6463,6353
6464,5667
6464,5825
6465,3742
6465,4536
6466,5841
6467,3954
6467,4785
6468,5847
6468,5921
6468,6150
6469,5382
6470,4407
6470,5859
6471,5879
6472,6473
6473,3615
6473,5880
6473,6472
6474,5904
6474,6383
6475,5906
6476,6477
6476,6532
6477,5912
6478,5928
6479,5929
6480,3721
6480,5564
6480,5929
6481,5931
6482,5946
6483,5256
6483,5566
6483,5953
6483,6533
6484,5958
6485,5967
6486,5969
6486,6078
6487,5977
6488,5981
6488,6099
6489,5987
6490,6005
6491,2243
6492,6400
6493,6021
6494,6021
6495,1460
6495,6032
6496,6052
6497,6053
6498,6087
6499,6079
6499,6500
6500,966
6500,996
6500,6079
6500,6499
6501,6102
6501,6502
6502,625
6502,6102
6502,6501
6503,6115
6504,3621
6505,1910
6505,6135
6506,6140
6507,2163
6507,6157
6507,6442
6507,6443
6508,6168
6509,5353
6509,6178
6510,5438
6510,5560
6510,6534
6511,2329
6511,5220
6511,6185
6512,5255
6512,6197
6513,1446
6513,6212
6513,6515
6514,6212
6515,6212
6515,6513
6516,3644
6516,6273
6517,1842
6518,6276
6519,5100
6520,6297
6521,6312
6522,6354
6523,5176
6523,6370
6524,2376
6524,5217
6524,5530
6524,6376
6525,2824
6525,5974
6525,6381
6526,5215
6526,6387
6527,5301
6527,6394
6528,2744
6528,5849
6528,6038
6529,6408
6530,6419
6531,3323
6531,6452
6532,5491
6532,5890
6532,6476
6533,4504
6534,6510
