node_id,z0
0,0
1,1
2,2
3,3
4,4
5,5
6,1
7,3
8,5
9,6
10,3
11,4
12,5
13,0
14,1
15,7
16,1
17,8
18,9
19,10
20,9
21,1
22,11
23,2
24,8
25,9
26,12
27,12
28,1
29,6
30,12
31,9
32,11
33,2
34,1
35,2
36,13
37,4
38,14
39,1
40,2
41,11
42,15
43,11
44,11
45,8
46,1
47,9
48,14
49,1
50,6
51,16
52,4
53,4
54,9
55,11
56,0
57,17
58,6
59,1
60,2
61,1
62,2
63,14
64,16
65,12
66,1
67,10
68,18
69,9
70,12
71,9
72,3
73,8
74,9
75,11
76,19
77,14
78,1
79,8
80,1
81,11
82,1
83,3
84,1
85,9
86,4
87,1
88,17
89,2
90,16
91,1
92,8
93,11
94,12
95,0
96,9
97,14
98,2
99,12
100,5
101,2
102,1
103,1
104,11
105,15
106,11
107,6
108,6
109,19
110,11
111,20
112,0
113,11
114,9
115,4
116,8
117,8
118,0
119,6
120,7
121,1
122,2
123,9
124,0
125,19
126,8
127,11
128,0
129,3
130,21
131,4
132,15
133,7
134,1
135,1
136,7
137,2
138,11
139,8
140,3
141,8
142,14
143,9
144,11
145,11
146,1
147,9
148,2
149,16
150,16
151,2
152,4
153,15
154,12
155,6
156,15
157,9
158,1
159,7
160,8
161,12
162,19
163,0
164,11
165,11
166,3
167,12
168,11
169,4
170,11
171,11
172,11
173,0
174,0
175,6
176,6
177,14
178,11
179,7
180,10
181,17
182,10
183,19
184,10
185,6
186,2
187,5
188,6
189,6
190,9
191,2
192,1
193,2
194,11
195,6
196,6
197,1
198,9
199,0
200,1
201,2
202,2
203,1
204,1
205,8
206,13
207,12
208,8
209,5
210,12
211,7
212,1
213,1
214,11
215,3
216,7
217,7
218,10
219,1
220,1
221,8
222,1
223,1
224,9
225,11
226,11
227,7
228,4
229,7
230,1
231,20
232,0
233,21
234,14
235,12
236,7
237,17
238,1
239,7
240,0
241,11
242,0
243,2
244,11
245,1
246,7
247,8
248,11
249,1
250,17
251,13
252,7
253,0
254,5
255,3
256,6
257,3
258,6
259,12
260,10
261,18
262,5
263,19
264,14
265,3
266,16
267,14
268,11
269,17
270,12
271,20
272,1
273,1
274,14
275,6
276,7
277,0
278,3
279,9
280,3
281,1
282,6
283,4
284,1
285,3
286,7
287,4
288,0
289,1
290,2
291,1
292,1
293,1
294,11
295,8
296,2
297,4
298,14
299,2
300,21
301,11
302,11
303,9
304,2
305,3
306,16
307,1
308,8
309,7
310,13
311,0
312,5
313,1
314,9
315,13
316,19
317,11
318,2
319,7
320,0
321,1
322,9
323,1
324,20
325,12
326,9
327,3
328,8
329,9
330,1
331,11
332,1
333,3
334,17
335,8
336,12
337,1
338,11
339,9
340,11
341,1
342,18
343,8
344,0
345,1
346,2
347,9
348,11
349,9
350,3
351,7
352,7
353,2
354,12
355,10
356,8
357,7
358,1
359,1
360,1
361,1
362,4
363,17
364,9
365,4
366,9
367,14
368,7
369,15
370,9
371,2
372,9
373,3
374,1
375,16
376,11
377,1
378,21
379,8
380,5
381,13
382,1
383,1
384,1
385,7
386,17
387,10
388,3
389,1
390,12
391,1
392,17
393,19
394,21
395,6
396,0
397,8
398,11
399,5
400,18
401,7
402,9
403,9
404,12
405,1
406,2
407,8
408,15
409,11
410,7
411,6
412,1
413,19
414,9
415,12
416,13
417,8
418,6
419,11
420,16
421,1
422,2
423,1
424,6
425,10
426,2
427,14
428,3
429,11
430,4
431,7
432,5
433,11
434,17
435,1
436,6
437,12
438,1
439,11
440,10
441,12
442,7
443,7
444,7
445,1
446,0
447,7
448,11
449,19
450,11
451,12
452,7
453,19
454,1
455,11
456,10
457,11
458,7
459,5
460,1
461,11
462,9
463,2
464,11
465,1
466,2
467,0
468,16
469,17
470,2
471,0
472,1
473,2
474,11
475,17
476,9
477,12
478,0
479,5
480,18
481,19
482,0
483,5
484,0
485,19
486,0
487,1
488,15
489,1
490,6
491,1
492,11
493,12
494,1
495,1
496,12
497,15
498,0
499,6
500,11
501,16
502,2
503,1
504,4
505,11
506,5
507,5
508,11
509,14
510,2
511,8
512,10
513,5
514,0
515,8
516,6
517,11
518,0
519,11
520,9
521,17
522,15
523,18
524,15
525,0
526,15
527,8
528,3
529,11
530,17
531,9
532,19
533,1
534,8
535,6
536,2
537,9
538,19
539,19
540,9
541,17
542,16
543,19
544,7
545,9
546,11
547,9
548,12
549,11
550,1
551,6
552,11
553,1
554,9
555,18
556,11
557,1
558,11
559,19
560,19
561,6
562,16
563,8
564,3
565,3
566,8
567,3
568,20
569,12
570,11
571,2
572,1
573,14
574,1
575,9
576,13
577,8
578,9
579,1
580,10
581,20
582,18
583,1
584,0
585,5
586,18
587,11
588,7
589,6
590,1
591,6
592,12
593,18
594,11
595,2
596,6
597,9
598,1
599,11
600,8
601,5
602,15
603,2
604,2
605,6
606,2
607,8
608,10
609,7
610,9
611,7
612,19
613,2
614,3
615,1
616,2
617,8
618,7
619,1
620,11
621,17
622,1
623,2
624,20
625,4
626,12
627,6
628,0
629,2
630,16
631,7
632,1
633,11
634,1
635,11
636,10
637,2
638,13
639,11
640,11
641,11
642,2
643,21
644,1
645,12
646,7
647,14
648,11
649,13
650,1
651,9
652,6
653,7
654,17
655,0
656,16
657,17
658,0
659,16
660,15
661,9
662,5
663,2
664,19
665,15
666,13
667,19
668,1
669,6
670,17
671,7
672,8
673,19
674,12
675,1
676,10
677,13
678,12
679,3
680,15
681,1
682,0
683,1
684,3
685,4
686,1
687,0
688,2
689,1
690,9
691,10
692,1
693,2
694,8
695,6
696,5
697,1
698,6
699,7
700,19
701,1
702,11
703,7
704,4
705,3
706,1
707,15
708,1
709,1
710,1
711,3
712,11
713,1
714,1
715,5
716,2
717,6
718,11
719,11
720,0
721,6
722,16
723,11
724,11
725,16
726,7
727,3
728,11
729,3
730,15
731,17
732,17
733,11
734,15
735,9
736,17
737,5
738,2
739,14
740,1
741,11
742,20
743,5
744,19
745,5
746,3
747,9
748,11
749,9
750,10
751,11
752,13
753,9
754,1
755,8
756,1
757,15
758,11
759,8
760,17
761,11
762,8
763,18
764,2
765,11
766,19
767,11
768,19
769,6
770,11
771,9
772,19
773,11
774,1
775,0
776,7
777,1
778,11
779,3
780,19
781,1
782,6
783,2
784,7
785,17
786,11
787,6
788,1
789,12
790,1
791,6
792,16
793,15
794,2
795,6
796,9
797,1
798,17
799,3
800,8
801,2
802,16
803,17
804,1
805,1
806,19
807,15
808,12
809,1
810,11
811,0
812,1
813,9
814,0
815,19
816,1
817,6
818,5
819,5
820,1
821,7
822,1
823,9
824,1
825,10
826,9
827,1
828,11
829,18
830,1
831,14
832,9
833,8
834,11
835,0
836,11
837,13
838,15
839,9
840,0
841,9
842,15
843,16
844,4
845,7
846,19
847,14
848,2
849,5
850,7
851,1
852,7
853,16
854,1
855,9
856,13
857,2
858,20
859,0
860,9
861,6
862,11
863,5
864,11
865,7
866,2
867,4
868,2
869,1
870,12
871,1
872,15
873,2
874,5
875,9
876,0
877,11
878,11
879,3
880,11
881,2
882,18
883,8
884,10
885,2
886,8
887,1
888,11
889,7
890,19
891,9
892,6
893,11
894,19
895,8
896,7
897,12
898,11
899,2
900,8
901,2
902,1
903,19
904,6
905,12
906,6
907,2
908,7
909,2
910,1
911,11
912,3
913,8
914,19
915,7
916,1
917,2
918,1
919,19
920,20
921,6
922,8
923,1
924,19
925,1
926,18
927,0
928,5
929,6
930,7
931,11
932,17
933,2
934,13
935,1
936,18
937,6
938,1
939,4
940,3
941,11
942,10
943,15
944,7
945,20
946,19
947,13
948,3
949,8
950,7
951,1
952,11
953,11
954,10
955,2
956,6
957,7
958,9
959,11
960,12
961,19
962,10
963,12
964,5
965,8
966,7
967,1
968,9
969,16
970,17
971,5
972,8
973,9
974,7
975,17
976,13
977,12
978,1
979,21
980,18
981,11
982,2
983,9
984,1
985,1
986,10
987,11
988,7
989,8
990,7
991,11
992,1
993,8
994,11
995,6
996,17
997,8
998,19
999,11
1000,1
1001,11
1002,7
1003,0
1004,9
1005,5
1006,11
1007,10
1008,12
1009,13
1010,2
1011,9
1012,17
1013,7
1014,1
1015,16
1016,7
1017,11
1018,12
1019,16
1020,19
1021,0
1022,2
1023,11
1024,10
1025,19
1026,6
1027,11
1028,9
1029,9
1030,1
1031,2
1032,1
1033,2
1034,9
1035,16
1036,9
1037,11
1038,9
1039,0
1040,14
1041,12
1042,3
1043,15
1044,12
1045,10
1046,12
1047,9
1048,19
1049,1
1050,7
1051,1
1052,12
1053,17
1054,1
1055,1
1056,2
1057,12
1058,5
1059,10
1060,1
1061,3
1062,2
1063,7
1064,1
1065,11
1066,6
1067,0
1068,1
1069,11
1070,2
1071,2
1072,6
1073,10
1074,15
1075,2
1076,1
1077,10
1078,16
1079,8
1080,10
1081,15
1082,7
1083,16
1084,17
1085,1
1086,1
1087,9
1088,13
1089,6
1090,11
1091,1
1092,2
1093,2
1094,1
1095,16
1096,9
1097,1
1098,9
1099,17
1100,2
1101,16
1102,4
1103,9
1104,0
1105,6
1106,13
1107,4
1108,14
1109,1
1110,1
1111,1
1112,7
1113,1
1114,2
1115,16
1116,17
1117,9
1118,11
1119,9
1120,7
1121,8
1122,6
1123,9
1124,2
1125,20
1126,6
1127,10
1128,15
1129,2
1130,20
1131,1
1132,11
1133,9
1134,1
1135,12
1136,11
1137,11
1138,11
1139,17
1140,2
1141,6
1142,1
1143,7
1144,14
1145,5
1146,9
1147,7
1148,10
1149,6
1150,1
1151,1
1152,1
1153,0
1154,1
1155,2
1156,11
1157,20
1158,1
1159,8
1160,2
1161,3
1162,1
1163,14
1164,3
1165,11
1166,17
1167,7
1168,16
1169,9
1170,9
1171,1
1172,8
1173,14
1174,8
1175,1
1176,16
1177,9
1178,3
1179,1
1180,1
1181,9
1182,10
1183,3
1184,1
1185,7
1186,5
1187,9
1188,18
1189,3
1190,1
1191,11
1192,14
1193,11
1194,13
1195,18
1196,12
1197,9
1198,5
1199,21
1200,2
1201,1
1202,3
1203,5
1204,10
1205,1
1206,11
1207,3
1208,5
1209,5
1210,7
1211,6
1212,2
1213,5
1214,17
1215,21
1216,5
1217,8
1218,7
1219,9
1220,10
1221,8
1222,4
1223,15
1224,8
1225,9
1226,5
1227,12
1228,10
1229,15
1230,0
1231,11
1232,6
1233,0
1234,1
1235,7
1236,7
1237,11
1238,10
1239,1
1240,13
1241,13
1242,6
1243,11
1244,12
1245,3
1246,7
1247,6
1248,5
1249,7
1250,1
1251,10
1252,3
1253,12
1254,19
1255,1
1256,8
1257,11
1258,2
1259,8
1260,7
1261,8
1262,11
1263,2
1264,11
1265,9
1266,1
1267,18
1268,13
1269,9
1270,9
1271,11
1272,5
1273,6
1274,10
1275,0
1276,4
1277,6
1278,9
1279,1
1280,11
1281,19
1282,3
1283,10
1284,12
1285,7
1286,6
1287,19
1288,6
1289,15
1290,8
1291,1
1292,12
1293,4
1294,0
1295,11
1296,19
1297,11
1298,10
1299,7
1300,9
1301,19
1302,2
1303,14
1304,9
1305,7
1306,6
1307,9
1308,2
1309,14
1310,19
1311,1
1312,15
1313,14
1314,7
1315,12
1316,11
1317,9
1318,2
1319,13
1320,10
1321,17
1322,17
1323,11
1324,8
1325,12
1326,4
1327,3
1328,11
1329,8
1330,9
1331,2
1332,1
1333,6
1334,9
1335,0
1336,12
1337,13
1338,11
1339,20
1340,8
1341,0
1342,1
1343,17
1344,9
1345,0
1346,3
1347,15
1348,2
1349,9
1350,17
1351,11
1352,14
1353,19
1354,20
1355,11
1356,1
1357,19
1358,15
1359,15
1360,15
1361,11
1362,8
1363,14
1364,6
1365,7
1366,2
1367,7
1368,1
1369,8
1370,6
1371,8
1372,17
1373,8
1374,4
1375,7
1376,0
1377,10
1378,2
1379,1
1380,17
1381,0
1382,4
1383,1
1384,0
1385,6
1386,3
1387,13
1388,9
1389,2
1390,9
1391,1
1392,10
1393,2
1394,5
1395,2
1396,17
1397,4
1398,5
1399,9
1400,2
1401,7
1402,12
1403,17
1404,19
1405,1
1406,19
1407,1
1408,8
1409,11
1410,4
1411,2
1412,11
1413,11
1414,13
1415,7
1416,11
1417,8
1418,11
1419,12
1420,1
1421,5
1422,1
1423,6
1424,2
1425,14
1426,2
1427,10
1428,10
1429,7
1430,1
1431,12
1432,0
1433,1
1434,0
1435,16
1436,14
1437,10
1438,1
1439,17
1440,11
1441,7
1442,2
1443,16
1444,7
1445,13
1446,8
1447,11
1448,1
1449,1
1450,8
1451,8
1452,1
1453,1
1454,11
1455,3
1456,5
1457,12
1458,13
1459,8
1460,15
1461,9
1462,13
1463,2
1464,1
1465,9
1466,17
1467,14
1468,19
1469,11
1470,14
1471,11
1472,9
1473,7
1474,19
1475,14
1476,2
1477,8
1478,13
1479,13
1480,14
1481,8
1482,6
1483,11
1484,12
1485,0
1486,1
1487,1
1488,6
1489,2
1490,12
1491,11
1492,7
1493,5
1494,16
1495,13
1496,2
1497,1
1498,4
1499,2
1500,3
1501,2
1502,8
1503,13
1504,8
1505,10
1506,8
1507,2
1508,9
1509,11
1510,3
1511,8
1512,19
1513,7
1514,11
1515,17
1516,0
1517,1
1518,1
1519,11
1520,4
1521,2
1522,13
1523,5
1524,7
1525,9
1526,11
1527,17
1528,11
1529,10
1530,17
1531,11
1532,9
1533,2
1534,0
1535,1
1536,11
1537,7
1538,17
1539,4
1540,10
1541,1
1542,10
1543,16
1544,14
1545,13
1546,9
1547,9
1548,11
1549,1
1550,0
1551,9
1552,6
1553,12
1554,9
1555,13
1556,2
1557,2
1558,1
1559,1
1560,1
1561,11
1562,6
1563,2
1564,18
1565,19
1566,1
1567,12
1568,19
1569,9
1570,0
1571,11
1572,11
1573,10
1574,19
1575,11
1576,20
1577,12
1578,10
1579,11
1580,7
1581,7
1582,9
1583,17
1584,2
1585,8
1586,0
1587,12
1588,12
1589,16
1590,8
1591,3
1592,13
1593,1
1594,7
1595,9
1596,0
1597,5
1598,7
1599,10
1600,3
1601,11
1602,1
1603,4
1604,12
1605,1
1606,4
1607,1
1608,11
1609,1
1610,11
1611,1
1612,1
1613,14
1614,2
1615,1
1616,0
1617,17
1618,11
1619,4
1620,1
1621,7
1622,8
1623,19
1624,8
1625,11
1626,8
1627,1
1628,19
1629,2
1630,1
1631,1
1632,14
1633,7
1634,1
1635,9
1636,6
1637,2
1638,11
1639,1
1640,12
1641,5
1642,7
1643,3
1644,8
1645,0
1646,9
1647,7
1648,0
1649,8
1650,0
1651,19
1652,2
1653,2
1654,8
1655,3
1656,16
1657,1
1658,8
1659,1
1660,11
1661,0
1662,6
1663,9
1664,7
1665,7
1666,1
1667,6
1668,13
1669,11
1670,3
1671,6
1672,1
1673,10
1674,1
1675,11
1676,11
1677,9
1678,0
1679,10
1680,8
1681,11
1682,17
1683,1
1684,3
1685,11
1686,4
1687,2
1688,1
1689,2
1690,8
1691,4
1692,16
1693,19
1694,6
1695,1
1696,2
1697,5
1698,1
1699,12
1700,3
1701,8
1702,1
1703,11
1704,9
1705,2
1706,9
1707,9
1708,14
1709,11
1710,8
1711,1
1712,8
1713,12
1714,8
1715,9
1716,14
1717,7
1718,2
1719,2
1720,11
1721,1
1722,18
1723,6
1724,16
1725,9
1726,8
1727,1
1728,15
1729,1
1730,2
1731,17
1732,5
1733,12
1734,1
1735,0
1736,7
1737,15
1738,11
1739,7
1740,5
1741,13
1742,17
1743,6
1744,7
1745,11
1746,1
1747,11
1748,5
1749,1
1750,11
1751,0
1752,12
1753,14
1754,11
1755,9
1756,13
1757,17
1758,15
1759,0
1760,7
1761,0
1762,8
1763,0
1764,0
1765,6
1766,11
1767,1
1768,11
1769,1
1770,4
1771,9
1772,2
1773,4
1774,5
1775,7
1776,16
1777,17
1778,8
1779,17
1780,7
1781,1
1782,9
1783,11
1784,21
1785,2
1786,9
1787,9
1788,19
1789,19
1790,3
1791,19
1792,1
1793,9
1794,2
1795,6
1796,3
1797,2
1798,4
1799,5
1800,11
1801,17
1802,10
1803,7
1804,1
1805,14
1806,1
1807,1
1808,1
1809,2
1810,8
1811,6
1812,11
1813,2
1814,6
1815,9
1816,11
1817,2
1818,5
1819,11
1820,13
1821,2
1822,7
1823,8
1824,14
1825,0
1826,14
1827,7
1828,1
1829,14
1830,14
1831,11
1832,7
1833,1
1834,3
1835,17
1836,9
1837,2
1838,1
1839,12
1840,17
1841,1
1842,5
1843,11
1844,1
1845,8
1846,3
1847,1
1848,12
1849,3
1850,12
1851,0
1852,1
1853,10
1854,1
1855,1
1856,0
1857,4
1858,3
1859,19
1860,2
1861,11
1862,7
1863,1
1864,1
1865,1
1866,2
1867,6
1868,2
1869,1
1870,8
1871,9
1872,9
1873,2
1874,20
1875,18
1876,6
1877,1
1878,20
1879,0
1880,9
1881,11
1882,14
1883,11
1884,2
1885,18
1886,1
1887,5
1888,3
1889,7
1890,12
1891,19
1892,12
1893,17
1894,7
1895,1
1896,7
1897,1
1898,10
1899,12
1900,8
1901,18
1902,16
1903,7
1904,11
1905,1
1906,11
1907,2
1908,1
1909,9
1910,17
1911,3
1912,7
1913,1
1914,1
1915,12
1916,9
1917,9
1918,1
1919,15
1920,16
1921,11
1922,1
1923,1
1924,5
1925,7
1926,1
1927,11
1928,2
1929,1
1930,3
1931,11
1932,7
1933,20
1934,9
1935,2
1936,9
1937,1
1938,2
1939,11
1940,8
1941,2
1942,8
1943,10
1944,12
1945,12
1946,1
1947,1
1948,1
1949,2
1950,14
1951,8
1952,7
1953,8
1954,8
1955,16
1956,8
1957,15
1958,3
1959,7
1960,1
1961,8
1962,11
1963,11
1964,7
1965,11
1966,15
1967,9
1968,14
1969,9
1970,15
1971,0
1972,9
1973,17
1974,9
1975,9
1976,1
1977,0
1978,13
1979,12
1980,1
1981,7
1982,9
1983,11
1984,1
1985,10
1986,1
1987,8
1988,14
1989,2
1990,15
1991,2
1992,4
1993,1
1994,7
1995,7
1996,17
1997,11
1998,15
1999,6
2000,4
2001,11
2002,9
2003,17
2004,11
2005,8
2006,1
2007,6
2008,5
2009,1
2010,14
2011,1
2012,1
2013,9
2014,11
2015,1
2016,5
2017,15
2018,17
2019,15
2020,19
2021,19
2022,2
2023,17
2024,5
2025,12
2026,8
2027,13
2028,1
2029,11
2030,17
2031,9
2032,11
2033,1
2034,3
2035,9
2036,6
2037,5
2038,10
2039,12
2040,7
2041,1
2042,1
2043,19
2044,16
2045,2
2046,15
2047,12
2048,1
2049,18
2050,8
2051,11
2052,11
2053,0
2054,11
2055,2
2056,6
2057,0
2058,19
2059,7
2060,4
2061,1
2062,1
2063,18
2064,12
2065,11
2066,3
2067,9
2068,0
2069,13
2070,3
2071,19
2072,7
2073,2
2074,17
2075,3
2076,1
2077,3
2078,11
2079,1
2080,16
2081,0
2082,2
2083,11
2084,11
2085,11
2086,2
2087,15
2088,2
2089,5
2090,7
2091,4
2092,1
2093,19
2094,6
2095,11
2096,7
2097,6
2098,2
2099,8
2100,19
2101,16
2102,2
2103,3
2104,19
2105,6
2106,18
2107,4
2108,9
2109,13
2110,11
2111,3
2112,9
2113,21
2114,5
2115,11
2116,2
2117,11
2118,10
2119,11
2120,3
2121,3
2122,12
2123,5
2124,10
2125,8
2126,17
2127,1
2128,16
2129,11
2130,11
2131,1
2132,11
2133,17
2134,3
2135,4
2136,9
2137,9
2138,1
2139,5
2140,7
2141,5
2142,4
2143,1
2144,10
2145,1
2146,19
2147,12
2148,15
2149,9
2150,11
2151,1
2152,0
2153,3
2154,9
2155,13
2156,11
2157,9
2158,21
2159,11
2160,3
2161,2
2162,9
2163,11
2164,20
2165,3
2166,16
2167,19
2168,7
2169,11
2170,19
2171,1
2172,2
2173,1
2174,4
2175,12
2176,0
2177,11
2178,1
2179,4
2180,11
2181,11
2182,7
2183,8
2184,8
2185,15
2186,12
2187,19
2188,8
2189,1
2190,11
2191,14
2192,11
2193,4
2194,5
2195,7
2196,11
2197,9
2198,16
2199,2
2200,17
2201,2
2202,11
2203,6
2204,1
2205,0
2206,0
2207,2
2208,18
2209,21
2210,7
2211,1
2212,13
2213,2
2214,2
2215,12
2216,2
2217,11
2218,13
2219,17
2220,1
2221,1
2222,8
2223,3
2224,6
2225,7
2226,11
2227,11
2228,11
2229,17
2230,1
2231,7
2232,17
2233,4
2234,2
2235,19
2236,1
2237,2
2238,1
2239,6
2240,14
2241,6
2242,8
2243,19
2244,1
2245,13
2246,4
2247,6
2248,3
2249,9
2250,7
2251,4
2252,7
2253,8
2254,1
2255,9
2256,11
2257,9
2258,5
2259,17
2260,11
2261,11
2262,4
2263,1
2264,13
2265,3
2266,19
2267,1
2268,1
2269,15
2270,15
2271,8
2272,8
2273,6
2274,2
2275,7
2276,1
2277,2
2278,17
2279,3
2280,16
2281,6
2282,15
2283,1
2284,9
2285,3
2286,12
2287,1
2288,11
2289,13
2290,1
2291,1
2292,19
2293,18
2294,18
2295,11
2296,3
2297,3
2298,1
2299,1
2300,3
2301,8
2302,17
2303,13
2304,5
2305,11
2306,5
2307,1
2308,7
2309,5
2310,5
2311,11
2312,11
2313,9
2314,16
2315,8
2316,12
2317,2
2318,10
2319,10
2320,1
2321,5
2322,11
2323,6
2324,13
2325,4
2326,12
2327,7
2328,1
2329,1
2330,3
2331,9
2332,10
2333,13
2334,6
2335,11
2336,9
2337,15
2338,0
2339,1
2340,18
2341,21
2342,9
2343,10
2344,11
2345,6
2346,1
2347,3
2348,1
2349,1
2350,3
2351,16
2352,13
2353,1
2354,9
2355,1
2356,15
2357,12
2358,1
2359,0
2360,17
2361,1
2362,14
2363,6
2364,16
2365,18
2366,11
2367,2
2368,2
2369,9
2370,2
2371,0
2372,3
2373,7
2374,15
2375,13
2376,6
2377,16
2378,1
2379,3
2380,11
2381,0
2382,1
2383,6
2384,1
2385,1
2386,6
2387,15
2388,21
2389,7
2390,9
2391,8
2392,11
2393,9
2394,3
2395,2
2396,3
2397,11
2398,11
2399,13
2400,0
2401,8
2402,15
2403,14
2404,18
2405,1
2406,5
2407,11
2408,18
2409,7
2410,9
2411,19
2412,19
2413,3
2414,6
2415,2
2416,16
2417,15
2418,21
2419,2
2420,13
2421,19
2422,8
2423,16
2424,1
2425,14
2426,1
2427,19
2428,2
2429,1
2430,2
2431,6
2432,3
2433,1
2434,1
2435,21
2436,5
2437,11
2438,9
2439,2
2440,11
2441,8
2442,2
2443,10
2444,17
2445,11
2446,11
2447,16
2448,12
2449,3
2450,11
2451,11
2452,1
2453,0
2454,5
2455,11
2456,11
2457,0
2458,5
2459,17
2460,1
2461,1
2462,5
2463,1
2464,0
2465,15
2466,11
2467,0
2468,11
2469,8
2470,7
2471,5
2472,7
2473,11
2474,0
2475,10
2476,17
2477,11
2478,8
2479,13
2480,6
2481,6
2482,2
2483,0
2484,11
2485,4
2486,1
2487,9
2488,16
2489,7
2490,1
2491,12
2492,5
2493,13
2494,9
2495,16
2496,9
2497,21
2498,17
2499,1
2500,17
2501,14
2502,10
2503,14
2504,1
2505,7
2506,5
2507,1
2508,19
2509,6
2510,1
2511,3
2512,1
2513,13
2514,1
2515,5
2516,11
2517,16
2518,1
2519,21
2520,1
2521,9
2522,9
2523,19
2524,11
2525,7
2526,1
2527,11
2528,2
2529,11
2530,0
2531,11
2532,17
2533,7
2534,11
2535,13
2536,2
2537,1
2538,11
2539,7
2540,19
2541,1
2542,19
2543,1
2544,11
2545,18
2546,7
2547,10
2548,2
2549,1
2550,19
2551,1
2552,8
2553,11
2554,0
2555,2
2556,7
2557,1
2558,0
2559,7
2560,0
2561,11
2562,7
2563,8
2564,19
2565,12
2566,11
2567,1
2568,16
2569,17
2570,6
2571,10
2572,11
2573,12
2574,14
2575,1
2576,17
2577,1
2578,19
2579,14
2580,13
2581,8
2582,12
2583,7
2584,21
2585,3
2586,1
2587,2
2588,3
2589,11
2590,11
2591,1
2592,9
2593,2
2594,16
2595,13
2596,2
2597,7
2598,13
2599,1
2600,2
2601,11
2602,2
2603,20
2604,10
2605,7
2606,7
2607,11
2608,9
2609,13
2610,1
2611,11
2612,3
2613,9
2614,16
2615,17
2616,0
2617,1
2618,6
2619,1
2620,2
2621,3
2622,11
2623,16
2624,10
2625,9
2626,1
2627,3
2628,9
2629,2
2630,5
2631,20
2632,7
2633,1
2634,3
2635,1
2636,17
2637,6
2638,18
2639,7
2640,4
2641,1
2642,8
2643,11
2644,15
2645,17
2646,1
2647,20
2648,9
2649,11
2650,18
2651,0
2652,6
2653,3
2654,15
2655,1
2656,1
2657,3
2658,8
2659,16
2660,6
2661,2
2662,1
2663,13
2664,11
2665,1
2666,5
2667,7
2668,19
2669,16
2670,1
2671,8
2672,11
2673,5
2674,3
2675,5
2676,12
2677,7
2678,13
2679,2
2680,1
2681,8
2682,19
2683,7
2684,1
2685,17
2686,6
2687,11
2688,1
2689,13
2690,2
2691,3
2692,20
2693,7
2694,1
2695,3
2696,19
2697,16
2698,14
2699,19
2700,11
2701,9
2702,2
2703,17
2704,1
2705,1
2706,2
2707,1
2708,1
2709,15
2710,11
2711,1
2712,1
2713,12
2714,2
2715,11
2716,19
2717,12
2718,17
2719,6
2720,5
2721,10
2722,5
2723,9
2724,11
2725,1
2726,4
2727,2
2728,15
2729,2
2730,8
2731,11
2732,7
2733,6
2734,12
2735,9
2736,2
2737,4
2738,4
2739,5
2740,6
2741,0
2742,2
2743,8
2744,9
2745,5
2746,17
2747,16
2748,11
2749,2
2750,19
2751,11
2752,17
2753,5
2754,2
2755,11
2756,3
2757,7
2758,15
2759,1
2760,7
2761,10
2762,1
2763,2
2764,13
2765,17
2766,8
2767,9
2768,3
2769,4
2770,1
2771,11
2772,11
2773,2
2774,12
2775,5
2776,5
2777,8
2778,5
2779,1
2780,11
2781,10
2782,1
2783,7
2784,9
2785,14
2786,1
2787,11
2788,8
2789,11
2790,1
2791,11
2792,4
2793,13
2794,12
2795,9
2796,2
2797,7
2798,8
2799,5
2800,7
2801,7
2802,12
2803,15
2804,3
2805,12
2806,1
2807,11
2808,1
2809,1
2810,11
2811,4
2812,9
2813,3
2814,1
2815,9
2816,7
2817,3
2818,16
2819,21
2820,6
2821,1
2822,11
2823,11
2824,2
2825,1
2826,2
2827,1
2828,1
2829,11
2830,7
2831,5
2832,2
2833,21
2834,1
2835,9
2836,8
2837,17
2838,0
2839,3
2840,6
2841,7
2842,4
2843,9
2844,1
2845,10
2846,9
2847,2
2848,14
2849,15
2850,1
2851,19
2852,7
2853,1
2854,1
2855,15
2856,9
2857,7
2858,8
2859,5
2860,17
2861,11
2862,2
2863,11
2864,4
2865,1
2866,8
2867,0
2868,11
2869,1
2870,1
2871,11
2872,11
2873,0
2874,4
2875,12
2876,2
2877,1
2878,16
2879,3
2880,6
2881,8
2882,19
2883,5
2884,1
2885,16
2886,7
2887,11
2888,7
2889,10
2890,1
2891,19
2892,8
2893,2
2894,14
2895,5
2896,3
2897,2
2898,1
2899,2
2900,13
2901,11
2902,9
2903,2
2904,0
2905,6
2906,7
2907,8
2908,2
2909,15
2910,9
2911,8
2912,9
2913,11
2914,2
2915,9
2916,1
2917,3
2918,3
2919,8
2920,16
2921,11
2922,6
2923,8
2924,9
2925,17
2926,3
2927,9
2928,10
2929,7
2930,12
2931,11
2932,9
2933,1
2934,3
2935,2
2936,9
2937,4
2938,11
2939,3
2940,8
2941,7
2942,19
2943,1
2944,6
2945,11
2946,7
2947,3
2948,0
2949,11
2950,6
2951,2
2952,9
2953,6
2954,11
2955,1
2956,1
2957,5
2958,19
2959,14
2960,10
2961,1
2962,7
2963,8
2964,1
2965,9
2966,11
2967,15
2968,8
2969,5
2970,8
2971,15
2972,18
2973,11
2974,1
2975,3
2976,7
2977,10
2978,11
2979,17
2980,3
2981,14
2982,3
2983,14
2984,1
2985,6
2986,3
2987,16
2988,13
2989,7
2990,1
2991,0
2992,15
2993,3
2994,4
2995,9
2996,11
2997,11
2998,12
2999,8
3000,1
3001,1
3002,11
3003,1
3004,1
3005,15
3006,1
3007,1
3008,9
3009,2
3010,2
3011,11
3012,1
3013,1
3014,8
3015,5
3016,1
3017,12
3018,21
3019,11
3020,1
3021,11
3022,1
3023,7
3024,11
3025,8
3026,10
3027,1
3028,6
3029,0
3030,8
3031,1
3032,9
3033,7
3034,11
3035,3
3036,12
3037,6
3038,7
3039,7
3040,11
3041,7
3042,11
3043,9
3044,7
3045,7
3046,12
3047,11
3048,9
3049,9
3050,1
3051,3
3052,4
3053,17
3054,13
3055,2
3056,5
3057,1
3058,5
3059,7
3060,11
3061,2
3062,6
3063,16
3064,12
3065,4
3066,11
3067,1
3068,4
3069,9
3070,11
3071,19
3072,1
3073,0
3074,2
3075,1
3076,19
3077,17
3078,8
3079,0
3080,19
3081,2
3082,1
3083,1
3084,8
3085,10
3086,11
3087,7
3088,1
3089,7
3090,10
3091,12
3092,7
3093,8
3094,7
3095,20
3096,11
3097,9
3098,11
3099,7
3100,1
3101,0
3102,1
3103,11
3104,2
3105,11
3106,11
3107,7
3108,12
3109,14
3110,7
3111,11
3112,8
3113,9
3114,11
3115,1
3116,1
3117,7
3118,13
3119,17
3120,12
3121,1
3122,15
3123,15
3124,9
3125,7
3126,13
3127,0
3128,14
3129,3
3130,1
3131,21
3132,7
3133,9
3134,17
3135,17
3136,2
3137,11
3138,2
3139,6
3140,8
3141,9
3142,11
3143,11
3144,6
3145,13
3146,5
3147,9
3148,3
3149,11
3150,2
3151,0
3152,17
3153,1
3154,15
3155,1
3156,2
3157,6
3158,3
3159,7
3160,1
3161,1
3162,1
3163,6
3164,9
3165,15
3166,19
3167,6
3168,9
3169,8
3170,7
3171,9
3172,11
3173,3
3174,1
3175,7
3176,16
3177,14
3178,15
3179,11
3180,14
3181,16
3182,10
3183,3
3184,17
3185,6
3186,2
3187,20
3188,7
3189,2
3190,12
3191,9
3192,5
3193,16
3194,5
3195,11
3196,8
3197,20
3198,8
3199,11
3200,5
3201,1
3202,1
3203,0
3204,11
3205,11
3206,1
3207,6
3208,1
3209,16
3210,11
3211,2
3212,10
3213,6
3214,1
3215,11
3216,6
3217,11
3218,9
3219,14
3220,4
3221,6
3222,9
3223,14
3224,0
3225,1
3226,16
3227,1
3228,3
3229,10
3230,14
3231,9
3232,9
3233,11
3234,3
3235,0
3236,5
3237,9
3238,17
3239,18
3240,0
3241,8
3242,17
3243,14
3244,11
3245,2
3246,21
3247,15
3248,19
3249,3
3250,0
3251,5
3252,3
3253,13
3254,1
3255,9
3256,3
3257,19
3258,11
3259,7
3260,19
3261,2
3262,9
3263,1
3264,14
3265,1
3266,1
3267,7
3268,19
3269,6
3270,7
3271,4
3272,8
3273,1
3274,11
3275,19
3276,10
3277,7
3278,18
3279,1
3280,8
3281,1
3282,1
3283,5
3284,1
3285,11
3286,1
3287,7
3288,8
3289,3
3290,8
3291,11
3292,4
3293,2
3294,4
3295,10
3296,14
3297,17
3298,5
3299,11
3300,5
3301,7
3302,9
3303,19
3304,8
3305,2
3306,11
3307,2
3308,1
3309,9
3310,11
3311,15
3312,2
3313,12
3314,7
3315,4
3316,3
3317,9
3318,2
3319,0
3320,6
3321,0
3322,1
3323,15
3324,8
3325,1
3326,0
3327,0
3328,4
3329,11
3330,8
3331,2
3332,2
3333,17
3334,11
3335,1
3336,0
3337,17
3338,1
3339,12
3340,16
3341,1
3342,3
3343,14
3344,7
3345,4
3346,7
3347,11
3348,8
3349,2
3350,0
3351,1
3352,1
3353,7
3354,1
3355,11
3356,0
3357,1
3358,3
3359,14
3360,3
3361,7
3362,7
3363,13
3364,3
3365,19
3366,1
3367,1
3368,4
3369,1
3370,1
3371,17
3372,19
3373,5
3374,3
3375,3
3376,5
3377,7
3378,6
3379,5
3380,1
3381,6
3382,11
3383,1
3384,1
3385,1
3386,11
3387,11
3388,11
3389,17
3390,20
3391,12
3392,12
3393,1
3394,1
3395,8
3396,10
3397,8
3398,3
3399,8
3400,0
3401,2
3402,17
3403,12
3404,7
3405,6
3406,1
3407,17
3408,1
3409,9
3410,1
3411,7
3412,6
3413,1
3414,0
3415,15
3416,17
3417,6
3418,14
3419,15
3420,6
3421,9
3422,16
3423,7
3424,21
3425,18
3426,10
3427,6
3428,8
3429,7
3430,19
3431,6
3432,1
3433,19
3434,3
3435,6
3436,11
3437,5
3438,8
3439,14
3440,19
3441,0
3442,1
3443,9
3444,5
3445,1
3446,0
3447,6
3448,1
3449,1
3450,8
3451,19
3452,3
3453,7
3454,3
3455,19
3456,11
3457,6
3458,1
3459,1
3460,15
3461,1
3462,12
3463,9
3464,3
3465,15
3466,1
3467,9
3468,0
3469,11
3470,9
3471,1
3472,2
3473,13
3474,13
3475,19
3476,2
3477,8
3478,0
3479,9
3480,7
3481,2
3482,11
3483,9
3484,2
3485,8
3486,12
3487,15
3488,11
3489,17
3490,14
3491,19
3492,19
3493,17
3494,2
3495,19
3496,21
3497,14
3498,9
3499,0
3500,2
3501,1
3502,14
3503,3
3504,7
3505,18
3506,7
3507,16
3508,1
3509,1
3510,7
3511,9
3512,7
3513,9
3514,7
3515,11
3516,7
3517,14
3518,15
3519,19
3520,11
3521,2
3522,15
3523,12
3524,11
3525,9
3526,6
3527,6
3528,14
3529,1
3530,2
3531,11
3532,13
3533,1
3534,11
3535,1
3536,14
3537,3
3538,20
3539,15
3540,9
3541,1
3542,1
3543,9
3544,5
3545,5
3546,1
3547,11
3548,11
3549,7
3550,1
3551,1
3552,0
3553,5
3554,7
3555,16
3556,17
3557,7
3558,5
3559,4
3560,8
3561,11
3562,16
3563,8
3564,11
3565,2
3566,11
3567,1
3568,11
3569,7
3570,3
3571,7
3572,21
3573,9
3574,0
3575,10
3576,1
3577,6
3578,7
3579,2
3580,11
3581,17
3582,9
3583,16
3584,8
3585,11
3586,1
3587,19
3588,11
3589,9
3590,3
3591,17
3592,11
3593,11
3594,7
3595,8
3596,4
3597,7
3598,2
3599,11
3600,11
3601,4
3602,6
3603,11
3604,7
3605,21
3606,1
3607,9
3608,12
3609,15
3610,8
3611,11
3612,0
3613,9
3614,1
3615,2
3616,5
3617,11
3618,11
3619,8
3620,8
3621,1
3622,8
3623,11
3624,11
3625,11
3626,1
3627,13
3628,3
3629,4
3630,1
3631,14
3632,2
3633,6
3634,6
3635,8
3636,8
3637,11
3638,1
3639,8
3640,11
3641,9
3642,9
3643,11
3644,13
3645,9
3646,10
3647,19
3648,10
3649,19
3650,8
3651,8
3652,13
3653,4
3654,7
3655,13
3656,5
3657,7
3658,6
3659,17
3660,20
3661,7
3662,1
3663,2
3664,11
3665,12
3666,11
3667,1
3668,18
3669,12
3670,2
3671,6
3672,7
3673,8
3674,5
3675,8
3676,7
3677,2
3678,19
3679,7
3680,6
3681,3
3682,0
3683,1
3684,0
3685,7
3686,4
3687,4
3688,10
3689,0
3690,17
3691,15
3692,19
3693,21
3694,7
3695,7
3696,16
3697,21
3698,1
3699,1
3700,2
3701,1
3702,9
3703,1
3704,16
3705,0
3706,8
3707,5
3708,13
3709,9
3710,19
3711,3
3712,2
3713,14
3714,9
3715,1
3716,7
3717,12
3718,5
3719,4
3720,5
3721,1
3722,1
3723,7
3724,17
3725,0
3726,16
3727,0
3728,14
3729,1
3730,11
3731,1
3732,15
3733,12
3734,9
3735,19
3736,7
3737,9
3738,21
3739,1
3740,7
3741,0
3742,12
3743,19
3744,10
3745,8
3746,11
3747,13
3748,14
3749,7
3750,3
3751,2
3752,7
3753,15
3754,12
3755,15
3756,6
3757,7
3758,1
3759,19
3760,1
3761,6
3762,7
3763,1
3764,11
3765,7
3766,16
3767,5
3768,12
3769,1
3770,7
3771,6
3772,1
3773,17
3774,10
3775,14
3776,11
3777,21
3778,12
3779,1
3780,2
3781,2
3782,10
3783,9
3784,6
3785,3
3786,1
3787,9
3788,1
3789,2
3790,4
3791,8
3792,18
3793,2
3794,5
3795,15
3796,9
3797,17
3798,7
3799,8
3800,14
3801,20
3802,1
3803,2
3804,3
3805,1
3806,0
3807,7
3808,5
3809,1
3810,9
3811,6
3812,7
3813,19
3814,1
3815,1
3816,2
3817,2
3818,1
3819,13
3820,7
3821,8
3822,11
3823,11
3824,7
3825,19
3826,15
3827,11
3828,7
3829,11
3830,9
3831,1
3832,14
3833,11
3834,8
3835,19
3836,7
3837,2
3838,2
3839,10
3840,11
3841,8
3842,1
3843,11
3844,13
3845,17
3846,9
3847,9
3848,1
3849,5
3850,1
3851,19
3852,1
3853,15
3854,11
3855,4
3856,5
3857,1
3858,1
3859,13
3860,15
3861,11
3862,1
3863,1
3864,8
3865,7
3866,1
3867,2
3868,13
3869,9
3870,5
3871,10
3872,0
3873,6
3874,2
3875,19
3876,1
3877,8
3878,15
3879,7
3880,4
3881,7
3882,15
3883,5
3884,5
3885,7
3886,6
3887,12
3888,5
3889,11
3890,4
3891,1
3892,12
3893,7
3894,2
3895,3
3896,1
3897,14
3898,1
3899,1
3900,1
3901,7
3902,13
3903,1
3904,11
3905,2
3906,4
3907,8
3908,1
3909,1
3910,0
3911,15
3912,4
3913,0
3914,9
3915,9
3916,19
3917,9
3918,17
3919,6
3920,12
3921,14
3922,12
3923,1
3924,11
3925,12
3926,7
3927,4
3928,7
3929,0
3930,6
3931,9
3932,7
3933,9
3934,15
3935,7
3936,7
3937,1
3938,5
3939,9
3940,9
3941,1
3942,3
3943,1
3944,11
3945,11
3946,17
3947,6
3948,7
3949,6
3950,0
3951,4
3952,9
3953,3
3954,19
3955,0
3956,1
3957,11
3958,0
3959,2
3960,3
3961,7
3962,9
3963,1
3964,4
3965,1
3966,0
3967,19
3968,4
3969,2
3970,10
3971,16
3972,1
3973,13
3974,1
3975,15
3976,9
3977,11
3978,18
3979,9
3980,3
3981,16
3982,12
3983,5
3984,7
3985,5
3986,3
3987,1
3988,19
3989,8
3990,9
3991,8
3992,11
3993,9
3994,11
3995,7
3996,9
3997,13
3998,1
3999,1
4000,7
4001,5
4002,8
4003,1
4004,3
4005,3
4006,1
4007,3
4008,0
4009,0
4010,1
4011,3
4012,0
4013,19
4014,0
4015,11
4016,1
4017,12
4018,12
4019,19
4020,2
4021,11
4022,6
4023,12
4024,9
4025,17
4026,11
4027,9
4028,11
4029,5
4030,9
4031,21
4032,10
4033,17
4034,18
4035,16
4036,5
4037,11
4038,11
4039,6
4040,11
4041,1
4042,2
4043,4
4044,11
4045,8
4046,11
4047,3
4048,1
4049,7
4050,0
4051,16
4052,2
4053,15
4054,4
4055,7
4056,19
4057,17
4058,7
4059,1
4060,8
4061,3
4062,4
4063,8
4064,10
4065,1
4066,7
4067,9
4068,10
4069,6
4070,6
4071,6
4072,2
4073,11
4074,7
4075,13
4076,0
4077,13
4078,1
4079,3
4080,5
4081,9
4082,11
4083,3
4084,1
4085,1
4086,7
4087,9
4088,19
4089,13
4090,13
4091,1
4092,18
4093,0
4094,2
4095,1
4096,11
4097,4
4098,11
4099,1
4100,7
4101,7
4102,11
4103,2
4104,1
4105,19
4106,3
4107,1
4108,6
4109,7
4110,0
4111,12
4112,1
4113,6
4114,2
4115,12
4116,11
4117,2
4118,5
4119,15
4120,11
4121,9
4122,1
4123,3
4124,1
4125,9
4126,0
4127,14
4128,11
4129,15
4130,9
4131,16
4132,9
4133,11
4134,19
4135,11
4136,17
4137,2
4138,1
4139,11
4140,4
4141,6
4142,1
4143,11
4144,13
4145,9
4146,16
4147,1
4148,1
4149,6
4150,3
4151,1
4152,7
4153,12
4154,6
4155,9
4156,11
4157,10
4158,1
4159,2
4160,6
4161,9
4162,6
4163,4
4164,4
4165,19
4166,5
4167,12
4168,2
4169,19
4170,2
4171,11
4172,1
4173,2
4174,10
4175,1
4176,4
4177,1
4178,1
4179,7
4180,1
4181,5
4182,9
4183,13
4184,9
4185,8
4186,3
4187,6
4188,1
4189,10
4190,9
4191,14
4192,11
4193,1
4194,1
4195,1
4196,9
4197,9
4198,3
4199,1
4200,8
4201,21
4202,1
4203,15
4204,9
4205,9
4206,4
4207,15
4208,13
4209,1
4210,7
4211,11
4212,11
4213,11
4214,2
4215,6
4216,6
4217,6
4218,12
4219,1
4220,11
4221,13
4222,16
4223,13
4224,10
4225,17
4226,17
4227,2
4228,7
4229,0
4230,11
4231,2
4232,7
4233,12
4234,3
4235,1
4236,1
4237,6
4238,1
4239,1
4240,11
4241,1
4242,1
4243,9
4244,7
4245,1
4246,11
4247,17
4248,21
4249,11
4250,1
4251,2
4252,9
4253,3
4254,0
4255,11
4256,12
4257,3
4258,4
4259,1
4260,11
4261,9
4262,1
4263,7
4264,9
4265,13
4266,7
4267,11
4268,6
4269,1
4270,5
4271,1
4272,6
4273,17
4274,1
4275,1
4276,14
4277,2
4278,8
4279,2
4280,13
4281,0
4282,1
4283,5
4284,20
4285,1
4286,17
4287,3
4288,5
4289,1
4290,8
4291,9
4292,1
4293,19
4294,11
4295,9
4296,9
4297,11
4298,9
4299,1
4300,11
4301,3
4302,1
4303,15
4304,13
4305,9
4306,4
4307,1
4308,12
4309,18
4310,19
4311,17
4312,8
4313,6
4314,4
4315,0
4316,7
4317,10
4318,4
4319,14
4320,8
4321,11
4322,15
4323,7
4324,17
4325,2
4326,7
4327,10
4328,11
4329,4
4330,2
4331,11
4332,21
4333,1
4334,1
4335,7
4336,5
4337,13
4338,11
4339,11
4340,11
4341,11
4342,12
4343,9
4344,9
4345,5
4346,9
4347,2
4348,9
4349,11
4350,5
4351,9
4352,12
4353,2
4354,8
4355,17
4356,2
4357,0
4358,16
4359,4
4360,8
4361,4
4362,3
4363,11
4364,9
4365,8
4366,11
4367,13
4368,16
4369,7
4370,9
4371,9
4372,1
4373,8
4374,2
4375,1
4376,1
4377,11
4378,1
4379,7
4380,15
4381,19
4382,9
4383,9
4384,3
4385,16
4386,4
4387,11
4388,14
4389,19
4390,20
4391,1
4392,1
4393,12
4394,6
4395,9
4396,18
4397,15
4398,0
4399,4
4400,8
4401,7
4402,5
4403,3
4404,6
4405,9
4406,2
4407,0
4408,9
4409,3
4410,16
4411,11
4412,11
4413,1
4414,9
4415,2
4416,2
4417,3
4418,17
4419,19
4420,11
4421,15
4422,1
4423,1
4424,10
4425,1
4426,11
4427,19
4428,1
4429,22
4430,21
4431,7
4432,2
4433,17
4434,9
4435,19
4436,17
4437,8
4438,17
4439,5
4440,7
4441,9
4442,11
4443,14
4444,7
4445,2
4446,0
4447,1
4448,12
4449,1
4450,7
4451,9
4452,14
4453,3
4454,11
4455,1
4456,2
4457,11
4458,1
4459,12
4460,2
4461,2
4462,10
4463,3
4464,11
4465,7
4466,11
4467,2
4468,2
4469,10
4470,16
4471,17
4472,6
4473,0
4474,1
4475,2
4476,7
4477,7
4478,0
4479,0
4480,5
4481,19
4482,19
4483,21
4484,11
4485,16
4486,16
4487,2
4488,6
4489,1
4490,1
4491,11
4492,10
4493,8
4494,9
4495,17
4496,20
4497,1
4498,18
4499,20
4500,14
4501,9
4502,15
4503,13
4504,6
4505,10
4506,1
4507,6
4508,2
4509,2
4510,11
4511,0
4512,8
4513,12
4514,2
4515,9
4516,1
4517,12
4518,11
4519,9
4520,4
4521,5
4522,18
4523,1
4524,11
4525,5
4526,6
4527,7
4528,6
4529,3
4530,15
4531,1
4532,5
4533,16
4534,1
4535,1
4536,1
4537,2
4538,1
4539,1
4540,8
4541,3
4542,7
4543,2
4544,0
4545,16
4546,7
4547,18
4548,1
4549,0
4550,16
4551,9
4552,1
4553,21
4554,20
4555,5
4556,6
4557,17
4558,12
4559,9
4560,2
4561,1
4562,8
4563,5
4564,9
4565,14
4566,11
4567,1
4568,11
4569,1
4570,11
4571,12
4572,4
4573,2
4574,19
4575,8
4576,3
4577,1
4578,1
4579,19
4580,7
4581,1
4582,6
4583,1
4584,9
4585,17
4586,8
4587,11
4588,6
4589,15
4590,12
4591,8
4592,1
4593,16
4594,1
4595,5
4596,4
4597,8
4598,15
4599,9
4600,1
4601,15
4602,7
4603,15
4604,4
4605,6
4606,4
4607,0
4608,7
4609,5
4610,1
4611,16
4612,6
4613,7
4614,11
4615,8
4616,17
4617,8
4618,9
4619,17
4620,7
4621,3
4622,1
4623,11
4624,9
4625,17
4626,1
4627,3
4628,9
4629,14
4630,18
4631,6
4632,19
4633,7
4634,2
4635,0
4636,2
4637,11
4638,1
4639,9
4640,2
4641,2
4642,17
4643,2
4644,9
4645,1
4646,7
4647,9
4648,1
4649,18
4650,9
4651,15
4652,12
4653,6
4654,11
4655,15
4656,0
4657,6
4658,1
4659,3
4660,3
4661,11
4662,1
4663,2
4664,15
4665,2
4666,15
4667,0
4668,4
4669,4
4670,4
4671,9
4672,13
4673,0
4674,1
4675,11
4676,17
4677,12
4678,1
4679,17
4680,19
4681,7
4682,15
4683,7
4684,5
4685,1
4686,17
4687,12
4688,3
4689,17
4690,8
4691,1
4692,11
4693,15
4694,9
4695,6
4696,9
4697,7
4698,11
4699,16
4700,1
4701,10
4702,14
4703,15
4704,1
4705,12
4706,5
4707,1
4708,1
4709,7
4710,17
4711,7
4712,11
4713,10
4714,1
4715,6
4716,5
4717,10
4718,19
4719,11
4720,11
4721,19
4722,4
4723,17
4724,9
4725,9
4726,21
4727,19
4728,11
4729,8
4730,10
4731,6
4732,1
4733,17
4734,19
4735,6
4736,1
4737,7
4738,17
4739,7
4740,7
4741,9
4742,6
4743,15
4744,1
4745,11
4746,12
4747,1
4748,14
4749,20
4750,7
4751,2
4752,6
4753,9
4754,13
4755,11
4756,15
4757,11
4758,9
4759,11
4760,11
4761,13
4762,1
4763,11
4764,6
4765,17
4766,8
4767,0
4768,11
4769,11
4770,1
4771,10
4772,1
4773,2
4774,7
4775,11
4776,9
4777,9
4778,5
4779,1
4780,14
4781,0
4782,6
4783,5
4784,2
4785,7
4786,9
4787,5
4788,3
4789,5
4790,2
4791,0
4792,4
4793,10
4794,11
4795,6
4796,5
4797,1
4798,9
4799,10
4800,1
4801,8
4802,6
4803,15
4804,10
4805,11
4806,8
4807,4
4808,2
4809,10
4810,8
4811,4
4812,14
4813,1
4814,9
4815,13
4816,10
4817,9
4818,1
4819,19
4820,20
4821,3
4822,4
4823,20
4824,19
4825,15
4826,8
4827,10
4828,14
4829,19
4830,6
4831,8
4832,0
4833,9
4834,1
4835,8
4836,9
4837,4
4838,11
4839,4
4840,1
4841,20
4842,9
4843,1
4844,13
4845,7
4846,17
4847,1
4848,5
4849,17
4850,9
4851,12
4852,10
4853,9
4854,11
4855,7
4856,11
4857,6
4858,18
4859,21
4860,11
4861,0
4862,19
4863,1
4864,9
4865,5
4866,19
4867,7
4868,18
4869,10
4870,0
4871,12
4872,9
4873,8
4874,11
4875,17
4876,19
4877,1
4878,14
4879,21
4880,1
4881,11
4882,15
4883,6
4884,17
4885,1
4886,18
4887,3
4888,7
4889,11
4890,1
4891,16
4892,1
4893,3
4894,4
4895,0
4896,3
4897,9
4898,12
4899,15
4900,7
4901,1
4902,0
4903,8
4904,6
4905,6
4906,9
4907,8
4908,17
4909,2
4910,1
4911,13
4912,8
4913,8
4914,12
4915,9
4916,5
4917,1
4918,9
4919,1
4920,19
4921,10
4922,20
4923,1
4924,9
4925,6
4926,7
4927,1
4928,0
4929,17
4930,11
4931,15
4932,16
4933,0
4934,1
4935,3
4936,16
4937,11
4938,13
4939,10
4940,8
4941,5
4942,6
4943,4
4944,9
4945,11
4946,1
4947,6
4948,7
4949,5
4950,2
4951,9
4952,7
4953,1
4954,1
4955,11
4956,1
4957,1
4958,2
4959,7
4960,7
4961,7
4962,17
4963,10
4964,6
4965,15
4966,12
4967,14
4968,1
4969,15
4970,11
4971,5
4972,11
4973,19
4974,11
4975,15
4976,13
4977,1
4978,12
4979,9
4980,8
4981,9
4982,15
4983,11
4984,10
4985,4
4986,0
4987,2
4988,2
4989,7
4990,7
4991,17
4992,16
4993,1
4994,11
4995,2
4996,12
4997,2
4998,3
4999,11
5000,12
5001,9
5002,10
5003,0
5004,4
5005,11
5006,21
5007,19
5008,0
5009,10
5010,7
5011,0
5012,2
5013,16
5014,11
5015,0
5016,15
5017,6
5018,7
5019,12
5020,7
5021,13
5022,5
5023,6
5024,1
5025,13
5026,1
5027,8
5028,11
5029,14
5030,19
5031,2
5032,7
5033,11
5034,13
5035,9
5036,1
5037,1
5038,2
5039,6
5040,6
5041,9
5042,4
5043,12
5044,3
5045,2
5046,9
5047,19
5048,12
5049,1
5050,1
5051,3
5052,16
5053,6
5054,8
5055,17
5056,6
5057,7
5058,2
5059,4
5060,8
5061,10
5062,1
5063,16
5064,0
5065,19
5066,13
5067,1
5068,11
5069,10
5070,5
5071,17
5072,2
5073,2
5074,15
5075,20
5076,10
5077,1
5078,12
5079,15
5080,9
5081,1
5082,1
5083,1
5084,1
5085,1
5086,9
5087,3
5088,5
5089,2
5090,9
5091,17
5092,4
5093,11
5094,11
5095,11
5096,6
5097,8
5098,16
5099,9
5100,1
5101,9
5102,22
5103,17
5104,0
5105,11
5106,9
5107,13
5108,11
5109,2
5110,1
5111,6
5112,7
5113,5
5114,21
5115,1
5116,16
5117,15
5118,16
5119,3
5120,17
5121,16
5122,19
5123,14
5124,16
5125,9
5126,7
5127,3
5128,9
5129,11
5130,11
5131,2
5132,19
5133,12
5134,12
5135,2
5136,1
5137,1
5138,2
5139,3
5140,1
5141,10
5142,5
5143,17
5144,9
5145,6
5146,11
5147,8
5148,6
5149,13
5150,16
5151,5
5152,11
5153,16
5154,14
5155,8
5156,15
5157,1
5158,19
5159,12
5160,1
5161,17
5162,7
5163,13
5164,13
5165,0
5166,2
5167,6
5168,8
5169,15
5170,4
5171,9
5172,11
5173,6
5174,19
5175,13
5176,1
5177,19
5178,20
5179,5
5180,6
5181,19
5182,7
5183,0
5184,1
5185,20
5186,13
5187,11
5188,2
5189,1
5190,5
5191,7
5192,10
5193,13
5194,11
5195,7
5196,1
5197,1
5198,11
5199,1
5200,11
5201,3
5202,9
5203,8
5204,7
5205,3
5206,2
5207,15
5208,12
5209,3
5210,1
5211,14
5212,17
5213,11
5214,19
5215,7
5216,16
5217,0
5218,2
5219,12
5220,3
5221,6
5222,13
5223,1
5224,1
5225,1
5226,18
5227,11
5228,11
5229,13
5230,7
5231,3
5232,5
5233,7
5234,4
5235,1
5236,11
5237,10
5238,2
5239,1
5240,10
5241,3
5242,3
5243,11
5244,1
5245,1
5246,9
5247,16
5248,19
5249,1
5250,6
5251,11
5252,7
5253,8
5254,11
5255,5
5256,6
5257,11
5258,5
5259,9
5260,19
5261,1
5262,5
5263,11
5264,0
5265,17
5266,2
5267,9
5268,11
5269,1
5270,3
5271,11
5272,3
5273,12
5274,9
5275,17
5276,11
5277,11
5278,2
5279,11
5280,1
5281,16
5282,17
5283,1
5284,3
5285,13
5286,2
5287,11
5288,2
5289,3
5290,9
5291,6
5292,5
5293,11
5294,8
5295,2
5296,1
5297,9
5298,15
5299,14
5300,1
5301,20
5302,10
5303,5
5304,7
5305,7
5306,2
5307,10
5308,17
5309,5
5310,10
5311,10
5312,1
5313,9
5314,11
5315,17
5316,1
5317,14
5318,11
5319,12
5320,3
5321,19
5322,8
5323,1
5324,7
5325,5
5326,19
5327,14
5328,5
5329,3
5330,13
5331,2
5332,9
5333,15
5334,8
5335,4
5336,1
5337,1
5338,17
5339,2
5340,16
5341,2
5342,6
5343,18
5344,7
5345,3
5346,11
5347,11
5348,3
5349,1
5350,2
5351,10
5352,11
5353,16
5354,11
5355,3
5356,19
5357,11
5358,1
5359,12
5360,1
5361,17
5362,2
5363,0
5364,7
5365,1
5366,9
5367,1
5368,19
5369,2
5370,2
5371,1
5372,5
5373,21
5374,1
5375,12
5376,19
5377,8
5378,19
5379,11
5380,1
5381,11
5382,12
5383,15
5384,13
5385,11
5386,8
5387,13
5388,15
5389,6
5390,6
5391,4
5392,17
5393,1
5394,7
5395,11
5396,17
5397,17
5398,10
5399,8
5400,9
5401,1
5402,9
5403,7
5404,6
5405,11
5406,3
5407,7
5408,1
5409,1
5410,1
5411,16
5412,2
5413,9
5414,11
5415,7
5416,11
5417,11
5418,9
5419,17
5420,1
5421,4
5422,7
5423,11
5424,17
5425,5
5426,14
5427,10
5428,11
5429,1
5430,15
5431,9
5432,5
5433,1
5434,5
5435,11
5436,8
5437,2
5438,17
5439,5
5440,1
5441,11
5442,5
5443,10
5444,1
5445,7
5446,6
5447,9
5448,16
5449,6
5450,11
5451,11
5452,9
5453,2
5454,2
5455,1
5456,2
5457,7
5458,6
5459,1
5460,7
5461,13
5462,8
5463,1
5464,1
5465,20
5466,17
5467,9
5468,7
5469,3
5470,1
5471,6
5472,19
5473,9
5474,5
5475,1
5476,4
5477,9
5478,1
5479,10
5480,9
5481,7
5482,6
5483,11
5484,1
5485,8
5486,6
5487,1
5488,16
5489,2
5490,5
5491,5
5492,4
5493,0
5494,6
5495,11
5496,6
5497,11
5498,9
5499,10
5500,1
5501,2
5502,17
5503,3
5504,1
5505,0
5506,0
5507,17
5508,2
5509,1
5510,5
5511,6
5512,12
5513,11
5514,3
5515,15
5516,3
5517,5
5518,7
5519,15
5520,1
5521,14
5522,9
5523,2
5524,3
5525,16
5526,7
5527,12
5528,11
5529,1
5530,1
5531,20
5532,17
5533,5
5534,7
5535,0
5536,0
5537,6
5538,7
5539,8
5540,1
5541,6
5542,9
5543,2
5544,9
5545,5
5546,5
5547,1
5548,1
5549,2
5550,7
5551,8
5552,9
5553,7
5554,11
5555,4
5556,17
5557,9
5558,12
5559,15
5560,11
5561,14
5562,14
5563,17
5564,2
5565,0
5566,19
5567,16
5568,2
5569,7
5570,17
5571,5
5572,1
5573,11
5574,4
5575,13
5576,0
5577,10
5578,1
5579,1
5580,8
5581,0
5582,12
5583,10
5584,8
5585,9
5586,9
5587,11
5588,2
5589,11
5590,12
5591,1
5592,17
5593,17
5594,4
5595,0
5596,3
5597,10
5598,16
5599,7
5600,1
5601,0
5602,11
5603,9
5604,9
5605,1
5606,7
5607,11
5608,9
5609,8
5610,13
5611,11
5612,2
5613,1
5614,8
5615,11
5616,6
5617,1
5618,1
5619,9
5620,1
5621,2
5622,4
5623,7
5624,11
5625,17
5626,13
5627,13
5628,4
5629,17
5630,13
5631,11
5632,15
5633,1
5634,3
5635,1
5636,14
5637,9
5638,1
5639,0
5640,20
5641,3
5642,2
5643,1
5644,9
5645,8
5646,10
5647,11
5648,12
5649,1
5650,6
5651,7
5652,17
5653,17
5654,2
5655,11
5656,2
5657,8
5658,2
5659,1
5660,1
5661,11
5662,5
5663,20
5664,2
5665,11
5666,19
5667,1
5668,11
5669,15
5670,1
5671,7
5672,2
5673,0
5674,18
5675,17
5676,2
5677,8
5678,15
5679,0
5680,10
5681,2
5682,17
5683,16
5684,6
5685,6
5686,13
5687,9
5688,1
5689,17
5690,1
5691,11
5692,2
5693,17
5694,11
5695,7
5696,9
5697,1
5698,9
5699,17
5700,10
5701,7
5702,1
5703,6
5704,1
5705,1
5706,2
5707,0
5708,13
5709,12
5710,7
5711,15
5712,14
5713,9
5714,5
5715,1
5716,1
5717,10
5718,5
5719,1
5720,8
5721,16
5722,8
5723,12
5724,4
5725,1
5726,1
5727,11
5728,1
5729,18
5730,6
5731,1
5732,6
5733,12
5734,19
5735,11
5736,2
5737,15
5738,17
5739,3
5740,1
5741,17
5742,1
5743,11
5744,11
5745,1
5746,4
5747,12
5748,9
5749,2
5750,18
5751,11
5752,13
5753,9
5754,18
5755,12
5756,2
5757,0
5758,10
5759,7
5760,2
5761,16
5762,9
5763,12
5764,14
5765,1
5766,17
5767,1
5768,0
5769,16
5770,13
5771,2
5772,3
5773,17
5774,18
5775,12
5776,19
5777,0
5778,21
5779,19
5780,14
5781,3
5782,18
5783,8
5784,16
5785,7
5786,7
5787,10
5788,9
5789,11
5790,1
5791,12
5792,1
5793,11
5794,8
5795,5
5796,0
5797,8
5798,10
5799,1
5800,8
5801,9
5802,11
5803,17
5804,16
5805,8
5806,11
5807,11
5808,11
5809,7
5810,9
5811,4
5812,11
5813,2
5814,1
5815,1
5816,2
5817,2
5818,19
5819,11
5820,8
5821,2
5822,2
5823,1
5824,7
5825,9
5826,21
5827,2
5828,1
5829,11
5830,1
5831,9
5832,4
5833,7
5834,7
5835,13
5836,15
5837,2
5838,7
5839,11
5840,11
5841,17
5842,19
5843,17
5844,2
5845,7
5846,10
5847,7
5848,11
5849,1
5850,17
5851,1
5852,4
5853,5
5854,1
5855,0
5856,13
5857,18
5858,16
5859,9
5860,9
5861,11
5862,8
5863,11
5864,11
5865,4
5866,2
5867,9
5868,1
5869,3
5870,12
5871,11
5872,5
5873,5
5874,5
5875,1
5876,1
5877,1
5878,2
5879,8
5880,3
5881,13
5882,6
5883,5
5884,1
5885,3
5886,9
5887,14
5888,7
5889,7
5890,1
5891,11
5892,12
5893,2
5894,1
5895,4
5896,5
5897,5
5898,13
5899,1
5900,17
5901,15
5902,7
5903,9
5904,7
5905,16
5906,0
5907,6
5908,8
5909,11
5910,1
5911,7
5912,5
5913,11
5914,9
5915,12
5916,11
5917,15
5918,14
5919,16
5920,7
5921,1
5922,6
5923,1
5924,5
5925,1
5926,14
5927,6
5928,15
5929,9
5930,20
5931,3
5932,11
5933,3
5934,10
5935,12
5936,2
5937,2
5938,1
5939,18
5940,1
5941,5
5942,20
5943,8
5944,9
5945,19
5946,1
5947,1
5948,8
5949,7
5950,2
5951,12
5952,1
5953,9
5954,1
5955,6
5956,11
5957,10
5958,13
5959,2
5960,6
5961,3
5962,1
5963,19
5964,8
5965,11
5966,1
5967,15
5968,14
5969,8
5970,2
5971,1
5972,4
5973,17
5974,1
5975,11
5976,3
5977,2
5978,1
5979,6
5980,0
5981,12
5982,13
5983,11
5984,1
5985,11
5986,2
5987,6
5988,7
5989,2
5990,1
5991,8
5992,11
5993,13
5994,2
5995,11
5996,6
5997,18
5998,1
5999,17
6000,10
6001,1
6002,9
6003,1
6004,2
6005,5
6006,12
6007,11
6008,15
6009,8
6010,2
6011,7
6012,11
6013,0
6014,6
6015,15
6016,11
6017,11
6018,1
6019,12
6020,11
6021,19
6022,14
6023,1
6024,6
6025,11
6026,20
6027,6
6028,12
6029,1
6030,2
6031,17
6032,11
6033,7
6034,7
6035,2
6036,8
6037,6
6038,1
6039,0
6040,5
6041,17
6042,11
6043,19
6044,3
6045,7
6046,12
6047,11
6048,1
6049,11
6050,3
6051,9
6052,7
6053,11
6054,8
6055,11
6056,1
6057,4
6058,2
6059,16
6060,13
6061,8
6062,19
6063,2
6064,1
6065,1
6066,1
6067,12
6068,8
6069,11
6070,2
6071,19
6072,11
6073,6
6074,15
6075,13
6076,8
6077,8
6078,17
6079,11
6080,1
6081,15
6082,5
6083,15
6084,8
6085,20
6086,16
6087,9
6088,2
6089,9
6090,11
6091,8
6092,17
6093,7
6094,8
6095,0
6096,10
6097,1
6098,7
6099,9
6100,16
6101,7
6102,5
6103,17
6104,6
6105,9
6106,11
6107,1
6108,9
6109,2
6110,1
6111,4
6112,17
6113,9
6114,19
6115,1
6116,11
6117,15
6118,9
6119,1
6120,6
6121,11
6122,4
6123,17
6124,8
6125,7
6126,5
6127,1
6128,19
6129,19
6130,6
6131,1
6132,2
6133,0
6134,21
6135,17
6136,1
6137,12
6138,14
6139,11
6140,2
6141,17
6142,7
6143,1
6144,6
6145,3
6146,18
6147,19
6148,7
6149,7
6150,4
6151,10
6152,18
6153,7
6154,12
6155,1
6156,17
6157,19
6158,10
6159,12
6160,17
6161,10
6162,2
6163,1
6164,17
6165,7
6166,6
6167,17
6168,17
6169,19
6170,10
6171,7
6172,8
6173,14
6174,6
6175,5
6176,11
6177,8
6178,20
6179,1
6180,2
6181,7
6182,1
6183,1
6184,17
6185,18
6186,16
6187,3
6188,1
6189,11
6190,7
6191,2
6192,8
6193,8
6194,1
6195,1
6196,2
6197,1
6198,11
6199,3
6200,20
6201,7
6202,1
6203,11
6204,1
6205,1
6206,16
6207,15
6208,6
6209,14
6210,1
6211,15
6212,10
6213,7
6214,3
6215,9
6216,6
6217,3
6218,2
6219,13
6220,1
6221,14
6222,18
6223,11
6224,2
6225,10
6226,6
6227,11
6228,9
6229,4
6230,19
6231,10
6232,14
6233,1
6234,1
6235,7
6236,0
6237,6
6238,1
6239,19
6240,1
6241,2
6242,16
6243,1
6244,6
6245,2
6246,9
6247,15
6248,1
6249,11
6250,1
6251,19
6252,2
6253,0
6254,7
6255,7
6256,2
6257,11
6258,1
6259,11
6260,6
6261,7
6262,1
6263,8
6264,9
6265,20
6266,17
6267,6
6268,1
6269,17
6270,6
6271,17
6272,1
6273,1
6274,9
6275,17
6276,11
6277,15
6278,11
6279,6
6280,12
6281,17
6282,11
6283,15
6284,11
6285,6
6286,14
6287,13
6288,7
6289,10
6290,5
6291,2
6292,7
6293,4
6294,5
6295,11
6296,5
6297,2
6298,3
6299,6
6300,3
6301,9
6302,0
6303,8
6304,1
6305,9
6306,11
6307,11
6308,7
6309,1
6310,4
6311,4
6312,9
6313,2
6314,19
6315,7
6316,9
6317,0
6318,12
6319,7
6320,12
6321,6
6322,2
6323,9
6324,19
6325,13
6326,20
6327,19
6328,9
6329,1
6330,1
6331,17
6332,14
6333,1
6334,7
6335,11
6336,15
6337,16
6338,2
6339,11
6340,8
6341,13
6342,13
6343,12
6344,9
6345,8
6346,17
6347,3
6348,5
6349,11
6350,14
6351,6
6352,11
6353,1
6354,2
6355,2
6356,15
6357,19
6358,21
6359,3
6360,11
6361,19
6362,14
6363,12
6364,19
6365,19
6366,8
6367,11
6368,10
6369,7
6370,17
6371,1
6372,9
6373,8
6374,3
6375,1
6376,0
6377,16
6378,2
6379,2
6380,5
6381,12
6382,19
6383,8
6384,1
6385,11
6386,9
6387,10
6388,19
6389,17
6390,4
6391,1
6392,2
6393,13
6394,9
6395,19
6396,16
6397,6
6398,6
6399,7
6400,1
6401,9
6402,15
6403,9
6404,21
6405,1
6406,1
6407,0
6408,11
6409,2
6410,12
6411,11
6412,20
6413,2
6414,3
6415,6
6416,0
6417,3
6418,9
6419,7
6420,14
6421,13
6422,9
6423,19
6424,9
6425,1
6426,7
6427,19
6428,7
6429,6
6430,6
6431,12
6432,11
6433,11
6434,1
6435,7
6436,12
6437,0
6438,7
6439,11
6440,1
6441,0
6442,11
6443,17
6444,14
6445,16
6446,1
6447,17
6448,1
6449,6
6450,1
6451,3
6452,1
6453,3
6454,11
6455,1
6456,5
6457,15
6458,6
6459,7
6460,2
6461,0
6462,3
6463,7
6464,5
6465,7
6466,7
6467,2
6468,9
6469,3
6470,3
6471,1
6472,9
6473,19
6474,1
6475,12
6476,0
6477,12
6478,11
6479,1
6480,11
6481,11
6482,0
6483,19
6484,6
6485,8
6486,9
6487,16
6488,5
6489,11
6490,2
6491,9
6492,3
6493,15
6494,0
6495,11
6496,2
6497,13
6498,10
6499,3
6500,17
6501,3
6502,16
6503,11
6504,7
6505,8
6506,15
6507,0
6508,11
6509,3
6510,15
6511,9
6512,3
6513,14
6514,13
6515,17
6516,3
6517,11
6518,13
6519,17
6520,10
6521,2
6522,9
6523,14
6524,1
6525,9
6526,1
6527,1
6528,3
6529,1
6530,10
6531,5
6532,4
6533,6
6534,5
6535,16
6536,1
6537,17
6538,11
6539,19
6540,7
6541,1
6542,11
6543,0
6544,9
6545,6
6546,2
6547,7
6548,7
6549,17
6550,15
6551,11
6552,10
6553,11
6554,11
6555,2
6556,12
6557,2
6558,12
6559,13
6560,19
6561,11
6562,7
6563,1
6564,12
6565,15
6566,2
6567,4
6568,13
6569,0
6570,6
6571,15
6572,17
6573,1
6574,0
6575,8
6576,6
6577,9
6578,2
6579,0
6580,5
6581,4
6582,7
6583,11
6584,19
6585,1
6586,19
6587,3
6588,19
6589,11
6590,1
6591,12
6592,12
6593,20
6594,1
6595,1
6596,6
6597,19
6598,17
6599,5
6600,7
6601,1
6602,2
6603,21
6604,14
6605,8
6606,11
6607,11
6608,1
6609,1
6610,2
6611,0
6612,1
6613,20
6614,19
6615,2
6616,8
6617,4
6618,11
6619,8
6620,11
6621,5
6622,1
6623,1
6624,3
6625,1
6626,17
6627,6
6628,14
6629,8
6630,16
6631,1
6632,9
6633,20
6634,15
6635,4
6636,1
6637,11
6638,19
6639,1
6640,7
6641,9
6642,11
6643,1
6644,16
6645,8
6646,19
6647,1
6648,8
6649,1
6650,0
6651,17
6652,11
6653,5
6654,1
6655,9
6656,19
6657,7
6658,3
6659,1
6660,6
6661,8
6662,4
6663,9
6664,0
6665,18
6666,9
6667,9
6668,1
6669,15
6670,8
6671,1
6672,11
6673,12
6674,9
6675,1
6676,1
6677,5
6678,11
6679,17
6680,14
6681,1
6682,2
6683,3
6684,9
6685,9
6686,0
6687,11
6688,9
6689,0
6690,1
6691,3
6692,11
6693,9
6694,9
6695,19
6696,9
6697,17
6698,12
6699,18
6700,12
6701,2
6702,17
6703,8
6704,2
6705,4
6706,5
6707,5
6708,11
6709,8
6710,5
6711,6
6712,1
6713,0
6714,7
6715,1
6716,11
6717,1
6718,1
6719,8
6720,8
6721,1
6722,14
6723,3
6724,1
6725,0
6726,15
6727,15
6728,0
6729,0
6730,14
6731,11
6732,17
6733,4
6734,1
6735,7
6736,1
6737,6
6738,1
6739,15
6740,4
6741,8
6742,15
6743,2
6744,7
6745,5
6746,1
6747,10
6748,22
6749,7
6750,4
6751,16
6752,14
6753,1
6754,17
6755,1
6756,17
6757,3
6758,2
6759,20
6760,15
6761,16
6762,19
6763,2
6764,1
6765,19
6766,1
6767,7
6768,6
6769,12
6770,19
6771,9
6772,17
6773,1
6774,1
6775,4
6776,1
6777,6
6778,16
6779,14
6780,1
6781,12
6782,12
6783,11
6784,17
6785,9
6786,10
6787,10
6788,1
6789,9
6790,11
6791,1
6792,19
6793,1
6794,12
6795,1
6796,9
6797,7
6798,17
6799,0
6800,9
6801,1
6802,1
6803,1
6804,11
6805,2
6806,1
6807,16
6808,7
6809,17
6810,8
6811,7
6812,20
6813,6
6814,1
6815,14
6816,6
6817,2
6818,6
6819,9
6820,11
6821,17
6822,18
6823,15
6824,1
6825,7
6826,20
6827,0
6828,1
6829,13
6830,11
6831,11
6832,18
6833,17
6834,11
6835,11
6836,3
6837,17
6838,10
6839,13
6840,20
6841,6
6842,4
6843,13
6844,21
6845,6
6846,17
6847,16
6848,15
6849,11
6850,20
6851,1
6852,14
6853,21
6854,17
6855,14
6856,1
6857,1
6858,5
6859,11
6860,11
6861,1
6862,6
6863,3
6864,17
6865,8
6866,6
6867,14
6868,2
6869,15
6870,2
6871,1
6872,6
6873,2
6874,11
6875,2
6876,2
6877,8
6878,9
6879,12
6880,9
6881,1
6882,19
6883,10
6884,0
6885,17
6886,15
6887,9
6888,13
6889,1
6890,17
6891,9
6892,1
6893,12
6894,7
6895,3
6896,9
6897,1
6898,4
6899,16
6900,1
6901,9
6902,7
6903,1
6904,15
6905,14
6906,8
6907,1
6908,17
6909,7
6910,1
6911,12
6912,0
6913,2
6914,6
6915,13
6916,17
6917,14
6918,12
6919,11
6920,0
6921,11
6922,1
6923,11
6924,7
6925,19
6926,11
6927,19
6928,18
6929,14
6930,1
6931,1
6932,3
6933,16
6934,1
6935,11
6936,17
6937,9
6938,5
6939,11
6940,10
6941,7
6942,1
6943,17
6944,2
6945,8
6946,7
6947,14
6948,4
6949,1
6950,3
6951,11
6952,19
6953,0
6954,1
6955,3
6956,17
6957,4
6958,1
6959,1
6960,16
6961,6
6962,1
6963,15
6964,16
6965,12
6966,15
6967,8
6968,7
6969,9
6970,6
6971,2
6972,13
6973,1
6974,1
6975,7
6976,11
6977,1
6978,11
6979,11
6980,9
6981,9
6982,15
6983,1
6984,0
6985,12
6986,11
6987,6
6988,7
6989,1
6990,1
6991,8
6992,12
6993,1
6994,12
6995,6
6996,1
6997,19
6998,19
6999,6
7000,2
7001,1
7002,11
7003,6
7004,9
7005,11
7006,5
7007,1
7008,6
7009,1
7010,7
7011,2
7012,7
7013,9
7014,2
7015,8
7016,12
7017,12
7018,13
7019,7
7020,17
7021,16
7022,8
7023,11
7024,2
7025,15
7026,2
7027,8
7028,11
7029,7
7030,9
7031,3
7032,11
7033,1
7034,10
7035,2
7036,11
7037,17
7038,9
7039,1
7040,5
7041,1
7042,1
7043,1
7044,13
7045,9
7046,12
7047,1
7048,5
7049,6
7050,10
7051,11
7052,11
7053,5
7054,1
7055,8
7056,5
7057,3
7058,1
7059,7
7060,10
7061,15
7062,16
7063,5
7064,1
7065,1
7066,17
7067,2
7068,1
7069,1
7070,1
7071,1
7072,19
7073,1
7074,17
7075,19
7076,19
7077,9
7078,2
7079,7
7080,6
7081,7
7082,9
7083,4
7084,8
7085,1
7086,6
7087,1
7088,2
7089,16
7090,19
7091,1
7092,9
7093,4
7094,1
7095,7
7096,9
7097,14
7098,8
7099,14
7100,5
7101,4
7102,9
7103,8
7104,8
7105,5
7106,1
7107,1
7108,19
7109,7
7110,17
7111,7
7112,11
7113,4
7114,11
7115,9
7116,15
7117,16
7118,5
7119,11
7120,8
7121,1
7122,11
7123,11
7124,1
7125,21
7126,7
7127,13
7128,2
7129,11
7130,9
7131,1
7132,14
7133,1
7134,11
7135,8
7136,13
7137,5
7138,7
7139,17
7140,13
7141,3
7142,11
7143,3
7144,15
7145,3
7146,2
7147,2
7148,8
7149,0
7150,5
7151,19
7152,1
7153,17
7154,11
7155,6
7156,11
7157,9
7158,11
7159,9
7160,19
7161,16
7162,7
7163,5
7164,1
7165,20
7166,9
7167,7
7168,2
7169,19
7170,1
7171,8
7172,12
7173,7
7174,11
7175,0
7176,19
7177,12
7178,5
7179,5
7180,1
7181,0
7182,9
7183,6
7184,15
7185,10
7186,11
7187,11
7188,16
7189,3
7190,9
7191,2
7192,7
7193,2
7194,18
7195,6
7196,19
7197,2
7198,14
7199,11
7200,20
7201,14
7202,10
7203,8
7204,1
7205,1
7206,6
7207,6
7208,8
7209,19
7210,4
7211,2
7212,17
7213,19
7214,14
7215,1
7216,1
7217,2
7218,16
7219,2
7220,7
7221,12
7222,3
7223,10
7224,5
7225,1
7226,11
7227,1
7228,8
7229,7
7230,3
7231,11
7232,11
7233,2
7234,9
7235,9
7236,2
7237,11
7238,4
7239,11
7240,1
7241,0
7242,15
7243,1
7244,9
7245,12
7246,9
7247,1
7248,11
7249,1
7250,1
7251,16
7252,14
7253,9
7254,7
7255,0
7256,3
7257,1
7258,19
7259,10
7260,11
7261,2
7262,16
7263,11
7264,8
7265,9
7266,1
7267,9
7268,17
7269,7
7270,7
7271,1
7272,20
7273,11
7274,19
7275,5
7276,9
7277,1
7278,0
7279,7
7280,19
7281,17
7282,11
7283,8
7284,21
7285,6
7286,8
7287,2
7288,11
7289,3
7290,5
7291,1
7292,15
7293,19
7294,11
7295,11
7296,11
7297,1
7298,7
7299,5
7300,1
7301,19
7302,19
7303,13
7304,1
7305,2
7306,2
7307,1
7308,9
7309,8
7310,1
7311,3
7312,16
7313,9
7314,17
7315,11
7316,10
7317,2
7318,10
7319,3
7320,0
7321,16
7322,7
7323,1
7324,8
7325,10
7326,17
7327,1
7328,11
7329,1
7330,1
7331,2
7332,17
7333,18
7334,7
7335,17
7336,1
7337,2
7338,1
7339,7
7340,1
7341,9
7342,3
7343,13
7344,11
7345,8
7346,16
7347,12
7348,2
7349,10
7350,16
7351,1
7352,3
7353,7
7354,9
7355,6
7356,15
7357,2
7358,20
7359,1
7360,1
7361,7
7362,9
7363,0
7364,6
7365,1
7366,5
7367,2
7368,17
7369,11
7370,9
7371,1
7372,7
7373,7
7374,0
7375,9
7376,11
7377,5
7378,12
7379,1
7380,10
7381,1
7382,1
7383,7
7384,4
7385,11
7386,11
7387,11
7388,5
7389,1
7390,2
7391,11
7392,9
7393,14
7394,1
7395,19
7396,9
7397,12
7398,18
7399,15
7400,6
7401,8
7402,9
7403,11
7404,14
7405,1
7406,1
7407,1
7408,1
7409,1
7410,7
7411,14
7412,17
7413,15
7414,9
7415,2
7416,8
7417,20
7418,15
7419,1
7420,1
7421,3
7422,2
7423,1
7424,10
7425,19
7426,1
7427,9
7428,1
7429,5
7430,6
7431,0
7432,8
7433,1
7434,1
7435,11
7436,12
7437,5
7438,6
7439,1
7440,0
7441,1
7442,7
7443,14
7444,2
7445,12
7446,9
7447,14
7448,6
7449,2
7450,19
7451,3
7452,7
7453,16
7454,9
7455,1
7456,3
7457,16
7458,19
7459,7
7460,1
7461,1
7462,3
7463,1
7464,3
7465,1
7466,1
7467,8
7468,3
7469,2
7470,5
7471,19
7472,4
7473,8
7474,5
7475,9
7476,11
7477,2
7478,2
7479,12
7480,11
7481,19
7482,9
7483,0
7484,12
7485,4
7486,7
7487,6
7488,15
7489,17
7490,2
7491,11
7492,4
7493,12
7494,12
7495,2
7496,16
7497,21
7498,8
7499,15
7500,5
7501,0
7502,0
7503,1
7504,17
7505,15
7506,11
7507,7
7508,3
7509,11
7510,6
7511,1
7512,15
7513,16
7514,3
7515,5
7516,1
7517,6
7518,1
7519,2
7520,17
7521,18
7522,15
7523,6
7524,3
7525,11
7526,3
7527,3
7528,0
7529,11
7530,4
7531,18
7532,0
7533,8
7534,1
7535,9
7536,9
7537,9
7538,5
7539,14
7540,1
7541,0
7542,9
7543,11
7544,6
7545,16
7546,2
7547,1
7548,9
7549,3
7550,1
7551,11
7552,0
7553,13
7554,20
7555,11
7556,11
7557,2
7558,3
7559,1
7560,17
7561,9
7562,1
7563,5
7564,9
7565,9
7566,9
7567,4
7568,14
7569,11
7570,11
7571,8
7572,11
7573,11
7574,5
7575,16
7576,11
7577,11
7578,1
7579,9
7580,12
7581,9
7582,3
7583,7
7584,19
7585,9
7586,11
7587,2
7588,15
7589,13
7590,7
7591,0
7592,14
7593,0
7594,2
7595,5
7596,11
7597,18
7598,1
7599,7
7600,19
7601,19
7602,16
7603,4
7604,17
7605,11
7606,12
7607,2
7608,21
7609,12
7610,2
7611,18
7612,7
7613,12
7614,7
7615,8
7616,2
7617,6
7618,7
7619,7
7620,1
7621,10
7622,11
7623,1
7624,1
7625,1
7626,20
7627,6
7628,11
7629,1
7630,1
7631,7
7632,1
7633,11
7634,14
7635,11
7636,0
7637,6
7638,0
7639,6
7640,11
7641,1
7642,15
7643,10
7644,18
7645,1
7646,11
7647,1
7648,9
7649,4
7650,2
7651,11
7652,6
7653,1
7654,11
7655,0
7656,2
7657,5
7658,9
7659,1
7660,11
7661,7
7662,1
7663,17
7664,9
7665,9
7666,1
7667,11
7668,2
7669,1
7670,17
7671,0
7672,1
7673,12
7674,15
7675,9
7676,1
7677,1
7678,1
7679,1
7680,17
7681,11
7682,3
7683,1
7684,6
7685,1
7686,13
7687,0
7688,12
7689,11
7690,9
7691,6
7692,11
7693,2
7694,12
7695,8
7696,17
7697,9
7698,11
7699,0
7700,1
7701,12
7702,1
7703,2
7704,0
7705,7
7706,5
7707,0
7708,11
7709,17
7710,0
7711,2
7712,12
7713,9
7714,15
7715,7
7716,9
7717,11
7718,7
7719,1
7720,2
7721,8
7722,0
7723,1
7724,4
7725,2
7726,11
7727,1
7728,1
7729,15
7730,9
7731,11
7732,12
7733,19
7734,16
7735,1
7736,11
7737,6
7738,20
7739,17
7740,15
7741,3
7742,8
7743,9
7744,0
7745,4
7746,2
7747,17
7748,9
7749,3
7750,4
7751,5
7752,14
7753,19
7754,11
7755,4
7756,1
7757,10
7758,1
7759,14
7760,1
7761,11
7762,10
7763,19
7764,6
7765,4
7766,11
7767,1
7768,1
7769,9
7770,13
7771,6
7772,0
7773,17
7774,17
7775,9
7776,1
7777,11
7778,4
7779,2
7780,7
7781,7
7782,11
7783,7
7784,5
7785,11
7786,9
7787,11
7788,19
7789,10
7790,1
7791,12
7792,20
7793,4
7794,19
7795,1
7796,11
7797,1
7798,17
7799,4
7800,1
7801,4
7802,6
7803,1
7804,2
7805,1
7806,6
7807,12
7808,8
7809,4
7810,7
7811,16
7812,6
7813,12
7814,11
7815,1
7816,1
7817,1
7818,11
7819,0
7820,16
7821,9
7822,6
7823,1
7824,1
7825,2
7826,1
7827,17
7828,8
7829,0
7830,1
7831,11
7832,7
7833,5
7834,6
7835,1
7836,16
7837,1
7838,8
7839,9
7840,11
7841,15
7842,0
7843,20
7844,1
7845,11
7846,6
7847,4
7848,1
7849,1
7850,2
7851,2
7852,2
7853,11
7854,2
7855,16
7856,7
7857,18
7858,0
7859,9
7860,18
7861,9
7862,7
7863,20
7864,1
7865,4
7866,8
7867,9
7868,11
7869,2
7870,12
7871,12
7872,9
7873,11
7874,5
7875,4
7876,3
7877,1
7878,11
7879,3
7880,6
7881,8
7882,14
7883,1
7884,5
7885,9
7886,16
7887,16
7888,0
7889,1
7890,17
7891,20
7892,4
7893,12
7894,20
7895,18
7896,16
7897,2
7898,1
7899,8
7900,1
7901,18
7902,17
7903,19
7904,7
7905,17
7906,11
7907,12
7908,1
7909,9
7910,6
7911,19
7912,5
7913,4
7914,2
7915,4
7916,19
7917,1
7918,1
7919,1
7920,18
7921,5
7922,13
7923,19
7924,7
7925,11
7926,12
7927,17
7928,19
7929,11
7930,7
7931,19
7932,16
7933,18
7934,2
7935,0
7936,1
7937,2
7938,11
7939,17
7940,9
7941,11
7942,1
7943,1
7944,3
7945,1
7946,1
7947,5
7948,2
7949,1
7950,9
7951,4
7952,2
7953,0
7954,11
7955,1
7956,6
7957,18
7958,11
7959,19
7960,3
7961,2
7962,10
7963,7
7964,19
7965,11
7966,16
7967,2
7968,6
7969,8
7970,2
7971,16
7972,13
7973,0
7974,13
7975,9
7976,11
7977,8
7978,1
7979,9
7980,2
7981,7
7982,3
7983,16
7984,0
7985,9
7986,16
7987,1
7988,1
7989,4
7990,6
7991,0
7992,16
7993,0
7994,11
7995,8
7996,9
7997,15
7998,16
7999,8
8000,1
8001,9
8002,10
8003,16
8004,11
8005,11
8006,9
8007,7
8008,8
8009,11
8010,9
8011,15
8012,11
8013,3
8014,2
8015,19
8016,11
8017,5
8018,6
8019,7
8020,1
8021,3
8022,9
8023,1
8024,10
8025,12
8026,1
8027,9
8028,7
8029,9
8030,5
8031,12
8032,0
8033,9
8034,16
8035,11
8036,16
8037,17
8038,12
8039,13
8040,5
8041,0
8042,9
8043,1
8044,12
8045,1
8046,2
8047,15
8048,11
8049,11
8050,2
8051,10
8052,12
8053,19
8054,1
8055,21
8056,19
8057,17
8058,7
8059,9
8060,8
8061,14
8062,11
8063,1
8064,19
8065,9
8066,1
8067,3
8068,9
8069,11
8070,14
8071,11
8072,1
8073,0
8074,2
8075,11
8076,9
8077,14
8078,1
8079,6
8080,11
8081,5
8082,2
8083,17
8084,17
8085,5
8086,0
8087,11
8088,1
8089,1
8090,8
8091,9
8092,7
8093,5
8094,1
8095,7
8096,1
8097,9
8098,1
8099,16
8100,18
8101,11
8102,6
8103,16
8104,10
8105,9
8106,16
8107,2
8108,12
8109,12
8110,2
8111,11
8112,7
8113,7
8114,5
8115,2
8116,8
8117,19
8118,21
8119,1
8120,1
8121,7
8122,3
8123,10
8124,6
8125,4
8126,1
8127,2
8128,7
8129,1
8130,6
8131,11
8132,12
8133,7
8134,11
8135,1
8136,5
8137,13
8138,4
8139,11
8140,11
8141,10
8142,11
8143,17
8144,11
8145,1
8146,9
8147,1
8148,5
8149,6
8150,4
8151,5
8152,6
8153,17
8154,0
8155,13
8156,11
8157,0
8158,0
8159,7
8160,11
8161,16
8162,6
8163,12
8164,1
8165,9
8166,6
8167,2
8168,7
8169,8
8170,19
8171,8
8172,11
8173,0
8174,1
8175,1
8176,6
8177,15
8178,5
8179,3
8180,8
8181,11
8182,13
8183,11
8184,10
8185,11
8186,1
8187,11
8188,5
8189,1
8190,3
8191,17
8192,1
8193,20
8194,18
8195,0
8196,9
8197,11
8198,13
8199,9
8200,11
8201,7
8202,3
8203,11
8204,3
8205,11
8206,9
8207,11
8208,2
8209,16
8210,11
8211,19
8212,1
8213,6
8214,1
8215,7
8216,1
8217,4
8218,4
8219,3
8220,4
8221,5
8222,1
8223,17
8224,0
8225,7
8226,9
8227,1
8228,18
8229,14
8230,3
8231,5
8232,1
8233,19
8234,1
8235,2
8236,9
8237,3
8238,5
8239,15
8240,10
8241,3
8242,9
8243,1
8244,4
8245,1
8246,1
8247,3
8248,0
8249,5
8250,8
8251,18
8252,3
8253,9
8254,1
8255,0
8256,1
8257,14
8258,9
8259,2
8260,3
8261,20
8262,11
8263,8
8264,5
8265,10
8266,10
8267,13
8268,7
8269,8
8270,11
8271,8
8272,11
8273,11
8274,1
8275,16
8276,5
8277,11
8278,2
8279,4
8280,11
8281,2
8282,1
8283,1
8284,2
8285,11
8286,10
8287,17
8288,12
8289,9
8290,1
8291,2
8292,13
8293,8
8294,11
8295,15
8296,12
8297,12
8298,2
8299,11
8300,6
8301,5
8302,3
8303,19
8304,20
8305,8
8306,11
8307,12
8308,4
8309,9
8310,11
8311,14
8312,1
8313,17
8314,19
8315,2
8316,12
8317,14
8318,8
8319,1
8320,7
8321,17
8322,16
8323,17
8324,2
8325,12
8326,0
8327,7
8328,7
8329,9
8330,0
8331,3
8332,11
8333,7
8334,11
8335,1
8336,11
8337,1
8338,7
8339,11
8340,18
8341,1
8342,8
8343,17
8344,6
8345,9
8346,6
8347,7
8348,4
8349,13
8350,9
8351,1
8352,16
8353,2
8354,11
8355,0
8356,1
8357,4
8358,20
8359,7
8360,0
8361,5
8362,2
8363,4
8364,1
8365,1
8366,9
8367,3
8368,6
8369,1
8370,13
8371,2
8372,15
8373,12
8374,1
8375,15
8376,9
8377,4
8378,0
8379,1
8380,11
8381,9
8382,1
8383,4
8384,4
8385,3
8386,11
8387,7
8388,11
8389,7
8390,19
8391,1
8392,8
8393,4
8394,11
8395,2
8396,5
8397,1
8398,5
8399,6
8400,3
8401,17
8402,2
8403,17
8404,0
8405,11
8406,0
8407,8
8408,11
8409,8
8410,7
8411,11
8412,17
8413,9
8414,1
8415,18
8416,5
8417,11
8418,2
8419,1
8420,0
8421,1
8422,12
8423,19
8424,11
8425,18
8426,3
8427,11
8428,3
8429,11
8430,19
8431,11
8432,11
8433,4
8434,19
8435,5
8436,2
8437,15
8438,7
8439,2
8440,5
8441,11
8442,9
8443,10
8444,9
8445,9
8446,0
8447,3
8448,16
8449,8
8450,1
8451,1
8452,3
8453,16
8454,11
8455,15
8456,2
8457,4
8458,7
8459,17
8460,9
8461,0
8462,8
8463,7
8464,19
8465,6
8466,19
8467,19
8468,12
8469,8
8470,7
8471,8
8472,3
8473,11
8474,10
8475,11
8476,7
8477,11
8478,7
8479,2
8480,2
8481,1
8482,3
8483,11
8484,9
8485,1
8486,5
8487,1
8488,8
8489,9
8490,12
8491,9
8492,11
8493,16
8494,11
8495,6
8496,9
8497,9
8498,17
8499,0
8500,19
8501,12
8502,6
8503,7
8504,9
8505,11
8506,2
8507,11
8508,4
8509,9
8510,9
8511,18
8512,6
8513,9
8514,13
8515,2
8516,10
8517,9
8518,0
8519,6
8520,11
8521,9
8522,7
8523,10
8524,18
8525,11
8526,14
8527,1
8528,4
8529,11
8530,17
8531,15
8532,2
8533,1
8534,6
8535,1
8536,1
8537,17
8538,1
8539,5
8540,5
8541,11
8542,1
8543,0
8544,4
8545,8
8546,3
8547,14
8548,12
8549,2
8550,9
8551,19
8552,14
8553,1
8554,13
8555,4
8556,1
8557,14
8558,4
8559,5
8560,17
8561,8
8562,17
8563,11
8564,1
8565,8
8566,11
8567,17
8568,3
8569,11
8570,5
8571,17
8572,14
8573,1
8574,1
8575,1
8576,1
8577,15
8578,9
8579,11
8580,3
8581,8
8582,12
8583,0
8584,2
8585,9
8586,17
8587,5
8588,1
8589,7
8590,2
8591,5
8592,1
8593,2
8594,8
8595,11
8596,1
8597,11
8598,8
8599,5
8600,1
8601,1
8602,1
8603,1
8604,13
8605,11
8606,19
8607,19
8608,1
8609,9
8610,1
8611,21
8612,1
8613,16
8614,11
8615,2
8616,14
8617,7
8618,1
8619,11
8620,3
8621,11
8622,4
8623,21
8624,8
8625,12
8626,1
8627,1
8628,2
8629,8
8630,4
8631,11
8632,1
8633,8
8634,12
8635,8
8636,2
8637,1
8638,16
8639,14
8640,15
8641,6
8642,2
8643,11
8644,2
8645,1
8646,1
8647,1
8648,1
8649,16
8650,1
8651,0
8652,7
8653,10
8654,5
8655,1
8656,15
8657,9
8658,21
8659,16
8660,9
8661,5
8662,11
8663,11
8664,19
8665,13
8666,11
8667,0
8668,3
8669,9
8670,1
8671,4
8672,11
8673,13
8674,1
8675,11
8676,2
8677,1
8678,6
8679,11
8680,2
8681,11
8682,16
8683,11
8684,5
8685,17
8686,19
8687,16
8688,7
8689,17
8690,7
8691,12
8692,16
8693,0
8694,11
8695,12
8696,8
8697,11
8698,5
8699,8
8700,10
8701,1
8702,7
8703,4
8704,9
8705,6
8706,16
8707,11
8708,9
8709,1
8710,9
8711,11
8712,8
8713,18
8714,10
8715,8
8716,16
8717,15
8718,2
8719,6
8720,8
8721,0
8722,2
8723,13
8724,1
8725,0
8726,7
8727,17
8728,19
8729,5
8730,1
8731,8
8732,11
8733,7
8734,9
8735,2
8736,1
8737,7
8738,19
8739,2
8740,15
8741,16
8742,13
8743,1
8744,14
8745,9
8746,11
8747,11
8748,2
8749,11
8750,1
8751,8
8752,10
8753,1
8754,11
8755,13
8756,12
8757,3
8758,12
8759,11
8760,7
8761,1
8762,1
8763,2
8764,1
8765,2
8766,6
8767,0
8768,2
8769,6
8770,15
8771,7
8772,2
8773,8
8774,4
8775,8
8776,18
8777,14
8778,19
8779,0
8780,6
8781,16
8782,1
8783,20
8784,6
8785,10
8786,12
8787,10
8788,19
8789,6
8790,13
8791,17
8792,9
8793,18
8794,1
8795,13
8796,9
8797,1
8798,9
8799,11
8800,11
8801,12
8802,1
8803,9
8804,16
8805,19
8806,13
8807,13
8808,11
8809,6
8810,2
8811,10
8812,12
8813,1
8814,17
8815,15
8816,2
8817,1
8818,19
8819,7
8820,11
8821,1
8822,18
8823,11
8824,3
8825,4
8826,15
8827,9
8828,9
8829,1
8830,11
8831,15
8832,11
8833,12
8834,3
8835,12
8836,12
8837,19
8838,19
8839,5
8840,18
8841,12
8842,12
8843,8
8844,0
8845,11
8846,15
8847,9
8848,1
8849,1
8850,3
8851,16
8852,7
8853,1
8854,19
8855,1
8856,1
8857,1
8858,11
8859,6
8860,2
8861,6
8862,1
8863,5
8864,11
8865,21
8866,11
8867,6
8868,11
8869,18
8870,19
8871,9
8872,11
8873,1
8874,8
8875,7
8876,1
8877,9
8878,2
8879,1
8880,9
8881,7
8882,1
8883,9
8884,4
8885,12
8886,8
8887,1
8888,11
8889,11
8890,1
8891,11
8892,2
8893,2
8894,19
8895,1
8896,19
8897,0
8898,7
8899,5
8900,2
8901,6
8902,1
8903,7
8904,2
8905,11
8906,2
8907,4
8908,15
8909,3
8910,11
8911,7
8912,7
8913,12
8914,1
8915,9
8916,1
8917,14
8918,1
8919,11
8920,11
8921,15
8922,2
8923,17
8924,7
8925,12
8926,6
8927,2
8928,12
8929,8
8930,11
8931,11
8932,20
8933,2
8934,14
8935,12
8936,7
8937,5
8938,15
8939,7
8940,16
8941,0
8942,2
8943,1
8944,8
8945,6
8946,11
8947,1
8948,14
8949,8
8950,1
8951,2
8952,11
8953,2
8954,1
8955,1
8956,8
8957,2
8958,6
8959,9
8960,1
8961,0
8962,3
8963,13
8964,13
8965,5
8966,3
8967,6
8968,9
8969,1
8970,1
8971,1
8972,5
8973,1
8974,2
8975,12
8976,2
8977,8
8978,10
8979,11
8980,19
8981,1
8982,17
8983,9
8984,1
8985,0
8986,15
8987,2
8988,9
8989,7
8990,9
8991,4
8992,5
8993,5
8994,1
8995,2
8996,6
8997,8
8998,2
8999,1
9000,19
9001,11
9002,18
9003,16
9004,1
9005,10
9006,14
9007,6
9008,9
9009,1
9010,3
9011,0
9012,19
9013,6
9014,1
9015,4
9016,9
9017,17
9018,1
9019,8
9020,9
9021,13
9022,16
9023,20
9024,10
9025,11
9026,11
9027,9
9028,9
9029,11
9030,20
9031,2
9032,11
9033,8
9034,7
9035,9
9036,12
9037,7
9038,6
9039,7
9040,7
9041,9
9042,14
9043,1
9044,1
9045,8
9046,1
9047,14
9048,1
9049,15
9050,15
9051,1
9052,11
9053,6
9054,11
9055,1
9056,6
9057,2
9058,1
9059,11
9060,20
9061,11
9062,1
9063,2
9064,19
9065,11
9066,1
9067,1
9068,7
9069,15
9070,8
9071,8
9072,6
9073,1
9074,11
9075,12
9076,3
9077,17
9078,16
9079,1
9080,3
9081,11
9082,11
9083,11
9084,9
9085,5
9086,6
9087,14
9088,17
9089,3
9090,5
9091,12
9092,0
9093,3
9094,7
9095,8
9096,1
9097,8
9098,16
9099,1
9100,0
9101,6
9102,1
9103,2
9104,3
9105,0
9106,13
9107,12
9108,18
9109,17
9110,1
9111,9
9112,9
9113,1
9114,11
9115,4
9116,2
9117,13
9118,0
9119,16
9120,7
9121,7
9122,7
9123,2
9124,1
9125,0
9126,11
9127,11
9128,15
9129,5
9130,11
9131,9
9132,8
9133,1
9134,3
9135,9
9136,2
9137,3
9138,9
9139,7
9140,1
9141,10
9142,1
9143,6
9144,6
9145,11
9146,1
9147,14
9148,2
9149,6
9150,3
9151,2
9152,7
9153,6
9154,15
9155,19
9156,16
9157,12
9158,19
9159,11
9160,5
9161,11
9162,9
9163,9
9164,1
9165,5
9166,17
9167,9
9168,6
9169,9
9170,5
9171,11
9172,14
9173,7
9174,18
9175,18
9176,16
9177,2
9178,1
9179,2
9180,1
9181,2
9182,20
9183,6
9184,13
9185,9
9186,0
9187,8
9188,17
9189,19
9190,19
9191,4
9192,9
9193,15
9194,0
9195,3
9196,1
9197,9
9198,9
9199,1
9200,16
9201,13
9202,1
9203,13
9204,1
9205,13
9206,19
9207,11
9208,12
9209,8
9210,9
9211,6
9212,17
9213,15
9214,1
9215,11
9216,0
9217,11
9218,11
9219,2
9220,0
9221,7
9222,0
9223,18
9224,4
9225,2
9226,11
9227,10
9228,6
9229,9
9230,7
9231,3
9232,15
9233,1
9234,11
9235,1
9236,20
9237,9
9238,6
9239,1
9240,8
9241,9
9242,1
9243,1
9244,5
9245,7
9246,14
9247,9
9248,9
9249,3
9250,1
9251,12
9252,9
9253,5
9254,8
9255,1
9256,1
9257,9
9258,3
9259,1
9260,13
9261,1
9262,8
9263,1
9264,4
9265,9
9266,11
9267,1
9268,9
9269,11
9270,12
9271,19
9272,19
9273,20
9274,17
9275,8
9276,7
9277,7
9278,11
9279,11
9280,7
9281,1
9282,11
9283,11
9284,16
9285,6
9286,15
9287,1
9288,6
9289,7
9290,1
9291,20
9292,2
9293,7
9294,11
9295,10
9296,3
9297,3
9298,3
9299,11
9300,2
9301,11
9302,12
9303,7
9304,4
9305,1
9306,1
9307,12
9308,12
9309,0
9310,18
9311,11
9312,17
9313,15
9314,1
9315,17
9316,1
9317,11
9318,9
9319,5
9320,1
9321,11
9322,7
9323,1
9324,11
9325,8
9326,6
9327,11
9328,9
9329,2
9330,3
9331,9
9332,10
9333,0
9334,8
9335,12
9336,8
9337,9
9338,19
9339,6
9340,6
9341,9
9342,5
9343,1
9344,12
9345,17
9346,9
9347,4
9348,11
9349,14
9350,0
9351,9
9352,1
9353,11
9354,8
9355,11
9356,1
9357,2
9358,19
9359,7
9360,10
9361,6
9362,9
9363,16
9364,21
9365,9
9366,9
9367,19
9368,6
9369,17
9370,1
9371,7
9372,1
9373,11
9374,15
9375,6
9376,19
9377,7
9378,2
9379,1
9380,13
9381,0
9382,8
9383,7
9384,11
9385,9
9386,3
9387,10
9388,1
9389,11
9390,0
9391,12
9392,6
9393,1
9394,7
9395,1
9396,4
9397,10
9398,19
9399,10
9400,8
9401,6
9402,16
9403,14
9404,19
9405,19
9406,1
9407,2
9408,3
9409,1
9410,1
9411,3
9412,20
9413,12
9414,0
9415,15
9416,17
9417,2
9418,1
9419,6
9420,4
9421,1
9422,19
9423,4
9424,12
9425,19
9426,17
9427,5
9428,15
9429,21
9430,9
9431,16
9432,12
9433,9
9434,11
9435,2
9436,1
9437,1
9438,2
9439,1
9440,9
9441,11
9442,17
9443,3
9444,0
9445,11
9446,5
9447,11
9448,1
9449,1
9450,13
9451,7
9452,10
9453,1
9454,8
9455,17
9456,4
9457,16
9458,20
9459,1
9460,9
9461,1
9462,1
9463,2
9464,6
9465,12
9466,2
9467,8
9468,1
9469,5
9470,8
9471,0
9472,3
9473,13
9474,11
9475,8
9476,13
9477,6
9478,19
9479,7
9480,1
9481,8
9482,4
9483,7
9484,11
9485,8
9486,13
9487,0
9488,9
9489,0
9490,19
9491,19
9492,16
9493,12
9494,1
9495,11
9496,2
9497,1
9498,8
9499,6
9500,3
9501,9
9502,9
9503,19
9504,15
9505,11
9506,8
9507,1
9508,8
9509,1
9510,2
9511,8
9512,1
9513,2
9514,1
9515,2
9516,11
9517,4
9518,6
9519,8
9520,13
9521,4
9522,9
9523,11
9524,8
9525,1
9526,19
9527,19
9528,3
9529,17
9530,7
9531,17
9532,1
9533,0
9534,5
9535,3
9536,10
9537,13
9538,12
9539,14
9540,1
9541,2
9542,8
9543,16
9544,8
9545,9
9546,10
9547,1
9548,11
9549,15
9550,9
9551,5
9552,7
9553,5
9554,15
9555,6
9556,4
9557,12
9558,1
9559,17
9560,4
9561,8
9562,1
9563,9
9564,9
9565,7
9566,11
9567,10
9568,16
9569,9
9570,4
9571,2
9572,11
9573,2
9574,2
9575,6
9576,1
9577,7
9578,11
9579,8
9580,4
9581,12
9582,7
9583,1
9584,9
9585,1
9586,0
9587,8
9588,12
9589,1
9590,7
9591,16
9592,17
9593,0
9594,6
9595,19
9596,17
9597,15
9598,7
9599,7
9600,4
9601,11
9602,12
9603,9
9604,13
9605,8
9606,2
9607,5
9608,11
9609,1
9610,2
9611,6
9612,4
9613,6
9614,3
9615,1
9616,1
9617,11
9618,20
9619,10
9620,9
9621,5
9622,3
9623,11
9624,6
9625,19
9626,14
9627,7
9628,7
9629,4
9630,12
9631,8
9632,3
9633,2
9634,6
9635,1
9636,2
9637,8
9638,19
9639,7
9640,11
9641,12
9642,3
9643,7
9644,6
9645,13
9646,4
9647,2
9648,8
9649,1
9650,2
9651,1
9652,1
9653,1
9654,5
9655,16
9656,6
9657,11
9658,18
9659,6
9660,6
9661,17
9662,10
9663,1
9664,5
9665,11
9666,1
9667,6
9668,0
9669,11
9670,2
9671,21
9672,2
9673,12
9674,8
9675,12
9676,19
9677,7
9678,5
9679,7
9680,3
9681,11
9682,15
9683,4
9684,6
9685,8
9686,6
9687,11
9688,16
9689,11
9690,11
9691,3
9692,8
9693,7
9694,21
9695,3
9696,0
9697,16
9698,11
9699,8
9700,1
9701,1
9702,13
9703,11
9704,9
9705,8
9706,8
9707,15
9708,19
9709,13
9710,11
9711,12
9712,0
9713,12
9714,6
9715,20
9716,7
9717,6
9718,19
9719,15
9720,2
9721,7
9722,7
9723,11
9724,1
9725,2
9726,9
9727,6
9728,11
9729,1
9730,12
9731,14
9732,7
9733,18
9734,11
9735,6
9736,2
9737,4
9738,9
9739,8
9740,3
9741,13
9742,2
9743,11
9744,4
9745,11
9746,4
9747,2
9748,7
9749,11
9750,13
9751,11
9752,4
9753,3
9754,11
9755,2
9756,9
9757,17
9758,2
9759,8
9760,9
9761,13
9762,19
9763,2
9764,4
9765,1
9766,9
9767,14
9768,11
9769,11
9770,6
9771,7
9772,19
9773,2
9774,14
9775,8
9776,1
9777,0
9778,3
9779,11
9780,11
9781,1
9782,1
9783,9
9784,11
9785,4
9786,10
9787,1
9788,14
9789,1
9790,15
9791,10
9792,1
9793,2
9794,1
9795,21
9796,14
9797,7
9798,11
9799,20
9800,17
9801,17
9802,1
9803,3
9804,14
9805,1
9806,7
9807,1
9808,4
9809,19
9810,11
9811,15
9812,11
9813,12
9814,1
9815,1
9816,11
9817,0
9818,11
9819,8
9820,1
9821,1
9822,15
9823,1
9824,14
9825,7
9826,17
9827,3
9828,0
9829,11
9830,16
9831,1
9832,10
9833,10
9834,9
9835,5
9836,9
9837,10
9838,9
9839,5
9840,5
9841,7
9842,12
9843,7
9844,12
9845,7
9846,1
9847,11
9848,2
9849,16
9850,5
9851,1
9852,21
9853,17
9854,7
9855,6
9856,7
9857,8
9858,10
9859,2
9860,8
9861,6
9862,13
9863,3
9864,6
9865,11
9866,2
9867,8
9868,1
9869,4
9870,4
9871,9
9872,6
9873,11
9874,1
9875,1
9876,0
9877,1
9878,2
9879,1
9880,4
9881,10
9882,8
9883,9
9884,11
9885,16
9886,2
9887,11
9888,19
9889,12
9890,0
9891,1
9892,17
9893,12
9894,6
9895,8
9896,21
9897,10
9898,16
9899,11
9900,11
9901,9
9902,1
9903,1
9904,13
9905,10
9906,1
9907,12
9908,1
9909,2
9910,1
9911,7
9912,1
9913,11
9914,10
9915,15
9916,3
9917,1
9918,9
9919,2
9920,4
9921,11
9922,6
9923,3
9924,11
9925,15
9926,5
9927,6
9928,19
9929,0
9930,11
9931,11
9932,11
9933,15
9934,1
9935,10
9936,1
9937,2
9938,8
9939,13
9940,1
9941,1
9942,6
9943,5
9944,7
9945,18
9946,12
9947,9
9948,12
9949,13
9950,16
9951,0
9952,4
9953,16
9954,3
9955,18
9956,1
9957,11
9958,11
9959,1
9960,4
9961,7
9962,2
9963,6
9964,8
9965,17
9966,9
9967,1
9968,11
9969,14
9970,8
9971,15
9972,6
9973,9
9974,1
9975,2
9976,19
9977,3
9978,12
9979,10
9980,12
9981,1
9982,11
9983,10
9984,2
9985,5
9986,17
9987,19
9988,1
9989,12
9990,10
9991,8
9992,1
9993,6
9994,7
9995,17
9996,3
9997,20
9998,8
9999,2
10000,0
10001,11
10002,11
10003,10
10004,13
10005,3
10006,2
10007,5
10008,4
10009,3
10010,10
10011,1
10012,1
10013,15
10014,11
10015,0
10016,1
10017,2
10018,16
10019,1
10020,8
10021,1
10022,1
10023,17
10024,0
10025,1
10026,14
10027,3
10028,1
10029,9
10030,1
10031,8
10032,9
10033,1
10034,10
10035,9
10036,11
10037,7
10038,8
10039,2
10040,2
10041,7
10042,2
10043,1
10044,6
10045,3
10046,0
10047,11
10048,18
10049,11
10050,7
10051,11
10052,14
10053,9
10054,11
10055,0
10056,9
10057,13
10058,4
10059,7
10060,6
10061,1
10062,4
10063,19
10064,1
10065,1
10066,15
10067,0
10068,4
10069,7
10070,0
10071,6
10072,3
10073,6
10074,1
10075,9
10076,1
10077,7
10078,1
10079,2
10080,15
10081,9
10082,6
10083,17
10084,16
10085,5
10086,11
10087,1
10088,19
10089,1
10090,3
10091,1
10092,2
10093,14
10094,16
10095,8
10096,1
10097,9
10098,1
10099,7
10100,2
10101,1
10102,5
10103,9
10104,11
10105,19
10106,5
10107,11
10108,6
10109,5
10110,17
10111,5
10112,8
10113,2
10114,7
10115,1
10116,1
10117,9
10118,1
10119,10
10120,7
10121,19
10122,21
10123,4
10124,1
10125,2
10126,4
10127,4
10128,1
10129,2
10130,6
10131,0
10132,6
10133,3
10134,18
10135,15
10136,6
10137,0
10138,1
10139,1
10140,10
10141,11
10142,8
10143,4
10144,6
10145,9
10146,1
10147,11
10148,1
10149,16
10150,11
10151,7
10152,0
10153,3
10154,9
10155,11
10156,0
10157,1
10158,9
10159,2
10160,20
10161,1
10162,2
10163,11
10164,17
10165,1
10166,10
10167,2
10168,1
10169,11
10170,2
10171,2
10172,17
10173,1
10174,17
10175,19
10176,9
10177,11
10178,17
10179,1
10180,19
10181,7
10182,6
10183,16
10184,14
10185,17
10186,16
10187,0
10188,16
10189,2
10190,11
10191,9
10192,1
10193,2
10194,1
10195,1
10196,1
10197,17
10198,9
10199,7
10200,8
10201,6
10202,1
10203,9
10204,11
10205,19
10206,6
10207,11
10208,1
10209,2
10210,20
10211,12
10212,9
10213,7
10214,5
10215,8
10216,8
10217,5
10218,11
10219,10
10220,1
10221,11
10222,17
10223,1
10224,11
10225,7
10226,9
10227,4
10228,3
10229,9
10230,0
10231,1
10232,1
10233,7
10234,1
10235,16
10236,7
10237,8
10238,11
10239,1
10240,14
10241,12
10242,5
10243,1
10244,0
10245,2
10246,9
10247,10
10248,17
10249,7
10250,7
10251,0
10252,4
10253,11
10254,16
10255,11
10256,10
10257,6
10258,18
10259,16
10260,5
10261,12
10262,9
10263,11
10264,8
10265,5
10266,6
10267,17
10268,9
10269,17
10270,11
10271,2
10272,17
10273,9
10274,12
10275,4
10276,4
10277,7
10278,1
10279,20
10280,2
10281,9
10282,4
10283,7
10284,12
10285,21
10286,14
10287,3
10288,9
10289,8
10290,7
10291,11
10292,19
10293,3
10294,11
10295,7
10296,9
10297,7
10298,1
10299,8
10300,19
10301,5
10302,11
10303,1
10304,12
10305,9
10306,7
10307,8
10308,0
10309,15
10310,4
10311,10
10312,12
10313,17
10314,6
10315,7
10316,1
10317,1
10318,1
10319,3
10320,20
10321,6
10322,5
10323,1
10324,12
10325,7
10326,19
10327,18
10328,13
10329,3
10330,5
10331,9
10332,1
10333,17
10334,4
10335,7
10336,15
10337,1
10338,11
10339,1
10340,1
10341,2
10342,6
10343,8
10344,17
10345,3
10346,1
10347,2
10348,20
10349,9
10350,1
10351,18
10352,2
10353,17
10354,0
10355,3
10356,9
10357,1
10358,7
10359,19
10360,12
10361,9
10362,10
10363,11
10364,3
10365,8
10366,1
10367,2
10368,2
10369,14
10370,0
10371,8
10372,5
10373,16
10374,1
10375,19
10376,11
10377,11
10378,1
10379,5
10380,1
10381,7
10382,7
10383,7
10384,11
10385,3
10386,3
10387,0
10388,2
10389,19
10390,8
10391,2
10392,5
10393,1
10394,17
10395,1
10396,1
10397,5
10398,1
10399,15
10400,11
10401,7
10402,17
10403,5
10404,6
10405,7
10406,6
10407,1
10408,19
10409,1
10410,16
10411,5
10412,2
10413,14
10414,4
10415,17
10416,19
10417,11
10418,1
10419,1
10420,1
10421,2
10422,5
10423,12
10424,2
10425,9
10426,9
10427,7
10428,20
10429,2
10430,2
10431,6
10432,8
10433,5
10434,12
10435,1
10436,2
10437,11
10438,0
10439,1
10440,12
10441,7
10442,1
10443,12
10444,1
10445,1
10446,20
10447,1
10448,11
10449,18
10450,10
10451,5
10452,6
10453,16
10454,13
10455,0
10456,13
10457,15
10458,19
10459,7
10460,12
10461,1
10462,1
10463,17
10464,7
10465,5
10466,5
10467,6
10468,12
10469,17
10470,10
10471,12
10472,7
10473,10
10474,16
10475,1
10476,11
10477,16
10478,6
10479,7
10480,5
10481,3
10482,7
10483,16
10484,8
10485,5
10486,6
10487,6
10488,7
10489,0
10490,1
10491,13
10492,4
10493,1
10494,13
10495,1
10496,13
10497,0
10498,2
10499,0
10500,8
10501,6
10502,1
10503,14
10504,10
10505,20
10506,15
10507,3
10508,7
10509,11
10510,11
10511,9
10512,1
10513,9
10514,7
10515,11
10516,3
10517,8
10518,5
10519,16
10520,16
10521,1
10522,6
10523,9
10524,13
10525,1
10526,17
10527,8
10528,14
10529,13
10530,1
10531,13
10532,15
10533,18
10534,5
10535,17
10536,1
10537,6
10538,1
10539,7
10540,11
10541,0
10542,6
10543,10
10544,6
10545,11
10546,19
10547,4
10548,1
10549,1
10550,1
10551,11
10552,4
10553,9
10554,1
10555,6
10556,2
10557,0
10558,9
10559,9
10560,3
10561,6
10562,11
10563,8
10564,16
10565,2
10566,0
10567,11
10568,8
10569,6
10570,12
10571,12
10572,2
10573,11
10574,9
10575,2
10576,8
10577,2
10578,9
10579,16
10580,1
10581,7
10582,6
10583,19
10584,1
10585,2
10586,17
10587,8
10588,6
10589,12
10590,14
10591,12
10592,1
10593,11
10594,11
10595,15
10596,1
10597,17
10598,11
10599,1
10600,21
10601,11
10602,1
10603,1
10604,1
10605,5
10606,0
10607,11
10608,0
10609,17
10610,12
10611,11
10612,12
10613,7
10614,20
10615,5
10616,19
10617,12
10618,17
10619,11
10620,6
10621,2
10622,19
10623,9
10624,0
10625,9
10626,0
10627,2
10628,9
10629,4
10630,2
10631,20
10632,1
10633,5
10634,7
10635,11
10636,6
10637,1
10638,16
10639,8
10640,12
10641,15
10642,12
10643,6
10644,9
10645,7
10646,15
10647,15
10648,1
10649,5
10650,0
10651,13
10652,11
10653,11
10654,15
10655,1
10656,2
10657,20
10658,19
10659,18
10660,19
10661,8
10662,5
10663,13
10664,9
10665,11
10666,1
10667,16
10668,8
10669,11
10670,8
10671,12
10672,17
10673,6
10674,12
10675,17
10676,13
10677,11
10678,11
10679,6
10680,10
10681,2
10682,6
10683,16
10684,3
10685,19
10686,6
10687,12
10688,9
10689,5
10690,13
10691,11
10692,1
10693,12
10694,12
10695,11
10696,0
10697,12
10698,16
10699,2
10700,0
10701,8
10702,19
10703,1
10704,9
10705,12
10706,0
10707,11
10708,3
10709,10
10710,11
10711,8
10712,11
10713,7
10714,5
10715,8
10716,8
10717,1
10718,1
10719,15
10720,10
10721,1
10722,1
10723,11
10724,19
10725,18
10726,5
10727,11
10728,2
10729,11
10730,2
10731,1
10732,3
10733,11
10734,1
10735,5
10736,9
10737,11
10738,10
10739,8
10740,8
10741,1
10742,20
10743,1
10744,1
10745,11
10746,3
10747,13
10748,12
10749,5
10750,8
10751,0
10752,1
10753,1
10754,11
10755,1
10756,1
10757,7
10758,11
10759,19
10760,6
10761,17
10762,11
10763,1
10764,10
10765,2
10766,3
10767,7
10768,10
10769,2
10770,3
10771,2
10772,11
10773,0
10774,6
10775,18
10776,3
10777,6
10778,11
10779,1
10780,14
10781,11
10782,11
10783,8
10784,7
10785,8
10786,7
10787,18
10788,2
10789,9
10790,2
10791,11
10792,1
10793,0
10794,6
10795,16
10796,1
10797,11
10798,8
10799,4
10800,6
10801,1
10802,7
10803,1
10804,2
10805,7
10806,13
10807,7
10808,17
10809,11
10810,1
10811,0
10812,1
10813,17
10814,6
10815,19
10816,15
10817,1
10818,9
10819,9
10820,6
10821,5
10822,6
10823,17
10824,19
10825,3
10826,1
10827,12
10828,11
10829,18
10830,12
10831,11
10832,15
10833,11
10834,11
10835,11
10836,5
10837,7
10838,9
10839,15
10840,2
10841,15
10842,8
10843,11
10844,11
10845,15
10846,14
10847,1
10848,2
10849,4
10850,1
10851,11
10852,3
10853,18
10854,6
10855,3
10856,3
10857,1
10858,5
10859,11
10860,11
10861,15
10862,1
10863,16
10864,2
10865,11
10866,3
10867,6
10868,21
10869,7
10870,18
10871,0
10872,0
10873,20
10874,9
10875,7
10876,17
10877,4
10878,14
10879,8
10880,2
10881,5
10882,9
10883,8
10884,10
10885,6
10886,8
10887,1
10888,2
10889,1
10890,9
10891,10
10892,3
10893,19
10894,5
10895,1
10896,1
10897,3
10898,16
10899,9
10900,0
10901,1
10902,8
10903,2
10904,3
10905,1
10906,5
10907,10
10908,7
10909,7
10910,19
10911,19
10912,9
10913,5
10914,3
10915,9
10916,11
10917,11
10918,3
10919,9
10920,1
10921,5
10922,2
10923,1
10924,6
10925,0
10926,15
10927,0
10928,5
10929,16
10930,7
10931,11
10932,1
10933,1
10934,4
10935,11
10936,11
10937,1
10938,2
10939,1
10940,4
10941,1
10942,13
10943,17
10944,1
10945,18
10946,7
10947,20
10948,11
10949,11
10950,8
10951,7
10952,1
10953,1
10954,3
10955,7
10956,6
10957,8
10958,0
10959,1
10960,8
10961,17
10962,1
10963,1
10964,16
10965,11
10966,16
10967,8
10968,9
10969,2
10970,8
10971,0
10972,1
10973,20
10974,13
10975,11
10976,1
10977,7
10978,18
10979,6
10980,5
10981,17
10982,1
10983,2
10984,0
10985,11
10986,4
10987,1
10988,0
10989,9
10990,1
10991,16
10992,11
10993,1
10994,8
10995,7
10996,0
10997,9
10998,12
10999,1
11000,2
11001,14
11002,1
11003,13
11004,7
11005,1
11006,7
11007,6
11008,6
11009,6
11010,2
11011,1
11012,1
11013,5
11014,5
11015,9
11016,13
11017,1
11018,5
11019,6
11020,11
11021,9
11022,7
11023,7
11024,9
11025,10
11026,17
11027,3
11028,11
11029,10
11030,2
11031,4
11032,19
11033,1
11034,1
11035,14
11036,1
11037,17
11038,13
11039,14
11040,17
11041,5
11042,2
11043,7
11044,3
11045,8
11046,1
11047,3
11048,3
11049,16
11050,9
11051,11
11052,15
11053,12
11054,1
11055,1
11056,6
11057,17
11058,14
11059,13
11060,2
11061,20
11062,11
11063,1
11064,1
11065,21
11066,10
11067,1
11068,4
11069,12
11070,1
11071,2
11072,4
11073,13
11074,3
11075,17
11076,1
11077,6
11078,7
11079,13
11080,15
11081,7
11082,5
11083,1
11084,9
11085,1
11086,19
11087,4
11088,6
11089,17
11090,1
11091,1
11092,7
11093,15
11094,5
11095,1
11096,0
11097,11
11098,8
11099,8
11100,21
11101,11
11102,1
11103,17
11104,1
11105,1
11106,11
11107,14
11108,7
11109,8
11110,12
11111,11
11112,16
11113,1
11114,19
11115,2
11116,11
11117,9
11118,11
11119,17
11120,12
11121,7
11122,8
11123,19
11124,1
11125,19
11126,9
11127,11
11128,4
11129,1
11130,8
11131,11
11132,6
11133,13
11134,19
11135,3
11136,7
11137,1
11138,0
11139,3
11140,9
11141,16
11142,12
11143,9
11144,19
11145,11
11146,8
11147,14
11148,15
11149,11
11150,1
11151,3
11152,11
11153,2
11154,0
11155,2
11156,8
11157,1
11158,7
11159,8
11160,14
11161,3
11162,0
11163,20
11164,11
11165,8
11166,12
11167,0
11168,1
11169,9
11170,1
11171,11
11172,1
11173,3
11174,9
11175,1
11176,1
11177,2
11178,11
11179,11
11180,11
11181,1
11182,9
11183,8
11184,1
11185,4
11186,16
11187,5
11188,11
11189,8
11190,9
11191,3
11192,1
11193,7
11194,1
11195,11
11196,1
11197,16
11198,4
11199,5
11200,8
11201,1
11202,19
11203,10
11204,6
11205,1
11206,17
11207,5
11208,9
11209,12
11210,19
11211,11
11212,11
11213,12
11214,11
11215,5
11216,13
11217,20
11218,9
11219,5
11220,0
11221,9
11222,7
11223,1
11224,8
11225,8
11226,14
11227,1
11228,4
11229,1
11230,17
11231,7
11232,9
11233,9
11234,12
11235,4
11236,8
11237,3
11238,9
11239,9
11240,1
11241,3
11242,11
11243,4
11244,2
11245,12
11246,14
11247,1
11248,1
11249,8
11250,1
11251,5
11252,7
11253,15
11254,1
11255,9
11256,1
11257,1
11258,0
11259,1
11260,12
11261,0
11262,3
11263,14
11264,18
11265,9
11266,12
11267,11
11268,19
11269,11
11270,13
11271,7
11272,8
11273,1
11274,1
11275,2
11276,1
11277,9
11278,9
11279,17
11280,11
11281,12
11282,9
11283,11
11284,14
11285,1
11286,11
11287,17
11288,11
11289,8
11290,11
11291,1
11292,9
11293,10
11294,19
11295,1
11296,11
11297,1
11298,2
11299,5
11300,2
11301,14
11302,15
11303,5
11304,16
11305,3
11306,6
11307,8
11308,9
11309,15
11310,11
11311,1
11312,1
11313,6
11314,0
11315,1
11316,17
11317,10
11318,5
11319,12
11320,1
11321,12
11322,8
11323,1
11324,15
11325,16
11326,11
11327,3
11328,0
11329,11
11330,8
11331,11
11332,3
11333,1
11334,7
11335,8
11336,1
11337,7
11338,5
11339,11
11340,1
11341,10
11342,1
11343,15
11344,3
11345,11
11346,11
11347,9
11348,9
11349,1
11350,11
11351,17
11352,20
11353,12
11354,3
11355,15
11356,11
11357,7
11358,8
11359,5
11360,2
11361,6
11362,3
11363,2
11364,6
11365,9
11366,18
11367,10
11368,10
11369,20
11370,11
11371,7
11372,19
11373,0
11374,14
11375,3
11376,2
11377,4
11378,5
11379,14
11380,11
11381,6
11382,3
11383,13
11384,3
11385,20
11386,1
11387,19
11388,2
11389,11
11390,11
11391,1
11392,10
11393,7
11394,1
11395,10
11396,11
11397,7
11398,17
11399,11
11400,17
11401,1
11402,6
11403,0
11404,6
11405,17
11406,11
11407,1
11408,7
11409,0
11410,5
11411,11
11412,12
11413,8
11414,6
11415,2
11416,7
11417,9
11418,1
11419,7
11420,8
11421,11
11422,11
11423,11
11424,3
11425,4
11426,6
11427,2
11428,11
11429,9
11430,11
11431,9
11432,1
11433,19
11434,16
11435,8
11436,2
11437,6
11438,1
11439,7
11440,13
11441,17
11442,17
11443,7
11444,17
11445,1
11446,10
11447,0
11448,15
11449,9
11450,9
11451,3
11452,11
11453,1
11454,2
11455,8
11456,1
11457,7
11458,1
11459,9
11460,6
11461,1
11462,6
11463,6
11464,1
11465,15
11466,3
11467,1
11468,9
11469,1
11470,11
11471,13
11472,12
11473,9
11474,1
11475,5
11476,16
11477,3
11478,1
11479,12
11480,17
11481,3
11482,9
11483,17
11484,9
11485,11
11486,2
11487,6
11488,1
11489,13
11490,11
11491,2
11492,19
11493,1
11494,1
11495,19
11496,2
11497,3
11498,1
11499,10
11500,9
11501,21
11502,16
11503,1
11504,9
11505,6
11506,1
11507,1
11508,12
11509,0
11510,3
11511,1
11512,16
11513,12
11514,11
11515,11
11516,1
11517,12
11518,9
11519,20
11520,12
11521,9
11522,17
11523,2
11524,2
11525,4
11526,7
11527,17
11528,9
11529,7
11530,13
11531,8
11532,20
11533,11
11534,10
11535,19
11536,1
11537,4
11538,0
11539,5
11540,7
11541,20
11542,12
11543,1
11544,4
11545,11
11546,16
11547,1
11548,0
11549,9
11550,10
11551,9
11552,13
11553,9
11554,5
11555,12
11556,6
11557,9
11558,6
11559,1
11560,15
11561,2
11562,9
11563,14
11564,1
11565,19
11566,11
11567,10
11568,1
11569,17
11570,5
11571,15
11572,2
11573,13
11574,19
11575,13
11576,5
11577,12
11578,1
11579,15
11580,8
11581,17
11582,3
11583,6
11584,17
11585,14
11586,20
11587,1
11588,0
11589,1
11590,1
11591,1
11592,11
11593,5
11594,20
11595,1
11596,1
11597,1
11598,12
11599,19
11600,3
11601,14
11602,7
11603,1
11604,3
11605,1
11606,3
11607,13
11608,1
11609,11
11610,8
11611,17
11612,19
11613,10
11614,0
11615,2
11616,3
11617,12
11618,0
11619,1
11620,11
11621,16
11622,2
11623,13
11624,3
11625,8
11626,14
11627,0
11628,6
11629,8
11630,16
11631,4
11632,19
11633,1
11634,3
11635,13
11636,15
11637,17
11638,15
11639,16
11640,11
11641,11
11642,16
11643,7
11644,2
11645,3
11646,5
11647,10
11648,1
11649,2
11650,12
11651,6
11652,4
11653,1
11654,16
11655,3
11656,7
11657,13
11658,5
11659,5
11660,11
11661,10
11662,17
11663,13
11664,8
11665,8
11666,9
11667,6
11668,2
11669,15
11670,3
11671,6
11672,16
11673,9
11674,7
11675,3
11676,17
11677,17
11678,17
11679,9
11680,12
11681,6
11682,11
11683,9
11684,7
11685,7
11686,5
11687,17
11688,19
11689,17
11690,11
11691,17
11692,7
11693,0
11694,19
11695,10
11696,9
11697,15
11698,12
11699,11
11700,12
11701,10
11702,1
11703,11
11704,11
11705,1
11706,11
11707,14
11708,3
11709,1
11710,10
11711,11
11712,2
11713,12
11714,2
11715,0
11716,11
11717,11
11718,1
11719,5
11720,11
11721,7
11722,0
11723,1
11724,3
11725,6
11726,3
11727,18
11728,12
11729,11
11730,1
11731,8
11732,6
11733,9
11734,6
11735,1
11736,7
11737,19
11738,9
11739,16
11740,4
11741,3
11742,2
11743,9
11744,3
11745,5
11746,0
11747,12
11748,16
11749,18
11750,11
11751,6
11752,12
11753,9
11754,10
11755,15
11756,10
11757,1
11758,12
11759,13
11760,14
11761,6
11762,11
11763,11
11764,11
11765,19
11766,20
11767,21
11768,1
11769,5
11770,2
11771,7
11772,1
11773,9
11774,16
11775,1
11776,10
11777,8
11778,16
11779,5
11780,7
11781,1
11782,9
11783,7
11784,13
11785,11
11786,11
11787,21
11788,1
11789,3
11790,2
11791,9
11792,12
11793,1
11794,11
11795,11
11796,16
11797,9
11798,8
11799,19
11800,1
11801,9
11802,1
11803,3
11804,3
11805,14
11806,19
11807,1
11808,11
11809,16
11810,17
11811,2
11812,6
11813,12
11814,3
11815,9
11816,21
11817,0
11818,1
11819,7
11820,6
11821,2
11822,11
11823,19
11824,2
11825,2
11826,7
11827,5
11828,15
11829,1
11830,5
11831,7
11832,8
11833,6
11834,11
11835,1
11836,9
11837,3
11838,7
11839,10
11840,9
11841,4
11842,19
11843,1
11844,19
11845,1
11846,3
11847,8
11848,7
11849,6
11850,3
11851,19
11852,19
11853,9
11854,5
11855,10
11856,4
11857,3
11858,9
11859,6
11860,4
11861,11
11862,6
11863,11
11864,1
11865,1
11866,9
11867,6
11868,14
11869,8
11870,1
11871,9
11872,11
11873,0
11874,10
11875,1
11876,16
11877,10
11878,17
11879,9
11880,4
11881,2
11882,19
11883,4
11884,8
11885,11
11886,7
11887,7
11888,11
11889,1
11890,4
11891,17
11892,6
11893,1
11894,11
11895,1
11896,10
11897,17
11898,13
11899,18
11900,15
11901,1
11902,9
11903,12
11904,9
11905,2
11906,7
11907,7
11908,10
11909,1
11910,17
11911,18
11912,0
11913,12
11914,9
11915,2
11916,19
11917,6
11918,11
11919,5
11920,14
11921,14
11922,12
11923,8
11924,16
11925,19
11926,11
11927,1
11928,9
11929,15
11930,1
11931,14
11932,1
11933,9
11934,1
11935,17
11936,1
11937,3
11938,17
11939,6
11940,8
11941,7
11942,7
11943,1
11944,7
11945,1
11946,6
11947,1
11948,1
11949,9
11950,1
11951,6
11952,8
11953,11
11954,1
11955,15
11956,8
11957,0
11958,16
11959,16
11960,14
11961,12
11962,0
11963,2
11964,9
11965,19
11966,3
11967,6
11968,9
11969,11
11970,12
11971,17
11972,11
11973,11
11974,9
11975,5
11976,19
11977,3
11978,0
11979,1
11980,1
11981,11
11982,7
11983,17
11984,2
11985,9
11986,5
11987,5
11988,11
11989,6
11990,16
11991,19
11992,11
11993,13
11994,9
11995,0
11996,7
11997,2
11998,7
11999,1
12000,11
12001,17
12002,16
12003,2
12004,13
12005,13
12006,2
12007,15
12008,12
12009,13
12010,17
12011,5
12012,0
12013,7
12014,11
12015,15
12016,11
12017,7
12018,9
12019,7
12020,11
12021,4
12022,10
12023,8
12024,1
12025,1
12026,0
12027,19
12028,2
12029,11
12030,10
12031,19
12032,4
12033,11
12034,9
12035,16
12036,0
12037,5
12038,5
12039,3
12040,2
12041,15
12042,6
12043,14
12044,19
12045,11
12046,7
12047,4
12048,15
12049,0
12050,9
12051,2
12052,9
12053,2
12054,2
12055,7
12056,17
12057,9
12058,14
12059,6
12060,7
12061,20
12062,9
12063,11
12064,1
12065,6
12066,1
12067,12
12068,6
12069,0
12070,19
12071,2
12072,11
12073,19
12074,1
12075,7
12076,2
12077,17
12078,20
12079,1
12080,0
12081,17
12082,1
12083,8
12084,11
12085,11
12086,12
12087,1
12088,13
12089,2
12090,5
12091,9
12092,2
12093,1
12094,1
12095,8
12096,0
12097,2
12098,10
12099,7
12100,5
12101,7
12102,5
12103,9
12104,16
12105,6
12106,11
12107,15
12108,7
12109,12
12110,8
12111,2
12112,18
12113,19
12114,9
12115,9
12116,13
12117,3
12118,17
12119,6
12120,19
12121,1
12122,9
12123,9
12124,20
12125,19
12126,7
12127,11
12128,1
12129,8
12130,6
12131,2
12132,1
12133,8
12134,20
12135,9
12136,20
12137,19
12138,5
12139,12
12140,9
12141,9
12142,8
12143,14
12144,12
12145,14
12146,6
12147,3
12148,7
12149,1
12150,1
12151,1
12152,11
12153,6
12154,0
12155,3
12156,1
12157,1
12158,2
12159,11
12160,11
12161,1
12162,6
12163,13
12164,2
12165,3
12166,2
12167,15
12168,2
12169,1
12170,11
12171,9
12172,8
12173,2
12174,17
12175,11
12176,11
12177,11
12178,7
12179,11
12180,15
12181,4
12182,1
12183,2
12184,17
12185,2
12186,7
12187,1
12188,12
12189,10
12190,6
12191,9
12192,11
12193,19
12194,8
12195,10
12196,0
12197,4
12198,6
12199,5
12200,9
12201,2
12202,16
12203,10
12204,14
12205,6
12206,3
12207,7
12208,0
12209,8
12210,12
12211,7
12212,10
12213,9
12214,8
12215,1
12216,9
12217,11
12218,10
12219,8
12220,9
12221,7
12222,10
12223,1
12224,1
12225,1
12226,15
12227,3
12228,18
12229,8
12230,12
12231,1
12232,9
12233,5
12234,11
12235,1
12236,16
12237,12
12238,9
12239,6
12240,15
12241,13
12242,15
12243,1
12244,8
12245,0
12246,2
12247,7
12248,2
12249,8
12250,7
12251,17
12252,3
12253,2
12254,17
12255,2
12256,14
12257,12
12258,12
12259,8
12260,1
12261,11
12262,8
12263,11
12264,17
12265,7
12266,11
12267,19
12268,13
12269,8
12270,4
12271,1
12272,7
12273,10
12274,20
12275,1
12276,3
12277,2
12278,4
12279,17
12280,9
12281,16
12282,12
12283,1
12284,0
12285,1
12286,8
12287,1
12288,8
12289,2
12290,4
12291,9
12292,2
12293,1
12294,1
12295,11
12296,12
12297,7
12298,3
12299,8
12300,15
12301,18
12302,15
12303,3
12304,1
12305,10
12306,2
12307,1
12308,2
12309,11
12310,9
12311,12
12312,0
12313,11
12314,11
12315,14
12316,18
12317,1
12318,12
12319,1
12320,12
12321,19
12322,10
12323,10
12324,11
12325,12
12326,10
12327,20
12328,3
12329,1
12330,16
12331,15
12332,14
12333,4
12334,10
12335,19
12336,15
12337,11
12338,11
12339,0
12340,5
12341,3
12342,1
12343,9
12344,13
12345,2
12346,2
12347,12
12348,21
12349,9
12350,1
12351,10
12352,14
12353,12
12354,7
12355,8
12356,11
12357,2
12358,6
12359,11
12360,3
12361,2
12362,19
12363,1
12364,5
12365,4
12366,13
12367,6
12368,19
12369,1
12370,13
12371,5
12372,12
12373,19
12374,1
12375,1
12376,7
12377,2
12378,2
12379,1
12380,5
12381,8
12382,17
12383,12
12384,5
12385,8
12386,1
12387,11
12388,8
12389,1
12390,1
12391,6
12392,12
12393,2
12394,1
12395,8
12396,1
12397,7
12398,1
12399,3
12400,3
12401,7
12402,17
12403,1
12404,9
12405,8
12406,1
12407,8
12408,13
12409,1
12410,3
12411,1
12412,17
12413,3
12414,2
12415,0
12416,7
12417,1
12418,15
12419,5
12420,0
12421,1
12422,17
12423,2
12424,19
12425,1
12426,1
12427,1
12428,1
12429,1
12430,0
12431,1
12432,0
12433,1
12434,1
12435,12
12436,9
12437,5
12438,11
12439,8
12440,17
12441,5
12442,11
12443,7
12444,11
12445,1
12446,14
12447,11
12448,11
12449,8
12450,17
12451,12
12452,5
12453,15
12454,2
12455,2
12456,11
12457,0
12458,1
12459,18
12460,0
12461,10
12462,7
12463,18
12464,10
12465,11
12466,18
12467,1
12468,6
12469,2
12470,17
12471,2
12472,6
12473,14
12474,1
12475,11
12476,4
12477,7
12478,15
12479,8
12480,0
12481,17
12482,0
12483,15
12484,2
12485,11
12486,17
12487,9
12488,9
12489,0
12490,13
12491,8
12492,9
12493,9
12494,3
12495,16
12496,6
12497,8
12498,9
12499,2
12500,11
12501,7
12502,3
12503,2
12504,15
12505,17
12506,9
12507,8
12508,19
12509,11
12510,11
12511,17
12512,3
12513,8
12514,1
12515,8
12516,2
12517,7
12518,11
12519,3
12520,11
12521,7
12522,5
12523,1
12524,8
12525,21
12526,1
12527,7
12528,1
12529,5
12530,1
12531,7
12532,17
12533,7
12534,2
12535,8
12536,16
12537,5
12538,1
12539,8
12540,9
12541,2
12542,11
12543,1
12544,8
12545,9
12546,11
12547,8
12548,17
12549,12
12550,1
12551,7
12552,10
12553,14
12554,21
12555,12
12556,12
12557,5
12558,1
12559,9
12560,18
12561,15
12562,5
12563,16
12564,2
12565,13
12566,0
12567,1
12568,0
12569,8
12570,1
12571,7
12572,1
12573,9
12574,8
12575,7
12576,10
12577,16
12578,8
12579,17
12580,8
12581,5
12582,11
12583,7
12584,9
12585,14
12586,9
12587,8
12588,19
12589,8
12590,1
12591,19
12592,11
12593,11
12594,9
12595,11
12596,12
12597,11
12598,8
12599,13
12600,8
12601,9
12602,5
12603,12
12604,15
12605,19
12606,15
12607,19
12608,8
12609,7
12610,0
12611,19
12612,4
12613,1
12614,17
12615,9
12616,21
12617,0
12618,6
12619,8
12620,16
12621,5
12622,4
12623,6
12624,12
12625,14
12626,8
12627,3
12628,11
12629,11
12630,16
12631,8
12632,1
12633,17
12634,5
12635,1
12636,0
12637,14
12638,0
12639,1
12640,16
12641,5
12642,11
12643,3
12644,1
12645,19
12646,19
12647,6
12648,6
12649,9
12650,6
12651,7
12652,8
12653,1
12654,11
12655,15
12656,15
12657,1
12658,2
12659,1
12660,8
12661,1
12662,1
12663,1
12664,1
12665,17
12666,15
12667,6
12668,17
12669,12
12670,12
12671,1
12672,1
12673,1
12674,17
12675,6
12676,11
12677,16
12678,1
12679,1
12680,8
12681,1
12682,13
12683,20
12684,14
12685,11
12686,11
12687,17
12688,8
12689,11
12690,11
12691,11
12692,17
12693,1
12694,17
12695,9
12696,2
12697,4
12698,14
12699,5
12700,11
12701,1
12702,12
12703,2
12704,6
12705,1
12706,17
12707,7
12708,11
12709,17
12710,8
12711,18
12712,16
12713,10
12714,5
12715,11
12716,19
12717,5
12718,2
12719,1
12720,1
12721,19
12722,1
12723,1
12724,19
12725,3
12726,7
12727,1
12728,1
12729,12
12730,2
12731,2
12732,2
12733,2
12734,8
12735,2
12736,19
12737,12
12738,19
12739,12
12740,9
12741,2
12742,2
12743,11
12744,7
12745,19
12746,12
12747,21
12748,6
12749,9
12750,12
12751,1
12752,7
12753,1
12754,13
12755,6
12756,3
12757,3
12758,21
12759,2
12760,3
12761,12
12762,8
12763,5
12764,7
12765,19
12766,19
12767,2
12768,19
12769,11
12770,3
12771,3
12772,1
12773,2
12774,18
12775,16
12776,3
12777,11
12778,8
12779,7
12780,8
12781,3
12782,3
12783,1
12784,1
12785,6
12786,17
12787,4
12788,15
12789,9
12790,14
12791,15
12792,6
12793,11
12794,6
12795,2
12796,6
12797,15
12798,9
12799,5
12800,9
12801,18
12802,17
12803,16
12804,18
12805,1
12806,15
12807,8
12808,8
12809,10
12810,8
12811,2
12812,15
12813,11
12814,1
12815,13
12816,11
12817,1
12818,9
12819,21
12820,5
12821,9
12822,17
12823,9
12824,8
12825,12
12826,10
12827,2
12828,19
12829,2
12830,10
12831,15
12832,11
12833,1
12834,1
12835,9
12836,9
12837,11
12838,11
12839,2
12840,12
12841,2
12842,19
12843,3
12844,19
12845,11
12846,1
12847,6
12848,7
12849,11
12850,2
12851,19
12852,17
12853,15
12854,6
12855,8
12856,18
12857,1
12858,16
12859,7
12860,12
12861,19
12862,1
12863,1
12864,11
12865,11
12866,1
12867,1
12868,1
12869,14
12870,5
12871,1
12872,19
12873,1
12874,16
12875,9
12876,11
12877,1
12878,19
12879,1
12880,1
12881,7
12882,1
12883,11
12884,2
12885,5
12886,11
12887,0
12888,6
12889,8
12890,2
12891,0
12892,11
12893,9
12894,11
12895,7
12896,1
12897,9
12898,16
12899,1
12900,15
12901,7
12902,5
12903,1
12904,2
12905,15
12906,5
12907,11
12908,3
12909,13
12910,7
12911,0
12912,6
12913,11
12914,7
12915,1
12916,0
12917,16
12918,20
12919,7
12920,10
12921,15
12922,11
12923,1
12924,10
12925,7
12926,11
12927,5
12928,20
12929,15
12930,1
12931,7
12932,7
12933,11
12934,17
12935,1
12936,11
12937,3
12938,11
12939,1
12940,3
12941,8
12942,12
12943,2
12944,1
12945,1
12946,14
12947,16
12948,11
12949,13
12950,2
12951,0
12952,2
12953,19
12954,11
12955,11
12956,2
12957,7
12958,2
12959,14
12960,1
12961,11
12962,13
12963,11
12964,20
12965,3
12966,8
12967,20
12968,19
12969,9
12970,3
12971,6
12972,8
12973,5
12974,6
12975,7
12976,1
12977,1
12978,5
12979,8
12980,2
12981,3
12982,1
12983,1
12984,11
12985,1
12986,15
12987,11
12988,6
12989,1
12990,19
12991,1
12992,11
12993,1
12994,9
12995,1
12996,1
12997,19
12998,14
12999,11
13000,16
13001,15
13002,3
13003,6
13004,14
13005,1
13006,2
13007,14
13008,11
13009,11
13010,1
13011,8
13012,19
13013,6
13014,7
13015,3
13016,2
13017,1
13018,2
13019,11
13020,8
13021,7
13022,11
13023,12
13024,15
13025,5
13026,11
13027,5
13028,10
13029,6
13030,12
13031,7
13032,5
13033,14
13034,3
13035,7
13036,5
13037,11
13038,1
13039,9
13040,0
13041,4
13042,13
13043,11
13044,8
13045,16
13046,7
13047,1
13048,0
13049,1
13050,6
13051,2
13052,1
13053,12
13054,7
13055,20
13056,17
13057,6
13058,2
13059,1
13060,2
13061,1
13062,19
13063,8
13064,1
13065,7
13066,10
13067,2
13068,12
13069,15
13070,11
13071,10
13072,12
13073,19
13074,1
13075,10
13076,6
13077,1
13078,9
13079,8
13080,5
13081,16
13082,13
13083,1
13084,7
13085,4
13086,5
13087,1
13088,11
13089,7
13090,13
13091,11
13092,5
13093,7
13094,3
13095,2
13096,1
13097,1
13098,8
13099,19
13100,5
13101,8
13102,14
13103,9
13104,1
13105,0
13106,11
13107,15
13108,4
13109,0
13110,9
13111,15
13112,1
13113,7
13114,7
13115,6
13116,6
13117,18
13118,9
13119,6
13120,7
13121,12
13122,1
13123,6
13124,6
13125,1
13126,8
13127,2
13128,6
13129,14
13130,19
13131,5
13132,6
13133,17
13134,0
13135,5
13136,2
13137,2
13138,15
13139,8
13140,3
13141,7
13142,1
13143,2
13144,5
13145,12
13146,6
13147,11
13148,11
13149,16
13150,1
13151,21
13152,5
13153,1
13154,3
13155,13
13156,8
13157,1
13158,7
13159,7
13160,6
13161,14
13162,7
13163,4
13164,4
13165,1
13166,0
13167,13
13168,7
13169,9
13170,3
13171,2
13172,7
13173,19
13174,5
13175,11
13176,12
13177,11
13178,2
13179,20
13180,2
13181,9
13182,9
13183,1
13184,1
13185,11
13186,11
13187,9
13188,15
13189,1
13190,9
13191,8
13192,3
13193,7
13194,7
13195,9
13196,16
13197,6
13198,18
13199,11
13200,8
13201,10
13202,16
13203,7
13204,1
13205,1
13206,1
13207,20
13208,11
13209,1
13210,16
13211,17
13212,15
13213,15
13214,6
13215,11
13216,16
13217,14
13218,13
13219,11
13220,19
13221,12
13222,17
13223,18
13224,2
13225,6
13226,11
13227,1
13228,16
13229,19
13230,17
13231,19
13232,12
13233,1
13234,21
13235,9
13236,11
13237,12
13238,2
13239,7
13240,11
13241,15
13242,11
13243,12
13244,11
13245,1
13246,5
13247,6
13248,1
13249,7
13250,4
13251,6
13252,13
13253,11
13254,19
13255,15
13256,21
13257,17
13258,8
13259,19
13260,0
13261,11
13262,12
13263,11
13264,7
13265,11
13266,18
13267,7
13268,1
13269,1
13270,7
13271,1
13272,9
13273,11
13274,2
13275,0
13276,11
13277,1
13278,7
13279,6
13280,7
13281,2
13282,11
13283,20
13284,0
13285,19
13286,6
13287,9
13288,16
13289,6
13290,1
13291,6
13292,1
13293,1
13294,2
13295,1
13296,3
13297,9
13298,19
13299,15
13300,2
13301,10
13302,3
13303,5
13304,7
13305,14
13306,11
13307,10
13308,18
13309,12
13310,19
13311,11
13312,10
13313,1
13314,11
13315,19
13316,1
13317,5
13318,9
13319,12
13320,1
13321,1
13322,7
13323,10
13324,12
13325,9
13326,15
13327,5
13328,7
13329,1
13330,15
13331,1
13332,16
13333,12
13334,1
13335,6
13336,5
13337,11
13338,10
13339,6
13340,19
13341,1
13342,14
13343,10
13344,1
13345,19
13346,1
13347,11
13348,3
13349,5
13350,13
13351,0
13352,6
13353,9
13354,6
13355,12
13356,1
13357,7
13358,5
13359,7
13360,1
13361,1
13362,9
13363,1
13364,17
13365,1
13366,15
13367,14
13368,1
13369,1
13370,9
13371,1
13372,0
13373,1
13374,19
13375,16
13376,7
13377,10
13378,7
13379,19
13380,7
13381,9
13382,1
13383,8
13384,1
13385,8
13386,9
13387,15
13388,10
13389,4
13390,2
13391,11
13392,1
13393,1
13394,4
13395,17
13396,0
13397,17
13398,7
13399,11
13400,18
13401,2
13402,3
13403,19
13404,3
13405,7
13406,14
13407,16
13408,1
13409,10
13410,1
13411,5
13412,7
13413,3
13414,2
13415,4
13416,17
13417,15
13418,7
13419,1
13420,9
13421,4
13422,9
13423,9
13424,9
13425,5
13426,11
13427,1
13428,17
13429,17
13430,4
13431,7
13432,7
13433,17
13434,17
13435,11
13436,10
13437,7
13438,0
13439,11
13440,9
13441,1
13442,10
13443,8
13444,5
13445,2
13446,1
13447,11
13448,17
13449,2
13450,12
13451,6
13452,1
13453,19
13454,11
13455,2
13456,9
13457,7
13458,11
13459,6
13460,15
13461,20
13462,2
13463,15
13464,13
13465,1
13466,11
13467,7
13468,10
13469,0
13470,7
13471,5
13472,1
13473,1
13474,12
13475,12
13476,11
13477,1
13478,6
13479,1
13480,2
13481,18
13482,21
13483,19
13484,1
13485,2
13486,1
13487,1
13488,15
13489,4
13490,9
13491,2
13492,0
13493,6
13494,15
13495,1
13496,2
13497,8
13498,19
13499,17
13500,9
13501,13
13502,8
13503,7
13504,4
13505,10
13506,16
13507,2
13508,6
13509,11
13510,1
13511,21
13512,21
13513,11
13514,2
13515,17
13516,13
13517,16
13518,20
13519,3
13520,1
13521,4
13522,9
13523,12
13524,8
13525,2
13526,15
13527,11
13528,5
13529,5
13530,11
13531,7
13532,6
13533,8
13534,0
13535,11
13536,3
13537,19
13538,11
13539,1
13540,1
13541,15
13542,14
13543,19
13544,10
13545,12
13546,7
13547,11
13548,2
13549,1
13550,3
13551,5
13552,15
13553,6
13554,11
13555,10
13556,16
13557,4
13558,11
13559,8
13560,4
13561,1
13562,1
13563,19
13564,13
13565,14
13566,10
13567,11
13568,8
13569,5
13570,7
13571,20
13572,1
13573,11
13574,1
13575,9
13576,19
13577,11
13578,1
13579,11
13580,7
13581,12
13582,7
13583,1
13584,17
13585,1
13586,12
13587,1
13588,4
13589,12
13590,1
13591,1
13592,21
13593,2
13594,15
13595,1
13596,6
13597,8
13598,11
13599,11
13600,15
13601,3
13602,7
13603,1
13604,1
13605,0
13606,11
13607,2
13608,0
13609,12
13610,9
13611,9
13612,19
13613,5
13614,1
13615,7
13616,10
13617,11
13618,19
13619,15
13620,1
13621,3
13622,8
13623,17
13624,8
13625,7
13626,11
13627,5
13628,10
13629,1
13630,5
13631,2
13632,2
13633,15
13634,18
13635,0
13636,1
13637,1
13638,3
13639,11
13640,5
13641,5
13642,1
13643,1
13644,4
13645,7
13646,19
13647,7
13648,7
13649,7
13650,21
13651,1
13652,15
13653,1
13654,8
13655,1
13656,2
13657,14
13658,8
13659,9
13660,0
13661,2
13662,1
13663,9
13664,10
13665,2
13666,6
13667,11
13668,6
13669,7
13670,11
13671,19
13672,20
13673,2
13674,5
13675,11
13676,1
13677,21
13678,9
13679,11
13680,5
13681,19
13682,16
13683,2
13684,7
13685,1
13686,3
13687,10
13688,5
13689,9
13690,2
13691,7
13692,11
13693,1
13694,19
13695,19
13696,8
13697,12
13698,1
13699,5
13700,1
13701,0
13702,3
13703,3
13704,11
13705,3
13706,4
13707,0
13708,15
13709,8
13710,11
13711,9
13712,2
13713,1
13714,13
13715,2
13716,1
13717,1
13718,6
13719,16
13720,17
13721,8
13722,0
13723,19
13724,16
13725,11
13726,7
13727,1
13728,11
13729,8
13730,12
13731,11
13732,7
13733,20
13734,2
13735,7
13736,9
13737,0
13738,9
13739,17
13740,11
13741,1
13742,6
13743,9
13744,7
13745,3
13746,2
13747,1
13748,16
13749,10
13750,7
13751,6
13752,9
13753,11
13754,3
13755,10
13756,15
13757,2
13758,9
13759,1
13760,1
13761,1
13762,17
13763,11
13764,16
13765,11
13766,12
13767,12
13768,10
13769,4
13770,2
13771,8
13772,7
13773,0
13774,1
13775,13
13776,4
13777,12
13778,9
13779,9
13780,6
13781,18
13782,7
13783,1
13784,3
13785,17
13786,9
13787,11
13788,8
13789,15
13790,10
13791,6
13792,0
13793,7
13794,7
13795,11
13796,21
13797,9
13798,15
13799,1
13800,9
13801,1
13802,8
13803,13
13804,1
13805,7
13806,11
13807,8
13808,1
13809,6
13810,6
13811,5
13812,11
13813,8
13814,17
13815,0
13816,19
13817,5
13818,16
13819,7
13820,0
13821,3
13822,0
13823,14
13824,11
13825,1
13826,1
13827,11
13828,16
13829,8
13830,1
13831,6
13832,14
13833,1
13834,7
13835,1
13836,2
13837,0
13838,11
13839,8
13840,8
13841,20
13842,17
13843,14
13844,1
13845,17
13846,17
13847,6
13848,15
13849,0
13850,5
13851,1
13852,12
13853,16
13854,2
13855,5
13856,0
13857,17
13858,0
13859,9
13860,2
13861,5
13862,11
13863,15
13864,9
13865,8
13866,12
13867,1
13868,1
13869,2
13870,9
13871,16
13872,11
13873,19
13874,19
13875,1
13876,19
13877,13
13878,10
13879,1
13880,2
13881,1
13882,7
13883,5
13884,2
13885,11
13886,11
13887,7
13888,14
13889,12
13890,11
13891,17
13892,9
13893,1
13894,5
13895,2
13896,1
13897,2
13898,1
13899,7
13900,3
13901,3
13902,1
13903,17
13904,3
13905,3
13906,6
13907,1
13908,17
13909,9
13910,3
13911,1
13912,11
13913,11
13914,7
13915,19
13916,4
13917,1
13918,3
13919,9
13920,8
13921,9
13922,11
13923,8
13924,1
13925,1
13926,12
13927,20
13928,1
13929,6
13930,1
13931,2
13932,15
13933,0
13934,15
13935,5
13936,1
13937,13
13938,10
13939,13
13940,2
13941,5
13942,14
13943,4
13944,2
13945,15
13946,2
13947,17
13948,0
13949,7
13950,11
13951,9
13952,17
13953,1
13954,10
13955,15
13956,8
13957,10
13958,6
13959,19
13960,12
13961,8
13962,11
13963,1
13964,2
13965,0
13966,7
13967,5
13968,2
13969,2
13970,19
13971,0
13972,20
13973,0
13974,12
13975,11
13976,7
13977,4
13978,1
13979,6
13980,1
13981,1
13982,7
13983,1
13984,7
13985,7
13986,1
13987,1
13988,2
13989,5
13990,19
13991,2
13992,19
13993,1
13994,17
13995,3
13996,8
13997,1
13998,9
13999,7
14000,7
14001,14
14002,5
14003,14
14004,1
14005,6
14006,11
14007,5
14008,13
14009,11
14010,11
14011,4
14012,10
14013,10
14014,1
14015,21
14016,6
14017,1
14018,7
14019,9
14020,6
14021,10
14022,11
14023,10
14024,2
14025,9
14026,16
14027,11
14028,20
14029,3
14030,3
14031,2
14032,6
14033,8
14034,20
14035,8
14036,9
14037,19
14038,15
14039,11
14040,9
14041,3
14042,11
14043,1
14044,8
14045,11
14046,19
14047,11
14048,19
14049,11
14050,7
14051,11
14052,3
14053,5
14054,2
14055,11
14056,10
14057,20
14058,10
14059,1
14060,9
14061,7
14062,1
14063,1
14064,17
14065,4
14066,15
14067,14
14068,1
14069,1
14070,17
14071,1
14072,11
14073,6
14074,1
14075,17
14076,1
14077,8
14078,1
14079,17
14080,13
14081,17
14082,5
14083,20
14084,2
14085,1
14086,2
14087,11
14088,17
14089,2
14090,8
14091,5
14092,6
14093,11
14094,6
14095,8
14096,11
14097,6
14098,14
14099,16
14100,9
14101,1
14102,3
14103,1
14104,11
14105,1
14106,19
14107,6
14108,17
14109,12
14110,2
14111,9
14112,9
14113,8
14114,1
14115,8
14116,8
14117,2
14118,1
14119,1
14120,1
14121,11
14122,8
14123,7
14124,12
14125,17
14126,3
14127,6
14128,11
14129,15
14130,0
14131,6
14132,8
14133,8
14134,9
14135,8
14136,3
14137,11
14138,11
14139,2
14140,9
14141,18
14142,7
14143,2
14144,4
14145,19
14146,17
14147,4
14148,1
14149,2
14150,10
14151,3
14152,1
14153,2
14154,7
14155,18
14156,7
14157,1
14158,7
14159,21
14160,12
14161,2
14162,13
14163,4
14164,1
14165,1
14166,2
14167,1
14168,14
14169,2
14170,11
14171,17
14172,11
14173,12
14174,9
14175,9
14176,2
14177,7
14178,11
14179,17
14180,1
14181,1
14182,1
14183,1
14184,9
14185,15
14186,1
14187,1
14188,2
14189,9
14190,6
14191,9
14192,14
14193,1
14194,6
14195,12
14196,19
14197,16
14198,1
14199,11
14200,17
14201,9
14202,15
14203,1
14204,1
14205,2
14206,9
14207,11
14208,12
14209,1
14210,5
14211,6
14212,17
14213,12
14214,14
14215,9
14216,20
14217,8
14218,11
14219,11
14220,14
14221,18
14222,1
14223,21
14224,11
14225,7
14226,3
14227,11
14228,11
14229,8
14230,10
14231,19
14232,1
14233,1
14234,1
14235,7
14236,2
14237,8
14238,1
14239,8
14240,12
14241,0
14242,16
14243,10
14244,9
14245,0
14246,1
14247,5
14248,18
14249,9
14250,11
14251,20
14252,11
14253,13
14254,2
14255,2
14256,20
14257,2
14258,16
14259,15
14260,7
14261,11
14262,7
14263,4
14264,8
14265,4
14266,7
14267,16
14268,11
14269,2
14270,15
14271,7
14272,11
14273,1
14274,6
14275,5
14276,6
14277,0
14278,11
14279,12
14280,8
14281,12
14282,0
14283,11
14284,1
14285,19
14286,15
14287,20
14288,12
14289,13
14290,8
14291,9
14292,2
14293,8
14294,16
14295,9
14296,1
14297,8
14298,7
14299,4
14300,1
14301,11
14302,9
14303,19
14304,1
14305,7
14306,1
14307,8
14308,13
14309,3
14310,0
14311,11
14312,2
14313,17
14314,7
14315,1
14316,1
14317,19
14318,1
14319,11
14320,2
14321,2
14322,7
14323,1
14324,19
14325,3
14326,1
14327,15
14328,1
14329,3
14330,11
14331,9
14332,1
14333,18
14334,1
14335,1
14336,3
14337,14
14338,8
14339,1
14340,0
14341,3
14342,1
14343,0
14344,1
14345,1
14346,19
14347,20
14348,15
14349,1
14350,8
14351,2
14352,0
14353,8
14354,9
14355,9
14356,7
14357,12
14358,3
14359,0
14360,2
14361,7
14362,8
14363,4
14364,19
14365,19
14366,11
14367,15
14368,8
14369,15
14370,21
14371,11
14372,9
14373,1
14374,8
14375,2
14376,11
14377,6
14378,11
14379,10
14380,8
14381,12
14382,12
14383,11
14384,17
14385,12
14386,2
14387,5
14388,17
14389,19
14390,11
14391,9
14392,0
14393,1
14394,11
14395,19
14396,18
14397,14
14398,19
14399,15
14400,2
14401,7
14402,8
14403,3
14404,16
14405,8
14406,5
14407,9
14408,7
14409,7
14410,1
14411,3
14412,1
14413,9
14414,9
14415,19
14416,10
14417,7
14418,7
14419,9
14420,10
14421,1
14422,2
14423,1
14424,7
14425,7
14426,3
14427,2
14428,11
14429,7
14430,3
14431,2
14432,9
14433,12
14434,11
14435,19
14436,5
14437,2
14438,5
14439,1
14440,9
14441,20
14442,11
14443,7
14444,10
14445,11
14446,0
14447,4
14448,8
14449,11
14450,17
14451,7
14452,3
14453,5
14454,6
14455,1
14456,1
14457,9
14458,6
14459,1
14460,19
14461,1
14462,1
14463,0
14464,12
14465,1
14466,15
14467,3
14468,11
14469,5
14470,2
14471,1
14472,16
14473,4
14474,8
14475,9
14476,11
14477,13
14478,9
14479,7
14480,9
14481,17
14482,9
14483,4
14484,6
14485,1
14486,1
14487,3
14488,15
14489,16
14490,7
14491,3
14492,3
14493,1
14494,11
14495,1
14496,1
14497,12
14498,1
14499,8
14500,17
14501,5
14502,7
14503,9
14504,12
14505,2
14506,17
14507,9
14508,12
14509,5
14510,11
14511,5
14512,7
14513,2
14514,15
14515,0
14516,8
14517,1
14518,8
14519,2
14520,8
14521,1
14522,17
14523,2
14524,0
14525,0
14526,15
14527,3
14528,11
14529,4
14530,8
14531,3
14532,7
14533,9
14534,17
14535,8
14536,8
14537,8
14538,11
14539,19
14540,2
14541,10
14542,9
14543,11
14544,10
14545,2
14546,9
14547,8
14548,8
14549,4
14550,7
14551,14
14552,21
14553,1
14554,11
14555,7
14556,9
14557,6
14558,1
14559,1
14560,8
14561,19
14562,11
14563,7
14564,11
14565,8
14566,14
14567,1
14568,10
14569,8
14570,12
14571,8
14572,9
14573,1
14574,15
14575,1
14576,1
14577,7
14578,19
14579,11
14580,9
14581,11
14582,7
14583,1
14584,11
14585,1
14586,8
14587,1
14588,15
14589,21
14590,2
14591,6
14592,1
14593,10
14594,16
14595,0
14596,1
14597,20
14598,1
14599,17
14600,17
14601,8
14602,6
14603,1
14604,19
14605,6
14606,2
14607,15
14608,1
14609,11
14610,1
14611,7
14612,1
14613,11
14614,17
14615,9
14616,10
14617,4
14618,3
14619,15
14620,19
14621,9
14622,1
14623,5
14624,1
14625,17
14626,5
14627,14
14628,1
14629,4
14630,16
14631,2
14632,11
14633,11
14634,1
14635,0
14636,13
14637,1
14638,1
14639,11
14640,0
14641,2
14642,7
14643,10
14644,8
14645,5
14646,1
14647,11
14648,1
14649,11
14650,17
14651,9
14652,11
14653,4
14654,4
14655,3
14656,7
14657,2
14658,19
14659,1
14660,11
14661,0
14662,7
14663,16
14664,12
14665,1
14666,13
14667,2
14668,2
14669,8
14670,1
14671,1
14672,0
14673,11
14674,1
14675,9
14676,11
14677,5
14678,9
14679,2
14680,1
14681,2
14682,3
14683,1
14684,13
14685,12
14686,6
14687,1
14688,1
14689,12
14690,7
14691,2
14692,17
14693,15
14694,1
14695,1
14696,15
14697,1
14698,3
14699,3
14700,9
14701,4
14702,15
14703,10
14704,1
14705,3
14706,1
14707,0
14708,2
14709,15
14710,11
14711,11
14712,0
14713,8
14714,8
14715,13
14716,1
14717,1
14718,6
14719,7
14720,1
14721,13
14722,7
14723,18
14724,15
14725,7
14726,3
14727,13
14728,11
14729,12
14730,19
14731,4
14732,4
14733,13
14734,19
14735,19
14736,15
14737,19
14738,9
14739,7
14740,9
14741,9
14742,5
14743,12
14744,9
14745,17
14746,9
14747,12
14748,1
14749,1
14750,7
14751,17
14752,1
14753,1
14754,11
14755,7
14756,9
14757,6
14758,5
14759,0
14760,11
14761,17
14762,11
14763,8
14764,2
14765,11
14766,14
14767,1
14768,5
14769,8
14770,2
14771,1
14772,1
14773,15
14774,15
14775,9
14776,9
14777,19
14778,12
14779,1
14780,18
14781,5
14782,12
14783,11
14784,3
14785,1
14786,15
14787,5
14788,5
14789,11
14790,13
14791,2
14792,14
14793,15
14794,3
14795,1
14796,2
14797,11
14798,19
14799,3
14800,13
14801,3
14802,19
14803,2
14804,4
14805,11
14806,15
14807,8
14808,10
14809,2
14810,19
14811,6
14812,5
14813,12
14814,1
14815,5
14816,4
14817,6
14818,13
14819,16
14820,5
14821,1
14822,12
14823,2
14824,15
14825,1
14826,4
14827,5
14828,3
14829,3
14830,1
14831,3
14832,11
14833,1
14834,11
14835,9
14836,5
14837,0
14838,0
14839,4
14840,11
14841,19
14842,10
14843,12
14844,1
14845,15
14846,6
14847,19
14848,1
14849,9
14850,1
14851,8
14852,1
14853,17
14854,2
14855,5
14856,3
14857,9
14858,3
14859,1
14860,12
14861,1
14862,18
14863,4
14864,7
14865,4
14866,9
14867,12
14868,11
14869,5
14870,6
14871,19
14872,17
14873,11
14874,8
14875,12
14876,1
14877,1
14878,5
14879,2
14880,7
14881,11
14882,9
14883,6
14884,0
14885,13
14886,1
14887,12
14888,5
14889,6
14890,2
14891,7
14892,9
14893,8
14894,15
14895,14
14896,14
14897,10
14898,1
14899,13
14900,5
14901,1
14902,2
14903,9
14904,8
14905,7
14906,2
14907,17
14908,1
14909,9
14910,9
14911,7
14912,18
14913,1
14914,17
14915,5
14916,1
14917,5
14918,12
14919,7
14920,11
14921,18
14922,7
14923,9
14924,3
14925,15
14926,3
14927,6
14928,15
14929,14
14930,5
14931,6
14932,0
14933,9
14934,5
14935,7
14936,7
14937,11
14938,2
14939,5
14940,5
14941,1
14942,19
14943,5
14944,8
14945,1
14946,1
14947,4
14948,17
14949,10
14950,11
14951,13
14952,17
14953,11
14954,1
14955,19
14956,0
14957,14
14958,0
14959,19
14960,8
14961,15
14962,2
14963,16
14964,6
14965,2
14966,4
14967,2
14968,16
14969,7
14970,21
14971,11
14972,1
14973,11
14974,1
14975,1
14976,6
14977,1
14978,6
14979,9
14980,11
14981,7
14982,9
14983,1
14984,1
14985,11
14986,19
14987,1
14988,1
14989,8
14990,11
14991,8
14992,7
14993,8
14994,18
14995,17
14996,11
14997,1
14998,9
14999,0
15000,10
15001,1
15002,8
15003,3
15004,2
15005,20
15006,7
15007,6
15008,1
15009,3
15010,1
15011,2
15012,1
15013,13
15014,11
15015,1
15016,7
15017,11
15018,12
15019,5
15020,12
15021,16
15022,2
15023,9
15024,10
15025,9
15026,17
15027,9
15028,11
15029,16
15030,0
15031,17
15032,14
15033,3
15034,2
15035,8
15036,20
15037,13
15038,7
15039,8
15040,3
15041,2
15042,9
15043,19
15044,11
15045,6
15046,13
15047,9
15048,4
15049,6
15050,10
15051,0
15052,6
15053,3
15054,11
15055,11
15056,17
15057,13
15058,4
15059,12
15060,2
15061,7
15062,10
15063,19
15064,12
15065,11
15066,7
15067,1
15068,0
15069,1
15070,1
15071,5
15072,11
15073,18
15074,1
15075,9
15076,1
15077,17
15078,10
15079,8
15080,1
15081,21
15082,1
15083,6
15084,16
15085,1
15086,6
15087,16
15088,13
15089,9
15090,14
15091,17
15092,17
15093,5
15094,5
15095,11
15096,1
15097,11
15098,14
15099,4
15100,2
15101,13
15102,5
15103,6
15104,14
15105,10
15106,8
15107,9
15108,11
15109,15
15110,8
15111,4
15112,0
15113,11
15114,4
15115,13
15116,1
15117,11
15118,3
15119,1
15120,11
15121,17
15122,1
15123,6
15124,2
15125,9
15126,6
15127,15
15128,9
15129,11
15130,4
15131,7
15132,5
15133,20
15134,11
15135,1
15136,16
15137,17
15138,15
15139,11
15140,3
15141,9
15142,15
15143,2
15144,8
15145,2
15146,13
15147,0
15148,2
15149,2
15150,12
15151,1
15152,9
15153,1
15154,18
15155,4
15156,1
15157,0
15158,20
15159,7
15160,0
15161,3
15162,9
15163,15
15164,3
15165,3
15166,2
15167,2
15168,2
15169,7
15170,11
15171,11
15172,1
15173,11
15174,0
15175,16
15176,8
15177,12
15178,4
15179,14
15180,18
15181,3
15182,7
15183,19
15184,17
15185,14
15186,11
15187,10
15188,2
15189,0
15190,19
15191,1
15192,5
15193,1
15194,6
15195,0
15196,1
15197,19
15198,4
15199,11
15200,12
15201,9
15202,11
15203,1
15204,2
15205,1
15206,2
15207,7
15208,5
15209,14
15210,2
15211,0
15212,17
15213,2
15214,15
15215,1
15216,19
15217,1
15218,11
15219,11
15220,9
15221,4
15222,10
15223,6
15224,0
15225,9
15226,10
15227,10
15228,15
15229,11
15230,5
15231,5
15232,6
15233,1
15234,17
15235,6
15236,7
15237,13
15238,1
15239,9
15240,0
15241,1
15242,2
15243,9
15244,7
15245,4
15246,11
15247,1
15248,2
15249,19
15250,7
15251,9
15252,5
15253,1
15254,11
15255,1
15256,1
15257,11
15258,11
15259,6
15260,1
15261,3
15262,17
15263,2
15264,1
15265,11
15266,3
15267,12
15268,1
15269,10
15270,17
15271,11
15272,7
15273,9
15274,19
15275,4
15276,1
15277,2
15278,9
15279,12
15280,9
15281,3
15282,1
15283,11
15284,7
15285,7
15286,9
15287,9
15288,3
15289,10
15290,12
15291,11
15292,0
15293,21
15294,2
15295,2
15296,7
15297,11
15298,9
15299,1
15300,18
15301,11
15302,11
15303,6
15304,14
15305,3
15306,7
15307,7
15308,2
15309,9
15310,20
15311,1
15312,12
15313,18
15314,8
15315,1
15316,16
15317,1
15318,2
15319,11
15320,21
15321,1
15322,5
15323,6
15324,14
15325,12
15326,11
15327,5
15328,2
15329,1
15330,8
15331,2
15332,1
15333,13
15334,7
15335,10
15336,8
15337,11
15338,3
15339,1
15340,1
15341,10
15342,16
15343,14
15344,6
15345,17
15346,11
15347,1
15348,6
15349,1
15350,10
15351,5
15352,6
15353,6
15354,5
15355,11
15356,9
15357,1
15358,9
15359,19
15360,4
15361,2
15362,18
15363,11
15364,9
15365,11
15366,1
15367,16
15368,1
15369,7
15370,19
15371,10
15372,10
15373,19
15374,12
15375,1
15376,9
15377,7
15378,1
15379,1
15380,11
15381,11
15382,8
15383,19
15384,7
15385,14
15386,7
15387,11
15388,6
15389,1
15390,19
15391,13
15392,11
15393,9
15394,16
15395,6
15396,11
15397,9
15398,12
15399,12
15400,1
15401,1
15402,11
15403,3
15404,11
15405,2
15406,11
15407,6
15408,13
15409,5
15410,1
15411,10
15412,0
15413,3
15414,1
15415,0
15416,2
15417,8
15418,8
15419,1
15420,10
15421,3
15422,11
15423,5
15424,11
15425,11
15426,20
15427,3
15428,17
15429,2
15430,12
15431,0
15432,11
15433,1
15434,11
15435,8
15436,17
15437,1
15438,7
15439,6
15440,4
15441,11
15442,0
15443,1
15444,11
15445,17
15446,11
15447,11
15448,11
15449,17
15450,1
15451,1
15452,2
15453,15
15454,11
15455,10
15456,5
15457,1
15458,10
15459,11
15460,1
15461,8
15462,10
15463,2
15464,0
15465,13
15466,1
15467,6
15468,0
15469,2
15470,6
15471,14
15472,10
15473,8
15474,13
15475,9
15476,10
15477,10
15478,12
15479,2
15480,7
15481,6
15482,11
15483,14
15484,1
15485,19
15486,7
15487,21
15488,1
15489,1
15490,16
15491,10
15492,5
15493,11
15494,8
15495,15
15496,10
15497,20
15498,17
15499,0
15500,16
15501,11
15502,12
15503,8
15504,11
15505,9
15506,9
15507,11
15508,1
15509,2
15510,15
15511,1
15512,11
15513,1
15514,19
15515,15
15516,15
15517,1
15518,10
15519,2
15520,11
15521,12
15522,17
15523,11
15524,5
15525,1
15526,15
15527,2
15528,11
15529,2
15530,1
15531,4
15532,6
15533,1
15534,1
15535,16
15536,16
15537,9
15538,16
15539,8
15540,11
15541,2
15542,9
15543,12
15544,13
15545,1
15546,9
15547,10
15548,19
15549,9
15550,16
15551,2
15552,11
15553,2
15554,4
15555,10
15556,9
15557,13
15558,7
15559,12
15560,9
15561,17
15562,8
15563,19
15564,15
15565,11
15566,1
15567,2
15568,1
15569,6
15570,7
15571,10
15572,0
15573,1
15574,12
15575,13
15576,15
15577,11
15578,1
15579,7
15580,9
15581,4
15582,6
15583,7
15584,9
15585,8
15586,1
15587,4
15588,3
15589,2
15590,14
15591,1
15592,6
15593,5
15594,2
15595,1
15596,7
15597,1
15598,19
15599,10
15600,19
15601,4
15602,6
15603,19
15604,11
15605,9
15606,9
15607,17
15608,6
15609,8
15610,11
15611,3
15612,21
15613,9
15614,11
15615,8
15616,15
15617,9
15618,7
15619,0
15620,1
15621,6
15622,9
15623,1
15624,9
15625,7
15626,6
15627,7
15628,11
15629,1
15630,5
15631,8
15632,1
15633,14
15634,14
15635,1
15636,1
15637,3
15638,1
15639,6
15640,0
15641,21
15642,1
15643,1
15644,0
15645,10
15646,17
15647,20
15648,4
15649,11
15650,8
15651,11
15652,1
15653,2
15654,11
15655,10
15656,11
15657,0
15658,0
15659,7
15660,13
15661,16
15662,1
15663,3
15664,2
15665,3
15666,16
15667,1
15668,1
15669,5
15670,1
15671,2
15672,9
15673,15
15674,2
15675,7
15676,9
15677,11
15678,8
15679,5
15680,3
15681,14
15682,11
15683,3
15684,19
15685,11
15686,17
15687,8
15688,1
15689,9
15690,1
15691,11
15692,15
15693,13
15694,7
15695,19
15696,12
15697,2
15698,11
15699,11
15700,7
15701,18
15702,16
15703,9
15704,11
15705,13
15706,3
15707,1
15708,1
15709,2
15710,8
15711,1
15712,7
15713,7
15714,6
15715,15
15716,8
15717,1
15718,7
15719,19
15720,17
15721,1
15722,8
15723,9
15724,6
15725,6
15726,1
15727,6
15728,1
15729,5
15730,7
15731,9
15732,7
15733,17
15734,12
15735,9
15736,9
15737,17
15738,7
15739,9
15740,19
15741,11
15742,3
15743,10
15744,17
15745,12
15746,6
15747,8
15748,16
15749,3
15750,19
15751,8
15752,1
15753,13
15754,13
15755,11
15756,7
15757,11
15758,11
15759,1
15760,5
15761,17
15762,10
15763,4
15764,6
15765,12
15766,9
15767,18
15768,8
15769,2
15770,9
15771,11
15772,7
15773,4
15774,17
15775,3
15776,4
15777,17
15778,8
15779,1
15780,3
15781,3
15782,12
15783,10
15784,19
15785,1
15786,1
15787,17
15788,20
15789,9
15790,11
15791,1
15792,11
15793,4
15794,6
15795,15
15796,1
15797,0
15798,13
15799,3
15800,8
15801,6
15802,2
15803,10
15804,4
15805,8
15806,11
15807,1
15808,0
15809,11
15810,6
15811,7
15812,1
15813,15
15814,3
15815,1
15816,5
15817,1
15818,8
15819,11
15820,5
15821,13
15822,7
15823,9
15824,19
15825,1
15826,5
15827,21
15828,2
15829,21
15830,3
15831,19
15832,3
15833,2
15834,16
15835,7
15836,11
15837,2
15838,5
15839,0
15840,10
15841,1
15842,11
15843,11
15844,3
15845,0
15846,4
15847,6
15848,7
15849,6
15850,7
15851,6
15852,13
15853,1
15854,12
15855,6
15856,6
15857,19
15858,1
15859,4
15860,1
15861,7
15862,12
15863,1
15864,9
15865,4
15866,0
15867,21
15868,8
15869,19
15870,19
15871,9
15872,7
15873,1
15874,18
15875,17
15876,9
15877,12
15878,1
15879,4
15880,9
15881,9
15882,1
15883,5
15884,9
15885,20
15886,1
15887,3
15888,7
15889,2
15890,7
15891,4
15892,11
15893,4
15894,19
15895,1
15896,8
15897,8
15898,11
15899,19
15900,1
15901,13
15902,1
15903,8
15904,11
15905,4
15906,12
15907,17
15908,19
15909,17
15910,13
15911,16
15912,12
15913,8
15914,11
15915,8
15916,1
15917,11
15918,6
15919,13
15920,1
15921,9
15922,2
15923,14
15924,1
15925,7
15926,1
15927,19
15928,19
15929,13
15930,14
15931,11
15932,19
15933,2
15934,15
15935,0
15936,4
15937,14
15938,5
15939,10
15940,19
15941,1
15942,2
15943,9
15944,2
15945,8
15946,1
15947,1
15948,1
15949,5
15950,8
15951,11
15952,4
15953,3
15954,1
15955,8
15956,5
15957,0
15958,7
15959,6
15960,7
15961,11
15962,2
15963,17
15964,3
15965,6
15966,9
15967,17
15968,5
15969,1
15970,19
15971,10
15972,3
15973,14
15974,8
15975,8
15976,10
15977,9
15978,16
15979,0
15980,8
15981,16
15982,2
15983,9
15984,2
15985,11
15986,3
15987,3
15988,4
15989,15
15990,11
15991,1
15992,12
15993,19
15994,1
15995,16
15996,1
15997,7
15998,16
15999,7
16000,13
16001,13
16002,1
16003,2
16004,11
16005,1
16006,1
16007,5
16008,1
16009,1
16010,1
16011,20
16012,2
16013,4
16014,6
16015,0
16016,9
16017,1
16018,6
16019,12
16020,7
16021,7
16022,8
16023,8
16024,5
16025,6
16026,8
16027,11
16028,19
16029,11
16030,9
16031,19
16032,1
16033,11
16034,3
16035,6
16036,7
16037,7
16038,15
16039,1
16040,11
16041,11
16042,20
16043,19
16044,2
16045,11
16046,6
16047,18
16048,7
16049,19
16050,7
16051,11
16052,11
16053,10
16054,2
16055,9
16056,19
16057,2
16058,0
16059,7
16060,17
16061,8
16062,11
16063,8
16064,6
16065,12
16066,9
16067,11
16068,8
16069,7
16070,5
16071,7
16072,7
16073,7
16074,2
16075,9
16076,9
16077,6
16078,7
16079,13
16080,1
16081,11
16082,11
16083,0
16084,1
16085,3
16086,10
16087,12
16088,1
16089,1
16090,4
16091,4
16092,9
16093,12
16094,1
16095,3
16096,7
16097,2
16098,12
16099,9
16100,11
16101,11
16102,9
16103,10
16104,5
16105,10
16106,3
16107,1
16108,16
16109,9
16110,11
16111,12
16112,6
16113,8
16114,1
16115,19
16116,17
16117,9
16118,0
16119,9
16120,5
16121,11
16122,7
16123,7
16124,20
16125,17
16126,13
16127,7
16128,11
16129,3
16130,1
16131,2
16132,4
16133,3
16134,20
16135,15
16136,13
16137,1
16138,7
16139,0
16140,9
16141,11
16142,12
16143,10
16144,2
16145,7
16146,8
16147,16
16148,1
16149,1
16150,9
16151,7
16152,17
16153,1
16154,1
16155,17
16156,1
16157,7
16158,2
16159,19
16160,4
16161,15
16162,5
16163,11
16164,13
16165,7
16166,11
16167,5
16168,2
16169,2
16170,19
16171,1
16172,7
16173,2
16174,5
16175,7
16176,10
16177,1
16178,10
16179,11
16180,5
16181,2
16182,9
16183,5
16184,6
16185,10
16186,12
16187,4
16188,19
16189,16
16190,17
16191,2
16192,1
16193,9
16194,2
16195,15
16196,7
16197,14
16198,10
16199,19
16200,5
16201,3
16202,5
16203,0
16204,9
16205,8
16206,16
16207,2
16208,5
16209,4
16210,19
16211,1
16212,11
16213,10
16214,15
16215,5
16216,1
16217,9
16218,17
16219,6
16220,9
16221,11
16222,3
16223,7
16224,11
16225,12
16226,6
16227,8
16228,1
16229,0
16230,3
16231,5
16232,6
16233,9
16234,6
16235,17
16236,9
16237,15
16238,1
16239,9
16240,2
16241,15
16242,10
16243,8
16244,8
16245,8
16246,9
16247,1
16248,12
16249,5
16250,14
16251,18
16252,2
16253,6
16254,6
16255,0
16256,12
16257,2
16258,10
16259,10
16260,12
16261,1
16262,11
16263,15
16264,6
16265,3
16266,7
16267,8
16268,17
16269,1
16270,0
16271,1
16272,12
16273,17
16274,11
16275,6
16276,19
16277,11
16278,11
16279,14
16280,5
16281,13
16282,1
16283,20
16284,17
16285,1
16286,10
16287,1
16288,4
16289,0
16290,7
16291,19
16292,11
16293,4
16294,15
16295,10
16296,13
16297,20
16298,2
16299,1
16300,4
16301,2
16302,1
16303,1
16304,19
16305,7
16306,15
16307,16
16308,9
16309,1
16310,19
16311,11
16312,10
16313,18
16314,1
16315,11
16316,13
16317,1
16318,9
16319,2
16320,1
16321,2
16322,5
16323,19
16324,1
16325,9
16326,8
16327,1
16328,14
16329,5
16330,9
16331,8
16332,8
16333,8
16334,11
16335,4
16336,1
16337,11
16338,1
16339,9
16340,1
16341,6
16342,1
16343,0
16344,8
16345,9
16346,11
16347,5
16348,9
16349,3
16350,1
16351,9
16352,3
16353,0
16354,9
16355,2
16356,6
16357,11
16358,9
16359,11
16360,1
16361,1
16362,7
16363,7
16364,15
16365,1
16366,1
16367,9
16368,9
16369,10
16370,18
16371,10
16372,11
16373,11
16374,3
16375,1
16376,1
16377,5
16378,13
16379,11
16380,11
16381,17
16382,12
16383,9
16384,3
16385,9
16386,15
16387,0
16388,9
16389,14
16390,11
16391,17
16392,1
16393,4
16394,11
16395,5
16396,14
16397,5
16398,13
16399,6
16400,9
16401,2
16402,11
16403,1
16404,1
16405,1
16406,1
16407,7
16408,1
16409,11
16410,11
16411,9
16412,2
16413,3
16414,14
16415,7
16416,12
16417,9
16418,5
16419,15
16420,9
16421,1
16422,13
16423,1
16424,11
16425,1
16426,12
16427,16
16428,9
16429,15
16430,6
16431,19
16432,1
16433,2
16434,13
16435,5
16436,11
16437,16
16438,7
16439,9
16440,6
16441,17
16442,21
16443,2
16444,8
16445,9
16446,16
16447,11
16448,8
16449,9
16450,2
16451,2
16452,13
16453,11
16454,8
16455,5
16456,0
16457,8
16458,13
16459,1
16460,1
16461,1
16462,1
16463,10
16464,1
16465,8
16466,11
16467,4
16468,9
16469,3
16470,11
16471,8
16472,11
16473,6
16474,4
16475,1
16476,14
16477,7
16478,9
16479,14
16480,2
16481,0
16482,1
16483,9
16484,12
16485,11
16486,16
16487,9
16488,7
16489,1
16490,12
16491,19
16492,16
16493,13
16494,1
16495,20
16496,17
16497,1
16498,10
16499,0
16500,1
16501,8
16502,5
16503,1
16504,4
16505,17
16506,0
16507,12
16508,2
16509,11
16510,2
16511,11
16512,11
16513,13
16514,16
16515,15
16516,5
16517,1
16518,17
16519,12
16520,8
16521,7
16522,7
16523,19
16524,11
16525,17
16526,7
16527,1
16528,15
16529,1
16530,5
16531,1
16532,8
16533,0
16534,14
16535,13
16536,4
16537,5
16538,13
16539,2
16540,1
16541,13
16542,5
16543,9
16544,1
16545,8
16546,1
16547,10
16548,0
16549,1
16550,8
16551,2
16552,1
16553,13
16554,12
16555,2
16556,5
16557,8
16558,3
16559,18
16560,8
16561,13
16562,16
16563,16
16564,6
16565,9
16566,5
16567,11
16568,11
16569,11
16570,1
16571,9
16572,15
16573,7
16574,8
16575,16
16576,7
16577,1
16578,2
16579,3
16580,1
16581,13
16582,5
16583,7
16584,9
16585,6
16586,11
16587,10
16588,12
16589,14
16590,19
16591,17
16592,20
16593,17
16594,11
16595,2
16596,9
16597,2
16598,9
16599,9
16600,19
16601,17
16602,9
16603,9
16604,1
16605,4
16606,14
16607,9
16608,7
16609,17
16610,15
16611,11
16612,7
16613,19
16614,1
16615,13
16616,17
16617,5
16618,1
16619,1
16620,6
16621,2
16622,2
16623,7
16624,16
16625,11
16626,12
16627,1
16628,1
16629,8
16630,3
16631,6
16632,1
16633,11
16634,1
16635,7
16636,11
16637,11
16638,4
16639,8
16640,16
16641,9
16642,19
16643,1
16644,13
16645,13
16646,12
16647,7
16648,15
16649,15
16650,1
16651,11
16652,1
16653,1
16654,1
16655,11
16656,11
16657,8
16658,5
16659,5
16660,9
16661,8
16662,11
16663,6
16664,7
16665,19
16666,5
16667,19
16668,11
16669,10
16670,9
16671,19
16672,9
16673,10
16674,1
16675,1
16676,17
16677,14
16678,9
16679,0
16680,7
16681,0
16682,1
16683,8
16684,7
16685,14
16686,10
16687,1
16688,9
16689,15
16690,12
16691,6
16692,8
16693,2
16694,12
16695,7
16696,7
16697,4
16698,3
16699,13
16700,1
16701,1
16702,13
16703,1
16704,1
16705,1
16706,8
16707,16
16708,1
16709,14
16710,21
16711,11
16712,2
16713,1
16714,1
16715,11
16716,18
16717,19
16718,10
16719,11
16720,16
16721,9
16722,5
16723,14
16724,21
16725,9
16726,9
16727,15
16728,6
16729,0
16730,1
16731,17
16732,6
16733,10
16734,9
16735,1
16736,19
16737,6
16738,6
16739,16
16740,11
16741,7
16742,1
16743,1
16744,1
16745,0
16746,2
16747,17
16748,1
16749,16
16750,17
16751,8
16752,11
16753,7
16754,1
16755,17
16756,1
16757,1
16758,2
16759,0
16760,7
16761,1
16762,5
16763,9
16764,2
16765,8
16766,1
16767,15
16768,3
16769,19
16770,7
16771,9
16772,4
16773,1
16774,19
16775,0
16776,3
16777,2
16778,9
16779,2
16780,0
16781,21
16782,11
16783,6
16784,16
16785,1
16786,4
16787,19
16788,2
16789,1
16790,17
16791,1
16792,2
16793,13
16794,7
16795,6
16796,14
16797,1
16798,17
16799,6
16800,16
16801,1
16802,14
16803,18
16804,5
16805,1
16806,10
16807,1
16808,1
16809,7
16810,6
16811,9
16812,2
16813,0
16814,1
16815,10
16816,6
16817,1
16818,9
16819,0
16820,0
16821,10
16822,4
16823,16
16824,11
16825,2
16826,15
16827,19
16828,9
16829,1
16830,9
16831,7
16832,7
16833,1
16834,11
16835,0
16836,10
16837,8
16838,8
16839,3
16840,11
16841,12
16842,11
16843,19
16844,14
16845,6
16846,5
16847,11
16848,9
16849,1
16850,1
16851,19
16852,5
16853,7
16854,1
16855,12
16856,5
16857,19
16858,10
16859,12
16860,11
16861,10
16862,7
16863,15
16864,7
16865,11
16866,9
16867,4
16868,7
16869,1
16870,17
16871,4
16872,2
16873,11
16874,1
16875,14
16876,17
16877,15
16878,11
16879,2
16880,1
16881,2
16882,3
16883,7
16884,2
16885,5
16886,6
16887,3
16888,6
16889,16
16890,16
16891,1
16892,3
16893,12
16894,9
16895,8
16896,11
16897,11
16898,1
16899,1
16900,17
16901,11
16902,4
16903,1
16904,11
16905,3
16906,2
16907,2
16908,9
16909,4
16910,17
16911,2
16912,11
16913,3
16914,5
16915,1
16916,3
16917,3
16918,10
16919,11
16920,6
16921,7
16922,16
16923,5
16924,11
16925,9
16926,5
16927,19
16928,3
16929,1
16930,11
16931,2
16932,10
16933,9
16934,19
16935,2
16936,21
16937,7
16938,16
16939,2
16940,3
16941,19
16942,9
16943,19
16944,4
16945,9
16946,11
16947,14
16948,17
16949,9
16950,1
16951,4
16952,7
16953,2
16954,6
16955,7
16956,11
16957,0
16958,4
16959,3
16960,1
16961,8
16962,8
16963,1
16964,6
16965,7
16966,15
16967,3
16968,9
16969,9
16970,19
16971,3
16972,8
16973,10
16974,7
16975,1
16976,7
16977,1
16978,2
16979,12
16980,4
16981,17
16982,11
16983,17
16984,1
16985,3
16986,5
16987,11
16988,1
16989,5
16990,14
16991,0
16992,11
16993,2
16994,18
16995,5
16996,9
16997,12
16998,21
16999,7
17000,1
17001,7
17002,1
17003,12
17004,3
17005,1
17006,2
17007,16
17008,19
17009,1
17010,13
17011,3
17012,5
17013,2
17014,1
17015,2
17016,18
17017,7
17018,17
17019,14
17020,1
17021,6
17022,5
17023,19
17024,2
17025,9
17026,1
17027,11
17028,4
17029,14
17030,18
17031,2
17032,6
17033,9
17034,1
17035,1
17036,3
17037,15
17038,2
17039,2
17040,7
17041,6
17042,16
17043,20
17044,7
17045,0
17046,8
17047,4
17048,1
17049,17
17050,9
17051,8
17052,15
17053,17
17054,16
17055,17
17056,6
17057,1
17058,17
17059,19
17060,8
17061,11
17062,12
17063,8
17064,16
17065,7
17066,11
17067,1
17068,15
17069,1
17070,17
17071,1
17072,1
17073,4
17074,11
17075,5
17076,1
17077,3
17078,15
17079,6
17080,17
17081,1
17082,11
17083,1
17084,2
17085,7
17086,14
17087,0
17088,7
17089,9
17090,11
17091,15
17092,11
17093,1
17094,11
17095,9
17096,6
17097,1
17098,11
17099,4
17100,1
17101,11
17102,13
17103,1
17104,12
17105,6
17106,1
17107,11
17108,11
17109,6
17110,11
17111,20
17112,15
17113,20
17114,7
17115,11
17116,8
17117,17
17118,8
17119,3
17120,5
17121,10
17122,6
17123,7
17124,7
17125,1
17126,16
17127,6
17128,11
17129,11
17130,0
17131,8
17132,11
17133,9
17134,10
17135,11
17136,15
17137,1
17138,7
17139,11
17140,7
17141,2
17142,2
17143,13
17144,1
17145,11
17146,1
17147,11
17148,9
17149,8
17150,11
17151,9
17152,6
17153,11
17154,3
17155,3
17156,9
17157,5
17158,14
17159,21
17160,9
17161,12
17162,7
17163,2
17164,2
17165,6
17166,0
17167,10
17168,1
17169,3
17170,9
17171,3
17172,1
17173,17
17174,2
17175,5
17176,7
17177,2
17178,2
17179,19
17180,12
17181,5
17182,11
17183,17
17184,13
17185,19
17186,0
17187,11
17188,6
17189,5
17190,11
17191,1
17192,1
17193,1
17194,2
17195,1
17196,16
17197,15
17198,7
17199,1
17200,5
17201,2
17202,1
17203,13
17204,17
17205,6
17206,19
17207,2
17208,19
17209,17
17210,3
17211,1
17212,2
17213,21
17214,1
17215,5
17216,17
17217,8
17218,9
17219,11
17220,19
17221,12
17222,3
17223,9
17224,7
17225,4
17226,1
17227,8
17228,5
17229,2
17230,11
17231,8
17232,14
17233,2
17234,3
17235,14
17236,9
17237,2
17238,12
17239,11
17240,15
17241,9
17242,16
17243,2
17244,4
17245,15
17246,1
17247,7
17248,12
17249,1
17250,1
17251,9
17252,17
17253,5
17254,11
17255,16
17256,7
17257,6
17258,16
17259,19
17260,9
17261,2
17262,0
17263,2
17264,12
17265,11
17266,14
17267,13
17268,2
17269,2
17270,6
17271,11
17272,9
17273,14
17274,4
17275,7
17276,7
17277,2
17278,11
17279,8
17280,11
17281,11
17282,11
17283,16
17284,11
17285,1
17286,1
17287,1
17288,8
17289,14
17290,12
17291,8
17292,8
17293,1
17294,11
17295,5
17296,1
17297,5
17298,1
17299,17
17300,1
17301,11
17302,1
17303,5
17304,5
17305,1
17306,11
17307,5
17308,6
17309,5
17310,11
17311,20
17312,6
17313,16
17314,11
17315,19
17316,6
17317,1
17318,1
17319,9
17320,1
17321,5
17322,7
17323,20
17324,1
17325,0
17326,11
17327,4
17328,6
17329,1
17330,12
17331,1
17332,11
17333,1
17334,1
17335,13
17336,14
17337,9
17338,1
17339,1
17340,11
17341,8
17342,1
17343,1
17344,1
17345,9
17346,9
17347,2
17348,5
17349,10
17350,9
17351,1
17352,12
17353,3
17354,13
17355,11
17356,2
17357,6
17358,2
17359,8
17360,8
17361,19
17362,7
17363,1
17364,1
17365,10
17366,1
17367,7
17368,7
17369,2
17370,0
17371,20
17372,1
17373,13
17374,8
17375,19
17376,11
17377,3
17378,9
17379,9
17380,4
17381,9
17382,17
17383,1
17384,1
17385,1
17386,1
17387,17
17388,0
17389,12
17390,16
17391,2
17392,12
17393,14
17394,18
17395,7
17396,5
17397,11
17398,21
17399,9
17400,2
17401,1
17402,12
17403,1
17404,14
17405,2
17406,8
17407,0
17408,5
17409,11
17410,2
17411,8
17412,11
17413,1
17414,3
17415,4
17416,1
17417,8
17418,19
17419,14
17420,16
17421,1
17422,16
17423,7
17424,15
17425,2
17426,7
17427,12
17428,18
17429,20
17430,11
17431,9
17432,5
17433,10
17434,13
17435,12
17436,18
17437,15
17438,9
17439,12
17440,12
17441,17
17442,5
17443,8
17444,5
17445,1
17446,8
17447,13
17448,12
17449,6
17450,7
17451,8
17452,1
17453,7
17454,20
17455,7
17456,1
17457,1
17458,5
17459,9
17460,1
17461,2
17462,1
17463,6
17464,6
17465,10
17466,10
17467,20
17468,4
17469,12
17470,1
17471,1
17472,7
17473,10
17474,1
17475,1
17476,19
17477,12
17478,9
17479,9
17480,12
17481,11
17482,9
17483,1
17484,16
17485,1
17486,8
17487,9
17488,4
17489,9
17490,17
17491,9
17492,6
17493,7
17494,6
17495,1
17496,11
17497,5
17498,12
17499,2
17500,1
17501,6
17502,8
17503,1
17504,1
17505,2
17506,8
17507,11
17508,9
17509,6
17510,11
17511,11
17512,2
17513,7
17514,15
17515,6
17516,1
17517,0
17518,7
17519,1
17520,3
17521,8
17522,1
17523,9
17524,12
17525,6
17526,17
17527,1
17528,11
17529,0
17530,9
17531,6
17532,1
17533,19
17534,12
17535,1
17536,15
17537,12
17538,6
17539,11
17540,11
17541,0
17542,1
17543,10
17544,7
17545,4
17546,2
17547,11
17548,3
17549,17
17550,3
17551,8
17552,11
17553,3
17554,6
17555,11
17556,1
17557,19
17558,17
17559,1
17560,10
17561,1
17562,5
17563,7
17564,11
17565,5
17566,1
17567,2
17568,11
17569,9
17570,3
17571,8
17572,8
17573,9
17574,5
17575,17
17576,7
17577,1
17578,7
17579,1
17580,1
17581,6
17582,18
17583,7
17584,1
17585,9
17586,16
17587,1
17588,1
17589,4
17590,9
17591,11
17592,11
17593,8
17594,2
17595,8
17596,3
17597,11
17598,19
17599,11
17600,16
17601,9
17602,11
17603,6
17604,0
17605,19
17606,16
17607,9
17608,2
17609,3
17610,11
17611,12
17612,13
17613,4
17614,17
17615,1
17616,2
17617,9
17618,1
17619,0
17620,1
17621,9
17622,6
17623,1
17624,15
17625,15
17626,15
17627,1
17628,3
17629,2
17630,7
17631,1
17632,0
17633,1
17634,19
17635,8
17636,1
17637,0
17638,12
17639,9
17640,19
17641,9
17642,2
17643,8
17644,11
17645,11
17646,0
17647,16
17648,7
17649,12
17650,7
17651,11
17652,9
17653,7
17654,3
17655,1
17656,0
17657,17
17658,4
17659,9
17660,11
17661,3
17662,1
17663,8
17664,1
17665,0
17666,1
17667,5
17668,5
17669,7
17670,17
17671,15
17672,8
17673,11
17674,3
17675,17
17676,19
17677,0
17678,18
17679,0
17680,4
17681,0
17682,18
17683,7
17684,3
17685,8
17686,9
17687,13
17688,2
17689,17
17690,1
17691,0
17692,2
17693,2
17694,5
17695,0
17696,15
17697,12
17698,9
17699,5
17700,12
17701,6
17702,9
17703,1
17704,17
17705,7
17706,11
17707,12
17708,2
17709,6
17710,10
17711,3
17712,2
17713,17
17714,9
17715,8
17716,1
17717,8
17718,3
17719,3
17720,12
17721,13
17722,6
17723,20
17724,11
17725,19
17726,16
17727,1
17728,0
17729,16
17730,14
17731,16
17732,7
17733,2
17734,20
17735,1
17736,6
17737,4
17738,0
17739,1
17740,13
17741,3
17742,1
17743,5
17744,20
17745,5
17746,7
17747,1
17748,19
17749,11
17750,2
17751,11
17752,7
17753,16
17754,11
17755,13
17756,9
17757,1
17758,19
17759,7
17760,11
17761,11
17762,7
17763,7
17764,1
17765,1
17766,17
17767,14
17768,16
17769,16
17770,1
17771,9
17772,17
17773,11
17774,7
17775,3
17776,10
17777,1
17778,17
17779,17
17780,8
17781,7
17782,1
17783,1
17784,11
17785,2
17786,0
17787,3
17788,17
17789,0
17790,1
17791,15
17792,1
17793,1
17794,5
17795,1
17796,8
17797,14
17798,5
17799,19
17800,4
17801,0
17802,7
17803,9
17804,9
17805,19
17806,19
17807,7
17808,1
17809,9
17810,2
17811,11
17812,5
17813,3
17814,1
17815,7
17816,17
17817,1
17818,19
17819,11
17820,0
17821,1
17822,17
17823,1
17824,1
17825,0
17826,9
17827,1
17828,11
17829,0
17830,11
17831,18
17832,17
17833,2
17834,6
17835,4
17836,9
17837,3
17838,1
17839,4
17840,2
17841,7
17842,14
17843,1
17844,6
17845,5
17846,11
17847,9
17848,10
17849,7
17850,1
17851,9
17852,11
17853,6
17854,1
17855,0
17856,10
17857,19
17858,0
17859,17
17860,1
17861,1
17862,1
17863,21
17864,19
17865,1
17866,0
17867,15
17868,4
17869,3
17870,5
17871,9
17872,4
17873,11
17874,11
17875,4
17876,9
17877,1
17878,7
17879,3
17880,1
17881,2
17882,9
17883,9
17884,7
17885,9
17886,8
17887,11
17888,8
17889,1
17890,6
17891,19
17892,19
17893,1
17894,16
17895,2
17896,1
17897,18
17898,12
17899,9
17900,0
17901,11
17902,7
17903,15
17904,14
17905,2
17906,16
17907,9
17908,6
17909,11
17910,6
17911,2
17912,3
17913,6
17914,6
17915,11
17916,15
17917,4
17918,1
17919,4
17920,11
17921,12
17922,2
17923,9
17924,12
17925,7
17926,7
17927,6
17928,11
17929,3
17930,8
17931,10
17932,4
17933,11
17934,9
17935,7
17936,1
17937,7
17938,3
17939,19
17940,7
17941,2
17942,19
17943,8
17944,11
17945,9
17946,3
17947,0
17948,1
17949,16
17950,1
17951,3
17952,11
17953,6
17954,0
17955,13
17956,6
17957,1
17958,10
17959,14
17960,1
17961,11
17962,0
17963,7
17964,9
17965,11
17966,1
17967,20
17968,10
17969,11
17970,1
17971,19
17972,19
17973,8
17974,11
17975,1
17976,17
17977,11
17978,1
17979,2
17980,9
17981,2
17982,2
17983,1
17984,7
17985,8
17986,1
17987,11
17988,3
17989,2
17990,10
17991,7
17992,11
17993,1
17994,17
17995,1
17996,11
17997,17
17998,1
17999,5
18000,7
18001,9
18002,1
18003,12
18004,18
18005,8
18006,1
18007,1
18008,15
18009,17
18010,17
18011,11
18012,11
18013,1
18014,4
18015,11
18016,6
18017,11
18018,1
18019,17
18020,11
18021,1
18022,2
18023,7
18024,7
18025,11
18026,14
18027,1
18028,1
18029,1
18030,19
18031,5
18032,10
18033,8
18034,1
18035,11
18036,12
18037,11
18038,2
18039,7
18040,5
18041,16
18042,12
18043,6
18044,12
18045,18
18046,4
18047,9
18048,9
18049,4
18050,3
18051,17
18052,3
18053,15
18054,2
18055,11
18056,11
18057,10
18058,11
18059,7
18060,5
18061,2
18062,11
18063,11
18064,13
18065,12
18066,11
18067,2
18068,10
18069,5
18070,3
18071,1
18072,17
18073,13
18074,17
18075,11
18076,9
18077,9
18078,10
18079,8
18080,9
18081,7
18082,3
18083,17
18084,9
18085,3
18086,7
18087,2
18088,2
18089,12
18090,6
18091,12
18092,1
18093,0
18094,1
18095,17
18096,6
18097,9
18098,13
18099,11
18100,8
18101,14
18102,19
18103,1
18104,13
18105,13
18106,1
18107,4
18108,11
18109,7
18110,6
18111,9
18112,14
18113,1
18114,0
18115,0
18116,5
18117,15
18118,6
18119,9
18120,6
18121,15
18122,9
18123,20
18124,19
18125,0
18126,11
18127,7
18128,16
18129,8
18130,1
18131,19
18132,8
18133,12
18134,13
18135,11
18136,7
18137,15
18138,7
18139,1
18140,13
18141,2
18142,18
18143,6
18144,4
18145,3
18146,4
18147,13
18148,7
18149,11
18150,1
18151,11
18152,1
18153,3
18154,14
18155,19
18156,2
18157,1
18158,16
18159,15
18160,2
18161,11
18162,0
18163,0
18164,9
18165,2
18166,15
18167,1
18168,7
18169,10
18170,10
18171,3
18172,2
18173,16
18174,1
18175,6
18176,12
18177,0
18178,5
18179,2
18180,2
18181,19
18182,7
18183,14
18184,1
18185,7
18186,14
18187,5
18188,10
18189,19
18190,10
18191,9
18192,2
18193,7
18194,0
18195,10
18196,10
18197,3
18198,8
18199,1
18200,17
18201,2
18202,3
18203,1
18204,0
18205,10
18206,1
18207,4
18208,11
18209,8
18210,9
18211,11
18212,11
18213,1
18214,5
18215,10
18216,13
18217,7
18218,7
18219,6
18220,11
18221,1
18222,2
18223,12
18224,0
18225,11
18226,18
18227,10
18228,11
18229,19
18230,6
18231,10
18232,11
18233,1
18234,18
18235,7
18236,6
18237,8
18238,8
18239,11
18240,15
18241,7
18242,8
18243,18
18244,6
18245,11
18246,5
18247,1
18248,6
18249,6
18250,4
18251,7
18252,11
18253,1
18254,1
18255,6
18256,11
18257,3
18258,2
18259,1
18260,7
18261,0
18262,11
18263,11
18264,10
18265,18
18266,10
18267,3
18268,2
18269,13
18270,4
18271,0
18272,9
18273,0
18274,7
18275,11
18276,11
18277,1
18278,14
18279,11
18280,16
18281,8
18282,1
18283,7
18284,13
18285,7
18286,9
18287,19
18288,11
18289,7
18290,11
18291,4
18292,8
18293,9
18294,9
18295,8
18296,2
18297,10
18298,1
18299,17
18300,11
18301,11
18302,1
18303,15
18304,0
18305,1
18306,18
18307,9
18308,7
18309,18
18310,9
18311,12
18312,8
18313,17
18314,2
18315,4
18316,12
18317,8
18318,19
18319,1
18320,0
18321,9
18322,12
18323,6
18324,12
18325,9
18326,7
18327,18
18328,19
18329,7
18330,17
18331,12
18332,10
18333,4
18334,15
18335,4
18336,16
18337,4
18338,11
18339,20
18340,14
18341,19
18342,1
18343,8
18344,19
18345,11
18346,16
18347,1
18348,1
18349,15
18350,1
18351,2
18352,11
18353,17
18354,8
18355,12
18356,17
18357,9
18358,1
18359,9
18360,1
18361,18
18362,9
18363,2
18364,19
18365,18
18366,1
18367,11
18368,7
18369,8
18370,1
18371,2
18372,5
18373,14
18374,1
18375,7
18376,9
18377,0
18378,14
18379,1
18380,6
18381,1
18382,1
18383,7
18384,3
18385,5
18386,1
18387,9
18388,14
18389,11
18390,5
18391,19
18392,9
18393,9
18394,0
18395,6
18396,2
18397,3
18398,1
18399,18
18400,7
18401,1
18402,2
18403,17
18404,1
18405,1
18406,8
18407,1
18408,21
18409,1
18410,11
18411,10
18412,12
18413,17
18414,3
18415,7
18416,16
18417,8
18418,3
18419,19
18420,19
18421,16
18422,15
18423,3
18424,6
18425,12
18426,1
18427,8
18428,9
18429,17
18430,1
18431,13
18432,4
18433,18
18434,6
18435,4
18436,5
18437,19
18438,1
18439,14
18440,0
18441,15
18442,2
18443,14
18444,14
18445,1
18446,1
18447,7
18448,11
18449,12
18450,11
18451,3
18452,1
18453,10
18454,10
18455,1
18456,17
18457,8
18458,3
18459,19
18460,2
18461,1
18462,9
18463,7
18464,11
18465,4
18466,6
18467,14
18468,11
18469,8
18470,9
18471,10
18472,18
18473,8
18474,10
18475,15
18476,14
18477,2
18478,1
18479,1
18480,3
18481,13
18482,1
18483,7
18484,7
18485,0
18486,0
18487,11
18488,7
18489,0
18490,11
18491,15
18492,20
18493,20
18494,8
18495,16
18496,15
18497,7
18498,12
18499,11
18500,11
18501,1
18502,1
18503,2
18504,17
18505,12
18506,21
18507,9
18508,6
18509,12
18510,1
18511,19
18512,17
18513,3
18514,17
18515,1
18516,4
18517,13
18518,3
18519,4
18520,15
18521,4
18522,1
18523,2
18524,16
18525,1
18526,1
18527,11
18528,7
18529,1
18530,1
18531,6
18532,16
18533,0
18534,10
18535,15
18536,17
18537,11
18538,10
18539,4
18540,14
18541,12
18542,11
18543,11
18544,10
18545,1
18546,2
18547,1
18548,2
18549,8
18550,7
18551,7
18552,11
18553,18
18554,19
18555,1
18556,0
18557,0
18558,9
18559,2
18560,19
18561,1
18562,1
18563,9
18564,2
18565,11
18566,17
18567,17
18568,11
18569,1
18570,8
18571,4
18572,11
18573,17
18574,11
18575,14
18576,12
18577,7
18578,6
18579,13
18580,7
18581,12
18582,21
18583,1
18584,3
18585,10
18586,11
18587,11
18588,0
18589,16
18590,17
18591,2
18592,9
18593,5
18594,15
18595,19
18596,8
18597,14
18598,1
18599,11
18600,2
18601,11
18602,9
18603,1
18604,17
18605,14
18606,5
18607,19
18608,5
18609,1
18610,2
18611,6
18612,16
18613,21
18614,6
18615,2
18616,0
18617,1
18618,1
18619,1
18620,18
18621,6
18622,0
18623,0
18624,17
18625,11
18626,17
18627,2
18628,11
18629,1
18630,1
18631,2
18632,2
18633,11
18634,17
18635,2
18636,9
18637,7
18638,7
18639,3
18640,0
18641,1
18642,0
18643,10
18644,8
18645,8
18646,17
18647,11
18648,19
18649,0
18650,5
18651,18
18652,8
18653,1
18654,7
18655,7
18656,9
18657,9
18658,1
18659,8
18660,10
18661,9
18662,1
18663,1
18664,19
18665,7
18666,16
18667,8
18668,8
18669,5
18670,7
18671,1
18672,9
18673,11
18674,17
18675,5
18676,1
18677,14
18678,7
18679,2
18680,15
18681,4
18682,7
18683,19
18684,9
18685,0
18686,6
18687,8
18688,19
18689,1
18690,2
18691,17
18692,10
18693,7
18694,15
18695,2
18696,2
18697,2
18698,2
18699,4
18700,1
18701,17
18702,7
18703,2
18704,6
18705,2
18706,3
18707,6
18708,4
18709,17
18710,13
18711,8
18712,0
18713,9
18714,11
18715,11
18716,3
18717,2
18718,9
18719,7
18720,10
18721,13
18722,18
18723,1
18724,9
18725,1
18726,5
18727,1
18728,20
18729,7
18730,1
18731,11
18732,1
18733,8
18734,2
18735,17
18736,9
18737,1
18738,1
18739,11
18740,9
18741,8
18742,20
18743,12
18744,5
18745,1
18746,17
18747,12
18748,2
18749,8
18750,3
18751,3
18752,5
18753,2
18754,10
18755,10
18756,5
18757,4
18758,3
18759,1
18760,5
18761,1
18762,7
18763,3
18764,7
18765,19
18766,8
18767,11
18768,1
18769,20
18770,15
18771,11
18772,3
18773,6
18774,2
18775,13
18776,11
18777,1
18778,4
18779,1
18780,8
18781,12
18782,8
18783,11
18784,1
18785,6
18786,7
18787,17
18788,1
18789,6
18790,11
18791,16
18792,2
18793,11
18794,7
18795,18
18796,2
18797,6
18798,5
18799,9
18800,15
18801,1
18802,20
18803,5
18804,4
18805,17
18806,1
18807,1
18808,1
18809,6
18810,7
18811,6
18812,8
18813,16
18814,0
18815,16
18816,3
18817,1
18818,9
18819,16
18820,5
18821,7
18822,3
18823,1
18824,7
18825,16
18826,7
18827,16
18828,16
18829,2
18830,11
18831,1
18832,17
18833,9
18834,13
18835,16
18836,5
18837,2
18838,3
18839,7
18840,1
18841,1
18842,18
18843,6
18844,2
18845,1
18846,11
18847,6
18848,0
18849,15
18850,1
18851,12
18852,19
18853,1
18854,10
18855,1
18856,8
18857,20
18858,1
18859,1
18860,7
18861,7
18862,17
18863,8
18864,11
18865,18
18866,17
18867,4
18868,1
18869,7
18870,1
18871,0
18872,16
18873,13
18874,6
18875,16
18876,17
18877,1
18878,2
18879,11
18880,12
18881,10
18882,12
18883,0
18884,16
18885,1
18886,9
18887,4
18888,11
18889,17
18890,1
18891,9
18892,9
18893,19
18894,1
18895,5
18896,15
18897,2
18898,11
18899,6
18900,15
18901,17
18902,8
18903,11
18904,1
18905,8
18906,1
18907,9
18908,2
18909,20
18910,17
18911,16
18912,1
18913,1
18914,1
18915,0
18916,18
18917,7
18918,10
18919,14
18920,7
18921,16
18922,17
18923,1
18924,9
18925,14
18926,2
18927,6
18928,8
18929,13
18930,12
18931,17
18932,5
18933,2
18934,1
18935,1
18936,14
18937,9
18938,3
18939,12
18940,2
18941,1
18942,11
18943,10
18944,17
18945,11
18946,13
18947,11
18948,1
18949,1
18950,8
18951,3
18952,14
18953,1
18954,16
18955,13
18956,5
18957,6
18958,15
18959,12
18960,17
18961,17
18962,1
18963,15
18964,11
18965,18
18966,6
18967,2
18968,2
18969,19
18970,8
18971,19
18972,11
18973,6
18974,8
18975,9
18976,12
18977,12
18978,15
18979,0
18980,11
18981,19
18982,6
18983,7
18984,1
18985,8
18986,8
18987,9
18988,1
18989,9
18990,6
18991,5
18992,11
18993,12
18994,2
18995,6
18996,11
18997,11
18998,11
18999,2
19000,1
19001,17
19002,11
19003,9
19004,1
19005,1
19006,11
19007,1
19008,7
19009,12
19010,8
19011,14
19012,1
19013,7
19014,9
19015,9
19016,5
19017,2
19018,11
19019,11
19020,4
19021,2
19022,11
19023,0
19024,9
19025,4
19026,1
19027,1
19028,2
19029,7
19030,7
19031,11
19032,16
19033,9
19034,16
19035,4
19036,2
19037,19
19038,11
19039,11
19040,7
19041,17
19042,11
19043,18
19044,7
19045,21
19046,2
19047,9
19048,15
19049,14
19050,11
19051,12
19052,17
19053,8
19054,6
19055,9
19056,1
19057,3
19058,9
19059,17
19060,1
19061,15
19062,8
19063,1
19064,17
19065,9
19066,2
19067,1
19068,2
19069,0
19070,17
19071,1
19072,11
19073,2
19074,7
19075,12
19076,8
19077,1
19078,13
19079,4
19080,0
19081,3
19082,16
19083,1
19084,10
19085,2
19086,2
19087,17
19088,18
19089,6
19090,14
19091,20
19092,14
19093,1
19094,7
19095,1
19096,9
19097,9
19098,0
19099,17
19100,16
19101,12
19102,0
19103,8
19104,8
19105,1
19106,5
19107,1
19108,9
19109,13
19110,16
19111,13
19112,1
19113,14
19114,6
19115,18
19116,2
19117,8
19118,13
19119,5
19120,11
19121,5
19122,15
19123,11
19124,17
19125,2
19126,11
19127,11
19128,2
19129,2
19130,8
19131,9
19132,2
19133,1
19134,4
19135,11
19136,7
19137,5
19138,0
19139,1
19140,2
19141,1
19142,15
19143,8
19144,1
19145,19
19146,1
19147,11
19148,1
19149,6
19150,13
19151,7
19152,16
19153,0
19154,1
19155,17
19156,1
19157,15
19158,1
19159,1
19160,6
19161,16
19162,1
19163,13
19164,17
19165,5
19166,7
19167,7
19168,12
19169,2
19170,11
19171,1
19172,6
19173,11
19174,5
19175,8
19176,1
19177,9
19178,2
19179,0
19180,2
19181,8
19182,12
19183,8
19184,9
19185,7
19186,0
19187,1
19188,11
19189,1
19190,11
19191,14
19192,12
19193,1
19194,9
19195,1
19196,8
19197,1
19198,1
19199,9
19200,1
19201,1
19202,14
19203,9
19204,1
19205,1
19206,18
19207,17
19208,6
19209,1
19210,1
19211,1
19212,15
19213,7
19214,1
19215,12
19216,1
19217,8
19218,19
19219,19
19220,5
19221,10
19222,10
19223,11
19224,2
19225,5
19226,12
19227,1
19228,1
19229,1
19230,17
19231,1
19232,7
19233,9
19234,11
19235,11
19236,18
19237,19
19238,0
19239,2
19240,4
19241,1
19242,9
19243,19
19244,20
19245,11
19246,1
19247,9
19248,0
19249,19
19250,7
19251,1
19252,14
19253,0
19254,7
19255,3
19256,6
19257,7
19258,8
19259,11
19260,8
19261,3
19262,4
19263,7
19264,1
19265,12
19266,5
19267,15
19268,14
19269,1
19270,17
19271,7
19272,19
19273,5
19274,1
19275,1
19276,1
19277,1
19278,9
19279,7
19280,1
19281,14
19282,9
19283,12
19284,1
19285,0
19286,7
19287,9
19288,7
19289,9
19290,0
19291,12
19292,20
19293,8
19294,15
19295,17
19296,5
19297,7
19298,1
19299,19
19300,1
19301,10
19302,11
19303,12
19304,3
19305,10
19306,10
19307,1
19308,2
19309,11
19310,13
19311,1
19312,8
19313,5
19314,1
19315,11
19316,14
19317,7
19318,7
19319,15
19320,12
19321,8
19322,0
19323,2
19324,0
19325,8
19326,8
19327,8
19328,2
19329,20
19330,5
19331,6
19332,2
19333,0
19334,19
19335,2
19336,10
19337,9
19338,9
19339,1
19340,1
19341,6
19342,11
19343,3
19344,2
19345,1
19346,2
19347,1
19348,9
19349,7
19350,4
19351,16
19352,8
19353,8
19354,5
19355,1
19356,5
19357,9
19358,6
19359,21
19360,19
19361,5
19362,0
19363,5
19364,3
19365,17
19366,12
19367,12
19368,2
19369,9
19370,3
19371,11
19372,8
19373,0
19374,11
19375,12
19376,2
19377,6
19378,8
19379,5
19380,1
19381,9
19382,12
19383,6
19384,10
19385,1
19386,8
19387,14
19388,9
19389,4
19390,15
19391,18
19392,11
19393,4
19394,9
19395,15
19396,20
19397,3
19398,7
19399,5
19400,1
19401,15
19402,9
19403,8
19404,5
19405,12
19406,2
19407,1
19408,11
19409,1
19410,19
19411,8
19412,9
19413,9
19414,2
19415,13
19416,2
19417,0
19418,17
19419,2
19420,14
19421,11
19422,21
19423,11
19424,11
19425,11
19426,9
19427,1
19428,11
19429,9
19430,8
19431,1
19432,1
19433,5
19434,5
19435,0
19436,9
19437,7
19438,15
19439,1
19440,10
19441,9
19442,11
19443,1
19444,6
19445,3
19446,1
19447,8
19448,11
19449,7
19450,1
19451,3
19452,11
19453,11
19454,19
19455,16
19456,7
19457,2
19458,9
19459,6
19460,16
19461,12
19462,1
19463,10
19464,15
19465,15
19466,8
19467,4
19468,5
19469,17
19470,7
19471,17
19472,1
19473,0
19474,11
19475,1
19476,7
19477,9
19478,9
19479,11
19480,14
19481,10
19482,11
19483,12
19484,7
19485,4
19486,1
19487,17
19488,7
19489,3
19490,7
19491,0
19492,19
19493,7
19494,5
19495,12
19496,7
19497,14
19498,0
19499,3
19500,0
19501,11
19502,9
19503,1
19504,19
19505,5
19506,11
19507,1
19508,1
19509,1
19510,6
19511,13
19512,8
19513,5
19514,2
19515,7
19516,1
19517,10
19518,8
19519,2
19520,4
19521,4
19522,9
19523,8
19524,6
19525,9
19526,6
19527,16
19528,8
19529,18
19530,9
19531,2
19532,9
19533,1
19534,1
19535,9
19536,17
19537,0
19538,1
19539,6
19540,1
19541,1
19542,7
19543,1
19544,5
19545,1
19546,11
19547,2
19548,2
19549,7
19550,7
19551,0
19552,11
19553,12
19554,1
19555,9
19556,2
19557,2
19558,6
19559,2
19560,17
19561,1
19562,16
19563,11
19564,2
19565,9
19566,1
19567,1
19568,12
19569,11
19570,2
19571,7
19572,1
19573,1
19574,7
19575,6
19576,11
19577,1
19578,1
19579,16
19580,17
19581,9
19582,1
19583,0
19584,9
19585,15
19586,9
19587,9
19588,7
19589,11
19590,3
19591,15
19592,1
19593,10
19594,8
19595,2
19596,8
19597,8
19598,11
19599,6
19600,2
19601,17
19602,8
19603,12
19604,0
19605,7
19606,0
19607,19
19608,1
19609,16
19610,16
19611,1
19612,9
19613,4
19614,2
19615,8
19616,12
19617,8
19618,20
19619,11
19620,8
19621,17
19622,8
19623,6
19624,0
19625,1
19626,11
19627,9
19628,6
19629,17
19630,5
19631,11
19632,12
19633,9
19634,11
19635,2
19636,7
19637,9
19638,1
19639,14
19640,1
19641,1
19642,2
19643,8
19644,1
19645,3
19646,15
19647,4
19648,17
19649,9
19650,1
19651,1
19652,12
19653,2
19654,6
19655,9
19656,9
19657,8
19658,19
19659,11
19660,4
19661,3
19662,0
19663,3
19664,8
19665,3
19666,11
19667,1
19668,1
19669,1
19670,17
19671,1
19672,7
19673,11
19674,1
19675,3
19676,2
19677,18
19678,13
19679,13
19680,16
19681,1
19682,2
19683,1
19684,9
19685,6
19686,9
19687,13
19688,1
19689,19
19690,17
19691,1
19692,0
19693,8
19694,1
19695,9
19696,17
19697,8
19698,11
19699,7
19700,17
19701,5
19702,7
19703,16
19704,14
19705,11
19706,10
19707,17
19708,10
19709,11
19710,2
19711,1
19712,6
19713,5
19714,5
19715,13
19716,1
19717,1
19718,11
19719,1
19720,0
19721,12
19722,17
19723,11
19724,7
19725,8
19726,12
19727,11
19728,8
19729,1
19730,4
19731,1
19732,5
19733,1
19734,1
19735,16
19736,7
19737,0
19738,13
19739,5
19740,11
19741,16
19742,1
19743,14
19744,1
19745,2
19746,8
19747,3
19748,10
19749,1
19750,8
19751,1
19752,8
19753,16
19754,13
19755,19
19756,15
19757,2
19758,1
19759,11
19760,7
19761,0
19762,1
19763,4
19764,1
19765,17
19766,11
19767,7
19768,0
19769,14
19770,1
19771,6
19772,6
19773,17
19774,0
19775,19
19776,9
19777,17
19778,12
19779,11
19780,11
19781,12
19782,8
19783,12
19784,11
19785,3
19786,1
19787,18
19788,1
19789,13
19790,19
19791,7
19792,9
19793,0
19794,1
19795,4
19796,6
19797,1
19798,6
19799,2
19800,1
19801,17
19802,12
19803,12
19804,1
19805,1
19806,19
19807,3
19808,1
19809,11
19810,13
19811,11
19812,14
19813,16
19814,7
19815,0
19816,6
19817,4
19818,9
19819,12
19820,12
19821,3
19822,5
19823,11
19824,0
19825,9
19826,1
19827,1
19828,11
19829,10
19830,13
19831,10
19832,11
19833,11
19834,11
19835,6
19836,9
19837,9
19838,8
19839,10
19840,13
19841,11
19842,0
19843,6
19844,16
19845,6
19846,19
19847,1
19848,6
19849,1
19850,3
19851,1
19852,19
19853,5
19854,4
19855,7
19856,9
19857,11
19858,11
19859,10
19860,3
19861,11
19862,12
19863,1
19864,1
19865,3
19866,1
19867,3
19868,19
19869,16
19870,1
19871,8
19872,13
19873,7
19874,14
19875,6
19876,11
19877,12
19878,1
19879,6
19880,2
19881,1
19882,3
19883,3
19884,16
19885,3
19886,9
19887,6
19888,4
19889,9
19890,1
19891,12
19892,13
19893,1
19894,2
19895,3
19896,17
19897,12
19898,1
19899,12
19900,9
19901,5
19902,7
19903,1
19904,8
19905,9
19906,12
19907,3
19908,2
19909,12
19910,2
19911,9
19912,10
19913,7
19914,1
19915,15
19916,2
19917,3
19918,15
19919,21
19920,0
19921,11
19922,11
19923,1
19924,6
19925,5
19926,11
19927,1
19928,4
19929,1
19930,19
19931,8
19932,8
19933,1
19934,11
19935,20
19936,5
19937,9
19938,7
19939,3
19940,3
19941,4
19942,11
19943,9
19944,9
19945,16
19946,1
19947,11
19948,5
19949,9
19950,6
19951,2
19952,17
19953,15
19954,20
19955,19
19956,12
19957,12
19958,4
19959,1
19960,7
19961,13
19962,1
19963,7
19964,1
19965,7
19966,2
19967,4
19968,10
19969,8
19970,11
19971,10
19972,11
19973,10
19974,11
19975,9
19976,16
19977,13
19978,13
19979,7
19980,9
19981,1
19982,17
19983,12
19984,18
19985,1
19986,11
19987,7
19988,8
19989,2
19990,6
19991,19
19992,11
19993,3
19994,1
19995,6
19996,1
19997,7
19998,17
19999,3
20000,11
20001,11
20002,8
20003,7
20004,12
20005,2
20006,19
20007,16
20008,16
20009,1
20010,5
20011,17
20012,3
20013,7
20014,4
20015,16
20016,9
20017,7
20018,1
20019,4
20020,8
20021,9
20022,6
20023,7
20024,17
20025,19
20026,11
20027,1
20028,14
20029,9
20030,14
20031,15
20032,19
20033,7
20034,3
20035,1
20036,11
20037,16
20038,9
20039,0
20040,1
20041,2
20042,6
20043,13
20044,11
20045,1
20046,1
20047,9
20048,10
20049,3
20050,11
20051,2
20052,17
20053,7
20054,12
20055,12
20056,1
20057,5
20058,17
20059,2
20060,4
20061,6
20062,9
20063,12
20064,1
20065,0
20066,20
20067,20
20068,12
20069,17
20070,3
20071,11
20072,16
20073,15
20074,1
20075,9
20076,13
20077,13
20078,2
20079,11
20080,7
20081,8
20082,3
20083,11
20084,16
20085,2
20086,3
20087,7
20088,8
20089,14
20090,8
20091,2
20092,17
20093,7
20094,4
20095,8
20096,1
20097,7
20098,7
20099,1
20100,20
20101,11
20102,12
20103,11
20104,3
20105,8
20106,0
20107,11
20108,11
20109,7
20110,11
20111,9
20112,2
20113,6
20114,20
20115,9
20116,7
20117,20
20118,8
20119,1
20120,0
20121,6
20122,9
20123,8
20124,8
20125,5
20126,17
20127,1
20128,8
20129,5
20130,4
20131,7
20132,5
20133,1
20134,1
20135,6
20136,9
20137,11
20138,11
20139,11
20140,11
20141,6
20142,17
20143,7
20144,11
20145,1
20146,4
20147,9
20148,3
20149,1
20150,9
20151,2
20152,16
20153,7
20154,11
20155,14
20156,21
20157,11
20158,9
20159,9
20160,7
20161,7
20162,8
20163,8
20164,12
20165,3
20166,3
20167,19
20168,12
20169,19
20170,2
20171,3
20172,3
20173,17
20174,11
20175,9
20176,1
20177,4
20178,11
20179,3
20180,1
20181,9
20182,4
20183,2
20184,13
20185,14
20186,13
20187,12
20188,7
20189,2
20190,19
20191,3
20192,10
20193,1
20194,1
20195,11
20196,6
20197,15
20198,20
20199,6
20200,12
20201,1
20202,8
20203,6
20204,0
20205,3
20206,17
20207,9
20208,21
20209,1
20210,4
20211,14
20212,2
20213,2
20214,2
20215,0
20216,7
20217,1
20218,7
20219,5
20220,1
20221,14
20222,14
20223,4
20224,8
20225,1
20226,0
20227,20
20228,2
20229,5
20230,9
20231,7
20232,7
20233,16
20234,9
20235,11
20236,11
20237,1
20238,2
20239,10
20240,11
20241,0
20242,3
20243,12
20244,7
20245,4
20246,14
20247,5
20248,8
20249,15
20250,4
20251,0
20252,1
20253,1
20254,6
20255,9
20256,5
20257,5
20258,19
20259,10
20260,11
20261,17
20262,11
20263,1
20264,12
20265,11
20266,13
20267,1
20268,2
20269,10
20270,8
20271,0
20272,4
20273,15
20274,11
20275,1
20276,2
20277,9
20278,7
20279,5
20280,1
20281,1
20282,10
20283,6
20284,0
20285,18
20286,1
20287,17
20288,16
20289,7
20290,1
20291,12
20292,7
20293,1
20294,2
20295,1
20296,1
20297,11
20298,11
20299,5
20300,9
20301,2
20302,9
20303,9
20304,7
20305,4
20306,9
20307,19
20308,3
20309,0
20310,11
20311,9
20312,5
20313,17
20314,4
20315,2
20316,15
20317,4
20318,11
20319,6
20320,7
20321,2
20322,15
20323,16
20324,19
20325,3
20326,10
20327,1
20328,12
20329,1
20330,13
20331,12
20332,11
20333,2
20334,8
20335,1
20336,11
20337,10
20338,8
20339,11
20340,9
20341,13
20342,10
20343,8
20344,2
20345,0
20346,7
20347,5
20348,7
20349,11
20350,17
20351,3
20352,11
20353,11
20354,10
20355,7
20356,5
20357,19
20358,17
20359,2
20360,17
20361,8
20362,13
20363,3
20364,0
20365,7
20366,19
20367,14
20368,19
20369,2
20370,8
20371,17
20372,9
20373,1
20374,15
20375,16
20376,1
20377,1
20378,6
20379,7
20380,0
20381,14
20382,19
20383,3
20384,11
20385,8
20386,10
20387,17
20388,1
20389,1
20390,2
20391,1
20392,6
20393,17
20394,11
20395,16
20396,2
20397,12
20398,11
20399,2
20400,14
20401,2
20402,17
20403,11
20404,3
20405,13
20406,7
20407,1
20408,11
20409,5
20410,17
20411,7
20412,7
20413,10
20414,9
20415,11
20416,16
20417,11
20418,9
20419,19
20420,19
20421,3
20422,7
20423,14
20424,9
20425,3
20426,9
20427,14
20428,3
20429,1
20430,11
20431,2
20432,1
20433,15
20434,3
20435,0
20436,4
20437,13
20438,11
20439,12
20440,1
20441,16
20442,9
20443,8
20444,11
20445,12
20446,1
20447,10
20448,2
20449,6
20450,20
20451,0
20452,17
20453,9
20454,18
20455,19
20456,8
20457,18
20458,1
20459,17
20460,21
20461,2
20462,15
20463,1
20464,1
20465,5
20466,1
20467,2
20468,19
20469,6
20470,16
20471,1
20472,11
20473,11
20474,19
20475,0
20476,14
20477,9
20478,14
20479,7
20480,5
20481,11
20482,1
20483,8
20484,2
20485,1
20486,4
20487,12
20488,2
20489,9
20490,2
20491,0
20492,8
20493,8
20494,13
20495,1
20496,7
20497,5
20498,12
20499,19
20500,7
20501,1
20502,5
20503,1
20504,9
20505,19
20506,1
20507,12
20508,14
20509,11
20510,12
20511,6
20512,2
20513,16
20514,17
20515,7
20516,11
20517,1
20518,8
20519,3
20520,7
20521,2
20522,2
20523,17
20524,6
20525,6
20526,16
20527,19
20528,3
20529,11
20530,20
20531,16
20532,1
20533,6
20534,12
20535,11
20536,3
20537,7
20538,12
20539,2
20540,4
20541,14
20542,10
20543,4
20544,6
20545,12
20546,19
20547,2
20548,2
20549,1
20550,1
20551,8
20552,11
20553,5
20554,3
20555,14
20556,15
20557,1
20558,19
20559,15
20560,1
20561,1
20562,7
20563,19
20564,7
20565,5
20566,2
20567,8
20568,2
20569,1
20570,17
20571,4
20572,19
20573,11
20574,11
20575,1
20576,11
20577,2
20578,6
20579,9
20580,13
20581,8
20582,5
20583,10
20584,9
20585,11
20586,13
20587,9
20588,11
20589,7
20590,4
20591,1
20592,9
20593,0
20594,1
20595,8
20596,4
20597,11
20598,1
20599,1
20600,9
20601,1
20602,1
20603,11
20604,5
20605,19
20606,1
20607,9
20608,1
20609,16
20610,6
20611,19
20612,14
20613,6
20614,2
20615,11
20616,1
20617,5
20618,2
20619,2
20620,2
20621,1
20622,2
20623,6
20624,19
20625,15
20626,5
20627,10
20628,17
20629,13
20630,0
20631,19
20632,7
20633,17
20634,1
20635,1
20636,17
20637,11
20638,7
20639,8
20640,2
20641,1
20642,2
20643,1
20644,14
20645,11
20646,6
20647,8
20648,1
20649,1
20650,3
20651,17
20652,7
20653,11
20654,11
20655,7
20656,1
20657,1
20658,11
20659,17
20660,1
20661,16
20662,3
20663,1
20664,11
20665,7
20666,6
20667,5
20668,2
20669,0
20670,3
20671,1
20672,11
20673,7
20674,0
20675,1
20676,2
20677,2
20678,6
20679,3
20680,8
20681,1
20682,17
20683,11
20684,11
20685,1
20686,15
20687,18
20688,6
20689,17
20690,9
20691,13
20692,4
20693,2
20694,16
20695,6
20696,1
20697,3
20698,14
20699,15
20700,1
20701,6
20702,3
20703,1
20704,0
20705,7
20706,0
20707,13
20708,19
20709,0
20710,10
20711,1
20712,2
20713,5
20714,0
20715,10
20716,4
20717,1
20718,1
20719,7
20720,19
20721,8
20722,1
20723,12
20724,4
20725,1
20726,7
20727,1
20728,9
20729,10
20730,5
20731,16
20732,1
20733,7
20734,9
20735,1
20736,15
20737,11
20738,13
20739,7
20740,11
20741,7
20742,17
20743,10
20744,11
20745,1
20746,10
20747,17
20748,14
20749,15
20750,1
20751,1
20752,7
20753,17
20754,20
20755,7
20756,5
20757,15
20758,6
20759,1
20760,7
20761,12
20762,4
20763,3
20764,12
20765,7
20766,9
20767,17
20768,1
20769,3
20770,11
20771,11
20772,9
20773,11
20774,4
20775,8
20776,5
20777,2
20778,10
20779,7
20780,11
20781,15
20782,9
20783,1
20784,4
20785,1
20786,6
20787,1
20788,11
20789,11
20790,11
20791,7
20792,16
20793,13
20794,6
20795,8
20796,9
20797,1
20798,9
20799,12
20800,8
20801,7
20802,1
20803,2
20804,3
20805,9
20806,7
20807,8
20808,12
20809,0
20810,7
20811,9
20812,1
20813,2
20814,15
20815,15
20816,11
20817,15
20818,7
20819,15
20820,19
20821,18
20822,7
20823,11
20824,7
20825,8
20826,0
20827,9
20828,8
20829,8
20830,10
20831,14
20832,9
20833,8
20834,7
20835,17
20836,10
20837,1
20838,3
20839,11
20840,9
20841,11
20842,1
20843,14
20844,9
20845,7
20846,8
20847,19
20848,2
20849,1
20850,5
20851,9
20852,5
20853,9
20854,1
20855,0
20856,19
20857,1
20858,16
20859,11
20860,15
20861,15
20862,15
20863,3
20864,17
20865,12
20866,9
20867,5
20868,15
20869,7
20870,11
20871,6
20872,7
20873,0
20874,7
20875,19
20876,14
20877,19
20878,14
20879,1
20880,4
20881,0
20882,11
20883,1
20884,7
20885,7
20886,7
20887,10
20888,6
20889,3
20890,5
20891,11
20892,7
20893,1
20894,0
20895,0
20896,11
20897,11
20898,7
20899,2
20900,6
20901,11
20902,1
20903,6
20904,7
20905,5
20906,3
20907,12
20908,11
20909,10
20910,5
20911,11
20912,10
20913,2
20914,3
20915,1
20916,6
20917,11
20918,19
20919,11
20920,18
20921,11
20922,1
20923,9
20924,2
20925,8
20926,9
20927,1
20928,19
20929,3
20930,11
20931,3
20932,20
20933,3
20934,16
20935,16
20936,11
20937,1
20938,10
20939,21
20940,1
20941,5
20942,21
20943,19
20944,7
20945,10
20946,9
20947,1
20948,7
20949,7
20950,0
20951,1
20952,2
20953,1
20954,1
20955,16
20956,6
20957,17
20958,2
20959,7
20960,1
20961,1
20962,1
20963,14
20964,4
20965,9
20966,11
20967,19
20968,2
20969,14
20970,9
20971,1
20972,13
20973,8
20974,15
20975,2
20976,3
20977,1
20978,12
20979,7
20980,1
20981,5
20982,7
20983,1
20984,1
20985,8
20986,0
20987,9
20988,9
20989,8
20990,2
20991,19
20992,18
20993,1
20994,10
20995,11
20996,1
20997,4
20998,14
20999,12
21000,18
21001,2
21002,10
21003,6
21004,11
21005,8
21006,4
21007,0
21008,0
21009,1
21010,9
21011,16
21012,2
21013,18
21014,1
21015,8
21016,11
21017,10
21018,16
21019,0
21020,6
21021,1
21022,8
21023,14
21024,2
21025,7
21026,8
21027,8
21028,1
21029,1
21030,9
21031,6
21032,1
21033,12
21034,8
21035,11
21036,2
21037,11
21038,9
21039,7
21040,7
21041,1
21042,14
21043,8
21044,9
21045,9
21046,7
21047,18
21048,12
21049,4
21050,16
21051,7
21052,6
21053,0
21054,8
21055,11
21056,11
21057,11
21058,9
21059,19
21060,6
21061,8
21062,17
21063,1
21064,7
21065,19
21066,15
21067,14
21068,0
21069,12
21070,21
21071,2
21072,11
21073,19
21074,11
21075,3
21076,8
21077,2
21078,1
21079,10
21080,16
21081,9
21082,1
21083,3
21084,9
21085,4
21086,1
21087,11
21088,1
21089,8
21090,2
21091,15
21092,11
21093,13
21094,5
21095,5
21096,5
21097,11
21098,12
21099,12
21100,7
21101,17
21102,14
21103,1
21104,7
21105,3
21106,3
21107,5
21108,1
21109,7
21110,9
21111,9
21112,6
21113,8
21114,7
21115,1
21116,20
21117,19
21118,9
21119,16
21120,11
21121,6
21122,7
21123,1
21124,9
21125,1
21126,1
21127,12
21128,5
21129,1
21130,11
21131,19
21132,11
21133,7
21134,11
21135,11
21136,11
21137,0
21138,3
21139,1
21140,6
21141,3
21142,8
21143,10
21144,5
21145,1
21146,6
21147,2
21148,7
21149,2
21150,8
21151,11
21152,3
21153,3
21154,0
21155,1
21156,11
21157,1
21158,7
21159,12
21160,8
21161,15
21162,8
21163,0
21164,1
21165,9
21166,7
21167,1
21168,2
21169,19
21170,20
21171,12
21172,1
21173,7
21174,11
21175,1
21176,6
21177,9
21178,10
21179,9
21180,0
21181,2
21182,6
21183,2
21184,2
21185,8
21186,2
21187,9
21188,15
21189,11
21190,7
21191,11
21192,2
21193,11
21194,14
21195,14
21196,3
21197,3
21198,11
21199,12
21200,15
21201,20
21202,14
21203,20
21204,19
21205,1
21206,1
21207,17
21208,2
21209,1
21210,19
21211,6
21212,6
21213,11
21214,4
21215,2
21216,2
21217,15
21218,6
21219,6
21220,1
21221,17
21222,7
21223,1
21224,2
21225,7
21226,9
21227,1
21228,1
21229,17
21230,11
21231,14
21232,5
21233,8
21234,11
21235,1
21236,1
21237,18
21238,21
21239,1
21240,1
21241,5
21242,1
21243,1
21244,3
21245,15
21246,14
21247,0
21248,5
21249,0
21250,1
21251,10
21252,15
21253,9
21254,5
21255,4
21256,1
21257,1
21258,9
21259,13
21260,17
21261,14
21262,13
21263,16
21264,1
21265,3
21266,8
21267,1
21268,1
21269,2
21270,1
21271,20
21272,1
21273,2
21274,11
21275,19
21276,5
21277,11
21278,9
21279,14
21280,11
21281,6
21282,19
21283,10
21284,2
21285,14
21286,12
21287,11
21288,13
21289,1
21290,1
21291,11
21292,15
21293,2
21294,6
21295,14
21296,6
21297,1
21298,7
21299,12
21300,5
21301,20
21302,1
21303,1
21304,17
21305,0
21306,12
21307,17
21308,4
21309,1
21310,11
21311,1
21312,19
21313,1
21314,1
21315,6
21316,1
21317,11
21318,15
21319,15
21320,1
21321,16
21322,11
21323,13
21324,1
21325,12
21326,2
21327,8
21328,5
21329,13
21330,19
21331,6
21332,8
21333,2
21334,17
21335,14
21336,1
21337,12
21338,1
21339,1
21340,17
21341,11
21342,11
21343,1
21344,6
21345,3
21346,7
21347,16
21348,15
21349,2
21350,15
21351,19
21352,1
21353,9
21354,1
21355,3
21356,6
21357,19
21358,1
21359,17
21360,1
21361,19
21362,8
21363,1
21364,3
21365,10
21366,12
21367,2
21368,19
21369,10
21370,14
21371,2
21372,19
21373,8
21374,17
21375,3
21376,16
21377,2
21378,13
21379,1
21380,0
21381,12
21382,8
21383,8
21384,8
21385,11
21386,3
21387,10
21388,9
21389,8
21390,10
21391,3
21392,11
21393,1
21394,7
21395,7
21396,2
21397,8
21398,2
21399,18
21400,19
21401,6
21402,10
21403,13
21404,12
21405,2
21406,10
21407,12
21408,10
21409,15
21410,10
21411,1
21412,0
21413,11
21414,11
21415,18
21416,2
21417,11
21418,20
21419,16
21420,1
21421,5
21422,19
21423,1
21424,0
21425,1
21426,11
21427,4
21428,8
21429,1
21430,16
21431,0
21432,6
21433,20
21434,8
21435,1
21436,15
21437,9
21438,9
21439,3
21440,1
21441,19
21442,10
21443,8
21444,0
21445,2
21446,11
21447,19
21448,15
21449,7
21450,14
21451,11
21452,2
21453,17
21454,17
21455,11
21456,3
21457,4
21458,15
21459,19
21460,21
21461,9
21462,8
21463,4
21464,1
21465,4
21466,12
21467,9
21468,7
21469,15
21470,9
21471,4
21472,21
21473,8
21474,11
21475,2
21476,12
21477,10
21478,6
21479,11
21480,9
21481,1
21482,12
21483,0
21484,11
21485,7
21486,19
21487,14
21488,9
21489,9
21490,12
21491,12
21492,1
21493,15
21494,2
21495,3
21496,9
21497,0
21498,10
21499,9
21500,1
21501,3
21502,12
21503,18
21504,0
21505,18
21506,3
21507,3
21508,8
21509,8
21510,9
21511,11
21512,4
21513,1
21514,7
21515,3
21516,17
21517,1
21518,7
21519,11
21520,16
21521,18
21522,3
21523,5
21524,1
21525,8
21526,1
21527,17
21528,11
21529,8
21530,3
21531,19
21532,0
21533,11
21534,12
21535,1
21536,2
21537,20
21538,1
21539,2
21540,19
21541,6
21542,1
21543,8
21544,6
21545,9
21546,11
21547,1
21548,17
21549,11
21550,9
21551,17
21552,19
21553,7
21554,11
21555,17
21556,1
21557,1
21558,17
21559,1
21560,5
21561,17
21562,1
21563,6
21564,1
21565,9
21566,9
21567,4
21568,1
21569,11
21570,8
21571,8
21572,11
21573,2
21574,2
21575,11
21576,11
21577,14
21578,9
21579,2
21580,1
21581,13
21582,2
21583,15
21584,15
21585,16
21586,9
21587,5
21588,5
21589,10
21590,16
21591,11
21592,11
21593,2
21594,9
21595,1
21596,6
21597,13
21598,2
21599,12
21600,17
21601,8
21602,21
21603,19
21604,4
21605,9
21606,19
21607,1
21608,11
21609,2
21610,19
21611,18
21612,1
21613,10
21614,17
21615,8
21616,17
21617,7
21618,1
21619,9
21620,9
21621,1
21622,1
21623,17
21624,8
21625,7
21626,2
21627,8
21628,9
21629,4
21630,10
21631,9
21632,9
21633,1
21634,9
21635,14
21636,7
21637,11
21638,6
21639,13
21640,11
21641,9
21642,1
21643,3
21644,9
21645,1
21646,14
21647,19
21648,6
21649,1
21650,1
21651,5
21652,11
21653,3
21654,17
21655,9
21656,18
21657,4
21658,16
21659,9
21660,0
21661,8
21662,8
21663,10
21664,11
21665,0
21666,12
21667,3
21668,14
21669,14
21670,12
21671,11
21672,1
21673,16
21674,0
21675,15
21676,11
21677,9
21678,8
21679,13
21680,7
21681,9
21682,15
21683,15
21684,0
21685,8
21686,21
21687,11
21688,11
21689,1
21690,16
21691,1
21692,0
21693,19
21694,1
21695,0
21696,7
21697,10
21698,2
21699,16
21700,1
21701,15
21702,16
21703,11
21704,7
21705,17
21706,7
21707,1
21708,11
21709,19
21710,0
21711,1
21712,16
21713,16
21714,12
21715,1
21716,7
21717,11
21718,1
21719,1
21720,9
21721,15
21722,11
21723,7
21724,9
21725,3
21726,2
21727,2
21728,8
21729,7
21730,2
21731,13
21732,11
21733,12
21734,1
21735,1
21736,16
21737,3
21738,1
21739,1
21740,10
21741,6
21742,16
21743,18
21744,1
21745,8
21746,19
21747,11
21748,5
21749,10
21750,1
21751,7
21752,1
21753,9
21754,0
21755,13
21756,5
21757,8
21758,17
21759,8
21760,12
21761,6
21762,10
21763,20
21764,3
21765,1
21766,6
21767,1
21768,2
21769,11
21770,14
21771,5
21772,1
21773,1
21774,0
21775,13
21776,4
21777,1
21778,4
21779,8
21780,2
21781,8
21782,6
21783,6
21784,11
21785,1
21786,10
21787,11
21788,4
21789,4
21790,6
21791,4
21792,4
21793,13
21794,15
21795,15
21796,11
21797,15
21798,17
21799,7
21800,2
21801,16
21802,11
21803,11
21804,9
21805,16
21806,11
21807,2
21808,11
21809,3
21810,1
21811,1
21812,15
21813,21
21814,2
21815,9
21816,20
21817,12
21818,20
21819,3
21820,18
21821,11
21822,10
21823,9
21824,16
21825,1
21826,4
21827,1
21828,1
21829,0
21830,7
21831,1
21832,2
21833,13
21834,11
21835,1
21836,7
21837,2
21838,9
21839,7
21840,3
21841,13
21842,10
21843,2
21844,16
21845,19
21846,18
21847,5
21848,1
21849,1
21850,3
21851,19
21852,11
21853,10
21854,1
21855,13
21856,1
21857,15
21858,1
21859,7
21860,9
21861,10
21862,9
21863,1
21864,0
21865,1
21866,11
21867,1
21868,1
21869,3
21870,1
21871,9
21872,1
21873,15
21874,12
21875,0
21876,1
21877,9
21878,6
21879,0
21880,15
21881,1
21882,10
21883,14
21884,3
21885,2
21886,5
21887,9
21888,3
21889,17
21890,1
21891,12
21892,7
21893,1
21894,14
21895,11
21896,17
21897,9
21898,11
21899,1
21900,6
21901,9
21902,9
21903,19
21904,19
21905,8
21906,17
21907,1
21908,17
21909,16
21910,11
21911,7
21912,9
21913,7
21914,11
21915,19
21916,1
21917,5
21918,1
21919,8
21920,1
21921,8
21922,9
21923,16
21924,19
21925,8
21926,11
21927,17
21928,5
21929,11
21930,19
21931,9
21932,10
21933,13
21934,12
21935,14
21936,1
21937,17
21938,2
21939,9
21940,12
21941,11
21942,1
21943,7
21944,19
21945,1
21946,12
21947,5
21948,0
21949,1
21950,11
21951,6
21952,2
21953,8
21954,6
21955,2
21956,2
21957,21
21958,2
21959,20
21960,8
21961,0
21962,8
21963,17
21964,5
21965,3
21966,7
21967,10
21968,12
21969,13
21970,12
21971,13
21972,8
21973,6
21974,1
21975,10
21976,15
21977,4
21978,9
21979,1
21980,16
21981,17
21982,1
21983,8
21984,15
21985,19
21986,2
21987,7
21988,4
21989,19
21990,20
21991,13
21992,4
21993,9
21994,15
21995,9
21996,12
21997,14
21998,8
21999,3
22000,11
22001,1
22002,11
22003,1
22004,5
22005,20
22006,1
22007,1
22008,0
22009,11
22010,1
22011,1
22012,16
22013,1
22014,6
22015,16
22016,9
22017,7
22018,11
22019,13
22020,8
22021,16
22022,12
22023,12
22024,6
22025,14
22026,12
22027,20
22028,9
22029,1
22030,11
22031,2
22032,17
22033,0
22034,1
22035,12
22036,5
22037,4
22038,9
22039,19
22040,13
22041,10
22042,1
22043,1
22044,1
22045,1
22046,11
22047,15
22048,3
22049,8
22050,6
22051,1
22052,7
22053,1
22054,11
22055,11
22056,7
22057,12
22058,5
22059,5
22060,15
22061,1
22062,19
22063,7
22064,17
22065,3
22066,1
22067,14
22068,8
22069,12
22070,1
22071,11
22072,10
22073,9
22074,0
22075,17
22076,11
22077,5
22078,6
22079,3
22080,19
22081,1
22082,1
22083,4
22084,6
22085,9
22086,10
22087,8
22088,10
22089,5
22090,17
22091,2
22092,2
22093,19
22094,9
22095,17
22096,6
22097,10
22098,3
22099,12
22100,11
22101,10
22102,2
22103,1
22104,11
22105,7
22106,3
22107,11
22108,1
22109,11
22110,15
22111,0
22112,2
22113,9
22114,8
22115,10
22116,8
22117,11
22118,11
22119,2
22120,3
22121,1
22122,2
22123,1
22124,8
22125,6
22126,11
22127,0
22128,12
22129,1
22130,1
22131,12
22132,15
22133,16
22134,13
22135,9
22136,1
22137,19
22138,19
22139,9
22140,0
22141,5
22142,1
22143,1
22144,1
22145,5
22146,4
22147,2
22148,6
22149,9
22150,11
22151,16
22152,6
22153,21
22154,1
22155,3
22156,3
22157,8
22158,19
22159,7
22160,9
22161,12
22162,1
22163,0
22164,5
22165,7
22166,0
22167,3
22168,8
22169,8
22170,11
22171,20
22172,5
22173,1
22174,8
22175,1
22176,17
22177,14
22178,9
22179,1
22180,6
22181,1
22182,0
22183,3
22184,19
22185,8
22186,3
22187,5
22188,11
22189,12
22190,17
22191,9
22192,5
22193,7
22194,7
22195,8
22196,1
22197,7
22198,1
22199,1
22200,17
22201,1
22202,2
22203,7
22204,1
22205,2
22206,0
22207,3
22208,2
22209,13
22210,16
22211,2
22212,1
22213,10
22214,12
22215,6
22216,0
22217,15
22218,2
22219,0
22220,0
22221,13
22222,9
22223,3
22224,0
22225,11
22226,19
22227,8
22228,17
22229,1
22230,7
22231,2
22232,7
22233,2
22234,15
22235,1
22236,18
22237,3
22238,19
22239,1
22240,1
22241,1
22242,17
22243,7
22244,4
22245,7
22246,10
22247,8
22248,5
22249,0
22250,11
22251,1
22252,2
22253,7
22254,1
22255,9
22256,8
22257,11
22258,0
22259,1
22260,2
22261,1
22262,2
22263,9
22264,3
22265,19
22266,0
22267,5
22268,14
22269,19
22270,1
22271,4
22272,17
22273,12
22274,6
22275,1
22276,5
22277,5
22278,1
22279,13
22280,1
22281,18
22282,7
22283,3
22284,2
22285,6
22286,17
22287,1
22288,0
22289,5
22290,18
22291,9
22292,4
22293,11
22294,5
22295,7
22296,17
22297,11
22298,9
22299,9
22300,1
22301,12
22302,0
22303,20
22304,11
22305,16
22306,17
22307,10
22308,9
22309,1
22310,8
22311,11
22312,0
22313,3
22314,11
22315,7
22316,1
22317,1
22318,2
22319,0
22320,5
22321,7
22322,11
22323,13
22324,17
22325,11
22326,1
22327,2
22328,12
22329,11
22330,11
22331,11
22332,6
22333,10
22334,3
22335,9
22336,1
22337,8
22338,8
22339,9
22340,1
22341,14
22342,1
22343,8
22344,12
22345,9
22346,13
22347,3
22348,19
22349,11
22350,11
22351,6
22352,17
22353,7
22354,15
22355,1
22356,19
22357,11
22358,6
22359,10
22360,7
22361,11
22362,16
22363,3
22364,8
22365,9
22366,5
22367,11
22368,1
22369,2
22370,11
22371,0
22372,16
22373,10
22374,6
22375,11
22376,3
22377,1
22378,11
22379,9
22380,11
22381,0
22382,7
22383,7
22384,1
22385,7
22386,2
22387,1
22388,8
22389,9
22390,8
22391,8
22392,11
22393,1
22394,13
22395,0
22396,0
22397,3
22398,11
22399,18
22400,1
22401,9
22402,19
22403,1
22404,5
22405,10
22406,2
22407,5
22408,11
22409,1
22410,9
22411,9
22412,3
22413,11
22414,19
22415,19
22416,9
22417,6
22418,2
22419,16
22420,1
22421,7
22422,9
22423,0
22424,1
22425,8
22426,18
22427,1
22428,16
22429,8
22430,1
22431,14
22432,19
22433,1
22434,15
22435,7
22436,1
22437,17
22438,1
22439,19
22440,1
22441,8
22442,3
22443,7
22444,16
22445,14
22446,1
22447,7
22448,3
22449,4
22450,3
22451,5
22452,2
22453,8
22454,7
22455,2
22456,1
22457,17
22458,17
22459,3
22460,11
22461,10
22462,1
22463,11
22464,7
22465,13
22466,1
22467,19
22468,17
22469,7
22470,1
22471,5
22472,6
22473,7
22474,2
22475,6
22476,3
22477,2
22478,19
22479,1
22480,10
22481,13
22482,2
22483,8
22484,9
22485,16
22486,19
22487,17
22488,18
22489,9
22490,20
22491,13
22492,1
22493,20
22494,15
22495,6
22496,18
22497,1
22498,1
22499,1
22500,1
22501,10
22502,10
22503,14
22504,7
22505,7
22506,12
22507,1
22508,1
22509,16
22510,1
22511,7
22512,16
22513,1
22514,9
22515,1
22516,6
22517,1
22518,6
22519,15
22520,0
22521,2
22522,8
22523,10
22524,2
22525,8
22526,17
22527,16
22528,1
22529,6
22530,5
22531,11
22532,11
22533,12
22534,7
22535,5
22536,5
22537,2
22538,1
22539,9
22540,10
22541,14
22542,11
22543,12
22544,1
22545,7
22546,11
22547,9
22548,17
22549,7
22550,7
22551,17
22552,12
22553,6
22554,15
22555,16
22556,7
22557,1
22558,3
22559,0
22560,17
22561,0
22562,7
22563,1
22564,1
22565,7
22566,6
22567,10
22568,10
22569,9
22570,9
22571,10
22572,15
22573,7
22574,10
22575,1
22576,4
22577,5
22578,15
22579,11
22580,9
22581,11
22582,11
22583,11
22584,1
22585,1
22586,1
22587,12
22588,11
22589,11
22590,11
22591,2
22592,18
22593,11
22594,1
22595,12
22596,9
22597,1
22598,12
22599,11
22600,0
22601,10
22602,15
22603,0
22604,14
22605,12
22606,1
22607,1
22608,11
22609,7
22610,11
22611,3
22612,1
22613,12
22614,19
22615,12
22616,1
22617,1
22618,6
22619,15
22620,11
22621,17
22622,6
22623,12
22624,19
22625,15
22626,15
22627,17
22628,15
22629,6
22630,3
22631,11
22632,6
22633,11
22634,3
22635,1
22636,11
22637,17
22638,18
22639,4
22640,1
22641,3
22642,6
22643,7
22644,9
22645,10
22646,7
22647,8
22648,9
22649,11
22650,3
22651,9
22652,14
22653,16
22654,2
22655,1
22656,19
22657,1
22658,19
22659,9
22660,9
22661,17
22662,14
22663,11
22664,13
22665,19
22666,1
22667,11
22668,13
22669,16
22670,7
22671,10
22672,8
22673,17
22674,1
22675,11
22676,2
22677,9
22678,14
22679,6
22680,19
22681,1
22682,2
22683,19
22684,6
22685,2
22686,11
22687,11
22688,1
22689,8
22690,0
22691,12
22692,7
22693,11
22694,1
22695,11
22696,6
22697,9
22698,11
22699,19
22700,1
22701,9
22702,12
22703,12
22704,6
22705,1
22706,5
22707,1
22708,3
22709,17
22710,0
22711,11
22712,2
22713,16
22714,1
22715,15
22716,2
22717,12
22718,3
22719,1
22720,10
22721,2
22722,1
22723,1
22724,3
22725,11
22726,17
22727,2
22728,2
22729,7
22730,14
22731,15
22732,9
22733,1
22734,9
22735,1
22736,8
22737,17
22738,0
22739,12
22740,14
22741,1
22742,15
22743,1
22744,11
22745,15
22746,11
22747,9
22748,7
22749,1
22750,9
22751,16
22752,10
22753,16
22754,3
22755,3
22756,11
22757,1
22758,7
22759,5
22760,11
22761,6
22762,11
22763,5
22764,15
22765,7
22766,3
22767,1
22768,1
22769,11
22770,1
22771,6
22772,8
22773,1
22774,1
22775,5
22776,15
22777,1
22778,9
22779,11
22780,13
22781,2
22782,3
22783,1
22784,12
22785,13
22786,15
22787,17
22788,3
22789,20
22790,17
22791,0
22792,7
22793,4
22794,7
22795,6
22796,18
22797,8
22798,7
22799,1
22800,11
22801,2
22802,8
22803,14
22804,8
22805,10
22806,12
22807,14
22808,11
22809,0
22810,0
22811,2
22812,1
22813,3
22814,19
22815,0
22816,5
22817,2
22818,11
22819,1
22820,1
22821,12
22822,0
22823,1
22824,11
22825,0
22826,10
22827,2
22828,1
22829,0
22830,10
22831,1
22832,3
22833,1
22834,8
22835,7
22836,1
22837,16
22838,4
22839,19
22840,2
22841,10
22842,16
22843,0
22844,17
22845,15
22846,12
22847,11
22848,1
22849,8
22850,6
22851,15
22852,11
22853,9
22854,9
22855,16
22856,9
22857,9
22858,11
22859,19
22860,1
22861,3
22862,12
22863,3
22864,1
22865,7
22866,7
22867,7
22868,1
22869,15
22870,9
22871,12
22872,8
22873,7
22874,3
22875,7
22876,11
22877,6
22878,8
22879,11
22880,15
22881,17
22882,5
22883,9
22884,4
22885,1
22886,11
22887,13
22888,2
22889,6
22890,1
22891,10
22892,1
22893,9
22894,19
22895,1
22896,16
22897,19
22898,8
22899,1
22900,4
22901,15
22902,2
22903,9
22904,16
22905,12
22906,1
22907,1
22908,1
22909,1
22910,10
22911,0
22912,1
22913,4
22914,18
22915,3
22916,6
22917,5
22918,5
22919,0
22920,1
22921,6
22922,1
22923,1
22924,11
22925,8
22926,1
22927,7
22928,19
22929,14
22930,5
22931,6
22932,20
22933,11
22934,16
22935,1
22936,8
22937,15
22938,1
22939,4
22940,1
22941,20
22942,19
22943,1
22944,13
22945,1
22946,6
22947,9
22948,15
22949,1
22950,4
22951,1
22952,9
22953,20
22954,9
22955,9
22956,12
22957,2
22958,17
22959,14
22960,8
22961,1
22962,2
22963,5
22964,5
22965,0
22966,15
22967,4
22968,0
22969,14
22970,1
22971,7
22972,11
22973,12
22974,6
22975,15
22976,2
22977,3
22978,10
22979,1
22980,10
22981,7
22982,21
22983,9
22984,3
22985,17
22986,4
22987,1
22988,0
22989,3
22990,3
22991,15
22992,9
22993,8
22994,7
22995,1
22996,1
22997,9
22998,6
22999,2
23000,15
23001,1
23002,1
23003,9
23004,2
23005,8
23006,11
23007,16
23008,17
23009,18
23010,5
23011,1
23012,9
23013,6
23014,1
23015,1
23016,0
23017,0
23018,11
23019,9
23020,9
23021,6
23022,1
23023,9
23024,2
23025,9
23026,11
23027,5
23028,6
23029,17
23030,12
23031,7
23032,9
23033,1
23034,8
23035,11
23036,6
23037,11
23038,1
23039,5
23040,1
23041,1
23042,2
23043,0
23044,8
23045,11
23046,11
23047,1
23048,7
23049,6
23050,11
23051,9
23052,17
23053,11
23054,3
23055,11
23056,6
23057,1
23058,3
23059,1
23060,1
23061,1
23062,1
23063,1
23064,0
23065,0
23066,8
23067,1
23068,12
23069,6
23070,3
23071,10
23072,0
23073,6
23074,4
23075,1
23076,1
23077,12
23078,16
23079,13
23080,0
23081,3
23082,3
23083,1
23084,8
23085,6
23086,18
23087,2
23088,2
23089,1
23090,9
23091,2
23092,9
23093,1
23094,1
23095,1
23096,16
23097,9
23098,14
23099,7
23100,11
23101,13
23102,16
23103,2
23104,11
23105,10
23106,1
23107,8
23108,10
23109,19
23110,3
23111,1
23112,19
23113,11
23114,9
23115,13
23116,17
23117,13
23118,6
23119,10
23120,19
23121,10
23122,1
23123,7
23124,3
23125,9
23126,8
23127,3
23128,1
23129,7
23130,5
23131,17
23132,2
23133,8
23134,10
23135,7
23136,8
23137,12
23138,3
23139,8
23140,1
23141,13
23142,1
23143,7
23144,1
23145,1
23146,5
23147,1
23148,7
23149,4
23150,11
23151,1
23152,3
23153,2
23154,3
23155,11
23156,2
23157,11
23158,17
23159,4
23160,13
23161,9
23162,16
23163,0
23164,7
23165,1
23166,17
23167,2
23168,10
23169,11
23170,16
23171,1
23172,11
23173,1
23174,14
23175,17
23176,1
23177,11
23178,8
23179,18
23180,5
23181,3
23182,1
23183,7
23184,10
23185,11
23186,8
23187,7
23188,0
23189,11
23190,11
23191,11
23192,0
23193,2
23194,12
23195,6
23196,9
23197,12
23198,11
23199,20
23200,11
23201,0
23202,1
23203,5
23204,20
23205,3
23206,0
23207,9
23208,9
23209,0
23210,2
23211,6
23212,15
23213,5
23214,3
23215,1
23216,7
23217,11
23218,8
23219,10
23220,10
23221,4
23222,4
23223,1
23224,4
23225,21
23226,0
23227,8
23228,7
23229,1
23230,1
23231,8
23232,5
23233,10
23234,7
23235,16
23236,15
23237,1
23238,12
23239,1
23240,15
23241,19
23242,5
23243,1
23244,17
23245,7
23246,4
23247,2
23248,6
23249,9
23250,12
23251,11
23252,1
23253,8
23254,0
23255,1
23256,9
23257,9
23258,2
23259,11
23260,19
23261,19
23262,13
23263,3
23264,19
23265,8
23266,6
23267,1
23268,11
23269,9
23270,5
23271,11
23272,17
23273,0
23274,19
23275,10
23276,16
23277,8
23278,1
23279,11
23280,2
23281,6
23282,8
23283,1
23284,6
23285,13
23286,5
23287,11
23288,1
23289,2
23290,11
23291,1
23292,6
23293,12
23294,9
23295,3
23296,9
23297,11
23298,1
23299,0
23300,5
23301,2
23302,7
23303,6
23304,12
23305,11
23306,8
23307,12
23308,11
23309,11
23310,1
23311,1
23312,9
23313,1
23314,1
23315,17
23316,8
23317,10
23318,11
23319,11
23320,5
23321,3
23322,11
23323,10
23324,1
23325,15
23326,1
23327,12
23328,21
23329,16
23330,17
23331,10
23332,3
23333,13
23334,7
23335,14
23336,3
23337,7
23338,2
23339,12
23340,11
23341,11
23342,1
23343,1
23344,4
23345,5
23346,15
23347,2
23348,11
23349,0
23350,0
23351,9
23352,1
23353,11
23354,15
23355,1
23356,5
23357,14
23358,1
23359,4
23360,12
23361,2
23362,19
23363,9
23364,8
23365,6
23366,9
23367,11
23368,1
23369,1
23370,17
23371,2
23372,11
23373,1
23374,7
23375,19
23376,1
23377,12
23378,1
23379,12
23380,8
23381,12
23382,19
23383,2
23384,15
23385,7
23386,8
23387,16
23388,8
23389,17
23390,12
23391,2
23392,4
23393,9
23394,12
23395,1
23396,14
23397,8
23398,7
23399,1
23400,1
23401,15
23402,2
23403,15
23404,1
23405,11
23406,7
23407,18
23408,13
23409,1
23410,11
23411,1
23412,2
23413,1
23414,0
23415,1
23416,3
23417,2
23418,10
23419,8
23420,12
23421,6
23422,17
23423,8
23424,1
23425,11
23426,11
23427,15
23428,19
23429,9
23430,11
23431,2
23432,1
23433,12
23434,17
23435,7
23436,19
23437,5
23438,5
23439,2
23440,19
23441,8
23442,19
23443,19
23444,6
23445,1
23446,14
23447,0
23448,11
23449,1
23450,11
23451,3
23452,12
23453,13
23454,8
23455,16
23456,13
23457,8
23458,11
23459,15
23460,7
23461,5
23462,2
23463,10
23464,3
23465,1
23466,7
23467,0
23468,13
23469,10
23470,16
23471,1
23472,11
23473,2
23474,11
23475,11
23476,19
23477,4
23478,11
23479,1
23480,1
23481,1
23482,12
23483,5
23484,13
23485,7
23486,12
23487,1
23488,1
23489,7
23490,3
23491,12
23492,7
23493,19
23494,11
23495,7
23496,1
23497,2
23498,3
23499,1
23500,2
23501,16
23502,3
23503,1
23504,9
23505,6
23506,3
23507,15
23508,15
23509,9
23510,1
23511,9
23512,2
23513,11
23514,14
23515,9
23516,20
23517,15
23518,17
23519,10
23520,1
23521,11
23522,2
23523,6
23524,11
23525,17
23526,2
23527,11
23528,11
23529,11
23530,6
23531,11
23532,1
23533,3
23534,8
23535,1
23536,4
23537,7
23538,12
23539,11
23540,1
23541,1
23542,17
23543,7
23544,1
23545,8
23546,1
23547,12
23548,3
23549,16
23550,6
23551,2
23552,15
23553,1
23554,3
23555,10
23556,9
23557,2
23558,3
23559,9
23560,16
23561,10
23562,9
23563,12
23564,6
23565,0
23566,1
23567,1
23568,3
23569,11
23570,1
23571,7
23572,11
23573,5
23574,15
23575,2
23576,11
23577,1
23578,15
23579,9
23580,1
23581,8
23582,14
23583,11
23584,13
23585,7
23586,9
23587,5
23588,5
23589,1
23590,15
23591,14
23592,1
23593,18
23594,2
23595,1
23596,11
23597,1
23598,8
23599,4
23600,11
23601,5
23602,1
23603,7
23604,5
23605,1
23606,9
23607,15
23608,9
23609,4
23610,1
23611,17
23612,9
23613,9
23614,2
23615,1
23616,19
23617,11
23618,15
23619,4
23620,17
23621,7
23622,8
23623,17
23624,5
23625,0
23626,1
23627,7
23628,2
23629,5
23630,11
23631,3
23632,11
23633,10
23634,5
23635,9
23636,11
23637,2
23638,8
23639,1
23640,7
23641,14
23642,1
23643,1
23644,3
23645,0
23646,11
23647,2
23648,3
23649,1
23650,7
23651,14
23652,1
23653,9
23654,1
23655,11
23656,0
23657,2
23658,11
23659,7
23660,7
23661,11
23662,7
23663,19
23664,10
23665,7
23666,11
23667,2
23668,17
23669,1
23670,9
23671,1
23672,12
23673,7
23674,2
23675,6
23676,19
23677,0
23678,9
23679,20
23680,4
23681,7
23682,17
23683,15
23684,12
23685,18
23686,14
23687,3
23688,7
23689,2
23690,1
23691,0
23692,17
23693,12
23694,9
23695,5
23696,1
23697,6
23698,2
23699,1
23700,17
23701,0
23702,15
23703,20
23704,14
23705,11
23706,8
23707,1
23708,8
23709,15
23710,19
23711,1
23712,15
23713,1
23714,12
23715,14
23716,8
23717,14
23718,12
23719,2
23720,7
23721,20
23722,2
23723,9
23724,19
23725,13
23726,9
23727,18
23728,1
23729,13
23730,9
23731,3
23732,1
23733,3
23734,14
23735,6
23736,6
23737,1
23738,2
23739,11
23740,1
23741,9
23742,15
23743,8
23744,11
23745,0
23746,6
23747,0
23748,11
23749,8
23750,17
23751,10
23752,5
23753,15
23754,8
23755,8
23756,11
23757,9
23758,1
23759,2
23760,7
23761,1
23762,2
23763,5
23764,7
23765,2
23766,1
23767,17
23768,9
23769,11
23770,11
23771,9
23772,6
23773,15
23774,3
23775,13
23776,0
23777,19
23778,1
23779,19
23780,7
23781,6
23782,11
23783,12
23784,9
23785,9
23786,1
23787,3
23788,0
23789,1
23790,15
23791,11
23792,9
23793,0
23794,1
23795,12
23796,14
23797,15
23798,1
23799,6
23800,6
23801,1
23802,6
23803,2
23804,1
23805,11
23806,5
23807,2
23808,5
23809,7
23810,17
23811,9
23812,13
23813,3
23814,1
23815,5
23816,6
23817,10
23818,12
23819,9
23820,0
23821,1
23822,7
23823,0
23824,0
23825,0
23826,2
23827,1
23828,13
23829,16
23830,6
23831,6
23832,11
23833,17
23834,6
23835,6
23836,3
23837,5
23838,16
23839,13
23840,5
23841,15
23842,16
23843,1
23844,3
23845,11
23846,1
23847,12
23848,2
23849,14
23850,1
23851,18
23852,19
23853,1
23854,19
23855,1
23856,1
23857,9
23858,9
23859,7
23860,1
23861,2
23862,17
23863,1
23864,6
23865,5
23866,20
23867,11
23868,11
23869,18
23870,16
23871,20
23872,4
23873,8
23874,4
23875,7
23876,8
23877,7
23878,2
23879,3
23880,7
23881,2
23882,1
23883,17
23884,1
23885,12
23886,1
23887,13
23888,11
23889,14
23890,1
23891,15
23892,7
23893,7
23894,2
23895,3
23896,7
23897,11
23898,6
23899,11
23900,11
23901,4
23902,2
23903,7
23904,6
23905,7
23906,11
23907,2
23908,11
23909,7
23910,20
23911,1
23912,15
23913,21
23914,14
23915,11
23916,1
23917,9
23918,1
23919,3
23920,9
23921,17
23922,6
23923,16
23924,2
23925,10
23926,0
23927,20
23928,2
23929,7
23930,11
23931,3
23932,11
23933,0
23934,11
23935,1
23936,3
23937,9
23938,2
23939,6
23940,13
23941,1
23942,5
23943,17
23944,12
23945,11
23946,7
23947,1
23948,2
23949,2
23950,1
23951,17
23952,11
23953,0
23954,5
23955,9
23956,15
23957,17
23958,4
23959,7
23960,9
23961,5
23962,1
23963,3
23964,3
23965,17
23966,6
23967,9
23968,12
23969,18
23970,8
23971,1
23972,11
23973,2
23974,11
23975,13
23976,1
23977,0
23978,0
23979,17
23980,17
23981,2
23982,17
23983,6
23984,9
23985,13
23986,17
23987,1
23988,11
23989,8
23990,8
23991,3
23992,3
23993,2
23994,4
23995,2
23996,9
23997,9
23998,11
23999,11
24000,11
24001,21
24002,12
24003,9
24004,15
24005,19
24006,8
24007,13
24008,8
24009,14
24010,15
24011,11
24012,1
24013,17
24014,11
24015,4
24016,13
24017,2
24018,8
24019,9
24020,12
24021,11
24022,12
24023,16
24024,21
24025,9
24026,9
24027,12
24028,11
24029,1
24030,1
24031,8
24032,19
24033,17
24034,8
24035,9
24036,11
24037,12
24038,1
24039,17
24040,8
24041,11
24042,1
24043,12
24044,1
24045,19
24046,5
24047,1
24048,15
24049,18
24050,16
24051,3
24052,2
24053,10
24054,15
24055,5
24056,1
24057,2
24058,21
24059,5
24060,16
24061,11
24062,16
24063,1
24064,1
24065,9
24066,14
24067,1
24068,15
24069,1
24070,12
24071,11
24072,9
24073,21
24074,5
24075,1
24076,19
24077,10
24078,13
24079,11
24080,11
24081,16
24082,6
24083,5
24084,6
24085,3
24086,10
24087,11
24088,17
24089,13
24090,11
24091,19
24092,17
24093,12
24094,12
24095,1
24096,1
24097,1
24098,3
24099,19
24100,8
24101,11
24102,2
24103,8
24104,13
24105,11
24106,0
24107,3
24108,7
24109,1
24110,2
24111,2
24112,11
24113,8
24114,16
24115,11
24116,7
24117,9
24118,16
24119,14
24120,4
24121,7
24122,10
24123,3
24124,11
24125,7
24126,2
24127,6
24128,1
24129,5
24130,5
24131,17
24132,13
24133,4
24134,0
24135,1
24136,5
24137,1
24138,18
24139,12
24140,13
24141,1
24142,2
24143,7
24144,0
24145,11
24146,3
24147,1
24148,1
24149,12
24150,2
24151,15
24152,7
24153,7
24154,9
24155,1
24156,2
24157,11
24158,11
24159,8
24160,2
24161,5
24162,7
24163,1
24164,8
24165,5
24166,1
24167,1
24168,14
24169,4
24170,11
24171,5
24172,15
24173,2
24174,7
24175,5
24176,1
24177,11
24178,11
24179,9
24180,1
24181,8
24182,9
24183,18
24184,11
24185,11
24186,11
24187,1
24188,7
24189,17
24190,9
24191,11
24192,16
24193,7
24194,8
24195,5
24196,12
24197,9
24198,15
24199,0
24200,12
24201,11
24202,1
24203,11
24204,1
24205,9
24206,7
24207,1
24208,6
24209,1
24210,17
24211,19
24212,0
24213,16
24214,3
24215,7
24216,1
24217,7
24218,5
24219,2
24220,0
24221,1
24222,20
24223,11
24224,9
24225,1
24226,17
24227,9
24228,1
24229,2
24230,19
24231,11
24232,1
24233,3
24234,11
24235,11
24236,8
24237,6
24238,19
24239,2
24240,5
24241,19
24242,10
24243,2
24244,11
24245,12
24246,1
24247,3
24248,8
24249,17
24250,11
24251,11
24252,2
24253,11
24254,12
24255,11
24256,7
24257,1
24258,19
24259,2
24260,10
24261,1
24262,6
24263,8
24264,2
24265,18
24266,2
24267,2
24268,1
24269,1
24270,17
24271,2
24272,11
24273,11
24274,6
24275,2
24276,3
24277,8
24278,12
24279,3
24280,11
24281,10
24282,1
24283,1
24284,9
24285,6
24286,14
24287,11
24288,1
24289,2
24290,0
24291,13
24292,6
24293,3
24294,3
24295,3
24296,1
24297,2
24298,16
24299,9
24300,19
24301,2
24302,2
24303,3
24304,11
24305,9
24306,9
24307,17
24308,7
24309,15
24310,1
24311,8
24312,2
24313,1
24314,11
24315,1
24316,17
24317,4
24318,9
24319,11
24320,5
24321,1
24322,8
24323,18
24324,11
24325,9
24326,1
24327,15
24328,3
24329,0
24330,1
24331,7
24332,1
24333,13
24334,13
24335,9
24336,2
24337,11
24338,9
24339,9
24340,10
24341,7
24342,10
24343,20
24344,8
24345,7
24346,1
24347,17
24348,7
24349,11
24350,3
24351,1
24352,11
24353,20
24354,8
24355,18
24356,5
24357,2
24358,10
24359,18
24360,0
24361,5
24362,6
24363,0
24364,9
24365,5
24366,10
24367,1
24368,6
24369,21
24370,0
24371,10
24372,1
24373,7
24374,11
24375,5
24376,20
24377,1
24378,8
24379,19
24380,9
24381,19
24382,5
24383,5
24384,1
24385,5
24386,14
24387,20
24388,3
24389,0
24390,12
24391,11
24392,11
24393,17
24394,1
24395,9
24396,10
24397,9
24398,1
24399,9
24400,6
24401,7
24402,8
24403,1
24404,1
24405,11
24406,11
24407,8
24408,3
24409,5
24410,11
24411,8
24412,13
24413,1
24414,17
24415,12
24416,1
24417,11
24418,12
24419,1
24420,9
24421,1
24422,9
24423,3
24424,1
24425,4
24426,9
24427,11
24428,19
24429,15
24430,5
24431,10
24432,10
24433,12
24434,0
24435,12
24436,1
24437,11
24438,3
24439,13
24440,14
24441,1
24442,11
24443,8
24444,19
24445,14
24446,1
24447,1
24448,6
24449,6
24450,7
24451,1
24452,2
24453,7
24454,12
24455,9
24456,8
24457,8
24458,9
24459,1
24460,17
24461,4
24462,17
24463,3
24464,4
24465,6
24466,6
24467,1
24468,11
24469,11
24470,1
24471,9
24472,1
24473,10
24474,4
24475,6
24476,3
24477,2
24478,4
24479,17
24480,8
24481,13
24482,1
24483,8
24484,2
24485,7
24486,9
24487,17
24488,4
24489,1
24490,8
24491,13
24492,9
24493,11
24494,0
24495,5
24496,2
24497,12
24498,5
24499,1
24500,15
24501,9
24502,11
24503,17
24504,5
24505,17
24506,12
24507,17
24508,6
24509,0
24510,9
24511,7
24512,2
24513,4
24514,12
24515,20
24516,1
24517,14
24518,12
24519,14
24520,3
24521,12
24522,17
24523,1
24524,9
24525,7
24526,7
24527,19
24528,3
24529,9
24530,17
24531,11
24532,4
24533,14
24534,1
24535,11
24536,7
24537,12
24538,1
24539,2
24540,7
24541,1
24542,1
24543,1
24544,8
24545,12
24546,3
24547,1
24548,11
24549,8
24550,19
24551,10
24552,3
24553,0
24554,11
24555,4
24556,16
24557,0
24558,19
24559,8
24560,11
24561,10
24562,7
24563,8
24564,1
24565,1
24566,12
24567,13
24568,9
24569,8
24570,2
24571,20
24572,2
24573,9
24574,18
24575,8
24576,2
24577,1
24578,2
24579,1
24580,10
24581,1
24582,19
24583,19
24584,19
24585,9
24586,9
24587,1
24588,13
24589,7
24590,11
24591,11
24592,17
24593,19
24594,3
24595,3
24596,12
24597,0
24598,2
24599,5
24600,1
24601,1
24602,1
24603,19
24604,8
24605,2
24606,2
24607,10
24608,2
24609,10
24610,1
24611,7
24612,9
24613,7
24614,8
24615,12
24616,1
24617,7
24618,2
24619,6
24620,1
24621,11
24622,7
24623,11
24624,2
24625,7
24626,8
24627,11
24628,20
24629,1
24630,9
24631,11
24632,15
24633,0
24634,5
24635,18
24636,5
24637,1
24638,0
24639,0
24640,1
24641,15
24642,1
24643,11
24644,3
24645,1
24646,6
24647,1
24648,15
24649,14
24650,4
24651,5
24652,6
24653,2
24654,9
24655,1
24656,6
24657,3
24658,12
24659,8
24660,1
24661,0
24662,12
24663,14
24664,11
24665,18
24666,8
24667,3
24668,8
24669,13
24670,7
24671,3
24672,20
24673,1
24674,11
24675,16
24676,11
24677,6
24678,19
24679,11
24680,19
24681,11
24682,9
24683,19
24684,2
24685,1
24686,11
24687,4
24688,1
24689,0
24690,6
24691,8
24692,1
24693,2
24694,1
24695,9
24696,8
24697,1
24698,1
24699,1
24700,4
24701,7
24702,1
24703,17
24704,11
24705,18
24706,3
24707,9
24708,20
24709,5
24710,2
24711,8
24712,12
24713,3
24714,14
24715,7
24716,17
24717,9
24718,11
24719,11
24720,1
24721,5
24722,1
24723,14
24724,17
24725,1
24726,2
24727,2
24728,7
24729,1
24730,11
24731,19
24732,1
24733,15
24734,16
24735,9
24736,16
24737,1
24738,1
24739,6
24740,11
24741,9
24742,0
24743,17
24744,9
24745,14
24746,17
24747,14
24748,6
24749,11
24750,11
24751,13
24752,0
24753,1
24754,7
24755,18
24756,1
24757,12
24758,9
24759,0
24760,0
24761,1
24762,0
24763,0
24764,6
24765,12
24766,11
24767,7
24768,17
24769,1
24770,1
24771,17
24772,8
24773,1
24774,1
24775,9
24776,19
24777,1
24778,19
24779,1
24780,11
24781,13
24782,14
24783,7
24784,1
24785,5
24786,8
24787,3
24788,17
24789,1
24790,0
24791,17
24792,3
24793,19
24794,11
24795,12
24796,19
24797,3
24798,9
24799,1
24800,9
24801,12
24802,8
24803,10
24804,1
24805,2
24806,7
24807,12
24808,1
24809,13
24810,8
24811,11
24812,1
24813,19
24814,9
24815,9
24816,19
24817,18
24818,8
24819,0
24820,12
24821,19
24822,21
24823,13
24824,11
24825,2
24826,17
24827,7
24828,7
24829,8
24830,10
24831,10
24832,14
24833,11
24834,11
24835,20
24836,4
24837,17
24838,0
24839,4
24840,7
24841,1
24842,8
24843,9
24844,6
24845,1
24846,1
24847,3
24848,2
24849,2
24850,11
24851,7
24852,1
24853,7
24854,8
24855,1
24856,2
24857,1
24858,1
24859,11
24860,13
24861,5
24862,6
24863,9
24864,10
24865,17
24866,11
24867,0
24868,18
24869,8
24870,2
24871,11
24872,1
24873,19
24874,1
24875,1
24876,10
24877,0
24878,1
24879,0
24880,8
24881,2
24882,7
24883,6
24884,6
24885,15
24886,8
24887,1
24888,11
24889,18
24890,2
24891,15
24892,14
24893,2
24894,2
24895,1
24896,17
24897,1
24898,9
24899,1
24900,9
24901,10
24902,10
24903,1
24904,1
24905,18
24906,14
24907,9
24908,6
24909,8
24910,5
24911,8
24912,8
24913,5
24914,8
24915,5
24916,12
24917,13
24918,19
24919,9
24920,15
24921,9
24922,13
24923,2
24924,16
24925,16
24926,2
24927,6
24928,11
24929,11
24930,4
24931,7
24932,14
24933,8
24934,4
24935,5
24936,4
24937,1
24938,2
24939,1
24940,13
24941,11
24942,3
24943,3
24944,14
24945,5
24946,1
24947,5
24948,9
24949,6
24950,9
24951,19
24952,1
24953,1
24954,12
24955,1
24956,7
24957,19
24958,18
24959,9
24960,2
24961,3
24962,0
24963,16
24964,17
24965,10
24966,1
24967,1
24968,19
24969,14
24970,6
24971,3
24972,9
24973,19
24974,8
24975,11
24976,8
24977,1
24978,11
24979,1
24980,7
24981,14
24982,8
24983,11
24984,1
24985,11
24986,9
24987,3
24988,1
24989,20
24990,1
24991,11
24992,0
24993,19
24994,8
24995,12
24996,2
24997,7
24998,1
24999,7
25000,12
25001,1
25002,9
25003,17
25004,11
25005,11
25006,1
25007,1
25008,10
25009,9
25010,5
25011,10
25012,11
25013,16
25014,1
25015,12
25016,3
25017,11
25018,0
25019,1
25020,10
25021,3
25022,11
25023,11
25024,11
25025,2
25026,8
25027,17
25028,11
25029,11
25030,1
25031,12
25032,7
25033,11
25034,6
25035,11
25036,0
25037,9
25038,7
25039,5
25040,4
25041,12
25042,7
25043,3
25044,15
25045,13
25046,1
25047,11
25048,6
25049,4
25050,16
25051,6
25052,4
25053,8
25054,12
25055,16
25056,3
25057,1
25058,1
25059,12
25060,10
25061,7
25062,20
25063,11
25064,17
25065,18
25066,9
25067,3
25068,1
25069,13
25070,1
25071,2
25072,2
25073,12
25074,12
25075,1
25076,9
25077,13
25078,7
25079,7
25080,1
25081,17
25082,16
25083,14
25084,3
25085,2
25086,18
25087,3
25088,11
25089,18
25090,11
25091,19
25092,10
25093,3
25094,21
25095,19
25096,9
25097,1
25098,1
25099,1
25100,11
25101,10
25102,6
25103,3
25104,1
25105,1
25106,0
25107,17
25108,8
25109,11
25110,12
25111,1
25112,16
25113,11
25114,7
25115,2
25116,0
25117,0
25118,9
25119,9
25120,0
25121,20
25122,6
25123,3
25124,9
25125,21
25126,7
25127,11
25128,8
25129,20
25130,9
25131,1
25132,8
25133,5
25134,17
25135,7
25136,7
25137,1
25138,9
25139,11
25140,9
25141,7
25142,3
25143,21
25144,2
25145,7
25146,1
25147,7
25148,20
25149,1
25150,7
25151,15
25152,16
25153,8
25154,6
25155,1
25156,2
25157,6
25158,9
25159,17
25160,1
25161,2
25162,18
25163,7
25164,15
25165,1
25166,7
25167,16
25168,6
25169,1
25170,1
25171,7
25172,9
25173,6
25174,3
25175,1
25176,0
25177,15
25178,0
25179,9
25180,8
25181,9
25182,16
25183,1
25184,11
25185,5
25186,8
25187,12
25188,7
25189,8
25190,16
25191,8
25192,2
25193,1
25194,8
25195,11
25196,5
25197,14
25198,8
25199,1
25200,17
25201,19
25202,3
25203,10
25204,13
25205,1
25206,13
25207,17
25208,1
25209,8
25210,11
25211,5
25212,6
25213,16
25214,17
25215,14
25216,16
25217,10
25218,4
25219,11
25220,3
25221,1
25222,3
25223,6
25224,7
25225,12
25226,6
25227,18
25228,20
25229,21
25230,1
25231,7
25232,1
25233,7
25234,11
25235,1
25236,9
25237,20
25238,6
25239,1
25240,1
25241,3
25242,1
25243,6
25244,6
25245,2
25246,17
25247,12
25248,17
25249,1
25250,1
25251,12
25252,16
25253,11
25254,1
25255,1
25256,3
25257,1
25258,11
25259,4
25260,1
25261,1
25262,11
25263,0
25264,12
25265,15
25266,12
25267,11
25268,11
25269,19
25270,8
25271,15
25272,14
25273,17
25274,3
25275,10
25276,1
25277,7
25278,10
25279,5
25280,5
25281,17
25282,7
25283,1
25284,7
25285,7
25286,13
25287,8
25288,11
25289,2
25290,3
25291,7
25292,11
25293,15
25294,7
25295,19
25296,1
25297,10
25298,11
25299,20
25300,0
25301,1
25302,8
25303,1
25304,1
25305,1
25306,11
25307,11
25308,13
25309,17
25310,1
25311,14
25312,11
25313,20
25314,12
25315,12
25316,4
25317,11
25318,2
25319,8
25320,1
25321,7
25322,14
25323,2
25324,14
25325,20
25326,17
25327,5
25328,1
25329,6
25330,5
25331,0
25332,2
25333,11
25334,1
25335,17
25336,9
25337,17
25338,10
25339,1
25340,1
25341,2
25342,4
25343,9
25344,11
25345,2
25346,13
25347,11
25348,5
25349,5
25350,1
25351,12
25352,11
25353,4
25354,2
25355,11
25356,11
25357,12
25358,1
25359,7
25360,1
25361,16
25362,0
25363,21
25364,0
25365,1
25366,1
25367,1
25368,14
25369,1
25370,1
25371,7
25372,15
25373,7
25374,11
25375,12
25376,6
25377,21
25378,8
25379,7
25380,1
25381,7
25382,11
25383,19
25384,4
25385,20
25386,7
25387,1
25388,6
25389,1
25390,18
25391,9
25392,10
25393,11
25394,17
25395,9
25396,1
25397,1
25398,3
25399,9
25400,5
25401,8
25402,1
25403,0
25404,5
25405,16
25406,1
25407,15
25408,8
25409,8
25410,16
25411,11
25412,11
25413,19
25414,1
25415,7
25416,19
25417,12
25418,14
25419,17
25420,2
25421,1
25422,11
25423,1
25424,15
25425,20
25426,3
25427,19
25428,2
25429,1
25430,11
25431,9
25432,6
25433,17
25434,17
25435,4
25436,12
25437,1
25438,7
25439,20
25440,4
25441,9
25442,7
25443,4
25444,5
25445,1
25446,1
25447,12
25448,1
25449,19
25450,11
25451,11
25452,1
25453,17
25454,1
25455,8
25456,15
25457,2
25458,11
25459,1
25460,11
25461,16
25462,6
25463,12
25464,7
25465,17
25466,9
25467,11
25468,0
25469,11
25470,1
25471,12
25472,1
25473,19
25474,2
25475,9
25476,11
25477,2
25478,19
25479,10
25480,0
25481,6
25482,11
25483,2
25484,5
25485,2
25486,1
25487,17
25488,7
25489,0
25490,4
25491,8
25492,1
25493,1
25494,11
25495,1
25496,2
25497,11
25498,9
25499,11
25500,1
25501,15
25502,3
25503,7
25504,11
25505,4
25506,11
25507,1
25508,1
25509,9
25510,10
25511,8
25512,6
25513,1
25514,5
25515,3
25516,17
25517,21
25518,11
25519,1
25520,9
25521,9
25522,0
25523,1
25524,11
25525,1
25526,11
25527,1
25528,7
25529,7
25530,10
25531,12
25532,6
25533,8
25534,9
25535,1
25536,12
25537,2
25538,9
25539,14
25540,17
25541,13
25542,17
25543,8
25544,9
25545,7
25546,1
25547,19
25548,15
25549,0
25550,0
25551,9
25552,12
25553,1
25554,19
25555,1
25556,0
25557,11
25558,11
25559,1
25560,7
25561,11
25562,9
25563,1
25564,3
25565,8
25566,12
25567,0
25568,1
25569,2
25570,8
25571,5
25572,2
25573,11
25574,1
25575,2
25576,8
25577,3
25578,7
25579,0
25580,5
25581,1
25582,7
25583,3
25584,3
25585,1
25586,8
25587,6
25588,1
25589,9
25590,1
25591,2
25592,1
25593,15
25594,13
25595,9
25596,7
25597,2
25598,1
25599,1
25600,14
25601,0
25602,15
25603,1
25604,1
25605,2
25606,1
25607,14
25608,7
25609,9
25610,7
25611,9
25612,11
25613,11
25614,12
25615,8
25616,0
25617,1
25618,5
25619,8
25620,9
25621,15
25622,20
25623,1
25624,14
25625,13
25626,13
25627,2
25628,13
25629,1
25630,2
25631,1
25632,19
25633,6
25634,8
25635,11
25636,6
25637,1
25638,7
25639,4
25640,11
25641,16
25642,9
25643,11
25644,13
25645,6
25646,17
25647,8
25648,1
25649,12
25650,12
25651,1
25652,1
25653,18
25654,14
25655,11
25656,2
25657,1
25658,1
25659,19
25660,8
25661,6
25662,9
25663,3
25664,10
25665,11
25666,6
25667,15
25668,11
25669,17
25670,13
25671,19
25672,9
25673,9
25674,1
25675,9
25676,8
25677,12
25678,4
25679,10
25680,2
25681,6
25682,3
25683,1
25684,10
25685,0
25686,10
25687,11
25688,10
25689,11
25690,8
25691,18
25692,11
25693,9
25694,9
25695,11
25696,12
25697,14
25698,9
25699,11
25700,5
25701,7
25702,13
25703,9
25704,16
25705,21
25706,11
25707,11
25708,1
25709,7
25710,11
25711,4
25712,8
25713,2
25714,0
25715,13
25716,2
25717,9
25718,11
25719,1
25720,2
25721,14
25722,10
25723,8
25724,11
25725,6
25726,8
25727,9
25728,14
25729,11
25730,8
25731,3
25732,7
25733,6
25734,5
25735,1
25736,14
25737,4
25738,7
25739,7
25740,11
25741,1
25742,1
25743,7
25744,1
25745,8
25746,11
25747,5
25748,13
25749,13
25750,9
25751,10
25752,6
25753,2
25754,1
25755,4
25756,17
25757,21
25758,21
25759,18
25760,15
25761,10
25762,11
25763,12
25764,7
25765,8
25766,0
25767,6
25768,12
25769,16
25770,12
25771,11
25772,13
25773,7
25774,11
25775,1
25776,1
25777,3
25778,15
25779,11
25780,11
25781,3
25782,14
25783,8
25784,9
25785,19
25786,19
25787,2
25788,13
25789,1
25790,9
25791,1
25792,2
25793,15
25794,5
25795,11
25796,6
25797,12
25798,6
25799,8
25800,11
25801,5
25802,11
25803,11
25804,1
25805,11
25806,11
25807,7
25808,19
25809,1
25810,7
25811,1
25812,16
25813,1
25814,3
25815,17
25816,9
25817,16
25818,3
25819,0
25820,10
25821,13
25822,15
25823,1
25824,1
25825,1
25826,15
25827,9
25828,2
25829,11
25830,2
25831,19
25832,2
25833,7
25834,5
25835,2
25836,7
25837,7
25838,0
25839,2
25840,0
25841,11
25842,11
25843,1
25844,10
25845,1
25846,9
25847,1
25848,11
25849,3
25850,19
25851,9
25852,1
25853,3
25854,10
25855,9
25856,7
25857,5
25858,2
25859,11
25860,5
25861,1
25862,20
25863,12
25864,8
25865,17
25866,2
25867,18
25868,3
25869,4
25870,17
25871,1
25872,1
25873,1
25874,11
25875,7
25876,2
25877,6
25878,5
25879,10
25880,10
25881,21
25882,2
25883,5
25884,9
25885,2
25886,1
25887,4
25888,15
25889,1
25890,16
25891,9
25892,9
25893,2
25894,15
25895,3
25896,1
25897,1
25898,1
25899,1
25900,9
25901,15
25902,11
25903,17
25904,9
25905,5
25906,9
25907,11
25908,2
25909,0
25910,16
25911,1
25912,3
25913,4
25914,1
25915,11
25916,11
25917,4
25918,9
25919,0
25920,20
25921,8
25922,4
25923,9
25924,1
25925,11
25926,16
25927,3
25928,15
25929,11
25930,13
25931,1
25932,19
25933,9
25934,13
25935,5
25936,2
25937,12
25938,17
25939,1
25940,3
25941,20
25942,4
25943,3
25944,1
25945,7
25946,0
25947,7
25948,1
25949,8
25950,15
25951,11
25952,1
25953,6
25954,8
25955,1
25956,2
25957,1
25958,18
25959,1
25960,8
25961,4
25962,14
25963,9
25964,2
25965,2
25966,4
25967,1
25968,4
25969,16
25970,15
25971,1
25972,11
25973,17
25974,1
25975,15
25976,7
25977,11
25978,3
25979,1
25980,3
25981,8
25982,10
25983,9
25984,15
25985,2
25986,14
25987,11
25988,1
25989,11
25990,1
25991,17
25992,17
25993,1
25994,9
25995,4
25996,7
25997,7
25998,11
25999,19
26000,1
26001,9
26002,9
26003,16
26004,14
26005,9
26006,1
26007,1
26008,1
26009,16
26010,6
26011,14
26012,19
26013,5
26014,20
26015,11
26016,15
26017,5
26018,9
26019,1
26020,9
26021,2
26022,14
26023,7
26024,2
26025,17
26026,16
26027,1
26028,13
26029,11
26030,4
26031,2
26032,1
26033,8
26034,11
26035,8
26036,11
26037,3
26038,5
26039,9
26040,11
26041,8
26042,16
26043,1
26044,5
26045,13
26046,2
26047,2
26048,1
26049,0
26050,11
26051,3
26052,1
26053,3
26054,2
26055,20
26056,1
26057,16
26058,2
26059,11
26060,1
26061,11
26062,9
26063,12
26064,1
26065,7
26066,4
26067,11
26068,9
26069,3
26070,11
26071,7
26072,2
26073,5
26074,10
26075,16
26076,15
26077,1
26078,9
26079,1
26080,16
26081,4
26082,12
26083,11
26084,1
26085,1
26086,4
26087,10
26088,1
26089,11
26090,6
26091,16
26092,11
26093,1
26094,19
26095,1
26096,0
26097,7
26098,9
26099,9
26100,4
26101,11
26102,15
26103,9
26104,9
26105,1
26106,7
26107,11
26108,4
26109,1
26110,11
26111,10
26112,2
26113,17
26114,11
26115,17
26116,9
26117,17
26118,11
26119,8
26120,2
26121,12
26122,18
26123,9
26124,10
26125,17
26126,2
26127,13
26128,17
26129,3
26130,9
26131,17
26132,10
26133,1
26134,1
26135,3
26136,8
26137,2
26138,9
26139,19
26140,11
26141,14
26142,5
26143,9
26144,5
26145,13
26146,7
26147,7
26148,2
26149,2
26150,1
26151,0
26152,9
26153,9
26154,1
26155,13
26156,1
26157,4
26158,17
26159,8
26160,9
26161,2
26162,11
26163,9
26164,11
26165,16
26166,7
26167,1
26168,5
26169,8
26170,11
26171,1
26172,19
26173,11
26174,9
26175,16
26176,14
26177,10
26178,8
26179,11
26180,11
26181,18
26182,1
26183,19
26184,0
26185,9
26186,1
26187,1
26188,11
26189,1
26190,6
26191,1
26192,7
26193,2
26194,11
26195,12
26196,2
26197,1
26198,16
26199,7
26200,1
26201,9
26202,11
26203,7
26204,1
26205,20
26206,11
26207,11
26208,11
26209,15
26210,1
26211,0
26212,3
26213,4
26214,1
26215,3
26216,1
26217,1
26218,1
26219,2
26220,1
26221,7
26222,15
26223,6
26224,14
26225,9
26226,7
26227,2
26228,4
26229,16
26230,6
26231,3
26232,20
26233,3
26234,0
26235,11
26236,7
26237,5
26238,1
26239,11
26240,1
26241,12
26242,7
26243,1
26244,1
26245,6
26246,21
26247,20
26248,7
26249,21
26250,13
26251,1
26252,14
26253,1
26254,12
26255,8
26256,1
26257,0
26258,6
26259,8
26260,1
26261,16
26262,12
26263,8
26264,1
26265,7
26266,9
26267,1
26268,1
26269,11
26270,8
26271,2
26272,1
26273,12
26274,17
26275,0
26276,1
26277,7
26278,15
26279,3
26280,9
26281,12
26282,16
26283,1
26284,2
26285,1
26286,9
26287,11
26288,10
26289,6
26290,5
26291,13
26292,17
26293,7
26294,1
26295,14
26296,10
26297,17
26298,7
26299,0
26300,16
26301,12
26302,21
26303,6
26304,7
26305,9
26306,17
26307,11
26308,1
26309,15
26310,2
26311,5
26312,1
26313,9
26314,3
26315,7
26316,9
26317,1
26318,10
26319,11
26320,2
26321,2
26322,1
26323,11
26324,19
26325,9
26326,9
26327,1
26328,19
26329,13
26330,2
26331,17
26332,19
26333,1
26334,6
26335,15
26336,8
26337,17
26338,6
26339,11
26340,1
26341,10
26342,2
26343,7
26344,14
26345,1
26346,12
26347,14
26348,5
26349,3
26350,7
26351,10
26352,12
26353,7
26354,7
26355,9
26356,11
26357,11
26358,0
26359,1
26360,11
26361,4
26362,13
26363,17
26364,3
26365,6
26366,1
26367,8
26368,4
26369,9
26370,7
26371,9
26372,7
26373,11
26374,9
26375,3
26376,11
26377,16
26378,6
26379,1
26380,1
26381,9
26382,11
26383,20
26384,8
26385,16
26386,10
26387,12
26388,1
26389,7
26390,15
26391,9
26392,13
26393,17
26394,1
26395,7
26396,0
26397,6
26398,8
26399,16
26400,11
26401,8
26402,1
26403,1
26404,11
26405,1
26406,11
26407,1
26408,12
26409,1
26410,11
26411,2
26412,9
26413,20
26414,9
26415,17
26416,11
26417,1
26418,12
26419,4
26420,19
26421,6
26422,1
26423,10
26424,12
26425,7
26426,9
26427,5
26428,17
26429,16
26430,9
26431,8
26432,9
26433,2
26434,9
26435,3
26436,19
26437,1
26438,15
26439,9
26440,8
26441,11
26442,20
26443,9
26444,17
26445,13
26446,1
26447,1
26448,3
26449,1
26450,1
26451,7
26452,19
26453,8
26454,0
26455,11
26456,19
26457,12
26458,5
26459,2
26460,11
26461,2
26462,1
26463,1
26464,9
26465,5
26466,7
26467,11
26468,16
26469,2
26470,3
26471,11
26472,5
26473,3
26474,19
26475,6
26476,1
26477,1
26478,4
26479,11
26480,1
26481,19
26482,8
26483,20
26484,9
26485,1
26486,1
26487,17
26488,3
26489,11
26490,1
26491,3
26492,1
26493,2
26494,2
26495,4
26496,12
26497,2
26498,13
26499,6
26500,2
26501,19
26502,3
26503,17
26504,2
26505,11
26506,15
26507,7
26508,13
26509,15
26510,19
26511,1
26512,3
26513,0
26514,9
26515,1
26516,6
26517,11
26518,18
26519,1
26520,9
26521,2
26522,12
26523,1
26524,17
26525,11
26526,6
26527,9
26528,11
26529,19
26530,11
26531,0
26532,11
26533,4
26534,11
26535,19
26536,14
26537,19
26538,9
26539,9
26540,1
26541,0
26542,8
26543,1
26544,8
26545,11
26546,5
26547,1
26548,10
26549,19
26550,15
26551,12
26552,1
26553,16
26554,1
26555,2
26556,19
26557,17
26558,11
26559,4
26560,6
26561,11
26562,6
26563,8
26564,1
26565,0
26566,1
26567,15
26568,1
26569,16
26570,3
26571,2
26572,7
26573,6
26574,16
26575,19
26576,6
26577,17
26578,0
26579,10
26580,14
26581,17
26582,8
26583,1
26584,9
26585,0
26586,1
26587,11
26588,8
26589,2
26590,11
26591,19
26592,13
26593,4
26594,4
26595,15
26596,15
26597,10
26598,1
26599,19
26600,17
26601,2
26602,11
26603,11
26604,15
26605,15
26606,7
26607,14
26608,1
26609,19
26610,8
26611,4
26612,9
26613,11
26614,2
26615,1
26616,15
26617,2
26618,5
26619,3
26620,3
26621,8
26622,1
26623,3
26624,17
26625,11
26626,17
26627,9
26628,10
26629,8
26630,18
26631,12
26632,1
26633,14
26634,8
26635,16
26636,11
26637,9
26638,0
26639,16
26640,12
26641,3
26642,8
26643,9
26644,8
26645,8
26646,7
26647,7
26648,1
26649,2
26650,11
26651,1
26652,9
26653,8
26654,2
26655,7
26656,3
26657,0
26658,11
26659,17
26660,7
26661,3
26662,7
26663,1
26664,14
26665,1
26666,1
26667,9
26668,11
26669,5
26670,7
26671,12
26672,1
26673,2
26674,9
26675,5
26676,0
26677,11
26678,8
26679,13
26680,1
26681,11
26682,17
26683,13
26684,2
26685,17
26686,1
26687,1
26688,3
26689,1
26690,1
26691,1
26692,11
26693,1
26694,1
26695,3
26696,9
26697,1
26698,7
26699,1
26700,17
26701,9
26702,1
26703,11
26704,1
26705,9
26706,2
26707,7
26708,3
26709,18
26710,3
26711,7
26712,14
26713,1
26714,8
26715,1
26716,1
26717,5
26718,7
26719,2
26720,18
26721,5
26722,15
26723,5
26724,1
26725,7
26726,11
26727,14
26728,1
26729,11
26730,10
26731,2
26732,7
26733,3
26734,1
26735,2
26736,0
26737,11
26738,3
26739,12
26740,11
26741,9
26742,9
26743,5
26744,1
26745,2
26746,16
26747,0
26748,6
26749,2
26750,17
26751,8
26752,8
26753,8
26754,9
26755,6
26756,6
26757,2
26758,7
26759,12
26760,9
26761,0
26762,11
26763,13
26764,12
26765,1
26766,17
26767,1
26768,11
26769,15
26770,11
26771,8
26772,14
26773,11
26774,0
26775,0
26776,1
26777,15
26778,3
26779,3
26780,1
26781,18
26782,1
26783,8
26784,14
26785,6
26786,11
26787,8
26788,3
26789,9
26790,15
26791,17
26792,19
26793,0
26794,8
26795,5
26796,1
26797,1
26798,3
26799,1
26800,19
26801,8
26802,11
26803,19
26804,11
26805,11
26806,9
26807,11
26808,1
26809,17
26810,9
26811,1
26812,1
26813,19
26814,3
26815,11
26816,8
26817,7
26818,1
26819,15
26820,0
26821,4
26822,12
26823,1
26824,11
26825,9
26826,11
26827,9
26828,10
26829,11
26830,14
26831,11
26832,9
26833,0
26834,15
26835,18
26836,0
26837,1
26838,15
26839,12
26840,12
26841,9
26842,17
26843,5
26844,4
26845,9
26846,21
26847,5
26848,8
26849,0
26850,4
26851,2
26852,17
26853,12
26854,9
26855,1
26856,16
26857,1
26858,11
26859,0
26860,1
26861,5
26862,9
26863,3
26864,3
26865,11
26866,21
26867,8
26868,1
26869,12
26870,13
26871,3
26872,9
26873,11
26874,0
26875,5
26876,2
26877,15
26878,1
26879,1
26880,4
26881,2
26882,1
26883,11
26884,1
26885,6
26886,1
26887,3
26888,8
26889,15
26890,8
26891,6
26892,11
26893,3
26894,1
26895,1
26896,6
26897,17
26898,8
26899,2
26900,1
26901,12
26902,9
26903,8
26904,12
26905,13
26906,3
26907,1
26908,10
26909,1
26910,11
26911,11
26912,20
26913,1
26914,20
26915,8
26916,2
26917,9
26918,11
26919,8
26920,9
26921,19
26922,11
26923,13
26924,1
26925,9
26926,11
26927,9
26928,7
26929,19
26930,1
26931,11
26932,11
26933,4
26934,11
26935,11
26936,12
26937,3
26938,9
26939,3
26940,5
26941,5
26942,1
26943,15
26944,0
26945,1
26946,9
26947,3
26948,9
26949,7
26950,5
26951,1
26952,11
26953,21
26954,8
26955,21
26956,10
26957,6
26958,1
26959,14
26960,4
26961,9
26962,9
26963,1
26964,2
26965,2
26966,1
26967,11
26968,20
26969,1
26970,6
26971,8
26972,17
26973,5
26974,3
26975,21
26976,16
26977,1
26978,6
26979,11
26980,19
26981,9
26982,2
26983,12
26984,6
26985,0
26986,2
26987,12
26988,11
26989,13
26990,2
26991,7
26992,0
26993,5
26994,2
26995,13
26996,11
26997,4
26998,8
26999,8
27000,7
27001,13
27002,11
27003,9
27004,0
27005,3
27006,9
27007,1
27008,4
27009,9
27010,5
27011,1
27012,2
27013,9
27014,6
27015,17
27016,9
27017,2
27018,1
27019,4
27020,9
27021,15
27022,17
27023,1
27024,2
27025,17
27026,1
27027,19
27028,5
27029,9
27030,12
27031,12
27032,8
27033,21
27034,1
27035,7
27036,5
27037,17
27038,13
27039,11
27040,3
27041,15
27042,1
27043,6
27044,8
27045,3
27046,7
27047,7
27048,19
27049,11
27050,12
27051,11
27052,18
27053,1
27054,11
27055,11
27056,2
27057,9
27058,20
27059,3
27060,7
27061,13
27062,8
27063,15
27064,15
27065,7
27066,4
27067,9
27068,6
27069,11
27070,11
27071,7
27072,1
27073,1
27074,6
27075,13
27076,1
27077,8
27078,17
27079,17
27080,0
27081,17
27082,8
27083,0
27084,11
27085,11
27086,14
27087,7
27088,7
27089,8
27090,21
27091,1
27092,11
27093,6
27094,1
27095,8
27096,9
27097,17
27098,14
27099,13
27100,9
27101,1
27102,1
27103,12
27104,1
27105,14
27106,8
27107,0
27108,11
27109,11
27110,4
27111,6
27112,19
27113,12
27114,19
27115,6
27116,1
27117,8
27118,21
27119,9
27120,19
27121,19
27122,1
27123,15
27124,12
27125,1
27126,3
27127,15
27128,3
27129,1
27130,10
27131,9
27132,9
27133,19
27134,6
27135,21
27136,1
27137,4
27138,8
27139,17
27140,10
27141,2
27142,9
27143,10
27144,13
27145,12
27146,4
27147,9
27148,11
27149,12
27150,19
27151,3
27152,1
27153,17
27154,1
27155,1
27156,9
27157,1
27158,1
27159,1
27160,0
27161,15
27162,6
27163,5
27164,9
27165,6
27166,8
27167,18
27168,1
27169,7
27170,5
27171,11
27172,14
27173,6
27174,11
27175,0
27176,5
27177,2
27178,0
27179,1
27180,1
27181,11
27182,1
27183,17
27184,5
27185,1
27186,1
27187,9
27188,11
27189,8
27190,19
27191,0
27192,9
27193,2
27194,1
27195,3
27196,1
27197,6
27198,8
27199,11
27200,14
27201,19
27202,18
27203,7
27204,11
27205,2
27206,1
27207,11
27208,1
27209,9
27210,2
27211,5
27212,19
27213,11
27214,1
27215,2
27216,8
27217,19
27218,11
27219,1
27220,9
27221,6
27222,2
27223,13
27224,15
27225,5
27226,11
27227,7
27228,7
27229,19
27230,1
27231,2
27232,1
27233,1
27234,19
27235,7
27236,18
27237,11
27238,1
27239,13
27240,3
27241,11
27242,8
27243,7
27244,5
27245,2
27246,17
27247,9
27248,6
27249,1
27250,5
27251,11
27252,19
27253,10
27254,11
27255,11
27256,9
27257,7
27258,1
27259,6
27260,8
27261,2
27262,17
27263,18
27264,2
27265,4
27266,9
27267,2
27268,7
27269,7
27270,8
27271,2
27272,9
27273,2
27274,7
27275,10
27276,3
27277,7
27278,10
27279,1
27280,9
27281,3
27282,11
27283,4
27284,2
27285,1
27286,20
27287,10
27288,9
27289,16
27290,1
27291,11
27292,21
27293,13
27294,7
27295,11
27296,1
27297,13
27298,1
27299,7
27300,2
27301,7
27302,19
27303,7
27304,1
27305,1
27306,1
27307,1
27308,16
27309,1
27310,21
27311,2
27312,8
27313,2
27314,7
27315,7
27316,20
27317,1
27318,2
27319,0
27320,8
27321,5
27322,11
27323,10
27324,15
27325,17
27326,14
27327,6
27328,9
27329,8
27330,7
27331,12
27332,1
27333,3
27334,1
27335,9
27336,7
27337,5
27338,2
27339,10
27340,0
27341,11
27342,3
27343,1
27344,9
27345,1
27346,9
27347,19
27348,7
27349,9
27350,2
27351,6
27352,0
27353,1
27354,1
27355,1
27356,17
27357,16
27358,8
27359,5
27360,5
27361,10
27362,2
27363,8
27364,11
27365,1
27366,7
27367,19
27368,1
27369,6
27370,7
27371,11
27372,0
27373,2
27374,9
27375,12
27376,5
27377,17
27378,15
27379,11
27380,0
27381,6
27382,4
27383,7
27384,6
27385,17
27386,1
27387,2
27388,1
27389,2
27390,5
27391,19
27392,20
27393,7
27394,6
27395,7
27396,17
27397,1
27398,10
27399,8
27400,2
27401,13
27402,3
27403,1
27404,2
27405,2
27406,9
27407,1
27408,0
27409,7
27410,10
27411,2
27412,1
27413,6
27414,5
27415,10
27416,2
27417,0
27418,0
27419,9
27420,4
27421,2
27422,7
27423,0
27424,1
27425,6
27426,0
27427,15
27428,13
27429,13
27430,9
27431,1
27432,9
27433,19
27434,1
27435,6
27436,5
27437,9
27438,10
27439,1
27440,7
27441,9
27442,16
27443,1
27444,9
27445,1
27446,1
27447,11
27448,2
27449,11
27450,7
27451,17
27452,9
27453,0
27454,10
27455,3
27456,15
27457,6
27458,13
27459,10
27460,11
27461,3
27462,9
27463,1
27464,10
27465,15
27466,7
27467,6
27468,16
27469,6
27470,15
27471,9
27472,9
27473,12
27474,3
27475,5
27476,8
27477,7
27478,21
27479,11
27480,9
27481,6
27482,9
27483,11
27484,3
27485,1
27486,15
27487,15
27488,18
27489,2
27490,2
27491,2
27492,0
27493,6
27494,2
27495,6
27496,12
27497,8
27498,6
27499,10
27500,11
27501,8
27502,6
27503,12
27504,9
27505,19
27506,11
27507,0
27508,8
27509,1
27510,4
27511,16
27512,4
27513,9
27514,18
27515,1
27516,11
27517,19
27518,17
27519,9
27520,5
27521,2
27522,2
27523,6
27524,4
27525,2
27526,0
27527,9
27528,0
27529,1
27530,17
27531,13
27532,15
27533,17
27534,1
27535,17
27536,12
27537,19
27538,9
27539,15
27540,3
27541,1
27542,13
27543,2
27544,1
27545,16
27546,10
27547,0
27548,14
27549,5
27550,9
27551,1
27552,1
27553,11
27554,17
27555,8
27556,3
27557,2
27558,9
27559,11
27560,7
27561,12
27562,17
27563,14
27564,8
27565,9
27566,1
27567,6
27568,10
27569,9
27570,6
27571,1
27572,9
27573,15
27574,9
27575,2
27576,13
27577,9
27578,1
27579,14
27580,7
27581,5
27582,7
27583,3
27584,3
27585,1
27586,7
27587,1
27588,6
27589,3
27590,8
27591,17
27592,3
27593,7
27594,11
27595,15
27596,14
27597,21
27598,10
27599,7
27600,9
27601,3
27602,10
27603,7
27604,7
27605,9
27606,9
27607,7
27608,4
27609,5
27610,2
27611,3
27612,14
27613,6
27614,11
27615,8
27616,7
27617,11
27618,7
27619,14
27620,9
27621,16
27622,9
27623,4
27624,17
27625,2
27626,7
27627,15
27628,1
27629,20
27630,2
27631,2
27632,7
27633,7
27634,0
27635,1
27636,2
27637,17
27638,12
27639,1
27640,0
27641,9
27642,3
27643,17
27644,8
27645,2
27646,8
27647,7
27648,5
27649,9
27650,17
27651,1
27652,11
27653,3
27654,14
27655,17
27656,9
27657,21
27658,1
27659,13
27660,20
27661,5
27662,11
27663,17
27664,1
27665,14
27666,3
27667,3
27668,17
27669,1
27670,8
27671,9
27672,1
27673,1
27674,16
27675,8
27676,12
27677,3
27678,4
27679,14
27680,1
27681,10
27682,19
27683,11
27684,1
27685,5
27686,9
27687,8
27688,9
27689,6
27690,6
27691,16
27692,19
27693,9
27694,0
27695,19
27696,8
27697,10
27698,5
27699,1
27700,8
27701,19
27702,12
27703,9
27704,7
27705,1
27706,7
27707,2
27708,9
27709,9
27710,17
27711,10
27712,1
27713,5
27714,9
27715,7
27716,8
27717,6
27718,1
27719,17
27720,13
27721,9
27722,13
27723,10
27724,11
27725,7
27726,9
27727,8
27728,3
27729,1
27730,13
27731,2
27732,7
27733,0
27734,5
27735,11
27736,11
27737,1
27738,11
27739,7
27740,9
27741,2
27742,1
27743,2
27744,1
27745,7
27746,11
27747,14
27748,1
27749,10
27750,12
27751,2
27752,1
27753,9
27754,1
27755,21
27756,6
27757,8
27758,9
27759,16
27760,0
27761,11
27762,9
27763,5
27764,2
27765,13
27766,1
27767,12
27768,7
27769,4
27770,3
27771,5
27772,7
27773,10
27774,12
27775,12
27776,0
27777,16
27778,19
27779,5
27780,1
27781,8
27782,12
27783,19
27784,6
27785,6
27786,0
27787,11
27788,7
27789,9
27790,2
27791,7
27792,1
27793,0
27794,8
27795,15
27796,19
27797,7
27798,11
27799,3
27800,20
27801,7
27802,1
27803,15
27804,10
27805,20
27806,1
27807,1
27808,1
27809,21
27810,7
27811,2
27812,1
27813,8
27814,1
27815,10
27816,1
27817,1
27818,1
27819,6
27820,0
27821,1
27822,4
27823,9
27824,9
27825,10
27826,10
27827,19
27828,9
27829,7
27830,9
27831,8
27832,6
27833,7
27834,1
27835,1
27836,6
27837,1
27838,13
27839,1
27840,10
27841,6
27842,1
27843,1
27844,9
27845,12
27846,13
27847,11
27848,21
27849,8
27850,2
27851,14
27852,11
27853,17
27854,17
27855,1
27856,0
27857,11
27858,1
27859,9
27860,9
27861,1
27862,5
27863,7
27864,3
27865,13
27866,13
27867,17
27868,1
27869,14
27870,8
27871,11
27872,11
27873,19
27874,11
27875,0
27876,11
27877,11
27878,9
27879,10
27880,12
27881,5
27882,7
27883,2
27884,1
27885,9
27886,8
27887,12
27888,7
27889,19
27890,8
27891,11
27892,6
27893,7
27894,15
27895,15
27896,2
27897,2
27898,9
27899,3
27900,1
27901,9
27902,12
27903,0
27904,6
27905,1
27906,3
27907,20
27908,4
27909,1
27910,5
27911,21
27912,15
27913,2
27914,1
27915,16
27916,9
27917,13
27918,4
27919,0
27920,9
27921,11
27922,9
27923,0
27924,9
27925,2
27926,11
27927,1
27928,14
27929,1
27930,7
27931,8
27932,5
27933,2
27934,20
27935,10
27936,11
27937,0
27938,1
27939,15
27940,17
27941,11
27942,14
27943,8
27944,7
27945,7
27946,2
27947,3
27948,1
27949,1
27950,3
27951,9
27952,7
27953,6
27954,9
27955,18
27956,3
27957,3
27958,4
27959,14
27960,12
27961,7
27962,5
27963,9
27964,2
27965,2
27966,8
27967,9
27968,19
27969,19
27970,2
27971,9
27972,1
27973,13
27974,1
27975,1
27976,10
27977,2
27978,12
27979,1
27980,8
27981,14
27982,12
27983,9
27984,15
27985,18
27986,0
27987,7
27988,8
27989,9
27990,11
27991,17
27992,4
27993,11
27994,7
27995,1
27996,5
27997,12
27998,1
27999,1
28000,0
28001,3
28002,9
28003,7
28004,11
28005,12
28006,7
28007,2
28008,19
28009,1
28010,1
28011,6
28012,0
28013,3
28014,9
28015,15
28016,1
28017,14
28018,11
28019,11
28020,4
28021,1
28022,1
28023,0
28024,20
28025,5
28026,16
28027,1
28028,11
28029,16
28030,0
28031,5
28032,9
28033,3
28034,1
28035,3
28036,19
28037,19
28038,17
28039,4
28040,2
28041,1
28042,1
28043,1
28044,14
28045,1
28046,10
28047,1
28048,6
28049,10
28050,9
28051,2
28052,12
28053,7
28054,11
28055,1
28056,1
28057,12
28058,1
28059,3
28060,16
28061,11
28062,11
28063,3
28064,6
28065,11
28066,2
28067,10
28068,9
28069,9
28070,11
28071,1
28072,16
28073,19
28074,11
28075,7
28076,11
28077,9
28078,12
28079,11
28080,5
28081,3
28082,2
28083,11
28084,15
28085,8
28086,3
28087,0
28088,8
28089,6
28090,10
28091,5
28092,4
28093,1
28094,0
28095,3
28096,7
28097,1
28098,7
28099,14
28100,11
28101,9
28102,7
28103,2
28104,1
28105,1
28106,1
28107,12
28108,9
28109,1
28110,2
28111,2
28112,4
28113,7
28114,12
28115,0
28116,12
28117,11
28118,1
28119,2
28120,9
28121,10
28122,15
28123,3
28124,0
28125,1
28126,18
28127,5
28128,4
28129,5
28130,9
28131,1
28132,6
28133,8
28134,20
28135,1
28136,3
28137,1
28138,1
28139,1
28140,7
28141,0
28142,2
28143,1
28144,6
28145,1
28146,15
28147,1
28148,19
28149,3
28150,20
28151,13
28152,1
28153,14
28154,2
28155,13
28156,3
28157,19
28158,1
28159,1
28160,7
28161,11
28162,2
28163,13
28164,3
28165,5
28166,18
28167,5
28168,16
28169,2
28170,5
28171,1
28172,8
28173,7
28174,14
28175,5
28176,2
28177,1
28178,2
28179,15
28180,0
28181,0
28182,11
28183,19
28184,4
28185,2
28186,11
28187,18
28188,13
28189,0
28190,3
28191,5
28192,11
28193,8
28194,14
28195,1
28196,11
28197,11
28198,11
28199,2
28200,9
28201,1
28202,3
28203,14
28204,9
28205,0
28206,11
28207,1
28208,16
28209,9
28210,13
28211,1
28212,7
28213,5
28214,10
28215,2
28216,1
28217,9
28218,7
28219,17
28220,17
28221,11
28222,17
28223,12
28224,9
28225,11
28226,12
28227,20
28228,2
28229,12
28230,4
28231,6
28232,15
28233,2
28234,2
28235,12
28236,18
28237,9
28238,19
28239,9
28240,1
28241,0
28242,1
28243,21
28244,4
28245,17
28246,13
28247,1
28248,15
28249,6
28250,9
28251,15
28252,17
28253,7
28254,11
28255,9
28256,7
28257,8
28258,7
28259,14
28260,17
28261,19
28262,1
28263,5
28264,2
28265,6
28266,14
28267,1
28268,16
28269,9
28270,4
28271,3
28272,11
28273,2
28274,11
28275,7
28276,8
28277,11
28278,21
28279,1
28280,5
28281,8
28282,13
28283,21
28284,0
28285,16
28286,11
28287,12
28288,2
28289,11
28290,1
28291,11
28292,11
28293,9
28294,7
28295,12
28296,1
28297,2
28298,9
28299,8
28300,1
28301,9
28302,11
28303,13
28304,8
28305,7
28306,4
28307,5
28308,6
28309,11
28310,2
28311,1
28312,1
28313,6
28314,11
28315,8
28316,17
28317,7
28318,11
28319,18
28320,1
28321,6
28322,21
28323,20
28324,9
28325,12
28326,19
28327,3
28328,18
28329,3
28330,8
28331,13
28332,7
28333,7
28334,0
28335,3
28336,3
28337,9
28338,9
28339,1
28340,1
28341,2
28342,2
28343,1
28344,1
28345,11
28346,1
28347,17
28348,1
28349,1
28350,3
28351,10
28352,1
28353,12
28354,11
28355,16
28356,19
28357,2
28358,10
28359,0
28360,1
28361,15
28362,1
28363,7
28364,11
28365,13
28366,1
28367,1
28368,15
28369,6
28370,1
28371,17
28372,11
28373,15
28374,18
28375,15
28376,20
28377,2
28378,1
28379,2
28380,19
28381,15
28382,19
28383,11
28384,16
28385,8
28386,9
28387,12
28388,19
28389,14
28390,8
28391,0
28392,12
28393,11
28394,20
28395,2
28396,3
28397,8
28398,1
28399,20
28400,5
28401,16
28402,17
28403,8
28404,11
28405,4
28406,12
28407,5
28408,2
28409,15
28410,2
28411,9
28412,17
28413,11
28414,11
28415,17
28416,16
28417,11
28418,3
28419,17
28420,1
28421,5
28422,1
28423,3
28424,1
28425,3
28426,9
28427,12
28428,8
28429,15
28430,18
28431,9
28432,9
28433,1
28434,7
28435,4
28436,1
28437,8
28438,7
28439,16
28440,10
28441,7
28442,12
28443,3
28444,1
28445,11
28446,19
28447,3
28448,12
28449,2
28450,9
28451,5
28452,20
28453,19
28454,11
28455,2
28456,1
28457,3
28458,1
28459,18
28460,7
28461,6
28462,9
28463,5
28464,3
28465,2
28466,0
28467,4
28468,1
28469,10
28470,3
28471,6
28472,2
28473,11
28474,11
28475,15
28476,8
28477,1
28478,13
28479,11
28480,9
28481,11
28482,8
28483,2
28484,7
28485,3
28486,11
28487,15
28488,7
28489,1
28490,13
28491,6
28492,14
28493,17
28494,1
28495,0
28496,8
28497,10
28498,6
28499,12
28500,17
28501,9
28502,4
28503,1
28504,12
28505,6
28506,7
28507,10
28508,11
28509,12
28510,11
28511,1
28512,1
28513,17
28514,15
28515,10
28516,9
28517,11
28518,8
28519,5
28520,7
28521,10
28522,11
28523,7
28524,17
28525,19
28526,2
28527,3
28528,11
28529,14
28530,1
28531,16
28532,2
28533,12
28534,12
28535,1
28536,9
28537,0
28538,19
28539,11
28540,1
28541,5
28542,6
28543,17
28544,4
28545,19
28546,2
28547,10
28548,18
28549,3
28550,18
28551,9
28552,13
28553,15
28554,11
28555,2
28556,15
28557,9
28558,1
28559,7
28560,1
28561,5
28562,1
28563,17
28564,2
28565,20
28566,18
28567,11
28568,2
28569,1
28570,11
28571,5
28572,16
28573,11
28574,6
28575,0
28576,13
28577,11
28578,15
28579,9
28580,19
28581,2
28582,3
28583,11
28584,9
28585,8
28586,15
28587,4
28588,14
28589,20
28590,17
28591,19
28592,12
28593,0
28594,11
28595,1
28596,12
28597,9
28598,2
28599,2
28600,1
28601,16
28602,16
28603,1
28604,1
28605,15
28606,19
28607,15
28608,5
28609,5
28610,1
28611,11
28612,5
28613,7
28614,13
28615,2
28616,19
28617,2
28618,3
28619,10
28620,11
28621,5
28622,12
28623,13
28624,7
28625,0
28626,11
28627,9
28628,9
28629,12
28630,2
28631,1
28632,4
28633,15
28634,5
28635,0
28636,19
28637,2
28638,1
28639,1
28640,11
28641,16
28642,8
28643,11
28644,1
28645,5
28646,2
28647,19
28648,0
28649,9
28650,6
28651,0
28652,3
28653,0
28654,18
28655,9
28656,7
28657,1
28658,1
28659,6
28660,9
28661,7
28662,8
28663,17
28664,7
28665,19
28666,2
28667,11
28668,0
28669,0
28670,1
28671,9
28672,8
28673,1
28674,8
28675,11
28676,7
28677,16
28678,9
28679,8
28680,1
28681,11
28682,1
28683,11
28684,9
28685,1
28686,7
28687,11
28688,5
28689,8
28690,8
28691,1
28692,2
28693,1
28694,1
28695,1
28696,9
28697,10
28698,17
28699,11
28700,14
28701,8
28702,11
28703,6
28704,20
28705,8
28706,9
28707,11
28708,1
28709,3
28710,7
28711,1
28712,1
28713,11
28714,14
28715,10
28716,3
28717,7
28718,3
28719,11
28720,0
28721,9
28722,1
28723,17
28724,0
28725,11
28726,2
28727,7
28728,16
28729,15
28730,11
28731,11
28732,11
28733,17
28734,13
28735,0
28736,0
28737,11
28738,3
28739,17
28740,9
28741,6
28742,11
28743,1
28744,1
28745,2
28746,16
28747,14
28748,11
28749,0
28750,9
28751,1
28752,4
28753,4
28754,14
28755,6
28756,2
28757,1
28758,0
28759,1
28760,8
28761,19
28762,17
28763,1
28764,2
28765,1
28766,6
28767,17
28768,9
28769,1
28770,1
28771,0
28772,8
28773,5
28774,11
28775,6
28776,9
28777,2
28778,6
28779,6
28780,2
28781,9
28782,12
28783,12
28784,9
28785,9
28786,7
28787,1
28788,9
28789,9
28790,1
28791,16
28792,7
28793,17
28794,15
28795,2
28796,0
28797,5
28798,9
28799,1
28800,11
28801,11
28802,7
28803,1
28804,7
28805,0
28806,0
28807,9
28808,9
28809,4
28810,0
28811,1
28812,4
28813,1
28814,1
28815,11
28816,1
28817,4
28818,3
28819,11
28820,15
28821,10
28822,9
28823,7
28824,1
28825,17
28826,1
28827,1
28828,12
28829,3
28830,6
28831,1
28832,1
28833,13
28834,3
28835,10
28836,15
28837,7
28838,11
28839,2
28840,8
28841,3
28842,1
28843,11
28844,13
28845,11
28846,5
28847,9
28848,19
28849,11
28850,14
28851,21
28852,8
28853,10
28854,11
28855,20
28856,1
28857,11
28858,1
28859,11
28860,10
28861,4
28862,11
28863,1
28864,20
28865,8
28866,14
28867,11
28868,3
28869,11
28870,6
28871,8
28872,18
28873,1
28874,18
28875,7
28876,7
28877,9
28878,9
28879,4
28880,6
28881,8
28882,8
28883,9
28884,5
28885,19
28886,1
28887,13
28888,11
28889,1
28890,8
28891,10
28892,1
28893,21
28894,6
28895,15
28896,11
28897,2
28898,19
28899,11
28900,13
28901,9
28902,17
28903,16
28904,3
28905,11
28906,10
28907,7
28908,0
28909,1
28910,13
28911,8
28912,1
28913,11
28914,20
28915,16
28916,17
28917,15
28918,19
28919,8
28920,5
28921,9
28922,3
28923,7
28924,15
28925,6
28926,1
28927,11
28928,1
28929,10
28930,12
28931,10
28932,20
28933,0
28934,19
28935,1
28936,8
28937,13
28938,1
28939,12
28940,4
28941,2
28942,9
28943,7
28944,6
28945,1
28946,1
28947,4
28948,15
28949,3
28950,1
28951,12
28952,1
28953,0
28954,8
28955,9
28956,12
28957,13
28958,2
28959,7
28960,6
28961,1
28962,7
28963,10
28964,8
28965,2
28966,15
28967,3
28968,11
28969,16
28970,11
28971,17
28972,11
28973,9
28974,1
28975,1
28976,7
28977,1
28978,19
28979,5
28980,7
28981,9
28982,1
28983,3
28984,17
28985,1
28986,16
28987,4
28988,5
28989,16
28990,12
28991,9
28992,1
28993,11
28994,11
28995,15
28996,11
28997,19
28998,9
28999,18
29000,7
29001,4
29002,19
29003,14
29004,8
29005,7
29006,9
29007,2
29008,8
29009,0
29010,9
29011,4
29012,6
29013,1
29014,2
29015,4
29016,17
29017,7
29018,11
29019,8
29020,7
29021,11
29022,1
29023,8
29024,1
29025,12
29026,4
29027,20
29028,17
29029,3
29030,17
29031,9
29032,1
29033,19
29034,19
29035,1
29036,4
29037,19
29038,0
29039,4
29040,9
29041,19
29042,5
29043,6
29044,1
29045,10
29046,2
29047,3
29048,19
29049,21
29050,9
29051,7
29052,6
29053,4
29054,10
29055,8
29056,2
29057,6
29058,11
29059,1
29060,6
29061,9
29062,11
29063,11
29064,1
29065,11
29066,12
29067,2
29068,1
29069,8
29070,9
29071,3
29072,13
29073,9
29074,13
29075,5
29076,1
29077,15
29078,1
29079,2
29080,4
29081,11
29082,7
29083,11
29084,16
29085,15
29086,4
29087,11
29088,3
29089,16
29090,2
29091,8
29092,9
29093,5
29094,9
29095,11
29096,11
29097,10
29098,14
29099,17
29100,2
29101,8
29102,1
29103,1
29104,10
29105,7
29106,2
29107,5
29108,16
29109,2
29110,1
29111,8
29112,0
29113,3
29114,13
29115,9
29116,1
29117,14
29118,9
29119,7
29120,1
29121,3
29122,3
29123,4
29124,7
29125,19
29126,8
29127,19
29128,12
29129,1
29130,9
29131,13
29132,13
29133,4
29134,1
29135,1
29136,5
29137,4
29138,13
29139,1
29140,10
29141,1
29142,1
29143,9
29144,9
29145,6
29146,18
29147,0
29148,15
29149,2
29150,0
29151,12
29152,9
29153,5
29154,3
29155,3
29156,19
29157,11
29158,5
29159,3
29160,7
29161,11
29162,19
29163,1
29164,16
29165,9
29166,7
29167,1
29168,2
29169,5
29170,19
29171,12
29172,11
29173,12
29174,8
29175,7
29176,11
29177,0
29178,1
29179,1
29180,12
29181,8
29182,8
29183,7
29184,7
29185,12
29186,9
29187,11
29188,9
29189,13
29190,2
29191,10
29192,9
29193,15
29194,1
29195,9
29196,1
29197,7
29198,7
29199,15
29200,0
29201,0
29202,1
29203,1
29204,4
29205,1
29206,7
29207,1
29208,10
29209,2
29210,1
29211,0
29212,17
29213,12
29214,1
29215,1
29216,9
29217,11
29218,12
29219,16
29220,14
29221,11
29222,0
29223,10
29224,2
29225,1
29226,8
29227,19
29228,11
29229,11
29230,1
29231,7
29232,11
29233,14
29234,19
29235,5
29236,1
29237,19
29238,1
29239,13
29240,1
29241,8
29242,7
29243,2
29244,8
29245,4
29246,8
29247,21
29248,7
29249,10
29250,5
29251,8
29252,7
29253,2
29254,6
29255,5
29256,6
29257,11
29258,4
29259,9
29260,8
29261,19
29262,3
29263,9
29264,1
29265,7
29266,2
29267,0
29268,1
29269,1
29270,16
29271,13
29272,1
29273,17
29274,6
29275,2
29276,5
29277,1
29278,7
29279,8
29280,3
29281,17
29282,9
29283,3
29284,3
29285,1
29286,3
29287,7
29288,1
29289,10
29290,8
29291,11
29292,4
29293,14
29294,1
29295,9
29296,11
29297,2
29298,2
29299,3
29300,1
29301,2
29302,5
29303,0
29304,10
29305,11
29306,1
29307,11
29308,12
29309,15
29310,8
29311,1
29312,6
29313,11
29314,5
29315,1
29316,1
29317,6
29318,0
29319,14
29320,11
29321,15
29322,12
29323,1
29324,17
29325,15
29326,19
29327,8
29328,1
29329,1
29330,13
29331,7
29332,10
29333,7
29334,11
29335,4
29336,6
29337,17
29338,0
29339,19
29340,12
29341,11
29342,19
29343,18
29344,9
29345,1
29346,8
29347,10
29348,6
29349,1
29350,3
29351,7
29352,9
29353,7
29354,11
29355,1
29356,17
29357,6
29358,5
29359,15
29360,2
29361,9
29362,1
29363,4
29364,13
29365,19
29366,6
29367,11
29368,7
29369,5
29370,2
29371,1
29372,6
29373,1
29374,8
29375,3
29376,11
29377,0
29378,1
29379,1
29380,11
29381,2
29382,0
29383,4
29384,9
29385,15
29386,18
29387,1
29388,17
29389,1
29390,1
29391,11
29392,12
29393,13
29394,0
29395,21
29396,1
29397,1
29398,7
29399,12
29400,9
29401,10
29402,17
29403,1
29404,21
29405,2
29406,11
29407,17
29408,9
29409,16
29410,14
29411,1
29412,16
29413,9
29414,6
29415,1
29416,15
29417,9
29418,2
29419,12
29420,2
29421,7
29422,15
29423,11
29424,6
29425,13
29426,3
29427,9
29428,7
29429,9
29430,19
29431,11
29432,9
29433,1
29434,1
29435,19
29436,16
29437,9
29438,1
29439,5
29440,11
29441,6
29442,2
29443,6
29444,19
29445,1
29446,5
29447,1
29448,3
29449,17
29450,9
29451,0
29452,11
29453,16
29454,10
29455,19
29456,14
29457,16
29458,11
29459,7
29460,11
29461,12
29462,9
29463,9
29464,12
29465,9
29466,2
29467,6
29468,18
29469,11
29470,2
29471,20
29472,11
29473,14
29474,11
29475,13
29476,19
29477,1
29478,1
29479,19
29480,15
29481,3
29482,1
29483,1
29484,1
29485,11
29486,2
29487,12
29488,4
29489,2
29490,1
29491,1
29492,10
29493,9
29494,9
29495,7
29496,17
29497,7
29498,12
29499,2
29500,2
29501,1
29502,1
29503,11
29504,7
29505,7
29506,19
29507,8
29508,12
29509,3
29510,0
29511,12
29512,17
29513,19
29514,8
29515,10
29516,11
29517,9
29518,8
29519,9
29520,12
29521,4
29522,8
29523,13
29524,2
29525,3
29526,12
29527,9
29528,3
29529,4
29530,6
29531,9
29532,8
29533,1
29534,13
29535,4
29536,13
29537,9
29538,8
29539,6
29540,1
29541,19
29542,19
29543,3
29544,1
29545,13
29546,0
29547,13
29548,3
29549,17
29550,9
29551,3
29552,3
29553,18
29554,10
29555,5
29556,16
29557,1
29558,1
29559,9
29560,11
29561,8
29562,12
29563,11
29564,8
29565,12
29566,6
29567,21
29568,2
29569,18
29570,1
29571,0
29572,19
29573,2
29574,14
29575,4
29576,0
29577,1
29578,1
29579,15
29580,1
29581,9
29582,8
29583,11
29584,8
29585,12
29586,5
29587,21
29588,11
29589,1
29590,2
29591,2
29592,5
29593,15
29594,5
29595,2
29596,12
29597,1
29598,13
29599,3
29600,7
29601,7
29602,8
29603,3
29604,11
29605,12
29606,3
29607,7
29608,1
29609,1
29610,11
29611,3
29612,1
29613,2
29614,1
29615,9
29616,2
29617,7
29618,2
29619,0
29620,19
29621,3
29622,11
29623,7
29624,3
29625,1
29626,2
29627,1
29628,11
29629,9
29630,17
29631,8
29632,12
29633,1
29634,16
29635,19
29636,8
29637,1
29638,0
29639,20
29640,18
29641,17
29642,7
29643,14
29644,0
29645,7
29646,21
29647,11
29648,8
29649,10
29650,8
29651,1
29652,11
29653,2
29654,6
29655,5
29656,15
29657,11
29658,19
29659,14
29660,17
29661,14
29662,7
29663,12
29664,0
29665,17
29666,18
29667,1
29668,1
29669,11
29670,14
29671,1
29672,17
29673,9
29674,2
29675,3
29676,5
29677,9
29678,11
29679,6
29680,17
29681,11
29682,2
29683,11
29684,19
29685,0
29686,11
29687,8
29688,1
29689,8
29690,0
29691,13
29692,3
29693,5
29694,0
29695,11
29696,11
29697,1
29698,7
29699,2
29700,21
29701,0
29702,15
29703,18
29704,10
29705,11
29706,20
29707,1
29708,7
29709,17
29710,1
29711,8
29712,9
29713,11
29714,1
29715,7
29716,1
29717,11
29718,9
29719,17
29720,0
29721,4
29722,8
29723,0
29724,0
29725,19
29726,10
29727,5
29728,6
29729,11
29730,0
29731,9
29732,1
29733,11
29734,1
29735,17
29736,11
29737,1
29738,6
29739,11
29740,11
29741,1
29742,3
29743,1
29744,2
29745,1
29746,17
29747,2
29748,2
29749,11
29750,11
29751,11
29752,16
29753,1
29754,2
29755,12
29756,18
29757,3
29758,1
29759,5
29760,17
29761,6
29762,10
29763,1
29764,20
29765,8
29766,2
29767,11
29768,10
29769,18
29770,1
29771,6
29772,11
29773,1
29774,1
29775,9
29776,15
29777,2
29778,6
29779,3
29780,18
29781,0
29782,11
29783,6
29784,1
29785,5
29786,0
29787,8
29788,18
29789,13
29790,1
29791,1
29792,10
29793,0
29794,21
29795,4
29796,10
29797,9
29798,8
29799,4
29800,11
29801,5
29802,6
29803,18
29804,15
29805,1
29806,2
29807,12
29808,11
29809,7
29810,3
29811,10
29812,1
29813,1
29814,7
29815,6
29816,1
29817,1
29818,13
29819,1
29820,13
29821,7
29822,11
29823,0
29824,3
29825,5
29826,11
29827,8
29828,7
29829,8
29830,8
29831,6
29832,19
29833,1
29834,19
29835,11
29836,8
29837,9
29838,11
29839,2
29840,11
29841,0
29842,7
29843,1
29844,4
29845,7
29846,21
29847,15
29848,8
29849,11
29850,19
29851,8
29852,1
29853,10
29854,7
29855,12
29856,9
29857,0
29858,8
29859,3
29860,9
29861,0
29862,11
29863,14
29864,12
29865,8
29866,20
29867,7
29868,1
29869,11
29870,1
29871,9
29872,20
29873,9
29874,4
29875,1
29876,18
29877,9
29878,1
29879,2
29880,11
29881,7
29882,8
29883,11
29884,11
29885,16
29886,6
29887,1
29888,15
29889,7
29890,20
29891,6
29892,15
29893,12
29894,7
29895,6
29896,11
29897,0
29898,10
29899,11
29900,3
29901,11
29902,11
29903,11
29904,10
29905,14
29906,10
29907,20
29908,1
29909,3
29910,15
29911,12
29912,7
29913,1
29914,11
29915,5
29916,0
29917,7
29918,19
29919,3
29920,7
29921,5
29922,15
29923,7
29924,2
29925,15
29926,5
29927,7
29928,7
29929,19
29930,9
29931,1
29932,19
29933,1
29934,4
29935,10
29936,19
29937,9
29938,13
29939,9
29940,5
29941,1
29942,17
29943,9
29944,11
29945,11
29946,1
29947,0
29948,2
29949,21
29950,8
29951,12
29952,19
29953,6
29954,7
29955,3
29956,16
29957,10
29958,11
29959,2
29960,11
29961,11
29962,12
29963,1
29964,1
29965,6
29966,11
29967,7
29968,11
29969,7
29970,17
29971,1
29972,3
29973,7
29974,16
29975,1
29976,7
29977,9
29978,7
29979,16
29980,8
29981,1
29982,14
29983,6
29984,9
29985,2
29986,1
29987,0
29988,7
29989,1
29990,1
29991,1
29992,1
29993,11
29994,12
29995,1
29996,7
29997,1
29998,1
29999,2
30000,19
30001,4
30002,17
30003,15
30004,11
30005,11
30006,12
30007,11
30008,17
30009,3
30010,11
30011,9
30012,9
30013,1
30014,14
30015,1
30016,2
30017,6
30018,6
30019,1
30020,9
30021,7
30022,16
30023,10
30024,2
30025,9
30026,2
30027,4
30028,14
30029,5
30030,16
30031,20
30032,1
30033,0
30034,5
30035,6
30036,9
30037,6
30038,12
30039,15
30040,1
30041,1
30042,11
30043,3
30044,11
30045,15
30046,3
30047,2
30048,12
30049,5
30050,1
30051,18
30052,6
30053,11
30054,13
30055,1
30056,1
30057,4
30058,12
30059,6
30060,1
30061,11
30062,8
30063,6
30064,14
30065,10
30066,1
30067,1
30068,12
30069,19
30070,6
30071,9
30072,9
30073,1
30074,14
30075,9
30076,19
30077,7
30078,1
30079,11
30080,21
30081,14
30082,11
30083,6
30084,17
30085,7
30086,1
30087,3
30088,4
30089,8
30090,9
30091,1
30092,11
30093,19
30094,1
30095,2
30096,16
30097,11
30098,19
30099,19
30100,3
30101,1
30102,10
30103,8
30104,17
30105,6
30106,2
30107,9
30108,4
30109,6
30110,7
30111,0
30112,11
30113,9
30114,2
30115,11
30116,14
30117,1
30118,1
30119,11
30120,2
30121,17
30122,1
30123,9
30124,8
30125,0
30126,6
30127,11
30128,17
30129,11
30130,5
30131,11
30132,3
30133,7
30134,11
30135,2
30136,9
30137,19
30138,15
30139,11
30140,2
30141,21
30142,15
30143,2
30144,4
30145,1
30146,5
30147,18
30148,1
30149,9
30150,1
30151,8
30152,5
30153,11
30154,16
30155,8
30156,16
30157,6
30158,6
30159,17
30160,8
30161,20
30162,11
30163,17
30164,1
30165,10
30166,2
30167,17
30168,8
30169,8
30170,11
30171,15
30172,2
30173,14
30174,3
30175,6
30176,0
30177,18
30178,8
30179,12
30180,8
30181,14
30182,1
30183,16
30184,7
30185,7
30186,7
30187,3
30188,1
30189,5
30190,11
30191,2
30192,11
30193,1
30194,14
30195,1
30196,15
30197,1
30198,2
30199,1
30200,1
30201,11
30202,14
30203,20
30204,17
30205,1
30206,1
30207,14
30208,9
30209,5
30210,2
30211,5
30212,9
30213,5
30214,1
30215,16
30216,19
30217,10
30218,6
30219,5
30220,7
30221,18
30222,11
30223,8
30224,15
30225,2
30226,1
30227,4
30228,2
30229,2
30230,2
30231,19
30232,8
30233,13
30234,7
30235,9
30236,1
30237,1
30238,5
30239,1
30240,3
30241,19
30242,1
30243,9
30244,13
30245,2
30246,7
30247,7
30248,15
30249,9
30250,5
30251,1
30252,2
30253,6
30254,11
30255,5
30256,11
30257,7
30258,11
30259,13
30260,6
30261,6
30262,9
30263,18
30264,8
30265,5
30266,7
30267,9
30268,11
30269,15
30270,11
30271,14
30272,4
30273,5
30274,7
30275,1
30276,19
30277,10
30278,9
30279,9
30280,2
30281,11
30282,1
30283,18
30284,13
30285,11
30286,4
30287,2
30288,6
30289,11
30290,17
30291,6
30292,2
30293,17
30294,1
30295,12
30296,9
30297,12
30298,11
30299,4
30300,12
30301,5
30302,7
30303,18
30304,13
30305,7
30306,13
30307,2
30308,17
30309,0
30310,7
30311,1
30312,1
30313,3
30314,8
30315,12
30316,0
30317,2
30318,10
30319,5
30320,1
30321,14
30322,9
30323,7
30324,12
30325,19
30326,12
30327,3
30328,9
30329,7
30330,13
30331,5
30332,11
30333,17
30334,8
30335,1
30336,3
30337,0
30338,6
30339,4
30340,9
30341,5
30342,16
30343,2
30344,2
30345,12
30346,19
30347,7
30348,6
30349,8
30350,17
30351,12
30352,5
30353,3
30354,0
30355,21
30356,7
30357,3
30358,3
30359,4
30360,9
30361,12
30362,11
30363,17
30364,1
30365,5
30366,7
30367,1
30368,1
30369,4
30370,1
30371,10
30372,16
30373,3
30374,11
30375,11
30376,19
30377,1
30378,4
30379,16
30380,11
30381,15
30382,11
30383,19
30384,1
30385,20
30386,2
30387,1
30388,16
30389,4
30390,1
30391,19
30392,10
30393,4
30394,19
30395,8
30396,3
30397,12
30398,11
30399,5
30400,0
30401,1
30402,1
30403,3
30404,11
30405,0
30406,6
30407,18
30408,1
30409,11
30410,1
30411,19
30412,2
30413,11
30414,7
30415,10
30416,2
30417,1
30418,19
30419,1
30420,16
30421,9
30422,19
30423,7
30424,20
30425,11
30426,12
30427,11
30428,0
30429,2
30430,11
30431,1
30432,19
30433,10
30434,17
30435,6
30436,1
30437,2
30438,1
30439,11
30440,19
30441,10
30442,15
30443,9
30444,17
30445,3
30446,0
30447,10
30448,3
30449,9
30450,0
30451,11
30452,1
30453,0
30454,9
30455,8
30456,1
30457,1
30458,19
30459,19
30460,1
30461,11
30462,1
30463,8
30464,2
30465,7
30466,11
30467,12
30468,8
30469,19
30470,9
30471,6
30472,9
30473,9
30474,1
30475,1
30476,1
30477,5
30478,1
30479,2
30480,14
30481,5
30482,19
30483,11
30484,0
30485,13
30486,1
30487,1
30488,13
30489,19
30490,7
30491,15
30492,1
30493,16
30494,5
30495,7
30496,14
30497,0
30498,8
30499,13
30500,3
30501,1
30502,1
30503,11
30504,11
30505,1
30506,1
30507,17
30508,19
30509,8
30510,8
30511,6
30512,7
30513,7
30514,16
30515,10
30516,7
30517,15
30518,3
30519,11
30520,1
30521,9
30522,5
30523,0
30524,13
30525,1
30526,1
30527,15
30528,11
30529,6
30530,1
30531,2
30532,1
30533,9
30534,8
30535,14
30536,8
30537,0
30538,11
30539,7
30540,1
30541,0
30542,1
30543,2
30544,5
30545,8
30546,8
30547,11
30548,11
30549,19
30550,8
30551,11
30552,16
30553,5
30554,8
30555,11
30556,5
30557,16
30558,7
30559,11
30560,1
30561,1
30562,1
30563,16
30564,1
30565,3
30566,17
30567,15
30568,11
30569,8
30570,2
30571,8
30572,1
30573,19
30574,4
30575,7
30576,7
30577,1
30578,1
30579,7
30580,3
30581,2
30582,1
30583,17
30584,5
30585,12
30586,7
30587,13
30588,19
30589,14
30590,16
30591,7
30592,2
30593,2
30594,1
30595,6
30596,11
30597,12
30598,12
30599,2
30600,3
30601,7
30602,19
30603,1
30604,19
30605,20
30606,7
30607,5
30608,9
30609,6
30610,9
30611,4
30612,3
30613,1
30614,19
30615,7
30616,5
30617,19
30618,3
30619,2
30620,6
30621,1
30622,1
30623,3
30624,10
30625,2
30626,3
30627,18
30628,11
30629,0
30630,8
30631,16
30632,1
30633,6
30634,4
30635,2
30636,3
30637,0
30638,9
30639,1
30640,2
30641,17
30642,5
30643,16
30644,6
30645,0
30646,9
30647,1
30648,11
30649,1
30650,9
30651,11
30652,4
30653,15
30654,9
30655,6
30656,15
30657,1
30658,19
30659,11
30660,17
30661,2
30662,14
30663,3
30664,9
30665,7
30666,11
30667,1
30668,11
30669,6
30670,9
30671,4
30672,6
30673,8
30674,8
30675,1
30676,17
30677,1
30678,9
30679,10
30680,12
30681,15
30682,1
30683,12
30684,1
30685,4
30686,17
30687,4
30688,13
30689,2
30690,5
30691,1
30692,11
30693,6
30694,1
30695,1
30696,17
30697,6
30698,9
30699,3
30700,15
30701,1
30702,2
30703,7
30704,8
30705,0
30706,5
30707,9
30708,8
30709,19
30710,2
30711,1
30712,19
30713,19
30714,6
30715,7
30716,8
30717,5
30718,9
30719,2
30720,1
30721,17
30722,16
30723,2
30724,8
30725,4
30726,1
30727,21
30728,2
30729,17
30730,11
30731,2
30732,2
30733,1
30734,17
30735,9
30736,11
30737,1
30738,5
30739,7
30740,11
30741,1
30742,19
30743,10
30744,3
30745,1
30746,9
30747,7
30748,19
30749,6
30750,15
30751,3
30752,5
30753,8
30754,7
30755,16
30756,3
30757,1
30758,7
30759,1
30760,3
30761,7
30762,11
30763,3
30764,7
30765,0
30766,6
30767,14
30768,8
30769,2
30770,11
30771,1
30772,3
30773,11
30774,6
30775,9
30776,16
30777,11
30778,2
30779,2
30780,3
30781,1
30782,11
30783,4
30784,7
30785,16
30786,6
30787,1
30788,11
30789,6
30790,3
30791,10
30792,8
30793,2
30794,5
30795,9
30796,6
30797,12
30798,11
30799,1
30800,11
30801,14
30802,0
30803,2
30804,15
30805,9
30806,6
30807,11
30808,19
30809,4
30810,1
30811,6
30812,4
30813,14
30814,3
30815,9
30816,14
30817,14
30818,5
30819,16
30820,1
30821,1
30822,9
30823,1
30824,11
30825,4
30826,6
30827,2
30828,7
30829,19
30830,17
30831,1
30832,14
30833,4
30834,2
30835,1
30836,11
30837,11
30838,5
30839,11
30840,11
30841,1
30842,12
30843,1
30844,7
30845,1
30846,16
30847,1
30848,1
30849,0
30850,16
30851,1
30852,9
30853,7
30854,1
30855,12
30856,11
30857,5
30858,9
30859,9
30860,7
30861,6
30862,12
30863,19
30864,1
30865,9
30866,1
30867,1
30868,1
30869,10
30870,9
30871,1
30872,15
30873,2
30874,2
30875,16
30876,0
30877,9
30878,1
30879,4
30880,10
30881,0
30882,2
30883,1
30884,14
30885,13
30886,17
30887,17
30888,11
30889,5
30890,7
30891,4
30892,9
30893,5
30894,6
30895,6
30896,11
30897,1
30898,12
30899,19
30900,7
30901,5
30902,14
30903,7
30904,3
30905,15
30906,7
30907,4
30908,0
30909,11
30910,9
30911,3
30912,9
30913,3
30914,15
30915,19
30916,0
30917,1
30918,6
30919,21
30920,1
30921,12
30922,8
30923,5
30924,7
30925,1
30926,17
30927,15
30928,7
30929,10
30930,9
30931,11
30932,9
30933,11
30934,13
30935,1
30936,11
30937,3
30938,6
30939,19
30940,9
30941,9
30942,19
30943,0
30944,8
30945,5
30946,12
30947,17
30948,13
30949,17
30950,10
30951,1
30952,9
30953,9
30954,1
30955,17
30956,7
30957,10
30958,12
30959,19
30960,19
30961,10
30962,7
30963,3
30964,5
30965,10
30966,1
30967,19
30968,11
30969,12
30970,9
30971,11
30972,11
30973,11
30974,19
30975,12
30976,9
30977,14
30978,5
30979,14
30980,11
30981,19
30982,16
30983,1
30984,0
30985,11
30986,1
30987,7
30988,17
30989,2
30990,21
30991,10
30992,0
30993,12
30994,7
30995,8
30996,17
30997,11
30998,4
30999,6
31000,1
31001,9
31002,13
31003,11
31004,2
31005,8
31006,17
31007,11
31008,5
31009,14
31010,2
31011,7
31012,9
31013,4
31014,5
31015,13
31016,0
31017,1
31018,6
31019,8
31020,2
31021,10
31022,12
31023,1
31024,0
31025,6
31026,1
31027,3
31028,1
31029,9
31030,18
31031,1
31032,1
31033,17
31034,15
31035,11
31036,5
31037,1
31038,17
31039,1
31040,4
31041,13
31042,11
31043,8
31044,7
31045,2
31046,5
31047,1
31048,6
31049,7
31050,6
31051,11
31052,15
31053,8
31054,19
31055,6
31056,16
31057,16
31058,19
31059,9
31060,17
31061,12
31062,13
31063,11
31064,19
31065,1
31066,2
31067,1
31068,3
31069,15
31070,8
31071,1
31072,3
31073,0
31074,14
31075,11
31076,1
31077,14
31078,15
31079,3
31080,13
31081,13
31082,11
31083,2
31084,9
31085,11
31086,18
31087,4
31088,1
31089,9
31090,3
31091,19
31092,6
31093,14
31094,9
31095,10
31096,16
31097,1
31098,0
31099,1
31100,9
31101,4
31102,11
31103,1
31104,17
31105,8
31106,15
31107,6
31108,11
31109,16
31110,14
31111,11
31112,14
31113,1
31114,9
31115,11
31116,1
31117,2
31118,17
31119,1
31120,1
31121,11
31122,1
31123,6
31124,7
31125,20
31126,1
31127,7
31128,11
31129,10
31130,1
31131,18
31132,20
31133,0
31134,11
31135,1
31136,3
31137,9
31138,0
31139,1
31140,0
31141,3
31142,11
31143,17
31144,3
31145,3
31146,5
31147,5
31148,8
31149,11
31150,10
31151,10
31152,8
31153,9
31154,1
31155,15
31156,15
31157,14
31158,5
31159,1
31160,11
31161,6
31162,1
31163,8
31164,0
31165,11
31166,14
31167,1
31168,1
31169,5
31170,11
31171,5
31172,6
31173,14
31174,1
31175,0
31176,14
31177,11
31178,8
31179,11
31180,11
31181,9
31182,5
31183,4
31184,10
31185,20
31186,21
31187,19
31188,7
31189,1
31190,19
31191,15
31192,1
31193,12
31194,3
31195,11
31196,8
31197,11
31198,8
31199,19
31200,9
31201,4
31202,14
31203,11
31204,15
31205,17
31206,16
31207,7
31208,2
31209,1
31210,15
31211,4
31212,2
31213,1
31214,10
31215,6
31216,1
31217,16
31218,11
31219,8
31220,6
31221,3
31222,12
31223,9
31224,9
31225,10
31226,9
31227,9
31228,19
31229,2
31230,1
31231,8
31232,1
31233,10
31234,16
31235,4
31236,14
31237,19
31238,7
31239,13
31240,0
31241,15
31242,9
31243,11
31244,14
31245,6
31246,13
31247,0
31248,0
31249,14
31250,7
31251,7
31252,1
31253,4
31254,1
31255,16
31256,1
31257,11
31258,8
31259,11
31260,11
31261,3
31262,16
31263,14
31264,19
31265,8
31266,7
31267,12
31268,1
31269,9
31270,5
31271,13
31272,2
31273,3
31274,11
31275,12
31276,8
31277,11
31278,1
31279,1
31280,2
31281,0
31282,0
31283,11
31284,11
31285,13
31286,15
31287,7
31288,7
31289,3
31290,15
31291,9
31292,5
31293,5
31294,1
31295,7
31296,7
31297,1
31298,10
31299,17
31300,7
31301,0
31302,1
31303,9
31304,1
31305,7
31306,16
31307,7
31308,16
31309,11
31310,1
31311,16
31312,9
31313,10
31314,9
31315,1
31316,9
31317,19
31318,11
31319,4
31320,19
31321,10
31322,17
31323,16
31324,1
31325,7
31326,2
31327,6
31328,11
31329,9
31330,9
31331,6
31332,7
31333,11
31334,9
31335,11
31336,11
31337,1
31338,11
31339,11
31340,2
31341,8
31342,9
31343,17
31344,18
31345,3
31346,5
31347,8
31348,11
31349,2
31350,11
31351,5
31352,2
31353,7
31354,1
31355,20
31356,5
31357,15
31358,1
31359,9
31360,0
31361,15
31362,5
31363,17
31364,7
31365,9
31366,7
31367,1
31368,14
31369,17
31370,1
31371,19
31372,19
31373,6
31374,12
31375,13
31376,9
31377,7
31378,6
31379,1
31380,1
31381,1
31382,6
31383,19
31384,15
31385,1
31386,1
31387,2
31388,0
31389,1
31390,12
31391,8
31392,13
31393,1
31394,13
31395,1
31396,0
31397,11
31398,9
31399,17
31400,10
31401,7
31402,13
31403,21
31404,1
31405,7
31406,3
31407,1
31408,9
31409,10
31410,1
31411,11
31412,3
31413,1
31414,7
31415,12
31416,19
31417,5
31418,12
31419,12
31420,3
31421,1
31422,1
31423,3
31424,7
31425,2
31426,21
31427,9
31428,5
31429,12
31430,1
31431,3
31432,1
31433,9
31434,19
31435,15
31436,6
31437,8
31438,8
31439,1
31440,9
31441,11
31442,11
31443,6
31444,18
31445,2
31446,17
31447,17
31448,2
31449,7
31450,9
31451,12
31452,11
31453,19
31454,6
31455,12
31456,7
31457,11
31458,17
31459,1
31460,10
31461,4
31462,11
31463,0
31464,9
31465,1
31466,15
31467,17
31468,0
31469,1
31470,1
31471,9
31472,12
31473,19
31474,0
31475,19
31476,3
31477,6
31478,17
31479,0
31480,12
31481,11
31482,12
31483,2
31484,2
31485,11
31486,6
31487,4
31488,9
31489,10
31490,7
31491,11
31492,1
31493,8
31494,9
31495,1
31496,4
31497,5
31498,9
31499,9
31500,1
31501,3
31502,19
31503,5
31504,8
31505,1
31506,10
31507,12
31508,5
31509,4
31510,17
31511,16
31512,1
31513,1
31514,11
31515,1
31516,6
31517,0
31518,7
31519,11
31520,11
31521,8
31522,10
31523,19
31524,1
31525,15
31526,7
31527,0
31528,7
31529,16
31530,9
31531,15
31532,5
31533,12
31534,7
31535,11
31536,1
31537,13
31538,3
31539,15
31540,1
31541,9
31542,11
31543,1
31544,17
31545,19
31546,2
31547,2
31548,14
31549,11
31550,16
31551,1
31552,10
31553,5
31554,1
31555,11
31556,6
31557,9
31558,0
31559,19
31560,9
31561,9
31562,1
31563,1
31564,12
31565,2
31566,1
31567,2
31568,8
31569,12
31570,8
31571,19
31572,11
31573,13
31574,6
31575,1
31576,1
31577,1
31578,15
31579,10
31580,7
31581,1
31582,13
31583,0
31584,15
31585,11
31586,11
31587,5
31588,7
31589,9
31590,17
31591,1
31592,6
31593,14
31594,1
31595,4
31596,19
31597,2
31598,19
31599,19
31600,3
31601,15
31602,11
31603,6
31604,15
31605,1
31606,10
31607,10
31608,1
31609,10
31610,1
31611,9
31612,7
31613,1
31614,1
31615,5
31616,17
31617,11
31618,2
31619,9
31620,14
31621,3
31622,15
31623,20
31624,19
31625,18
31626,1
31627,11
31628,8
31629,7
31630,7
31631,8
31632,9
31633,0
31634,1
31635,0
31636,7
31637,11
31638,1
31639,8
31640,12
31641,12
31642,1
31643,2
31644,9
31645,1
31646,1
31647,17
31648,0
31649,14
31650,2
31651,6
31652,6
31653,1
31654,8
31655,5
31656,2
31657,21
31658,2
31659,0
31660,2
31661,1
31662,16
31663,0
31664,3
31665,13
31666,2
31667,9
31668,11
31669,1
31670,11
31671,16
31672,1
31673,11
31674,9
31675,1
31676,10
31677,3
31678,1
31679,11
31680,7
31681,1
31682,10
31683,7
31684,16
31685,12
31686,9
31687,11
31688,1
31689,11
31690,17
31691,13
31692,9
31693,7
31694,8
31695,17
31696,18
31697,1
31698,9
31699,4
31700,2
31701,17
31702,21
31703,1
31704,5
31705,8
31706,4
31707,8
31708,9
31709,6
31710,11
31711,20
31712,10
31713,16
31714,1
31715,15
31716,11
31717,12
31718,9
31719,9
31720,11
31721,8
31722,1
31723,2
31724,19
31725,8
31726,1
31727,19
31728,19
31729,13
31730,9
31731,1
31732,14
31733,0
31734,15
31735,8
31736,7
31737,19
31738,11
31739,11
31740,11
31741,5
31742,6
31743,1
31744,3
31745,0
31746,6
31747,12
31748,7
31749,0
31750,1
31751,11
31752,17
31753,16
31754,10
31755,10
31756,2
31757,16
31758,6
31759,6
31760,6
31761,8
31762,1
31763,10
31764,16
31765,5
31766,11
31767,20
31768,6
31769,1
31770,1
31771,1
31772,4
31773,17
31774,7
31775,6
31776,1
31777,1
31778,4
31779,3
31780,14
31781,1
31782,11
31783,1
31784,1
31785,11
31786,19
31787,2
31788,16
31789,1
31790,2
31791,8
31792,9
31793,19
31794,8
31795,0
31796,11
31797,2
31798,6
31799,6
31800,9
31801,17
31802,10
31803,7
31804,1
31805,10
31806,5
31807,1
31808,17
31809,3
31810,11
31811,9
31812,1
31813,8
31814,1
31815,3
31816,9
31817,1
31818,18
31819,11
31820,16
31821,3
31822,11
31823,1
31824,8
31825,8
31826,1
31827,1
31828,19
31829,11
31830,4
31831,3
31832,20
31833,13
31834,7
31835,14
31836,7
31837,1
31838,16
31839,9
31840,2
31841,15
31842,1
31843,9
31844,8
31845,11
31846,11
31847,1
31848,8
31849,1
31850,9
31851,0
31852,1
31853,1
31854,9
31855,11
31856,11
31857,15
31858,19
31859,15
31860,0
31861,7
31862,11
31863,4
31864,2
31865,11
31866,12
31867,0
31868,1
31869,6
31870,0
31871,1
31872,12
31873,3
31874,9
31875,3
31876,17
31877,14
31878,1
31879,21
31880,2
31881,9
31882,9
31883,2
31884,1
31885,7
31886,2
31887,17
31888,9
31889,11
31890,11
31891,7
31892,18
31893,3
31894,7
31895,8
31896,12
31897,1
31898,7
31899,6
31900,11
31901,8
31902,1
31903,11
31904,12
31905,7
31906,1
31907,1
31908,17
31909,17
31910,1
31911,5
31912,3
31913,4
31914,14
31915,1
31916,5
31917,13
31918,1
31919,19
31920,3
31921,0
31922,1
31923,15
31924,7
31925,17
31926,18
31927,1
31928,1
31929,10
31930,17
31931,11
31932,14
31933,13
31934,10
31935,16
31936,9
31937,3
31938,11
31939,8
31940,19
31941,9
31942,7
31943,13
31944,0
31945,17
31946,17
31947,1
31948,2
31949,7
31950,5
31951,3
31952,3
31953,15
31954,8
31955,6
31956,9
31957,2
31958,4
31959,8
31960,15
31961,8
31962,12
31963,7
31964,5
31965,9
31966,3
31967,10
31968,11
31969,9
31970,9
31971,1
31972,7
31973,7
31974,0
31975,21
31976,3
31977,9
31978,1
31979,14
31980,17
31981,5
31982,12
31983,6
31984,11
31985,7
31986,8
31987,1
31988,9
31989,18
31990,6
31991,14
31992,12
31993,11
31994,10
31995,9
31996,2
31997,6
31998,10
31999,9
32000,6
32001,6
32002,7
32003,6
32004,11
32005,9
32006,1
32007,4
32008,6
32009,8
32010,7
32011,4
32012,5
32013,9
32014,13
32015,1
32016,20
32017,8
32018,1
32019,12
32020,1
32021,9
32022,1
32023,15
32024,6
32025,15
32026,4
32027,19
32028,4
32029,1
32030,1
32031,11
32032,15
32033,3
32034,19
32035,17
32036,0
32037,3
32038,3
32039,8
32040,11
32041,9
32042,11
32043,16
32044,17
32045,9
32046,1
32047,7
32048,14
32049,1
32050,14
32051,0
32052,2
32053,1
32054,17
32055,2
32056,9
32057,9
32058,1
32059,19
32060,12
32061,4
32062,2
32063,2
32064,1
32065,1
32066,11
32067,3
32068,12
32069,19
32070,11
32071,0
32072,7
32073,5
32074,13
32075,15
32076,7
32077,0
32078,17
32079,21
32080,2
32081,2
32082,13
32083,11
32084,5
32085,19
32086,9
32087,0
32088,5
32089,12
32090,8
32091,2
32092,12
32093,4
32094,11
32095,6
32096,9
32097,3
32098,9
32099,1
32100,8
32101,15
32102,15
32103,16
32104,2
32105,3
32106,11
32107,3
32108,19
32109,7
32110,1
32111,17
32112,17
32113,1
32114,1
32115,0
32116,2
32117,4
32118,4
32119,11
32120,18
32121,11
32122,11
32123,8
32124,0
32125,1
32126,15
32127,12
32128,1
32129,13
32130,12
32131,1
32132,10
32133,11
32134,13
32135,9
32136,8
32137,14
32138,10
32139,7
32140,8
32141,8
32142,3
32143,6
32144,2
32145,17
32146,4
32147,2
32148,9
32149,6
32150,15
32151,13
32152,9
32153,11
32154,11
32155,7
32156,12
32157,7
32158,11
32159,4
32160,19
32161,19
32162,1
32163,12
32164,17
32165,10
32166,3
32167,11
32168,17
32169,19
32170,8
32171,9
32172,9
32173,1
32174,6
32175,1
32176,13
32177,19
32178,2
32179,15
32180,8
32181,1
32182,6
32183,13
32184,14
32185,10
32186,11
32187,7
32188,7
32189,17
32190,11
32191,1
32192,2
32193,7
32194,11
32195,0
32196,5
32197,13
32198,15
32199,1
32200,15
32201,2
32202,11
32203,1
32204,5
32205,9
32206,9
32207,5
32208,18
32209,8
32210,12
32211,17
32212,1
32213,9
32214,1
32215,0
32216,13
32217,4
32218,12
32219,13
32220,10
32221,2
32222,19
32223,3
32224,9
32225,5
32226,8
32227,3
32228,1
32229,6
32230,2
32231,11
32232,11
32233,5
32234,11
32235,11
32236,5
32237,0
32238,1
32239,2
32240,1
32241,5
32242,7
32243,1
32244,11
32245,5
32246,7
32247,2
32248,5
32249,1
32250,11
32251,11
32252,11
32253,1
32254,7
32255,5
32256,1
32257,9
32258,1
32259,8
32260,0
32261,17
32262,2
32263,1
32264,13
32265,2
32266,8
32267,7
32268,1
32269,9
32270,19
32271,1
32272,11
32273,8
32274,1
32275,7
32276,4
32277,2
32278,7
32279,1
32280,11
32281,1
32282,1
32283,7
32284,5
32285,1
32286,4
32287,15
32288,6
32289,9
32290,7
32291,19
32292,9
32293,1
32294,10
32295,3
32296,15
32297,9
32298,13
32299,1
32300,2
32301,5
32302,7
32303,13
32304,15
32305,11
32306,4
32307,8
32308,9
32309,3
32310,11
32311,9
32312,7
32313,5
32314,1
32315,5
32316,2
32317,12
32318,20
32319,11
32320,8
32321,5
32322,1
32323,2
32324,16
32325,4
32326,14
32327,1
32328,9
32329,11
32330,7
32331,9
32332,1
32333,7
32334,2
32335,2
32336,16
32337,19
32338,18
32339,2
32340,14
32341,11
32342,1
32343,1
32344,0
32345,11
32346,1
32347,7
32348,18
32349,17
32350,7
32351,11
32352,19
32353,8
32354,1
32355,2
32356,2
32357,9
32358,8
32359,1
32360,2
32361,11
32362,17
32363,7
32364,1
32365,1
32366,1
32367,7
32368,20
32369,1
32370,5
32371,7
32372,1
32373,1
32374,2
32375,7
32376,13
32377,1
32378,5
32379,14
32380,17
32381,16
32382,2
32383,3
32384,1
32385,2
32386,16
32387,1
32388,0
32389,2
32390,12
32391,2
32392,11
32393,1
32394,12
32395,15
32396,11
32397,6
32398,11
32399,9
32400,19
32401,11
32402,6
32403,11
32404,3
32405,11
32406,15
32407,11
32408,1
32409,1
32410,11
32411,2
32412,13
32413,7
32414,7
32415,1
32416,17
32417,18
32418,1
32419,8
32420,1
32421,7
32422,9
32423,3
32424,3
32425,8
32426,11
32427,4
32428,11
32429,5
32430,4
32431,1
32432,11
32433,16
32434,2
32435,12
32436,1
32437,1
32438,11
32439,9
32440,19
32441,5
32442,1
32443,16
32444,9
32445,8
32446,14
32447,15
32448,1
32449,1
32450,1
32451,2
32452,10
32453,19
32454,17
32455,9
32456,15
32457,2
32458,12
32459,7
32460,0
32461,2
32462,19
32463,6
32464,8
32465,3
32466,11
32467,1
32468,8
32469,19
32470,3
32471,1
32472,11
32473,0
32474,17
32475,5
32476,19
32477,1
32478,8
32479,4
32480,6
32481,17
32482,12
32483,9
32484,0
32485,9
32486,11
32487,1
32488,8
32489,9
32490,11
32491,1
32492,14
32493,10
32494,17
32495,4
32496,9
32497,9
32498,1
32499,1
32500,19
32501,12
32502,9
32503,1
32504,3
32505,3
32506,11
32507,11
32508,7
32509,5
32510,11
32511,1
32512,1
32513,11
32514,15
32515,17
32516,3
32517,6
32518,12
32519,2
32520,14
32521,6
32522,14
32523,7
32524,1
32525,13
32526,1
32527,14
32528,5
32529,8
32530,11
32531,15
32532,16
32533,0
32534,4
32535,1
32536,7
32537,11
32538,0
32539,2
32540,10
32541,3
32542,14
32543,16
32544,1
32545,19
32546,4
32547,1
32548,15
32549,1
32550,17
32551,2
32552,12
32553,19
32554,3
32555,15
32556,6
32557,3
32558,2
32559,3
32560,0
32561,9
32562,9
32563,8
32564,10
32565,1
32566,7
32567,10
32568,9
32569,1
32570,3
32571,11
32572,5
32573,6
32574,4
32575,3
32576,12
32577,1
32578,20
32579,1
32580,10
32581,2
32582,1
32583,7
32584,1
32585,17
32586,1
32587,19
32588,4
32589,17
32590,19
32591,0
32592,21
32593,10
32594,8
32595,16
32596,18
32597,11
32598,2
32599,0
32600,16
32601,1
32602,6
32603,9
32604,1
32605,13
32606,16
32607,2
32608,7
32609,8
32610,4
32611,12
32612,3
32613,15
32614,1
32615,0
32616,11
32617,20
32618,16
32619,11
32620,8
32621,0
32622,2
32623,2
32624,19
32625,7
32626,10
32627,8
32628,11
32629,2
32630,1
32631,12
32632,7
32633,2
32634,3
32635,12
32636,13
32637,6
32638,7
32639,2
32640,7
32641,10
32642,0
32643,11
32644,1
32645,11
32646,7
32647,1
32648,11
32649,16
32650,1
32651,6
32652,5
32653,15
32654,17
32655,1
32656,8
32657,11
32658,2
32659,2
32660,17
32661,1
32662,9
32663,6
32664,6
32665,1
32666,8
32667,7
32668,11
32669,1
32670,7
32671,12
32672,7
32673,6
32674,1
32675,0
32676,6
32677,2
32678,8
32679,7
32680,0
32681,10
32682,1
32683,12
32684,7
32685,13
32686,14
32687,0
32688,12
32689,0
32690,5
32691,1
32692,1
32693,3
32694,7
32695,19
32696,8
32697,1
32698,0
32699,11
32700,13
32701,8
32702,1
32703,11
32704,16
32705,1
32706,19
32707,2
32708,4
32709,6
32710,14
32711,19
32712,8
32713,3
32714,8
32715,0
32716,3
32717,11
32718,2
32719,9
32720,15
32721,11
32722,1
32723,5
32724,11
32725,19
32726,2
32727,12
32728,1
32729,12
32730,20
32731,1
32732,18
32733,1
32734,12
32735,11
32736,11
32737,10
32738,6
32739,16
32740,15
32741,2
32742,8
32743,1
32744,12
32745,2
32746,13
32747,19
32748,5
32749,1
32750,2
32751,4
32752,11
32753,12
32754,1
32755,8
32756,19
32757,1
32758,0
32759,1
32760,11
32761,7
32762,8
32763,15
32764,15
32765,1
32766,7
32767,9
32768,10
32769,9
32770,19
32771,1
32772,8
32773,16
32774,1
32775,11
32776,8
32777,7
32778,15
32779,4
32780,9
32781,11
32782,4
32783,9
32784,11
32785,10
32786,11
32787,15
32788,9
32789,18
32790,9
32791,0
32792,1
32793,19
32794,11
32795,15
32796,19
32797,19
32798,11
32799,9
32800,11
32801,6
32802,11
32803,0
32804,20
32805,1
32806,5
32807,3
32808,2
32809,16
32810,8
32811,3
32812,17
32813,1
32814,1
32815,3
32816,16
32817,11
32818,8
32819,7
32820,7
32821,11
32822,0
32823,9
32824,7
32825,1
32826,7
32827,17
32828,6
32829,1
32830,7
32831,17
32832,19
32833,1
32834,2
32835,1
32836,9
32837,9
32838,8
32839,17
32840,19
32841,9
32842,16
32843,12
32844,19
32845,11
32846,6
32847,11
32848,5
32849,8
32850,5
32851,11
32852,17
32853,7
32854,7
32855,3
32856,9
32857,4
32858,4
32859,15
32860,9
32861,0
32862,7
32863,19
32864,11
32865,11
32866,6
32867,3
32868,2
32869,20
32870,9
32871,13
32872,6
32873,8
32874,6
32875,1
32876,5
32877,8
32878,4
32879,1
32880,1
32881,1
32882,9
32883,9
32884,2
32885,5
32886,7
32887,1
32888,6
32889,9
32890,11
32891,3
32892,17
32893,11
32894,6
32895,6
32896,5
32897,2
32898,7
32899,8
32900,8
32901,5
32902,11
32903,1
32904,1
32905,19
32906,4
32907,5
32908,14
32909,14
32910,13
32911,9
32912,12
32913,7
32914,1
32915,0
32916,5
32917,16
32918,8
32919,0
32920,13
32921,15
32922,1
32923,7
32924,21
32925,20
32926,8
32927,0
32928,1
32929,8
32930,11
32931,3
32932,12
32933,9
32934,9
32935,14
32936,1
32937,14
32938,18
32939,15
32940,10
32941,7
32942,2
32943,6
32944,1
32945,6
32946,9
32947,1
32948,3
32949,13
32950,13
32951,1
32952,3
32953,1
32954,1
32955,1
32956,2
32957,5
32958,1
32959,1
32960,16
32961,1
32962,9
32963,14
32964,6
32965,19
32966,9
32967,18
32968,15
32969,9
32970,1
32971,1
32972,9
32973,9
32974,17
32975,12
32976,5
32977,10
32978,1
32979,7
32980,11
32981,9
32982,3
32983,11
32984,7
32985,3
32986,7
32987,6
32988,5
32989,16
32990,11
32991,17
32992,0
32993,3
32994,2
32995,1
32996,9
32997,1
32998,10
32999,3
33000,15
33001,18
33002,13
33003,16
33004,7
33005,3
33006,1
33007,1
33008,8
33009,11
33010,1
33011,6
33012,3
33013,19
33014,14
33015,11
33016,17
33017,11
33018,4
33019,0
33020,12
33021,12
33022,20
33023,3
33024,15
33025,3
33026,7
33027,10
33028,17
33029,3
33030,1
33031,1
33032,19
33033,12
33034,9
33035,11
33036,1
33037,16
33038,9
33039,9
33040,14
33041,6
33042,1
33043,11
33044,11
33045,1
33046,6
33047,17
33048,3
33049,3
33050,6
33051,17
33052,17
33053,19
33054,11
33055,7
33056,7
33057,1
33058,7
33059,11
33060,14
33061,1
33062,1
33063,8
33064,15
33065,8
33066,11
33067,1
33068,14
33069,7
33070,11
33071,10
33072,18
33073,11
33074,2
33075,2
33076,1
33077,6
33078,0
33079,7
33080,11
33081,21
33082,8
33083,19
33084,4
33085,3
33086,1
33087,6
33088,14
33089,7
33090,11
33091,1
33092,14
33093,6
33094,16
33095,11
33096,7
33097,15
33098,1
33099,2
33100,1
33101,19
33102,1
33103,17
33104,11
33105,16
33106,1
33107,3
33108,6
33109,10
33110,9
33111,1
33112,0
33113,14
33114,11
33115,7
33116,10
33117,11
33118,11
33119,11
33120,9
33121,11
33122,3
33123,1
33124,1
33125,5
33126,11
33127,7
33128,1
33129,8
33130,11
33131,1
33132,5
33133,1
33134,6
33135,2
33136,11
33137,1
33138,6
33139,6
33140,10
33141,12
33142,9
33143,2
33144,11
33145,10
33146,1
33147,13
33148,17
33149,17
33150,1
33151,10
33152,2
33153,11
33154,5
33155,15
33156,11
33157,2
33158,5
33159,2
33160,10
33161,11
33162,9
33163,18
33164,7
33165,1
33166,3
33167,2
33168,7
33169,2
33170,20
33171,8
33172,4
33173,1
33174,16
33175,7
33176,1
33177,4
33178,13
33179,10
33180,16
33181,11
33182,10
33183,8
33184,1
33185,16
33186,16
33187,7
33188,17
33189,2
33190,9
33191,19
33192,16
33193,18
33194,19
33195,11
33196,11
33197,2
33198,12
33199,11
33200,1
33201,11
33202,18
33203,15
33204,8
33205,2
33206,9
33207,5
33208,1
33209,9
33210,7
33211,2
33212,8
33213,7
33214,7
33215,8
33216,1
33217,2
33218,1
33219,2
33220,8
33221,0
33222,6
33223,0
33224,16
33225,11
33226,12
33227,1
33228,9
33229,5
33230,18
33231,8
33232,5
33233,6
33234,7
33235,0
33236,10
33237,10
33238,14
33239,11
33240,1
33241,1
33242,1
33243,7
33244,1
33245,2
33246,17
33247,7
33248,5
33249,5
33250,1
33251,6
33252,15
33253,13
33254,19
33255,9
33256,2
33257,7
33258,16
33259,1
33260,1
33261,3
33262,7
33263,19
33264,3
33265,14
33266,4
33267,4
33268,6
33269,13
33270,8
33271,6
33272,11
33273,4
33274,11
33275,17
33276,19
33277,11
33278,9
33279,1
33280,19
33281,8
33282,11
33283,11
33284,1
33285,8
33286,9
33287,2
33288,7
33289,11
33290,14
33291,8
33292,0
33293,11
33294,14
33295,9
33296,1
33297,5
33298,1
33299,7
33300,1
33301,15
33302,9
33303,9
33304,0
33305,14
33306,17
33307,11
33308,2
33309,17
33310,6
33311,11
33312,2
33313,16
33314,11
33315,15
33316,0
33317,5
33318,12
33319,16
33320,0
33321,11
33322,11
33323,3
33324,15
33325,9
33326,11
33327,1
33328,20
33329,8
33330,7
33331,15
33332,6
33333,9
33334,1
33335,3
33336,11
33337,8
33338,11
33339,9
33340,17
33341,11
33342,9
33343,1
33344,0
33345,1
33346,20
33347,3
33348,3
33349,6
33350,9
33351,17
33352,9
33353,7
33354,8
33355,9
33356,5
33357,3
33358,1
33359,12
33360,17
33361,11
33362,5
33363,10
33364,20
33365,12
33366,5
33367,0
33368,1
33369,11
33370,14
33371,8
33372,2
33373,10
33374,10
33375,12
33376,19
33377,19
33378,2
33379,5
33380,0
33381,0
33382,2
33383,0
33384,7
33385,1
33386,7
33387,4
33388,9
33389,9
33390,2
33391,0
33392,17
33393,1
33394,12
33395,7
33396,19
33397,6
33398,1
33399,11
33400,0
33401,12
33402,0
33403,10
33404,9
33405,0
33406,7
33407,11
33408,21
33409,9
33410,1
33411,12
33412,11
33413,10
33414,8
33415,5
33416,1
33417,9
33418,6
33419,12
33420,19
33421,13
33422,19
33423,6
33424,1
33425,8
33426,5
33427,19
33428,19
33429,12
33430,13
33431,20
33432,3
33433,11
33434,9
33435,18
33436,1
33437,11
33438,15
33439,1
33440,5
33441,0
33442,8
33443,1
33444,10
33445,5
33446,9
33447,1
33448,8
33449,13
33450,1
33451,7
33452,10
33453,13
33454,11
33455,16
33456,8
33457,5
33458,1
33459,17
33460,12
33461,4
33462,6
33463,6
33464,12
33465,3
33466,14
33467,9
33468,12
33469,10
33470,19
33471,17
33472,2
33473,1
33474,7
33475,1
33476,2
33477,7
33478,7
33479,12
33480,15
33481,20
33482,3
33483,10
33484,16
33485,1
33486,11
33487,11
33488,1
33489,14
33490,2
33491,19
33492,4
33493,1
33494,19
33495,16
33496,1
33497,5
33498,9
33499,9
33500,1
33501,1
33502,12
33503,9
33504,0
33505,11
33506,1
33507,7
33508,6
33509,2
33510,1
33511,5
33512,17
33513,11
33514,11
33515,7
33516,15
33517,1
33518,11
33519,5
33520,9
33521,1
33522,3
33523,15
33524,17
33525,5
33526,14
33527,0
33528,10
33529,19
33530,21
33531,11
33532,5
33533,11
33534,16
33535,11
33536,11
33537,6
33538,7
33539,0
33540,4
33541,8
33542,15
33543,19
33544,1
33545,0
33546,1
33547,11
33548,16
33549,19
33550,4
33551,13
33552,1
33553,17
33554,10
33555,10
33556,11
33557,13
33558,8
33559,15
33560,8
33561,19
33562,8
33563,11
33564,0
33565,11
33566,0
33567,3
33568,17
33569,6
33570,4
33571,13
33572,1
33573,9
33574,13
33575,2
33576,4
33577,7
33578,2
33579,12
33580,7
33581,2
33582,11
33583,9
33584,15
33585,7
33586,10
33587,11
33588,8
33589,9
33590,8
33591,11
33592,2
33593,11
33594,12
33595,12
33596,10
33597,14
33598,16
33599,10
33600,17
33601,12
33602,7
33603,1
33604,6
33605,11
33606,11
33607,1
33608,1
33609,14
33610,16
33611,0
33612,10
33613,2
33614,8
33615,6
33616,0
33617,11
33618,17
33619,7
33620,1
33621,11
33622,11
33623,11
33624,1
33625,3
33626,1
33627,8
33628,5
33629,6
33630,11
33631,6
33632,8
33633,21
33634,1
33635,17
33636,1
33637,19
33638,0
33639,0
33640,1
33641,12
33642,11
33643,1
33644,9
33645,1
33646,6
33647,12
33648,6
33649,11
33650,13
33651,18
33652,1
33653,7
33654,11
33655,1
33656,7
33657,13
33658,1
33659,11
33660,7
33661,3
33662,15
33663,1
33664,6
33665,7
33666,9
33667,11
33668,2
33669,2
33670,9
33671,4
33672,9
33673,10
33674,1
33675,16
33676,13
33677,6
33678,1
33679,14
33680,12
33681,0
33682,16
33683,4
33684,7
33685,19
33686,19
33687,7
33688,1
33689,15
33690,1
33691,4
33692,0
33693,3
33694,10
33695,11
33696,2
33697,1
33698,1
33699,7
33700,1
33701,2
33702,9
33703,1
33704,11
33705,1
33706,11
33707,2
33708,1
33709,1
33710,1
33711,14
33712,11
33713,10
33714,3
33715,1
33716,11
33717,2
33718,2
33719,21
33720,1
33721,11
33722,1
33723,4
33724,11
33725,4
33726,1
33727,1
33728,6
33729,6
33730,15
33731,1
33732,16
33733,11
33734,0
33735,1
33736,2
33737,1
33738,4
33739,11
33740,1
33741,2
33742,11
33743,20
33744,9
33745,11
33746,9
33747,11
33748,3
33749,9
33750,2
33751,12
33752,19
33753,20
33754,2
33755,8
33756,9
33757,7
33758,9
33759,1
33760,10
33761,11
33762,4
33763,1
33764,12
33765,19
33766,8
33767,1
33768,6
33769,17
33770,13
33771,11
33772,19
33773,17
33774,15
33775,11
33776,10
33777,1
33778,11
33779,1
33780,1
33781,1
33782,19
33783,14
33784,6
33785,8
33786,7
33787,3
33788,1
33789,2
33790,10
33791,5
33792,16
33793,13
33794,2
33795,7
33796,19
33797,1
33798,19
33799,1
33800,1
33801,2
33802,7
33803,6
33804,9
33805,12
33806,1
33807,19
33808,11
33809,0
33810,11
33811,12
33812,1
33813,11
33814,7
33815,16
33816,1
33817,4
33818,14
33819,14
33820,2
33821,9
33822,6
33823,9
33824,4
33825,16
33826,9
33827,2
33828,4
33829,1
33830,11
33831,12
33832,5
33833,1
33834,6
33835,20
33836,1
33837,8
33838,1
33839,2
33840,11
33841,11
33842,6
33843,11
33844,2
33845,10
33846,12
33847,1
33848,14
33849,9
33850,0
33851,5
33852,9
33853,6
33854,13
33855,5
33856,7
33857,9
33858,11
33859,1
33860,11
33861,6
33862,1
33863,11
33864,11
33865,21
33866,0
33867,7
33868,11
33869,3
33870,0
33871,14
33872,4
33873,2
33874,0
33875,8
33876,1
33877,12
33878,19
33879,0
33880,9
33881,2
33882,7
33883,1
33884,3
33885,12
33886,1
33887,18
33888,1
33889,8
33890,10
33891,16
33892,1
33893,9
33894,3
33895,1
33896,11
33897,4
33898,1
33899,9
33900,9
33901,21
33902,5
33903,9
33904,3
33905,2
33906,5
33907,14
33908,1
33909,9
33910,7
33911,16
33912,19
33913,15
33914,16
33915,17
33916,1
33917,10
33918,0
33919,7
33920,2
33921,2
33922,3
33923,11
33924,4
33925,7
33926,1
33927,6
33928,11
33929,1
33930,20
33931,12
33932,1
33933,14
33934,1
33935,1
33936,1
33937,9
33938,14
33939,10
33940,2
33941,11
33942,7
33943,11
33944,1
33945,16
33946,11
33947,12
33948,2
33949,13
33950,19
33951,17
33952,15
33953,5
33954,9
33955,11
33956,15
33957,2
33958,1
33959,13
33960,18
33961,9
33962,3
33963,1
33964,0
33965,9
33966,19
33967,1
33968,9
33969,0
33970,19
33971,7
33972,9
33973,13
33974,11
33975,3
33976,2
33977,1
33978,1
33979,2
33980,13
33981,10
33982,11
33983,1
33984,1
33985,2
33986,7
33987,13
33988,1
33989,17
33990,4
33991,7
33992,9
33993,9
33994,1
33995,18
33996,16
33997,1
33998,4
33999,4
34000,8
34001,7
34002,21
34003,7
34004,1
34005,11
34006,1
34007,9
34008,1
34009,1
34010,1
34011,9
34012,19
34013,2
34014,19
34015,11
34016,3
34017,0
34018,1
34019,1
34020,2
34021,16
34022,5
34023,1
34024,1
34025,10
34026,1
34027,1
34028,9
34029,11
34030,15
34031,2
34032,11
34033,2
34034,11
34035,8
34036,12
34037,14
34038,0
34039,11
34040,10
34041,1
34042,9
34043,2
34044,10
34045,2
34046,11
34047,5
34048,2
34049,3
34050,11
34051,12
34052,1
34053,4
34054,2
34055,3
34056,12
34057,2
34058,13
34059,2
34060,4
34061,17
34062,0
34063,13
34064,7
34065,11
34066,9
34067,17
34068,3
34069,4
34070,2
34071,9
34072,8
34073,14
34074,11
34075,12
34076,12
34077,11
34078,13
34079,9
34080,0
34081,12
34082,1
34083,8
34084,20
34085,5
34086,7
34087,10
34088,12
34089,16
34090,1
34091,2
34092,10
34093,8
34094,8
34095,19
34096,9
34097,6
34098,5
34099,2
34100,11
34101,1
34102,17
34103,1
34104,19
34105,13
34106,7
34107,1
34108,1
34109,11
34110,17
34111,4
34112,11
34113,16
34114,12
34115,19
34116,11
34117,8
34118,16
34119,4
34120,13
34121,1
34122,9
34123,3
34124,17
34125,1
34126,5
34127,14
34128,7
34129,11
34130,13
34131,9
34132,10
34133,19
34134,0
34135,16
34136,1
34137,3
34138,14
34139,9
34140,16
34141,8
34142,15
34143,17
34144,2
34145,17
34146,19
34147,8
34148,1
34149,2
34150,15
34151,1
34152,16
34153,13
34154,19
34155,1
34156,2
34157,7
34158,1
34159,13
34160,2
34161,10
34162,11
34163,11
34164,20
34165,15
34166,19
34167,11
34168,5
34169,10
34170,19
34171,11
34172,17
34173,11
34174,7
34175,1
34176,11
34177,2
34178,6
34179,15
34180,13
34181,8
34182,6
34183,7
34184,3
34185,18
34186,16
34187,3
34188,19
34189,2
34190,5
34191,1
34192,1
34193,13
34194,16
34195,8
34196,20
34197,6
34198,11
34199,19
34200,9
34201,7
34202,9
34203,9
34204,13
34205,7
34206,8
34207,0
34208,12
34209,18
34210,19
34211,1
34212,1
34213,1
34214,12
34215,9
34216,1
34217,19
34218,6
34219,8
34220,1
34221,3
34222,6
34223,17
34224,7
34225,0
34226,18
34227,7
34228,7
34229,16
34230,9
34231,10
34232,16
34233,16
34234,1
34235,9
34236,17
34237,17
34238,3
34239,15
34240,1
34241,6
34242,1
34243,4
34244,7
34245,1
34246,2
34247,15
34248,7
34249,1
34250,6
34251,1
34252,1
34253,9
34254,14
34255,7
34256,21
34257,1
34258,6
34259,2
34260,2
34261,6
34262,1
34263,6
34264,1
34265,1
34266,7
34267,2
34268,12
34269,12
34270,1
34271,9
34272,9
34273,8
34274,11
34275,7
34276,8
34277,1
34278,9
34279,13
34280,5
34281,11
34282,9
34283,1
34284,11
34285,2
34286,1
34287,1
34288,2
34289,15
34290,11
34291,1
34292,19
34293,13
34294,7
34295,4
34296,11
34297,12
34298,2
34299,17
34300,8
34301,18
34302,6
34303,1
34304,5
34305,0
34306,10
34307,6
34308,7
34309,4
34310,19
34311,11
34312,20
34313,5
34314,1
34315,10
34316,2
34317,7
34318,6
34319,20
34320,7
34321,1
34322,5
34323,6
34324,1
34325,8
34326,7
34327,10
34328,1
34329,2
34330,16
34331,18
34332,9
34333,2
34334,7
34335,19
34336,1
34337,9
34338,11
34339,7
34340,11
34341,6
34342,1
34343,4
34344,1
34345,12
34346,9
34347,11
34348,20
34349,11
34350,8
34351,1
34352,1
34353,1
34354,0
34355,0
34356,21
34357,11
34358,1
34359,8
34360,10
34361,7
34362,7
34363,11
34364,1
34365,14
34366,4
34367,7
34368,1
34369,9
34370,11
34371,5
34372,7
34373,0
34374,7
34375,5
34376,9
34377,7
34378,5
34379,4
34380,1
34381,1
34382,1
34383,11
34384,9
34385,11
34386,4
34387,17
34388,16
34389,1
34390,3
34391,18
34392,13
34393,13
34394,8
34395,11
34396,2
34397,11
34398,11
34399,8
34400,2
34401,11
34402,18
34403,1
34404,1
34405,2
34406,1
34407,3
34408,13
34409,11
34410,11
34411,9
34412,10
34413,12
34414,6
34415,20
34416,8
34417,13
34418,7
34419,11
34420,11
34421,2
34422,8
34423,4
34424,9
34425,1
34426,1
34427,19
34428,1
34429,3
34430,5
34431,2
34432,7
34433,11
34434,2
34435,8
34436,17
34437,0
34438,10
34439,19
34440,2
34441,1
34442,16
34443,8
34444,4
34445,11
34446,2
34447,10
34448,9
34449,4
34450,7
34451,17
34452,2
34453,3
34454,0
34455,12
34456,8
34457,8
34458,9
34459,2
34460,1
34461,16
34462,9
34463,0
34464,20
34465,1
34466,7
34467,11
34468,1
34469,1
34470,1
34471,11
34472,5
34473,15
34474,6
34475,13
34476,9
34477,14
34478,11
34479,1
34480,5
34481,8
34482,19
34483,3
34484,10
34485,7
34486,5
34487,0
34488,11
34489,9
34490,5
34491,9
34492,9
34493,12
34494,1
34495,1
34496,9
34497,11
34498,1
34499,7
34500,16
34501,19
34502,9
34503,8
34504,9
34505,1
34506,9
34507,5
34508,9
34509,3
34510,1
34511,16
34512,10
34513,9
34514,1
34515,11
34516,1
34517,0
34518,0
34519,17
34520,16
34521,8
34522,8
34523,6
34524,9
34525,6
34526,1
34527,1
34528,11
34529,9
34530,9
34531,10
34532,17
34533,10
34534,1
34535,0
34536,0
34537,5
34538,2
34539,9
34540,17
34541,9
34542,1
34543,3
34544,13
34545,8
34546,8
34547,1
34548,17
34549,11
34550,8
34551,1
34552,11
34553,4
34554,7
34555,8
34556,8
34557,11
34558,9
34559,2
34560,4
34561,1
34562,2
34563,5
34564,6
34565,9
34566,11
34567,2
34568,11
34569,18
34570,2
34571,8
34572,1
34573,1
34574,9
34575,9
34576,1
34577,1
34578,1
34579,11
34580,17
34581,4
34582,3
34583,5
34584,16
34585,11
34586,11
34587,11
34588,8
34589,5
34590,1
34591,3
34592,1
34593,9
34594,15
34595,15
34596,0
34597,9
34598,10
34599,1
34600,11
34601,6
34602,1
34603,9
34604,10
34605,1
34606,11
34607,8
34608,1
34609,4
34610,11
34611,2
34612,4
34613,11
34614,14
34615,5
34616,1
34617,1
34618,3
34619,2
34620,0
34621,13
34622,9
34623,1
34624,12
34625,7
34626,1
34627,2
34628,6
34629,4
34630,9
34631,2
34632,19
34633,4
34634,11
34635,13
34636,17
34637,10
34638,1
34639,7
34640,7
34641,3
34642,0
34643,1
34644,19
34645,17
34646,9
34647,11
34648,11
34649,21
34650,9
34651,1
34652,5
34653,19
34654,11
34655,6
34656,1
34657,9
34658,2
34659,11
34660,16
34661,1
34662,1
34663,11
34664,8
34665,9
34666,7
34667,1
34668,20
34669,17
34670,11
34671,0
34672,1
34673,8
34674,20
34675,10
34676,11
34677,14
34678,8
34679,16
34680,8
34681,15
34682,17
34683,10
34684,8
34685,8
34686,1
34687,9
34688,13
34689,2
34690,7
34691,12
34692,3
34693,16
34694,9
34695,6
34696,1
34697,12
34698,5
34699,7
34700,13
34701,13
34702,10
34703,2
34704,2
34705,1
34706,12
34707,9
34708,12
34709,3
34710,1
34711,15
34712,1
34713,19
34714,10
34715,11
34716,8
34717,2
34718,4
34719,2
34720,7
34721,2
34722,11
34723,5
34724,1
34725,7
34726,11
34727,11
34728,5
34729,9
34730,10
34731,1
34732,8
34733,2
34734,7
34735,11
34736,1
34737,3
34738,1
34739,20
34740,13
34741,2
34742,7
34743,5
34744,9
34745,5
34746,10
34747,1
34748,3
34749,6
34750,5
34751,3
34752,1
34753,5
34754,11
34755,13
34756,21
34757,1
34758,3
34759,9
34760,1
34761,11
34762,1
34763,4
34764,15
34765,4
34766,11
34767,4
34768,12
34769,8
34770,18
34771,8
34772,8
34773,7
34774,2
34775,8
34776,8
34777,6
34778,16
34779,4
34780,8
34781,3
34782,19
34783,7
34784,17
34785,19
34786,1
34787,2
34788,14
34789,5
34790,0
34791,11
34792,8
34793,2
34794,5
34795,2
34796,1
34797,10
34798,17
34799,2
34800,12
34801,11
34802,5
34803,12
34804,0
34805,1
34806,19
34807,13
34808,8
34809,15
34810,1
34811,2
34812,3
34813,3
34814,1
34815,2
34816,15
34817,12
34818,1
34819,7
34820,4
34821,16
34822,11
34823,17
34824,2
34825,1
34826,0
34827,1
34828,9
34829,3
34830,1
34831,9
34832,6
34833,11
34834,5
34835,16
34836,1
34837,17
34838,0
34839,3
34840,15
34841,3
34842,12
34843,11
34844,1
34845,1
34846,11
34847,6
34848,8
34849,3
34850,3
34851,6
34852,6
34853,1
34854,9
34855,1
34856,12
34857,8
34858,8
34859,15
34860,14
34861,10
34862,11
34863,3
34864,11
34865,11
34866,1
34867,0
34868,12
34869,5
34870,1
34871,19
34872,7
34873,21
34874,9
34875,11
34876,10
34877,5
34878,1
34879,21
34880,15
34881,2
34882,11
34883,11
34884,13
34885,4
34886,13
34887,5
34888,4
34889,18
34890,1
34891,15
34892,9
34893,0
34894,3
34895,0
34896,16
34897,12
34898,3
34899,8
34900,12
34901,8
34902,13
34903,7
34904,2
34905,14
34906,3
34907,3
34908,1
34909,11
34910,5
34911,11
34912,5
34913,13
34914,1
34915,10
34916,16
34917,12
34918,11
34919,18
34920,1
34921,5
34922,11
34923,8
34924,8
34925,18
34926,2
34927,2
34928,10
34929,7
34930,9
34931,9
34932,17
34933,6
34934,1
34935,10
34936,3
34937,12
34938,5
34939,14
34940,5
34941,8
34942,1
34943,13
34944,7
34945,6
34946,11
34947,1
34948,11
34949,6
34950,2
34951,11
34952,5
34953,13
34954,11
34955,6
34956,11
34957,11
34958,1
34959,3
34960,16
34961,9
34962,2
34963,1
34964,1
34965,5
34966,17
34967,11
34968,2
34969,1
34970,11
34971,3
34972,1
34973,7
34974,9
34975,6
34976,17
34977,3
34978,7
34979,19
34980,17
34981,7
34982,7
34983,11
34984,1
34985,11
34986,2
34987,6
34988,10
34989,1
34990,11
34991,14
34992,1
34993,11
34994,7
34995,19
34996,7
34997,7
34998,9
34999,0
35000,10
35001,15
35002,17
35003,4
35004,7
35005,7
35006,5
35007,13
35008,10
35009,18
35010,11
35011,8
35012,7
35013,6
35014,5
35015,5
35016,2
35017,4
35018,9
35019,20
35020,9
35021,1
35022,1
35023,2
35024,19
35025,6
35026,5
35027,4
35028,16
35029,17
35030,1
35031,11
35032,8
35033,3
35034,3
35035,3
35036,21
35037,8
35038,9
35039,2
35040,2
35041,21
35042,11
35043,3
35044,11
35045,1
35046,0
35047,10
35048,6
35049,19
35050,1
35051,8
35052,1
35053,1
35054,8
35055,1
35056,2
35057,11
35058,12
35059,7
35060,1
35061,11
35062,11
35063,1
35064,7
35065,1
35066,8
35067,5
35068,2
35069,1
35070,9
35071,20
35072,4
35073,11
35074,8
35075,9
35076,1
35077,11
35078,11
35079,7
35080,5
35081,3
35082,6
35083,7
35084,1
35085,11
35086,8
35087,17
35088,9
35089,1
35090,7
35091,8
35092,2
35093,7
35094,6
35095,11
35096,11
35097,9
35098,5
35099,17
35100,3
35101,3
35102,6
35103,7
35104,7
35105,10
35106,9
35107,7
35108,1
35109,0
35110,12
35111,4
35112,7
35113,0
35114,2
35115,17
35116,11
35117,9
35118,4
35119,3
35120,6
35121,1
35122,6
35123,7
35124,10
35125,1
35126,14
35127,3
35128,7
35129,19
35130,9
35131,0
35132,0
35133,19
35134,1
35135,8
35136,1
35137,7
35138,16
35139,12
35140,1
35141,10
35142,10
35143,7
35144,3
35145,10
35146,4
35147,20
35148,11
35149,11
35150,0
35151,17
35152,11
35153,11
35154,1
35155,12
35156,0
35157,3
35158,0
35159,4
35160,12
35161,16
35162,10
35163,2
35164,7
35165,11
35166,3
35167,8
35168,1
35169,17
35170,4
35171,1
35172,11
35173,1
35174,1
35175,1
35176,11
35177,1
35178,0
35179,11
35180,9
35181,0
35182,16
35183,1
35184,16
35185,17
35186,7
35187,4
35188,9
35189,0
35190,17
35191,11
35192,16
35193,1
35194,7
35195,0
35196,10
35197,3
35198,9
35199,1
35200,11
35201,1
35202,5
35203,19
35204,6
35205,11
35206,8
35207,11
35208,6
35209,3
35210,7
35211,17
35212,1
35213,2
35214,17
35215,11
35216,15
35217,16
35218,11
35219,11
35220,17
35221,19
35222,13
35223,3
35224,4
35225,1
35226,16
35227,11
35228,1
35229,1
35230,0
35231,1
35232,3
35233,4
35234,8
35235,0
35236,1
35237,8
35238,2
35239,15
35240,2
35241,3
35242,0
35243,3
35244,8
35245,1
35246,11
35247,7
35248,16
35249,16
35250,9
35251,1
35252,2
35253,1
35254,7
35255,14
35256,11
35257,9
35258,11
35259,12
35260,5
35261,19
35262,0
35263,1
35264,1
35265,1
35266,13
35267,1
35268,10
35269,8
35270,9
35271,19
35272,0
35273,14
35274,11
35275,7
35276,17
35277,9
35278,11
35279,13
35280,11
35281,8
35282,2
35283,15
35284,0
35285,1
35286,11
35287,11
35288,12
35289,9
35290,11
35291,11
35292,5
35293,11
35294,6
35295,11
35296,15
35297,9
35298,1
35299,9
35300,10
35301,19
35302,1
35303,4
35304,11
35305,1
35306,15
35307,12
35308,1
35309,14
35310,1
35311,11
35312,4
35313,2
35314,8
35315,11
35316,11
35317,9
35318,15
35319,15
35320,19
35321,9
35322,8
35323,2
35324,1
35325,12
35326,8
35327,2
35328,13
35329,3
35330,3
35331,3
35332,17
35333,1
35334,1
35335,1
35336,5
35337,10
35338,1
35339,20
35340,15
35341,11
35342,13
35343,8
35344,11
35345,16
35346,6
35347,12
35348,11
35349,3
35350,6
35351,2
35352,5
35353,1
35354,11
35355,8
35356,10
35357,2
35358,1
35359,4
35360,6
35361,12
35362,5
35363,8
35364,11
35365,13
35366,1
35367,7
35368,3
35369,11
35370,5
35371,10
35372,3
35373,10
35374,2
35375,11
35376,2
35377,13
35378,13
35379,16
35380,5
35381,3
35382,5
35383,9
35384,11
35385,1
35386,10
35387,15
35388,20
35389,10
35390,11
35391,8
35392,12
35393,9
35394,19
35395,1
35396,4
35397,11
35398,1
35399,1
35400,19
35401,6
35402,7
35403,3
35404,2
35405,1
35406,0
35407,16
35408,1
35409,16
35410,20
35411,16
35412,15
35413,10
35414,9
35415,6
35416,8
35417,1
35418,20
35419,2
35420,18
35421,17
35422,17
35423,11
35424,7
35425,16
35426,11
35427,19
35428,1
35429,1
35430,0
35431,2
35432,7
35433,1
35434,14
35435,2
35436,1
35437,1
35438,7
35439,12
35440,11
35441,6
35442,9
35443,6
35444,9
35445,1
35446,16
35447,5
35448,3
35449,11
35450,7
35451,7
35452,11
35453,14
35454,5
35455,1
35456,5
35457,0
35458,1
35459,9
35460,1
35461,16
35462,19
35463,6
35464,11
35465,8
35466,0
35467,14
35468,8
35469,6
35470,1
35471,1
35472,11
35473,12
35474,6
35475,14
35476,8
35477,1
35478,13
35479,12
35480,5
35481,12
35482,15
35483,2
35484,10
35485,1
35486,2
35487,6
35488,7
35489,3
35490,10
35491,10
35492,18
35493,10
35494,2
35495,1
35496,3
35497,6
35498,20
35499,1
35500,10
35501,9
35502,6
35503,5
35504,1
35505,1
35506,9
35507,7
35508,19
35509,8
35510,6
35511,1
35512,2
35513,10
35514,13
35515,20
35516,1
35517,2
35518,5
35519,7
35520,11
35521,1
35522,7
35523,9
35524,16
35525,1
35526,14
35527,3
35528,7
35529,6
35530,8
35531,9
35532,9
35533,7
35534,11
35535,2
35536,6
35537,2
35538,13
35539,13
35540,0
35541,5
35542,8
35543,15
35544,1
35545,0
35546,11
35547,10
35548,8
35549,5
35550,3
35551,9
35552,1
35553,17
35554,1
35555,1
35556,0
35557,2
35558,4
35559,3
35560,11
35561,17
35562,1
35563,2
35564,1
35565,1
35566,11
35567,18
35568,9
35569,1
35570,17
35571,0
35572,1
35573,7
35574,12
35575,11
35576,12
35577,8
35578,17
35579,17
35580,7
35581,1
35582,9
35583,19
35584,6
35585,12
35586,9
35587,11
35588,6
35589,20
35590,14
35591,6
35592,11
35593,11
35594,1
35595,1
35596,9
35597,1
35598,10
35599,9
35600,9
35601,10
35602,12
35603,16
35604,1
35605,17
35606,19
35607,0
35608,17
35609,17
35610,12
35611,19
35612,20
35613,5
35614,5
35615,12
35616,9
35617,17
35618,15
35619,11
35620,1
35621,11
35622,5
35623,15
35624,2
35625,11
35626,19
35627,6
35628,7
35629,0
35630,1
35631,18
35632,1
35633,1
35634,7
35635,7
35636,1
35637,17
35638,1
35639,17
35640,12
35641,7
35642,9
35643,7
35644,8
35645,9
35646,14
35647,1
35648,1
35649,6
35650,9
35651,2
35652,10
35653,0
35654,2
35655,2
35656,3
35657,8
35658,6
35659,9
35660,17
35661,1
35662,6
35663,6
35664,3
35665,15
35666,18
35667,10
35668,1
35669,15
35670,7
35671,12
35672,16
35673,1
35674,11
35675,4
35676,3
35677,7
35678,18
35679,19
35680,2
35681,19
35682,6
35683,8
35684,7
35685,7
35686,17
35687,13
35688,1
35689,2
35690,8
35691,13
35692,10
35693,5
35694,8
35695,5
35696,11
35697,1
35698,11
35699,0
35700,9
35701,9
35702,12
35703,13
35704,1
35705,17
35706,10
35707,5
35708,1
35709,3
35710,11
35711,1
35712,12
35713,8
35714,18
35715,9
35716,7
35717,7
35718,7
35719,7
35720,4
35721,12
35722,1
35723,1
35724,1
35725,9
35726,5
35727,0
35728,19
35729,2
35730,9
35731,20
35732,2
35733,1
35734,5
35735,19
35736,12
35737,15
35738,20
35739,12
35740,1
35741,9
35742,5
35743,11
35744,8
35745,6
35746,8
35747,9
35748,3
35749,3
35750,3
35751,12
35752,5
35753,9
35754,1
35755,1
35756,2
35757,1
35758,17
35759,12
35760,8
35761,11
35762,13
35763,0
35764,1
35765,5
35766,7
35767,12
35768,13
35769,6
35770,1
35771,20
35772,9
35773,5
35774,15
35775,1
35776,17
35777,11
35778,18
35779,17
35780,0
35781,11
35782,8
35783,1
35784,10
35785,1
35786,19
35787,16
35788,9
35789,6
35790,17
35791,1
35792,17
35793,2
35794,1
35795,15
35796,8
35797,5
35798,1
35799,12
35800,11
35801,9
35802,17
35803,2
35804,8
35805,16
35806,2
35807,2
35808,17
35809,21
35810,10
35811,2
35812,0
35813,10
35814,5
35815,6
35816,9
35817,1
35818,6
35819,16
35820,3
35821,12
35822,18
35823,12
35824,6
35825,1
35826,9
35827,0
35828,11
35829,1
35830,11
35831,11
35832,9
35833,5
35834,16
35835,5
35836,9
35837,8
35838,9
35839,14
35840,5
35841,10
35842,1
35843,3
35844,10
35845,6
35846,3
35847,18
35848,7
35849,1
35850,2
35851,11
35852,1
35853,7
35854,6
35855,1
35856,5
35857,11
35858,8
35859,1
35860,9
35861,0
35862,6
35863,8
35864,10
35865,2
35866,1
35867,20
35868,4
35869,2
35870,1
35871,19
35872,0
35873,17
35874,1
35875,19
35876,7
35877,20
35878,1
35879,1
35880,2
35881,9
35882,7
35883,17
35884,8
35885,19
35886,11
35887,2
35888,8
35889,2
35890,9
35891,11
35892,2
35893,17
35894,11
35895,5
35896,0
35897,5
35898,0
35899,8
35900,7
35901,6
35902,4
35903,7
35904,9
35905,6
35906,3
35907,3
35908,17
35909,9
35910,7
35911,11
35912,11
35913,1
35914,6
35915,7
35916,2
35917,16
35918,8
35919,8
35920,16
35921,3
35922,1
35923,3
35924,6
35925,11
35926,5
35927,1
35928,19
35929,12
35930,15
35931,19
35932,18
35933,9
35934,0
35935,9
35936,10
35937,2
35938,5
35939,8
35940,1
35941,1
35942,19
35943,11
35944,11
35945,11
35946,14
35947,3
35948,11
35949,1
35950,11
35951,2
35952,7
35953,1
35954,6
35955,6
35956,7
35957,8
35958,1
35959,2
35960,12
35961,6
35962,5
35963,4
35964,1
35965,14
35966,1
35967,10
35968,19
35969,9
35970,12
35971,0
35972,9
35973,6
35974,8
35975,19
35976,0
35977,11
35978,2
35979,1
35980,1
35981,1
35982,3
35983,1
35984,17
35985,13
35986,14
35987,19
35988,1
35989,2
35990,12
35991,9
35992,7
35993,12
35994,9
35995,11
35996,6
35997,5
35998,10
35999,9
36000,1
36001,13
36002,11
36003,10
36004,7
36005,11
36006,1
36007,19
36008,12
36009,9
36010,15
36011,11
36012,17
36013,21
36014,9
36015,9
36016,12
36017,5
36018,5
36019,0
36020,1
36021,15
36022,6
36023,1
36024,2
36025,9
36026,4
36027,5
36028,4
36029,11
36030,11
36031,2
36032,13
36033,7
36034,13
36035,2
36036,7
36037,10
36038,1
36039,12
36040,11
36041,4
36042,18
36043,1
36044,0
36045,1
36046,16
36047,17
36048,11
36049,1
36050,4
36051,0
36052,1
36053,1
36054,7
36055,6
36056,15
36057,8
36058,9
36059,6
36060,10
36061,2
36062,11
36063,16
36064,1
36065,3
36066,6
36067,6
36068,1
36069,6
36070,4
36071,9
36072,8
36073,11
36074,0
36075,1
36076,1
36077,7
36078,18
36079,9
36080,2
36081,1
36082,10
36083,9
36084,17
36085,13
36086,5
36087,5
36088,17
36089,13
36090,3
36091,19
36092,1
36093,9
36094,1
36095,13
36096,16
36097,4
36098,15
36099,9
36100,7
36101,7
36102,7
36103,9
36104,16
36105,17
36106,9
36107,11
36108,19
36109,13
36110,1
36111,8
36112,9
36113,17
36114,9
36115,18
36116,12
36117,1
36118,1
36119,14
36120,1
36121,19
36122,11
36123,7
36124,7
36125,11
36126,17
36127,14
36128,11
36129,6
36130,1
36131,6
36132,11
36133,15
36134,2
36135,19
36136,5
36137,6
36138,5
36139,13
36140,11
36141,12
36142,1
36143,9
36144,9
36145,3
36146,8
36147,1
36148,17
36149,10
36150,10
36151,1
36152,11
36153,11
36154,2
36155,17
36156,17
36157,4
36158,1
36159,7
36160,16
36161,11
36162,11
36163,1
36164,2
36165,17
36166,20
36167,11
36168,5
36169,1
36170,1
36171,16
36172,10
36173,6
36174,8
36175,1
36176,15
36177,15
36178,0
36179,4
36180,7
36181,14
36182,19
36183,12
36184,7
36185,6
36186,1
36187,1
36188,2
36189,1
36190,2
36191,14
36192,4
36193,1
36194,2
36195,6
36196,0
36197,3
36198,20
36199,3
36200,6
36201,9
36202,9
36203,2
36204,11
36205,1
36206,9
36207,1
36208,6
36209,1
36210,6
36211,10
36212,6
36213,17
36214,17
36215,8
36216,1
36217,2
36218,17
36219,17
36220,12
36221,16
36222,6
36223,11
36224,3
36225,11
36226,1
36227,12
36228,7
36229,6
36230,8
36231,2
36232,7
36233,4
36234,1
36235,17
36236,1
36237,7
36238,1
36239,8
36240,1
36241,1
36242,1
36243,3
36244,2
36245,6
36246,0
36247,9
36248,6
36249,9
36250,9
36251,19
36252,19
36253,12
36254,9
36255,16
36256,1
36257,8
36258,7
36259,5
36260,21
36261,3
36262,5
36263,6
36264,0
36265,12
36266,5
36267,11
36268,15
36269,9
36270,12
36271,3
36272,11
36273,8
36274,1
36275,11
36276,1
36277,19
36278,8
36279,11
36280,10
36281,16
36282,19
36283,19
36284,5
36285,1
36286,0
36287,1
36288,3
36289,1
36290,17
36291,10
36292,3
36293,1
36294,6
36295,8
36296,6
36297,1
36298,2
36299,1
36300,14
36301,11
36302,11
36303,11
36304,1
36305,5
36306,3
36307,1
36308,8
36309,5
36310,1
36311,8
36312,19
36313,9
36314,12
36315,1
36316,1
36317,6
36318,1
36319,1
36320,6
36321,9
36322,0
36323,12
36324,15
36325,8
36326,0
36327,11
36328,8
36329,17
36330,11
36331,3
36332,9
36333,12
36334,1
36335,2
36336,7
36337,6
36338,8
36339,8
36340,16
36341,2
36342,1
36343,9
36344,4
36345,1
36346,1
36347,1
36348,21
36349,2
36350,2
36351,12
36352,7
36353,14
36354,0
36355,12
36356,7
36357,1
36358,0
36359,14
36360,1
36361,1
36362,13
36363,0
36364,0
36365,19
36366,19
36367,11
36368,1
36369,1
36370,19
36371,6
36372,9
36373,0
36374,3
36375,9
36376,11
36377,5
36378,1
36379,3
36380,2
36381,1
36382,7
36383,15
36384,5
36385,2
36386,11
36387,11
36388,1
36389,3
36390,4
36391,11
36392,7
36393,6
36394,3
36395,11
36396,20
36397,12
36398,5
36399,10
36400,11
36401,2
36402,10
36403,5
36404,1
36405,7
36406,7
36407,2
36408,11
36409,2
36410,7
36411,11
36412,11
36413,6
36414,3
36415,10
36416,11
36417,8
36418,8
36419,4
36420,14
36421,8
36422,19
36423,1
36424,16
36425,5
36426,8
36427,1
36428,10
36429,20
36430,1
36431,12
36432,15
36433,11
36434,11
36435,3
36436,14
36437,18
36438,12
36439,1
36440,13
36441,11
36442,6
36443,1
36444,6
36445,4
36446,5
36447,11
36448,1
36449,1
36450,9
36451,1
36452,2
36453,11
36454,10
36455,0
36456,0
36457,7
36458,19
36459,1
36460,0
36461,12
36462,14
36463,2
36464,12
36465,15
36466,7
36467,2
36468,9
36469,1
36470,11
36471,1
36472,0
36473,18
36474,11
36475,21
36476,12
36477,7
36478,1
36479,1
36480,18
36481,9
36482,11
36483,3
36484,9
36485,4
36486,19
36487,9
36488,16
36489,3
36490,1
36491,12
36492,15
36493,11
36494,7
36495,1
36496,17
36497,9
36498,11
36499,4
36500,14
36501,11
36502,9
36503,13
36504,6
36505,9
36506,1
36507,4
36508,11
36509,8
36510,1
36511,9
36512,7
36513,9
36514,16
36515,1
36516,9
36517,9
36518,1
36519,4
36520,3
36521,5
36522,11
36523,0
36524,7
36525,5
36526,12
36527,10
36528,3
36529,1
36530,0
36531,17
36532,10
36533,1
36534,11
36535,15
36536,16
36537,4
36538,2
36539,2
36540,7
36541,0
36542,1
36543,6
36544,7
36545,11
36546,1
36547,6
36548,11
36549,7
36550,2
36551,17
36552,0
36553,12
36554,17
36555,11
36556,1
36557,11
36558,9
36559,1
36560,17
36561,5
36562,1
36563,1
36564,1
36565,18
36566,12
36567,2
36568,19
36569,1
36570,7
36571,8
36572,1
36573,16
36574,7
36575,8
36576,3
36577,9
36578,17
36579,8
36580,9
36581,4
36582,1
36583,7
36584,11
36585,7
36586,20
36587,2
36588,18
36589,20
36590,3
36591,3
36592,11
36593,11
36594,1
36595,7
36596,1
36597,4
36598,12
36599,2
36600,5
36601,8
36602,5
36603,3
36604,7
36605,1
36606,8
36607,1
36608,2
36609,4
36610,1
36611,11
36612,2
36613,3
36614,11
36615,4
36616,11
36617,17
36618,17
36619,9
36620,12
36621,7
36622,8
36623,1
36624,1
36625,11
36626,1
36627,14
36628,6
36629,1
36630,12
36631,11
36632,1
36633,4
36634,2
36635,4
36636,11
36637,1
36638,11
36639,5
36640,9
36641,2
36642,1
36643,1
36644,3
36645,2
36646,1
36647,3
36648,1
36649,10
36650,13
36651,1
36652,17
36653,9
36654,4
36655,11
36656,4
36657,8
36658,9
36659,1
36660,7
36661,15
36662,3
36663,9
36664,7
36665,3
36666,8
36667,0
36668,16
36669,11
36670,1
36671,16
36672,8
36673,21
36674,1
36675,8
36676,8
36677,7
36678,11
36679,5
36680,3
36681,12
36682,9
36683,18
36684,1
36685,17
36686,16
36687,3
36688,18
36689,1
36690,1
36691,11
36692,17
36693,1
36694,1
36695,12
36696,6
36697,1
36698,2
36699,19
36700,11
36701,0
36702,4
36703,7
36704,14
36705,7
36706,7
36707,11
36708,11
36709,6
36710,4
36711,17
36712,19
36713,11
36714,2
36715,21
36716,19
36717,9
36718,5
36719,7
36720,0
36721,17
36722,9
36723,6
36724,1
36725,10
36726,18
36727,1
36728,11
36729,6
36730,15
36731,10
36732,16
36733,3
36734,17
36735,7
36736,18
36737,0
36738,3
36739,19
36740,1
36741,8
36742,2
36743,11
36744,17
36745,1
36746,1
36747,9
36748,11
36749,19
36750,19
36751,11
36752,1
36753,11
36754,11
36755,8
36756,6
36757,11
36758,4
36759,1
36760,11
36761,1
36762,17
36763,13
36764,1
36765,0
36766,8
36767,12
36768,1
36769,16
36770,11
36771,15
36772,4
36773,1
36774,2
36775,3
36776,7
36777,21
36778,11
36779,14
36780,20
36781,6
36782,7
36783,19
36784,9
36785,16
36786,9
36787,5
36788,7
36789,11
36790,8
36791,12
36792,3
36793,16
36794,1
36795,1
36796,11
36797,9
36798,19
36799,3
36800,7
36801,15
36802,10
36803,4
36804,16
36805,3
36806,1
36807,11
36808,1
36809,9
36810,19
36811,9
36812,1
36813,1
36814,11
36815,1
36816,12
36817,12
36818,16
36819,1
36820,11
36821,16
36822,1
36823,1
36824,0
36825,4
36826,1
36827,7
36828,12
36829,17
36830,1
36831,10
36832,16
36833,19
36834,19
36835,12
36836,14
36837,6
36838,1
36839,1
36840,16
36841,2
36842,1
36843,7
36844,11
36845,9
36846,12
36847,1
36848,19
36849,8
36850,8
36851,8
36852,19
36853,13
36854,0
36855,9
36856,1
36857,16
36858,11
36859,4
36860,11
36861,19
36862,11
36863,13
36864,11
36865,2
36866,5
36867,19
36868,18
36869,2
36870,10
36871,1
36872,11
36873,4
36874,7
36875,12
36876,7
36877,4
36878,13
36879,1
36880,1
36881,19
36882,7
36883,9
36884,13
36885,12
36886,20
36887,20
36888,4
36889,19
36890,11
36891,0
36892,0
36893,9
36894,6
36895,0
36896,5
36897,1
36898,1
36899,5
36900,9
36901,1
36902,1
36903,19
36904,16
36905,7
36906,21
36907,12
36908,3
36909,6
36910,19
36911,9
36912,16
36913,3
36914,1
36915,7
36916,1
36917,7
36918,8
36919,8
36920,8
36921,2
36922,1
36923,16
36924,1
36925,1
36926,1
36927,13
36928,8
36929,12
36930,9
36931,7
36932,9
36933,11
36934,8
36935,9
36936,11
36937,8
36938,1
36939,0
36940,1
36941,8
36942,5
36943,4
36944,5
36945,9
36946,11
36947,0
36948,6
36949,5
36950,8
36951,1
36952,0
36953,5
36954,1
36955,19
36956,5
36957,17
36958,8
36959,9
36960,1
36961,14
36962,1
36963,9
36964,9
36965,2
36966,17
36967,2
36968,1
36969,12
36970,2
36971,8
36972,9
36973,1
36974,17
36975,1
36976,11
36977,6
36978,10
36979,2
36980,18
36981,19
36982,10
36983,5
36984,4
36985,3
36986,11
36987,2
36988,6
36989,15
36990,19
36991,7
36992,1
36993,11
36994,8
36995,1
36996,0
36997,2
36998,1
36999,2
37000,1
37001,2
37002,1
37003,7
37004,6
37005,16
37006,16
37007,1
37008,0
37009,7
37010,2
37011,13
37012,15
37013,1
37014,16
37015,19
37016,3
37017,8
37018,8
37019,18
37020,5
37021,6
37022,5
37023,1
37024,11
37025,3
37026,10
37027,2
37028,17
37029,9
37030,1
37031,17
37032,5
37033,7
37034,3
37035,1
37036,1
37037,7
37038,19
37039,20
37040,12
37041,6
37042,17
37043,15
37044,21
37045,6
37046,9
37047,1
37048,1
37049,7
37050,11
37051,8
37052,15
37053,17
37054,1
37055,12
37056,1
37057,0
37058,14
37059,10
37060,3
37061,5
37062,7
37063,9
37064,5
37065,0
37066,1
37067,19
37068,21
37069,10
37070,6
37071,11
37072,1
37073,4
37074,16
37075,1
37076,9
37077,5
37078,12
37079,16
37080,0
37081,11
37082,6
37083,1
37084,9
37085,11
37086,6
37087,1
37088,7
37089,15
37090,7
37091,12
37092,8
37093,9
37094,9
37095,9
37096,9
37097,16
37098,0
37099,10
37100,1
37101,19
37102,1
37103,2
37104,6
37105,1
37106,6
37107,4
37108,1
37109,0
37110,6
37111,1
37112,3
37113,7
37114,11
37115,18
37116,2
37117,2
37118,1
37119,1
37120,2
37121,10
37122,12
37123,1
37124,3
37125,9
37126,15
37127,1
37128,9
37129,10
37130,20
37131,10
37132,21
37133,4
37134,0
37135,5
37136,0
37137,7
37138,6
37139,17
37140,3
37141,5
37142,1
37143,9
37144,9
37145,8
37146,17
37147,11
37148,8
37149,16
37150,7
37151,14
37152,10
37153,8
37154,9
37155,2
37156,2
37157,2
37158,19
37159,12
37160,19
37161,1
37162,2
37163,14
37164,8
37165,4
37166,6
37167,11
37168,1
37169,6
37170,14
37171,5
37172,11
37173,4
37174,5
37175,12
37176,7
37177,17
37178,1
37179,2
37180,1
37181,5
37182,1
37183,2
37184,2
37185,11
37186,7
37187,1
37188,9
37189,5
37190,11
37191,11
37192,1
37193,1
37194,4
37195,1
37196,14
37197,11
37198,1
37199,1
37200,1
37201,2
37202,6
37203,16
37204,11
37205,9
37206,3
37207,3
37208,1
37209,12
37210,3
37211,3
37212,1
37213,7
37214,11
37215,1
37216,11
37217,3
37218,9
37219,6
37220,15
37221,9
37222,12
37223,8
37224,1
37225,2
37226,8
37227,14
37228,3
37229,0
37230,12
37231,19
37232,11
37233,17
37234,16
37235,16
37236,11
37237,8
37238,14
37239,6
37240,6
37241,8
37242,10
37243,17
37244,3
37245,9
37246,2
37247,15
37248,4
37249,13
37250,5
37251,18
37252,7
37253,1
37254,6
37255,4
37256,6
37257,0
37258,11
37259,3
37260,0
37261,19
37262,12
37263,1
37264,2
37265,1
37266,4
37267,9
37268,1
37269,6
37270,16
37271,1
37272,19
37273,8
37274,13
37275,1
37276,10
37277,9
37278,3
37279,7
37280,11
37281,6
37282,1
37283,7
37284,10
37285,8
37286,15
37287,2
37288,5
37289,2
37290,7
37291,8
37292,12
37293,13
37294,7
37295,11
37296,9
37297,9
37298,10
37299,11
37300,6
37301,1
37302,6
37303,7
37304,11
37305,3
37306,15
37307,1
37308,7
37309,5
37310,2
37311,11
37312,17
37313,3
37314,1
37315,19
37316,10
37317,1
37318,1
37319,14
37320,3
37321,3
37322,8
37323,4
37324,11
37325,8
37326,19
37327,4
37328,2
37329,10
37330,3
37331,0
37332,1
37333,15
37334,9
37335,10
37336,1
37337,1
37338,9
37339,17
37340,19
37341,4
37342,5
37343,18
37344,21
37345,8
37346,11
37347,19
37348,8
37349,2
37350,6
37351,0
37352,2
37353,1
37354,11
37355,15
37356,11
37357,1
37358,3
37359,3
37360,2
37361,11
37362,6
37363,11
37364,2
37365,5
37366,15
37367,1
37368,7
37369,5
37370,6
37371,2
37372,17
37373,4
37374,8
37375,11
37376,9
37377,0
37378,1
37379,0
37380,11
37381,14
37382,20
37383,7
37384,7
37385,13
37386,15
37387,19
37388,15
37389,14
37390,2
37391,7
37392,12
37393,9
37394,1
37395,2
37396,9
37397,2
37398,9
37399,15
37400,8
37401,11
37402,13
37403,18
37404,15
37405,13
37406,7
37407,11
37408,19
37409,10
37410,14
37411,8
37412,10
37413,6
37414,3
37415,7
37416,6
37417,1
37418,6
37419,1
37420,1
37421,1
37422,8
37423,5
37424,6
37425,4
37426,10
37427,1
37428,9
37429,8
37430,1
37431,2
37432,9
37433,6
37434,1
37435,7
37436,2
37437,11
37438,13
37439,10
37440,1
37441,7
37442,7
37443,1
37444,19
37445,5
37446,2
37447,20
37448,11
37449,4
37450,13
37451,15
37452,8
37453,2
37454,11
37455,11
37456,8
37457,6
37458,6
37459,3
37460,1
37461,16
37462,6
37463,16
37464,7
37465,1
37466,8
37467,19
37468,2
37469,9
37470,0
37471,2
37472,10
37473,13
37474,1
37475,11
37476,11
37477,1
37478,4
37479,11
37480,1
37481,6
37482,1
37483,7
37484,9
37485,19
37486,1
37487,2
37488,1
37489,1
37490,10
37491,9
37492,3
37493,9
37494,8
37495,14
37496,13
37497,17
37498,1
37499,17
37500,1
37501,8
37502,2
37503,11
37504,11
37505,1
37506,12
37507,8
37508,1
37509,11
37510,1
37511,2
37512,2
37513,20
37514,5
37515,11
37516,1
37517,6
37518,18
37519,1
37520,10
37521,12
37522,8
37523,1
37524,3
37525,10
37526,0
37527,0
37528,8
37529,2
37530,8
37531,9
37532,1
37533,1
37534,12
37535,5
37536,20
37537,13
37538,1
37539,2
37540,8
37541,1
37542,10
37543,7
37544,16
37545,1
37546,7
37547,1
37548,2
37549,5
37550,4
37551,0
37552,7
37553,11
37554,9
37555,6
37556,17
37557,19
37558,1
37559,12
37560,0
37561,8
37562,9
37563,19
37564,14
37565,21
37566,11
37567,7
37568,21
37569,19
37570,1
37571,2
37572,19
37573,16
37574,11
37575,15
37576,1
37577,7
37578,2
37579,9
37580,12
37581,11
37582,11
37583,13
37584,6
37585,7
37586,14
37587,11
37588,1
37589,12
37590,9
37591,14
37592,9
37593,13
37594,17
37595,17
37596,2
37597,2
37598,2
37599,13
37600,9
37601,1
37602,16
37603,12
37604,2
37605,6
37606,3
37607,7
37608,9
37609,2
37610,16
37611,1
37612,5
37613,7
37614,11
37615,14
37616,8
37617,1
37618,0
37619,10
37620,20
37621,6
37622,2
37623,20
37624,13
37625,7
37626,8
37627,7
37628,5
37629,0
37630,2
37631,6
37632,1
37633,1
37634,5
37635,0
37636,7
37637,9
37638,1
37639,9
37640,12
37641,11
37642,9
37643,2
37644,11
37645,15
37646,6
37647,2
37648,6
37649,10
37650,15
37651,1
37652,11
37653,9
37654,7
37655,3
37656,5
37657,1
37658,16
37659,11
37660,19
37661,7
37662,8
37663,2
37664,17
37665,9
37666,1
37667,11
37668,1
37669,1
37670,21
37671,7
37672,3
37673,15
37674,1
37675,8
37676,1
37677,9
37678,19
37679,5
37680,15
37681,15
37682,8
37683,0
37684,6
37685,3
37686,1
37687,17
37688,3
37689,14
37690,17
37691,16
37692,1
37693,10
37694,2
37695,1
37696,17
37697,0
37698,7
37699,11
37700,3
37701,3
37702,1
37703,15
37704,1
37705,11
37706,3
37707,12
37708,1
37709,1
37710,11
37711,9
37712,1
37713,17
37714,11
37715,1
37716,7
37717,0
37718,16
37719,3
37720,5
37721,1
37722,7
37723,17
37724,16
37725,10
37726,9
37727,10
37728,12
37729,9
37730,9
37731,1
37732,17
37733,10
37734,1
37735,19
37736,14
37737,1
37738,6
37739,9
37740,15
37741,8
37742,1
37743,5
37744,5
37745,1
37746,5
37747,12
37748,1
37749,15
37750,12
37751,15
37752,1
37753,3
37754,11
37755,1
37756,8
37757,1
37758,7
37759,16
37760,2
37761,9
37762,16
37763,11
37764,4
37765,1
37766,6
37767,7
37768,19
37769,3
37770,11
37771,1
37772,14
37773,19
37774,5
37775,1
37776,9
37777,10
37778,7
37779,14
37780,18
37781,2
37782,1
37783,7
37784,5
37785,7
37786,0
37787,11
37788,10
37789,1
37790,5
37791,6
37792,10
37793,6
37794,8
37795,6
37796,11
37797,8
37798,8
37799,0
37800,1
37801,7
37802,0
37803,8
37804,1
37805,11
37806,5
37807,11
37808,19
37809,1
37810,8
37811,10
37812,6
37813,8
37814,19
37815,8
37816,19
37817,1
37818,11
37819,8
37820,12
37821,15
37822,1
37823,16
37824,5
37825,1
37826,1
37827,11
37828,11
37829,9
37830,11
37831,6
37832,2
37833,13
37834,10
37835,9
37836,1
37837,2
37838,7
37839,4
37840,3
37841,5
37842,8
37843,7
37844,15
37845,1
37846,17
37847,7
37848,2
37849,12
37850,2
37851,16
37852,14
37853,9
37854,16
37855,15
37856,11
37857,11
37858,11
37859,7
37860,4
37861,8
37862,2
37863,7
37864,9
37865,11
37866,17
37867,8
37868,20
37869,0
37870,7
37871,7
37872,19
37873,1
37874,1
37875,9
37876,11
37877,2
37878,0
37879,1
37880,2
37881,13
37882,19
37883,0
37884,1
37885,7
37886,11
37887,5
37888,8
37889,3
37890,16
37891,4
37892,5
37893,19
37894,19
37895,6
37896,17
37897,3
37898,2
37899,13
37900,9
37901,4
37902,1
37903,6
37904,8
37905,9
37906,5
37907,1
37908,19
37909,16
37910,10
37911,2
37912,1
37913,8
37914,1
37915,1
37916,16
37917,13
37918,2
37919,7
37920,2
37921,8
37922,1
37923,1
37924,19
37925,19
37926,5
37927,1
37928,16
37929,5
37930,6
37931,1
37932,9
37933,0
37934,12
37935,1
37936,2
37937,5
37938,1
37939,7
37940,11
37941,19
37942,6
37943,11
37944,12
37945,2
37946,1
37947,1
37948,10
37949,16
37950,1
37951,3
37952,19
37953,1
37954,3
37955,3
37956,20
37957,11
37958,6
37959,8
37960,9
37961,0
37962,0
37963,7
37964,16
37965,0
37966,7
37967,2
37968,1
37969,1
37970,3
37971,12
37972,13
37973,1
37974,4
37975,7
37976,1
37977,0
37978,1
37979,7
37980,4
37981,4
37982,6
37983,6
37984,11
37985,12
37986,1
37987,5
37988,1
37989,2
37990,0
37991,15
37992,0
37993,0
37994,1
37995,0
37996,1
37997,15
37998,11
37999,1
38000,18
38001,11
38002,1
38003,14
38004,9
38005,1
38006,4
38007,4
38008,8
38009,9
38010,13
38011,7
38012,11
38013,1
38014,1
38015,9
38016,13
38017,20
38018,20
38019,4
38020,11
38021,6
38022,22
38023,11
38024,8
38025,4
38026,9
38027,14
38028,8
38029,2
38030,5
38031,3
38032,19
38033,1
38034,16
38035,8
38036,1
38037,11
38038,3
38039,5
38040,1
38041,9
38042,17
38043,2
38044,9
38045,11
38046,2
38047,10
38048,1
38049,11
38050,5
38051,15
38052,1
38053,14
38054,19
38055,2
38056,11
38057,9
38058,17
38059,9
38060,15
38061,1
38062,8
38063,6
38064,12
38065,19
38066,1
38067,12
38068,1
38069,11
38070,20
38071,1
38072,2
38073,9
38074,19
38075,11
38076,12
38077,6
38078,6
38079,12
38080,0
38081,11
38082,1
38083,18
38084,1
38085,8
38086,8
38087,9
38088,7
38089,10
38090,17
38091,7
38092,11
38093,0
38094,0
38095,7
38096,5
38097,8
38098,9
38099,17
38100,17
38101,3
38102,1
38103,7
38104,11
38105,5
38106,2
38107,3
38108,7
38109,9
38110,13
38111,5
38112,8
38113,11
38114,1
38115,13
38116,9
38117,12
38118,12
38119,7
38120,19
38121,7
38122,8
38123,6
38124,3
38125,9
38126,5
38127,12
38128,2
38129,16
38130,1
38131,11
38132,11
38133,5
38134,11
38135,9
38136,9
38137,12
38138,12
38139,11
38140,5
38141,2
38142,7
38143,1
38144,9
38145,6
38146,19
38147,16
38148,8
38149,13
38150,2
38151,0
38152,9
38153,8
38154,1
38155,6
38156,6
38157,10
38158,8
38159,6
38160,3
38161,8
38162,11
38163,1
38164,2
38165,5
38166,17
38167,1
38168,1
38169,19
38170,12
38171,19
38172,7
38173,1
38174,6
38175,1
38176,17
38177,8
38178,6
38179,1
38180,12
38181,1
38182,14
38183,2
38184,10
38185,17
38186,12
38187,6
38188,4
38189,19
38190,2
38191,0
38192,9
38193,9
38194,10
38195,10
38196,3
38197,11
38198,9
38199,7
38200,3
38201,7
38202,14
38203,10
38204,19
38205,16
38206,1
38207,1
38208,1
38209,12
38210,1
38211,1
38212,11
38213,11
38214,7
38215,5
38216,6
38217,1
38218,18
38219,7
38220,7
38221,6
38222,0
38223,1
38224,0
38225,1
38226,18
38227,8
38228,0
38229,3
38230,19
38231,2
38232,9
38233,12
38234,4
38235,18
38236,1
38237,8
38238,1
38239,2
38240,16
38241,1
38242,7
38243,14
38244,13
38245,16
38246,4
38247,1
38248,8
38249,18
38250,17
38251,15
38252,9
38253,14
38254,15
38255,2
38256,7
38257,3
38258,1
38259,1
38260,13
38261,1
38262,11
38263,14
38264,17
38265,1
38266,18
38267,19
38268,6
38269,1
38270,10
38271,6
38272,12
38273,1
38274,7
38275,2
38276,12
38277,10
38278,10
38279,14
38280,2
38281,8
38282,10
38283,11
38284,6
38285,2
38286,11
38287,11
38288,2
38289,5
38290,5
38291,9
38292,1
38293,11
38294,2
38295,4
38296,1
38297,8
38298,4
38299,6
38300,15
38301,11
38302,1
38303,5
38304,19
38305,1
38306,6
38307,1
38308,7
38309,6
38310,1
38311,6
38312,6
38313,2
38314,3
38315,11
38316,2
38317,5
38318,0
38319,17
38320,1
38321,6
38322,1
38323,11
38324,2
38325,3
38326,8
38327,9
38328,8
38329,20
38330,1
38331,1
38332,11
38333,7
38334,12
38335,11
38336,9
38337,1
38338,13
38339,3
38340,1
38341,9
38342,12
38343,12
38344,11
38345,3
38346,21
38347,0
38348,0
38349,8
38350,17
38351,15
38352,1
38353,17
38354,5
38355,1
38356,1
38357,7
38358,3
38359,16
38360,1
38361,1
38362,1
38363,11
38364,9
38365,2
38366,9
38367,11
38368,10
38369,0
38370,11
38371,7
38372,3
38373,15
38374,1
38375,16
38376,4
38377,11
38378,7
38379,2
38380,0
38381,9
38382,8
38383,6
38384,11
38385,13
38386,6
38387,8
38388,13
38389,21
38390,1
38391,8
38392,11
38393,14
38394,3
38395,6
38396,1
38397,1
38398,8
38399,1
38400,7
38401,9
38402,11
38403,11
38404,2
38405,15
38406,2
38407,2
38408,8
38409,2
38410,8
38411,18
38412,11
38413,9
38414,1
38415,8
38416,4
38417,2
38418,1
38419,2
38420,11
38421,0
38422,20
38423,1
38424,11
38425,8
38426,11
38427,1
38428,11
38429,2
38430,13
38431,1
38432,0
38433,3
38434,17
38435,1
38436,2
38437,9
38438,19
38439,16
38440,6
38441,9
38442,1
38443,12
38444,1
38445,3
38446,8
38447,12
38448,1
38449,21
38450,7
38451,1
38452,0
38453,11
38454,1
38455,14
38456,6
38457,11
38458,11
38459,19
38460,17
38461,1
38462,11
38463,1
38464,2
38465,9
38466,14
38467,7
38468,11
38469,11
38470,3
38471,12
38472,2
38473,7
38474,11
38475,6
38476,11
38477,8
38478,1
38479,8
38480,1
38481,13
38482,17
38483,2
38484,9
38485,1
38486,1
38487,21
38488,11
38489,3
38490,13
38491,16
38492,17
38493,14
38494,3
38495,11
38496,19
38497,17
38498,11
38499,11
38500,2
38501,15
38502,9
38503,11
38504,17
38505,19
38506,4
38507,1
38508,5
38509,1
38510,11
38511,8
38512,0
38513,19
38514,1
38515,8
38516,1
38517,17
38518,14
38519,11
38520,7
38521,11
38522,20
38523,15
38524,11
38525,7
38526,13
38527,5
38528,4
38529,13
38530,5
38531,11
38532,11
38533,8
38534,1
38535,1
38536,1
38537,7
38538,1
38539,6
38540,1
38541,1
38542,17
38543,1
38544,6
38545,10
38546,7
38547,16
38548,1
38549,10
38550,14
38551,8
38552,1
38553,13
38554,1
38555,1
38556,6
38557,7
38558,1
38559,14
38560,17
38561,7
38562,9
38563,1
38564,17
38565,13
38566,8
38567,1
38568,11
38569,5
38570,12
38571,1
38572,16
38573,9
38574,11
38575,18
38576,11
38577,2
38578,9
38579,9
38580,11
38581,19
38582,17
38583,6
38584,11
38585,11
38586,1
38587,19
38588,0
38589,5
38590,1
38591,4
38592,2
38593,11
38594,1
38595,1
38596,17
38597,1
38598,1
38599,6
38600,17
38601,4
38602,6
38603,11
38604,1
38605,1
38606,1
38607,1
38608,11
38609,11
38610,16
38611,5
38612,9
38613,0
38614,7
38615,10
38616,11
38617,11
38618,11
38619,7
38620,9
38621,10
38622,16
38623,19
38624,19
38625,17
38626,4
38627,2
38628,8
38629,4
38630,9
38631,11
38632,21
38633,11
38634,1
38635,11
38636,12
38637,18
38638,16
38639,0
38640,18
38641,16
38642,10
38643,2
38644,11
38645,8
38646,11
38647,9
38648,11
38649,19
38650,9
38651,10
38652,9
38653,15
38654,1
38655,2
38656,4
38657,1
38658,11
38659,10
38660,5
38661,1
38662,0
38663,19
38664,11
38665,3
38666,7
38667,19
38668,10
38669,2
38670,9
38671,10
38672,2
38673,9
38674,11
38675,1
38676,10
38677,4
38678,11
38679,0
38680,15
38681,1
38682,11
38683,3
38684,5
38685,4
38686,3
38687,1
38688,9
38689,12
38690,9
38691,19
38692,6
38693,1
38694,20
38695,14
38696,11
38697,2
38698,1
38699,1
38700,11
38701,0
38702,8
38703,1
38704,2
38705,14
38706,4
38707,1
38708,11
38709,11
38710,1
38711,11
38712,2
38713,2
38714,12
38715,3
38716,8
38717,9
38718,16
38719,1
38720,7
38721,10
38722,9
38723,0
38724,1
38725,18
38726,3
38727,19
38728,14
38729,9
38730,18
38731,2
38732,1
38733,16
38734,1
38735,5
38736,10
38737,2
38738,15
38739,6
38740,12
38741,1
38742,6
38743,8
38744,1
38745,9
38746,14
38747,1
38748,1
38749,3
38750,1
38751,0
38752,8
38753,11
38754,4
38755,1
38756,2
38757,16
38758,2
38759,9
38760,1
38761,7
38762,1
38763,2
38764,14
38765,4
38766,11
38767,1
38768,16
38769,9
38770,6
38771,8
38772,0
38773,9
38774,9
38775,21
38776,19
38777,11
38778,1
38779,0
38780,20
38781,20
38782,9
38783,8
38784,9
38785,17
38786,1
38787,11
38788,12
38789,14
38790,1
38791,13
38792,15
38793,9
38794,1
38795,1
38796,1
38797,11
38798,11
38799,17
38800,1
38801,1
38802,7
38803,7
38804,3
38805,19
38806,7
38807,3
38808,1
38809,17
38810,2
38811,11
38812,9
38813,3
38814,1
38815,11
38816,1
38817,3
38818,1
38819,19
38820,11
38821,1
38822,11
38823,6
38824,1
38825,2
38826,8
38827,1
38828,11
38829,5
38830,19
38831,0
38832,1
38833,8
38834,6
38835,5
38836,11
38837,0
38838,7
38839,1
38840,1
38841,6
38842,6
38843,11
38844,21
38845,7
38846,9
38847,8
38848,2
38849,2
38850,11
38851,3
38852,5
38853,13
38854,15
38855,16
38856,1
38857,7
38858,1
38859,9
38860,7
38861,17
38862,2
38863,1
38864,16
38865,2
38866,4
38867,7
38868,5
38869,12
38870,0
38871,1
38872,6
38873,3
38874,1
38875,8
38876,1
38877,19
38878,3
38879,17
38880,8
38881,21
38882,1
38883,1
38884,11
38885,13
38886,14
38887,6
38888,12
38889,11
38890,0
38891,7
38892,12
38893,0
38894,2
38895,19
38896,9
38897,9
38898,3
38899,3
38900,4
38901,3
38902,7
38903,7
38904,7
38905,1
38906,1
38907,5
38908,17
38909,3
38910,17
38911,9
38912,21
38913,17
38914,2
38915,11
38916,17
38917,6
38918,6
38919,16
38920,2
38921,1
38922,9
38923,11
38924,9
38925,19
38926,20
38927,9
38928,3
38929,1
38930,14
38931,1
38932,1
38933,1
38934,0
38935,1
38936,9
38937,10
38938,19
38939,3
38940,11
38941,12
38942,11
38943,20
38944,4
38945,3
38946,12
38947,6
38948,19
38949,3
38950,3
38951,11
38952,20
38953,1
38954,1
38955,1
38956,11
38957,6
38958,5
38959,3
38960,21
38961,8
38962,11
38963,1
38964,2
38965,1
38966,10
38967,0
38968,3
38969,12
38970,0
38971,15
38972,12
38973,7
38974,2
38975,15
38976,12
38977,2
38978,9
38979,11
38980,11
38981,3
38982,4
38983,9
38984,11
38985,1
38986,15
38987,16
38988,1
38989,1
38990,7
38991,11
38992,11
38993,11
38994,6
38995,20
38996,6
38997,18
38998,3
38999,9
39000,1
39001,11
39002,2
39003,15
39004,1
39005,16
39006,1
39007,7
39008,0
39009,1
39010,11
39011,13
39012,1
39013,8
39014,9
39015,1
39016,8
39017,19
39018,2
39019,17
39020,11
39021,9
39022,9
39023,9
39024,7
39025,1
39026,6
39027,3
39028,8
39029,11
39030,11
39031,6
39032,13
39033,9
39034,1
39035,0
39036,1
39037,6
39038,7
39039,7
39040,7
39041,3
39042,7
39043,9
39044,0
39045,19
39046,12
39047,1
39048,12
39049,8
39050,8
39051,2
39052,0
39053,14
39054,16
39055,11
39056,10
39057,2
39058,2
39059,1
39060,1
39061,8
39062,14
39063,19
39064,1
39065,0
39066,20
39067,1
39068,7
39069,8
39070,7
39071,17
39072,6
39073,0
39074,7
39075,2
39076,2
39077,8
39078,18
39079,3
39080,3
39081,8
39082,6
39083,9
39084,2
39085,9
39086,5
39087,7
39088,10
39089,2
39090,13
39091,8
39092,15
39093,8
39094,2
39095,1
39096,17
39097,10
39098,1
39099,1
39100,17
39101,11
39102,5
39103,7
39104,15
39105,15
39106,15
39107,4
39108,1
39109,1
39110,1
39111,12
39112,17
39113,19
39114,18
39115,9
39116,1
39117,5
39118,12
39119,9
39120,3
39121,7
39122,9
39123,10
39124,7
39125,7
39126,8
39127,1
39128,7
39129,10
39130,9
39131,9
39132,1
39133,6
39134,17
39135,20
39136,15
39137,10
39138,1
39139,3
39140,6
39141,10
39142,0
39143,1
39144,4
39145,1
39146,7
39147,16
39148,2
39149,5
39150,17
39151,6
39152,11
39153,6
39154,3
39155,17
39156,7
39157,12
39158,9
39159,7
39160,2
39161,3
39162,1
39163,6
39164,5
39165,11
39166,11
39167,4
39168,5
39169,0
39170,9
39171,4
39172,11
39173,6
39174,17
39175,2
39176,1
39177,3
39178,13
39179,7
39180,1
39181,13
39182,2
39183,12
39184,11
39185,12
39186,9
39187,0
39188,1
39189,13
39190,11
39191,17
39192,9
39193,2
39194,1
39195,8
39196,8
39197,7
39198,17
39199,14
39200,16
39201,15
39202,7
39203,13
39204,1
39205,13
39206,15
39207,8
39208,12
39209,1
39210,2
39211,16
39212,1
39213,1
39214,3
39215,20
39216,0
39217,9
39218,9
39219,11
39220,7
39221,12
39222,13
39223,2
39224,1
39225,11
39226,5
39227,11
39228,2
39229,1
39230,6
39231,1
39232,11
39233,11
39234,13
39235,6
39236,5
39237,7
39238,1
39239,9
39240,7
39241,14
39242,2
39243,1
39244,19
39245,16
39246,9
39247,6
39248,7
39249,7
39250,9
39251,10
39252,11
39253,1
39254,15
39255,1
39256,2
39257,9
39258,9
39259,11
39260,3
39261,2
39262,1
39263,4
39264,9
39265,15
39266,8
39267,16
39268,3
39269,7
39270,8
39271,4
39272,1
39273,17
39274,1
39275,20
39276,16
39277,11
39278,13
39279,5
39280,0
39281,16
39282,10
39283,2
39284,17
39285,15
39286,1
39287,16
39288,5
39289,21
39290,11
39291,8
39292,8
39293,9
39294,5
39295,2
39296,13
39297,7
39298,19
39299,11
39300,3
39301,9
39302,11
39303,6
39304,11
39305,8
39306,12
39307,1
39308,11
39309,0
39310,21
39311,7
39312,1
39313,14
39314,9
39315,9
39316,20
39317,1
39318,7
39319,14
39320,8
39321,15
39322,4
39323,17
39324,2
39325,1
39326,2
39327,0
39328,6
39329,17
39330,6
39331,2
39332,7
39333,17
39334,9
39335,15
39336,1
39337,9
39338,16
39339,6
39340,1
39341,13
39342,9
39343,1
39344,7
39345,12
39346,15
39347,3
39348,1
39349,15
39350,9
39351,4
39352,5
39353,5
39354,2
39355,19
39356,5
39357,2
39358,6
39359,17
39360,9
39361,17
39362,17
39363,2
39364,19
39365,7
39366,1
39367,1
39368,20
39369,11
39370,2
39371,6
39372,9
39373,4
39374,5
39375,6
39376,9
39377,1
39378,1
39379,18
39380,11
39381,11
39382,11
39383,1
39384,7
39385,4
39386,12
39387,16
39388,11
39389,8
39390,1
39391,8
39392,0
39393,1
39394,11
39395,1
39396,10
39397,9
39398,12
39399,11
39400,9
39401,11
39402,11
39403,5
39404,11
39405,14
39406,19
39407,6
39408,7
39409,1
39410,20
39411,11
39412,1
39413,4
39414,15
39415,9
39416,1
39417,14
39418,1
39419,3
39420,17
39421,2
39422,14
39423,4
39424,17
39425,8
39426,8
39427,1
39428,9
39429,13
39430,7
39431,1
39432,2
39433,11
39434,9
39435,9
39436,8
39437,1
39438,11
39439,12
39440,1
39441,9
39442,8
39443,15
39444,13
39445,16
39446,14
39447,11
39448,9
39449,0
39450,1
39451,4
39452,7
39453,1
39454,8
39455,6
39456,1
39457,8
39458,6
39459,9
39460,16
39461,12
39462,11
39463,8
39464,10
39465,13
39466,11
39467,5
39468,3
39469,1
39470,2
39471,7
39472,10
39473,2
39474,14
39475,12
39476,7
39477,11
39478,1
39479,19
39480,4
39481,7
39482,6
39483,8
39484,2
39485,6
39486,1
39487,7
39488,2
39489,8
39490,14
39491,14
39492,5
39493,9
39494,8
39495,0
39496,3
39497,16
39498,1
39499,11
39500,1
39501,17
39502,11
39503,4
39504,7
39505,17
39506,18
39507,15
39508,14
39509,14
39510,7
39511,11
39512,15
39513,1
39514,17
39515,19
39516,1
39517,4
39518,3
39519,4
39520,19
39521,1
39522,11
39523,11
39524,11
39525,8
39526,7
39527,12
39528,1
39529,21
39530,6
39531,2
39532,1
39533,17
39534,14
39535,1
39536,10
39537,4
39538,2
39539,1
39540,3
39541,3
39542,2
39543,17
39544,9
39545,11
39546,13
39547,18
39548,7
39549,12
39550,14
39551,1
39552,15
39553,11
39554,12
39555,1
39556,11
39557,16
39558,7
39559,15
39560,2
39561,3
39562,12
39563,1
39564,1
39565,7
39566,19
39567,17
39568,5
39569,17
39570,2
39571,7
39572,14
39573,11
39574,5
39575,15
39576,6
39577,6
39578,20
39579,2
39580,9
39581,1
39582,1
39583,5
39584,8
39585,1
39586,20
39587,2
39588,12
39589,1
39590,9
39591,10
39592,1
39593,7
39594,1
39595,2
39596,3
39597,10
39598,17
39599,0
39600,8
39601,6
39602,1
39603,11
39604,1
39605,1
39606,9
39607,8
39608,2
39609,1
39610,6
39611,17
39612,8
39613,7
39614,19
39615,1
39616,2
39617,11
39618,9
39619,7
39620,9
39621,12
39622,4
39623,11
39624,9
39625,7
39626,14
39627,8
39628,15
39629,1
39630,19
39631,4
39632,9
39633,11
39634,6
39635,11
39636,6
39637,9
39638,6
39639,10
39640,1
39641,1
39642,3
39643,13
39644,11
39645,0
39646,18
39647,3
39648,6
39649,10
39650,1
39651,9
39652,11
39653,5
39654,12
39655,1
39656,3
39657,1
39658,12
39659,5
39660,11
39661,9
39662,11
39663,6
39664,8
39665,19
39666,9
39667,14
39668,3
39669,6
39670,1
39671,16
39672,21
39673,3
39674,5
39675,15
39676,9
39677,16
39678,7
39679,11
39680,19
39681,3
39682,3
39683,17
39684,11
39685,19
39686,1
39687,3
39688,17
39689,11
39690,11
39691,7
39692,1
39693,3
39694,6
39695,5
39696,8
39697,1
39698,4
39699,0
39700,6
39701,1
39702,17
39703,0
39704,11
39705,3
39706,15
39707,1
39708,6
39709,2
39710,1
39711,0
39712,12
39713,19
39714,3
39715,8
39716,1
39717,16
39718,3
39719,0
39720,1
39721,11
39722,2
39723,1
39724,17
39725,9
39726,9
39727,7
39728,17
39729,11
39730,10
39731,1
39732,6
39733,13
39734,19
39735,2
39736,11
39737,13
39738,6
39739,19
39740,8
39741,15
39742,2
39743,1
39744,7
39745,11
39746,17
39747,8
39748,17
39749,5
39750,8
39751,1
39752,5
39753,5
39754,7
39755,13
39756,1
39757,12
39758,16
39759,14
39760,9
39761,6
39762,1
39763,16
39764,10
39765,11
39766,1
39767,6
39768,1
39769,2
39770,14
39771,2
39772,11
39773,9
39774,1
39775,14
39776,13
39777,12
39778,14
39779,1
39780,2
39781,1
39782,9
39783,1
39784,11
39785,5
39786,1
39787,17
39788,7
39789,14
39790,13
39791,11
39792,6
39793,8
39794,1
39795,16
39796,8
39797,19
39798,17
39799,7
39800,2
39801,11
39802,9
39803,8
39804,11
39805,11
39806,1
39807,1
39808,11
39809,1
39810,9
39811,11
39812,11
39813,0
39814,0
39815,9
39816,15
39817,16
39818,6
39819,4
39820,2
39821,14
39822,10
39823,9
39824,10
39825,6
39826,1
39827,4
39828,1
39829,9
39830,7
39831,3
39832,1
39833,6
39834,15
39835,1
39836,17
39837,17
39838,7
39839,12
39840,9
39841,6
39842,5
39843,3
39844,11
39845,6
39846,1
39847,14
39848,8
39849,8
39850,11
39851,0
39852,7
39853,7
39854,9
39855,13
39856,11
39857,9
39858,6
39859,9
39860,16
39861,7
39862,19
39863,1
39864,14
39865,10
39866,17
39867,1
39868,6
39869,7
39870,11
39871,1
39872,11
39873,17
39874,6
39875,11
39876,9
39877,1
39878,9
39879,17
39880,6
39881,6
39882,17
39883,11
39884,2
39885,12
39886,6
39887,2
39888,1
39889,6
39890,1
39891,9
39892,3
39893,1
39894,15
39895,3
39896,9
39897,11
39898,2
39899,12
39900,11
39901,19
39902,9
39903,4
39904,8
39905,6
39906,12
39907,11
39908,9
39909,9
39910,8
39911,7
39912,3
39913,19
39914,1
39915,1
39916,5
39917,12
39918,2
39919,0
39920,0
39921,16
39922,13
39923,14
39924,1
39925,10
39926,5
39927,16
39928,3
39929,15
39930,13
39931,12
39932,1
39933,18
39934,1
39935,20
39936,6
39937,2
39938,4
39939,6
39940,19
39941,7
39942,19
39943,1
39944,6
39945,6
39946,9
39947,3
39948,1
39949,19
39950,11
39951,0
39952,15
39953,8
39954,7
39955,16
39956,1
39957,12
39958,5
39959,1
39960,15
39961,7
39962,2
39963,9
39964,21
39965,5
39966,1
39967,11
39968,1
39969,12
39970,9
39971,14
39972,16
39973,6
39974,13
39975,12
39976,6
39977,1
39978,9
39979,11
39980,1
39981,8
39982,7
39983,7
39984,11
39985,12
39986,1
39987,12
39988,11
39989,7
39990,1
39991,3
39992,3
39993,9
39994,11
39995,2
39996,16
39997,7
39998,11
39999,10
40000,0
40001,1
40002,5
40003,11
40004,3
40005,6
40006,11
40007,11
40008,3
40009,7
40010,2
40011,12
40012,5
40013,11
40014,9
40015,1
40016,5
40017,12
40018,9
40019,9
40020,5
40021,12
40022,1
40023,17
40024,2
40025,7
40026,11
40027,18
40028,11
40029,5
40030,0
40031,4
40032,1
40033,5
40034,20
40035,1
40036,5
40037,19
40038,14
40039,6
40040,14
40041,2
40042,11
40043,5
40044,11
40045,16
40046,6
40047,1
40048,1
40049,6
40050,3
40051,7
40052,11
40053,0
40054,1
40055,11
40056,11
40057,2
40058,8
40059,1
40060,0
40061,2
40062,2
40063,17
40064,18
40065,6
40066,1
40067,6
40068,11
40069,12
40070,1
40071,5
40072,2
40073,12
40074,2
40075,12
40076,17
40077,1
40078,17
40079,1
40080,6
40081,9
40082,0
40083,2
40084,17
40085,14
40086,1
40087,1
40088,7
40089,7
40090,1
40091,9
40092,2
40093,1
40094,0
40095,6
40096,13
40097,2
40098,14
40099,3
40100,19
40101,17
40102,1
40103,1
40104,1
40105,1
40106,10
40107,7
40108,3
40109,5
40110,0
40111,2
40112,10
40113,1
40114,11
40115,3
40116,11
40117,19
40118,7
40119,15
40120,1
40121,7
40122,7
40123,19
40124,18
40125,19
40126,18
40127,3
40128,3
40129,9
40130,11
40131,14
40132,10
40133,1
40134,21
40135,1
40136,15
40137,17
40138,15
40139,1
40140,1
40141,11
40142,1
40143,9
40144,8
40145,19
40146,12
40147,3
40148,17
40149,7
40150,17
40151,3
40152,10
40153,19
40154,14
40155,7
40156,5
40157,6
40158,11
40159,1
40160,1
40161,15
40162,1
40163,12
40164,13
40165,1
40166,10
40167,15
40168,11
40169,2
40170,3
40171,2
40172,11
40173,15
40174,2
40175,3
40176,2
40177,1
40178,1
40179,7
40180,3
40181,6
40182,1
40183,5
40184,5
40185,1
40186,1
40187,14
40188,8
40189,12
40190,0
40191,4
40192,19
40193,3
40194,13
40195,7
40196,8
40197,1
40198,9
40199,3
40200,8
40201,5
40202,5
40203,14
40204,3
40205,17
40206,11
40207,11
40208,11
40209,1
40210,7
40211,6
40212,6
40213,3
40214,1
40215,16
40216,7
40217,1
40218,12
40219,1
40220,7
40221,14
40222,1
40223,15
40224,4
40225,9
40226,1
40227,6
40228,8
40229,6
40230,20
40231,12
40232,15
40233,15
40234,8
40235,12
40236,0
40237,9
40238,2
40239,7
40240,16
40241,3
40242,5
40243,2
40244,11
40245,15
40246,7
40247,9
40248,15
40249,1
40250,11
40251,17
40252,6
40253,9
40254,19
40255,12
40256,1
40257,2
40258,1
40259,7
40260,1
40261,9
40262,3
40263,9
40264,7
40265,14
40266,14
40267,7
40268,17
40269,0
40270,20
40271,7
40272,12
40273,9
40274,1
40275,7
40276,11
40277,5
40278,9
40279,2
40280,10
40281,7
40282,7
40283,6
40284,10
40285,9
40286,6
40287,16
40288,1
40289,1
40290,1
40291,0
40292,1
40293,11
40294,7
40295,19
40296,1
40297,7
40298,6
40299,3
40300,3
40301,1
40302,2
40303,3
40304,9
40305,2
40306,9
40307,6
40308,6
40309,9
40310,3
40311,11
40312,13
40313,1
40314,9
40315,9
40316,9
40317,2
40318,4
40319,1
40320,8
40321,0
40322,12
40323,5
40324,8
40325,11
40326,11
40327,17
40328,11
40329,1
40330,9
40331,4
40332,8
40333,1
40334,1
40335,3
40336,9
40337,8
40338,18
40339,11
40340,15
40341,9
40342,7
40343,15
40344,11
40345,9
40346,7
40347,6
40348,11
40349,15
40350,6
40351,1
40352,5
40353,9
40354,12
40355,7
40356,19
40357,11
40358,14
40359,20
40360,11
40361,8
40362,8
40363,7
40364,1
40365,8
40366,11
40367,5
40368,1
40369,14
40370,4
40371,21
40372,8
40373,12
40374,5
40375,1
40376,10
40377,15
40378,7
40379,2
40380,11
40381,13
40382,10
40383,1
40384,1
40385,7
40386,19
40387,11
40388,15
40389,20
40390,3
40391,8
40392,5
40393,1
40394,1
40395,12
40396,10
40397,5
40398,17
40399,6
40400,7
40401,11
40402,7
40403,12
40404,1
40405,2
40406,1
40407,0
40408,2
40409,12
40410,9
40411,2
40412,4
40413,1
40414,1
40415,0
40416,7
40417,2
40418,1
40419,7
40420,11
40421,8
40422,2
40423,9
40424,15
40425,1
40426,1
40427,10
40428,2
40429,11
40430,7
40431,10
40432,15
40433,6
40434,4
40435,1
40436,1
40437,7
40438,1
40439,9
40440,3
40441,7
40442,16
40443,1
40444,6
40445,17
40446,16
40447,16
40448,20
40449,4
40450,8
40451,2
40452,0
40453,2
40454,3
40455,7
40456,11
40457,4
40458,17
40459,6
40460,1
40461,4
40462,8
40463,9
40464,9
40465,1
40466,11
40467,12
40468,6
40469,21
40470,12
40471,2
40472,1
40473,11
40474,11
40475,8
40476,11
40477,12
40478,19
40479,2
40480,8
40481,18
40482,4
40483,11
40484,6
40485,1
40486,8
40487,11
40488,17
40489,2
40490,1
40491,1
40492,12
40493,7
40494,6
40495,14
40496,1
40497,11
40498,19
40499,1
40500,11
40501,19
40502,3
40503,0
40504,1
40505,10
40506,1
40507,12
40508,15
40509,1
40510,13
40511,1
40512,1
40513,3
40514,1
40515,16
40516,19
40517,14
40518,1
40519,1
40520,12
40521,5
40522,14
40523,6
40524,5
40525,11
40526,0
40527,2
40528,7
40529,14
40530,11
40531,11
40532,1
40533,8
40534,3
40535,11
40536,2
40537,5
40538,4
40539,15
40540,13
40541,14
40542,0
40543,19
40544,7
40545,13
40546,1
40547,10
40548,5
40549,9
40550,17
40551,0
40552,9
40553,8
40554,11
40555,1
40556,7
40557,2
40558,1
40559,2
40560,7
40561,1
40562,1
40563,2
40564,9
40565,1
40566,12
40567,2
40568,7
40569,5
40570,1
40571,19
40572,1
40573,1
40574,7
40575,1
40576,12
40577,1
40578,3
40579,18
40580,9
40581,16
40582,9
40583,9
40584,1
40585,1
40586,11
40587,1
40588,10
40589,11
40590,1
40591,11
40592,13
40593,1
40594,2
40595,7
40596,17
40597,4
40598,8
40599,9
40600,18
40601,5
40602,1
40603,1
40604,18
40605,11
40606,8
40607,3
40608,11
40609,6
40610,6
40611,1
40612,20
40613,11
40614,1
40615,10
40616,14
40617,3
40618,1
40619,11
40620,10
40621,15
40622,19
40623,3
40624,11
40625,1
40626,1
40627,0
40628,3
40629,3
40630,3
40631,5
40632,21
40633,12
40634,13
40635,17
40636,9
40637,1
40638,6
40639,1
40640,11
40641,4
40642,11
40643,9
40644,2
40645,8
40646,10
40647,1
40648,4
40649,11
40650,13
40651,1
40652,1
40653,3
40654,2
40655,19
40656,7
40657,3
40658,1
40659,11
40660,4
40661,7
40662,10
40663,14
40664,1
40665,0
40666,4
40667,6
40668,13
40669,1
40670,2
40671,10
40672,6
40673,0
40674,20
40675,7
40676,12
40677,16
40678,1
40679,15
40680,8
40681,2
40682,1
40683,8
40684,11
40685,12
40686,2
40687,5
40688,8
40689,11
40690,9
40691,11
40692,19
40693,18
40694,2
40695,11
40696,2
40697,13
40698,17
40699,11
40700,15
40701,6
40702,1
40703,17
40704,8
40705,2
40706,1
40707,5
40708,11
40709,12
40710,11
40711,6
40712,1
40713,1
40714,1
40715,0
40716,1
40717,2
40718,9
40719,3
40720,7
40721,6
40722,17
40723,16
40724,13
40725,6
40726,15
40727,2
40728,11
40729,7
40730,0
40731,5
40732,11
40733,6
40734,7
40735,1
40736,6
40737,10
40738,11
40739,11
40740,1
40741,11
40742,11
40743,9
40744,2
40745,1
40746,11
40747,5
40748,11
40749,16
40750,7
40751,1
40752,1
40753,1
40754,7
40755,16
40756,4
40757,1
40758,19
40759,1
40760,7
40761,4
40762,1
40763,12
40764,11
40765,11
40766,9
40767,5
40768,3
40769,3
40770,5
40771,6
40772,19
40773,19
40774,13
40775,5
40776,12
40777,1
40778,18
40779,17
40780,17
40781,2
40782,1
40783,8
40784,11
40785,7
40786,19
40787,9
40788,1
40789,8
40790,1
40791,3
40792,9
40793,9
40794,2
40795,11
40796,15
40797,10
40798,3
40799,1
40800,17
40801,17
40802,8
40803,1
40804,10
40805,5
40806,16
40807,19
40808,8
40809,5
40810,10
40811,1
40812,7
40813,7
40814,9
40815,1
40816,3
40817,1
40818,1
40819,1
40820,1
40821,1
40822,1
40823,19
40824,1
40825,8
40826,7
40827,8
40828,21
40829,17
40830,17
40831,11
40832,13
40833,17
40834,9
40835,4
40836,7
40837,8
40838,11
40839,2
40840,6
40841,12
40842,2
40843,0
40844,20
40845,3
40846,3
40847,1
40848,11
40849,1
40850,7
40851,15
40852,2
40853,11
40854,5
40855,14
40856,18
40857,9
40858,12
40859,16
40860,8
40861,14
40862,3
40863,1
40864,7
40865,9
40866,0
40867,1
40868,12
40869,5
40870,1
40871,1
40872,5
40873,10
40874,1
40875,13
40876,19
40877,11
40878,15
40879,3
40880,11
40881,17
40882,8
40883,7
40884,16
40885,3
40886,2
40887,6
40888,11
40889,2
40890,8
40891,7
40892,9
40893,7
40894,1
40895,9
40896,12
40897,9
40898,1
40899,11
40900,0
40901,7
40902,2
40903,9
40904,19
40905,7
40906,13
40907,0
40908,9
40909,2
40910,15
40911,3
40912,16
40913,7
40914,1
40915,0
40916,11
40917,1
40918,11
40919,9
40920,9
40921,1
40922,1
40923,6
40924,11
40925,7
40926,12
40927,1
40928,12
40929,11
40930,6
40931,7
40932,2
40933,11
40934,1
40935,1
40936,6
40937,1
40938,1
40939,9
40940,11
40941,9
40942,2
40943,16
40944,11
40945,12
40946,16
40947,5
40948,19
40949,9
40950,6
40951,1
40952,2
40953,16
40954,3
40955,1
40956,6
40957,17
40958,5
40959,17
40960,3
40961,1
40962,8
40963,6
40964,0
40965,9
40966,13
40967,0
40968,1
40969,9
40970,16
40971,17
40972,3
40973,3
40974,1
40975,9
40976,1
40977,7
40978,17
40979,8
40980,7
40981,9
40982,12
40983,6
40984,6
40985,6
40986,18
40987,2
40988,2
40989,1
40990,2
40991,1
40992,14
40993,6
40994,7
40995,1
40996,0
40997,13
40998,11
40999,15
41000,1
41001,1
41002,17
41003,9
41004,1
41005,0
41006,11
41007,7
41008,19
41009,19
41010,7
41011,9
41012,11
41013,11
41014,15
41015,10
41016,1
41017,9
41018,3
41019,1
41020,10
41021,3
41022,11
41023,1
41024,17
41025,13
41026,16
41027,19
41028,11
41029,2
41030,13
41031,16
41032,5
41033,7
41034,7
41035,12
41036,11
41037,1
41038,3
41039,11
41040,11
41041,12
41042,16
41043,20
41044,5
41045,16
41046,9
41047,0
41048,19
41049,8
41050,4
41051,9
41052,17
41053,7
41054,0
41055,10
41056,0
41057,9
41058,1
41059,0
41060,1
41061,14
41062,4
41063,3
41064,1
41065,11
41066,0
41067,2
41068,12
41069,11
41070,11
41071,0
41072,17
41073,10
41074,12
41075,17
41076,19
41077,9
41078,6
41079,10
41080,1
41081,1
41082,2
41083,11
41084,8
41085,19
41086,5
41087,7
41088,1
41089,7
41090,7
41091,8
41092,2
41093,16
41094,9
41095,7
41096,1
41097,6
41098,12
41099,1
41100,7
41101,7
41102,15
41103,3
41104,3
41105,6
41106,15
41107,11
41108,18
41109,7
41110,11
41111,8
41112,8
41113,1
41114,1
41115,14
41116,2
41117,9
41118,6
41119,17
41120,16
41121,3
41122,17
41123,12
41124,1
41125,2
41126,16
41127,1
41128,2
41129,10
41130,17
41131,10
41132,11
41133,7
41134,11
41135,15
41136,14
41137,2
41138,0
41139,11
41140,19
41141,11
41142,7
41143,15
41144,13
41145,12
41146,11
41147,1
41148,1
41149,4
41150,17
41151,1
41152,9
41153,1
41154,8
41155,9
41156,11
41157,4
41158,11
41159,1
41160,6
41161,1
41162,6
41163,9
41164,4
41165,0
41166,11
41167,1
41168,17
41169,1
41170,15
41171,0
41172,13
41173,1
41174,0
41175,10
41176,8
41177,11
41178,6
41179,2
41180,2
41181,9
41182,17
41183,8
41184,1
41185,6
41186,2
41187,1
41188,2
41189,14
41190,9
41191,1
41192,8
41193,11
41194,8
41195,7
41196,1
41197,1
41198,7
41199,9
41200,15
41201,12
41202,9
41203,7
41204,7
41205,7
41206,5
41207,1
41208,17
41209,11
41210,11
41211,12
41212,14
41213,12
41214,19
41215,2
41216,5
41217,1
41218,10
41219,6
41220,12
41221,2
41222,9
41223,15
41224,9
41225,1
41226,11
41227,2
41228,10
41229,6
41230,11
41231,11
41232,11
41233,0
41234,1
41235,18
41236,9
41237,9
41238,11
41239,11
41240,2
41241,2
41242,8
41243,3
41244,12
41245,7
41246,11
41247,15
41248,11
41249,8
41250,20
41251,17
41252,1
41253,9
41254,14
41255,5
41256,0
41257,3
41258,8
41259,5
41260,0
41261,12
41262,1
41263,2
41264,8
41265,3
41266,7
41267,12
41268,7
41269,11
41270,3
41271,7
41272,9
41273,2
41274,1
41275,3
41276,15
41277,9
41278,9
41279,12
41280,2
41281,1
41282,1
41283,8
41284,19
41285,2
41286,14
41287,1
41288,1
41289,14
41290,13
41291,7
41292,18
41293,0
41294,11
41295,2
41296,2
41297,9
41298,9
41299,13
41300,3
41301,9
41302,7
41303,9
41304,2
41305,8
41306,5
41307,10
41308,17
41309,11
41310,15
41311,3
41312,7
41313,1
41314,2
41315,7
41316,11
41317,8
41318,17
41319,1
41320,2
41321,13
41322,9
41323,6
41324,5
41325,7
41326,1
41327,6
41328,11
41329,2
41330,9
41331,14
41332,11
41333,14
41334,11
41335,14
41336,1
41337,19
41338,1
41339,15
41340,1
41341,1
41342,11
41343,1
41344,11
41345,9
41346,12
41347,11
41348,1
41349,2
41350,4
41351,2
41352,8
41353,1
41354,20
41355,2
41356,1
41357,13
41358,13
41359,5
41360,16
41361,5
41362,1
41363,10
41364,2
41365,11
41366,15
41367,11
41368,5
41369,15
41370,1
41371,13
41372,15
41373,19
41374,11
41375,2
41376,13
41377,1
41378,17
41379,6
41380,5
41381,9
41382,6
41383,16
41384,1
41385,6
41386,1
41387,5
41388,5
41389,9
41390,9
41391,1
41392,0
41393,7
41394,5
41395,8
41396,18
41397,8
41398,19
41399,7
41400,11
41401,14
41402,13
41403,8
41404,20
41405,19
41406,6
41407,16
41408,3
41409,18
41410,9
41411,1
41412,14
41413,1
41414,13
41415,7
41416,8
41417,7
41418,12
41419,4
41420,8
41421,5
41422,19
41423,19
41424,11
41425,4
41426,19
41427,13
41428,5
41429,7
41430,15
41431,6
41432,11
41433,7
41434,5
41435,6
41436,15
41437,0
41438,11
41439,1
41440,11
41441,1
41442,19
41443,8
41444,11
41445,1
41446,13
41447,21
41448,8
41449,7
41450,1
41451,14
41452,13
41453,9
41454,13
41455,19
41456,5
41457,7
41458,1
41459,2
41460,6
41461,8
41462,19
41463,7
41464,7
41465,16
41466,1
41467,1
41468,1
41469,14
41470,3
41471,4
41472,16
41473,15
41474,17
41475,14
41476,17
41477,6
41478,4
41479,7
41480,15
41481,20
41482,5
41483,8
41484,9
41485,9
41486,1
41487,2
41488,16
41489,17
41490,11
41491,11
41492,10
41493,1
41494,3
41495,2
41496,6
41497,19
41498,0
41499,1
41500,12
41501,19
41502,16
41503,7
41504,11
41505,2
41506,11
41507,7
41508,9
41509,13
41510,7
41511,5
41512,2
41513,11
41514,2
41515,11
41516,0
41517,15
41518,12
41519,5
41520,6
41521,19
41522,8
41523,17
41524,16
41525,10
41526,8
41527,8
41528,11
41529,1
41530,19
41531,1
41532,7
41533,19
41534,8
41535,6
41536,1
41537,2
41538,17
41539,1
41540,7
41541,1
41542,17
41543,11
41544,5
41545,1
41546,3
41547,9
41548,12
41549,2
41550,15
41551,1
41552,13
41553,4
41554,11
41555,1
41556,16
41557,4
41558,20
41559,7
41560,12
41561,16
41562,2
41563,1
41564,2
41565,4
41566,13
41567,0
41568,2
41569,7
41570,1
41571,6
41572,4
41573,19
41574,8
41575,1
41576,5
41577,13
41578,3
41579,1
41580,5
41581,9
41582,10
41583,2
41584,16
41585,8
41586,14
41587,7
41588,6
41589,1
41590,9
41591,6
41592,4
41593,7
41594,7
41595,9
41596,5
41597,1
41598,1
41599,1
41600,12
41601,7
41602,11
41603,1
41604,17
41605,12
41606,1
41607,3
41608,1
41609,9
41610,1
41611,2
41612,15
41613,2
41614,10
41615,2
41616,6
41617,5
41618,1
41619,2
41620,7
41621,7
41622,11
41623,18
41624,11
41625,3
41626,9
41627,8
41628,19
41629,11
41630,6
41631,2
41632,6
41633,1
41634,5
41635,1
41636,14
41637,5
41638,11
41639,19
41640,2
41641,7
41642,11
41643,9
41644,12
41645,8
41646,3
41647,5
41648,20
41649,7
41650,7
41651,14
41652,11
41653,7
41654,1
41655,11
41656,1
41657,16
41658,8
41659,3
41660,2
41661,1
41662,8
41663,3
41664,1
41665,2
41666,4
41667,10
41668,1
41669,17
41670,11
41671,1
41672,3
41673,6
41674,1
41675,1
41676,3
41677,2
41678,8
41679,7
41680,1
41681,7
41682,11
41683,17
41684,9
41685,3
41686,9
41687,7
41688,11
41689,11
41690,8
41691,17
41692,12
41693,8
41694,2
41695,3
41696,17
41697,1
41698,17
41699,1
41700,3
41701,16
41702,12
41703,11
41704,11
41705,11
41706,1
41707,19
41708,0
41709,1
41710,8
41711,8
41712,7
41713,4
41714,8
41715,7
41716,4
41717,8
41718,8
41719,6
41720,11
41721,20
41722,17
41723,4
41724,7
41725,0
41726,9
41727,11
41728,19
41729,11
41730,5
41731,11
41732,8
41733,13
41734,2
41735,2
41736,14
41737,18
41738,7
41739,6
41740,18
41741,0
41742,8
41743,12
41744,16
41745,7
41746,19
41747,1
41748,17
41749,8
41750,0
41751,3
41752,1
41753,5
41754,17
41755,6
41756,5
41757,17
41758,9
41759,9
41760,17
41761,14
41762,5
41763,2
41764,4
41765,1
41766,10
41767,1
41768,1
41769,9
41770,11
41771,4
41772,19
41773,1
41774,6
41775,10
41776,2
41777,9
41778,6
41779,12
41780,7
41781,1
41782,11
41783,7
41784,1
41785,1
41786,7
41787,13
41788,16
41789,11
41790,4
41791,12
41792,11
41793,6
41794,11
41795,12
41796,17
41797,5
41798,5
41799,14
41800,9
41801,3
41802,1
41803,1
41804,7
41805,0
41806,14
41807,8
41808,12
41809,5
41810,19
41811,2
41812,19
41813,1
41814,13
41815,1
41816,2
41817,19
41818,9
41819,14
41820,9
41821,1
41822,19
41823,11
41824,17
41825,1
41826,8
41827,8
41828,12
41829,14
41830,6
41831,9
41832,5
41833,20
41834,2
41835,5
41836,1
41837,3
41838,11
41839,11
41840,1
41841,19
41842,3
41843,0
41844,11
41845,19
41846,13
41847,8
41848,20
41849,8
41850,12
41851,11
41852,8
41853,8
41854,9
41855,1
41856,9
41857,18
41858,8
41859,4
41860,14
41861,7
41862,5
41863,11
41864,10
41865,19
41866,11
41867,1
41868,1
41869,1
41870,16
41871,1
41872,3
41873,11
41874,7
41875,19
41876,11
41877,2
41878,18
41879,7
41880,19
41881,19
41882,5
41883,9
41884,3
41885,6
41886,11
41887,2
41888,6
41889,11
41890,18
41891,11
41892,15
41893,2
41894,2
41895,6
41896,11
41897,9
41898,19
41899,1
41900,8
41901,11
41902,6
41903,15
41904,16
41905,13
41906,1
41907,11
41908,9
41909,17
41910,2
41911,1
41912,2
41913,1
41914,11
41915,11
41916,1
41917,8
41918,15
41919,2
41920,17
41921,9
41922,1
41923,1
41924,1
41925,1
41926,13
41927,2
41928,1
41929,9
41930,0
41931,9
41932,0
41933,9
41934,5
41935,0
41936,12
41937,11
41938,7
41939,0
41940,20
41941,1
41942,10
41943,7
41944,1
41945,0
41946,1
41947,7
41948,5
41949,5
41950,19
41951,4
41952,12
41953,4
41954,18
41955,11
41956,6
41957,3
41958,3
41959,6
41960,3
41961,5
41962,1
41963,8
41964,4
41965,11
41966,11
41967,13
41968,9
41969,8
41970,6
41971,11
41972,11
41973,14
41974,14
41975,1
41976,2
41977,3
41978,1
41979,2
41980,3
41981,3
41982,2
41983,1
41984,7
41985,5
41986,19
41987,19
41988,5
41989,0
41990,15
41991,14
41992,5
41993,5
41994,17
41995,0
41996,11
41997,19
41998,1
41999,2
42000,11
42001,7
42002,4
42003,8
42004,1
42005,1
42006,3
42007,1
42008,1
42009,0
42010,2
42011,1
42012,9
42013,16
42014,11
42015,17
42016,1
42017,2
42018,1
42019,11
42020,12
42021,8
42022,12
42023,19
42024,7
42025,6
42026,7
42027,9
42028,11
42029,2
42030,9
42031,9
42032,19
42033,2
42034,5
42035,7
42036,1
42037,11
42038,1
42039,11
42040,9
42041,20
42042,3
42043,3
42044,15
42045,1
42046,15
42047,1
42048,1
42049,9
42050,10
42051,1
42052,2
42053,7
42054,4
42055,9
42056,16
42057,16
42058,12
42059,8
42060,19
42061,11
42062,15
42063,3
42064,10
42065,1
42066,21
42067,1
42068,1
42069,16
42070,0
42071,5
42072,1
42073,2
42074,17
42075,19
42076,18
42077,18
42078,2
42079,16
42080,13
42081,8
42082,11
42083,9
42084,16
42085,2
42086,2
42087,1
42088,3
42089,11
42090,10
42091,1
42092,16
42093,2
42094,14
42095,10
42096,15
42097,3
42098,1
42099,4
42100,4
42101,15
42102,1
42103,8
42104,8
42105,1
42106,1
42107,6
42108,4
42109,2
42110,19
42111,9
42112,19
42113,6
42114,2
42115,16
42116,4
42117,1
42118,7
42119,16
42120,11
42121,15
42122,7
42123,9
42124,8
42125,5
42126,2
42127,14
42128,0
42129,17
42130,6
42131,2
42132,19
42133,18
42134,11
42135,8
42136,1
42137,11
42138,8
42139,20
42140,17
42141,3
42142,7
42143,19
42144,11
42145,7
42146,1
42147,3
42148,11
42149,7
42150,2
42151,10
42152,17
42153,11
42154,11
42155,11
42156,0
42157,7
42158,12
42159,3
42160,11
42161,5
42162,1
42163,1
42164,2
42165,2
42166,7
42167,18
42168,15
42169,2
42170,6
42171,9
42172,16
42173,0
42174,1
42175,1
42176,0
42177,2
42178,19
42179,11
42180,1
42181,1
42182,5
42183,7
42184,1
42185,12
42186,9
42187,0
42188,16
42189,6
42190,13
42191,11
42192,1
42193,17
42194,13
42195,0
42196,9
42197,13
42198,1
42199,1
42200,10
42201,2
42202,0
42203,8
42204,1
42205,11
42206,8
42207,1
42208,0
42209,1
42210,8
42211,1
42212,17
42213,13
42214,1
42215,17
42216,11
42217,17
42218,1
42219,9
42220,2
42221,7
42222,3
42223,1
42224,2
42225,1
42226,18
42227,2
42228,19
42229,14
42230,6
42231,18
42232,15
42233,1
42234,4
42235,2
42236,19
42237,3
42238,12
42239,15
42240,1
42241,21
42242,6
42243,12
42244,6
42245,9
42246,11
42247,1
42248,11
42249,2
42250,1
42251,8
42252,9
42253,9
42254,19
42255,0
42256,8
42257,5
42258,5
42259,17
42260,10
42261,2
42262,1
42263,11
42264,1
42265,9
42266,16
42267,1
42268,1
42269,8
42270,17
42271,10
42272,2
42273,19
42274,16
42275,1
42276,1
42277,7
42278,8
42279,3
42280,10
42281,21
42282,18
42283,10
42284,8
42285,3
42286,12
42287,12
42288,1
42289,1
42290,17
42291,5
42292,18
42293,6
42294,8
42295,5
42296,1
42297,1
42298,15
42299,11
42300,3
42301,13
42302,1
42303,1
42304,1
42305,17
42306,8
42307,1
42308,0
42309,14
42310,2
42311,8
42312,8
42313,12
42314,9
42315,19
42316,12
42317,1
42318,1
42319,9
42320,14
42321,1
42322,9
42323,11
42324,9
42325,14
42326,4
42327,17
42328,8
42329,20
42330,0
42331,18
42332,11
42333,8
42334,0
42335,5
42336,3
42337,12
42338,17
42339,1
42340,10
42341,19
42342,17
42343,14
42344,3
42345,9
42346,0
42347,11
42348,9
42349,9
42350,5
42351,17
42352,15
42353,1
42354,8
42355,9
42356,4
42357,12
42358,6
42359,5
42360,17
42361,1
42362,2
42363,15
42364,1
42365,11
42366,13
42367,5
42368,11
42369,3
42370,7
42371,11
42372,2
42373,1
42374,4
42375,11
42376,2
42377,1
42378,1
42379,10
42380,11
42381,8
42382,6
42383,17
42384,9
42385,17
42386,0
42387,1
42388,7
42389,13
42390,13
42391,16
42392,9
42393,1
42394,0
42395,9
42396,1
42397,12
42398,10
42399,6
42400,12
42401,11
42402,15
42403,19
42404,0
42405,1
42406,13
42407,4
42408,11
42409,7
42410,1
42411,9
42412,1
42413,1
42414,11
42415,20
42416,10
42417,12
42418,16
42419,21
42420,7
42421,1
42422,11
42423,1
42424,20
42425,5
42426,12
42427,1
42428,9
42429,9
42430,5
42431,11
42432,9
42433,9
42434,6
42435,1
42436,12
42437,7
42438,12
42439,8
42440,6
42441,9
42442,8
42443,1
42444,2
42445,11
42446,4
42447,8
42448,11
42449,11
42450,9
42451,10
42452,15
42453,4
42454,13
42455,7
42456,3
42457,11
42458,9
42459,9
42460,11
42461,2
42462,11
42463,9
42464,6
42465,4
42466,4
42467,11
42468,12
42469,11
42470,8
42471,11
42472,7
42473,13
42474,5
42475,19
42476,9
42477,17
42478,20
42479,10
42480,16
42481,0
42482,11
42483,1
42484,8
42485,15
42486,15
42487,9
42488,16
42489,11
42490,1
42491,4
42492,2
42493,2
42494,10
42495,18
42496,1
42497,8
42498,1
42499,7
42500,20
42501,5
42502,0
42503,9
42504,1
42505,1
42506,1
42507,8
42508,4
42509,17
42510,1
42511,6
42512,17
42513,9
42514,1
42515,7
42516,5
42517,1
42518,2
42519,3
42520,6
42521,2
42522,2
42523,8
42524,10
42525,8
42526,17
42527,1
42528,6
42529,1
42530,1
42531,17
42532,1
42533,15
42534,11
42535,9
42536,16
42537,5
42538,18
42539,7
42540,0
42541,6
42542,10
42543,20
42544,4
42545,19
42546,11
42547,3
42548,1
42549,17
42550,4
42551,3
42552,21
42553,1
42554,8
42555,11
42556,11
42557,6
42558,12
42559,2
42560,10
42561,1
42562,1
42563,7
42564,7
42565,12
42566,9
42567,9
42568,1
42569,0
42570,2
42571,19
42572,1
42573,5
42574,9
42575,3
42576,1
42577,2
42578,1
42579,19
42580,7
42581,3
42582,11
42583,1
42584,6
42585,0
42586,4
42587,0
42588,20
42589,11
42590,1
42591,4
42592,9
42593,19
42594,9
42595,16
42596,6
42597,0
42598,7
42599,2
42600,9
42601,17
42602,2
42603,11
42604,1
42605,5
42606,11
42607,3
42608,1
42609,17
42610,9
42611,13
42612,9
42613,1
42614,1
42615,14
42616,3
42617,3
42618,11
42619,5
42620,12
42621,3
42622,17
42623,0
42624,0
42625,6
42626,3
42627,5
42628,9
42629,19
42630,4
42631,1
42632,12
42633,1
42634,5
42635,7
42636,11
42637,19
42638,1
42639,1
42640,2
42641,11
42642,12
42643,4
42644,9
42645,8
42646,1
42647,12
42648,5
42649,1
42650,15
42651,19
42652,3
42653,17
42654,1
42655,9
42656,12
42657,5
42658,8
42659,10
42660,4
42661,1
42662,17
42663,2
42664,7
42665,1
42666,8
42667,4
42668,19
42669,7
42670,1
42671,11
42672,9
42673,11
42674,8
42675,17
42676,5
42677,14
42678,11
42679,15
42680,7
42681,16
42682,7
42683,7
42684,13
42685,1
42686,1
42687,10
42688,11
42689,13
42690,6
42691,2
42692,18
42693,7
42694,8
42695,1
42696,9
42697,9
42698,17
42699,17
42700,7
42701,17
42702,1
42703,1
42704,1
42705,8
42706,9
42707,3
42708,6
42709,16
42710,6
42711,2
42712,19
42713,8
42714,13
42715,12
42716,7
42717,4
42718,1
42719,1
42720,2
42721,11
42722,9
42723,14
42724,13
42725,17
42726,7
42727,0
42728,2
42729,3
42730,9
42731,6
42732,11
42733,2
42734,5
42735,7
42736,1
42737,1
42738,12
42739,1
42740,2
42741,9
42742,3
42743,4
42744,1
42745,10
42746,9
42747,7
42748,7
42749,19
42750,5
42751,1
42752,12
42753,20
42754,8
42755,13
42756,8
42757,1
42758,11
42759,15
42760,20
42761,1
42762,5
42763,11
42764,1
42765,17
42766,9
42767,9
42768,18
42769,1
42770,15
42771,1
42772,2
42773,8
42774,9
42775,2
42776,2
42777,11
42778,11
42779,12
42780,10
42781,2
42782,12
42783,2
42784,11
42785,1
42786,11
42787,3
42788,7
42789,2
42790,9
42791,15
42792,2
42793,17
42794,6
42795,8
42796,0
42797,7
42798,11
42799,17
42800,1
42801,10
42802,13
42803,11
42804,0
42805,7
42806,1
42807,14
42808,6
42809,7
42810,10
42811,11
42812,6
42813,11
42814,1
42815,1
42816,6
42817,9
42818,19
42819,14
42820,0
42821,1
42822,7
42823,3
42824,11
42825,1
42826,1
42827,2
42828,6
42829,5
42830,3
42831,5
42832,5
42833,15
42834,6
42835,0
42836,5
42837,11
42838,17
42839,11
42840,10
42841,3
42842,12
42843,0
42844,4
42845,5
42846,1
42847,3
42848,0
42849,13
42850,1
42851,11
42852,7
42853,2
42854,8
42855,6
42856,8
42857,3
42858,7
42859,9
42860,9
42861,11
42862,9
42863,7
42864,0
42865,2
42866,2
42867,4
42868,2
42869,13
42870,14
42871,6
42872,14
42873,0
42874,1
42875,4
42876,1
42877,2
42878,20
42879,1
42880,9
42881,1
42882,7
42883,12
42884,11
42885,7
42886,14
42887,15
42888,2
42889,1
42890,16
42891,16
42892,11
42893,10
42894,14
42895,11
42896,8
42897,1
42898,1
42899,0
42900,20
42901,13
42902,13
42903,15
42904,13
42905,7
42906,1
42907,1
42908,8
42909,2
42910,3
42911,9
42912,10
42913,15
42914,11
42915,1
42916,9
42917,19
42918,1
42919,10
42920,1
42921,1
42922,3
42923,8
42924,4
42925,11
42926,19
42927,18
42928,17
42929,12
42930,9
42931,2
42932,6
42933,8
42934,11
42935,2
42936,11
42937,1
42938,16
42939,18
42940,2
42941,6
42942,1
42943,7
42944,9
42945,1
42946,15
42947,1
42948,9
42949,1
42950,17
42951,1
42952,3
42953,1
42954,1
42955,2
42956,19
42957,1
42958,17
42959,1
42960,8
42961,11
42962,11
42963,1
42964,2
42965,1
42966,8
42967,20
42968,1
42969,9
42970,19
42971,8
42972,11
42973,4
42974,1
42975,6
42976,15
42977,1
42978,12
42979,11
42980,11
42981,11
42982,11
42983,17
42984,12
42985,2
42986,16
42987,11
42988,11
42989,3
42990,11
42991,9
42992,9
42993,16
42994,12
42995,13
42996,20
42997,1
42998,1
42999,17
43000,7
43001,13
43002,12
43003,0
43004,19
43005,14
43006,12
43007,9
43008,14
43009,5
43010,9
43011,10
43012,10
43013,17
43014,12
43015,11
43016,9
43017,7
43018,13
43019,5
43020,11
43021,14
43022,11
43023,14
43024,21
43025,0
43026,8
43027,7
43028,18
43029,11
43030,17
43031,14
43032,11
43033,8
43034,19
43035,1
43036,10
43037,2
43038,4
43039,2
43040,18
43041,1
43042,2
43043,2
43044,17
43045,13
43046,3
43047,11
43048,18
43049,5
43050,2
43051,7
43052,1
43053,11
43054,13
43055,8
43056,2
43057,1
43058,19
43059,6
43060,9
43061,1
43062,1
43063,5
43064,1
43065,9
43066,8
43067,2
43068,9
43069,1
43070,1
43071,3
43072,3
43073,1
43074,3
43075,1
43076,2
43077,17
43078,9
43079,16
43080,13
43081,6
43082,7
43083,9
43084,11
43085,11
43086,1
43087,1
43088,13
43089,9
43090,10
43091,9
43092,0
43093,1
43094,15
43095,18
43096,3
43097,17
43098,1
43099,12
43100,1
43101,6
43102,7
43103,7
43104,6
43105,3
43106,7
43107,15
43108,6
43109,17
43110,19
43111,1
43112,6
43113,21
43114,3
43115,16
43116,4
43117,2
43118,2
43119,1
43120,1
43121,4
43122,17
43123,1
43124,1
43125,18
43126,1
43127,15
43128,8
43129,1
43130,11
43131,8
43132,14
43133,11
43134,9
43135,10
43136,9
43137,6
43138,4
43139,18
43140,4
43141,16
43142,7
43143,11
43144,12
43145,13
43146,1
43147,8
43148,0
43149,12
43150,15
43151,1
43152,1
43153,7
43154,16
43155,17
43156,9
43157,1
43158,8
43159,1
43160,1
43161,12
43162,8
43163,12
43164,1
43165,4
43166,17
43167,19
43168,21
43169,9
43170,8
43171,1
43172,8
43173,3
43174,3
43175,1
43176,2
43177,4
43178,3
43179,8
43180,9
43181,1
43182,0
43183,19
43184,20
43185,0
43186,1
43187,7
43188,7
43189,9
43190,0
43191,11
43192,6
43193,6
43194,5
43195,7
43196,16
43197,6
43198,14
43199,0
43200,8
43201,8
43202,1
43203,1
43204,9
43205,15
43206,10
43207,10
43208,1
43209,11
43210,1
43211,7
43212,6
43213,1
43214,7
43215,4
43216,11
43217,5
43218,1
43219,8
43220,3
43221,5
43222,11
43223,17
43224,9
43225,11
43226,9
43227,5
43228,5
43229,17
43230,15
43231,6
43232,10
43233,6
43234,15
43235,2
43236,11
43237,8
43238,12
43239,11
43240,10
43241,0
43242,8
43243,5
43244,7
43245,11
43246,16
43247,5
43248,6
43249,10
43250,4
43251,8
43252,9
43253,12
43254,0
43255,1
43256,5
43257,18
43258,0
43259,1
43260,11
43261,1
43262,17
43263,0
43264,11
43265,9
43266,9
43267,16
43268,1
43269,1
43270,1
43271,6
43272,1
43273,7
43274,2
43275,1
43276,18
43277,9
43278,3
43279,11
43280,10
43281,1
43282,9
43283,1
43284,12
43285,7
43286,7
43287,2
43288,7
43289,14
43290,1
43291,1
43292,7
43293,0
43294,1
43295,1
43296,1
43297,11
43298,8
43299,12
43300,1
43301,4
43302,16
43303,1
43304,17
43305,1
43306,14
43307,4
43308,11
43309,11
43310,7
43311,14
43312,1
43313,12
43314,7
43315,1
43316,14
43317,7
43318,13
43319,17
43320,1
43321,11
43322,9
43323,17
43324,13
43325,11
43326,12
43327,2
43328,19
43329,1
43330,8
43331,6
43332,8
43333,11
43334,2
43335,11
43336,1
43337,16
43338,8
43339,1
43340,1
43341,12
43342,1
43343,21
43344,2
43345,8
43346,11
43347,9
43348,5
43349,14
43350,1
43351,5
43352,14
43353,4
43354,3
43355,19
43356,2
43357,11
43358,0
43359,11
43360,15
43361,15
43362,2
43363,9
43364,19
43365,9
43366,16
43367,7
43368,4
43369,7
43370,19
43371,7
43372,8
43373,4
43374,7
43375,11
43376,13
43377,0
43378,8
43379,16
43380,8
43381,11
43382,11
43383,7
43384,8
43385,10
43386,10
43387,19
43388,12
43389,9
43390,2
43391,4
43392,1
43393,0
43394,7
43395,1
43396,6
43397,0
43398,9
43399,4
43400,8
43401,11
43402,3
43403,7
43404,20
43405,2
43406,4
43407,16
43408,8
43409,5
43410,8
43411,9
43412,1
43413,11
43414,8
43415,2
43416,7
43417,19
43418,0
43419,8
43420,17
43421,16
43422,8
43423,4
43424,19
43425,7
43426,10
43427,16
43428,13
43429,8
43430,7
43431,7
43432,7
43433,11
43434,5
43435,2
43436,1
43437,18
43438,11
43439,6
43440,5
43441,8
43442,9
43443,8
43444,12
43445,1
43446,8
43447,10
43448,1
43449,3
43450,2
43451,18
43452,17
43453,11
43454,1
43455,7
43456,13
43457,17
43458,7
43459,11
43460,7
43461,9
43462,17
43463,6
43464,8
43465,9
43466,11
43467,17
43468,1
43469,8
43470,15
43471,8
43472,8
43473,17
43474,11
43475,7
43476,8
43477,2
43478,17
43479,6
43480,2
43481,10
43482,19
43483,1
43484,2
43485,12
43486,1
43487,7
43488,19
43489,7
43490,7
43491,9
43492,1
43493,7
43494,11
43495,9
43496,11
43497,11
43498,4
43499,1
43500,7
43501,10
43502,11
43503,6
43504,16
43505,7
43506,2
43507,2
43508,10
43509,15
43510,1
43511,6
43512,6
43513,10
43514,1
43515,9
43516,12
43517,10
43518,9
43519,1
43520,8
43521,8
43522,12
43523,9
43524,9
43525,15
43526,11
43527,12
43528,19
43529,9
43530,5
43531,3
43532,11
43533,3
43534,9
43535,1
43536,1
43537,9
43538,11
43539,17
43540,18
43541,4
43542,9
43543,19
43544,4
43545,18
43546,10
43547,6
43548,19
43549,1
43550,9
43551,5
43552,3
43553,1
43554,16
43555,16
43556,15
43557,7
43558,2
43559,1
43560,11
43561,13
43562,9
43563,12
43564,11
43565,6
43566,18
43567,0
43568,12
43569,1
43570,13
43571,7
43572,11
43573,12
43574,12
43575,15
43576,0
43577,1
43578,4
43579,7
43580,8
43581,9
43582,4
43583,13
43584,14
43585,2
43586,0
43587,11
43588,7
43589,5
43590,8
43591,1
43592,7
43593,9
43594,7
43595,1
43596,14
43597,12
43598,0
43599,17
43600,1
43601,13
43602,12
43603,8
43604,7
43605,1
43606,7
43607,19
43608,11
43609,11
43610,12
43611,7
43612,9
43613,19
43614,1
43615,7
43616,9
43617,20
43618,17
43619,19
43620,2
43621,1
43622,21
43623,1
43624,15
43625,1
43626,2
43627,0
43628,13
43629,12
43630,2
43631,9
43632,13
43633,9
43634,12
43635,7
43636,5
43637,8
43638,21
43639,8
43640,12
43641,14
43642,8
43643,1
43644,11
43645,14
43646,13
43647,1
43648,10
43649,11
43650,14
43651,1
43652,9
43653,6
43654,14
43655,11
43656,11
43657,15
43658,11
43659,21
43660,15
43661,19
43662,9
43663,11
43664,4
43665,7
43666,2
43667,0
43668,8
43669,1
43670,1
43671,12
43672,4
43673,11
43674,7
43675,19
43676,1
43677,7
43678,9
43679,0
43680,17
43681,18
43682,9
43683,6
43684,2
43685,11
43686,8
43687,12
43688,0
43689,21
43690,9
43691,12
43692,17
43693,9
43694,9
43695,9
43696,17
43697,15
43698,19
43699,9
43700,9
43701,8
43702,0
43703,6
43704,10
43705,17
43706,1
43707,3
43708,1
43709,9
43710,11
43711,10
43712,18
43713,10
43714,11
43715,1
43716,0
43717,11
43718,1
43719,9
43720,10
43721,9
43722,11
43723,7
43724,1
43725,8
43726,11
43727,7
43728,1
43729,7
43730,0
43731,12
43732,12
43733,9
43734,11
43735,6
43736,1
43737,0
43738,11
43739,1
43740,2
43741,5
43742,14
43743,2
43744,11
43745,5
43746,17
43747,16
43748,1
43749,15
43750,5
43751,13
43752,1
43753,7
43754,1
43755,2
43756,0
43757,9
43758,11
43759,6
43760,7
43761,7
43762,2
43763,7
43764,1
43765,11
43766,9
43767,1
43768,1
43769,12
43770,7
43771,6
43772,1
43773,5
43774,7
43775,1
43776,3
43777,2
43778,2
43779,0
43780,7
43781,14
43782,7
43783,19
43784,17
43785,5
43786,15
43787,18
43788,11
43789,4
43790,1
43791,1
43792,2
43793,9
43794,1
43795,14
43796,9
43797,19
43798,6
43799,10
43800,11
43801,17
43802,7
43803,15
43804,6
43805,2
43806,9
43807,11
43808,5
43809,11
43810,11
43811,18
43812,1
43813,16
43814,17
43815,16
43816,1
43817,2
43818,6
43819,19
43820,2
43821,0
43822,1
43823,1
43824,11
43825,2
43826,20
43827,1
43828,9
43829,8
43830,6
43831,9
43832,11
43833,16
43834,1
43835,7
43836,7
43837,6
43838,18
43839,20
43840,12
43841,1
43842,2
43843,2
43844,8
43845,10
43846,1
43847,2
43848,1
43849,6
43850,5
43851,11
43852,3
43853,1
43854,10
43855,13
43856,14
43857,1
43858,6
43859,3
43860,5
43861,1
43862,11
43863,7
43864,15
43865,8
43866,2
43867,8
43868,18
43869,2
43870,0
43871,9
43872,8
43873,13
43874,1
43875,12
43876,7
43877,6
43878,5
43879,0
43880,21
43881,9
43882,11
43883,10
43884,8
43885,2
43886,13
43887,2
43888,2
43889,15
43890,5
43891,0
43892,5
43893,14
43894,12
43895,1
43896,20
43897,15
43898,16
43899,6
43900,9
43901,15
43902,19
43903,11
43904,11
43905,11
43906,6
43907,1
43908,19
43909,1
43910,20
43911,16
43912,19
43913,15
43914,5
43915,6
43916,2
43917,2
43918,1
43919,7
43920,1
43921,19
43922,9
43923,17
43924,10
43925,11
43926,17
43927,3
43928,5
43929,5
43930,11
43931,1
43932,1
43933,9
43934,1
43935,1
43936,8
43937,7
43938,1
43939,5
43940,11
43941,1
43942,6
43943,12
43944,11
43945,1
43946,9
43947,1
43948,1
43949,20
43950,1
43951,3
43952,17
43953,4
43954,3
43955,7
43956,19
43957,2
43958,19
43959,21
43960,1
43961,4
43962,11
43963,11
43964,11
43965,12
43966,7
43967,20
43968,1
43969,10
43970,1
43971,12
43972,1
43973,1
43974,11
43975,17
43976,0
43977,0
43978,4
43979,1
43980,9
43981,11
43982,9
43983,9
43984,1
43985,3
43986,15
43987,1
43988,17
43989,9
43990,11
43991,5
43992,15
43993,3
43994,7
43995,1
43996,1
43997,5
43998,3
43999,11
44000,11
44001,8
44002,7
44003,11
44004,5
44005,15
44006,11
44007,1
44008,19
44009,9
44010,2
44011,14
44012,8
44013,7
44014,9
44015,5
44016,3
44017,11
44018,2
44019,14
44020,10
44021,3
44022,0
44023,1
44024,9
44025,10
44026,7
44027,13
44028,11
44029,19
44030,2
44031,1
44032,7
44033,9
44034,17
44035,5
44036,16
44037,2
44038,16
44039,0
44040,1
44041,12
44042,5
44043,11
44044,1
44045,6
44046,2
44047,13
44048,15
44049,17
44050,1
44051,7
44052,1
44053,19
44054,3
44055,12
44056,9
44057,16
44058,5
44059,1
44060,8
44061,1
44062,19
44063,16
44064,9
44065,11
44066,8
44067,11
44068,16
44069,9
44070,19
44071,1
44072,15
44073,15
44074,6
44075,9
44076,12
44077,9
44078,9
44079,3
44080,5
44081,8
44082,11
44083,7
44084,21
44085,0
44086,12
44087,0
44088,17
44089,2
44090,19
44091,4
44092,7
44093,13
44094,11
44095,7
44096,14
44097,1
44098,8
44099,5
44100,11
44101,13
44102,2
44103,9
44104,19
44105,15
44106,15
44107,8
44108,1
44109,16
44110,11
44111,0
44112,17
44113,2
44114,12
44115,7
44116,3
44117,1
44118,5
44119,7
44120,1
44121,7
44122,19
44123,11
44124,12
44125,8
44126,11
44127,3
44128,2
44129,11
44130,1
44131,2
44132,2
44133,5
44134,6
44135,7
44136,8
44137,3
44138,1
44139,11
44140,7
44141,11
44142,4
44143,8
44144,0
44145,19
44146,14
44147,15
44148,1
44149,4
44150,9
44151,9
44152,1
44153,9
44154,5
44155,5
44156,3
44157,1
44158,7
44159,1
44160,1
44161,1
44162,17
44163,10
44164,0
44165,9
44166,8
44167,19
44168,11
44169,9
44170,14
44171,5
44172,12
44173,7
44174,9
44175,7
44176,4
44177,19
44178,3
44179,9
44180,2
44181,8
44182,1
44183,3
44184,11
44185,5
44186,9
44187,1
44188,1
44189,20
44190,13
44191,11
44192,19
44193,2
44194,2
44195,15
44196,11
44197,4
44198,5
44199,9
44200,8
44201,8
44202,2
44203,9
44204,1
44205,17
44206,9
44207,9
44208,3
44209,2
44210,1
44211,11
44212,6
44213,6
44214,9
44215,1
44216,9
44217,8
44218,7
44219,17
44220,17
44221,4
44222,1
44223,1
44224,12
44225,12
44226,1
44227,9
44228,1
44229,2
44230,1
44231,1
44232,15
44233,6
44234,9
44235,1
44236,16
44237,6
44238,12
44239,2
44240,9
44241,7
44242,9
44243,1
44244,10
44245,5
44246,9
44247,1
44248,12
44249,17
44250,17
44251,11
44252,1
44253,2
44254,9
44255,5
44256,1
44257,1
44258,9
44259,10
44260,19
44261,12
44262,0
44263,19
44264,12
44265,21
44266,18
44267,19
44268,11
44269,13
44270,12
44271,7
44272,3
44273,1
44274,10
44275,7
44276,9
44277,19
44278,11
44279,9
44280,0
44281,16
44282,9
44283,13
44284,11
44285,2
44286,1
44287,0
44288,2
44289,11
44290,11
44291,1
44292,14
44293,8
44294,1
44295,16
44296,15
44297,4
44298,12
44299,14
44300,1
44301,3
44302,2
44303,9
44304,8
44305,15
44306,11
44307,8
44308,4
44309,1
44310,1
44311,4
44312,2
44313,4
44314,0
44315,1
44316,1
44317,1
44318,12
44319,9
44320,9
44321,19
44322,9
44323,1
44324,17
44325,2
44326,6
44327,7
44328,9
44329,17
44330,13
44331,11
44332,7
44333,9
44334,16
44335,1
44336,1
44337,7
44338,20
44339,2
44340,1
44341,1
44342,12
44343,8
44344,11
44345,17
44346,8
44347,7
44348,1
44349,11
44350,1
44351,1
44352,0
44353,11
44354,8
44355,11
44356,7
44357,19
44358,14
44359,13
44360,15
44361,1
44362,11
44363,14
44364,1
44365,19
44366,8
44367,6
44368,11
44369,7
44370,9
44371,1
44372,14
44373,9
44374,1
44375,1
44376,7
44377,3
44378,3
44379,6
44380,15
44381,5
44382,2
44383,19
44384,7
44385,6
44386,19
44387,11
44388,8
44389,2
44390,9
44391,1
44392,9
44393,12
44394,17
44395,10
44396,2
44397,7
44398,1
44399,12
44400,4
44401,12
44402,2
44403,1
44404,3
44405,4
44406,1
44407,8
44408,11
44409,6
44410,9
44411,3
44412,10
44413,5
44414,12
44415,5
44416,3
44417,5
44418,11
44419,7
44420,19
44421,12
44422,9
44423,1
44424,16
44425,8
44426,8
44427,11
44428,7
44429,6
44430,0
44431,3
44432,17
44433,6
44434,19
44435,11
44436,11
44437,7
44438,11
44439,13
44440,17
44441,12
44442,1
44443,0
44444,9
44445,1
44446,8
44447,8
44448,16
44449,1
44450,1
44451,9
44452,9
44453,11
44454,14
44455,5
44456,1
44457,2
44458,4
44459,18
44460,13
44461,8
44462,3
44463,7
44464,16
44465,1
44466,5
44467,4
44468,2
44469,9
44470,20
44471,14
44472,11
44473,9
44474,10
44475,10
44476,7
44477,7
44478,8
44479,4
44480,1
44481,20
44482,1
44483,5
44484,4
44485,11
44486,6
44487,6
44488,1
44489,1
44490,14
44491,1
44492,5
44493,1
44494,3
44495,8
44496,5
44497,7
44498,2
44499,11
44500,15
44501,11
44502,7
44503,0
44504,2
44505,1
44506,1
44507,2
44508,8
44509,2
44510,1
44511,14
44512,9
44513,1
44514,6
44515,7
44516,1
44517,11
44518,1
44519,1
44520,0
44521,2
44522,9
44523,13
44524,7
44525,14
44526,5
44527,5
44528,5
44529,1
44530,7
44531,7
44532,11
44533,13
44534,11
44535,20
44536,19
44537,2
44538,4
44539,5
44540,17
44541,15
44542,13
44543,9
44544,7
44545,16
44546,11
44547,0
44548,9
44549,9
44550,10
44551,1
44552,9
44553,9
44554,2
44555,3
44556,15
44557,7
44558,1
44559,1
44560,14
44561,0
44562,8
44563,11
44564,12
44565,12
44566,0
44567,4
44568,1
44569,1
44570,11
44571,12
44572,19
44573,9
44574,16
44575,2
44576,17
44577,9
44578,5
44579,2
44580,2
44581,11
44582,12
44583,8
44584,10
44585,3
44586,0
44587,12
44588,12
44589,6
44590,7
44591,12
44592,8
44593,9
44594,13
44595,0
44596,1
44597,19
44598,4
44599,14
44600,9
44601,1
44602,9
44603,1
44604,7
44605,9
44606,11
44607,5
44608,0
44609,5
44610,11
44611,16
44612,9
44613,11
44614,13
44615,1
44616,0
44617,5
44618,17
44619,7
44620,6
44621,1
44622,10
44623,17
44624,2
44625,9
44626,16
44627,16
44628,18
44629,11
44630,5
44631,1
44632,11
44633,17
44634,1
44635,4
44636,7
44637,0
44638,20
44639,12
44640,12
44641,5
44642,7
44643,11
44644,12
44645,6
44646,12
44647,1
44648,1
44649,16
44650,11
44651,5
44652,16
44653,5
44654,10
44655,8
44656,4
44657,7
44658,11
44659,3
44660,1
44661,12
44662,3
44663,8
44664,6
44665,14
44666,9
44667,1
44668,1
44669,0
44670,1
44671,17
44672,1
44673,0
44674,1
44675,11
44676,2
44677,6
44678,19
44679,17
44680,6
44681,10
44682,2
44683,2
44684,17
44685,11
44686,19
44687,1
44688,2
44689,9
44690,7
44691,1
44692,11
44693,6
44694,1
44695,9
44696,1
44697,11
44698,1
44699,7
44700,8
44701,4
44702,1
44703,7
44704,1
44705,1
44706,9
44707,1
44708,5
44709,5
44710,7
44711,9
44712,16
44713,19
44714,15
44715,9
44716,11
44717,1
44718,2
44719,5
44720,8
44721,15
44722,8
44723,2
44724,7
44725,4
44726,11
44727,10
44728,4
44729,17
44730,1
44731,0
44732,7
44733,9
44734,5
44735,16
44736,15
44737,1
44738,1
44739,1
44740,9
44741,1
44742,1
44743,16
44744,1
44745,7
44746,7
44747,0
44748,6
44749,6
44750,6
44751,19
44752,1
44753,7
44754,2
44755,18
44756,10
44757,12
44758,7
44759,12
44760,8
44761,2
44762,11
44763,1
44764,19
44765,1
44766,1
44767,9
44768,13
44769,1
44770,7
44771,1
44772,1
44773,9
44774,10
44775,7
44776,11
44777,1
44778,11
44779,16
44780,7
44781,11
44782,12
44783,8
44784,13
44785,13
44786,14
44787,19
44788,1
44789,6
44790,4
44791,10
44792,1
44793,11
44794,16
44795,1
44796,12
44797,6
44798,11
44799,7
44800,1
44801,18
44802,10
44803,16
44804,1
44805,3
44806,5
44807,7
44808,7
44809,10
44810,1
44811,12
44812,8
44813,5
44814,11
44815,19
44816,11
44817,1
44818,12
44819,13
44820,17
44821,10
44822,8
44823,2
44824,6
44825,13
44826,11
44827,5
44828,10
44829,4
44830,3
44831,3
44832,6
44833,17
44834,9
44835,1
44836,13
44837,9
44838,8
44839,5
44840,2
44841,3
44842,9
44843,2
44844,1
44845,7
44846,2
44847,1
44848,1
44849,3
44850,2
44851,16
44852,11
44853,18
44854,4
44855,1
44856,15
44857,9
44858,7
44859,2
44860,12
44861,4
44862,0
44863,11
44864,2
44865,8
44866,1
44867,6
44868,1
44869,9
44870,9
44871,11
44872,0
44873,7
44874,11
44875,13
44876,8
44877,7
44878,1
44879,7
44880,16
44881,15
44882,9
44883,10
44884,10
44885,9
44886,6
44887,5
44888,4
44889,19
44890,18
44891,1
44892,2
44893,8
44894,19
44895,2
44896,19
44897,12
44898,7
44899,1
44900,6
44901,9
44902,12
44903,11
44904,13
44905,13
44906,4
44907,7
44908,5
44909,13
44910,1
44911,1
44912,1
44913,16
44914,1
44915,16
44916,11
44917,19
44918,1
44919,1
44920,10
44921,18
44922,3
44923,12
44924,19
44925,7
44926,1
44927,15
44928,5
44929,1
44930,6
44931,2
44932,2
44933,9
44934,4
44935,0
44936,6
44937,5
44938,3
44939,11
44940,1
44941,1
44942,1
44943,8
44944,9
44945,9
44946,0
44947,0
44948,15
44949,2
44950,4
44951,11
44952,2
44953,11
44954,17
44955,1
44956,2
44957,11
44958,1
44959,5
44960,2
44961,2
44962,17
44963,11
44964,17
44965,21
44966,11
44967,11
44968,19
44969,8
44970,4
44971,3
44972,4
44973,2
44974,10
44975,11
44976,1
44977,1
44978,15
44979,18
44980,18
44981,7
44982,10
44983,11
44984,2
44985,1
44986,8
44987,1
44988,11
44989,18
44990,11
44991,1
44992,9
44993,2
44994,1
44995,6
44996,2
44997,1
44998,13
44999,15
45000,12
45001,1
45002,3
45003,1
45004,13
45005,7
45006,4
45007,2
45008,9
45009,2
45010,13
45011,11
45012,7
45013,1
45014,1
45015,0
45016,19
45017,11
45018,8
45019,19
45020,16
45021,1
45022,6
45023,17
45024,0
45025,9
45026,13
45027,16
45028,12
45029,13
45030,1
45031,5
45032,12
45033,7
45034,11
45035,1
45036,2
45037,7
45038,0
45039,7
45040,1
45041,9
45042,15
45043,12
45044,1
45045,1
45046,7
45047,2
45048,8
45049,2
45050,5
45051,10
45052,7
45053,16
45054,1
45055,4
45056,12
45057,9
45058,11
45059,6
45060,7
45061,1
45062,12
45063,1
45064,12
45065,0
45066,1
45067,1
45068,11
45069,2
45070,9
45071,8
45072,8
45073,9
45074,13
45075,1
45076,9
45077,12
45078,9
45079,1
45080,6
45081,1
45082,11
45083,15
45084,1
45085,13
45086,4
45087,11
45088,1
45089,6
45090,15
45091,1
45092,1
45093,5
45094,19
45095,2
45096,1
45097,6
45098,13
45099,9
45100,2
45101,12
45102,18
45103,7
45104,7
45105,11
45106,7
45107,0
45108,21
45109,2
45110,18
45111,17
45112,15
45113,17
45114,16
45115,10
45116,7
45117,14
45118,3
45119,8
45120,1
45121,11
45122,1
45123,2
45124,14
45125,9
45126,3
45127,17
45128,0
45129,1
45130,0
45131,6
45132,6
45133,19
45134,13
45135,20
45136,2
45137,7
45138,3
45139,7
45140,3
45141,1
45142,11
45143,13
45144,7
45145,21
45146,1
45147,15
45148,5
45149,2
45150,19
45151,1
45152,8
45153,12
45154,16
45155,2
45156,6
45157,12
45158,9
45159,9
45160,20
45161,7
45162,3
45163,3
45164,2
45165,15
45166,8
45167,19
45168,1
45169,18
45170,9
45171,8
45172,5
45173,19
45174,6
45175,21
45176,1
45177,14
45178,1
45179,1
45180,10
45181,3
45182,1
45183,15
45184,1
45185,8
45186,1
45187,1
45188,9
45189,20
45190,7
45191,0
45192,7
45193,13
45194,17
45195,11
45196,1
45197,10
45198,1
45199,1
45200,4
45201,19
45202,7
45203,11
45204,3
45205,19
45206,1
45207,19
45208,19
45209,1
45210,19
45211,9
45212,5
45213,16
45214,5
45215,8
45216,3
45217,1
45218,6
45219,1
45220,3
45221,16
45222,9
45223,17
45224,11
45225,2
45226,4
45227,19
45228,11
45229,17
45230,12
45231,9
45232,11
45233,14
45234,5
45235,6
45236,11
45237,16
45238,2
45239,11
45240,10
45241,11
45242,8
45243,3
45244,7
45245,9
45246,8
45247,4
45248,10
45249,7
45250,3
45251,7
45252,8
45253,15
45254,20
45255,1
45256,0
45257,15
45258,7
45259,11
45260,3
45261,4
45262,1
45263,11
45264,10
45265,17
45266,10
45267,9
45268,15
45269,1
45270,17
45271,17
45272,13
45273,17
45274,6
45275,6
45276,8
45277,9
45278,19
45279,9
45280,16
45281,15
45282,8
45283,3
45284,2
45285,1
45286,0
45287,2
45288,13
45289,5
45290,1
45291,17
45292,15
45293,12
45294,16
45295,20
45296,9
45297,1
45298,3
45299,2
45300,0
45301,8
45302,1
45303,8
45304,1
45305,18
45306,12
45307,11
45308,1
45309,16
45310,3
45311,1
45312,13
45313,11
45314,10
45315,11
45316,11
45317,7
45318,2
45319,17
45320,1
45321,6
45322,16
45323,14
45324,9
45325,4
45326,11
45327,3
45328,9
45329,3
45330,0
45331,19
45332,1
45333,1
45334,0
45335,18
45336,2
45337,17
45338,19
45339,1
45340,0
45341,6
45342,19
45343,3
45344,1
45345,1
45346,1
45347,14
45348,14
45349,5
45350,16
45351,19
45352,19
45353,1
45354,2
45355,19
45356,11
45357,13
45358,7
45359,9
45360,13
45361,7
45362,11
45363,11
45364,11
45365,2
45366,11
45367,1
45368,11
45369,7
45370,7
45371,3
45372,6
45373,6
45374,1
45375,7
45376,5
45377,8
45378,21
45379,1
45380,6
45381,1
45382,2
45383,1
45384,7
45385,7
45386,12
45387,9
45388,20
45389,1
45390,8
45391,2
45392,8
45393,7
45394,1
45395,7
45396,12
45397,1
45398,6
45399,1
45400,19
45401,5
45402,0
45403,6
45404,2
45405,2
45406,14
45407,6
45408,15
45409,7
45410,1
45411,4
45412,2
45413,5
45414,12
45415,10
45416,0
45417,12
45418,1
45419,12
45420,1
45421,1
45422,0
45423,7
45424,8
45425,11
45426,11
45427,2
45428,8
45429,5
45430,15
45431,2
45432,1
45433,2
45434,8
45435,7
45436,17
45437,0
45438,15
45439,7
45440,16
45441,10
45442,7
45443,15
45444,11
45445,7
45446,1
45447,4
45448,7
45449,9
45450,3
45451,3
45452,10
45453,11
45454,8
45455,11
45456,6
45457,5
45458,6
45459,3
45460,6
45461,1
45462,13
45463,9
45464,1
45465,7
45466,3
45467,17
45468,1
45469,11
45470,7
45471,1
45472,1
45473,1
45474,13
45475,14
45476,11
45477,13
45478,12
45479,11
45480,11
45481,1
45482,8
45483,11
45484,2
45485,7
45486,10
45487,0
45488,11
45489,1
45490,11
45491,7
45492,8
45493,14
45494,13
45495,1
45496,6
45497,3
45498,8
45499,19
45500,2
45501,2
45502,9
45503,14
45504,10
45505,3
45506,12
45507,0
45508,0
45509,13
45510,1
45511,3
45512,0
45513,9
45514,12
45515,12
45516,1
45517,11
45518,11
45519,0
45520,4
45521,18
45522,19
45523,1
45524,1
45525,2
45526,1
45527,7
45528,17
45529,5
45530,5
45531,6
45532,4
45533,0
45534,18
45535,5
45536,1
45537,9
45538,17
45539,15
45540,15
45541,15
45542,17
45543,4
45544,19
45545,8
45546,0
45547,20
45548,5
45549,0
45550,11
45551,1
45552,11
45553,9
45554,16
45555,7
45556,9
45557,12
45558,17
45559,2
45560,6
45561,3
45562,15
45563,2
45564,1
45565,3
45566,2
45567,17
45568,1
45569,12
45570,13
45571,9
45572,1
45573,19
45574,6
45575,7
45576,17
45577,7
45578,9
45579,11
45580,11
45581,5
45582,4
45583,1
45584,0
45585,12
45586,10
45587,6
45588,2
45589,0
45590,1
45591,5
45592,1
45593,1
45594,1
45595,1
45596,6
45597,8
45598,1
45599,19
45600,12
45601,8
45602,20
45603,16
45604,5
45605,19
45606,1
45607,2
45608,1
45609,4
45610,14
45611,11
45612,6
45613,1
45614,7
45615,2
45616,6
45617,1
45618,19
45619,13
45620,12
45621,11
45622,14
45623,14
45624,13
45625,1
45626,15
45627,0
45628,1
45629,2
45630,13
45631,4
45632,14
45633,7
45634,1
45635,15
45636,0
45637,5
45638,17
45639,1
45640,1
45641,17
45642,1
45643,16
45644,9
45645,0
45646,1
45647,1
45648,11
45649,7
45650,7
45651,3
45652,17
45653,19
45654,19
45655,19
45656,19
45657,8
45658,13
45659,7
45660,5
45661,20
45662,2
45663,11
45664,12
45665,10
45666,1
45667,9
45668,1
45669,19
45670,8
45671,11
45672,1
45673,17
45674,19
45675,3
45676,11
45677,10
45678,8
45679,9
45680,11
45681,1
45682,12
45683,3
45684,7
45685,16
45686,1
45687,18
45688,11
45689,4
45690,9
45691,19
45692,1
45693,12
45694,12
45695,10
45696,11
45697,13
45698,7
45699,7
45700,14
45701,2
45702,0
45703,6
45704,17
45705,8
45706,2
45707,5
45708,11
45709,1
45710,16
45711,20
45712,16
45713,19
45714,4
45715,7
45716,2
45717,9
45718,11
45719,7
45720,2
45721,2
45722,17
45723,2
45724,9
45725,11
45726,1
45727,1
45728,9
45729,12
45730,9
45731,5
45732,11
45733,7
45734,2
45735,3
45736,15
45737,6
45738,1
45739,16
45740,9
45741,3
45742,4
45743,7
45744,7
45745,8
45746,0
45747,15
45748,1
45749,5
45750,16
45751,13
45752,20
45753,7
45754,9
45755,4
45756,6
45757,1
45758,16
45759,19
45760,8
45761,0
45762,2
45763,16
45764,12
45765,10
45766,3
45767,1
45768,7
45769,11
45770,9
45771,6
45772,11
45773,1
45774,1
45775,8
45776,19
45777,12
45778,9
45779,17
45780,3
45781,1
45782,1
45783,1
45784,3
45785,1
45786,19
45787,11
45788,6
45789,3
45790,7
45791,1
45792,7
45793,6
45794,2
45795,8
45796,11
45797,12
45798,8
45799,10
45800,15
45801,8
45802,1
45803,10
45804,1
45805,1
45806,2
45807,0
45808,1
45809,1
45810,5
45811,17
45812,8
45813,1
45814,1
45815,6
45816,1
45817,2
45818,12
45819,7
45820,9
45821,8
45822,13
45823,9
45824,3
45825,1
45826,10
45827,17
45828,11
45829,10
45830,11
45831,10
45832,1
45833,10
45834,9
45835,7
45836,1
45837,20
45838,11
45839,11
45840,2
45841,9
45842,2
45843,2
45844,8
45845,1
45846,11
45847,1
45848,2
45849,1
45850,3
45851,3
45852,0
45853,9
45854,15
45855,1
45856,1
45857,1
45858,2
45859,9
45860,6
45861,1
45862,15
45863,6
45864,1
45865,17
45866,5
45867,5
45868,10
45869,1
45870,11
45871,1
45872,19
45873,9
45874,16
45875,1
45876,0
45877,12
45878,2
45879,5
45880,21
45881,7
45882,1
45883,18
45884,0
45885,13
45886,1
45887,6
45888,5
45889,0
45890,1
45891,18
45892,11
45893,2
45894,19
45895,15
45896,5
45897,12
45898,19
45899,0
45900,9
45901,2
45902,10
45903,19
45904,19
45905,1
45906,1
45907,12
45908,5
45909,11
45910,15
45911,1
45912,2
45913,8
45914,0
45915,7
45916,16
45917,13
45918,1
45919,2
45920,4
45921,3
45922,1
45923,6
45924,16
45925,13
45926,8
45927,17
45928,17
45929,1
45930,2
45931,12
45932,5
45933,11
45934,1
45935,7
45936,17
45937,1
45938,1
45939,19
45940,10
45941,5
45942,19
45943,1
45944,0
45945,1
45946,15
45947,1
45948,7
45949,19
45950,11
45951,1
45952,1
45953,13
45954,11
45955,9
45956,7
45957,2
45958,11
45959,1
45960,11
45961,16
45962,1
45963,11
45964,14
45965,7
45966,3
45967,0
45968,3
45969,1
45970,17
45971,17
45972,11
45973,1
45974,17
45975,6
45976,9
45977,1
45978,10
45979,10
45980,13
45981,17
45982,13
45983,19
45984,12
45985,9
45986,1
45987,4
45988,8
45989,1
45990,11
45991,17
45992,9
45993,21
45994,11
45995,9
45996,20
45997,5
45998,2
45999,4
46000,8
46001,1
46002,3
46003,1
46004,19
46005,16
46006,9
46007,1
46008,17
46009,14
46010,4
46011,11
46012,13
46013,9
46014,11
46015,13
46016,17
46017,1
46018,14
46019,1
46020,13
46021,12
46022,5
46023,10
46024,1
46025,6
46026,11
46027,19
46028,11
46029,7
46030,1
46031,9
46032,10
46033,11
46034,11
46035,15
46036,14
46037,9
46038,8
46039,1
46040,8
46041,4
46042,6
46043,6
46044,14
46045,3
46046,11
46047,11
46048,7
46049,2
46050,11
46051,10
46052,4
46053,7
46054,8
46055,15
46056,12
46057,2
46058,7
46059,8
46060,11
46061,7
46062,5
46063,1
46064,2
46065,5
46066,13
46067,8
46068,21
46069,1
46070,12
46071,20
46072,5
46073,8
46074,11
46075,9
46076,14
46077,5
46078,8
46079,1
46080,1
46081,1
46082,2
46083,8
46084,11
46085,0
46086,1
46087,1
46088,10
46089,0
46090,7
46091,4
46092,0
46093,10
46094,1
46095,17
46096,0
46097,8
46098,1
46099,7
46100,7
46101,0
46102,21
46103,11
46104,15
46105,2
46106,8
46107,16
46108,9
46109,1
46110,7
46111,2
46112,15
46113,0
46114,0
46115,6
46116,1
46117,2
46118,15
46119,19
46120,8
46121,15
46122,0
46123,7
46124,11
46125,2
46126,19
46127,4
46128,9
46129,3
46130,12
46131,9
46132,7
46133,1
46134,19
46135,7
46136,5
46137,10
46138,1
46139,15
46140,2
46141,8
46142,6
46143,10
46144,16
46145,1
46146,6
46147,2
46148,9
46149,12
46150,9
46151,5
46152,4
46153,19
46154,15
46155,1
46156,15
46157,3
46158,6
46159,6
46160,15
46161,1
46162,15
46163,18
46164,1
46165,6
46166,7
46167,7
46168,5
46169,8
46170,21
46171,11
46172,1
46173,5
46174,13
46175,11
46176,15
46177,2
46178,11
46179,8
46180,2
46181,11
46182,5
46183,17
46184,18
46185,8
46186,19
46187,7
46188,11
46189,0
46190,4
46191,1
46192,1
46193,12
46194,1
46195,11
46196,5
46197,12
46198,3
46199,17
46200,13
46201,11
46202,13
46203,2
46204,1
46205,0
46206,17
46207,9
46208,1
46209,12
46210,6
46211,16
46212,2
46213,19
46214,7
46215,1
46216,11
46217,14
46218,17
46219,12
46220,8
46221,16
46222,13
46223,10
46224,9
46225,1
46226,11
46227,7
46228,7
46229,7
46230,0
46231,1
46232,0
46233,1
46234,1
46235,12
46236,19
46237,16
46238,1
46239,19
46240,16
46241,1
46242,15
46243,17
46244,13
46245,19
46246,2
46247,19
46248,17
46249,9
46250,7
46251,12
46252,4
46253,8
46254,2
46255,9
46256,9
46257,15
46258,7
46259,7
46260,7
46261,14
46262,3
46263,11
46264,12
46265,7
46266,3
46267,7
46268,17
46269,3
46270,10
46271,20
46272,5
46273,0
46274,4
46275,13
46276,8
46277,9
46278,13
46279,16
46280,19
46281,6
46282,16
46283,13
46284,12
46285,8
46286,4
46287,11
46288,9
46289,1
46290,16
46291,6
46292,1
46293,1
46294,1
46295,11
46296,11
46297,1
46298,6
46299,17
46300,20
46301,14
46302,12
46303,19
46304,11
46305,12
46306,11
46307,1
46308,0
46309,1
46310,11
46311,6
46312,1
46313,7
46314,19
46315,12
46316,11
46317,12
46318,6
46319,6
46320,19
46321,1
46322,9
46323,11
46324,7
46325,0
46326,2
46327,16
46328,2
46329,5
46330,1
46331,4
46332,8
46333,7
46334,2
46335,11
46336,8
46337,1
46338,9
46339,2
46340,14
46341,1
46342,1
46343,11
46344,16
46345,1
46346,19
46347,17
46348,1
46349,8
46350,2
46351,7
46352,2
46353,3
46354,9
46355,1
46356,11
46357,2
46358,12
46359,3
46360,5
46361,7
46362,1
46363,2
46364,17
46365,9
46366,2
46367,3
46368,7
46369,15
46370,14
46371,6
46372,3
46373,11
46374,0
46375,7
46376,9
46377,1
46378,2
46379,15
46380,21
46381,19
46382,6
46383,1
46384,10
46385,11
46386,17
46387,12
46388,11
46389,9
46390,11
46391,2
46392,1
46393,7
46394,2
46395,1
46396,6
46397,7
46398,5
46399,9
46400,12
46401,2
46402,15
46403,2
46404,15
46405,1
46406,19
46407,2
46408,8
46409,13
46410,9
46411,5
46412,6
46413,1
46414,12
46415,1
46416,11
46417,7
46418,7
46419,1
46420,12
46421,3
46422,5
46423,15
46424,11
46425,0
46426,1
46427,10
46428,17
46429,1
46430,3
46431,6
46432,3
46433,5
46434,19
46435,11
46436,1
46437,19
46438,11
46439,8
46440,1
46441,13
46442,7
46443,1
46444,0
46445,13
46446,9
46447,9
46448,1
46449,9
46450,3
46451,7
46452,10
46453,11
46454,9
46455,11
46456,2
46457,7
46458,2
46459,1
46460,11
46461,12
46462,7
46463,10
46464,1
46465,4
46466,1
46467,7
46468,1
46469,8
46470,1
46471,1
46472,1
46473,1
46474,2
46475,1
46476,12
46477,17
46478,1
46479,6
46480,12
46481,7
46482,20
46483,0
46484,5
46485,1
46486,1
46487,11
46488,4
46489,2
46490,13
46491,17
46492,14
46493,20
46494,10
46495,11
46496,13
46497,4
46498,5
46499,10
46500,2
46501,8
46502,3
46503,1
46504,1
46505,1
46506,10
46507,1
46508,3
46509,14
46510,19
46511,1
46512,8
46513,10
46514,2
46515,8
46516,13
46517,5
46518,6
46519,3
46520,1
46521,7
46522,0
46523,8
46524,7
46525,2
46526,5
46527,11
46528,9
46529,6
46530,5
46531,4
46532,14
46533,11
46534,8
46535,4
46536,1
46537,1
46538,18
46539,6
46540,12
46541,1
46542,6
46543,12
46544,18
46545,1
46546,2
46547,16
46548,6
46549,7
46550,12
46551,1
46552,8
46553,12
46554,2
46555,3
46556,6
46557,1
46558,4
46559,13
46560,19
46561,9
46562,0
46563,1
46564,1
46565,8
46566,4
46567,7
46568,0
46569,17
46570,7
46571,6
46572,9
46573,7
46574,1
46575,1
46576,7
46577,11
46578,12
46579,0
46580,2
46581,2
46582,9
46583,9
46584,11
46585,0
46586,14
46587,4
46588,10
46589,1
46590,7
46591,2
46592,8
46593,11
46594,1
46595,9
46596,7
46597,8
46598,21
46599,1
46600,7
46601,17
46602,15
46603,11
46604,17
46605,1
46606,8
46607,9
46608,1
46609,0
46610,6
46611,13
46612,7
46613,1
46614,11
46615,2
46616,1
46617,6
46618,1
46619,9
46620,20
46621,21
46622,16
46623,2
46624,3
46625,19
46626,9
46627,7
46628,1
46629,1
46630,15
46631,1
46632,8
46633,11
46634,1
46635,14
46636,11
46637,14
46638,8
46639,19
46640,19
46641,8
46642,16
46643,20
46644,1
46645,1
46646,0
46647,16
46648,2
46649,14
46650,8
46651,5
46652,1
46653,14
46654,0
46655,6
46656,11
46657,11
46658,6
46659,12
46660,8
46661,8
46662,1
46663,2
46664,16
46665,9
46666,1
46667,1
46668,9
46669,9
46670,1
46671,0
46672,9
46673,17
46674,1
46675,8
46676,2
46677,2
46678,3
46679,17
46680,11
46681,1
46682,11
46683,0
46684,3
46685,11
46686,6
46687,9
46688,15
46689,17
46690,2
46691,2
46692,2
46693,3
46694,4
46695,3
46696,11
46697,7
46698,2
46699,11
46700,16
46701,9
46702,2
46703,7
46704,7
46705,3
46706,7
46707,15
46708,6
46709,21
46710,4
46711,4
46712,2
46713,8
46714,1
46715,5
46716,7
46717,11
46718,12
46719,14
46720,6
46721,0
46722,10
46723,10
46724,1
46725,3
46726,11
46727,13
46728,1
46729,10
46730,5
46731,17
46732,11
46733,1
46734,14
46735,1
46736,3
46737,8
46738,4
46739,9
46740,12
46741,7
46742,6
46743,17
46744,15
46745,2
46746,2
46747,7
46748,7
46749,2
46750,6
46751,8
46752,6
46753,1
46754,2
46755,9
46756,15
46757,11
46758,12
46759,13
46760,12
46761,9
46762,6
46763,1
46764,2
46765,1
46766,11
46767,2
46768,15
46769,9
46770,7
46771,9
46772,2
46773,9
46774,7
46775,11
46776,15
46777,1
46778,7
46779,3
46780,12
46781,19
46782,1
46783,7
46784,10
46785,1
46786,2
46787,11
46788,4
46789,5
46790,11
46791,1
46792,1
46793,5
46794,2
46795,7
46796,11
46797,16
46798,11
46799,2
46800,2
46801,19
46802,1
46803,10
46804,15
46805,5
46806,7
46807,7
46808,8
46809,13
46810,19
46811,16
46812,15
46813,6
46814,9
46815,3
46816,12
46817,10
46818,11
46819,8
46820,6
46821,17
46822,2
46823,6
46824,19
46825,11
46826,1
46827,1
46828,5
46829,9
46830,1
46831,15
46832,9
46833,14
46834,7
46835,3
46836,2
46837,2
46838,4
46839,7
46840,11
46841,0
46842,5
46843,16
46844,12
46845,1
46846,1
46847,12
46848,13
46849,14
46850,11
46851,6
46852,11
46853,2
46854,1
46855,5
46856,6
46857,21
46858,8
46859,2
46860,19
46861,7
46862,1
46863,11
46864,11
46865,14
46866,15
46867,17
46868,11
46869,5
46870,8
46871,5
46872,4
46873,11
46874,13
46875,9
46876,9
46877,2
46878,1
46879,0
46880,1
46881,11
46882,14
46883,0
46884,0
46885,8
46886,8
46887,1
46888,1
46889,20
46890,1
46891,6
46892,14
46893,18
46894,19
46895,7
46896,3
46897,19
46898,1
46899,7
46900,10
46901,9
46902,3
46903,14
46904,3
46905,8
46906,2
46907,2
46908,14
46909,11
46910,2
46911,8
46912,1
46913,7
46914,10
46915,1
46916,11
46917,6
46918,1
46919,16
46920,11
46921,11
46922,1
46923,11
46924,9
46925,2
46926,11
46927,4
46928,12
46929,11
46930,10
46931,2
46932,2
46933,15
46934,7
46935,11
46936,9
46937,0
46938,19
46939,8
46940,6
46941,12
46942,1
46943,7
46944,1
46945,16
46946,0
46947,17
46948,6
46949,20
46950,17
46951,1
46952,0
46953,12
46954,6
46955,6
46956,16
46957,7
46958,6
46959,9
46960,1
46961,7
46962,9
46963,5
46964,11
46965,9
46966,17
46967,1
46968,15
46969,2
46970,11
46971,7
46972,15
46973,1
46974,20
46975,6
46976,2
46977,6
46978,6
46979,5
46980,1
46981,9
46982,6
46983,1
46984,11
46985,8
46986,10
46987,16
46988,10
46989,2
46990,1
46991,5
46992,7
46993,6
46994,2
46995,11
46996,6
46997,0
46998,9
46999,10
47000,0
47001,1
47002,1
47003,9
47004,9
47005,1
47006,8
47007,11
47008,8
47009,5
47010,12
47011,13
47012,11
47013,19
47014,1
47015,7
47016,4
47017,17
47018,2
47019,7
47020,11
47021,19
47022,8
47023,16
47024,6
47025,2
47026,1
47027,7
47028,19
47029,1
47030,14
47031,7
47032,6
47033,1
47034,2
47035,9
47036,1
47037,4
47038,6
47039,1
47040,7
47041,17
47042,15
47043,9
47044,2
47045,11
47046,12
47047,12
47048,9
47049,9
47050,11
47051,1
47052,2
47053,8
47054,1
47055,7
47056,16
47057,11
47058,12
47059,15
47060,2
47061,0
47062,11
47063,7
47064,11
47065,13
47066,9
47067,9
47068,8
47069,9
47070,2
47071,15
47072,1
47073,18
47074,9
47075,16
47076,11
47077,5
47078,1
47079,0
47080,19
47081,1
47082,1
47083,2
47084,9
47085,5
47086,16
47087,6
47088,11
47089,10
47090,2
47091,11
47092,7
47093,2
47094,1
47095,11
47096,18
47097,9
47098,10
47099,11
47100,3
47101,11
47102,2
47103,9
47104,8
47105,9
47106,12
47107,12
47108,11
47109,11
47110,2
47111,6
47112,11
47113,14
47114,11
47115,6
47116,10
47117,11
47118,11
47119,8
47120,3
47121,1
47122,16
47123,9
47124,8
47125,9
47126,9
47127,1
47128,11
47129,16
47130,11
47131,2
47132,1
47133,11
47134,5
47135,1
47136,11
47137,6
47138,13
47139,11
47140,1
47141,13
47142,9
47143,8
47144,15
47145,8
47146,8
47147,13
47148,9
47149,3
47150,1
47151,0
47152,12
47153,1
47154,17
47155,8
47156,6
47157,11
47158,11
47159,12
47160,9
47161,10
47162,11
47163,9
47164,11
47165,8
47166,2
47167,3
47168,1
47169,1
47170,1
47171,2
47172,9
47173,11
47174,11
47175,8
47176,19
47177,0
47178,16
47179,15
47180,2
47181,1
47182,2
47183,14
47184,2
47185,6
47186,20
47187,17
47188,17
47189,2
47190,19
47191,7
47192,8
47193,20
47194,17
47195,9
47196,18
47197,2
47198,16
47199,12
47200,12
47201,1
47202,16
47203,6
47204,9
47205,5
47206,18
47207,9
47208,1
47209,12
47210,14
47211,2
47212,8
47213,19
47214,11
47215,7
47216,1
47217,17
47218,10
47219,12
47220,1
47221,5
47222,6
47223,9
47224,9
47225,7
47226,20
47227,2
47228,12
47229,20
47230,1
47231,7
47232,3
47233,1
47234,1
47235,2
47236,2
47237,1
47238,11
47239,0
47240,6
47241,11
47242,17
47243,12
47244,1
47245,7
47246,9
47247,15
47248,3
47249,7
47250,8
47251,16
47252,7
47253,9
47254,7
47255,1
47256,9
47257,13
47258,0
47259,7
47260,17
47261,14
47262,1
47263,1
47264,11
47265,3
47266,12
47267,5
47268,19
47269,18
47270,7
47271,9
47272,9
47273,8
47274,1
47275,7
47276,4
47277,13
47278,0
47279,6
47280,5
47281,21
47282,20
47283,1
47284,8
47285,7
47286,5
47287,9
47288,1
47289,9
47290,12
47291,12
47292,1
47293,19
47294,5
47295,3
47296,2
47297,1
47298,7
47299,2
47300,1
47301,9
47302,15
47303,1
47304,3
47305,9
47306,15
47307,13
47308,21
47309,7
47310,7
47311,9
47312,6
47313,9
47314,1
47315,7
47316,19
47317,6
47318,8
47319,19
47320,19
47321,1
47322,0
47323,5
47324,7
47325,0
47326,8
47327,1
47328,7
47329,1
47330,5
47331,18
47332,14
47333,12
47334,10
47335,20
47336,11
47337,8
47338,1
47339,19
47340,8
47341,1
47342,4
47343,9
47344,11
47345,1
47346,15
47347,1
47348,16
47349,4
47350,8
47351,1
47352,1
47353,4
47354,2
47355,7
47356,10
47357,12
47358,1
47359,11
47360,0
47361,15
47362,12
47363,7
47364,1
47365,1
47366,11
47367,1
47368,17
47369,1
47370,1
47371,10
47372,2
47373,14
47374,11
47375,2
47376,6
47377,8
47378,6
47379,5
47380,1
47381,1
47382,7
47383,6
47384,12
47385,4
47386,11
47387,19
47388,3
47389,3
47390,15
47391,12
47392,4
47393,5
47394,20
47395,13
47396,13
47397,11
47398,8
47399,4
47400,16
47401,15
47402,0
47403,1
47404,6
47405,8
47406,7
47407,15
47408,3
47409,0
47410,11
47411,6
47412,3
47413,1
47414,18
47415,1
47416,9
47417,8
47418,9
47419,6
47420,19
47421,11
47422,11
47423,11
47424,3
47425,12
47426,1
47427,2
47428,5
47429,2
47430,0
47431,5
47432,1
47433,1
47434,2
47435,9
47436,10
47437,11
47438,3
47439,17
47440,9
47441,2
47442,15
47443,11
47444,11
47445,5
47446,11
47447,11
47448,1
47449,1
47450,8
47451,11
47452,1
47453,9
47454,9
47455,1
47456,13
47457,9
47458,1
47459,0
47460,3
47461,1
47462,4
47463,16
47464,21
47465,6
47466,0
47467,13
47468,17
47469,12
47470,6
47471,5
47472,9
47473,11
47474,2
47475,7
47476,7
47477,19
47478,8
47479,19
47480,6
47481,18
47482,12
47483,8
47484,12
47485,12
47486,3
47487,7
47488,16
47489,13
47490,2
47491,10
47492,7
47493,19
47494,2
47495,2
47496,9
47497,18
47498,9
47499,7
47500,2
47501,4
47502,1
47503,18
47504,0
47505,1
47506,3
47507,12
47508,9
47509,1
47510,9
47511,11
47512,0
47513,4
47514,11
47515,8
47516,11
47517,9
47518,7
47519,18
47520,1
47521,15
47522,0
47523,1
47524,8
47525,1
47526,2
47527,16
47528,15
47529,11
47530,14
47531,1
47532,7
47533,4
47534,12
47535,13
47536,16
47537,8
47538,11
47539,1
47540,8
47541,5
47542,7
47543,6
47544,2
47545,8
47546,1
47547,7
47548,11
47549,1
47550,8
47551,11
47552,17
47553,11
47554,0
47555,6
47556,11
47557,11
47558,1
47559,8
47560,1
47561,6
47562,11
47563,9
47564,15
47565,3
47566,1
47567,9
47568,1
47569,12
47570,1
47571,11
47572,1
47573,8
47574,9
47575,11
47576,17
47577,3
47578,7
47579,11
47580,1
47581,21
47582,15
47583,8
47584,7
47585,11
47586,1
47587,14
47588,13
47589,8
47590,11
47591,9
47592,11
47593,3
47594,11
47595,15
47596,11
47597,12
47598,1
47599,4
47600,5
47601,3
47602,12
47603,1
47604,2
47605,6
47606,1
47607,10
47608,14
47609,10
47610,20
47611,1
47612,7
47613,10
47614,7
47615,10
47616,12
47617,8
47618,11
47619,2
47620,19
47621,0
47622,11
47623,2
47624,17
47625,15
47626,1
47627,16
47628,7
47629,2
47630,6
47631,9
47632,18
47633,5
47634,10
47635,11
47636,11
47637,1
47638,19
47639,8
47640,1
47641,3
47642,1
47643,2
47644,7
47645,11
47646,1
47647,10
47648,17
47649,11
47650,0
47651,17
47652,18
47653,2
47654,1
47655,21
47656,1
47657,2
47658,1
47659,17
47660,1
47661,0
47662,13
47663,0
47664,15
47665,14
47666,1
47667,9
47668,1
47669,9
47670,10
47671,11
47672,11
47673,7
47674,6
47675,1
47676,3
47677,14
47678,11
47679,5
47680,11
47681,9
47682,9
47683,6
47684,1
47685,8
47686,16
47687,12
47688,11
47689,3
47690,3
47691,1
47692,11
47693,9
47694,11
47695,19
47696,20
47697,1
47698,1
47699,1
47700,2
47701,2
47702,19
47703,6
47704,13
47705,19
47706,13
47707,10
47708,19
47709,14
47710,11
47711,7
47712,2
47713,20
47714,15
47715,8
47716,1
47717,1
47718,10
47719,11
47720,2
47721,2
47722,2
47723,12
47724,0
47725,7
47726,8
47727,7
47728,6
47729,19
47730,4
47731,15
47732,15
47733,6
47734,7
47735,11
47736,15
47737,8
47738,1
47739,1
47740,3
47741,1
47742,15
47743,11
47744,16
47745,11
47746,11
47747,2
47748,6
47749,11
47750,9
47751,1
47752,19
47753,17
47754,9
47755,16
47756,11
47757,9
47758,6
47759,2
47760,17
47761,1
47762,7
47763,11
47764,8
47765,5
47766,1
47767,1
47768,9
47769,6
47770,1
47771,0
47772,13
47773,1
47774,2
47775,1
47776,18
47777,1
47778,1
47779,17
47780,5
47781,12
47782,12
47783,1
47784,0
47785,13
47786,11
47787,15
47788,1
47789,7
47790,7
47791,2
47792,5
47793,9
47794,9
47795,20
47796,5
47797,17
47798,3
47799,16
47800,8
47801,12
47802,6
47803,21
47804,1
47805,19
47806,3
47807,9
47808,8
47809,11
47810,5
47811,7
47812,10
47813,3
47814,15
47815,12
47816,9
47817,20
47818,2
47819,2
47820,1
47821,9
47822,3
47823,9
47824,11
47825,1
47826,7
47827,17
47828,9
47829,10
47830,9
47831,20
47832,11
47833,15
47834,16
47835,1
47836,9
47837,5
47838,3
47839,1
47840,1
47841,9
47842,7
47843,6
47844,1
47845,13
47846,1
47847,11
47848,10
47849,5
47850,3
47851,17
47852,12
47853,4
47854,8
47855,11
47856,0
47857,1
47858,9
47859,7
47860,1
47861,6
47862,0
47863,1
47864,9
47865,3
47866,2
47867,11
47868,9
47869,17
47870,15
47871,15
47872,20
47873,16
47874,1
47875,18
47876,20
47877,12
47878,1
47879,2
47880,11
47881,17
47882,11
47883,3
47884,8
47885,6
47886,16
47887,1
47888,11
47889,5
47890,12
47891,0
47892,12
47893,1
47894,17
47895,17
47896,12
47897,14
47898,5
47899,2
47900,19
47901,16
47902,1
47903,3
47904,1
47905,9
47906,6
47907,18
47908,12
47909,3
47910,9
47911,1
47912,7
47913,12
47914,1
47915,7
47916,1
47917,1
47918,1
47919,10
47920,2
47921,7
47922,6
47923,0
47924,7
47925,15
47926,3
47927,9
47928,6
47929,8
47930,17
47931,2
47932,14
47933,5
47934,9
47935,15
47936,16
47937,11
47938,1
47939,10
47940,15
47941,5
47942,10
47943,1
47944,2
47945,11
47946,7
47947,12
47948,10
47949,3
47950,11
47951,1
47952,9
47953,2
47954,3
47955,1
47956,1
47957,12
47958,2
47959,7
47960,0
47961,11
47962,1
47963,8
47964,12
47965,11
47966,3
47967,16
47968,1
47969,2
47970,12
47971,6
47972,1
47973,18
47974,9
47975,15
47976,10
47977,13
47978,17
47979,3
47980,7
47981,5
47982,1
47983,1
47984,17
47985,7
47986,9
47987,20
47988,6
47989,1
47990,3
47991,4
47992,0
47993,9
47994,12
47995,11
47996,1
47997,4
47998,11
47999,5
48000,16
48001,8
48002,15
48003,17
48004,6
48005,15
48006,0
48007,18
48008,17
48009,7
48010,7
48011,11
48012,7
48013,10
48014,1
48015,11
48016,9
48017,12
48018,1
48019,20
48020,20
48021,0
48022,15
48023,5
48024,11
48025,11
48026,13
48027,9
48028,5
48029,1
48030,8
48031,16
48032,5
48033,1
48034,1
48035,1
48036,6
48037,11
48038,11
48039,11
48040,5
48041,15
48042,17
48043,19
48044,15
48045,12
48046,1
48047,6
48048,10
48049,4
48050,11
48051,17
48052,2
48053,12
48054,8
48055,6
48056,1
48057,15
48058,2
48059,11
48060,11
48061,8
48062,8
48063,3
48064,11
48065,0
48066,7
48067,11
48068,6
48069,15
48070,0
48071,5
48072,11
48073,2
48074,11
48075,1
48076,2
48077,2
48078,11
48079,8
48080,11
48081,2
48082,9
48083,0
48084,2
48085,2
48086,11
48087,7
48088,5
48089,1
48090,8
48091,7
48092,17
48093,4
48094,13
48095,11
48096,15
48097,16
48098,9
48099,8
48100,15
48101,19
48102,17
48103,9
48104,1
48105,13
48106,13
48107,0
48108,9
48109,12
48110,6
48111,17
48112,12
48113,0
48114,0
48115,19
48116,4
48117,8
48118,10
48119,15
48120,3
48121,1
48122,1
48123,3
48124,8
48125,5
48126,7
48127,2
48128,1
48129,6
48130,9
48131,12
48132,8
48133,7
48134,19
48135,11
48136,20
48137,1
48138,1
48139,5
48140,1
48141,11
48142,8
48143,7
48144,19
48145,11
48146,11
48147,1
48148,1
48149,1
48150,14
48151,1
48152,9
48153,6
48154,1
48155,14
48156,1
48157,3
48158,1
48159,9
48160,7
48161,11
48162,2
48163,1
48164,11
48165,12
48166,7
48167,0
48168,2
48169,1
48170,17
48171,13
48172,7
48173,3
48174,11
48175,1
48176,5
48177,6
48178,12
48179,3
48180,12
48181,12
48182,11
48183,7
48184,12
48185,9
48186,19
48187,9
48188,19
48189,1
48190,11
48191,8
48192,1
48193,3
48194,15
48195,19
48196,4
48197,19
48198,8
48199,6
48200,0
48201,1
48202,4
48203,1
48204,2
48205,1
48206,16
48207,11
48208,8
48209,9
48210,9
48211,11
48212,3
48213,7
48214,5
48215,0
48216,11
48217,20
48218,20
48219,17
48220,14
48221,10
48222,10
48223,1
48224,12
48225,10
48226,3
48227,1
48228,19
48229,7
48230,15
48231,2
48232,9
48233,1
48234,2
48235,2
48236,2
48237,14
48238,6
48239,8
48240,1
48241,19
48242,1
48243,18
48244,14
48245,11
48246,21
48247,9
48248,17
48249,10
48250,0
48251,7
48252,8
48253,7
48254,11
48255,9
48256,5
48257,12
48258,10
48259,12
48260,5
48261,16
48262,12
48263,7
48264,1
48265,4
48266,1
48267,1
48268,2
48269,4
48270,14
48271,9
48272,8
48273,1
48274,9
48275,6
48276,6
48277,1
48278,15
48279,11
48280,17
48281,1
48282,10
48283,20
48284,2
48285,6
48286,1
48287,9
48288,14
48289,1
48290,20
48291,11
48292,4
48293,17
48294,16
48295,13
48296,3
48297,15
48298,17
48299,0
48300,11
48301,15
48302,10
48303,1
48304,19
48305,11
48306,4
48307,2
48308,20
48309,12
48310,1
48311,8
48312,12
48313,2
48314,5
48315,3
48316,11
48317,1
48318,6
48319,11
48320,11
48321,9
48322,6
48323,19
48324,8
48325,1
48326,1
48327,1
48328,8
48329,7
48330,18
48331,1
48332,1
48333,7
48334,7
48335,6
48336,9
48337,9
48338,0
48339,10
48340,13
48341,7
48342,2
48343,6
48344,7
48345,10
48346,1
48347,18
48348,1
48349,14
48350,3
48351,1
48352,7
48353,14
48354,5
48355,7
48356,17
48357,7
48358,11
48359,9
48360,7
48361,13
48362,6
48363,10
48364,10
48365,15
48366,15
48367,1
48368,6
48369,1
48370,1
48371,12
48372,13
48373,1
48374,17
48375,11
48376,3
48377,14
48378,7
48379,4
48380,16
48381,8
48382,14
48383,1
48384,12
48385,1
48386,1
48387,9
48388,9
48389,0
48390,9
48391,6
48392,9
48393,5
48394,1
48395,1
48396,6
48397,7
48398,17
48399,6
48400,2
48401,3
48402,9
48403,5
48404,11
48405,7
48406,17
48407,6
48408,1
48409,19
48410,3
48411,2
48412,2
48413,2
48414,15
48415,18
48416,8
48417,5
48418,1
48419,7
48420,6
48421,1
48422,16
48423,1
48424,9
48425,0
48426,1
48427,11
48428,14
48429,11
48430,7
48431,3
48432,17
48433,8
48434,7
48435,2
48436,8
48437,11
48438,19
48439,1
48440,10
48441,11
48442,10
48443,0
48444,1
48445,8
48446,7
48447,9
48448,1
48449,1
48450,5
48451,0
48452,3
48453,7
48454,6
48455,1
48456,5
48457,11
48458,4
48459,2
48460,5
48461,2
48462,1
48463,6
48464,7
48465,19
48466,12
48467,7
48468,11
48469,7
48470,1
48471,9
48472,12
48473,10
48474,16
48475,1
48476,10
48477,11
48478,11
48479,14
48480,17
48481,15
48482,3
48483,1
48484,6
48485,11
48486,12
48487,13
48488,2
48489,9
48490,2
48491,3
48492,11
48493,0
48494,16
48495,2
48496,3
48497,17
48498,11
48499,15
48500,6
48501,1
48502,5
48503,6
48504,3
48505,5
48506,20
48507,4
48508,14
48509,1
48510,1
48511,16
48512,3
48513,2
48514,1
48515,19
48516,10
48517,16
48518,10
48519,9
48520,1
48521,9
48522,1
48523,7
48524,10
48525,6
48526,18
48527,4
48528,17
48529,1
48530,1
48531,16
48532,6
48533,2
48534,11
48535,13
48536,8
48537,9
48538,13
48539,1
48540,18
48541,11
48542,1
48543,14
48544,6
48545,11
48546,1
48547,9
48548,7
48549,13
48550,11
48551,13
48552,12
48553,7
48554,4
48555,9
48556,19
48557,7
48558,8
48559,10
48560,0
48561,11
48562,11
48563,1
48564,12
48565,10
48566,3
48567,9
48568,7
48569,19
48570,9
48571,1
48572,11
48573,11
48574,14
48575,8
48576,16
48577,0
48578,12
48579,6
48580,5
48581,1
48582,11
48583,7
48584,17
48585,1
48586,6
48587,11
48588,6
48589,1
48590,11
48591,2
48592,19
48593,19
48594,9
48595,14
48596,5
48597,2
48598,9
48599,1
48600,1
48601,3
48602,3
48603,9
48604,12
48605,6
48606,6
48607,9
48608,19
48609,11
48610,5
48611,2
48612,1
48613,11
48614,9
48615,0
48616,15
48617,16
48618,15
48619,3
48620,17
48621,8
48622,6
48623,1
48624,5
48625,19
48626,11
48627,9
48628,3
48629,4
48630,1
48631,5
48632,1
48633,10
48634,7
48635,3
48636,4
48637,2
48638,12
48639,3
48640,16
48641,1
48642,10
48643,1
48644,1
48645,11
48646,2
48647,13
48648,7
48649,12
48650,17
48651,0
48652,9
48653,1
48654,2
48655,16
48656,7
48657,8
48658,3
48659,4
48660,11
48661,15
48662,12
48663,9
48664,9
48665,1
48666,2
48667,2
48668,0
48669,8
48670,11
48671,6
48672,9
48673,10
48674,11
48675,7
48676,3
48677,19
48678,2
48679,11
48680,17
48681,3
48682,14
48683,11
48684,1
48685,5
48686,4
48687,21
48688,12
48689,0
48690,2
48691,13
48692,19
48693,1
48694,9
48695,10
48696,12
48697,9
48698,5
48699,16
48700,1
48701,15
48702,1
48703,11
48704,1
48705,6
48706,17
48707,1
48708,19
48709,17
48710,1
48711,3
48712,9
48713,1
48714,10
48715,1
48716,8
48717,15
48718,1
48719,12
48720,16
48721,8
48722,2
48723,5
48724,8
48725,19
48726,0
48727,1
48728,1
48729,0
48730,1
48731,12
48732,13
48733,12
48734,0
48735,9
48736,2
48737,19
48738,1
48739,7
48740,3
48741,12
48742,12
48743,2
48744,20
48745,20
48746,7
48747,9
48748,1
48749,12
48750,1
48751,1
48752,11
48753,21
48754,9
48755,6
48756,9
48757,11
48758,5
48759,2
48760,9
48761,1
48762,1
48763,10
48764,2
48765,13
48766,12
48767,8
48768,7
48769,9
48770,10
48771,1
48772,1
48773,8
48774,1
48775,2
48776,1
48777,19
48778,1
48779,7
48780,1
48781,6
48782,9
48783,8
48784,19
48785,6
48786,1
48787,8
48788,1
48789,3
48790,14
48791,4
48792,16
48793,1
48794,1
48795,6
48796,16
48797,13
48798,1
48799,6
48800,8
48801,7
48802,12
48803,19
48804,11
48805,9
48806,11
48807,3
48808,9
48809,17
48810,2
48811,15
48812,19
48813,17
48814,6
48815,0
48816,17
48817,4
48818,1
48819,3
48820,15
48821,2
48822,17
48823,8
48824,15
48825,3
48826,7
48827,5
48828,1
48829,2
48830,11
48831,5
48832,0
48833,2
48834,0
48835,1
48836,1
48837,0
48838,11
48839,19
48840,7
48841,15
48842,1
48843,2
48844,8
48845,5
48846,20
48847,9
48848,7
48849,2
48850,2
48851,10
48852,11
48853,9
48854,17
48855,2
48856,14
48857,17
48858,0
48859,1
48860,0
48861,4
48862,7
48863,1
48864,6
48865,4
48866,9
48867,18
48868,12
48869,9
48870,0
48871,2
48872,7
48873,1
48874,1
48875,16
48876,7
48877,16
48878,12
48879,11
48880,8
48881,17
48882,1
48883,9
48884,9
48885,1
48886,7
48887,8
48888,11
48889,2
48890,12
48891,8
48892,7
48893,19
48894,16
48895,3
48896,1
48897,1
48898,1
48899,13
48900,2
48901,14
48902,6
48903,1
48904,9
48905,16
48906,1
48907,2
48908,1
48909,15
48910,1
48911,8
48912,11
48913,11
48914,11
48915,9
48916,2
48917,16
48918,17
48919,11
48920,8
48921,11
48922,6
48923,19
48924,6
48925,7
48926,7
48927,1
48928,2
48929,17
48930,17
48931,1
48932,15
48933,1
48934,9
48935,13
48936,0
48937,1
48938,10
48939,1
48940,13
48941,12
48942,5
48943,12
48944,1
48945,16
48946,17
48947,1
48948,1
48949,7
48950,1
48951,7
48952,5
48953,1
48954,7
48955,1
48956,1
48957,9
48958,5
48959,3
48960,18
48961,2
48962,14
48963,11
48964,1
48965,2
48966,21
48967,19
48968,0
48969,17
48970,3
48971,11
48972,18
48973,19
48974,2
48975,10
48976,15
48977,19
48978,21
48979,10
48980,14
48981,11
48982,1
48983,8
48984,1
48985,4
48986,16
48987,9
48988,6
48989,16
48990,1
48991,13
48992,2
48993,15
48994,8
48995,7
48996,1
48997,4
48998,6
48999,6
49000,9
49001,9
49002,17
49003,6
49004,0
49005,3
49006,10
49007,8
49008,10
49009,19
49010,7
49011,1
49012,6
49013,5
49014,12
49015,8
49016,6
49017,12
49018,19
49019,9
49020,1
49021,11
49022,11
49023,8
49024,1
49025,10
49026,12
49027,9
49028,21
49029,12
49030,0
49031,11
49032,19
49033,11
49034,15
49035,1
49036,4
49037,5
49038,11
49039,14
49040,1
49041,17
49042,7
49043,20
49044,17
49045,6
49046,1
49047,8
49048,11
49049,1
49050,6
49051,1
49052,1
49053,8
49054,11
49055,12
49056,19
49057,8
49058,2
49059,12
49060,10
49061,16
49062,2
49063,5
49064,9
49065,10
49066,5
49067,16
49068,11
49069,13
49070,12
49071,8
49072,11
49073,8
49074,0
49075,8
49076,11
49077,10
49078,7
49079,19
49080,12
49081,9
49082,0
49083,19
49084,13
49085,1
49086,17
49087,13
49088,2
49089,11
49090,10
49091,20
49092,0
49093,1
49094,9
49095,1
49096,1
49097,1
49098,11
49099,7
49100,16
49101,7
49102,11
49103,11
49104,12
49105,9
49106,9
49107,19
49108,12
49109,9
49110,1
49111,9
49112,11
49113,8
49114,16
49115,5
49116,3
49117,11
49118,2
49119,11
49120,9
49121,16
49122,9
49123,10
49124,20
49125,1
49126,17
49127,5
49128,12
49129,12
49130,12
49131,7
49132,14
49133,11
49134,6
49135,12
49136,14
49137,14
49138,9
49139,3
49140,11
49141,19
49142,6
49143,9
49144,7
49145,1
49146,9
49147,15
49148,8
49149,11
49150,17
49151,5
49152,10
49153,13
49154,13
49155,1
49156,7
49157,11
49158,5
49159,16
49160,17
49161,9
49162,13
49163,11
49164,1
49165,17
49166,1
49167,9
49168,2
49169,2
49170,1
49171,3
49172,11
49173,1
49174,11
49175,6
49176,17
49177,17
49178,16
49179,7
49180,8
49181,7
49182,9
49183,16
49184,8
49185,3
49186,4
49187,11
49188,11
49189,11
49190,5
49191,16
49192,9
49193,11
49194,14
49195,1
49196,17
49197,11
49198,1
49199,2
49200,11
49201,5
49202,19
49203,1
49204,4
49205,1
49206,4
49207,11
49208,0
49209,1
49210,2
49211,3
49212,9
49213,11
49214,9
49215,13
49216,5
49217,18
49218,9
49219,2
49220,9
49221,7
49222,14
49223,2
49224,1
49225,9
49226,7
49227,11
49228,1
49229,1
49230,11
49231,17
49232,9
49233,15
49234,1
49235,8
49236,19
49237,1
49238,4
49239,3
49240,9
49241,1
49242,6
49243,7
49244,7
49245,13
49246,17
49247,17
49248,4
49249,12
49250,11
49251,3
49252,17
49253,15
49254,12
49255,11
49256,3
49257,3
49258,4
49259,9
49260,1
49261,14
49262,2
49263,1
49264,9
49265,8
49266,14
49267,4
49268,3
49269,1
49270,19
49271,5
49272,15
49273,3
49274,11
49275,8
49276,15
49277,11
49278,18
49279,8
49280,1
49281,7
49282,11
49283,17
49284,0
49285,16
49286,11
49287,15
49288,7
49289,2
49290,17
49291,11
49292,13
49293,12
49294,11
49295,17
49296,11
49297,8
49298,0
49299,4
49300,9
49301,0
49302,5
49303,3
49304,0
49305,7
49306,8
49307,12
49308,5
49309,8
49310,17
49311,6
49312,7
49313,11
49314,11
49315,14
49316,3
49317,10
49318,3
49319,9
49320,14
49321,19
49322,1
49323,17
49324,1
49325,10
49326,3
49327,9
49328,7
49329,1
49330,1
49331,0
49332,15
49333,7
49334,12
49335,19
49336,11
49337,1
49338,8
49339,12
49340,1
49341,11
49342,7
49343,8
49344,11
49345,0
49346,1
49347,0
49348,14
49349,1
49350,14
49351,11
49352,1
49353,11
49354,1
49355,13
49356,0
49357,11
49358,10
49359,11
49360,1
49361,8
49362,2
49363,9
49364,4
49365,12
49366,4
49367,16
49368,9
49369,3
49370,8
49371,6
49372,6
49373,7
49374,7
49375,2
49376,11
49377,2
49378,15
49379,11
49380,11
49381,1
49382,7
49383,2
49384,2
49385,9
49386,5
49387,1
49388,2
49389,1
49390,7
49391,9
49392,11
49393,8
49394,3
49395,11
49396,12
49397,19
49398,12
49399,1
49400,9
49401,19
49402,7
49403,1
49404,10
49405,15
49406,9
49407,3
49408,1
49409,2
49410,13
49411,11
49412,6
49413,3
49414,9
49415,11
49416,0
49417,20
49418,16
49419,3
49420,7
49421,5
49422,1
49423,21
49424,17
49425,1
49426,8
49427,2
49428,0
49429,1
49430,5
49431,2
49432,19
49433,11
49434,4
49435,1
49436,1
49437,12
49438,6
49439,4
49440,19
49441,15
49442,2
49443,16
49444,11
49445,1
49446,6
49447,2
49448,0
49449,2
49450,17
49451,10
49452,3
49453,0
49454,5
49455,13
49456,1
49457,1
49458,14
49459,17
49460,17
49461,11
49462,10
49463,9
49464,11
49465,2
49466,3
49467,19
49468,9
49469,5
49470,2
49471,7
49472,4
49473,6
49474,5
49475,3
49476,19
49477,1
49478,8
49479,1
49480,14
49481,1
49482,6
49483,16
49484,5
49485,10
49486,1
49487,1
49488,9
49489,1
49490,1
49491,19
49492,4
49493,3
49494,9
49495,11
49496,17
49497,1
49498,10
49499,7
49500,13
49501,1
49502,3
49503,5
49504,3
49505,15
49506,7
49507,12
49508,5
49509,9
49510,11
49511,3
49512,7
49513,19
49514,11
49515,4
49516,1
49517,11
49518,3
49519,1
49520,5
49521,18
49522,11
49523,2
49524,11
49525,6
49526,9
49527,1
49528,0
49529,1
49530,11
49531,5
49532,17
49533,12
49534,2
49535,5
49536,1
49537,2
49538,11
49539,1
49540,1
49541,9
49542,11
49543,11
49544,19
49545,14
49546,7
49547,19
49548,9
49549,1
49550,9
49551,10
49552,3
49553,1
49554,6
49555,0
49556,13
49557,5
49558,17
49559,0
49560,9
49561,17
49562,7
49563,12
49564,10
49565,11
49566,3
49567,9
49568,7
49569,12
49570,6
49571,11
49572,9
49573,10
49574,14
49575,19
49576,3
49577,8
49578,1
49579,6
49580,8
49581,11
49582,0
49583,5
49584,9
49585,9
49586,2
49587,9
49588,11
49589,1
49590,11
49591,1
49592,6
49593,7
49594,9
49595,2
49596,17
49597,9
49598,1
49599,0
49600,2
49601,1
49602,1
49603,11
49604,1
49605,14
49606,5
49607,8
49608,2
49609,19
49610,1
49611,1
49612,14
49613,19
49614,16
49615,0
49616,2
49617,16
49618,10
49619,19
49620,4
49621,8
49622,1
49623,11
49624,11
49625,1
49626,6
49627,2
49628,2
49629,9
49630,2
49631,1
49632,7
49633,6
49634,11
49635,8
49636,11
49637,7
49638,7
49639,2
49640,6
49641,1
49642,1
49643,7
49644,13
49645,7
49646,5
49647,8
49648,19
49649,2
49650,11
49651,19
49652,12
49653,8
49654,21
49655,19
49656,7
49657,11
49658,1
49659,3
49660,6
49661,11
49662,11
49663,6
49664,1
49665,1
49666,16
49667,11
49668,13
49669,1
49670,9
49671,6
49672,19
49673,7
49674,3
49675,19
49676,20
49677,6
49678,13
49679,11
49680,6
49681,1
49682,18
49683,17
49684,15
49685,20
49686,9
49687,1
49688,8
49689,14
49690,11
49691,1
49692,11
49693,19
49694,10
49695,6
49696,1
49697,2
49698,16
49699,2
49700,16
49701,12
49702,19
49703,1
49704,13
49705,0
49706,8
49707,19
49708,9
49709,12
49710,2
49711,13
49712,17
49713,17
49714,19
49715,2
49716,21
49717,9
49718,2
49719,18
49720,2
49721,7
49722,6
49723,18
49724,6
49725,16
49726,10
49727,10
49728,7
49729,2
49730,2
49731,3
49732,8
49733,0
49734,9
49735,5
49736,12
49737,7
49738,12
49739,7
49740,12
49741,0
49742,8
49743,1
49744,1
49745,5
49746,4
49747,9
49748,3
49749,8
49750,1
49751,6
49752,7
49753,14
49754,7
49755,11
49756,1
49757,5
49758,9
49759,7
49760,15
49761,18
49762,15
49763,15
49764,11
49765,3
49766,17
49767,3
49768,6
49769,5
49770,9
49771,11
49772,9
49773,1
49774,6
49775,11
49776,11
49777,19
49778,16
49779,8
49780,5
49781,7
49782,8
49783,3
49784,1
49785,9
49786,5
49787,7
49788,1
49789,15
49790,3
49791,3
49792,10
49793,2
49794,3
49795,2
49796,4
49797,16
49798,0
49799,17
49800,3
49801,9
49802,5
49803,11
49804,12
49805,3
49806,8
49807,16
49808,5
49809,14
49810,1
49811,2
49812,2
49813,1
49814,11
49815,2
49816,7
49817,19
49818,7
49819,1
49820,0
49821,0
49822,1
49823,18
49824,1
49825,19
49826,8
49827,16
49828,7
49829,3
49830,10
49831,11
49832,11
49833,11
49834,11
49835,3
49836,7
49837,4
49838,7
49839,9
49840,16
49841,16
49842,11
49843,18
49844,8
49845,9
49846,13
49847,11
49848,1
49849,14
49850,11
49851,6
49852,5
49853,9
49854,2
49855,7
49856,1
49857,14
49858,7
49859,5
49860,13
49861,9
49862,9
49863,19
49864,19
49865,8
49866,2
49867,3
49868,4
49869,9
49870,9
49871,8
49872,9
49873,19
49874,9
49875,3
49876,2
49877,13
49878,2
49879,6
49880,17
49881,14
49882,17
49883,3
49884,1
49885,3
49886,10
49887,1
49888,0
49889,17
49890,17
49891,13
49892,3
49893,9
49894,11
49895,8
49896,9
49897,1
49898,15
49899,9
49900,10
49901,8
49902,1
49903,1
49904,11
49905,19
49906,13
49907,1
49908,5
49909,7
49910,1
49911,2
49912,2
49913,18
49914,3
49915,15
49916,6
49917,6
49918,11
49919,3
49920,11
49921,2
49922,9
49923,9
49924,9
49925,17
49926,6
49927,16
49928,1
49929,19
49930,5
49931,13
49932,3
49933,9
49934,18
49935,1
49936,7
49937,1
49938,11
49939,8
49940,3
49941,19
49942,1
49943,8
49944,21
49945,6
49946,1
49947,1
49948,4
49949,4
49950,11
49951,1
49952,1
49953,12
49954,3
49955,2
49956,8
49957,11
49958,1
49959,1
49960,1
49961,8
49962,1
49963,14
49964,1
49965,4
49966,19
49967,1
49968,9
49969,7
49970,9
49971,5
49972,7
49973,20
49974,10
49975,7
49976,6
49977,3
49978,9
49979,1
49980,19
49981,8
49982,19
49983,1
49984,6
49985,1
49986,9
49987,1
49988,6
49989,0
49990,9
49991,1
49992,1
49993,5
49994,1
49995,1
49996,9
49997,15
49998,4
49999,10
50000,1
50001,9
50002,1
50003,15
50004,15
50005,1
50006,1
50007,0
50008,2
50009,3
50010,19
50011,1
50012,5
50013,10
50014,18
50015,2
50016,5
50017,7
50018,1
50019,1
50020,15
50021,4
50022,19
50023,11
50024,9
50025,12
50026,12
50027,1
50028,8
50029,17
50030,6
50031,1
50032,9
50033,3
50034,9
50035,5
50036,5
50037,15
50038,6
50039,4
50040,21
50041,18
50042,4
50043,9
50044,1
50045,9
50046,2
50047,0
50048,12
50049,6
50050,0
50051,9
50052,8
50053,1
50054,6
50055,3
50056,20
50057,1
50058,11
50059,12
50060,6
50061,1
50062,10
50063,21
50064,11
50065,14
50066,2
50067,11
50068,13
50069,11
50070,21
50071,18
50072,19
50073,1
50074,4
50075,1
50076,14
50077,11
50078,2
50079,5
50080,1
50081,3
50082,20
50083,6
50084,12
50085,14
50086,17
50087,1
50088,18
50089,1
50090,5
50091,6
50092,1
50093,3
50094,13
50095,1
50096,13
50097,12
50098,0
50099,8
50100,3
50101,18
50102,12
50103,2
50104,13
50105,17
50106,11
50107,5
50108,7
50109,9
50110,1
50111,17
50112,9
50113,12
50114,10
50115,2
50116,9
50117,17
50118,15
50119,3
50120,1
50121,11
50122,5
50123,17
50124,1
50125,1
50126,1
50127,8
50128,1
50129,19
50130,9
50131,3
50132,20
50133,2
50134,2
50135,9
50136,3
50137,6
50138,1
50139,1
50140,7
50141,9
50142,5
50143,0
50144,17
50145,7
50146,3
50147,1
50148,1
50149,8
50150,11
50151,5
50152,9
50153,1
50154,7
50155,1
50156,19
50157,0
50158,14
50159,4
50160,7
50161,7
50162,1
50163,11
50164,14
50165,2
50166,3
50167,9
50168,11
50169,7
50170,1
50171,9
50172,1
50173,2
50174,12
50175,1
50176,9
50177,10
50178,9
50179,9
50180,12
50181,19
50182,6
50183,1
50184,1
50185,3
50186,6
50187,1
50188,18
50189,5
50190,19
50191,17
50192,1
50193,11
50194,6
50195,12
50196,2
50197,17
50198,1
50199,1
50200,12
50201,11
50202,10
50203,2
50204,3
50205,11
50206,2
50207,1
50208,14
50209,10
50210,9
50211,10
50212,20
50213,1
50214,9
50215,7
50216,11
50217,10
50218,11
50219,19
50220,1
50221,1
50222,2
50223,19
50224,19
50225,1
50226,1
50227,13
50228,11
50229,14
50230,1
50231,11
50232,0
50233,14
50234,21
50235,12
50236,19
50237,19
50238,11
50239,9
50240,2
50241,7
50242,7
50243,13
50244,8
50245,1
50246,1
50247,5
50248,8
50249,3
50250,7
50251,1
50252,12
50253,16
50254,11
50255,4
50256,8
50257,14
50258,2
50259,1
50260,5
50261,12
50262,11
50263,19
50264,1
50265,7
50266,5
50267,1
50268,19
50269,6
50270,18
50271,10
50272,8
50273,19
50274,14
50275,1
50276,19
50277,1
50278,8
50279,17
50280,4
50281,19
50282,8
50283,4
50284,7
50285,0
50286,11
50287,3
50288,17
50289,1
50290,11
50291,1
50292,3
50293,1
50294,12
50295,7
50296,11
50297,6
50298,10
50299,10
50300,3
50301,2
50302,5
50303,9
50304,3
50305,1
50306,7
50307,18
50308,10
50309,11
50310,11
50311,17
50312,3
50313,11
50314,9
50315,1
50316,7
50317,5
50318,14
50319,3
50320,9
50321,5
50322,13
50323,1
50324,1
50325,15
50326,11
50327,1
50328,2
50329,7
50330,1
50331,13
50332,12
50333,11
50334,2
50335,18
50336,16
50337,1
50338,7
50339,1
50340,2
50341,6
50342,1
50343,11
50344,9
50345,9
50346,3
50347,17
50348,11
50349,2
50350,15
50351,3
50352,0
50353,7
50354,5
50355,17
50356,5
50357,10
50358,1
50359,7
50360,11
50361,11
50362,8
50363,1
50364,8
50365,1
50366,2
50367,0
50368,10
50369,9
50370,19
50371,15
50372,0
50373,1
50374,11
50375,5
50376,11
50377,9
50378,1
50379,12
50380,7
50381,1
50382,13
50383,6
50384,0
50385,3
50386,19
50387,5
50388,9
50389,7
50390,2
50391,1
50392,9
50393,8
50394,13
50395,5
50396,1
50397,1
50398,7
50399,1
50400,7
50401,11
50402,10
50403,1
50404,10
50405,0
50406,1
50407,9
50408,7
50409,9
50410,7
50411,9
50412,11
50413,1
50414,11
50415,5
50416,19
50417,2
50418,3
50419,0
50420,12
50421,1
50422,12
50423,8
50424,9
50425,7
50426,19
50427,1
50428,1
50429,9
50430,1
50431,11
50432,8
50433,2
50434,6
50435,10
50436,1
50437,0
50438,1
50439,0
50440,12
50441,12
50442,1
50443,1
50444,10
50445,20
50446,7
50447,2
50448,19
50449,12
50450,2
50451,1
50452,3
50453,8
50454,10
50455,5
50456,11
50457,1
50458,1
50459,17
50460,1
50461,5
50462,5
50463,3
50464,4
50465,11
50466,5
50467,2
50468,4
50469,11
50470,3
50471,9
50472,9
50473,7
50474,10
50475,17
50476,7
50477,21
50478,11
50479,4
50480,17
50481,17
50482,1
50483,7
50484,6
50485,1
50486,8
50487,1
50488,7
50489,1
50490,12
50491,1
50492,1
50493,9
50494,6
50495,1
50496,5
50497,6
50498,10
50499,8
50500,1
50501,9
50502,11
50503,12
50504,21
50505,7
50506,1
50507,2
50508,11
50509,11
50510,10
50511,0
50512,9
50513,2
50514,1
50515,9
50516,5
50517,3
50518,7
50519,10
50520,12
50521,4
50522,11
50523,17
50524,12
50525,11
50526,8
50527,8
50528,12
50529,1
50530,4
50531,2
50532,14
50533,1
50534,2
50535,10
50536,6
50537,7
50538,16
50539,10
50540,15
50541,1
50542,15
50543,6
50544,1
50545,12
50546,19
50547,11
50548,11
50549,8
50550,9
50551,11
50552,7
50553,9
50554,11
50555,11
50556,7
50557,1
50558,1
50559,13
50560,6
50561,6
50562,6
50563,8
50564,12
50565,12
50566,14
50567,16
50568,12
50569,10
50570,17
50571,12
50572,11
50573,7
50574,4
50575,19
50576,7
50577,14
50578,5
50579,18
50580,20
50581,2
50582,14
50583,21
50584,4
50585,4
50586,11
50587,1
50588,8
50589,6
50590,19
50591,11
50592,2
50593,19
50594,13
50595,9
50596,5
50597,0
50598,1
50599,7
50600,4
50601,1
50602,21
50603,9
50604,3
50605,10
50606,12
50607,2
50608,3
50609,0
50610,1
50611,5
50612,1
50613,2
50614,5
50615,11
50616,8
50617,8
50618,1
50619,16
50620,1
50621,7
50622,6
50623,11
50624,1
50625,7
50626,5
50627,19
50628,1
50629,10
50630,0
50631,1
50632,17
50633,14
50634,7
50635,17
50636,9
50637,1
50638,17
50639,19
50640,11
50641,9
50642,17
50643,1
50644,15
50645,6
50646,2
50647,9
50648,3
50649,11
50650,17
50651,7
50652,3
50653,9
50654,7
50655,11
50656,4
50657,15
50658,2
50659,0
50660,5
50661,1
50662,7
50663,14
50664,21
50665,16
50666,11
50667,1
50668,2
50669,3
50670,12
50671,1
50672,13
50673,9
50674,19
50675,17
50676,21
50677,3
50678,1
50679,10
50680,1
50681,9
50682,0
50683,9
50684,15
50685,12
50686,11
50687,5
50688,5
50689,0
50690,10
50691,2
50692,5
50693,12
50694,1
50695,16
50696,11
50697,2
50698,11
50699,16
50700,5
50701,11
50702,11
50703,16
50704,9
50705,1
50706,9
50707,8
50708,13
50709,6
50710,10
50711,12
50712,1
50713,11
50714,1
50715,17
50716,16
50717,2
50718,0
50719,2
50720,8
50721,11
50722,2
50723,0
50724,11
50725,1
50726,1
50727,15
50728,15
50729,2
50730,7
50731,3
50732,6
50733,8
50734,1
50735,5
50736,1
50737,1
50738,4
50739,11
50740,1
50741,8
50742,7
50743,12
50744,6
50745,2
50746,16
50747,15
50748,9
50749,9
50750,12
50751,2
50752,12
50753,5
50754,5
50755,2
50756,12
50757,1
50758,19
50759,8
50760,7
50761,2
50762,14
50763,19
50764,3
50765,9
50766,5
50767,8
50768,16
50769,1
50770,1
50771,15
50772,19
50773,11
50774,14
50775,2
50776,15
50777,5
50778,12
50779,1
50780,0
50781,0
50782,16
50783,5
50784,1
50785,0
50786,1
50787,2
50788,4
50789,1
50790,17
50791,11
50792,7
50793,1
50794,15
50795,1
50796,10
50797,9
50798,5
50799,5
50800,9
50801,1
50802,11
50803,9
50804,2
50805,2
50806,12
50807,15
50808,11
50809,8
50810,8
50811,6
50812,11
50813,11
50814,8
50815,15
50816,11
50817,12
50818,20
50819,1
50820,17
50821,11
50822,9
50823,1
50824,20
50825,1
50826,0
50827,7
50828,19
50829,9
50830,7
50831,1
50832,1
50833,12
50834,7
50835,7
50836,1
50837,1
50838,7
50839,2
50840,8
50841,1
50842,9
50843,9
50844,8
50845,10
50846,6
50847,15
50848,2
50849,10
50850,7
50851,12
50852,6
50853,7
50854,11
50855,13
50856,2
50857,4
50858,10
50859,2
50860,0
50861,6
50862,7
50863,18
50864,3
50865,5
50866,3
50867,16
50868,6
50869,11
50870,3
50871,6
50872,7
50873,6
50874,11
50875,17
50876,2
50877,8
50878,18
50879,13
50880,2
50881,15
50882,4
50883,8
50884,19
50885,10
50886,7
50887,12
50888,20
50889,9
50890,1
50891,11
50892,1
50893,1
50894,2
50895,4
50896,7
50897,1
50898,2
50899,1
50900,17
50901,3
50902,11
50903,7
50904,2
50905,5
50906,11
50907,14
50908,18
50909,2
50910,15
50911,0
50912,0
50913,7
50914,19
50915,9
50916,1
50917,17
50918,11
50919,1
50920,7
50921,10
50922,9
50923,11
50924,11
50925,11
50926,1
50927,9
50928,4
50929,8
50930,0
50931,1
50932,19
50933,10
50934,4
50935,15
50936,17
50937,3
50938,11
50939,1
50940,1
50941,1
50942,12
50943,3
50944,12
50945,11
50946,6
50947,1
50948,13
50949,1
50950,6
50951,1
50952,7
50953,1
50954,13
50955,17
50956,2
50957,11
50958,12
50959,0
50960,6
50961,0
50962,2
50963,11
50964,3
50965,1
50966,12
50967,0
50968,8
50969,11
50970,11
50971,8
50972,1
50973,12
50974,11
50975,2
50976,9
50977,1
50978,19
50979,8
50980,0
50981,11
50982,9
50983,6
50984,19
50985,17
50986,13
50987,7
50988,15
50989,9
50990,7
50991,3
50992,0
50993,1
50994,6
50995,1
50996,7
50997,11
50998,2
50999,1
51000,10
51001,1
51002,12
51003,2
51004,3
51005,0
51006,11
51007,1
51008,12
51009,8
51010,1
51011,13
51012,7
51013,4
51014,21
51015,7
51016,20
51017,12
51018,9
51019,2
51020,19
51021,19
51022,2
51023,2
51024,6
51025,4
51026,2
51027,10
51028,11
51029,2
51030,5
51031,14
51032,20
51033,20
51034,1
51035,11
51036,3
51037,17
51038,18
51039,9
51040,14
51041,15
51042,9
51043,18
51044,9
51045,3
51046,7
51047,8
51048,12
51049,11
51050,7
51051,14
51052,2
51053,1
51054,1
51055,1
51056,5
51057,11
51058,7
51059,19
51060,1
51061,9
51062,9
51063,19
51064,9
51065,9
51066,4
51067,7
51068,1
51069,15
51070,0
51071,10
51072,11
51073,19
51074,11
51075,2
51076,1
51077,16
51078,0
51079,2
51080,17
51081,10
51082,1
51083,11
51084,11
51085,12
51086,11
51087,20
51088,15
51089,16
51090,13
51091,13
51092,11
51093,4
51094,10
51095,8
51096,5
51097,1
51098,4
51099,9
51100,7
51101,7
51102,17
51103,3
51104,7
51105,7
51106,3
51107,0
51108,11
51109,17
51110,6
51111,12
51112,11
51113,8
51114,16
51115,11
51116,0
51117,8
51118,11
51119,14
51120,1
51121,21
51122,4
51123,5
51124,1
51125,5
51126,19
51127,12
51128,8
51129,4
51130,17
51131,9
51132,11
51133,12
51134,5
51135,9
51136,15
51137,1
51138,8
51139,3
51140,1
51141,9
51142,17
51143,19
51144,20
51145,7
51146,4
51147,1
51148,1
51149,1
51150,6
51151,4
51152,19
51153,6
51154,15
51155,9
51156,4
51157,2
51158,2
51159,2
51160,5
51161,1
51162,1
51163,10
51164,7
51165,4
51166,1
51167,6
51168,7
51169,10
51170,0
51171,7
51172,11
51173,15
51174,19
51175,9
51176,5
51177,0
51178,12
51179,11
51180,1
51181,14
51182,0
51183,7
51184,5
51185,9
51186,10
51187,12
51188,12
51189,7
51190,8
51191,2
51192,8
51193,2
51194,1
51195,16
51196,9
51197,0
51198,16
51199,4
51200,0
51201,10
51202,1
51203,21
51204,1
51205,0
51206,17
51207,12
51208,2
51209,2
51210,11
51211,13
51212,7
51213,2
51214,16
51215,19
51216,1
51217,10
51218,1
51219,0
51220,6
51221,2
51222,15
51223,6
51224,2
51225,14
51226,8
51227,1
51228,2
51229,19
51230,1
51231,1
51232,1
51233,1
51234,1
51235,9
51236,11
51237,16
51238,8
51239,9
51240,11
51241,3
51242,5
51243,13
51244,7
51245,11
51246,16
51247,2
51248,1
51249,7
51250,5
51251,2
51252,1
51253,8
51254,11
51255,11
51256,18
51257,11
51258,7
51259,1
51260,3
51261,9
51262,2
51263,5
51264,16
51265,1
51266,17
51267,1
51268,11
51269,5
51270,5
51271,11
51272,11
51273,9
51274,15
51275,2
51276,6
51277,13
51278,10
51279,7
51280,1
51281,0
51282,11
51283,10
51284,5
51285,6
51286,19
51287,16
51288,8
51289,3
51290,8
51291,1
51292,8
51293,11
51294,16
51295,4
51296,11
51297,15
51298,1
51299,1
51300,8
51301,0
51302,16
51303,4
51304,1
51305,16
51306,11
51307,1
51308,12
51309,1
51310,15
51311,3
51312,4
51313,6
51314,2
51315,7
51316,9
51317,4
51318,5
51319,6
51320,5
51321,12
51322,8
51323,1
51324,19
51325,3
51326,6
51327,19
51328,11
51329,1
51330,8
51331,11
51332,19
51333,2
51334,16
51335,2
51336,11
51337,1
51338,1
51339,2
51340,1
51341,2
51342,8
51343,14
51344,1
51345,6
51346,11
51347,7
51348,1
51349,17
51350,7
51351,9
51352,7
51353,16
51354,10
51355,1
51356,15
51357,20
51358,17
51359,17
51360,12
51361,2
51362,17
51363,8
51364,0
51365,7
51366,3
51367,1
51368,2
51369,1
51370,1
51371,9
51372,2
51373,17
51374,3
51375,7
51376,0
51377,8
51378,11
51379,11
51380,1
51381,21
51382,0
51383,11
51384,9
51385,2
51386,1
51387,6
51388,9
51389,10
51390,3
51391,1
51392,6
51393,17
51394,1
51395,16
51396,18
51397,8
51398,9
51399,3
51400,8
51401,6
51402,1
51403,2
51404,3
51405,11
51406,1
51407,9
51408,5
51409,5
51410,7
51411,1
51412,6
51413,2
51414,3
51415,10
51416,13
51417,20
51418,3
51419,0
51420,0
51421,16
51422,7
51423,8
51424,8
51425,8
51426,3
51427,5
51428,1
51429,1
51430,6
51431,1
51432,1
51433,14
51434,3
51435,11
51436,9
51437,17
51438,16
51439,2
51440,13
51441,1
51442,1
51443,16
51444,1
51445,1
51446,7
51447,13
51448,9
51449,11
51450,4
51451,2
51452,9
51453,4
51454,3
51455,2
51456,8
51457,8
51458,8
51459,7
51460,17
51461,1
51462,16
51463,7
51464,5
51465,1
51466,1
51467,5
51468,7
51469,6
51470,17
51471,14
51472,11
51473,19
51474,1
51475,11
51476,17
51477,5
51478,9
51479,0
51480,7
51481,14
51482,6
51483,11
51484,1
51485,10
51486,11
51487,9
51488,1
51489,11
51490,9
51491,16
51492,9
51493,1
51494,1
51495,10
51496,3
51497,1
51498,1
51499,2
51500,9
51501,12
51502,7
51503,5
51504,0
51505,1
51506,12
51507,1
51508,15
51509,11
51510,4
51511,0
51512,20
51513,1
51514,20
51515,6
51516,7
51517,7
51518,1
51519,17
51520,2
51521,1
51522,11
51523,17
51524,8
51525,1
51526,8
51527,12
51528,1
51529,19
51530,9
51531,6
51532,14
51533,20
51534,1
51535,17
51536,16
51537,9
51538,16
51539,17
51540,7
51541,6
51542,7
51543,8
51544,17
51545,1
51546,7
51547,10
51548,1
51549,7
51550,20
51551,6
51552,0
51553,7
51554,1
51555,4
51556,7
51557,1
51558,10
51559,1
51560,20
51561,13
51562,1
51563,20
51564,13
51565,1
51566,1
51567,6
51568,2
51569,20
51570,6
51571,0
51572,1
51573,1
51574,12
51575,11
51576,18
51577,2
51578,14
51579,11
51580,11
51581,18
51582,11
51583,3
51584,12
51585,5
51586,1
51587,1
51588,19
51589,1
51590,1
51591,16
51592,11
51593,19
51594,9
51595,9
51596,6
51597,15
51598,6
51599,2
51600,1
51601,10
51602,1
51603,14
51604,5
51605,8
51606,1
51607,21
51608,14
51609,7
51610,11
51611,11
51612,5
51613,11
51614,1
51615,5
51616,11
51617,14
51618,11
51619,14
51620,2
51621,2
51622,12
51623,13
51624,2
51625,13
51626,1
51627,17
51628,11
51629,3
51630,16
51631,6
51632,20
51633,9
51634,7
51635,5
51636,11
51637,0
51638,19
51639,5
51640,1
51641,8
51642,7
51643,5
51644,9
51645,7
51646,12
51647,6
51648,1
51649,15
51650,7
51651,11
51652,7
51653,8
51654,8
51655,6
51656,12
51657,1
51658,1
51659,19
51660,9
51661,1
51662,7
51663,14
51664,18
51665,0
51666,19
51667,11
51668,17
51669,3
51670,0
51671,7
51672,12
51673,21
51674,3
51675,19
51676,1
51677,19
51678,5
51679,15
51680,11
51681,9
51682,8
51683,3
51684,1
51685,2
51686,1
51687,11
51688,10
51689,15
51690,7
51691,15
51692,12
51693,1
51694,16
51695,14
51696,17
51697,11
51698,2
51699,9
51700,17
51701,17
51702,5
51703,8
51704,1
51705,15
51706,1
51707,9
51708,19
51709,1
51710,6
51711,1
51712,7
51713,19
51714,19
51715,1
51716,0
51717,19
51718,5
51719,7
51720,8
51721,6
51722,1
51723,3
51724,2
51725,17
51726,10
51727,1
51728,17
51729,1
51730,2
51731,9
51732,1
51733,10
51734,1
51735,17
51736,17
51737,8
51738,16
51739,7
51740,4
51741,7
51742,3
51743,10
51744,3
51745,15
51746,20
51747,11
51748,14
51749,0
51750,9
51751,1
51752,3
51753,15
51754,1
51755,1
51756,2
51757,17
51758,6
51759,5
51760,7
51761,9
51762,16
51763,17
51764,0
51765,2
51766,3
51767,1
51768,1
51769,7
51770,7
51771,11
51772,17
51773,15
51774,2
51775,14
51776,18
51777,12
51778,1
51779,5
51780,11
51781,1
51782,17
51783,1
51784,9
51785,16
51786,7
51787,1
51788,19
51789,9
51790,9
51791,9
51792,1
51793,10
51794,11
51795,12
51796,12
51797,16
51798,12
51799,1
51800,2
51801,5
51802,4
51803,1
51804,12
51805,1
51806,18
51807,20
51808,7
51809,2
51810,20
51811,1
51812,4
51813,3
51814,2
51815,16
51816,11
51817,8
51818,2
51819,9
51820,19
51821,12
51822,4
51823,11
51824,2
51825,13
51826,2
51827,2
51828,11
51829,6
51830,7
51831,6
51832,1
51833,1
51834,3
51835,13
51836,11
51837,1
51838,0
51839,1
51840,10
51841,19
51842,3
51843,17
51844,8
51845,1
51846,8
51847,17
51848,10
51849,9
51850,7
51851,6
51852,7
51853,1
51854,11
51855,6
51856,9
51857,12
51858,12
51859,9
51860,1
51861,14
51862,11
51863,17
51864,14
51865,11
51866,13
51867,7
51868,3
51869,17
51870,17
51871,17
51872,8
51873,11
51874,1
51875,8
51876,10
51877,5
51878,9
51879,3
51880,7
51881,1
51882,6
51883,3
51884,0
51885,0
51886,6
51887,6
51888,2
51889,2
51890,1
51891,2
51892,5
51893,9
51894,11
51895,5
51896,6
51897,1
51898,1
51899,9
51900,7
51901,4
51902,10
51903,5
51904,6
51905,16
51906,11
51907,4
51908,7
51909,13
51910,11
51911,8
51912,11
51913,11
51914,11
51915,16
51916,2
51917,16
51918,15
51919,11
51920,9
51921,1
51922,5
51923,19
51924,13
51925,1
51926,1
51927,1
51928,7
51929,12
51930,5
51931,9
51932,17
51933,15
51934,1
51935,11
51936,11
51937,15
51938,8
51939,12
51940,5
51941,10
51942,10
51943,6
51944,1
51945,8
51946,1
51947,9
51948,15
51949,1
51950,5
51951,2
51952,11
51953,17
51954,12
51955,3
51956,19
51957,1
51958,2
51959,1
51960,6
51961,13
51962,1
51963,1
51964,3
51965,7
51966,17
51967,5
51968,1
51969,5
51970,11
51971,9
51972,11
51973,4
51974,3
51975,2
51976,8
51977,1
51978,2
51979,4
51980,1
51981,4
51982,6
51983,5
51984,11
51985,6
51986,8
51987,11
51988,9
51989,9
51990,14
51991,1
51992,18
51993,12
51994,17
51995,8
51996,2
51997,19
51998,11
51999,6
52000,9
52001,7
52002,7
52003,8
52004,15
52005,1
52006,1
52007,4
52008,3
52009,14
52010,3
52011,1
52012,3
52013,19
52014,8
52015,9
52016,3
52017,12
52018,19
52019,0
52020,2
52021,0
52022,12
52023,15
52024,15
52025,6
52026,1
52027,16
52028,3
52029,1
52030,19
52031,1
52032,9
52033,1
52034,11
52035,12
52036,1
52037,11
52038,17
52039,6
52040,16
52041,9
52042,6
52043,1
52044,11
52045,15
52046,4
52047,10
52048,0
52049,11
52050,0
52051,14
52052,5
52053,13
52054,11
52055,20
52056,17
52057,14
52058,8
52059,12
52060,9
52061,11
52062,2
52063,8
52064,16
52065,20
52066,1
52067,6
52068,3
52069,1
52070,18
52071,19
52072,11
52073,9
52074,1
52075,7
52076,0
52077,17
52078,15
52079,11
52080,19
52081,12
52082,0
52083,20
52084,8
52085,13
52086,16
52087,15
52088,11
52089,11
52090,2
52091,16
52092,1
52093,2
52094,17
52095,12
52096,9
52097,16
52098,8
52099,10
52100,15
52101,1
52102,9
52103,7
52104,2
52105,9
52106,1
52107,6
52108,14
52109,2
52110,8
52111,17
52112,19
52113,8
52114,1
52115,1
52116,19
52117,12
52118,8
52119,1
52120,1
52121,12
52122,19
52123,8
52124,12
52125,13
52126,1
52127,15
52128,0
52129,12
52130,11
52131,7
52132,9
52133,9
52134,11
52135,11
52136,19
52137,6
52138,2
52139,3
52140,2
52141,12
52142,3
52143,7
52144,1
52145,19
52146,18
52147,14
52148,10
52149,7
52150,3
52151,0
52152,2
52153,4
52154,0
52155,1
52156,12
52157,16
52158,0
52159,1
52160,6
52161,10
52162,15
52163,1
52164,11
52165,9
52166,4
52167,13
52168,11
52169,11
52170,1
52171,12
52172,1
52173,4
52174,15
52175,17
52176,15
52177,11
52178,9
52179,8
52180,1
52181,1
52182,2
52183,8
52184,10
52185,1
52186,15
52187,11
52188,11
52189,7
52190,8
52191,2
52192,9
52193,7
52194,12
52195,2
52196,18
52197,4
52198,9
52199,9
52200,8
52201,2
52202,15
52203,19
52204,3
52205,11
52206,2
52207,14
52208,15
52209,3
52210,1
52211,8
52212,1
52213,0
52214,1
52215,2
52216,10
52217,1
52218,5
52219,14
52220,1
52221,14
52222,0
52223,11
52224,2
52225,1
52226,12
52227,10
52228,0
52229,10
52230,1
52231,10
52232,15
52233,15
52234,1
52235,2
52236,8
52237,1
52238,8
52239,9
52240,13
52241,17
52242,9
52243,15
52244,7
52245,2
52246,7
52247,0
52248,5
52249,12
52250,8
52251,1
52252,12
52253,2
52254,1
52255,9
52256,2
52257,9
52258,17
52259,1
52260,1
52261,1
52262,4
52263,5
52264,1
52265,12
52266,6
52267,11
52268,1
52269,1
52270,7
52271,7
52272,17
52273,17
52274,1
52275,9
52276,11
52277,7
52278,6
52279,17
52280,14
52281,2
52282,7
52283,19
52284,8
52285,2
52286,1
52287,1
52288,7
52289,6
52290,10
52291,11
52292,15
52293,6
52294,3
52295,8
52296,7
52297,6
52298,3
52299,0
52300,1
52301,9
52302,11
52303,19
52304,5
52305,9
52306,12
52307,1
52308,6
52309,0
52310,1
52311,1
52312,7
52313,17
52314,1
52315,13
52316,9
52317,2
52318,17
52319,2
52320,3
52321,15
52322,19
52323,11
52324,9
52325,11
52326,0
52327,11
52328,6
52329,1
52330,17
52331,16
52332,8
52333,1
52334,3
52335,1
52336,19
52337,2
52338,16
52339,16
52340,4
52341,0
52342,15
52343,7
52344,19
52345,11
52346,1
52347,11
52348,7
52349,15
52350,11
52351,1
52352,17
52353,18
52354,9
52355,1
52356,10
52357,7
52358,5
52359,11
52360,17
52361,10
52362,3
52363,11
52364,1
52365,11
52366,11
52367,17
52368,1
52369,6
52370,10
52371,9
52372,8
52373,2
52374,11
52375,15
52376,15
52377,12
52378,1
52379,9
52380,12
52381,6
52382,14
52383,11
52384,8
52385,0
52386,1
52387,4
52388,9
52389,9
52390,7
52391,2
52392,5
52393,12
52394,3
52395,5
52396,9
52397,8
52398,10
52399,2
52400,7
52401,13
52402,8
52403,8
52404,1
52405,20
52406,1
52407,1
52408,0
52409,0
52410,12
52411,1
52412,8
52413,11
52414,5
52415,5
52416,6
52417,19
52418,2
52419,15
52420,8
52421,16
52422,4
52423,1
52424,11
52425,7
52426,7
52427,12
52428,3
52429,4
52430,11
52431,9
52432,11
52433,17
52434,6
52435,9
52436,7
52437,5
52438,5
52439,15
52440,17
52441,1
52442,15
52443,9
52444,7
52445,7
52446,11
52447,1
52448,13
52449,15
52450,1
52451,13
52452,1
52453,1
52454,16
52455,12
52456,9
52457,11
52458,7
52459,9
52460,1
52461,16
52462,0
52463,1
52464,5
52465,7
52466,16
52467,1
52468,10
52469,1
52470,1
52471,12
52472,3
52473,1
52474,6
52475,11
52476,20
52477,9
52478,9
52479,5
52480,11
52481,18
52482,20
52483,11
52484,11
52485,7
52486,1
52487,10
52488,19
52489,1
52490,11
52491,0
52492,7
52493,6
52494,5
52495,1
52496,1
52497,6
52498,7
52499,1
52500,4
52501,11
52502,11
52503,8
52504,6
52505,5
52506,2
52507,15
52508,13
52509,8
52510,1
52511,1
52512,14
52513,8
52514,1
52515,1
52516,14
52517,8
52518,7
52519,8
52520,1
52521,9
52522,11
52523,9
52524,16
52525,2
52526,15
52527,11
52528,12
52529,5
52530,6
52531,15
52532,18
52533,1
52534,12
52535,3
52536,7
52537,5
52538,1
52539,11
52540,7
52541,8
52542,2
52543,8
52544,10
52545,7
52546,10
52547,8
52548,4
52549,6
52550,6
52551,8
52552,9
52553,11
52554,17
52555,8
52556,1
52557,6
52558,14
52559,12
52560,5
52561,17
52562,3
52563,14
52564,19
52565,5
52566,7
52567,1
52568,1
52569,2
52570,3
52571,11
52572,14
52573,17
52574,17
52575,12
52576,11
52577,1
52578,2
52579,1
52580,15
52581,6
52582,15
52583,3
52584,12
52585,1
52586,15
52587,7
52588,10
52589,3
52590,1
52591,4
52592,11
52593,18
52594,12
52595,9
52596,3
52597,11
52598,0
52599,1
52600,12
52601,6
52602,1
52603,14
52604,1
52605,3
52606,1
52607,13
52608,19
52609,8
52610,11
52611,11
52612,5
52613,19
52614,7
52615,2
52616,19
52617,15
52618,8
52619,3
52620,17
52621,17
52622,17
52623,15
52624,3
52625,0
52626,5
52627,9
52628,1
52629,8
52630,1
52631,11
52632,1
52633,0
52634,6
52635,7
52636,7
52637,4
52638,13
52639,13
52640,1
52641,8
52642,9
52643,19
52644,20
52645,4
52646,1
52647,5
52648,15
52649,2
52650,11
52651,6
52652,9
52653,3
52654,8
52655,8
52656,19
52657,1
52658,1
52659,11
52660,18
52661,9
52662,3
52663,1
52664,7
52665,1
52666,1
52667,10
52668,9
52669,6
52670,2
52671,11
52672,12
52673,10
52674,20
52675,7
52676,7
52677,2
52678,1
52679,11
52680,1
52681,9
52682,9
52683,9
52684,1
52685,6
52686,3
52687,14
52688,19
52689,4
52690,1
52691,20
52692,0
52693,15
52694,1
52695,1
52696,8
52697,21
52698,12
52699,3
52700,1
52701,8
52702,3
52703,11
52704,7
52705,1
52706,2
52707,6
52708,7
52709,11
52710,1
52711,2
52712,17
52713,12
52714,9
52715,17
52716,11
52717,7
52718,6
52719,15
52720,11
52721,1
52722,7
52723,1
52724,16
52725,21
52726,9
52727,1
52728,9
52729,13
52730,11
52731,1
52732,19
52733,1
52734,11
52735,16
52736,3
52737,6
52738,2
52739,7
52740,11
52741,9
52742,1
52743,6
52744,14
52745,1
52746,7
52747,9
52748,11
52749,2
52750,8
52751,4
52752,13
52753,2
52754,16
52755,3
52756,12
52757,0
52758,7
52759,5
52760,1
52761,9
52762,11
52763,1
52764,7
52765,6
52766,2
52767,6
52768,15
52769,2
52770,11
52771,15
52772,1
52773,1
52774,0
52775,11
52776,9
52777,16
52778,15
52779,4
52780,8
52781,1
52782,12
52783,0
52784,2
52785,1
52786,2
52787,11
52788,1
52789,0
52790,1
52791,10
52792,1
52793,1
52794,0
52795,7
52796,6
52797,1
52798,1
52799,11
52800,16
52801,14
52802,2
52803,2
52804,8
52805,6
52806,16
52807,16
52808,4
52809,6
52810,7
52811,17
52812,11
52813,1
52814,1
52815,17
52816,7
52817,15
52818,0
52819,17
52820,1
52821,19
52822,12
52823,9
52824,7
52825,4
52826,18
52827,1
52828,3
52829,12
52830,16
52831,0
52832,17
52833,6
52834,5
52835,6
52836,20
52837,17
52838,14
52839,11
52840,4
52841,1
52842,13
52843,1
52844,10
52845,19
52846,1
52847,9
52848,12
52849,6
52850,2
52851,11
52852,13
52853,1
52854,12
52855,3
52856,2
52857,11
52858,2
52859,5
52860,11
52861,16
52862,19
52863,6
52864,1
52865,12
52866,11
52867,11
52868,8
52869,3
52870,7
52871,3
52872,9
52873,11
52874,1
52875,11
52876,1
52877,2
52878,9
52879,1
52880,1
52881,5
52882,8
52883,19
52884,2
52885,15
52886,1
52887,1
52888,3
52889,1
52890,11
52891,1
52892,5
52893,17
52894,6
52895,19
52896,7
52897,11
52898,15
52899,1
52900,21
52901,19
52902,17
52903,11
52904,19
52905,16
52906,5
52907,2
52908,11
52909,9
52910,0
52911,8
52912,1
52913,12
52914,19
52915,3
52916,2
52917,6
52918,21
52919,1
52920,11
52921,11
52922,1
52923,0
52924,12
52925,12
52926,9
52927,13
52928,11
52929,2
52930,6
52931,1
52932,18
52933,13
52934,7
52935,9
52936,12
52937,1
52938,10
52939,1
52940,6
52941,13
52942,14
52943,1
52944,2
52945,11
52946,16
52947,8
52948,9
52949,19
52950,2
52951,2
52952,9
52953,4
52954,11
52955,0
52956,2
52957,1
52958,1
52959,8
52960,1
52961,2
52962,1
52963,7
52964,2
52965,7
52966,1
52967,4
52968,14
52969,11
52970,1
52971,1
52972,1
52973,2
52974,12
52975,1
52976,20
52977,11
52978,1
52979,9
52980,15
52981,1
52982,3
52983,19
52984,1
52985,15
52986,2
52987,11
52988,17
52989,12
52990,3
52991,4
52992,8
52993,11
52994,9
52995,11
52996,14
52997,2
52998,1
52999,1
53000,16
53001,12
53002,11
53003,7
53004,9
53005,13
53006,5
53007,3
53008,11
53009,10
53010,13
53011,8
53012,17
53013,14
53014,11
53015,9
53016,14
53017,7
53018,4
53019,11
53020,5
53021,11
53022,15
53023,9
53024,19
53025,1
53026,6
53027,11
53028,1
53029,5
53030,17
53031,9
53032,2
53033,9
53034,7
53035,13
53036,12
53037,9
53038,16
53039,10
53040,8
53041,14
53042,1
53043,13
53044,11
53045,11
53046,2
53047,6
53048,8
53049,0
53050,1
53051,6
53052,7
53053,1
53054,11
53055,2
53056,3
53057,11
53058,2
53059,10
53060,1
53061,15
53062,12
53063,0
53064,1
53065,13
53066,0
53067,11
53068,21
53069,12
53070,9
53071,17
53072,9
53073,1
53074,15
53075,1
53076,19
53077,1
53078,11
53079,16
53080,12
53081,2
53082,2
53083,3
53084,11
53085,1
53086,8
53087,6
53088,8
53089,1
53090,19
53091,8
53092,9
53093,13
53094,1
53095,4
53096,9
53097,13
53098,0
53099,2
53100,2
53101,2
53102,11
53103,1
53104,1
53105,4
53106,12
53107,6
53108,11
53109,2
53110,21
53111,7
53112,9
53113,2
53114,1
53115,9
53116,13
53117,7
53118,9
53119,7
53120,1
53121,17
53122,7
53123,11
53124,17
53125,9
53126,11
53127,2
53128,17
53129,11
53130,13
53131,9
53132,7
53133,11
53134,8
53135,3
53136,1
53137,7
53138,12
53139,17
53140,8
53141,3
53142,2
53143,21
53144,7
53145,1
53146,12
53147,1
53148,16
53149,11
53150,7
53151,1
53152,7
53153,13
53154,6
53155,17
53156,2
53157,1
53158,17
53159,2
53160,8
53161,9
53162,9
53163,1
53164,13
53165,3
53166,15
53167,19
53168,1
53169,11
53170,10
53171,2
53172,14
53173,11
53174,19
53175,14
53176,11
53177,7
53178,8
53179,11
53180,11
53181,7
53182,5
53183,2
53184,11
53185,1
53186,1
53187,11
53188,3
53189,13
53190,13
53191,10
53192,1
53193,20
53194,9
53195,11
53196,13
53197,1
53198,12
53199,14
53200,11
53201,6
53202,16
53203,11
53204,11
53205,1
53206,1
53207,12
53208,5
53209,7
53210,1
53211,10
53212,1
53213,11
53214,9
53215,6
53216,1
53217,17
53218,3
53219,7
53220,7
53221,12
53222,5
53223,15
53224,1
53225,1
53226,13
53227,0
53228,13
53229,1
53230,7
53231,1
53232,6
53233,13
53234,1
53235,11
53236,10
53237,4
53238,1
53239,11
53240,16
53241,8
53242,7
53243,10
53244,1
53245,1
53246,11
53247,1
53248,1
53249,1
53250,1
53251,0
53252,6
53253,1
53254,3
53255,2
53256,5
53257,11
53258,1
53259,11
53260,11
53261,11
53262,6
53263,11
53264,1
53265,11
53266,8
53267,9
53268,11
53269,4
53270,0
53271,3
53272,9
53273,19
53274,14
53275,8
53276,7
53277,6
53278,9
53279,1
53280,17
53281,12
53282,15
53283,17
53284,7
53285,8
53286,6
53287,1
53288,11
53289,3
53290,6
53291,19
53292,8
53293,19
53294,1
53295,1
53296,7
53297,7
53298,2
53299,19
53300,1
53301,1
53302,1
53303,1
53304,7
53305,8
53306,15
53307,19
53308,1
53309,2
53310,1
53311,8
53312,6
53313,12
53314,11
53315,11
53316,1
53317,5
53318,12
53319,8
53320,11
53321,20
53322,1
53323,18
53324,9
53325,9
53326,19
53327,11
53328,1
53329,2
53330,17
53331,7
53332,2
53333,17
53334,7
53335,19
53336,12
53337,8
53338,0
53339,5
53340,7
53341,12
53342,2
53343,9
53344,1
53345,10
53346,0
53347,16
53348,12
53349,10
53350,3
53351,19
53352,12
53353,1
53354,1
53355,7
53356,11
53357,3
53358,6
53359,1
53360,19
53361,5
53362,0
53363,18
53364,11
53365,8
53366,10
53367,11
53368,11
53369,1
53370,2
53371,17
53372,1
53373,13
53374,7
53375,9
53376,0
53377,9
53378,8
53379,2
53380,16
53381,7
53382,11
53383,1
53384,6
53385,3
53386,1
53387,5
53388,15
53389,4
53390,17
53391,7
53392,17
53393,2
53394,16
53395,0
53396,14
53397,13
53398,7
53399,0
53400,19
53401,18
53402,7
53403,19
53404,1
53405,8
53406,20
53407,0
53408,19
53409,19
53410,3
53411,19
53412,9
53413,10
53414,17
53415,3
53416,1
53417,10
53418,2
53419,11
53420,15
53421,11
53422,10
53423,8
53424,1
53425,6
53426,13
53427,9
53428,8
53429,6
53430,0
53431,17
53432,8
53433,1
53434,3
53435,4
53436,4
53437,19
53438,13
53439,1
53440,7
53441,5
53442,0
53443,10
53444,7
53445,3
53446,11
53447,8
53448,3
53449,19
53450,3
53451,1
53452,1
53453,11
53454,16
53455,3
53456,11
53457,2
53458,8
53459,0
53460,11
53461,10
53462,1
53463,17
53464,1
53465,6
53466,15
53467,2
53468,1
53469,1
53470,9
53471,8
53472,3
53473,11
53474,18
53475,16
53476,10
53477,7
53478,9
53479,5
53480,2
53481,8
53482,2
53483,13
53484,6
53485,5
53486,19
53487,7
53488,3
53489,10
53490,6
53491,10
53492,2
53493,3
53494,2
53495,6
53496,0
53497,19
53498,10
53499,1
53500,13
53501,1
53502,4
53503,11
53504,16
53505,4
53506,6
53507,5
53508,1
53509,17
53510,17
53511,12
53512,21
53513,1
53514,7
53515,11
53516,1
53517,7
53518,11
53519,9
53520,16
53521,7
53522,4
53523,1
53524,3
53525,17
53526,0
53527,2
53528,11
53529,17
53530,14
53531,3
53532,11
53533,3
53534,3
53535,6
53536,18
53537,14
53538,15
53539,7
53540,11
53541,1
53542,11
53543,6
53544,15
53545,2
53546,9
53547,1
53548,11
53549,6
53550,11
53551,2
53552,3
53553,0
53554,13
53555,7
53556,6
53557,9
53558,9
53559,2
53560,5
53561,13
53562,11
53563,6
53564,16
53565,15
53566,19
53567,1
53568,12
53569,6
53570,15
53571,11
53572,11
53573,4
53574,7
53575,3
53576,8
53577,9
53578,9
53579,13
53580,4
53581,0
53582,2
53583,2
53584,1
53585,11
53586,3
53587,0
53588,1
53589,9
53590,11
53591,5
53592,13
53593,16
53594,9
53595,14
53596,2
53597,3
53598,3
53599,11
53600,12
53601,4
53602,11
53603,2
53604,1
53605,9
53606,11
53607,0
53608,2
53609,1
53610,5
53611,20
53612,6
53613,2
53614,1
53615,6
53616,3
53617,2
53618,3
53619,17
53620,7
53621,17
53622,1
53623,12
53624,2
53625,8
53626,14
53627,1
53628,5
53629,5
53630,1
53631,3
53632,0
53633,1
53634,4
53635,13
53636,6
53637,3
53638,9
53639,11
53640,1
53641,3
53642,17
53643,1
53644,15
53645,10
53646,19
53647,9
53648,11
53649,13
53650,10
53651,19
53652,1
53653,9
53654,9
53655,10
53656,8
53657,5
53658,11
53659,5
53660,1
53661,19
53662,1
53663,1
53664,9
53665,17
53666,11
53667,5
53668,7
53669,17
53670,9
53671,7
53672,8
53673,9
53674,1
53675,7
53676,11
53677,7
53678,8
53679,14
53680,2
53681,17
53682,11
53683,7
53684,10
53685,3
53686,4
53687,7
53688,19
53689,11
53690,13
53691,17
53692,9
53693,4
53694,18
53695,16
53696,9
53697,7
53698,4
53699,7
53700,6
53701,9
53702,19
53703,19
53704,15
53705,9
53706,0
53707,2
53708,1
53709,11
53710,2
53711,1
53712,1
53713,12
53714,1
53715,5
53716,11
53717,1
53718,1
53719,11
53720,12
53721,3
53722,14
53723,2
53724,1
53725,2
53726,11
53727,7
53728,5
53729,11
53730,11
53731,6
53732,6
53733,3
53734,17
53735,0
53736,14
53737,1
53738,1
53739,13
53740,11
53741,4
53742,18
53743,12
53744,0
53745,7
53746,8
53747,8
53748,2
53749,10
53750,7
53751,2
53752,8
53753,1
53754,10
53755,17
53756,7
53757,8
53758,7
53759,3
53760,9
53761,18
53762,9
53763,1
53764,7
53765,1
53766,9
53767,16
53768,1
53769,11
53770,14
53771,0
53772,1
53773,17
53774,3
53775,19
53776,11
53777,2
53778,12
53779,9
53780,8
53781,7
53782,1
53783,16
53784,1
53785,8
53786,8
53787,11
53788,0
53789,14
53790,11
53791,11
53792,12
53793,1
53794,7
53795,8
53796,1
53797,1
53798,11
53799,9
53800,7
53801,2
53802,1
53803,1
53804,4
53805,1
53806,1
53807,3
53808,8
53809,2
53810,12
53811,2
53812,4
53813,15
53814,2
53815,11
53816,8
53817,12
53818,8
53819,19
53820,3
53821,3
53822,6
53823,11
53824,10
53825,11
53826,1
53827,19
53828,6
53829,10
53830,8
53831,0
53832,5
53833,12
53834,19
53835,3
53836,15
53837,19
53838,7
53839,15
53840,3
53841,4
53842,11
53843,1
53844,21
53845,4
53846,19
53847,11
53848,9
53849,11
53850,2
53851,14
53852,11
53853,18
53854,1
53855,1
53856,11
53857,7
53858,1
53859,7
53860,11
53861,1
53862,17
53863,8
53864,5
53865,11
53866,6
53867,6
53868,11
53869,1
53870,8
53871,11
53872,9
53873,8
53874,0
53875,11
53876,10
53877,3
53878,13
53879,1
53880,11
53881,7
53882,9
53883,14
53884,12
53885,6
53886,2
53887,7
53888,11
53889,1
53890,11
53891,1
53892,1
53893,2
53894,2
53895,9
53896,10
53897,1
53898,1
53899,17
53900,11
53901,4
53902,2
53903,9
53904,11
53905,15
53906,1
53907,19
53908,2
53909,11
53910,13
53911,10
53912,9
53913,18
53914,2
53915,7
53916,16
53917,1
53918,2
53919,1
53920,11
53921,12
53922,13
53923,4
53924,2
53925,15
53926,1
53927,14
53928,10
53929,1
53930,8
53931,11
53932,12
53933,6
53934,20
53935,0
53936,8
53937,16
53938,19
53939,12
53940,8
53941,9
53942,3
53943,9
53944,12
53945,8
53946,8
53947,8
53948,11
53949,9
53950,16
53951,11
53952,5
53953,7
53954,1
53955,17
53956,9
53957,1
53958,5
53959,2
53960,11
53961,0
53962,9
53963,7
53964,7
53965,1
53966,9
53967,18
53968,10
53969,6
53970,6
53971,13
53972,7
53973,11
53974,16
53975,1
53976,1
53977,9
53978,10
53979,10
53980,1
53981,2
53982,7
53983,1
53984,11
53985,11
53986,11
53987,2
53988,7
53989,1
53990,1
53991,1
53992,9
53993,7
53994,2
53995,7
53996,6
53997,7
53998,1
53999,10
54000,9
54001,16
54002,15
54003,21
54004,11
54005,4
54006,7
54007,19
54008,19
54009,5
54010,8
54011,9
54012,20
54013,6
54014,11
54015,1
54016,0
54017,21
54018,11
54019,1
54020,2
54021,1
54022,19
54023,5
54024,1
54025,11
54026,11
54027,1
54028,7
54029,14
54030,1
54031,0
54032,15
54033,7
54034,1
54035,13
54036,7
54037,1
54038,7
54039,14
54040,6
54041,17
54042,3
54043,11
54044,11
54045,1
54046,0
54047,1
54048,2
54049,1
54050,0
54051,1
54052,2
54053,7
54054,17
54055,16
54056,1
54057,10
54058,12
54059,1
54060,7
54061,6
54062,11
54063,11
54064,5
54065,1
54066,16
54067,11
54068,9
54069,12
54070,0
54071,1
54072,1
54073,6
54074,1
54075,13
54076,7
54077,8
54078,1
54079,1
54080,17
54081,9
54082,3
54083,0
54084,1
54085,0
54086,11
54087,19
54088,14
54089,14
54090,21
54091,7
54092,0
54093,1
54094,2
54095,7
54096,2
54097,11
54098,10
54099,14
54100,16
54101,11
54102,0
54103,9
54104,13
54105,4
54106,2
54107,15
54108,0
54109,0
54110,11
54111,11
54112,1
54113,6
54114,2
54115,0
54116,7
54117,1
54118,5
54119,2
54120,21
54121,11
54122,2
54123,19
54124,0
54125,15
54126,1
54127,11
54128,17
54129,9
54130,10
54131,7
54132,14
54133,12
54134,19
54135,8
54136,8
54137,1
54138,10
54139,10
54140,18
54141,1
54142,6
54143,10
54144,7
54145,0
54146,11
54147,19
54148,19
54149,1
54150,1
54151,1
54152,9
54153,3
54154,9
54155,7
54156,9
54157,1
54158,12
54159,1
54160,11
54161,8
54162,11
54163,1
54164,11
54165,9
54166,4
54167,3
54168,2
54169,1
54170,11
54171,3
54172,1
54173,19
54174,7
54175,13
54176,9
54177,19
54178,7
54179,9
54180,11
54181,4
54182,1
54183,3
54184,2
54185,7
54186,1
54187,1
54188,19
54189,5
54190,12
54191,20
54192,5
54193,1
54194,1
54195,5
54196,12
54197,1
54198,1
54199,21
54200,8
54201,9
54202,12
54203,1
54204,1
54205,1
54206,16
54207,7
54208,7
54209,0
54210,17
54211,0
54212,14
54213,6
54214,7
54215,15
54216,7
54217,10
54218,1
54219,12
54220,1
54221,11
54222,1
54223,1
54224,1
54225,7
54226,7
54227,11
54228,7
54229,7
54230,7
54231,4
54232,11
54233,5
54234,2
54235,20
54236,1
54237,7
54238,3
54239,3
54240,12
54241,9
54242,19
54243,1
54244,2
54245,11
54246,21
54247,1
54248,2
54249,11
54250,8
54251,6
54252,13
54253,8
54254,7
54255,12
54256,21
54257,11
54258,11
54259,16
54260,11
54261,9
54262,11
54263,1
54264,11
54265,13
54266,2
54267,12
54268,2
54269,2
54270,9
54271,8
54272,16
54273,1
54274,3
54275,1
54276,2
54277,7
54278,12
54279,10
54280,3
54281,11
54282,1
54283,1
54284,9
54285,1
54286,11
54287,9
54288,11
54289,8
54290,19
54291,2
54292,8
54293,6
54294,17
54295,9
54296,11
54297,12
54298,3
54299,1
54300,1
54301,10
54302,1
54303,10
54304,16
54305,1
54306,19
54307,2
54308,11
54309,9
54310,6
54311,17
54312,7
54313,2
54314,17
54315,19
54316,21
54317,8
54318,11
54319,9
54320,6
54321,9
54322,11
54323,2
54324,11
54325,9
54326,2
54327,11
54328,6
54329,7
54330,9
54331,14
54332,11
54333,8
54334,3
54335,8
54336,0
54337,16
54338,0
54339,11
54340,9
54341,17
54342,1
54343,1
54344,8
54345,1
54346,17
54347,8
54348,6
54349,3
54350,8
54351,4
54352,1
54353,1
54354,10
54355,7
54356,0
54357,1
54358,1
54359,16
54360,12
54361,13
54362,8
54363,1
54364,7
54365,6
54366,17
54367,2
54368,1
54369,8
54370,11
54371,8
54372,11
54373,1
54374,11
54375,16
54376,18
54377,1
54378,7
54379,19
54380,6
54381,8
54382,1
54383,14
54384,9
54385,9
54386,10
54387,1
54388,7
54389,9
54390,8
54391,5
54392,12
54393,7
54394,9
54395,7
54396,20
54397,11
54398,6
54399,1
54400,17
54401,13
54402,11
54403,4
54404,9
54405,9
54406,11
54407,13
54408,19
54409,1
54410,1
54411,11
54412,10
54413,1
54414,1
54415,7
54416,11
54417,13
54418,17
54419,6
54420,1
54421,1
54422,17
54423,7
54424,4
54425,19
54426,16
54427,5
54428,10
54429,0
54430,7
54431,2
54432,11
54433,1
54434,10
54435,2
54436,1
54437,7
54438,1
54439,20
54440,12
54441,1
54442,1
54443,0
54444,20
54445,12
54446,1
54447,9
54448,11
54449,1
54450,10
54451,8
54452,11
54453,1
54454,11
54455,12
54456,10
54457,4
54458,13
54459,2
54460,1
54461,7
54462,2
54463,6
54464,8
54465,19
54466,5
54467,5
54468,8
54469,1
54470,1
54471,3
54472,8
54473,17
54474,9
54475,7
54476,3
54477,1
54478,5
54479,11
54480,3
54481,6
54482,2
54483,9
54484,1
54485,1
54486,13
54487,6
54488,1
54489,6
54490,3
54491,8
54492,3
54493,11
54494,9
54495,9
54496,2
54497,2
54498,11
54499,1
54500,1
54501,6
54502,16
54503,9
54504,11
54505,5
54506,21
54507,7
54508,12
54509,8
54510,6
54511,9
54512,0
54513,3
54514,1
54515,11
54516,8
54517,4
54518,11
54519,11
54520,16
54521,7
54522,3
54523,1
54524,1
54525,1
54526,10
54527,7
54528,14
54529,6
54530,4
54531,15
54532,8
54533,1
54534,11
54535,11
54536,6
54537,15
54538,16
54539,9
54540,8
54541,11
54542,0
54543,10
54544,6
54545,0
54546,9
54547,8
54548,7
54549,17
54550,6
54551,14
54552,9
54553,11
54554,7
54555,8
54556,1
54557,11
54558,2
54559,3
54560,5
54561,10
54562,17
54563,11
54564,6
54565,17
54566,7
54567,4
54568,7
54569,17
54570,1
54571,15
54572,17
