source,target
0,1
0,2
0,3
0,4
0,5
0,6
0,7
0,8
0,9
0,10
0,11
0,12
0,13
0,14
0,15
0,16
0,17
0,18
0,19
0,20
0,21
0,22
0,23
0,24
0,25
0,26
0,27
1,7
1,21
1,25
1,33
1,34
1,35
1,36
1,37
1,38
1,39
1,40
1,41
1,42
1,43
1,44
1,45
1,46
1,47
1,48
1,49
1,50
1,51
1,52
1,53
1,54
1,55
1,56
1,57
1,58
1,59
1,60
1,61
1,62
1,63
1,64
1,65
1,66
1,67
1,68
1,69
1,70
2,28
2,31
2,32
2,34
2,42
2,71
2,72
2,73
2,74
2,75
2,76
2,77
2,78
2,79
2,80
2,81
2,82
2,83
3,81
3,85
4,7
4,18
4,21
4,26
4,30
4,31
4,32
4,43
4,44
4,73
4,79
4,81
4,92
4,95
4,100
4,107
4,108
4,109
4,110
4,111
4,112
4,113
4,114
4,115
4,116
4,117
4,118
4,119
4,120
5,3
5,7
5,31
5,86
5,88
5,90
5,92
5,93
5,95
5,102
5,115
5,116
5,121
5,122
5,123
5,124
6,1
6,7
6,9
6,11
6,16
6,18
6,19
6,20
6,24
6,26
6,34
6,35
6,38
6,40
6,42
6,44
6,46
6,49
6,51
6,58
6,62
6,69
6,73
6,86
6,87
6,88
6,91
6,92
6,95
6,96
6,97
6,101
6,103
6,108
6,109
6,125
6,129
6,130
6,132
6,143
6,150
6,151
6,154
6,155
6,157
6,159
6,160
6,161
6,162
6,163
6,164
6,165
6,166
6,167
6,168
6,169
6,170
6,171
6,172
6,173
6,174
6,175
6,176
6,177
6,178
6,179
6,180
6,181
6,182
6,183
6,184
6,185
6,186
6,187
6,188
6,189
6,190
6,191
6,192
6,193
6,194
6,195
6,196
6,197
6,198
6,199
6,200
6,201
6,202
6,203
6,204
6,205
6,206
6,207
6,208
6,209
6,210
6,211
7,1
7,5
7,18
7,21
7,28
7,31
7,34
7,38
7,42
7,44
7,46
7,47
7,50
7,51
7,52
7,63
7,67
7,69
7,73
7,76
7,86
7,90
7,94
7,95
7,99
7,100
7,101
7,102
7,103
7,108
7,109
7,111
7,115
7,126
7,127
7,128
7,137
7,146
7,154
7,160
7,161
7,176
7,185
7,186
7,187
7,194
7,197
7,205
7,206
7,207
7,210
7,212
7,213
7,214
7,215
7,216
7,217
7,218
7,219
7,220
7,221
7,222
7,223
7,224
7,225
7,226
7,227
7,228
7,229
7,230
7,231
7,232
7,233
7,234
7,235
8,7
8,26
8,44
8,65
8,66
8,86
8,92
8,93
8,95
8,101
8,103
8,109
8,112
8,114
8,116
8,126
8,150
8,151
8,153
8,154
8,170
8,173
8,181
8,239
8,240
8,241
8,242
8,243
8,244
8,245
9,14
9,16
9,18
9,20
9,25
9,26
9,32
9,48
9,87
9,89
9,113
9,120
9,133
9,149
9,151
9,156
9,157
9,170
9,173
9,195
9,209
9,246
9,247
9,248
9,249
9,250
9,251
9,252
9,253
9,254
9,255
9,256
9,257
9,258
9,259
9,260
9,261
9,262
9,263
9,264
10,66
10,120
10,140
10,148
10,149
10,150
10,181
10,185
10,224
10,267
10,268
10,269
10,270
10,271
10,272
10,273
10,274
10,275
10,276
10,277
10,278
10,279
10,280
10,281
10,282
10,283
10,284
10,285
10,286
11,14
11,120
11,237
11,257
11,262
11,287
11,288
12,8
12,18
12,151
12,157
12,238
12,289
12,290
12,291
12,292
12,293
13,299
13,300
13,301
13,302
14,2
14,9
14,11
14,16
14,18
14,26
14,32
14,38
14,40
14,46
14,77
14,86
14,93
14,95
14,97
14,101
14,104
14,109
14,113
14,120
14,123
14,139
14,149
14,150
14,154
14,157
14,159
14,162
14,170
14,173
14,176
14,178
14,179
14,181
14,182
14,245
14,260
14,266
14,310
14,318
14,327
14,329
14,330
14,335
14,338
15,21
15,28
15,31
15,68
15,148
15,187
15,211
15,218
15,294
15,341
15,342
15,343
15,344
16,11
16,14
16,20
16,24
16,26
16,43
16,79
16,140
16,145
16,149
16,162
16,173
16,180
16,181
16,182
16,212
16,245
16,254
16,265
16,345
17,0
17,26
17,86
17,110
17,118
17,161
17,170
17,181
17,209
17,222
17,231
17,238
17,317
17,340
17,346
17,347
17,348
17,349
17,350
17,351
17,352
17,353
17,354
18,6
18,7
18,10
18,12
18,14
18,26
18,30
18,36
18,44
18,51
18,77
18,79
18,86
18,87
18,90
18,92
18,93
18,95
18,99
18,103
18,111
18,112
18,113
18,119
18,127
18,139
18,141
18,154
18,155
18,160
18,162
18,169
18,179
18,180
18,181
18,182
18,248
18,254
18,265
18,309
18,330
18,334
18,355
18,356
18,357
19,20
19,21
19,24
19,40
19,45
19,66
19,67
19,86
19,101
19,162
19,182
19,183
19,184
19,242
19,254
19,256
19,257
19,271
19,304
19,312
19,316
19,334
19,358
19,365
19,370
20,11
20,14
20,16
20,19
20,21
20,43
20,66
20,140
20,154
20,170
20,179
20,181
20,182
20,183
20,185
20,222
20,243
20,245
20,271
20,306
20,308
20,310
20,312
20,321
20,366
20,384
20,385
21,0
21,1
21,3
21,4
21,6
21,7
21,8
21,9
21,10
21,16
21,18
21,19
21,20
21,26
21,28
21,32
21,33
21,34
21,35
21,36
21,38
21,40
21,42
21,43
21,44
21,46
21,48
21,57
21,62
21,68
21,72
21,74
21,83
21,87
21,88
21,89
21,91
21,101
21,102
21,104
21,107
21,108
21,110
21,113
21,116
21,117
21,118
21,120
21,130
21,132
21,142
21,145
21,146
21,153
21,154
21,157
21,159
21,161
21,162
21,169
21,172
21,173
21,174
21,178
21,180
21,181
21,184
21,185
21,187
21,199
21,201
21,202
21,209
21,210
21,212
21,218
21,221
21,222
21,230
21,240
21,245
21,248
21,253
21,254
21,255
21,256
21,260
21,308
21,309
21,312
21,315
21,316
21,317
21,322
21,325
21,328
21,338
21,346
21,353
21,358
21,373
21,374
21,384
21,388
21,389
21,390
21,391
21,392
21,393
21,394
21,395
21,396
21,397
21,398
21,399
21,400
21,401
21,402
21,403
21,404
21,405
21,406
21,407
22,0
22,25
22,68
22,145
22,188
22,218
22,228
22,230
22,242
22,311
22,313
22,323
22,378
22,381
22,406
22,411
22,412
22,413
22,414
22,415
22,416
22,417
22,418
22,419
22,420
22,421
22,422
22,423
22,424
22,425
22,426
23,0
23,433
24,0
24,16
24,19
24,25
24,68
24,173
24,183
24,184
24,188
24,199
24,257
24,265
24,267
24,290
24,316
24,434
24,435
25,0
25,1
25,22
25,24
25,47
25,48
25,51
25,55
25,62
25,68
25,138
25,157
25,183
25,199
25,200
25,205
25,206
25,209
25,217
25,218
25,221
25,226
25,230
25,231
25,233
25,234
25,235
25,252
25,256
25,264
25,297
25,304
25,311
25,313
25,319
25,332
25,333
25,366
25,372
25,391
25,412
25,418
25,424
25,438
25,439
25,440
25,441
25,442
25,443
25,444
25,445
25,446
25,447
25,448
25,449
25,450
26,0
26,3
26,4
26,5
26,6
26,7
26,8
26,9
26,10
26,14
26,16
26,17
26,18
26,19
26,20
26,21
26,32
26,42
26,43
26,46
26,51
26,65
26,87
26,89
26,91
26,97
26,98
26,104
26,109
26,114
26,115
26,116
26,118
26,120
26,131
26,132
26,141
26,142
26,145
26,153
26,154
26,157
26,160
26,167
26,169
26,172
26,178
26,181
26,185
26,187
26,222
26,243
26,245
26,248
26,256
26,260
26,266
26,267
26,270
26,271
26,288
26,305
26,307
26,317
26,328
26,335
26,350
26,360
26,368
26,385
26,434
26,460
26,467
26,468
26,469
26,470
26,471
26,472
27,0
27,36
27,40
27,41
27,44
27,46
27,73
27,78
27,81
27,85
27,95
27,99
27,100
27,106
27,110
27,127
27,137
27,139
27,143
27,151
27,181
27,186
27,198
27,200
27,209
27,211
27,228
27,229
27,232
27,233
27,260
27,274
27,309
27,311
27,339
27,343
27,352
27,363
27,403
27,404
27,406
27,428
27,436
27,478
27,479
27,480
27,481
27,482
27,483
27,484
27,485
27,486
27,487
27,488
27,489
27,490
27,491
27,492
27,493
27,494
27,495
27,496
27,497
27,498
27,499
27,500
27,501
27,502
28,35
28,36
28,38
28,40
28,81
28,88
28,100
28,109
28,176
28,507
28,508
28,509
28,510
28,511
29,28
29,79
30,34
31,34
31,44
31,73
31,88
31,122
31,129
31,138
31,176
32,84
32,104
32,169
32,181
32,245
32,303
32,308
32,310
32,326
32,514
32,530
33,1
33,34
33,39
33,45
33,66
33,77
33,79
33,98
33,158
33,160
33,168
33,228
33,251
33,287
33,310
33,334
33,345
33,346
33,388
33,424
33,440
33,446
33,498
33,529
33,532
33,533
33,534
33,535
33,536
33,537
33,538
33,539
33,540
33,541
33,542
33,543
33,544
33,545
33,546
33,547
33,548
33,549
33,550
33,551
33,552
34,1
34,2
34,6
34,30
34,31
34,32
34,33
34,35
34,40
34,63
34,81
34,86
34,88
34,90
34,94
34,95
34,99
34,100
34,127
34,246
34,515
34,527
35,1
35,6
35,21
35,28
35,36
35,85
35,88
35,90
35,94
35,96
35,98
35,139
35,159
35,160
35,162
35,178
35,212
35,260
35,287
35,312
35,359
35,368
35,402
35,476
35,507
35,509
35,512
35,554
35,555
35,556
36,1
36,18
36,27
36,28
36,35
36,37
36,76
36,77
36,81
36,88
36,98
36,146
36,154
36,166
36,168
36,173
36,176
36,178
36,186
36,188
36,212
36,221
36,273
36,291
36,299
36,318
36,325
36,331
36,344
36,382
36,394
36,416
36,459
36,472
36,489
36,508
36,522
36,548
36,557
36,558
36,559
36,560
36,561
36,562
36,563
36,564
36,565
36,566
36,567
36,568
36,569
36,570
36,571
36,572
36,573
36,574
36,575
36,576
36,577
36,578
36,579
36,580
36,581
36,582
36,583
36,584
36,585
36,586
36,587
36,588
36,589
36,590
37,36
37,40
37,59
37,87
37,110
37,184
37,192
37,198
37,228
37,231
37,242
37,250
37,273
37,275
37,280
37,283
37,284
37,299
37,300
37,309
37,311
37,313
37,322
37,338
37,340
37,361
37,399
37,421
37,428
37,432
37,479
37,501
37,527
37,546
37,591
37,592
37,593
37,594
37,595
37,596
37,597
37,598
37,599
37,600
37,601
37,602
37,603
37,604
37,605
37,606
37,607
37,608
37,609
37,610
37,611
37,612
37,613
37,614
37,615
37,616
37,617
37,618
38,1
38,6
38,21
38,26
38,28
38,36
38,66
38,72
38,77
38,86
38,87
38,88
38,90
38,95
38,98
38,103
38,107
38,108
38,111
38,112
38,113
38,120
38,127
38,170
38,246
38,303
38,366
38,507
38,508
38,530
38,590
38,619
38,620
39,1
39,6
39,11
39,12
39,13
39,18
39,20
39,21
39,25
39,26
39,28
39,32
39,33
39,37
39,46
39,48
39,49
39,60
39,61
39,62
39,66
39,68
39,69
39,70
39,72
39,77
39,79
39,91
39,93
39,95
39,97
39,98
39,104
39,105
39,109
39,110
39,120
39,125
39,129
39,131
39,142
39,146
39,149
39,153
39,155
39,159
39,161
39,162
39,172
39,175
39,176
39,183
39,188
39,195
39,209
39,211
39,212
39,214
39,216
39,218
39,222
39,226
39,229
39,237
39,242
39,245
39,248
39,251
39,256
39,264
39,265
39,272
39,275
39,280
39,281
39,287
39,289
39,290
39,298
39,304
39,312
39,317
39,323
39,324
39,332
39,333
39,342
39,347
39,349
39,364
39,367
39,383
39,387
39,399
39,400
39,413
39,415
39,418
39,426
39,443
39,476
39,488
39,497
39,501
39,507
39,523
39,529
39,540
39,547
39,549
39,551
39,553
39,554
39,559
39,566
39,568
39,572
39,574
39,575
39,585
39,597
39,602
39,614
39,617
39,621
39,622
39,623
39,624
39,625
39,626
39,627
39,628
39,629
39,630
39,631
39,632
39,633
39,634
39,635
39,636
39,637
39,638
39,639
39,640
39,641
39,642
39,643
39,644
39,645
39,646
39,647
39,648
39,649
39,650
39,651
39,652
39,653
39,654
39,655
39,656
39,657
39,658
39,659
39,660
39,661
39,662
39,663
39,664
39,665
39,666
39,667
39,668
39,669
39,670
39,671
39,672
39,673
39,674
39,675
39,676
39,677
39,678
39,679
39,680
39,681
39,682
39,683
39,684
39,685
39,686
39,687
39,688
39,689
39,690
39,691
39,692
39,693
39,694
39,695
39,696
39,697
39,698
39,699
39,700
39,701
39,702
39,703
40,1
40,11
40,14
40,19
40,22
40,27
40,28
40,34
40,37
40,73
40,85
40,100
40,104
40,150
40,156
40,165
40,172
40,178
40,181
40,182
40,192
40,201
40,245
40,255
40,256
40,308
40,312
40,316
40,319
40,329
40,330
40,365
40,366
40,369
40,386
40,402
40,409
40,435
40,464
40,466
40,502
40,535
40,623
41,1
41,11
42,1
42,2
42,6
42,7
42,8
42,25
42,30
42,32
42,34
42,36
42,43
42,44
42,46
42,49
42,50
42,51
42,52
42,57
42,58
42,61
42,62
42,67
42,69
42,70
42,72
42,73
42,77
42,79
42,82
42,83
42,85
42,88
42,89
42,92
42,100
42,102
42,103
42,115
42,117
42,118
42,127
42,129
42,130
42,139
42,144
42,153
42,160
42,176
42,177
42,183
42,193
42,196
42,200
42,202
42,205
42,222
42,223
42,226
42,231
42,233
42,246
42,249
42,254
42,258
42,260
42,264
42,268
42,287
42,290
42,296
42,297
42,329
42,341
42,360
42,362
42,378
42,390
42,412
42,440
42,499
42,508
42,509
42,514
42,515
42,522
42,531
42,536
42,592
42,606
42,610
42,704
42,705
42,706
42,707
42,708
42,709
42,710
42,711
42,712
42,713
42,714
42,715
43,330
43,473
43,612
43,716
43,717
43,718
44,1
44,4
44,6
44,7
44,8
44,14
44,18
44,21
44,27
44,32
44,34
44,39
44,42
44,46
44,65
44,74
44,76
44,79
44,81
44,82
44,89
44,93
44,94
44,96
44,99
44,100
44,111
44,112
44,114
44,123
44,129
44,130
44,131
44,134
44,137
44,147
44,155
44,156
44,165
44,169
44,175
44,176
44,181
44,185
44,221
44,248
44,341
44,368
44,389
44,467
44,514
44,515
44,527
44,531
45,19
45,68
45,112
45,178
45,182
45,183
45,217
45,222
45,245
45,313
45,395
45,427
46,1
46,6
46,7
46,14
46,16
46,26
46,27
46,32
46,36
46,43
46,48
46,51
46,52
46,53
46,58
46,59
46,62
46,67
46,68
46,72
46,81
46,85
46,95
46,98
46,99
46,105
46,108
46,110
46,111
46,114
46,115
46,151
46,152
46,156
46,158
46,161
46,175
46,186
46,187
46,188
46,198
46,199
46,201
46,202
46,203
46,204
46,206
46,207
46,209
46,212
46,219
46,221
46,222
46,224
46,225
46,226
46,227
46,229
46,230
46,231
46,240
46,243
46,250
46,258
46,260
46,273
46,275
46,283
46,285
46,290
46,292
46,309
46,313
46,315
46,319
46,338
46,339
46,343
46,353
46,361
46,362
46,363
46,364
46,366
46,371
46,372
46,373
46,383
46,384
46,394
46,400
46,403
46,412
46,414
46,415
46,418
46,420
46,421
46,425
46,429
46,434
46,439
46,464
46,466
46,467
46,489
46,490
46,499
46,501
46,502
46,503
46,505
46,511
46,512
46,521
46,526
46,535
46,538
46,540
46,546
46,548
46,551
46,552
46,555
46,560
46,561
46,564
46,567
46,568
46,570
46,572
46,574
46,575
46,578
46,579
46,580
46,583
46,584
46,585
46,598
46,605
46,606
46,607
46,608
46,615
46,619
46,620
46,623
46,639
46,642
46,661
46,675
46,676
46,678
46,681
46,683
46,691
46,698
46,709
46,710
46,712
46,720
46,723
46,728
46,729
46,730
46,731
46,732
46,733
46,734
46,735
46,736
46,737
46,738
46,739
46,740
46,741
46,742
46,743
46,744
46,745
46,746
46,747
46,748
46,749
46,750
46,751
46,752
46,753
46,754
46,755
46,756
46,757
46,758
46,759
46,760
46,761
46,762
46,763
46,764
46,765
46,766
46,767
46,768
46,769
46,770
46,771
46,772
46,773
46,774
46,775
46,776
46,777
46,778
46,779
46,780
46,781
46,782
46,783
46,784
46,785
46,786
46,787
46,788
46,789
46,790
46,791
46,792
46,793
46,794
46,795
46,796
46,797
46,798
46,799
46,800
46,801
46,802
46,803
46,804
46,805
46,806
46,807
46,808
46,809
46,810
46,811
46,812
46,813
46,814
46,815
46,816
46,817
46,818
46,819
46,820
46,821
46,822
46,823
46,824
46,825
47,0
47,1
47,23
47,25
47,58
47,91
47,104
47,110
47,154
47,161
47,173
47,180
47,184
47,187
47,200
47,202
47,209
47,218
47,221
47,222
47,223
47,233
47,252
47,270
47,288
47,318
47,353
47,359
47,363
47,476
47,522
47,628
47,712
47,830
47,831
48,0
48,1
48,7
48,8
48,9
48,11
48,14
48,16
48,18
48,21
48,25
48,35
48,36
48,37
48,39
48,42
48,45
48,46
48,50
48,52
48,57
48,58
48,59
48,60
48,65
48,67
48,83
48,89
48,91
48,97
48,98
48,102
48,108
48,120
48,121
48,126
48,137
48,139
48,145
48,147
48,159
48,160
48,161
48,173
48,177
48,180
48,182
48,184
48,186
48,188
48,194
48,197
48,199
48,202
48,203
48,209
48,211
48,218
48,219
48,222
48,228
48,229
48,230
48,234
48,242
48,245
48,250
48,252
48,253
48,254
48,256
48,260
48,265
48,267
48,270
48,275
48,292
48,305
48,309
48,313
48,315
48,316
48,317
48,318
48,319
48,324
48,329
48,338
48,339
48,342
48,344
48,351
48,353
48,361
48,365
48,366
48,370
48,372
48,381
48,382
48,384
48,393
48,398
48,401
48,403
48,404
48,412
48,415
48,417
48,418
48,420
48,421
48,424
48,438
48,444
48,453
48,454
48,464
48,466
48,489
48,490
48,491
48,498
48,503
48,507
48,509
48,518
48,522
48,535
48,557
48,558
48,560
48,561
48,596
48,598
48,599
48,604
48,606
48,607
48,608
48,609
48,610
48,612
48,615
48,617
48,634
48,672
48,706
48,710
48,714
48,832
48,833
48,834
48,835
48,836
48,837
48,838
48,839
48,840
48,841
48,842
48,843
48,844
48,845
48,846
48,847
48,848
48,849
48,850
48,851
48,852
48,853
48,854
49,183
49,227
50,410
51,1
51,5
51,6
51,7
51,18
51,25
51,26
51,30
51,42
51,45
51,46
51,52
51,58
51,61
51,62
51,64
51,67
51,68
51,69
51,70
51,72
51,97
51,103
51,106
51,108
51,109
51,111
51,120
51,130
51,137
51,138
51,150
51,153
51,154
51,162
51,170
51,181
51,184
51,185
51,186
51,188
51,190
51,192
51,194
51,195
51,196
51,200
51,201
51,202
51,204
51,207
51,209
51,216
51,223
51,231
51,232
51,233
51,248
51,256
51,265
51,270
51,290
51,329
51,340
51,353
51,366
51,373
51,396
51,440
51,441
51,532
51,607
51,610
51,710
51,713
51,714
51,734
51,858
51,859
51,860
51,861
51,862
51,863
52,1
52,57
52,61
52,66
52,69
52,70
52,130
52,137
52,180
52,186
52,193
52,203
52,208
52,209
52,210
52,218
52,220
52,230
52,233
52,296
52,298
52,319
52,372
52,374
52,377
52,396
52,404
52,436
52,444
52,448
52,449
52,505
52,523
52,574
52,592
52,729
52,733
52,864
52,865
52,866
52,867
52,868
53,187
54,1
54,62
54,133
54,152
54,188
54,211
54,229
54,276
54,301
54,313
54,345
54,364
54,414
54,424
54,463
54,485
54,499
54,540
54,542
54,556
54,622
54,636
54,652
54,655
54,660
54,666
54,673
54,680
54,687
54,688
54,692
54,695
54,731
54,733
54,758
54,768
54,782
54,799
54,845
54,848
54,869
54,870
54,871
54,872
54,873
54,874
54,875
54,876
54,877
54,878
55,207
55,218
55,309
55,407
56,130
56,227
56,382
56,532
56,596
56,882
57,0
57,11
57,19
57,45
57,48
57,49
57,50
57,52
57,62
57,67
57,72
57,83
57,91
57,101
57,106
57,153
57,157
57,160
57,180
57,184
57,185
57,187
57,193
57,200
57,201
57,202
57,205
57,207
57,209
57,222
57,226
57,231
57,252
57,255
57,258
57,264
57,267
57,275
57,295
57,297
57,316
57,319
57,322
57,333
57,372
57,373
57,376
57,377
57,378
57,393
57,398
57,441
57,464
57,592
57,629
57,642
57,728
57,847
57,856
57,859
57,883
57,884
57,885
58,130
58,189
58,194
58,200
58,223
58,289
58,332
58,410
58,606
59,37
59,158
59,193
59,231
59,241
59,302
59,400
59,470
59,490
59,495
59,505
59,598
59,606
59,642
59,723
59,746
59,853
59,886
59,887
59,888
59,889
59,890
59,891
59,892
59,893
59,894
60,11
60,68
60,130
60,140
60,264
60,319
60,348
60,351
60,372
60,384
60,429
60,466
60,529
60,535
60,605
60,630
60,895
61,51
61,52
61,69
61,188
61,199
61,225
61,229
61,242
61,260
61,274
61,298
61,300
61,346
61,420
61,425
61,463
61,485
61,490
61,502
61,509
61,535
61,608
61,617
61,631
61,640
61,642
61,834
61,836
61,839
61,896
61,897
61,898
61,899
62,16
62,67
62,98
62,145
62,159
62,182
62,188
62,192
62,202
62,219
62,228
62,249
62,311
62,319
62,323
62,356
62,358
62,370
62,518
62,602
62,612
62,652
62,853
62,891
62,901
62,902
62,903
62,904
62,905
62,906
62,907
62,908
63,34
63,72
63,183
63,194
63,202
63,223
63,441
63,610
64,106
64,526
65,1
65,8
65,26
65,28
65,36
65,44
65,48
65,50
65,67
65,69
65,81
65,84
65,88
65,100
65,102
65,108
65,120
65,146
65,151
65,152
65,177
65,184
65,186
65,188
65,192
65,198
65,216
65,222
65,225
65,229
65,230
65,231
65,232
65,233
65,241
65,268
65,270
65,274
65,275
65,287
65,302
65,318
65,319
65,323
65,370
65,378
65,390
65,402
65,413
65,415
65,420
65,424
65,434
65,437
65,452
65,463
65,470
65,473
65,507
65,508
65,522
65,535
65,541
65,543
65,547
65,548
65,549
65,552
65,561
65,564
65,566
65,568
65,570
65,574
65,577
65,586
65,606
65,607
65,608
65,634
65,637
65,639
65,657
65,660
65,664
65,665
65,667
65,668
65,669
65,672
65,674
65,676
65,683
65,684
65,690
65,691
65,698
65,699
65,700
65,701
65,711
65,714
65,720
65,723
65,729
65,731
65,742
65,753
65,754
65,758
65,767
65,771
65,788
65,789
65,790
65,807
65,810
65,835
65,838
65,863
65,874
65,880
65,884
65,897
65,900
65,909
65,914
65,915
65,916
65,917
65,918
65,919
65,920
65,921
65,922
65,923
65,924
65,925
65,926
65,927
65,928
65,929
65,930
65,931
65,932
65,933
65,934
65,935
65,936
65,937
65,938
65,939
65,940
65,941
65,942
65,943
65,944
65,945
65,946
65,947
65,948
65,949
65,950
65,951
65,952
65,953
65,954
65,955
65,956
65,957
65,958
65,959
65,960
65,961
65,962
65,963
65,964
65,965
65,966
65,967
65,968
65,969
65,970
65,971
65,972
65,973
65,974
65,975
65,976
66,1
66,8
66,10
66,19
66,21
66,33
66,38
66,42
66,54
66,59
66,65
66,77
66,97
66,113
66,118
66,120
66,131
66,133
66,142
66,146
66,149
66,150
66,152
66,154
66,172
66,174
66,175
66,176
66,180
66,181
66,190
66,193
66,209
66,212
66,220
66,236
66,239
66,241
66,244
66,248
66,250
66,266
66,282
66,285
66,287
66,288
66,290
66,303
66,324
66,330
66,333
66,334
66,335
66,340
66,345
66,361
66,367
66,384
66,385
66,393
66,395
66,424
66,431
66,433
66,435
66,454
66,457
66,463
66,482
66,499
66,529
66,537
66,541
66,542
66,546
66,547
66,549
66,550
66,552
66,554
66,556
66,561
66,590
66,593
66,647
66,650
66,651
66,654
66,656
66,659
66,660
66,669
66,671
66,672
66,676
66,680
66,695
66,698
66,714
66,719
66,720
66,726
66,734
66,744
66,746
66,747
66,748
66,754
66,758
66,761
66,783
66,799
66,819
66,826
66,860
66,861
66,880
66,907
66,909
66,915
66,922
66,924
66,936
66,948
66,976
66,977
66,978
66,979
66,980
66,981
66,982
66,983
66,984
66,985
66,986
66,987
66,988
66,989
66,990
66,991
66,992
66,993
66,994
66,995
66,996
66,997
66,998
66,999
66,1000
66,1001
66,1002
66,1003
66,1004
66,1005
66,1006
66,1007
66,1008
66,1009
66,1010
66,1011
66,1012
66,1013
66,1014
66,1015
67,19
67,62
67,69
67,178
67,202
67,207
67,208
67,223
67,230
67,315
67,536
67,591
68,1
68,11
68,15
68,22
68,24
68,25
68,45
68,87
68,131
68,133
68,152
68,162
68,202
68,205
68,209
68,230
68,245
68,249
68,268
68,300
68,309
68,317
68,429
68,458
68,503
68,657
69,51
69,52
69,61
69,67
69,68
69,72
69,160
69,198
69,203
69,225
69,226
69,232
69,233
69,260
69,361
69,406
69,433
69,505
69,542
69,628
69,660
69,729
69,735
69,994
69,1017
69,1018
69,1019
69,1020
69,1021
69,1022
69,1023
69,1024
69,1025
69,1026
69,1027
69,1028
69,1029
70,67
70,68
70,177
70,353
70,440
70,475
70,860
71,2
71,429
71,433
71,508
71,896
71,899
72,2
72,4
72,7
72,9
72,10
72,18
72,21
72,28
72,37
72,38
72,51
72,57
72,63
72,69
72,79
72,101
72,102
72,103
72,113
72,125
72,133
72,142
72,145
72,150
72,162
72,174
72,177
72,182
72,184
72,185
72,188
72,189
72,190
72,194
72,201
72,202
72,209
72,217
72,218
72,222
72,225
72,229
72,230
72,237
72,242
72,243
72,252
72,256
72,259
72,260
72,264
72,267
72,290
72,303
72,315
72,329
72,366
72,368
72,372
72,396
72,404
72,455
72,459
72,460
72,475
72,481
72,826
72,865
72,1030
73,2
73,6
73,7
73,27
73,31
73,40
73,71
73,76
73,79
73,81
73,85
73,86
73,88
73,93
73,94
73,95
73,99
73,100
73,101
73,107
73,109
73,112
73,122
73,126
73,127
73,134
73,154
73,170
73,287
73,401
73,469
73,530
73,553
74,129
74,508
75,2
75,277
75,509
76,2
76,36
76,42
76,73
76,82
76,86
76,88
76,95
76,113
76,409
76,473
77,1
77,6
77,7
77,8
77,10
77,14
77,18
77,25
77,31
77,33
77,36
77,38
77,39
77,40
77,42
77,52
77,65
77,66
77,70
77,81
77,82
77,85
77,86
77,88
77,89
77,90
77,91
77,92
77,95
77,98
77,99
77,100
77,108
77,111
77,112
77,120
77,129
77,133
77,137
77,142
77,146
77,149
77,150
77,151
77,152
77,153
77,154
77,176
77,180
77,181
77,182
77,184
77,188
77,192
77,205
77,206
77,211
77,212
77,217
77,226
77,229
77,230
77,231
77,232
77,242
77,245
77,246
77,248
77,256
77,268
77,272
77,275
77,286
77,287
77,291
77,299
77,302
77,303
77,311
77,313
77,317
77,318
77,329
77,333
77,334
77,338
77,342
77,366
77,370
77,372
77,377
77,381
77,387
77,390
77,403
77,404
77,405
77,406
77,411
77,418
77,420
77,424
77,425
77,428
77,429
77,436
77,441
77,442
77,446
77,448
77,449
77,451
77,458
77,466
77,491
77,494
77,498
77,501
77,502
77,503
77,508
77,514
77,516
77,522
77,535
77,539
77,540
77,544
77,546
77,550
77,554
77,606
77,628
77,634
77,639
77,645
77,669
77,716
77,749
77,847
77,848
77,880
77,907
77,921
77,925
77,980
77,981
77,985
77,1032
77,1033
77,1034
77,1035
77,1036
77,1037
77,1038
77,1039
77,1040
77,1041
77,1042
77,1043
77,1044
78,1
78,2
78,9
78,27
78,34
78,94
78,109
78,139
78,146
78,159
78,175
78,176
78,202
78,211
78,245
78,246
78,290
78,293
78,299
78,318
78,328
78,329
78,351
78,353
78,370
78,463
78,489
78,511
78,534
78,539
78,552
78,555
78,573
78,590
78,595
78,596
78,636
78,671
78,743
78,760
78,781
78,785
78,798
78,803
78,807
78,875
78,960
78,968
78,972
78,1039
78,1045
78,1046
78,1047
78,1048
78,1049
78,1050
78,1051
78,1052
78,1053
78,1054
78,1055
78,1056
78,1057
78,1058
78,1059
78,1060
78,1061
78,1062
78,1063
78,1064
78,1065
78,1066
79,2
79,4
79,5
79,16
79,18
79,44
79,45
79,73
79,92
79,94
79,101
79,157
79,245
79,248
79,307
79,462
79,529
79,530
80,0
80,2
80,38
80,45
80,66
80,79
80,98
80,109
80,139
80,155
80,200
80,264
80,269
81,1
81,2
81,3
81,27
81,28
81,32
81,34
81,36
81,38
81,44
81,46
81,65
81,71
81,73
81,77
81,84
81,88
81,94
81,95
81,99
81,100
81,101
81,102
81,103
81,107
81,111
81,112
81,115
81,127
81,131
81,152
81,155
81,170
81,176
81,246
81,326
81,387
81,388
81,423
81,438
81,512
81,535
81,715
81,742
81,871
81,1067
81,1068
81,1069
81,1070
81,1071
82,1
82,2
82,5
82,6
82,7
82,9
82,14
82,17
82,18
82,31
82,34
82,38
82,40
82,42
82,44
82,66
82,73
82,77
82,79
82,86
82,89
82,90
82,91
82,92
82,93
82,95
82,96
82,97
82,99
82,100
82,101
82,102
82,108
82,109
82,111
82,113
82,114
82,118
82,119
82,127
82,128
82,129
82,134
82,137
82,146
82,147
82,149
82,150
82,153
82,154
82,157
82,162
82,164
82,167
82,170
82,176
82,181
82,185
82,201
82,215
82,241
82,248
82,254
82,265
82,270
82,287
82,305
82,317
82,318
82,323
82,326
82,329
82,330
82,334
82,341
82,366
82,383
82,386
82,390
82,461
82,467
82,522
82,530
82,1072
82,1073
83,2
83,28
83,31
83,34
83,57
83,70
83,157
83,225
83,448
83,507
83,572
83,775
83,925
83,971
83,1074
83,1075
83,1076
83,1077
83,1078
83,1079
83,1080
83,1081
83,1082
84,32
84,65
84,81
84,102
84,113
84,129
84,133
84,139
84,146
84,287
84,473
84,1058
85,27
85,35
85,40
85,42
85,46
85,77
85,86
85,88
85,90
85,91
85,92
85,93
85,94
85,97
85,107
85,109
85,110
85,115
85,117
85,129
85,145
85,146
85,212
85,313
85,322
85,323
85,423
85,509
85,710
86,4
86,5
86,6
86,8
86,14
86,17
86,18
86,19
86,34
86,73
86,76
86,77
86,82
86,87
86,88
86,89
86,90
86,92
86,93
86,95
86,99
86,101
86,103
86,112
86,114
86,115
86,117
86,118
86,126
86,127
86,137
86,150
86,154
86,157
86,160
86,162
86,164
86,170
86,176
86,181
86,201
86,243
86,246
86,267
86,268
86,303
86,330
86,333
86,334
86,341
86,355
86,366
86,420
87,2
87,18
87,26
87,28
87,37
87,38
87,86
87,132
87,142
87,172
87,179
87,183
87,270
87,288
87,303
87,321
87,357
87,391
87,469
87,508
87,625
87,1083
87,1084
88,6
88,7
88,27
88,28
88,31
88,34
88,36
88,38
88,40
88,73
88,76
88,77
88,81
88,85
88,86
88,90
88,92
88,93
88,94
88,95
88,97
88,99
88,100
88,102
88,107
88,111
88,115
88,117
88,123
88,126
88,127
88,134
88,137
88,155
88,162
88,246
88,334
88,355
88,366
88,401
88,409
88,507
88,522
88,530
88,621
89,6
89,26
89,34
89,38
89,39
89,44
89,48
89,51
89,66
89,73
89,77
89,85
89,86
89,88
89,90
89,92
89,93
89,94
89,95
89,97
89,98
89,103
89,123
89,125
89,137
89,145
89,150
89,153
89,154
89,157
89,161
89,167
89,170
89,179
89,201
89,209
89,212
89,216
89,222
89,243
89,310
89,317
89,322
89,323
89,334
89,356
89,360
89,653
89,726
89,1131
90,1
90,2
90,5
90,7
90,18
90,30
90,34
90,35
90,38
90,77
90,82
90,85
90,86
90,88
90,91
90,92
90,93
90,94
90,95
90,97
90,98
90,100
90,103
90,109
90,111
90,114
90,127
90,128
90,129
90,135
90,139
90,145
90,146
90,159
90,161
90,175
90,323
90,324
90,507
90,508
90,515
90,670
90,702
90,1058
90,1138
90,1139
90,1140
90,1141
90,1142
90,1143
90,1144
90,1145
90,1146
90,1147
90,1148
90,1149
90,1150
90,1151
90,1152
91,0
91,5
91,8
91,10
91,11
91,16
91,20
91,21
91,22
91,23
91,25
91,38
91,39
91,46
91,59
91,62
91,73
91,77
91,82
91,85
91,88
91,89
91,90
91,92
91,94
91,95
91,97
91,98
91,99
91,101
91,111
91,113
91,118
91,120
91,127
91,131
91,133
91,136
91,137
91,139
91,145
91,146
91,150
91,151
91,154
91,157
91,159
91,160
91,162
91,164
91,170
91,173
91,180
91,182
91,199
91,203
91,209
91,218
91,222
91,226
91,230
91,232
91,233
91,234
91,235
91,245
91,251
91,252
91,256
91,257
91,260
91,265
91,268
91,290
91,303
91,304
91,309
91,312
91,315
91,316
91,317
91,318
91,319
91,323
91,330
91,334
91,335
91,337
91,342
91,353
91,358
91,362
91,365
91,366
91,372
91,382
91,406
91,428
91,436
91,442
91,444
91,448
91,449
91,450
91,458
91,459
91,466
91,476
91,502
91,515
91,604
91,733
91,868
91,1016
91,1045
91,1136
91,1137
91,1153
91,1154
92,5
92,6
92,7
92,10
92,18
92,31
92,79
92,85
92,86
92,93
92,94
92,95
92,97
92,103
92,109
92,111
92,112
92,114
92,115
92,117
92,122
92,123
92,126
92,129
92,137
92,139
92,153
92,154
92,155
92,159
92,160
92,161
92,170
92,172
92,176
92,255
92,313
92,318
92,321
92,368
92,461
92,462
92,514
92,522
93,8
93,18
93,31
93,39
93,44
93,73
93,82
93,85
93,86
93,88
93,89
93,90
93,92
93,94
93,95
93,97
93,100
93,109
93,111
93,112
93,114
93,116
93,118
93,123
93,127
93,131
93,133
93,134
93,161
93,164
93,165
93,178
93,216
93,318
93,341
93,401
93,514
93,530
94,2
94,7
94,8
94,26
94,31
94,34
94,35
94,36
94,42
94,44
94,73
94,78
94,79
94,81
94,85
94,88
94,89
94,90
94,91
94,92
94,93
94,95
94,96
94,98
94,99
94,100
94,109
94,111
94,114
94,126
94,127
94,139
94,146
94,161
94,175
94,216
94,236
94,318
94,323
94,334
94,341
94,356
94,368
94,461
94,473
94,522
94,530
94,1031
94,1155
95,4
95,5
95,6
95,7
95,8
95,14
95,18
95,21
95,27
95,28
95,31
95,32
95,34
95,39
95,44
95,46
95,73
95,76
95,77
95,81
95,82
95,86
95,88
95,89
95,90
95,91
95,92
95,93
95,94
95,97
95,98
95,99
95,100
95,101
95,107
95,108
95,109
95,111
95,112
95,118
95,121
95,126
95,127
95,129
95,137
95,145
95,153
95,160
95,170
95,185
95,216
95,240
95,246
95,266
95,323
95,355
95,390
95,406
95,409
95,461
95,530
95,553
96,6
96,7
96,18
96,31
96,34
96,35
96,36
96,42
96,44
96,85
96,90
96,92
96,94
96,97
96,98
96,100
96,109
96,111
96,121
96,139
96,160
96,162
96,212
96,246
96,324
96,356
96,515
96,823
96,1062
96,1074
96,1151
96,1152
96,1157
96,1158
96,1159
96,1160
96,1161
96,1162
96,1163
96,1164
96,1165
96,1166
96,1167
96,1168
96,1169
96,1170
96,1171
96,1172
96,1173
97,2
97,4
97,5
97,6
97,7
97,14
97,26
97,30
97,32
97,34
97,39
97,43
97,46
97,51
97,66
97,76
97,81
97,82
97,85
97,87
97,88
97,89
97,90
97,91
97,92
97,93
97,95
97,96
97,98
97,100
97,101
97,103
97,109
97,111
97,112
97,114
97,115
97,117
97,118
97,121
97,125
97,126
97,127
97,128
97,129
97,132
97,133
97,134
97,136
97,137
97,139
97,146
97,147
97,151
97,153
97,160
97,161
97,162
97,164
97,167
97,174
97,175
97,176
97,178
97,206
97,209
97,216
97,240
97,246
97,247
97,248
97,256
97,287
97,317
97,318
97,323
97,324
97,327
97,333
97,334
97,338
97,355
97,368
97,385
97,390
97,461
97,462
97,467
97,505
97,517
97,522
97,529
97,624
97,706
97,1174
97,1175
98,0
98,2
98,6
98,7
98,10
98,12
98,14
98,16
98,20
98,23
98,26
98,28
98,29
98,31
98,33
98,34
98,35
98,36
98,37
98,46
98,48
98,52
98,57
98,59
98,62
98,66
98,69
98,72
98,73
98,74
98,77
98,80
98,87
98,88
98,89
98,90
98,91
98,94
98,95
98,96
98,97
98,99
98,100
98,101
98,107
98,108
98,111
98,113
98,117
98,121
98,129
98,132
98,133
98,137
98,152
98,159
98,161
98,162
98,164
98,167
98,168
98,169
98,177
98,178
98,184
98,188
98,193
98,209
98,212
98,218
98,222
98,226
98,228
98,229
98,231
98,232
98,233
98,236
98,238
98,241
98,242
98,248
98,250
98,251
98,253
98,256
98,260
98,270
98,274
98,275
98,277
98,280
98,285
98,287
98,300
98,301
98,302
98,304
98,311
98,312
98,313
98,315
98,317
98,319
98,322
98,323
98,324
98,328
98,329
98,330
98,333
98,334
98,337
98,338
98,339
98,341
98,346
98,350
98,352
98,356
98,361
98,362
98,364
98,367
98,368
98,370
98,380
98,399
98,403
98,404
98,412
98,413
98,414
98,417
98,418
98,419
98,421
98,425
98,436
98,438
98,442
98,446
98,448
98,449
98,458
98,459
98,467
98,470
98,487
98,488
98,490
98,494
98,498
98,501
98,509
98,515
98,518
98,521
98,529
98,540
98,561
98,564
98,593
98,601
98,602
98,604
98,606
98,607
98,609
98,611
98,613
98,617
98,639
98,645
98,657
98,661
98,663
98,676
98,678
98,684
98,720
98,724
98,726
98,727
98,729
98,731
98,746
98,790
98,836
98,840
98,841
98,843
98,846
98,848
98,853
98,854
98,858
98,886
98,891
98,900
98,905
98,907
98,908
98,925
98,981
98,997
98,1031
98,1035
98,1038
98,1040
98,1042
98,1067
98,1079
98,1087
98,1137
98,1154
98,1176
98,1177
98,1178
98,1179
98,1180
98,1181
98,1182
98,1183
98,1184
98,1185
98,1186
98,1187
98,1188
98,1189
98,1190
98,1191
98,1192
98,1193
98,1194
98,1195
98,1196
98,1197
98,1198
98,1199
98,1200
98,1201
99,7
99,18
99,27
99,34
99,44
99,46
99,73
99,77
99,81
99,85
99,86
99,91
99,94
99,95
99,100
99,101
99,107
99,111
99,126
99,146
99,323
99,409
99,518
100,2
100,4
100,7
100,27
100,28
100,34
100,40
100,42
100,44
100,46
100,65
100,73
100,77
100,81
100,83
100,88
100,90
100,93
100,94
100,95
100,96
100,98
100,99
100,101
100,111
100,127
100,133
100,146
100,221
100,409
100,513
100,515
101,0
101,7
101,8
101,9
101,10
101,14
101,19
101,21
101,24
101,42
101,45
101,73
101,81
101,86
101,87
101,88
101,89
101,91
101,92
101,93
101,95
101,99
101,100
101,103
101,109
101,111
101,114
101,115
101,118
101,126
101,136
101,137
101,153
101,154
101,155
101,157
101,162
101,164
101,178
101,180
101,181
101,182
101,183
101,184
101,187
101,198
101,212
101,218
101,222
101,223
101,243
101,245
101,256
101,268
101,270
101,271
101,355
101,369
101,372
101,393
101,454
101,462
101,466
101,508
102,3
102,7
102,21
102,36
102,46
102,48
102,60
102,65
102,67
102,69
102,81
102,82
102,84
102,88
102,91
102,103
102,108
102,116
102,129
102,130
102,138
102,146
102,151
102,160
102,172
102,216
102,221
102,229
102,230
102,251
102,260
102,278
102,323
102,324
102,328
102,342
102,356
102,367
102,368
102,370
102,390
102,394
102,401
102,429
102,437
102,441
102,489
102,510
102,522
102,534
102,542
102,548
102,551
102,555
102,576
102,578
102,580
102,583
102,585
102,586
102,606
102,639
102,648
102,659
102,668
102,698
102,726
102,744
102,753
102,754
102,760
102,763
102,773
102,774
102,779
102,781
102,783
102,785
102,788
102,790
102,802
102,833
102,840
102,855
102,861
102,863
102,870
102,906
102,920
102,926
102,927
102,932
102,934
102,938
102,942
102,948
102,951
102,953
102,962
102,967
102,980
102,999
102,1013
102,1031
102,1048
102,1058
102,1091
102,1094
102,1096
102,1103
102,1104
102,1109
102,1115
102,1117
102,1121
102,1127
102,1131
102,1153
102,1202
102,1203
102,1204
102,1205
102,1206
102,1207
102,1208
102,1209
102,1210
102,1211
102,1212
102,1213
102,1214
102,1215
102,1216
102,1217
102,1218
102,1219
102,1220
102,1221
102,1222
102,1223
102,1224
102,1225
102,1226
102,1227
102,1228
102,1229
102,1230
102,1231
102,1232
102,1233
102,1234
102,1235
102,1236
102,1237
102,1238
103,5
103,6
103,7
103,8
103,14
103,15
103,18
103,20
103,21
103,38
103,42
103,44
103,47
103,72
103,81
103,86
103,89
103,90
103,92
103,95
103,97
103,102
103,107
103,111
103,121
103,122
103,123
103,125
103,126
103,127
103,130
103,147
103,150
103,153
103,154
103,160
103,170
103,176
103,181
103,182
103,243
103,245
103,246
103,254
103,260
103,268
103,303
103,390
103,454
103,519
104,3
104,5
104,6
104,14
104,26
104,30
104,31
104,32
104,34
104,40
104,45
104,46
104,76
104,79
104,81
104,96
104,97
104,101
104,103
104,107
104,112
104,133
104,138
104,139
104,146
104,155
104,170
104,173
104,178
104,183
104,187
104,216
104,259
104,295
104,303
104,313
104,332
104,357
104,358
104,372
104,441
104,469
104,512
104,528
104,628
104,722
104,1083
104,1239
104,1240
105,145
105,187
105,199
105,200
105,211
105,226
105,230
105,342
105,345
105,353
105,415
105,448
105,449
105,607
105,670
105,723
105,799
105,1041
105,1241
106,9
106,27
106,51
106,57
106,64
106,205
106,296
106,373
107,6
107,31
107,38
107,81
107,85
107,99
107,103
107,115
107,121
107,125
107,127
107,137
107,155
107,162
107,176
107,355
107,530
108,8
108,21
108,22
108,38
108,45
108,48
108,51
108,52
108,67
108,75
108,91
108,95
108,102
108,110
108,112
108,118
108,125
108,127
108,137
108,139
108,155
108,157
108,160
108,176
108,182
108,184
108,186
108,187
108,188
108,192
108,193
108,195
108,201
108,205
108,211
108,216
108,220
108,229
108,230
108,231
108,234
108,245
108,252
108,253
108,256
108,272
108,275
108,297
108,298
108,309
108,313
108,319
108,335
108,338
108,339
108,341
108,366
108,373
108,378
108,381
108,382
108,387
108,393
108,404
108,406
108,412
108,415
108,420
108,421
108,423
108,424
108,425
108,427
108,428
108,429
108,432
108,438
108,442
108,444
108,449
108,460
108,479
108,481
108,482
108,501
108,503
108,509
108,535
108,605
108,608
108,610
108,612
108,634
108,636
108,639
108,715
108,840
108,847
108,855
108,871
108,896
108,1070
108,1088
108,1244
108,1245
108,1246
108,1247
108,1248
109,1
109,3
109,6
109,7
109,11
109,14
109,21
109,28
109,61
109,73
109,78
109,85
109,86
109,90
109,92
109,94
109,95
109,96
109,97
109,102
109,104
109,110
109,126
109,127
109,130
109,131
109,134
109,136
109,137
109,139
109,143
109,145
109,146
109,150
109,151
109,155
109,158
109,170
109,171
109,172
109,175
109,188
109,192
109,209
109,211
109,252
109,254
109,272
109,278
109,279
109,289
109,310
109,318
109,323
109,324
109,328
109,333
109,342
109,345
109,368
109,370
109,372
109,384
109,385
109,393
109,394
109,413
109,434
109,437
109,439
109,446
109,452
109,463
109,464
109,466
109,473
109,479
109,482
109,527
109,534
109,538
109,539
109,544
109,547
109,548
109,549
109,559
109,564
109,570
109,573
109,578
109,581
109,585
109,593
109,612
109,620
109,621
109,632
109,639
109,652
109,657
109,660
109,661
109,668
109,669
109,678
109,679
109,683
109,684
109,685
109,698
109,701
109,703
109,716
109,726
109,731
109,745
109,746
109,747
109,749
109,753
109,754
109,755
109,763
109,767
109,774
109,779
109,781
109,783
109,788
109,789
109,790
109,791
109,795
109,805
109,806
109,809
109,817
109,821
109,822
109,823
109,833
109,848
109,863
109,875
109,906
109,917
109,922
109,926
109,927
109,932
109,935
109,939
109,942
109,943
109,945
109,947
109,950
109,953
109,954
109,959
109,960
109,969
109,973
109,974
109,983
109,984
109,998
109,1002
109,1019
109,1027
109,1031
109,1042
109,1047
109,1053
109,1057
109,1058
109,1059
109,1060
109,1061
109,1064
109,1065
109,1066
109,1074
109,1076
109,1080
109,1089
109,1094
109,1097
109,1102
109,1108
109,1109
109,1114
109,1117
109,1121
109,1122
109,1129
109,1139
109,1143
109,1144
109,1145
109,1146
109,1148
109,1151
109,1152
109,1157
109,1161
109,1162
109,1165
109,1168
109,1169
109,1171
109,1172
109,1179
109,1199
109,1203
109,1207
109,1209
109,1211
109,1213
109,1215
109,1224
109,1225
109,1227
109,1228
109,1229
109,1233
109,1234
109,1249
109,1250
109,1251
109,1252
109,1253
109,1254
109,1255
109,1256
109,1257
109,1258
109,1259
109,1260
109,1261
109,1262
109,1263
109,1264
109,1265
109,1266
109,1267
109,1268
109,1269
109,1270
109,1271
109,1272
109,1273
109,1274
109,1275
109,1276
109,1277
109,1278
109,1279
109,1280
109,1281
109,1282
109,1283
109,1284
109,1285
109,1286
109,1287
109,1288
109,1289
109,1290
109,1291
109,1292
109,1293
109,1294
109,1295
109,1296
109,1297
109,1298
109,1299
109,1300
109,1301
109,1302
109,1303
109,1304
109,1305
109,1306
109,1307
109,1308
109,1309
109,1310
109,1311
109,1312
109,1313
109,1314
109,1315
109,1316
109,1317
109,1318
109,1319
109,1320
109,1321
109,1322
109,1323
109,1324
109,1325
109,1326
109,1327
109,1328
109,1329
109,1330
109,1331
109,1332
109,1333
109,1334
109,1335
109,1336
109,1337
109,1338
109,1339
109,1340
109,1341
109,1342
109,1343
109,1344
109,1345
109,1346
109,1347
109,1348
109,1349
109,1350
109,1351
109,1352
109,1353
109,1354
109,1355
109,1356
109,1357
109,1358
109,1359
109,1360
109,1361
109,1362
109,1363
109,1364
109,1365
109,1366
109,1367
109,1368
109,1369
109,1370
109,1371
109,1372
109,1373
109,1374
109,1375
109,1376
109,1377
109,1378
109,1379
109,1380
109,1381
109,1382
109,1383
109,1384
109,1385
109,1386
109,1387
109,1388
109,1389
109,1390
109,1391
109,1392
109,1393
109,1394
109,1395
109,1396
109,1397
109,1398
109,1399
109,1400
109,1401
109,1402
109,1403
109,1404
109,1405
109,1406
109,1407
109,1408
109,1409
109,1410
109,1411
109,1412
109,1413
109,1414
109,1415
109,1416
109,1417
109,1418
109,1419
109,1420
109,1421
109,1422
109,1423
109,1424
109,1425
109,1426
109,1427
109,1428
109,1429
109,1430
109,1431
109,1432
109,1433
109,1434
109,1435
109,1436
109,1437
109,1438
109,1439
109,1440
109,1441
109,1442
109,1443
109,1444
109,1445
109,1446
109,1447
109,1448
109,1449
109,1450
109,1451
109,1452
109,1453
109,1454
109,1455
109,1456
109,1457
109,1458
109,1459
109,1460
109,1461
109,1462
109,1463
109,1464
109,1465
109,1466
109,1467
109,1468
109,1469
109,1470
109,1471
109,1472
109,1473
109,1474
109,1475
109,1476
109,1477
109,1478
109,1479
109,1480
109,1481
109,1482
110,21
110,27
110,37
110,39
110,47
110,62
110,85
110,108
110,109
110,133
110,139
110,152
110,155
110,159
110,160
110,161
110,183
110,188
110,192
110,200
110,211
110,223
110,228
110,229
110,230
110,231
110,237
110,242
110,252
110,283
110,313
110,339
110,340
110,343
110,349
110,351
110,352
110,367
110,383
110,404
110,412
110,418
110,428
110,497
110,501
110,560
110,605
110,610
110,628
110,672
110,733
110,742
110,836
110,845
110,1108
110,1194
110,1485
110,1486
110,1487
110,1488
110,1489
110,1490
110,1491
111,7
111,18
111,28
111,38
111,44
111,46
111,65
111,76
111,77
111,80
111,81
111,82
111,88
111,90
111,91
111,92
111,93
111,94
111,95
111,97
111,98
111,99
111,100
111,101
111,115
111,125
111,127
111,131
111,137
111,155
111,160
111,162
111,164
111,170
111,246
111,334
112,1
112,5
112,6
112,7
112,8
112,9
112,11
112,16
112,19
112,20
112,22
112,35
112,38
112,40
112,45
112,72
112,73
112,77
112,79
112,81
112,86
112,89
112,92
112,99
112,101
112,103
112,104
112,111
112,131
112,134
112,139
112,145
112,154
112,155
112,156
112,160
112,162
112,169
112,170
112,173
112,176
112,178
112,179
112,181
112,182
112,183
112,184
112,199
112,203
112,216
112,217
112,222
112,246
112,252
112,254
112,256
112,267
112,271
112,272
112,288
112,309
112,312
112,313
112,315
112,316
112,318
112,326
112,336
112,355
112,365
112,366
112,367
112,398
112,477
112,519
112,522
112,619
112,725
112,835
113,4
113,9
113,11
113,14
113,18
113,21
113,38
113,43
113,66
113,72
113,74
113,76
113,82
113,84
113,91
113,127
113,146
113,150
113,154
113,159
113,162
113,171
113,173
113,175
113,181
113,182
113,184
113,203
113,212
113,219
113,248
113,252
113,254
113,256
113,257
113,287
113,308
113,323
113,324
113,334
113,360
113,366
113,437
113,466
113,489
113,516
113,522
113,529
113,548
113,703
113,744
113,774
113,805
113,834
113,954
113,969
113,1023
113,1094
113,1116
113,1123
113,1129
113,1143
113,1209
113,1215
113,1227
113,1274
113,1316
113,1326
113,1341
113,1348
113,1349
113,1350
113,1360
113,1408
113,1415
113,1494
113,1495
113,1496
113,1497
113,1498
113,1499
113,1500
113,1501
113,1502
113,1503
113,1504
113,1505
113,1506
113,1507
113,1508
113,1509
113,1510
113,1511
113,1512
114,4
114,44
114,86
114,90
114,92
114,93
114,94
114,97
114,101
114,107
114,118
114,131
114,155
114,164
114,241
114,254
114,334
114,521
115,4
115,5
115,42
115,46
115,81
115,86
115,95
115,107
115,111
115,112
115,134
115,220
115,355
115,386
115,1513
116,5
116,8
116,26
116,81
116,93
116,115
116,117
116,118
116,123
116,133
116,155
116,355
117,4
117,6
117,42
117,81
117,85
117,86
117,88
117,93
117,95
117,97
117,101
117,112
117,116
117,118
117,124
117,137
117,139
117,142
117,149
117,156
117,165
117,325
117,357
117,368
117,707
118,17
118,86
118,101
118,114
118,156
118,268
118,706
119,169
119,272
119,276
119,281
119,282
119,322
119,376
119,391
119,509
119,602
119,608
119,610
119,715
119,848
119,1514
120,4
120,9
120,10
120,11
120,12
120,13
120,14
120,21
120,26
120,32
120,38
120,39
120,48
120,51
120,59
120,61
120,62
120,65
120,66
120,77
120,91
120,133
120,137
120,140
120,142
120,146
120,149
120,150
120,154
120,157
120,158
120,159
120,164
120,165
120,169
120,170
120,172
120,173
120,175
120,177
120,181
120,185
120,188
120,192
120,193
120,203
120,216
120,229
120,230
120,241
120,245
120,251
120,252
120,256
120,270
120,275
120,283
120,286
120,303
120,309
120,317
120,318
120,321
120,322
120,324
120,332
120,333
120,343
120,347
120,360
120,361
120,364
120,367
120,370
120,372
120,404
120,409
120,413
120,414
120,418
120,431
120,432
120,437
120,446
120,449
120,470
120,485
120,489
120,499
120,507
120,510
120,522
120,539
120,541
120,543
120,545
120,546
120,551
120,554
120,556
120,561
120,566
120,585
120,596
120,606
120,607
120,608
120,610
120,620
120,621
120,630
120,634
120,639
120,647
120,657
120,660
120,663
120,669
120,676
120,680
120,688
120,698
120,701
120,710
120,720
120,723
120,726
120,731
120,744
120,746
120,747
120,748
120,755
120,758
120,781
120,782
120,807
120,830
120,838
120,844
120,846
120,847
120,848
120,856
120,880
120,887
120,909
120,917
120,918
120,925
120,948
120,956
120,960
120,980
120,983
120,985
120,990
120,994
120,999
120,1003
120,1018
120,1041
120,1072
120,1094
120,1199
120,1254
120,1256
120,1488
120,1515
120,1516
120,1517
120,1518
120,1519
120,1520
120,1521
120,1522
120,1523
120,1524
120,1525
120,1526
120,1527
120,1528
120,1529
120,1530
120,1531
121,103
122,5
122,31
122,65
122,73
122,76
122,103
122,355
122,530
123,14
123,28
123,44
123,89
123,92
123,93
123,103
123,116
123,139
123,150
123,154
123,161
123,165
123,176
123,181
123,185
123,246
123,519
124,5
124,89
124,117
125,6
125,38
125,95
125,103
125,107
125,111
125,112
125,126
125,127
125,139
125,215
126,38
126,42
126,46
126,81
126,86
126,94
126,95
126,99
126,127
126,134
126,161
126,170
126,517
127,7
127,18
127,27
127,34
127,38
127,42
127,81
127,82
127,86
127,88
127,90
127,93
127,94
127,95
127,97
127,100
127,101
127,103
127,107
127,109
127,113
127,121
127,125
127,126
127,129
127,134
127,160
127,166
127,170
127,175
127,178
127,246
127,287
127,313
127,323
127,334
127,355
127,366
127,467
127,469
127,517
127,527
127,1156
128,7
128,107
128,155
128,530
129,6
129,14
129,31
129,32
129,34
129,40
129,44
129,46
129,74
129,76
129,77
129,84
129,85
129,90
129,92
129,95
129,98
129,102
129,121
129,130
129,145
129,214
129,246
129,287
129,323
129,334
129,469
129,473
130,6
130,7
130,14
130,42
130,44
130,45
130,52
130,56
130,58
130,61
130,89
130,103
130,109
130,126
130,127
130,129
130,139
130,160
130,202
130,209
130,210
130,211
130,227
130,252
130,264
130,269
130,327
130,441
130,442
130,447
130,530
130,533
130,807
130,1095
130,1533
130,1534
131,26
131,44
131,46
131,66
131,93
131,101
131,109
131,112
131,114
131,126
131,127
131,133
131,155
131,240
131,334
131,341
131,351
131,355
132,38
132,74
132,101
132,112
132,153
132,303
132,508
133,5
133,6
133,7
133,10
133,11
133,14
133,16
133,18
133,21
133,25
133,31
133,32
133,33
133,36
133,42
133,43
133,45
133,48
133,49
133,52
133,54
133,57
133,63
133,66
133,67
133,68
133,72
133,73
133,77
133,84
133,88
133,89
133,91
133,93
133,95
133,97
133,98
133,99
133,100
133,101
133,103
133,104
133,108
133,109
133,110
133,111
133,115
133,117
133,118
133,121
133,137
133,140
133,150
133,154
133,155
133,157
133,159
133,160
133,162
133,180
133,182
133,184
133,185
133,186
133,189
133,190
133,191
133,192
133,198
133,205
133,209
133,210
133,211
133,212
133,214
133,216
133,218
133,225
133,228
133,229
133,230
133,231
133,232
133,233
133,236
133,242
133,250
133,251
133,252
133,253
133,257
133,258
133,263
133,270
133,275
133,286
133,287
133,290
133,298
133,303
133,305
133,311
133,318
133,319
133,320
133,324
133,327
133,328
133,333
133,335
133,341
133,342
133,349
133,355
133,364
133,368
133,372
133,384
133,390
133,391
133,405
133,406
133,407
133,408
133,409
133,410
133,414
133,418
133,420
133,423
133,424
133,425
133,436
133,446
133,448
133,449
133,451
133,458
133,459
133,461
133,463
133,467
133,470
133,472
133,491
133,498
133,499
133,518
133,519
133,522
133,542
133,543
133,548
133,550
133,551
133,552
133,561
133,564
133,568
133,573
133,576
133,581
133,585
133,586
133,612
133,620
133,621
133,629
133,634
133,636
133,639
133,641
133,650
133,652
133,653
133,655
133,657
133,669
133,674
133,675
133,676
133,678
133,684
133,686
133,696
133,701
133,708
133,720
133,725
133,728
133,731
133,735
133,742
133,774
133,781
133,782
133,786
133,790
133,803
133,822
133,833
133,880
133,893
133,901
133,905
133,921
133,925
133,927
133,942
133,953
133,960
133,967
133,968
133,969
133,972
133,974
133,980
133,983
133,986
133,999
133,1004
133,1014
133,1015
133,1038
133,1055
133,1056
133,1060
133,1066
133,1076
133,1077
133,1080
133,1088
133,1096
133,1099
133,1100
133,1104
133,1116
133,1121
133,1178
133,1179
133,1188
133,1190
133,1191
133,1196
133,1211
133,1215
133,1216
133,1221
133,1227
133,1229
133,1230
133,1236
133,1249
133,1267
133,1272
133,1274
133,1293
133,1298
133,1299
133,1300
133,1305
133,1313
133,1314
133,1316
133,1320
133,1327
133,1333
133,1372
133,1492
133,1517
133,1535
133,1536
133,1537
133,1538
133,1539
133,1540
133,1541
133,1542
133,1543
133,1544
133,1545
133,1546
133,1547
133,1548
133,1549
133,1550
133,1551
133,1552
133,1553
133,1554
133,1555
133,1556
133,1557
133,1558
133,1559
133,1560
133,1561
133,1562
133,1563
133,1564
133,1565
133,1566
133,1567
133,1568
133,1569
133,1570
133,1571
133,1572
133,1573
134,44
134,73
134,82
134,93
134,99
134,112
134,115
134,126
134,127
134,137
134,146
134,409
135,90
135,515
136,5
136,7
136,11
136,34
136,36
136,38
136,46
136,89
136,91
136,92
136,102
136,109
136,113
136,139
136,150
136,151
136,160
136,161
136,171
136,172
136,180
136,216
136,230
136,251
136,258
136,270
136,278
136,299
136,320
136,324
136,335
136,362
136,363
136,370
136,390
136,391
136,396
136,452
136,464
136,494
136,547
136,578
136,581
136,586
136,589
136,593
136,612
136,618
136,639
136,652
136,653
136,655
136,683
136,698
136,699
136,726
136,736
136,781
136,790
136,802
136,809
136,817
136,840
136,863
136,904
136,916
136,926
136,940
136,941
136,950
136,959
136,972
136,1031
136,1058
136,1062
136,1065
136,1075
136,1076
136,1080
136,1095
136,1097
136,1102
136,1109
136,1130
136,1139
136,1143
136,1153
136,1213
136,1215
136,1222
136,1223
136,1226
136,1227
136,1228
136,1229
136,1230
136,1233
136,1288
136,1298
136,1307
136,1314
136,1319
136,1326
136,1332
136,1333
136,1336
136,1339
136,1341
136,1345
136,1353
136,1365
136,1367
136,1390
136,1402
136,1415
136,1434
136,1439
136,1568
136,1571
136,1574
136,1575
136,1576
136,1577
136,1578
136,1579
136,1580
136,1581
136,1582
136,1583
136,1584
136,1585
136,1586
136,1587
136,1588
136,1589
136,1590
136,1591
136,1592
136,1593
136,1594
136,1595
136,1596
136,1597
136,1598
136,1599
136,1600
136,1601
136,1602
136,1603
136,1604
137,1
137,3
137,5
137,6
137,7
137,8
137,19
137,20
137,21
137,25
137,27
137,28
137,31
137,44
137,46
137,48
137,51
137,52
137,57
137,62
137,63
137,67
137,73
137,76
137,77
137,85
137,86
137,89
137,91
137,95
137,97
137,98
137,99
137,100
137,101
137,103
137,107
137,108
137,109
137,111
137,112
137,113
137,114
137,117
137,120
137,121
137,125
137,126
137,133
137,140
137,142
137,146
137,150
137,151
137,154
137,155
137,157
137,160
137,162
137,165
137,170
137,172
137,173
137,176
137,177
137,180
137,182
137,184
137,185
137,186
137,189
137,192
137,209
137,211
137,215
137,216
137,218
137,219
137,221
137,222
137,223
137,224
137,229
137,230
137,231
137,232
137,233
137,245
137,246
137,251
137,252
137,254
137,256
137,265
137,267
137,270
137,287
137,290
137,298
137,303
137,305
137,309
137,316
137,319
137,322
137,323
137,330
137,333
137,342
137,355
137,357
137,358
137,360
137,367
137,370
137,390
137,406
137,428
137,436
137,444
137,448
137,449
137,502
137,522
137,529
137,530
137,557
137,593
137,628
137,629
137,728
137,729
137,836
137,862
137,1072
137,1108
137,1154
137,1249
137,1250
137,1605
137,1606
137,1607
138,2
138,137
139,3
139,5
139,7
139,14
139,15
139,18
139,27
139,28
139,30
139,31
139,32
139,34
139,35
139,36
139,38
139,43
139,46
139,48
139,65
139,74
139,78
139,79
139,84
139,88
139,90
139,91
139,92
139,93
139,94
139,96
139,97
139,100
139,101
139,102
139,108
139,109
139,110
139,112
139,122
139,123
139,125
139,126
139,128
139,130
139,131
139,137
139,145
139,147
139,154
139,160
139,164
139,170
139,174
139,175
139,209
139,212
139,215
139,216
139,219
139,221
139,222
139,252
139,255
139,287
139,317
139,318
139,322
139,323
139,324
139,325
139,329
139,334
139,338
139,351
139,356
139,368
139,385
139,409
139,505
139,507
139,508
139,512
139,521
139,522
139,529
139,530
139,555
139,561
139,621
139,807
139,1031
139,1131
139,1132
139,1156
139,1382
140,10
140,16
140,32
140,120
140,157
140,179
140,342
140,738
140,1608
141,7
141,18
141,26
141,31
141,38
141,46
141,92
141,93
141,109
141,111
141,115
141,122
141,125
141,126
141,128
141,137
141,256
142,21
142,66
142,87
142,104
142,120
142,121
142,150
142,244
142,329
142,531
143,27
143,232
143,274
143,282
143,328
143,385
143,404
143,414
143,488
143,496
143,497
143,522
143,538
143,608
143,610
143,654
143,666
143,678
143,679
143,680
143,737
143,790
143,850
143,908
143,1001
143,1015
143,1599
144,318
145,1
145,7
145,22
145,26
145,36
145,39
145,46
145,48
145,62
145,72
145,82
145,85
145,86
145,90
145,91
145,92
145,95
145,97
145,98
145,100
145,102
145,105
145,108
145,112
145,120
145,137
145,139
145,146
145,154
145,157
145,159
145,161
145,162
145,170
145,175
145,180
145,182
145,194
145,210
145,216
145,218
145,236
145,252
145,254
145,290
145,304
145,311
145,315
145,319
145,327
145,329
145,356
145,362
145,368
145,370
145,406
145,408
145,424
145,432
145,449
145,474
145,505
145,508
145,529
145,531
145,538
145,555
145,578
145,583
145,612
145,647
145,650
145,683
145,703
145,726
145,727
145,781
145,787
145,853
145,868
145,880
145,904
145,908
145,916
145,954
145,980
145,1101
145,1130
145,1138
145,1153
145,1496
145,1609
145,1610
146,6
146,8
146,10
146,21
146,25
146,36
146,65
146,78
146,82
146,84
146,89
146,90
146,91
146,99
146,100
146,102
146,107
146,111
146,113
146,120
146,127
146,128
146,133
146,136
146,139
146,143
146,150
146,157
146,158
146,159
146,170
146,175
146,176
146,229
146,232
146,251
146,256
146,275
146,298
146,313
146,323
146,324
146,328
146,333
146,334
146,341
146,345
146,364
146,368
146,370
146,385
146,390
146,409
146,424
146,425
146,432
146,437
146,463
146,464
146,506
146,516
146,538
146,543
146,544
146,547
146,548
146,551
146,552
146,562
146,570
146,572
146,573
146,579
146,583
146,585
146,612
146,620
146,621
146,636
146,639
146,647
146,652
146,653
146,657
146,660
146,666
146,669
146,680
146,683
146,692
146,698
146,716
146,726
146,731
146,735
146,744
146,771
146,776
146,778
146,781
146,785
146,787
146,788
146,790
146,809
146,811
146,818
146,822
146,833
146,840
146,870
146,916
146,920
146,926
146,928
146,941
146,948
146,950
146,953
146,954
146,959
146,960
146,961
146,969
146,972
146,980
146,999
146,1031
146,1057
146,1058
146,1091
146,1094
146,1096
146,1101
146,1102
146,1109
146,1116
146,1117
146,1123
146,1131
146,1143
146,1148
146,1153
146,1195
146,1206
146,1228
146,1230
146,1232
146,1234
146,1236
146,1255
146,1269
146,1274
146,1292
146,1294
146,1302
146,1310
146,1318
146,1332
146,1333
146,1335
146,1341
146,1345
146,1346
146,1352
146,1353
146,1367
146,1382
146,1519
146,1520
146,1542
146,1545
146,1555
146,1562
146,1571
146,1590
146,1611
146,1612
146,1613
146,1614
146,1615
146,1616
146,1617
146,1618
146,1619
146,1620
146,1621
146,1622
146,1623
146,1624
146,1625
147,44
147,48
147,97
147,103
147,122
147,341
147,514
147,531
147,620
148,10
149,10
149,14
149,117
149,120
149,150
149,169
149,178
149,181
149,248
149,256
149,269
149,287
149,317
149,329
149,391
150,10
150,14
150,66
150,89
150,149
150,176
150,178
150,179
150,181
150,244
150,269
150,310
150,313
150,332
151,0
151,8
151,9
151,12
151,27
151,36
151,38
151,39
151,91
151,97
151,102
151,136
151,142
151,150
151,157
151,171
151,201
151,220
151,252
151,253
151,257
151,260
151,290
151,324
151,328
151,335
151,356
151,360
151,394
151,434
151,439
151,482
151,490
151,534
151,541
151,564
151,565
151,570
151,576
151,584
151,671
151,683
151,703
151,733
151,763
151,771
151,779
151,780
151,781
151,800
151,802
151,808
151,809
151,810
151,818
151,876
151,927
151,940
151,960
151,962
151,967
151,972
151,999
151,1058
151,1059
151,1061
151,1103
151,1127
151,1141
151,1145
151,1207
151,1209
151,1211
151,1212
151,1213
151,1222
151,1223
151,1226
151,1227
151,1228
151,1232
151,1254
151,1255
151,1268
151,1275
151,1295
151,1311
151,1317
151,1318
151,1319
151,1326
151,1329
151,1332
151,1333
151,1335
151,1338
151,1339
151,1340
151,1353
151,1358
151,1369
151,1496
151,1581
151,1596
151,1610
151,1624
151,1627
151,1628
151,1629
151,1630
151,1631
151,1632
151,1633
151,1634
151,1635
151,1636
151,1637
151,1638
151,1639
151,1640
151,1641
151,1642
152,54
152,68
152,110
152,158
152,219
152,242
152,268
152,288
152,300
152,318
152,338
152,367
152,375
152,381
152,414
152,420
152,429
152,439
152,463
152,478
152,505
152,606
152,611
152,634
152,636
152,645
152,720
152,743
152,774
152,789
152,798
152,807
152,880
152,925
152,1035
152,1096
152,1194
152,1247
152,1277
152,1292
152,1643
152,1644
152,1645
152,1646
152,1647
153,5
153,7
153,8
153,26
153,51
153,86
153,89
153,95
153,103
153,104
153,108
153,111
153,126
153,130
153,132
153,133
153,154
153,164
153,170
153,223
153,296
153,303
153,533
154,6
154,7
154,8
154,11
154,14
154,16
154,18
154,20
154,34
154,36
154,40
154,42
154,66
154,73
154,86
154,89
154,92
154,93
154,101
154,103
154,112
154,113
154,120
154,123
154,139
154,150
154,153
154,155
154,157
154,164
154,167
154,170
154,172
154,176
154,178
154,181
154,182
154,240
154,245
154,266
154,287
154,303
154,312
154,313
154,319
154,360
154,366
154,409
154,437
155,6
155,18
155,20
155,43
155,44
155,107
155,109
155,110
155,111
155,116
155,118
155,126
155,128
155,137
155,157
155,160
155,269
155,312
155,369
155,519
156,118
156,183
156,201
156,223
156,255
156,290
156,372
156,410
156,459
156,466
156,475
156,1175
157,2
157,12
157,14
157,40
157,79
157,83
157,111
157,120
157,150
157,151
157,154
157,155
157,170
157,179
157,181
157,221
157,257
157,266
157,269
157,308
157,310
157,313
157,329
157,340
157,356
157,361
157,409
158,33
158,59
158,61
158,62
158,67
158,152
158,186
158,211
158,220
158,230
158,231
158,232
158,233
158,241
158,242
158,285
158,286
158,297
158,300
158,322
158,338
158,343
158,364
158,367
158,370
158,396
158,413
158,424
158,428
158,432
158,446
158,463
158,470
158,522
158,540
158,541
158,546
158,551
158,561
158,585
158,593
158,598
158,606
158,617
158,628
158,636
158,647
158,650
158,660
158,661
158,731
158,742
158,758
158,799
158,807
158,830
158,837
158,846
158,849
158,855
158,861
158,894
158,907
158,916
158,920
158,923
158,983
158,1003
158,1038
158,1137
158,1195
158,1254
158,1607
158,1644
158,1648
158,1649
158,1650
158,1651
158,1652
159,6
159,14
159,16
159,21
159,34
159,38
159,39
159,46
159,48
159,62
159,68
159,78
159,88
159,90
159,91
159,92
159,98
159,107
159,110
159,113
159,115
159,117
159,120
159,125
159,129
159,132
159,133
159,146
159,149
159,155
159,160
159,161
159,162
159,164
159,174
159,175
159,178
159,188
159,193
159,203
159,209
159,211
159,214
159,219
159,222
159,228
159,231
159,232
159,245
159,248
159,253
159,255
159,260
159,274
159,275
159,277
159,281
159,287
159,303
159,309
159,311
159,312
159,315
159,317
159,322
159,323
159,329
159,334
159,338
159,351
159,356
159,358
159,361
159,367
159,399
159,402
159,404
159,409
159,412
159,427
159,456
159,470
159,473
159,481
159,482
159,485
159,489
159,490
159,508
159,517
159,520
159,527
159,561
159,593
159,602
159,606
159,609
159,615
159,617
159,633
159,639
159,640
159,641
159,642
159,645
159,649
159,657
159,661
159,676
159,728
159,729
159,743
159,826
159,841
159,847
159,848
159,849
159,852
159,853
159,891
159,914
159,1031
159,1045
159,1047
159,1108
159,1156
159,1176
159,1179
159,1184
159,1188
159,1190
159,1192
159,1240
159,1247
159,1254
159,1491
159,1654
159,1655
159,1656
159,1657
159,1658
159,1659
160,3
160,6
160,7
160,18
160,21
160,28
160,33
160,35
160,42
160,45
160,46
160,47
160,48
160,51
160,52
160,57
160,60
160,66
160,67
160,69
160,72
160,73
160,77
160,79
160,86
160,91
160,92
160,95
160,96
160,97
160,98
160,100
160,101
160,103
160,104
160,108
160,109
160,111
160,112
160,127
160,130
160,137
160,146
160,155
160,170
160,173
160,185
160,187
160,188
160,189
160,198
160,200
160,201
160,203
160,205
160,206
160,208
160,209
160,210
160,211
160,213
160,218
160,220
160,221
160,222
160,224
160,225
160,226
160,232
160,234
160,245
160,246
160,252
160,260
160,265
160,275
160,287
160,296
160,297
160,298
160,300
160,304
160,308
160,316
160,317
160,333
160,361
160,363
160,366
160,370
160,397
160,407
160,411
160,412
160,440
160,442
160,444
160,447
160,461
160,522
160,554
160,592
160,610
160,614
160,628
160,642
160,729
160,838
160,847
160,858
160,863
160,914
160,1137
160,1241
160,1660
161,5
161,6
161,7
161,10
161,11
161,17
161,20
161,21
161,22
161,36
161,39
161,40
161,42
161,46
161,47
161,48
161,55
161,62
161,68
161,85
161,89
161,90
161,91
161,92
161,93
161,94
161,97
161,98
161,102
161,109
161,110
161,123
161,126
161,129
161,136
161,143
161,145
161,153
161,159
161,162
161,168
161,172
161,173
161,175
161,177
161,179
161,209
161,212
161,216
161,221
161,225
161,227
161,229
161,230
161,232
161,236
161,238
161,252
161,253
161,260
161,264
161,272
161,274
161,275
161,287
161,303
161,309
161,311
161,315
161,317
161,328
161,333
161,338
161,342
161,348
161,349
161,350
161,352
161,356
161,359
161,360
161,361
161,362
161,368
161,370
161,380
161,381
161,382
161,391
161,397
161,400
161,404
161,412
161,415
161,418
161,419
161,421
161,424
161,425
161,429
161,442
161,443
161,444
161,448
161,464
161,470
161,491
161,496
161,498
161,499
161,501
161,502
161,504
161,508
161,529
161,535
161,538
161,592
161,593
161,597
161,598
161,602
161,628
161,640
161,653
161,712
161,727
161,790
161,826
161,836
161,838
161,840
161,843
161,847
161,859
161,886
161,895
161,901
161,904
161,916
161,1031
161,1045
161,1067
161,1154
161,1180
161,1183
161,1184
161,1661
161,1662
161,1663
161,1664
161,1665
161,1666
161,1667
162,14
162,16
162,18
162,19
162,21
162,34
162,35
162,39
162,51
162,68
162,82
162,85
162,86
162,88
162,91
162,95
162,98
162,101
162,111
162,112
162,113
162,127
162,132
162,133
162,137
162,145
162,150
162,152
162,159
162,161
162,164
162,175
162,178
162,182
162,184
162,187
162,201
162,203
162,212
162,222
162,237
162,245
162,248
162,256
162,260
162,287
162,288
162,303
162,304
162,309
162,311
162,317
162,318
162,322
162,323
162,329
162,332
162,334
162,356
162,358
162,362
162,367
162,368
162,391
162,408
162,436
162,514
162,555
162,1153
162,1156
163,2
164,5
164,6
164,26
164,52
164,82
164,86
164,89
164,90
164,93
164,97
164,101
164,103
164,111
164,114
164,117
164,120
164,131
164,139
164,153
164,162
164,166
164,175
164,176
164,200
164,240
164,241
164,247
164,290
164,310
164,313
164,329
164,335
164,341
164,353
164,461
164,462
164,467
164,522
165,42
165,44
165,120
165,193
165,318
166,127
166,329
167,154
167,201
167,248
167,256
167,270
167,360
168,161
168,263
168,264
168,348
168,349
168,397
168,498
168,593
168,594
168,609
168,640
168,721
168,757
168,859
168,1492
168,1663
169,18
169,32
169,44
169,120
169,149
169,181
170,5
170,7
170,8
170,14
170,17
170,18
170,32
170,38
170,40
170,66
170,81
170,86
170,89
170,92
170,103
170,109
170,111
170,112
170,114
170,119
170,120
170,125
170,126
170,127
170,139
170,146
170,149
170,150
170,151
170,153
170,154
170,156
170,157
170,167
170,169
170,177
170,181
170,183
170,185
170,201
170,210
170,243
170,246
170,248
170,254
170,257
170,266
170,269
170,270
170,303
170,307
170,313
170,320
170,321
170,332
170,333
170,360
170,460
170,464
170,469
170,530
170,619
170,1605
171,10
171,150
171,151
171,170
171,324
171,338
171,364
171,394
171,415
171,588
171,593
171,639
171,655
171,656
171,699
171,800
171,817
171,822
171,942
171,971
171,972
171,973
171,1010
171,1057
171,1079
171,1080
171,1130
171,1215
171,1223
171,1227
171,1228
171,1233
171,1278
171,1293
171,1306
171,1319
171,1324
171,1331
171,1333
171,1338
171,1339
171,1349
171,1353
171,1415
171,1483
171,1501
171,1625
171,1669
171,1670
171,1671
171,1672
171,1673
171,1674
172,20
172,26
172,40
172,87
172,120
172,154
172,182
172,211
172,269
172,315
172,437
172,442
172,463
172,464
172,516
172,531
172,582
172,971
172,1047
172,1064
172,1074
172,1110
172,1143
172,1146
172,1157
172,1165
172,1273
172,1274
172,1357
172,1360
172,1365
172,1374
172,1375
172,1378
172,1385
172,1388
172,1404
172,1406
172,1408
172,1415
172,1477
172,1506
172,1508
172,1511
172,1556
172,1675
172,1676
172,1677
172,1678
172,1679
172,1680
172,1681
172,1682
172,1683
172,1684
172,1685
173,104
174,6
174,7
174,9
174,38
174,74
174,93
174,97
174,99
174,103
174,125
174,139
174,159
174,308
174,355
175,2
175,5
175,6
175,7
175,11
175,15
175,16
175,23
175,25
175,45
175,46
175,47
175,50
175,62
175,66
175,67
175,69
175,74
175,78
175,90
175,91
175,94
175,97
175,109
175,113
175,120
175,127
175,128
175,130
175,133
175,137
175,138
175,139
175,146
175,150
175,153
175,159
175,161
175,162
175,172
175,182
175,184
175,212
175,218
175,230
175,252
175,255
175,256
175,267
175,270
175,272
175,287
175,304
175,306
175,309
175,316
175,318
175,323
175,324
175,327
175,328
175,329
175,334
175,356
175,358
175,368
175,372
175,384
175,388
175,391
175,396
175,402
175,437
175,452
175,464
175,472
175,502
175,505
175,519
175,521
175,529
175,554
175,573
175,579
175,588
175,612
175,621
175,628
175,638
175,639
175,653
175,668
175,703
175,717
175,779
175,783
175,790
175,891
175,906
175,918
175,926
175,927
175,948
175,950
175,956
175,959
175,960
175,962
175,968
175,972
175,973
175,1049
175,1058
175,1062
175,1074
175,1079
175,1080
175,1102
175,1109
175,1114
175,1117
175,1139
175,1166
175,1179
175,1191
175,1206
175,1222
175,1227
175,1229
175,1231
175,1265
175,1273
175,1275
175,1276
175,1282
175,1286
175,1293
175,1294
175,1296
175,1300
175,1308
175,1313
175,1321
175,1326
175,1332
175,1346
175,1355
175,1382
175,1406
175,1531
175,1545
175,1567
175,1568
175,1580
175,1587
175,1591
175,1592
175,1593
175,1596
175,1600
175,1603
175,1617
175,1633
175,1636
175,1637
175,1687
175,1688
175,1689
175,1690
175,1691
175,1692
175,1693
175,1694
175,1695
175,1696
175,1697
175,1698
175,1699
175,1700
175,1701
175,1702
175,1703
175,1704
175,1705
175,1706
175,1707
175,1708
175,1709
175,1710
175,1711
176,28
176,31
176,44
176,66
176,86
176,182
176,183
176,206
176,244
176,303
176,305
176,310
176,312
176,329
176,390
176,451
176,622
177,48
177,65
177,67
177,70
177,72
177,192
177,202
177,203
177,205
177,218
177,230
177,242
177,289
177,292
177,296
177,313
177,319
177,342
177,359
177,370
177,409
177,412
177,424
177,428
177,518
177,522
177,556
177,606
177,607
177,612
177,642
177,647
177,661
177,663
177,848
177,849
177,868
177,922
177,925
177,994
177,999
177,1195
177,1521
177,1656
177,1712
177,1713
178,6
178,14
178,20
178,21
178,26
178,28
178,36
178,38
178,40
178,45
178,67
178,88
178,93
178,95
178,97
178,98
178,104
178,112
178,127
178,149
178,150
178,154
178,162
178,181
178,182
178,183
178,212
178,248
178,255
178,256
178,271
178,272
178,303
178,320
178,321
178,327
178,366
178,384
178,391
179,14
179,18
179,20
179,43
179,87
179,89
179,112
179,140
179,150
179,157
179,161
179,181
179,182
179,244
179,306
179,329
179,335
180,66
180,245
181,6
181,8
181,10
181,11
181,14
181,16
181,17
181,18
181,20
181,21
181,26
181,27
181,32
181,38
181,42
181,43
181,44
181,46
181,51
181,62
181,66
181,80
181,89
181,97
181,101
181,103
181,113
181,118
181,120
181,123
181,140
181,142
181,149
181,150
181,152
181,154
181,157
181,169
181,170
181,173
181,178
181,179
181,180
181,182
181,183
181,185
181,201
181,209
181,222
181,240
181,243
181,248
181,256
181,265
181,270
181,290
181,303
181,317
181,323
181,327
181,328
181,330
181,332
181,345
181,360
181,385
181,395
181,400
181,460
181,461
181,467
181,519
181,531
181,623
181,719
181,826
182,16
182,19
182,45
182,154
182,155
182,162
182,166
182,176
182,178
182,179
182,180
182,181
182,183
182,243
182,245
182,255
182,306
182,335
182,357
182,1084
182,1153
183,19
183,20
183,24
183,25
183,45
183,49
183,63
183,87
183,104
183,156
183,176
183,178
183,196
183,223
183,234
183,254
183,340
183,363
183,370
183,407
183,426
183,464
183,475
183,503
183,706
183,799
183,835
183,879
183,1714
184,6
184,10
184,19
184,21
184,24
184,28
184,51
184,77
184,86
184,91
184,101
184,108
184,113
184,154
184,156
184,162
184,173
184,182
184,203
184,206
184,238
184,254
184,256
184,265
184,270
184,275
184,298
184,299
184,303
184,305
184,317
184,318
184,322
184,328
184,378
184,459
184,605
184,729
184,754
184,1715
185,7
185,10
185,20
185,42
185,44
185,46
185,50
185,51
185,58
185,72
185,82
185,95
185,115
185,120
185,123
185,137
185,153
185,157
185,160
185,170
185,181
185,202
185,209
185,210
185,244
185,245
185,264
185,303
185,340
185,353
185,710
185,733
185,826
186,27
186,51
186,52
186,188
186,200
186,211
186,287
186,309
186,319
186,351
186,372
186,404
186,442
186,464
186,491
186,498
186,501
186,557
186,558
186,592
186,607
186,631
186,728
187,80
187,104
187,105
187,130
187,160
187,162
187,173
187,184
187,202
187,217
187,257
187,264
187,265
187,295
187,378
187,399
187,434
187,454
187,459
187,464
187,1083
188,0
188,22
188,24
188,25
188,32
188,39
188,48
188,54
188,61
188,62
188,65
188,72
188,87
188,110
188,133
188,140
188,149
188,150
188,159
188,160
188,169
188,177
188,186
188,189
188,192
188,193
188,209
188,212
188,219
188,220
188,228
188,229
188,231
188,236
188,238
188,242
188,250
188,251
188,252
188,256
188,260
188,268
188,270
188,275
188,309
188,313
188,317
188,318
188,319
188,321
188,322
188,323
188,333
188,338
188,345
188,361
188,367
188,370
188,372
188,378
188,385
188,399
188,404
188,413
188,418
188,419
188,421
188,423
188,425
188,426
188,436
188,470
188,489
188,490
188,495
188,496
188,498
188,502
188,505
188,509
188,518
188,521
188,522
188,527
188,535
188,558
188,585
188,593
188,602
188,607
188,608
188,610
188,617
188,636
188,637
188,645
188,657
188,736
188,742
188,790
188,838
188,843
188,844
188,847
188,848
188,854
188,855
188,859
188,865
188,871
188,872
188,944
188,982
188,1039
188,1069
188,1132
188,1184
188,1187
188,1189
188,1196
188,1254
188,1646
188,1663
188,1716
188,1717
188,1718
189,58
189,60
189,72
189,85
189,89
189,139
189,159
189,160
189,161
189,177
189,188
189,212
189,219
189,229
189,230
189,242
189,252
189,275
189,297
189,300
189,309
189,317
189,318
189,319
189,322
189,342
189,443
189,466
189,490
189,491
189,502
189,522
189,534
189,561
189,606
189,628
189,680
189,712
189,790
189,838
189,847
189,1449
189,1719
190,263
190,264
190,339
190,427
190,491
190,596
191,32
191,303
191,831
191,879
192,37
192,49
192,50
192,51
192,62
192,67
192,104
192,110
192,168
192,177
192,188
192,193
192,194
192,202
192,203
192,218
192,219
192,229
192,237
192,238
192,242
192,243
192,252
192,254
192,273
192,275
192,298
192,299
192,339
192,347
192,361
192,364
192,370
192,374
192,381
192,385
192,412
192,423
192,425
192,428
192,429
192,450
192,459
192,485
192,492
192,522
192,552
192,555
192,560
192,585
192,602
192,605
192,606
192,614
192,617
192,636
192,654
192,660
192,680
192,735
192,827
192,836
192,847
192,865
192,880
192,903
192,936
192,980
192,983
192,995
192,1146
192,1157
192,1175
192,1242
192,1248
192,1254
192,1381
192,1453
192,1720
192,1721
192,1722
192,1723
192,1724
192,1725
192,1726
192,1727
192,1728
192,1729
192,1730
193,6
193,7
193,18
193,35
193,42
193,55
193,57
193,59
193,66
193,72
193,98
193,133
193,165
193,175
193,192
193,199
193,203
193,209
193,231
193,260
193,287
193,318
193,319
193,323
193,333
193,334
193,347
193,363
193,463
193,489
193,499
193,522
193,527
193,529
193,543
193,546
193,547
193,549
193,554
193,555
193,621
193,622
193,636
193,642
193,646
193,654
193,657
193,663
193,671
193,672
193,673
193,676
193,680
193,729
193,731
193,757
193,758
193,765
193,767
193,784
193,838
193,872
193,917
193,936
193,943
193,948
193,972
193,1039
193,1090
193,1091
193,1131
193,1195
193,1256
193,1492
193,1731
193,1732
193,1733
193,1734
193,1735
194,0
194,63
194,70
194,72
194,218
194,243
194,257
194,258
194,264
194,427
194,505
194,1017
194,1736
195,196
195,203
195,264
195,339
195,363
195,371
195,372
195,400
195,440
195,459
195,865
195,869
195,1607
195,1737
195,1738
196,0
196,173
196,183
196,710
196,879
196,1739
197,199
197,327
197,372
197,404
197,425
197,503
197,555
197,1740
198,27
198,37
198,51
198,68
198,69
198,72
198,156
198,160
198,171
198,187
198,194
198,203
198,218
198,243
198,264
198,343
198,372
198,426
198,452
198,476
198,477
198,541
198,550
198,668
198,712
198,720
198,761
198,831
198,865
198,934
198,1013
198,1526
198,1733
198,1741
198,1742
198,1743
199,24
199,25
199,72
199,104
199,105
199,180
199,193
199,201
199,202
199,206
199,209
199,218
199,226
199,230
199,232
199,233
199,249
199,252
199,253
199,290
199,297
199,304
199,377
199,412
199,436
199,442
199,444
199,448
199,449
199,458
199,483
199,559
199,628
199,629
199,1744
200,25
200,27
200,51
200,196
200,199
200,222
200,223
200,233
200,257
200,264
200,383
200,415
200,557
200,711
201,16
201,51
201,72
201,83
201,145
201,151
201,156
201,162
201,167
201,181
201,194
201,195
201,196
201,199
201,202
201,203
201,209
201,210
201,218
201,222
201,231
201,257
201,266
201,275
201,287
201,315
201,323
201,346
201,358
201,360
201,372
201,377
201,403
201,446
201,462
201,502
201,521
201,532
201,723
202,1
202,48
202,51
202,57
202,62
202,63
202,67
202,68
202,69
202,72
202,130
202,194
202,206
202,207
202,223
202,226
202,227
202,233
202,235
202,300
202,373
202,378
202,404
202,504
202,523
202,596
202,630
202,712
202,714
202,733
202,884
202,901
202,1068
202,1243
203,0
203,1
203,9
203,11
203,17
203,21
203,40
203,47
203,48
203,52
203,67
203,69
203,89
203,91
203,112
203,113
203,120
203,159
203,160
203,162
203,168
203,173
203,177
203,184
203,192
203,193
203,195
203,198
203,201
203,205
203,207
203,209
203,218
203,222
203,226
203,228
203,230
203,232
203,234
203,235
203,243
203,250
203,260
203,264
203,265
203,268
203,274
203,275
203,287
203,295
203,298
203,300
203,304
203,309
203,312
203,321
203,332
203,339
203,361
203,363
203,368
203,372
203,378
203,395
203,397
203,406
203,412
203,420
203,426
203,436
203,444
203,449
203,450
203,458
203,459
203,466
203,470
203,473
203,485
203,496
203,497
203,501
203,527
203,592
203,613
203,628
203,636
203,642
203,710
203,714
203,728
203,729
203,835
203,836
203,841
203,862
203,894
203,1016
203,1017
203,1056
203,1136
203,1250
203,1744
203,1745
203,1746
203,1747
204,51
204,67
204,250
204,735
205,25
205,68
205,177
205,206
205,211
205,226
205,233
205,234
205,275
205,298
205,319
205,412
205,439
205,447
205,449
205,523
205,628
205,1133
206,3
206,25
206,160
206,176
206,184
206,199
206,202
206,205
206,209
206,211
206,234
206,275
206,296
206,297
206,319
206,329
206,353
206,372
206,377
206,450
206,592
206,628
206,629
207,55
207,67
207,233
207,250
208,52
208,67
208,160
208,177
208,194
208,226
208,1715
209,1
209,5
209,6
209,7
209,8
209,9
209,10
209,12
209,14
209,16
209,17
209,18
209,21
209,25
209,27
209,39
209,45
209,46
209,47
209,48
209,49
209,51
209,52
209,57
209,62
209,64
209,66
209,67
209,68
209,69
209,72
209,79
209,82
209,87
209,89
209,91
209,92
209,95
209,97
209,98
209,104
209,109
209,118
209,130
209,131
209,133
209,137
209,139
209,146
209,148
209,150
209,153
209,154
209,155
209,157
209,159
209,160
209,161
209,162
209,164
209,170
209,172
209,173
209,175
209,176
209,179
209,181
209,182
209,184
209,185
209,188
209,190
209,193
209,194
209,196
209,199
209,201
209,202
209,203
209,204
209,205
209,206
209,210
209,212
209,216
209,221
209,222
209,226
209,232
209,233
209,242
209,243
209,245
209,246
209,248
209,249
209,252
209,254
209,255
209,256
209,260
209,267
209,272
209,287
209,288
209,290
209,298
209,300
209,303
209,304
209,305
209,309
209,312
209,315
209,316
209,317
209,318
209,319
209,321
209,323
209,332
209,333
209,334
209,335
209,345
209,357
209,362
209,363
209,366
209,372
209,373
209,376
209,377
209,378
209,384
209,385
209,393
209,396
209,398
209,406
209,412
209,436
209,438
209,439
209,440
209,441
209,442
209,448
209,450
209,469
209,482
209,485
209,522
209,523
209,535
209,553
209,598
209,602
209,610
209,614
209,628
209,642
209,657
209,706
209,710
209,712
209,729
209,829
209,847
209,868
209,872
209,914
209,1016
209,1030
209,1135
209,1184
209,1486
209,1745
210,63
210,145
210,175
210,185
210,187
210,201
210,202
210,209
210,218
210,226
210,230
210,260
210,268
210,363
210,366
210,378
210,384
210,427
210,433
210,712
211,27
211,52
211,68
211,70
211,106
211,130
211,172
211,202
211,205
211,206
211,217
211,218
211,226
211,230
211,233
211,234
211,258
211,290
211,296
211,297
211,314
211,333
211,343
211,344
211,372
211,438
211,439
211,440
211,441
211,443
211,444
211,446
211,459
211,461
211,479
211,482
211,535
211,536
211,592
211,598
211,628
211,629
211,642
211,712
211,733
211,847
211,858
211,867
211,895
211,1135
211,1137
211,1243
211,1244
211,1483
211,1484
211,1516
211,1748
211,1749
211,1750
212,16
212,28
212,35
212,36
212,37
212,61
212,66
212,77
212,85
212,92
212,98
212,101
212,113
212,150
212,156
212,159
212,161
212,162
212,175
212,209
212,255
212,274
212,303
212,323
212,329
212,345
212,363
212,374
212,385
212,395
212,493
212,508
212,550
212,577
212,663
212,665
212,671
212,695
212,726
212,995
212,1231
212,1304
212,1651
212,1751
212,1752
213,63
213,515
214,7
214,39
214,129
214,133
214,159
214,323
214,790
215,30
215,42
216,7
216,10
216,38
216,65
216,89
216,93
216,94
216,95
216,97
216,117
216,120
216,145
216,161
216,173
216,230
216,249
216,275
216,298
216,310
216,318
216,324
216,370
216,413
216,428
216,448
216,449
216,450
216,525
216,529
216,621
216,790
216,1031
217,11
217,45
217,177
217,187
217,211
217,231
217,241
217,257
217,301
217,302
217,304
217,319
217,322
217,338
217,345
217,396
217,404
217,428
217,434
217,444
217,449
217,519
217,539
217,540
217,556
217,607
217,688
217,761
217,861
217,880
217,888
217,889
217,907
217,908
217,921
217,980
217,981
217,985
217,1019
217,1039
217,1041
217,1185
217,1201
217,1254
217,1532
217,1753
217,1754
217,1755
218,0
218,22
218,25
218,47
218,52
218,55
218,72
218,133
218,177
218,192
218,194
218,198
218,199
218,203
218,210
218,233
218,242
218,257
218,264
218,275
218,309
218,319
218,323
218,372
218,402
218,407
218,421
218,424
218,502
218,519
218,546
218,809
218,868
218,1176
219,16
219,48
219,62
219,67
219,113
219,152
219,159
219,161
219,173
219,189
219,192
219,236
219,242
219,245
219,252
219,255
219,283
219,302
219,323
219,338
219,345
219,367
219,370
219,384
219,385
219,388
219,397
219,434
219,505
219,527
219,546
219,556
219,602
219,607
219,617
219,647
219,749
219,889
219,982
219,1007
219,1019
219,1040
219,1247
219,1254
219,1493
219,1496
219,1643
219,1644
219,1686
219,1718
219,1753
220,10
220,12
220,49
220,52
220,61
220,70
220,80
220,108
220,115
220,151
220,160
220,188
220,194
220,230
220,252
220,283
220,297
220,299
220,309
220,339
220,343
220,377
220,403
220,411
220,449
220,459
220,468
220,500
220,521
220,523
220,527
220,595
220,610
220,711
220,861
220,888
220,1033
220,1137
220,1154
220,1675
220,1757
220,1758
221,21
221,25
221,36
221,38
221,44
221,45
221,50
221,100
221,102
221,137
221,152
221,157
221,173
221,201
221,220
221,230
221,233
221,253
221,255
221,257
221,258
221,312
221,315
221,330
221,371
221,404
221,459
221,466
221,527
221,835
221,896
222,9
222,16
222,17
222,20
222,21
222,26
222,40
222,45
222,47
222,48
222,50
222,56
222,57
222,65
222,72
222,89
222,91
222,98
222,101
222,140
222,155
222,159
222,161
222,162
222,181
222,200
222,201
222,206
222,207
222,225
222,227
222,243
222,245
222,252
222,255
222,260
222,312
222,315
222,316
222,317
222,336
222,359
222,362
222,365
222,366
222,371
222,403
222,454
222,483
222,606
222,614
222,729
222,847
222,1017
222,1253
222,1746
223,63
223,67
223,110
223,153
223,156
223,183
223,200
223,202
223,225
223,253
223,378
223,709
224,10
224,11
224,160
224,300
224,411
224,436
224,491
224,505
224,1759
225,61
225,72
225,223
225,343
225,409
225,466
225,502
225,574
225,628
225,733
225,804
225,829
225,836
226,3
226,57
226,68
226,69
226,80
226,199
226,202
226,203
226,205
226,208
226,209
226,210
226,230
226,257
226,258
226,268
226,295
226,309
226,314
226,315
226,319
226,322
226,333
226,372
226,374
226,378
226,412
226,424
226,438
226,442
226,448
226,449
226,458
226,498
226,502
226,535
226,592
226,598
226,836
226,1136
227,49
227,56
227,202
227,222
227,239
227,353
227,382
227,910
227,1035
227,1180
228,22
228,27
228,61
228,62
228,67
228,110
228,133
228,168
228,188
228,203
228,242
228,250
228,257
228,283
228,322
228,333
228,338
228,340
228,361
228,363
228,418
228,498
228,501
228,502
228,527
228,560
228,566
228,598
228,602
228,606
228,613
228,615
228,637
228,645
228,729
228,731
228,743
228,829
228,834
228,858
228,871
228,891
228,906
228,911
228,1017
228,1034
228,1108
228,1247
228,1492
228,1646
228,1663
229,0
229,27
229,61
229,67
229,110
229,205
229,211
229,238
229,268
229,298
229,301
229,313
229,322
229,335
229,344
229,382
229,387
229,406
229,420
229,424
229,425
229,428
229,438
229,449
229,489
229,499
229,509
229,598
229,603
229,608
229,642
229,844
229,1132
229,1252
229,1761
230,22
230,25
230,49
230,52
230,62
230,66
230,67
230,68
230,69
230,153
230,177
230,180
230,184
230,199
230,200
230,203
230,205
230,210
230,211
230,223
230,226
230,231
230,232
230,233
230,252
230,294
230,298
230,319
230,342
230,344
230,370
230,372
230,377
230,378
230,380
230,411
230,448
230,449
230,450
230,452
230,464
230,466
230,488
230,491
230,502
230,557
230,629
230,634
230,727
230,733
231,0
231,17
231,25
231,37
231,51
231,57
231,59
231,65
231,108
231,110
231,130
231,158
231,188
231,189
231,193
231,201
231,202
231,220
231,230
231,242
231,250
231,270
231,275
231,309
231,313
231,322
231,333
231,338
231,343
231,347
231,364
231,370
231,378
231,396
231,400
231,409
231,425
231,432
231,448
231,470
231,494
231,501
231,598
231,602
231,612
231,633
231,636
231,646
231,698
231,720
231,741
231,742
231,848
231,853
231,872
231,1019
231,1039
231,1041
231,1088
231,1185
231,1198
231,1240
231,1254
231,1762
231,1763
231,1764
232,27
232,51
232,69
232,72
232,143
232,199
232,209
232,230
232,313
232,337
232,370
232,378
232,404
232,414
232,418
232,436
232,440
232,459
232,487
232,491
232,492
232,493
232,557
232,723
232,734
232,1108
232,1178
232,1762
232,1765
233,0
233,21
233,22
233,25
233,27
233,45
233,46
233,47
233,51
233,52
233,58
233,65
233,67
233,69
233,86
233,91
233,98
233,108
233,137
233,158
233,176
233,184
233,187
233,194
233,199
233,200
233,202
233,205
233,207
233,209
233,211
233,218
233,221
233,230
233,234
233,253
233,270
233,298
233,304
233,309
233,316
233,319
233,340
233,342
233,370
233,377
233,418
233,440
233,443
233,444
233,446
233,448
233,449
233,450
233,459
233,473
233,485
233,502
233,592
233,607
233,723
233,861
233,868
233,885
233,980
233,1046
233,1137
233,1662
233,1750
234,9
234,25
234,183
234,205
234,206
234,211
234,319
234,415
234,442
235,202
235,304
235,448
235,449
236,46
236,98
236,188
236,192
236,219
236,302
236,322
236,338
236,385
236,403
236,436
236,446
236,449
236,505
236,515
236,602
236,610
236,640
236,663
236,756
236,906
236,911
236,933
236,1038
236,1039
236,1175
236,1193
236,1194
236,1198
236,1646
236,1766
237,11
237,72
237,244
237,261
237,264
237,295
237,321
237,359
237,407
237,410
237,457
237,526
237,1485
238,17
238,25
238,184
238,188
238,192
238,229
238,311
238,347
238,387
238,404
238,420
238,425
238,491
238,496
238,498
238,501
238,595
238,602
238,605
238,609
238,617
238,640
238,772
238,838
238,843
238,844
238,848
238,865
238,1190
239,66
239,227
239,330
239,361
239,409
239,426
239,498
239,546
239,550
239,551
239,606
239,618
239,664
239,666
239,671
239,688
239,869
239,936
239,1575
239,1660
239,1721
239,1767
239,1768
240,6
240,8
240,21
240,46
240,95
240,97
240,109
240,112
240,125
240,131
240,154
240,181
240,355
240,462
241,6
241,8
241,42
241,43
241,46
241,59
241,86
241,112
241,114
241,115
241,118
241,144
241,158
241,164
241,220
241,231
241,247
241,286
241,297
241,301
241,334
241,341
241,343
241,390
241,433
241,434
241,490
241,540
241,542
241,554
241,607
241,610
241,640
241,650
241,651
241,652
241,661
241,680
241,740
241,746
241,848
241,873
241,880
241,889
241,907
241,922
241,980
241,983
241,1038
241,1042
241,1085
241,1191
241,1194
241,1199
241,1254
241,1650
241,1769
241,1770
241,1771
242,8
242,17
242,19
242,22
242,25
242,37
242,39
242,45
242,48
242,56
242,61
242,72
242,98
242,110
242,152
242,158
242,177
242,188
242,192
242,209
242,218
242,219
242,227
242,228
242,229
242,231
242,232
242,260
242,318
242,322
242,333
242,334
242,338
242,339
242,361
242,381
242,399
242,412
242,414
242,425
242,426
242,470
242,473
242,489
242,496
242,497
242,501
242,502
242,503
242,518
242,535
242,556
242,598
242,602
242,608
242,616
242,617
242,636
242,637
242,661
242,731
242,736
242,844
242,847
242,848
242,855
242,944
242,1007
242,1038
242,1137
242,1608
242,1666
242,1772
242,1773
242,1774
243,8
243,20
243,46
243,72
243,86
243,89
243,101
243,115
243,170
243,182
243,194
243,203
243,222
243,249
243,259
243,353
243,372
243,619
243,709
243,865
243,1775
244,8
244,103
244,142
244,176
244,179
244,237
244,305
244,332
244,514
244,541
244,548
244,566
244,572
244,584
244,666
244,668
244,696
244,785
244,812
244,942
244,1013
244,1015
244,1048
244,1212
244,1647
244,1776
244,1777
244,1778
245,8
245,10
245,11
245,14
245,16
245,19
245,20
245,21
245,26
245,32
245,40
245,45
245,48
245,67
245,79
245,91
245,101
245,103
245,120
245,140
245,154
245,162
245,173
245,179
245,180
245,181
245,182
245,209
245,217
245,222
245,253
245,254
245,255
245,267
245,271
245,272
245,297
245,304
245,305
245,312
245,315
245,321
245,329
245,330
245,332
245,335
245,366
245,370
245,395
245,466
245,470
245,626
245,1045
246,34
246,38
246,77
246,78
246,86
246,103
246,127
246,160
247,131
247,134
247,241
247,341
247,1227
247,1355
247,1386
247,1678
247,1779
248,18
248,21
248,26
248,32
248,38
248,66
248,79
248,82
248,98
248,113
248,149
248,155
248,162
248,164
248,166
248,167
248,170
248,178
248,181
248,201
248,209
248,268
248,287
248,303
248,310
248,317
248,323
248,329
248,334
248,368
248,386
248,462
248,470
248,624
249,3
249,25
249,62
249,68
249,199
249,209
249,405
249,439
249,470
249,576
249,999
250,9
250,37
250,48
250,66
250,98
250,188
250,203
250,204
250,207
250,228
250,231
250,260
250,264
250,283
250,299
250,347
250,361
250,368
250,369
250,374
250,404
250,489
250,496
250,518
250,553
250,610
250,678
250,729
250,871
250,899
250,1132
250,1182
250,1247
250,1608
250,1746
250,1780
251,9
251,33
251,36
251,39
251,69
251,83
251,96
251,130
251,133
251,136
251,143
251,146
251,172
251,175
251,252
251,278
251,298
251,303
251,324
251,328
251,333
251,343
251,384
251,390
251,394
251,413
251,437
251,442
251,452
251,464
251,473
251,516
251,531
251,534
251,550
251,555
251,563
251,567
251,568
251,569
251,570
251,573
251,575
251,578
251,585
251,586
251,623
251,628
251,636
251,639
251,647
251,652
251,653
251,654
251,659
251,660
251,669
251,674
251,681
251,683
251,687
251,703
251,716
251,717
251,718
251,726
251,727
251,731
251,744
251,767
251,769
251,779
251,781
251,790
251,798
251,801
251,802
251,809
251,817
251,823
251,825
251,830
251,833
251,845
251,863
251,870
251,904
251,917
251,918
251,929
251,935
251,941
251,942
251,948
251,953
251,954
251,959
251,960
251,962
251,969
251,972
251,975
251,977
251,984
251,993
251,1007
251,1021
251,1027
251,1028
251,1031
251,1047
251,1048
251,1053
251,1058
251,1059
251,1062
251,1064
251,1067
251,1074
251,1093
251,1094
251,1095
251,1096
251,1097
251,1101
251,1102
251,1105
251,1108
251,1109
251,1110
251,1115
251,1116
251,1117
251,1130
251,1139
251,1141
251,1144
251,1146
251,1148
251,1149
251,1150
251,1151
251,1152
251,1153
251,1157
251,1158
251,1159
251,1160
251,1161
251,1163
251,1165
251,1168
251,1169
251,1171
251,1179
251,1203
251,1206
251,1221
251,1222
251,1225
251,1227
251,1228
251,1229
251,1230
251,1234
251,1253
251,1263
251,1271
251,1274
251,1276
251,1280
251,1284
251,1288
251,1291
251,1300
251,1304
251,1309
251,1310
251,1313
251,1316
251,1318
251,1319
251,1323
251,1324
251,1325
251,1327
251,1328
251,1333
251,1341
251,1344
251,1345
251,1346
251,1347
251,1349
251,1350
251,1356
251,1357
251,1359
251,1361
251,1365
251,1367
251,1368
251,1370
251,1373
251,1375
251,1376
251,1381
251,1382
251,1383
251,1384
251,1385
251,1386
251,1388
251,1391
251,1392
251,1393
251,1398
251,1402
251,1403
251,1404
251,1406
251,1407
251,1408
251,1409
251,1411
251,1412
251,1414
251,1415
251,1416
251,1417
251,1419
251,1424
251,1425
251,1426
251,1428
251,1429
251,1430
251,1433
251,1434
251,1435
251,1437
251,1439
251,1440
251,1442
251,1443
251,1444
251,1449
251,1451
251,1452
251,1453
251,1454
251,1455
251,1457
251,1458
251,1461
251,1462
251,1463
251,1464
251,1469
251,1470
251,1471
251,1473
251,1475
251,1477
251,1478
251,1479
251,1480
251,1481
251,1483
251,1494
251,1500
251,1503
251,1506
251,1511
251,1520
251,1528
251,1542
251,1550
251,1551
251,1559
251,1562
251,1565
251,1567
251,1571
251,1578
251,1579
251,1583
251,1588
251,1590
251,1592
251,1597
251,1601
251,1603
251,1604
251,1615
251,1616
251,1620
251,1622
251,1623
251,1625
251,1630
251,1633
251,1667
251,1672
251,1677
251,1680
251,1682
251,1683
251,1690
251,1698
251,1699
251,1721
251,1728
251,1781
251,1782
251,1783
251,1784
251,1785
251,1786
251,1787
251,1788
251,1789
251,1790
251,1791
251,1792
251,1793
251,1794
251,1795
251,1796
251,1797
251,1798
251,1799
251,1800
251,1801
251,1802
251,1803
251,1804
251,1805
251,1806
251,1807
251,1808
251,1809
251,1810
251,1811
251,1812
251,1813
251,1814
251,1815
251,1816
251,1817
251,1818
251,1819
251,1820
251,1821
251,1822
251,1823
251,1824
251,1825
251,1826
251,1827
251,1828
251,1829
251,1830
251,1831
251,1832
251,1833
251,1834
251,1835
251,1836
251,1837
251,1838
251,1839
251,1840
251,1841
251,1842
251,1843
251,1844
251,1845
251,1846
251,1847
251,1848
251,1849
251,1850
251,1851
251,1852
251,1853
251,1854
251,1855
251,1856
251,1857
251,1858
251,1859
251,1860
251,1861
251,1862
251,1863
251,1864
251,1865
251,1866
251,1867
251,1868
251,1869
251,1870
251,1871
251,1872
251,1873
251,1874
251,1875
251,1876
251,1877
251,1878
251,1879
251,1880
251,1881
251,1882
251,1883
251,1884
251,1885
251,1886
251,1887
251,1888
251,1889
251,1890
251,1891
251,1892
251,1893
251,1894
251,1895
251,1896
251,1897
251,1898
251,1899
251,1900
251,1901
251,1902
251,1903
252,4
252,6
252,7
252,9
252,12
252,14
252,16
252,18
252,19
252,20
252,21
252,31
252,42
252,47
252,57
252,58
252,72
252,91
252,92
252,97
252,101
252,111
252,112
252,113
252,130
252,137
252,139
252,150
252,151
252,154
252,156
252,172
252,173
252,176
252,180
252,184
252,187
252,188
252,199
252,202
252,209
252,212
252,216
252,217
252,219
252,222
252,223
252,230
252,231
252,243
252,247
252,254
252,256
252,257
252,259
252,265
252,267
252,270
252,294
252,304
252,312
252,313
252,314
252,316
252,323
252,324
252,366
252,384
252,401
252,402
252,434
252,436
252,459
252,475
252,479
252,505
252,521
252,557
252,706
252,712
252,900
252,1249
252,1606
253,6
253,9
253,14
253,16
253,18
253,19
253,20
253,21
253,26
253,32
253,35
253,38
253,43
253,67
253,87
253,91
253,98
253,103
253,104
253,108
253,112
253,140
253,146
253,150
253,151
253,152
253,153
253,157
253,159
253,161
253,169
253,170
253,173
253,174
253,175
253,181
253,182
253,185
253,186
253,190
253,220
253,221
253,222
253,223
253,245
253,248
253,256
253,267
253,270
253,274
253,303
253,306
253,308
253,312
253,316
253,317
253,325
253,328
253,357
253,358
253,362
253,363
253,368
253,370
253,373
253,391
253,424
253,460
253,499
253,602
253,706
253,826
254,7
254,9
254,16
254,19
254,48
254,91
254,93
254,99
254,103
254,111
254,113
254,114
254,115
254,125
254,137
254,183
254,184
254,215
254,216
254,245
254,252
254,257
254,312
254,316
254,334
254,410
254,454
255,92
255,139
255,156
255,157
255,178
255,219
255,221
255,222
255,245
255,260
255,287
255,308
255,312
255,317
255,350
255,374
255,729
256,11
256,16
256,19
256,20
256,21
256,25
256,48
256,68
256,91
256,101
256,113
256,120
256,149
256,162
256,167
256,172
256,175
256,178
256,181
256,182
256,183
256,184
256,217
256,245
256,287
256,295
256,307
256,312
256,329
256,332
256,333
256,358
256,365
256,366
256,526
256,883
256,925
257,9
257,11
257,19
257,24
257,133
257,151
257,157
257,187
257,194
257,200
257,201
257,217
257,218
257,228
257,252
257,254
257,266
257,287
257,313
257,315
257,366
257,370
257,395
257,466
257,532
257,614
257,1122
258,173
258,194
258,598
259,0
259,9
259,72
259,104
259,149
259,243
259,252
259,267
259,457
259,459
259,474
259,522
259,607
259,712
259,722
259,1176
259,1905
259,1906
260,0
260,1
260,9
260,14
260,16
260,26
260,27
260,35
260,47
260,48
260,56
260,61
260,67
260,72
260,91
260,101
260,102
260,103
260,151
260,159
260,160
260,161
260,162
260,184
260,188
260,190
260,193
260,202
260,203
260,207
260,209
260,210
260,212
260,222
260,242
260,250
260,253
260,255
260,272
260,303
260,309
260,315
260,317
260,319
260,323
260,342
260,344
260,353
260,356
260,361
260,362
260,363
260,368
260,374
260,395
260,406
260,431
260,439
260,444
260,450
260,454
260,458
260,485
260,504
260,555
260,558
260,630
260,725
260,729
260,817
260,1017
260,1060
260,1137
260,1190
260,1657
261,237
262,9
262,11
262,263
262,806
262,940
262,954
262,962
262,1066
262,1293
262,1740
262,1801
262,1907
262,1908
263,9
263,168
263,190
263,257
263,262
263,459
263,664
264,9
264,25
264,26
264,57
264,60
264,64
264,72
264,168
264,187
264,190
264,194
264,195
264,198
264,200
264,203
264,218
264,237
264,243
264,250
264,270
264,272
264,289
264,304
264,309
264,315
264,319
264,359
264,372
264,391
264,502
264,526
264,606
264,627
264,630
264,676
264,727
264,729
264,1017
265,16
265,18
265,99
265,160
265,181
265,187
265,192
265,202
265,203
265,252
265,275
265,329
265,361
265,409
265,450
265,489
265,606
266,14
266,66
266,154
266,157
266,201
266,257
266,287
266,341
266,462
267,10
267,245
267,466
268,10
268,25
268,61
268,68
268,103
268,118
268,131
268,152
268,199
268,210
268,226
268,229
268,304
268,403
268,406
268,409
268,424
268,426
268,436
268,447
268,448
268,449
268,458
268,836
268,860
268,1134
268,1715
269,7
269,10
269,89
269,93
269,111
269,112
269,133
269,139
269,149
269,150
269,332
269,826
270,10
270,13
270,37
270,47
270,58
270,68
270,80
270,87
270,120
270,155
270,160
270,167
270,170
270,174
270,175
270,181
270,184
270,185
270,231
270,233
270,253
270,273
270,275
270,292
270,301
270,313
270,328
270,338
270,344
270,361
270,412
270,420
270,421
270,432
270,436
270,446
270,449
270,472
270,592
270,615
270,685
270,743
270,854
270,891
270,1088
270,1137
270,1175
270,1182
270,1655
270,1910
270,1911
271,10
271,19
271,20
271,26
271,178
271,365
271,598
272,27
272,119
272,178
272,236
272,245
272,322
272,386
272,432
272,465
272,495
272,543
272,602
272,643
272,872
273,37
273,192
273,270
273,275
273,276
273,301
273,343
273,361
273,396
273,406
273,421
273,425
273,432
273,489
273,491
273,500
273,501
273,518
273,602
273,608
273,668
273,672
273,710
273,723
273,758
273,888
273,908
273,912
273,985
273,993
273,1011
273,1136
273,1185
273,1246
273,1254
273,1521
273,1760
273,1781
273,1912
273,1913
273,1914
273,1915
274,1
274,27
274,61
274,65
274,68
274,143
274,159
274,161
274,168
274,203
274,212
274,263
274,297
274,309
274,346
274,361
274,370
274,374
274,398
274,406
274,418
274,483
274,485
274,498
274,502
274,522
274,537
274,606
274,636
274,728
274,729
274,908
274,914
274,1017
274,1088
274,1134
274,1247
274,1525
274,1644
274,1916
275,1
275,9
275,13
275,25
275,35
275,37
275,39
275,48
275,49
275,52
275,56
275,57
275,60
275,63
275,67
275,70
275,80
275,105
275,133
275,136
275,173
275,184
275,187
275,188
275,189
275,190
275,192
275,196
275,197
275,203
275,205
275,206
275,207
275,218
275,225
275,226
275,229
275,231
275,234
275,251
275,258
275,260
275,264
275,265
275,268
275,270
275,273
275,274
275,290
275,298
275,299
275,301
275,311
275,313
275,322
275,338
275,339
275,342
275,344
275,350
275,353
275,361
275,370
275,372
275,373
275,381
275,382
275,388
275,393
275,403
275,404
275,406
275,412
275,413
275,418
275,419
275,420
275,421
275,424
275,425
275,428
275,438
275,439
275,442
275,444
275,446
275,447
275,448
275,449
275,450
275,459
275,461
275,470
275,489
275,490
275,491
275,499
275,502
275,503
275,505
275,535
275,536
275,555
275,557
275,559
275,598
275,602
275,604
275,606
275,607
275,608
275,610
275,612
275,613
275,617
275,619
275,628
275,634
275,635
275,636
275,672
275,676
275,678
275,709
275,728
275,729
275,736
275,836
275,837
275,843
275,845
275,847
275,857
275,880
275,885
275,895
275,925
275,1035
275,1046
275,1088
275,1108
275,1134
275,1135
275,1154
275,1176
275,1180
275,1248
275,1254
275,1484
275,1517
275,1537
275,1665
275,1672
275,1756
275,1761
275,1773
275,1917
275,1918
275,1919
275,1920
276,119
276,273
276,300
276,428
276,612
276,1643
277,300
277,715
277,743
277,849
277,1643
278,396
278,437
278,499
278,534
278,663
278,683
278,684
278,735
278,904
278,940
278,980
278,1161
278,1233
278,1343
278,1391
278,1401
278,1402
278,1408
278,1422
278,1427
278,1431
278,1437
278,1439
278,1443
278,1444
278,1511
278,1684
278,1706
278,1834
278,1845
278,1848
278,1889
278,1921
278,1922
278,1923
278,1924
279,276
279,432
279,437
279,442
279,531
279,828
279,1027
279,1047
279,1074
279,1110
279,1143
279,1146
279,1149
279,1221
279,1310
279,1316
279,1329
279,1331
279,1340
279,1342
279,1349
279,1350
279,1351
279,1352
279,1354
279,1355
279,1360
279,1367
279,1381
279,1385
279,1386
279,1389
279,1390
279,1408
279,1411
279,1508
279,1511
279,1579
279,1590
279,1602
279,1625
279,1677
279,1724
279,1726
279,1834
279,1846
279,1925
279,1926
279,1927
279,1928
279,1929
280,10
280,143
280,281
280,432
280,518
280,854
281,10
281,119
281,280
281,352
281,446
281,598
281,848
281,1655
281,1773
281,1910
282,119
282,158
282,299
282,300
282,549
282,556
282,598
282,602
282,605
282,608
282,610
282,617
282,742
282,748
282,886
282,922
282,985
282,991
282,1006
282,1042
282,1930
283,220
283,228
283,250
283,280
283,292
283,338
283,458
283,598
283,642
283,710
283,854
283,890
283,1712
283,1931
283,1932
283,1933
284,10
284,640
284,746
284,1788
285,10
285,158
285,421
285,495
285,593
285,647
285,649
285,746
285,764
285,861
285,988
285,1065
285,1529
286,10
286,158
286,746
286,908
286,992
286,1934
287,11
287,34
287,35
287,39
287,73
287,76
287,77
287,82
287,84
287,98
287,107
287,109
287,113
287,127
287,129
287,137
287,139
287,149
287,154
287,159
287,162
287,175
287,187
287,193
287,201
287,203
287,245
287,248
287,256
287,257
287,266
287,267
287,288
287,308
287,317
287,323
287,327
287,329
287,351
287,356
287,361
287,372
287,451
287,459
287,483
287,530
287,676
287,702
287,1156
287,1935
288,11
288,66
288,87
288,152
288,162
289,177
289,264
289,290
289,356
289,384
289,394
289,463
289,489
289,543
289,561
289,573
289,589
289,620
289,637
289,679
289,700
289,701
289,702
289,703
289,744
289,774
289,803
289,810
289,821
289,830
289,838
289,906
289,934
289,1056
289,1062
289,1094
289,1102
289,1119
289,1122
289,1126
289,1156
289,1213
289,1215
289,1232
289,1236
289,1278
289,1282
289,1283
289,1315
289,1318
289,1534
289,1543
289,1552
289,1567
289,1588
289,1635
289,1699
289,1909
289,1936
289,1937
289,1938
290,24
290,46
290,51
290,78
290,82
290,91
290,151
290,156
290,175
290,181
290,199
290,202
290,209
290,329
290,372
290,462
290,619
290,1046
290,1253
290,1750
291,825
292,177
292,283
292,338
292,364
292,367
292,423
292,432
292,527
292,589
292,602
292,607
292,614
292,845
292,847
292,848
292,851
292,854
292,896
292,1035
292,1191
292,1198
292,1254
292,1911
293,78
293,820
293,1039
294,353
294,1736
295,104
295,187
295,237
295,372
295,557
296,52
296,177
296,206
296,211
296,298
296,592
296,605
296,866
296,885
296,1043
297,25
297,108
297,189
297,206
297,245
297,380
297,433
297,439
297,440
297,592
298,52
298,61
298,184
298,205
298,229
298,230
298,233
298,296
298,406
298,414
298,420
298,449
298,492
298,505
298,533
298,566
298,592
298,604
298,628
298,629
298,1134
298,1188
298,1251
299,13
299,37
299,102
299,115
299,220
299,229
299,232
299,250
299,252
299,258
299,270
299,296
299,309
299,319
299,342
299,343
299,344
299,351
299,380
299,404
299,412
299,414
299,423
299,448
299,491
299,507
299,550
299,607
299,608
299,642
299,676
299,735
299,853
299,854
299,855
299,901
299,934
299,982
299,1197
299,1536
299,1764
299,1939
299,1940
300,13
300,20
300,37
300,61
300,68
300,152
300,189
300,202
300,224
300,276
300,277
300,282
300,344
300,374
300,387
300,404
300,417
300,440
300,468
300,509
300,558
300,604
300,605
300,642
300,723
300,883
300,898
300,899
300,1246
300,1657
300,1918
300,1941
300,1942
301,13
301,25
301,98
301,110
301,202
301,217
301,229
301,260
301,270
301,273
301,302
301,311
301,342
301,353
301,412
301,424
301,425
301,432
301,466
301,479
301,485
301,522
301,555
301,556
301,601
301,604
301,607
301,633
301,634
301,640
301,711
301,725
301,845
301,921
301,1184
301,1194
301,1240
301,1493
301,1904
301,1943
302,13
302,59
302,219
302,236
302,301
302,338
302,428
302,490
302,495
302,499
302,635
302,848
302,853
302,907
302,908
302,921
302,995
302,1041
302,1177
302,1195
302,1199
302,1613
303,32
303,38
303,66
303,103
303,104
303,120
303,132
303,133
303,134
303,150
303,151
303,154
303,171
303,176
303,178
303,181
303,356
303,357
303,360
303,469
303,1224
304,11
304,19
304,25
304,145
304,162
304,203
304,233
304,264
304,309
304,319
304,322
304,333
304,393
304,423
304,424
304,441
304,446
304,448
304,449
304,459
304,479
304,483
304,499
304,598
304,606
304,652
304,657
304,723
304,843
304,848
304,853
304,860
304,868
304,1190
304,1198
304,1712
305,11
305,14
305,16
305,26
305,176
305,185
305,245
305,246
305,317
305,467
306,179
307,26
307,176
307,256
308,32
308,157
308,310
309,9
309,21
309,37
309,48
309,55
309,57
309,66
309,68
309,91
309,120
309,143
309,159
309,161
309,162
309,168
309,175
309,180
309,186
309,188
309,189
309,203
309,209
309,218
309,220
309,226
309,231
309,233
309,235
309,244
309,260
309,264
309,274
309,283
309,298
309,299
309,311
309,312
309,313
309,328
309,333
309,338
309,340
309,342
309,343
309,351
309,356
309,362
309,378
309,381
309,384
309,385
309,400
309,404
309,411
309,412
309,415
309,421
309,425
309,428
309,442
309,444
309,448
309,449
309,491
309,492
309,498
309,501
309,502
309,503
309,593
309,594
309,598
309,631
309,638
309,736
309,836
309,862
309,888
309,916
309,1034
309,1108
309,1154
309,1667
309,1715
310,14
310,20
310,32
310,33
310,43
310,89
310,109
310,150
310,157
310,173
310,176
310,216
310,248
310,308
310,318
310,327
310,328
310,360
310,374
310,458
310,519
310,555
310,1073
311,22
311,27
311,62
311,133
311,137
311,145
311,159
311,161
311,162
311,168
311,238
311,275
311,309
311,323
311,339
311,342
311,350
311,352
311,356
311,359
311,361
311,381
311,382
311,399
311,406
311,412
311,414
311,419
311,420
311,422
311,425
311,428
311,448
311,477
311,502
311,514
311,628
311,652
311,653
311,736
311,859
312,19
312,20
312,21
312,35
312,155
312,176
312,182
312,222
312,245
312,254
312,255
312,336
312,358
312,359
312,366
312,367
312,369
312,401
312,402
312,833
313,0
313,1
313,6
313,8
313,12
313,18
313,21
313,22
313,25
313,27
313,36
313,37
313,42
313,43
313,45
313,46
313,48
313,52
313,54
313,73
313,77
313,85
313,86
313,87
313,88
313,89
313,91
313,92
313,98
313,101
313,107
313,108
313,110
313,112
313,127
313,130
313,137
313,146
313,150
313,151
313,154
313,157
313,160
313,170
313,177
313,180
313,184
313,187
313,188
313,211
313,216
313,221
313,226
313,229
313,230
313,231
313,232
313,243
313,245
313,252
313,257
313,268
313,270
313,275
313,276
313,280
313,290
313,298
313,303
313,309
313,317
313,319
313,322
313,336
313,338
313,339
313,342
313,344
313,362
313,372
313,377
313,381
313,382
313,387
313,390
313,393
313,404
313,406
313,412
313,415
313,418
313,419
313,420
313,421
313,424
313,425
313,428
313,432
313,436
313,438
313,448
313,449
313,458
313,473
313,484
313,489
313,491
313,503
313,507
313,535
313,593
313,598
313,606
313,607
313,608
313,610
313,612
313,613
313,715
313,836
313,844
313,847
313,870
313,880
313,896
313,908
313,920
313,1041
313,1067
313,1088
313,1180
313,1190
313,1244
313,1492
313,1536
313,1672
313,1749
313,1944
314,68
314,226
314,272
314,1292
315,9
315,21
315,67
315,72
315,145
315,159
315,161
315,201
315,205
315,222
315,226
315,257
315,260
315,264
315,318
315,323
315,364
315,369
315,370
315,395
315,466
315,475
315,598
315,1715
316,19
316,20
316,101
316,112
316,180
316,222
316,254
316,346
316,896
317,6
317,11
317,16
317,17
317,21
317,40
317,54
317,68
317,77
317,82
317,89
317,92
317,97
317,98
317,120
317,139
317,140
317,149
317,159
317,161
317,162
317,175
317,177
317,182
317,184
317,185
317,186
317,188
317,189
317,205
317,209
317,222
317,255
317,256
317,260
317,287
317,305
317,309
317,311
317,313
317,315
317,323
317,329
317,351
317,356
317,361
317,362
317,368
317,382
317,385
317,406
317,449
317,500
317,529
317,555
317,593
317,729
317,843
317,1058
317,1190
317,1247
318,4
318,5
318,10
318,11
318,14
318,19
318,20
318,21
318,22
318,32
318,36
318,42
318,48
318,59
318,61
318,65
318,68
318,77
318,78
318,82
318,86
318,91
318,92
318,93
318,94
318,96
318,97
318,101
318,109
318,112
318,118
318,120
318,125
318,127
318,128
318,129
318,139
318,144
318,152
318,153
318,162
318,165
318,176
318,177
318,179
318,180
318,184
318,188
318,189
318,192
318,193
318,194
318,209
318,212
318,216
318,220
318,221
318,222
318,228
318,229
318,231
318,234
318,236
318,242
318,245
318,252
318,255
318,256
318,265
318,272
318,273
318,275
318,302
318,307
318,309
318,310
318,311
318,313
318,315
318,319
318,322
318,323
318,324
318,329
318,334
318,335
318,338
318,339
318,342
318,344
318,345
318,352
318,362
318,364
318,370
318,413
318,418
318,423
318,424
318,425
318,429
318,470
318,473
318,489
318,491
318,502
318,503
318,517
318,522
318,537
318,543
318,555
318,557
318,585
318,598
318,602
318,605
318,606
318,611
318,617
318,628
318,646
318,650
318,657
318,740
318,742
318,836
318,842
318,847
318,848
318,853
318,888
318,918
318,997
318,1040
318,1047
318,1194
318,1198
318,1247
318,1254
318,1292
318,1495
318,1606
318,1662
318,1725
318,1920
318,1945
319,0
319,11
319,25
319,40
319,48
319,52
319,57
319,62
319,67
319,72
319,130
319,133
319,138
319,154
319,177
319,184
319,187
319,188
319,193
319,195
319,202
319,205
319,206
319,209
319,217
319,218
319,226
319,230
319,233
319,234
319,264
319,297
319,304
319,314
319,372
319,377
319,397
319,407
319,412
319,427
319,436
319,439
319,444
319,448
319,466
319,479
319,483
319,497
319,607
319,613
319,628
319,636
319,712
319,714
319,728
319,729
319,1135
319,1184
319,1715
319,1749
320,136
320,178
320,180
320,370
320,460
320,699
320,822
320,963
320,974
320,1077
320,1216
320,1226
320,1227
320,1232
320,1294
320,1300
320,1568
320,1588
320,1697
320,1946
320,1947
320,1948
321,11
321,87
321,140
321,178
321,203
321,237
321,245
321,339
322,6
322,7
322,9
322,10
322,14
322,15
322,18
322,21
322,25
322,26
322,32
322,37
322,39
322,40
322,47
322,57
322,62
322,72
322,85
322,87
322,89
322,91
322,97
322,98
322,100
322,101
322,108
322,111
322,119
322,120
322,127
322,137
322,139
322,140
322,146
322,150
322,154
322,157
322,158
322,159
322,160
322,161
322,162
322,164
322,168
322,170
322,172
322,181
322,182
322,184
322,185
322,186
322,188
322,194
322,201
322,212
322,217
322,222
322,226
322,228
322,229
322,231
322,232
322,236
322,242
322,245
322,247
322,248
322,252
322,254
322,255
322,256
322,265
322,270
322,272
322,275
322,279
322,292
322,298
322,304
322,309
322,311
322,313
322,316
322,317
322,318
322,319
322,327
322,329
322,332
322,333
322,334
322,338
322,341
322,342
322,346
322,351
322,358
322,360
322,361
322,366
322,367
322,370
322,372
322,381
322,390
322,391
322,406
322,409
322,412
322,414
322,423
322,432
322,436
322,446
322,456
322,459
322,466
322,470
322,489
322,491
322,501
322,502
322,503
322,505
322,509
322,518
322,521
322,522
322,535
322,538
322,539
322,558
322,559
322,574
322,598
322,602
322,605
322,606
322,607
322,608
322,610
322,616
322,617
322,628
322,638
322,639
322,642
322,645
322,647
322,705
322,715
322,740
322,840
322,847
322,848
322,853
322,854
322,897
322,1035
322,1040
322,1175
322,1187
322,1195
322,1198
322,1240
322,1249
322,1254
322,1484
322,1493
322,1536
322,1643
322,1646
322,1904
322,1949
322,1950
322,1951
323,0
323,3
323,6
323,7
323,9
323,12
323,14
323,15
323,16
323,18
323,19
323,20
323,22
323,30
323,32
323,34
323,36
323,38
323,39
323,42
323,46
323,50
323,59
323,60
323,62
323,63
323,65
323,67
323,70
323,74
323,82
323,85
323,89
323,90
323,91
323,94
323,95
323,97
323,98
323,99
323,102
323,104
323,107
323,109
323,113
323,121
323,122
323,126
323,127
323,129
323,132
323,137
323,139
323,145
323,146
323,149
323,150
323,151
323,157
323,158
323,159
323,160
323,162
323,166
323,168
323,170
323,175
323,177
323,180
323,181
323,182
323,183
323,184
323,187
323,188
323,193
323,201
323,202
323,205
323,207
323,209
323,210
323,212
323,214
323,216
323,218
323,219
323,228
323,229
323,232
323,236
323,237
323,243
323,245
323,248
323,250
323,251
323,252
323,256
323,257
323,260
323,265
323,271
323,275
323,278
323,281
323,287
323,289
323,297
323,301
323,304
323,305
323,309
323,311
323,315
323,316
323,317
323,318
323,319
323,328
323,329
323,333
323,334
323,352
323,354
323,356
323,360
323,361
323,362
323,367
323,368
323,370
323,372
323,374
323,385
323,388
323,390
323,391
323,396
323,397
323,399
323,402
323,404
323,406
323,409
323,413
323,414
323,424
323,425
323,427
323,436
323,437
323,442
323,446
323,452
323,461
323,463
323,489
323,492
323,494
323,496
323,502
323,507
323,514
323,515
323,517
323,522
323,526
323,529
323,534
323,536
323,537
323,541
323,543
323,546
323,547
323,548
323,550
323,552
323,553
323,554
323,561
323,563
323,570
323,572
323,573
323,575
323,578
323,585
323,588
323,589
323,590
323,594
323,598
323,606
323,607
323,608
323,609
323,612
323,617
323,621
323,623
323,634
323,636
323,639
323,646
323,647
323,648
323,649
323,652
323,653
323,655
323,657
323,660
323,664
323,665
323,669
323,670
323,674
323,676
323,677
323,678
323,679
323,681
323,684
323,698
323,699
323,701
323,703
323,710
323,717
323,720
323,721
323,726
323,727
323,729
323,740
323,744
323,755
323,759
323,774
323,779
323,781
323,783
323,785
323,790
323,808
323,809
323,817
323,833
323,839
323,843
323,848
323,858
323,863
323,868
323,870
323,886
323,893
323,894
323,904
323,906
323,916
323,917
323,925
323,926
323,927
323,928
323,937
323,939
323,943
323,948
323,951
323,953
323,956
323,957
323,959
323,960
323,962
323,969
323,971
323,972
323,973
323,978
323,980
323,986
323,990
323,991
323,994
323,999
323,1010
323,1016
323,1019
323,1031
323,1048
323,1050
323,1060
323,1062
323,1066
323,1067
323,1086
323,1091
323,1094
323,1096
323,1101
323,1102
323,1106
323,1108
323,1109
323,1110
323,1115
323,1121
323,1123
323,1130
323,1131
323,1138
323,1139
323,1148
323,1152
323,1156
323,1177
323,1178
323,1188
323,1190
323,1191
323,1192
323,1194
323,1195
323,1198
323,1211
323,1213
323,1221
323,1229
323,1230
323,1231
323,1232
323,1234
323,1236
323,1238
323,1245
323,1247
323,1254
323,1255
323,1256
323,1269
323,1274
323,1276
323,1287
323,1292
323,1296
323,1300
323,1302
323,1304
323,1309
323,1316
323,1318
323,1321
323,1332
323,1335
323,1341
323,1369
323,1381
323,1484
323,1492
323,1520
323,1521
323,1538
323,1539
323,1542
323,1545
323,1546
323,1567
323,1571
323,1573
323,1580
323,1584
323,1586
323,1588
323,1591
323,1592
323,1608
323,1615
323,1616
323,1617
323,1620
323,1629
323,1631
323,1633
323,1643
323,1657
323,1712
323,1723
323,1733
323,1742
323,1750
323,1751
323,1781
323,1783
323,1784
323,1804
323,1826
323,1909
323,1952
323,1953
323,1954
323,1955
323,1956
323,1957
323,1958
323,1959
323,1960
323,1961
323,1962
323,1963
323,1964
323,1965
323,1966
323,1967
323,1968
324,5
324,39
324,96
324,133
324,136
324,139
324,146
324,216
324,304
324,318
324,333
324,364
324,390
324,417
324,424
324,464
324,473
324,489
324,506
324,555
324,563
324,573
324,575
324,585
324,586
324,589
324,612
324,620
324,621
324,636
324,639
324,649
324,652
324,653
324,661
324,672
324,687
324,702
324,703
324,717
324,731
324,735
324,741
324,744
324,753
324,756
324,762
324,779
324,790
324,795
324,798
324,809
324,810
324,819
324,824
324,840
324,853
324,880
324,916
324,926
324,928
324,932
324,937
324,941
324,951
324,953
324,962
324,967
324,971
324,972
324,983
324,1004
324,1031
324,1047
324,1048
324,1062
324,1078
324,1080
324,1094
324,1096
324,1100
324,1101
324,1102
324,1108
324,1109
324,1148
324,1149
324,1179
324,1190
324,1195
324,1227
324,1228
324,1233
324,1261
324,1269
324,1274
324,1278
324,1282
324,1283
324,1287
324,1292
324,1304
324,1309
324,1310
324,1313
324,1316
324,1317
324,1318
324,1322
324,1324
324,1326
324,1328
324,1332
324,1333
324,1334
324,1335
324,1340
324,1341
324,1345
324,1352
324,1353
324,1356
324,1365
324,1366
324,1425
324,1449
324,1520
324,1528
324,1568
324,1574
324,1580
324,1587
324,1592
324,1600
324,1610
324,1624
324,1631
324,1636
324,1647
324,1652
324,1666
324,1677
324,1689
324,1693
324,1712
324,1735
324,1803
324,1826
324,1846
324,1969
324,1970
324,1971
324,1972
324,1973
324,1974
324,1975
324,1976
324,1977
324,1978
324,1979
325,4
325,38
325,42
325,117
325,121
325,131
325,155
325,355
325,505
325,1748
326,32
326,112
326,626
327,178
327,287
327,303
327,535
328,102
328,143
328,165
328,232
328,238
328,299
328,309
328,310
328,324
328,372
328,404
328,437
328,464
328,473
328,496
328,510
328,538
328,572
328,573
328,583
328,586
328,608
328,610
328,639
328,655
328,703
328,725
328,731
328,744
328,779
328,819
328,842
328,847
328,925
328,953
328,965
328,969
328,972
328,1015
328,1047
328,1056
328,1057
328,1065
328,1101
328,1110
328,1117
328,1129
328,1130
328,1141
328,1148
328,1210
328,1227
328,1228
328,1233
328,1234
328,1274
328,1280
328,1301
328,1316
328,1317
328,1318
328,1327
328,1332
328,1333
328,1334
328,1338
328,1345
328,1346
328,1355
328,1364
328,1406
328,1555
328,1565
328,1567
328,1573
328,1588
328,1593
328,1596
328,1599
328,1600
328,1617
328,1636
328,1689
328,1777
328,1810
328,1939
328,1961
328,1983
328,1984
328,1985
328,1986
328,1987
328,1988
328,1989
329,14
329,19
329,26
329,40
329,48
329,62
329,77
329,82
329,142
329,145
329,149
329,157
329,159
329,162
329,164
329,166
329,173
329,175
329,176
329,179
329,180
329,182
329,206
329,245
329,248
329,255
329,256
329,265
329,287
329,290
329,317
329,318
329,334
329,356
329,514
329,519
329,619
330,14
330,40
330,43
330,66
330,221
330,239
330,329
331,150
332,0
332,104
332,154
332,203
332,244
332,245
332,257
332,261
332,269
332,288
332,290
332,335
332,470
332,1072
333,1
333,9
333,25
333,42
333,43
333,51
333,52
333,66
333,69
333,97
333,98
333,104
333,108
333,109
333,120
333,121
333,133
333,137
333,138
333,146
333,150
333,153
333,157
333,160
333,172
333,180
333,182
333,188
333,193
333,200
333,201
333,209
333,211
333,218
333,226
333,228
333,231
333,242
333,250
333,251
333,252
333,256
333,272
333,273
333,287
333,304
333,309
333,316
333,319
333,323
333,324
333,344
333,359
333,364
333,366
333,391
333,405
333,412
333,414
333,418
333,424
333,428
333,441
333,442
333,445
333,446
333,448
333,456
333,463
333,470
333,515
333,522
333,523
333,537
333,547
333,549
333,569
333,583
333,612
333,636
333,639
333,647
333,655
333,657
333,663
333,673
333,675
333,678
333,744
333,747
333,758
333,778
333,790
333,836
333,848
333,858
333,872
333,885
333,905
333,907
333,918
333,925
333,936
333,942
333,948
333,960
333,1043
333,1195
333,1197
333,1198
333,1250
333,1517
333,1623
333,1633
333,1650
333,1722
333,1990
333,1991
333,1992
334,2
334,6
334,7
334,9
334,11
334,12
334,16
334,18
334,19
334,20
334,21
334,23
334,24
334,28
334,30
334,31
334,33
334,34
334,35
334,38
334,42
334,45
334,52
334,53
334,54
334,55
334,59
334,65
334,66
334,77
334,79
334,81
334,82
334,85
334,86
334,88
334,89
334,91
334,94
334,97
334,98
334,101
334,104
334,107
334,108
334,109
334,110
334,111
334,113
334,114
334,118
334,121
334,122
334,126
334,127
334,128
334,129
334,130
334,131
334,137
334,139
334,140
334,142
334,146
334,147
334,148
334,149
334,150
334,157
334,158
334,159
334,160
334,162
334,164
334,167
334,168
334,170
334,173
334,175
334,177
334,181
334,182
334,184
334,185
334,188
334,189
334,190
334,192
334,193
334,194
334,201
334,205
334,209
334,212
334,216
334,217
334,218
334,220
334,222
334,226
334,229
334,230
334,231
334,232
334,241
334,242
334,243
334,244
334,245
334,248
334,251
334,254
334,255
334,260
334,261
334,265
334,267
334,268
334,269
334,270
334,272
334,273
334,274
334,275
334,276
334,278
334,283
334,286
334,292
334,299
334,303
334,304
334,309
334,310
334,311
334,312
334,315
334,318
334,319
334,321
334,322
334,323
334,328
334,329
334,330
334,333
334,337
334,338
334,341
334,345
334,359
334,360
334,361
334,362
334,363
334,364
334,366
334,367
334,370
334,372
334,384
334,390
334,391
334,400
334,405
334,406
334,409
334,411
334,424
334,425
334,433
334,434
334,435
334,437
334,446
334,448
334,450
334,455
334,460
334,463
334,470
334,471
334,472
334,483
334,488
334,489
334,490
334,497
334,500
334,502
334,509
334,516
334,518
334,521
334,522
334,523
334,535
334,537
334,538
334,539
334,540
334,544
334,546
334,547
334,548
334,550
334,551
334,552
334,554
334,557
334,560
334,561
334,564
334,565
334,570
334,572
334,574
334,581
334,593
334,598
334,599
334,601
334,603
334,604
334,606
334,607
334,608
334,610
334,617
334,621
334,622
334,623
334,632
334,636
334,639
334,645
334,647
334,650
334,651
334,654
334,656
334,657
334,658
334,659
334,661
334,664
334,666
334,669
334,670
334,671
334,672
334,674
334,676
334,677
334,678
334,680
334,684
334,685
334,687
334,691
334,692
334,698
334,700
334,701
334,706
334,709
334,716
334,721
334,723
334,726
334,727
334,731
334,733
334,735
334,740
334,742
334,746
334,747
334,749
334,752
334,754
334,755
334,758
334,764
334,781
334,784
334,785
334,788
334,799
334,816
334,843
334,846
334,847
334,853
334,857
334,861
334,865
334,878
334,880
334,881
334,887
334,888
334,889
334,894
334,896
334,904
334,905
334,907
334,909
334,913
334,919
334,921
334,922
334,924
334,925
334,928
334,931
334,934
334,935
334,936
334,939
334,940
334,944
334,945
334,947
334,948
334,978
334,980
334,981
334,982
334,983
334,986
334,988
334,991
334,994
334,995
334,996
334,997
334,999
334,1001
334,1004
334,1009
334,1010
334,1013
334,1015
334,1019
334,1034
334,1038
334,1041
334,1044
334,1048
334,1084
334,1088
334,1090
334,1091
334,1092
334,1094
334,1095
334,1096
334,1097
334,1101
334,1102
334,1108
334,1134
334,1136
334,1156
334,1175
334,1189
334,1191
334,1194
334,1195
334,1199
334,1222
334,1245
334,1254
334,1257
334,1258
334,1310
334,1490
334,1497
334,1517
334,1518
334,1520
334,1529
334,1539
334,1542
334,1611
334,1612
334,1627
334,1650
334,1666
334,1668
334,1675
334,1720
334,1731
334,1733
334,1742
334,1754
334,1763
334,1782
334,1784
334,1943
334,1955
334,1990
334,1993
334,1994
334,1995
334,1996
334,1997
334,1998
334,1999
334,2000
334,2001
334,2002
334,2003
334,2004
334,2005
334,2006
334,2007
334,2008
334,2009
334,2010
334,2011
334,2012
334,2013
334,2014
334,2015
334,2016
334,2017
334,2018
335,42
335,66
335,151
335,179
335,182
335,245
335,368
336,222
336,312
337,45
337,232
337,301
337,342
337,436
337,487
337,491
337,498
337,542
337,556
337,628
337,898
337,1177
337,2019
338,1
338,6
338,10
338,14
338,21
338,37
338,39
338,46
338,47
338,48
338,77
338,97
338,98
338,102
338,108
338,112
338,113
338,133
338,139
338,152
338,157
338,158
338,159
338,161
338,168
338,171
338,175
338,185
338,186
338,188
338,212
338,217
338,219
338,228
338,230
338,231
338,232
338,236
338,242
338,270
338,274
338,275
338,283
338,292
338,298
338,299
338,303
338,309
338,313
338,317
338,318
338,322
338,325
338,328
338,334
338,339
338,342
338,343
338,352
338,361
338,363
338,368
338,370
338,382
338,385
338,404
338,412
338,414
338,420
338,423
338,432
338,436
338,450
338,456
338,470
338,489
338,501
338,503
338,518
338,536
338,537
338,546
338,598
338,602
338,605
338,606
338,607
338,608
338,615
338,617
338,638
338,641
338,642
338,729
338,742
338,848
338,854
338,891
338,906
338,1045
338,1067
338,1108
338,1134
338,1185
338,1187
338,1247
338,1254
338,1490
338,1911
338,2020
339,27
339,48
339,108
339,110
339,180
339,190
339,192
339,195
339,203
339,220
339,228
339,311
339,321
339,342
339,348
339,352
339,371
339,381
339,382
339,404
339,412
339,415
339,418
339,420
339,425
339,426
339,438
339,441
339,458
339,479
339,488
339,497
339,501
339,509
339,598
339,631
339,729
339,848
339,855
339,862
339,882
339,1072
339,1108
339,1180
339,1244
339,1607
340,51
340,110
340,157
340,183
340,228
340,233
340,349
340,351
340,361
340,382
340,404
340,418
340,447
340,495
340,496
340,497
340,592
340,594
340,753
340,868
340,1136
340,1177
340,1719
341,14
341,42
341,44
341,86
341,93
341,101
341,111
341,113
341,131
341,147
341,241
341,247
341,266
341,334
341,514
341,705
341,706
342,69
342,105
342,133
342,177
342,199
342,215
342,233
342,260
342,275
342,299
342,311
342,313
342,337
342,339
342,374
342,406
342,415
342,418
342,428
342,436
342,438
342,439
342,444
342,448
342,458
342,468
342,483
342,488
342,491
342,558
342,593
342,631
342,729
342,847
342,859
342,1033
342,1154
342,1253
342,2023
343,27
343,110
343,158
343,211
343,220
343,225
343,231
343,241
343,252
343,273
343,309
343,338
343,370
343,434
343,451
343,457
343,470
343,485
343,495
343,496
343,522
343,523
343,548
343,549
343,607
343,623
343,675
343,729
343,736
343,742
343,752
343,838
343,849
343,907
343,1007
343,1088
343,1108
343,1116
343,1132
343,1555
343,1589
343,1754
343,1795
343,1907
343,2024
343,2025
343,2026
343,2027
343,2028
343,2029
343,2030
343,2031
344,211
344,229
344,260
344,299
344,300
344,388
344,412
344,436
344,458
344,470
344,536
344,555
344,605
344,843
344,1012
344,1197
345,16
345,219
345,522
345,647
345,660
345,741
345,746
345,749
345,845
345,848
345,880
345,985
345,1646
345,2010
345,2032
346,17
346,33
346,61
346,187
346,350
346,361
346,405
346,425
346,432
346,446
346,748
346,890
346,908
346,1016
346,1088
346,1780
347,17
347,192
347,193
347,231
347,238
347,250
347,361
347,405
347,412
347,425
347,470
347,479
347,496
347,502
347,547
347,554
347,595
347,600
347,617
347,651
347,654
347,655
347,660
347,661
347,742
347,784
347,852
347,861
347,889
347,903
347,936
347,1195
347,1517
347,1731
347,1781
347,1996
347,2033
347,2034
348,17
348,60
348,168
348,339
348,349
348,383
348,415
348,439
348,493
348,495
348,500
348,557
348,561
348,593
348,609
348,700
348,757
348,859
348,1250
348,1663
348,1664
349,168
349,432
349,491
349,498
349,1666
350,0
350,17
350,161
350,255
350,311
350,349
350,460
350,485
350,491
350,501
350,723
351,17
351,48
351,60
351,78
351,110
351,131
351,159
351,178
351,186
351,287
351,299
351,309
351,340
351,384
351,412
351,415
351,420
351,496
351,502
351,558
351,628
351,869
351,906
351,1045
351,1247
352,17
352,110
352,184
352,281
352,311
352,338
352,339
352,415
352,424
352,425
352,439
352,470
352,498
352,501
352,535
352,602
352,617
352,843
352,847
352,869
352,1023
352,1152
352,1169
352,1254
352,1430
352,1442
352,1470
352,1475
352,1665
352,1683
352,1709
352,1872
352,1878
352,1920
352,1976
352,2035
353,51
353,67
353,199
353,227
353,255
353,319
353,370
353,397
353,593
353,836
354,17
355,18
355,86
355,107
355,112
355,115
355,122
355,127
355,131
355,137
355,240
356,18
356,32
356,46
356,62
356,74
356,89
356,94
356,98
356,102
356,139
356,145
356,151
356,157
356,159
356,161
356,162
356,172
356,205
356,230
356,236
356,260
356,276
356,287
356,289
356,303
356,309
356,311
356,317
356,323
356,324
356,329
356,361
356,364
356,368
356,385
356,417
356,418
356,419
356,424
356,425
356,464
356,498
356,502
356,503
356,514
356,522
356,529
356,534
356,537
356,547
356,552
356,567
356,570
356,573
356,584
356,589
356,593
356,598
356,609
356,612
356,633
356,636
356,639
356,652
356,655
356,657
356,674
356,676
356,702
356,703
356,779
356,781
356,792
356,819
356,820
356,870
356,904
356,906
356,937
356,972
356,1058
356,1101
356,1102
356,1109
356,1138
356,1141
356,1148
356,1156
356,1179
356,1184
356,1190
356,1247
356,1269
356,1285
356,1292
356,1296
356,1301
356,1302
356,1304
356,1332
356,1406
356,1425
356,1545
356,1580
356,1583
356,1586
356,1591
356,1594
356,1610
356,1636
356,1657
356,1690
356,1705
356,1718
356,1784
356,1909
356,1986
356,2036
356,2037
356,2038
356,2039
356,2040
356,2041
357,87
357,150
358,19
358,62
358,91
358,104
358,159
358,162
358,312
358,315
358,359
359,35
359,47
359,173
359,177
359,237
359,264
359,311
359,312
359,333
359,358
359,364
359,366
359,369
359,402
359,427
359,451
359,452
359,510
359,522
359,543
359,547
359,561
359,563
359,568
359,637
359,672
359,676
359,680
359,685
359,697
359,698
359,782
359,847
359,931
359,935
359,936
359,942
359,944
359,948
359,983
359,1200
359,1723
359,1786
359,2011
359,2016
359,2046
360,26
360,89
360,113
360,120
360,154
360,167
360,169
360,201
360,303
360,310
361,1
361,37
361,48
361,61
361,66
361,69
361,70
361,104
361,133
361,153
361,156
361,157
361,159
361,161
361,184
361,188
361,192
361,200
361,201
361,202
361,203
361,205
361,208
361,212
361,222
361,228
361,229
361,230
361,238
361,239
361,242
361,250
361,253
361,260
361,264
361,265
361,270
361,273
361,274
361,275
361,287
361,292
361,301
361,311
361,317
361,322
361,323
361,338
361,339
361,340
361,342
361,346
361,347
361,349
361,356
361,364
361,369
361,370
361,374
361,377
361,381
361,404
361,406
361,412
361,415
361,418
361,423
361,424
361,428
361,432
361,444
361,470
361,473
361,489
361,503
361,518
361,598
361,599
361,602
361,608
361,609
361,610
361,614
361,615
361,617
361,628
361,636
361,640
361,650
361,657
361,691
361,710
361,715
361,729
361,731
361,834
361,841
361,843
361,844
361,847
361,848
361,902
361,914
361,1017
361,1033
361,1045
361,1108
361,1156
361,1182
361,1184
361,1190
361,1247
361,1487
361,1539
361,1731
361,1746
362,162
362,173
362,222
362,317
362,1647
363,27
363,67
363,160
363,162
363,180
363,183
363,194
363,195
363,203
363,228
363,255
363,290
363,370
363,372
363,396
363,455
363,477
363,532
363,708
364,39
364,54
364,59
364,120
364,133
364,146
364,158
364,171
364,192
364,231
364,292
364,315
364,318
364,324
364,333
364,334
364,356
364,359
364,361
364,367
364,390
364,409
364,424
364,446
364,463
364,485
364,522
364,523
364,537
364,540
364,541
364,547
364,549
364,552
364,555
364,589
364,602
364,611
364,612
364,617
364,636
364,639
364,642
364,643
364,647
364,648
364,657
364,660
364,661
364,666
364,667
364,669
364,676
364,680
364,698
364,703
364,731
364,733
364,735
364,745
364,747
364,754
364,758
364,764
364,844
364,847
364,848
364,872
364,880
364,888
364,905
364,907
364,909
364,915
364,917
364,924
364,925
364,936
364,945
364,948
364,980
364,981
364,983
364,989
364,1013
364,1038
364,1043
364,1091
364,1092
364,1102
364,1195
364,1254
364,1490
364,1518
364,1529
364,1539
364,1542
364,1568
364,1569
364,1578
364,1615
364,1690
364,1723
364,1731
364,1733
364,1735
364,1954
364,1982
364,2048
364,2049
364,2050
365,19
365,91
365,173
365,271
366,14
366,19
366,20
366,21
366,24
366,25
366,47
366,66
366,91
366,104
366,113
366,154
366,172
366,178
366,180
366,182
366,187
366,192
366,202
366,209
366,210
366,212
366,221
366,222
366,245
366,252
366,255
366,256
366,257
366,259
366,287
366,312
366,316
366,321
366,332
366,333
366,334
366,335
366,336
366,358
366,359
366,372
366,395
366,396
366,399
366,402
366,408
366,434
366,466
366,523
366,530
366,619
366,625
366,706
366,722
366,1176
366,1667
367,110
367,152
367,158
367,162
367,188
367,219
367,292
367,322
367,345
367,364
367,396
367,409
367,414
367,491
367,518
367,527
367,545
367,617
367,642
367,650
367,731
367,746
367,846
367,848
367,853
367,859
367,861
367,881
367,903
367,906
367,985
367,1019
367,1038
367,1040
367,1489
367,1490
367,1764
367,1933
368,9
368,21
368,35
368,36
368,42
368,44
368,62
368,68
368,72
368,85
368,91
368,92
368,94
368,97
368,98
368,101
368,102
368,109
368,111
368,117
368,133
368,136
368,137
368,139
368,143
368,145
368,146
368,153
368,160
368,161
368,162
368,173
368,175
368,188
368,199
368,203
368,214
368,216
368,226
368,231
368,238
368,248
368,250
368,252
368,260
368,278
368,283
368,303
368,317
368,324
368,328
368,335
368,338
368,342
368,370
368,372
368,385
368,400
368,404
368,406
368,412
368,414
368,418
368,428
368,436
368,437
368,439
368,444
368,449
368,491
368,496
368,529
368,538
368,553
368,564
368,565
368,570
368,580
368,583
368,595
368,607
368,614
368,617
368,624
368,629
368,636
368,639
368,657
368,669
368,671
368,683
368,698
368,712
368,726
368,736
368,744
368,780
368,783
368,819
368,840
368,874
368,876
368,884
368,898
368,953
368,997
368,1054
368,1059
368,1062
368,1096
368,1102
368,1104
368,1109
368,1129
368,1137
368,1138
368,1222
368,1233
368,1252
368,1298
368,1535
368,1549
368,1631
368,1632
368,1643
368,1690
368,1761
368,1773
368,1913
368,1936
368,1991
368,1994
368,2051
368,2052
368,2053
368,2054
368,2055
369,250
369,315
369,359
369,374
369,439
369,483
369,729
369,868
369,2056
370,11
370,19
370,48
370,50
370,56
370,61
370,62
370,65
370,78
370,102
370,113
370,120
370,133
370,136
370,146
370,151
370,152
370,175
370,177
370,183
370,184
370,188
370,216
370,219
370,224
370,229
370,230
370,232
370,233
370,245
370,251
370,257
370,273
370,274
370,275
370,302
370,305
370,314
370,315
370,322
370,323
370,324
370,343
370,353
370,363
370,384
370,390
370,421
370,424
370,436
370,437
370,473
370,516
370,522
370,534
370,535
370,538
370,548
370,550
370,552
370,555
370,560
370,564
370,567
370,568
370,570
370,575
370,579
370,581
370,583
370,585
370,586
370,587
370,588
370,598
370,606
370,607
370,608
370,612
370,647
370,659
370,669
370,683
370,685
370,691
370,698
370,699
370,701
370,726
370,729
370,744
370,753
370,758
370,767
370,769
370,774
370,778
370,779
370,781
370,785
370,786
370,790
370,799
370,805
370,810
370,812
370,818
370,819
370,820
370,830
370,838
370,858
370,870
370,874
370,876
370,890
370,914
370,916
370,925
370,926
370,934
370,939
370,943
370,947
370,948
370,953
370,959
370,960
370,962
370,967
370,972
370,973
370,1014
370,1031
370,1050
370,1051
370,1054
370,1055
370,1059
370,1065
370,1083
370,1094
370,1096
370,1100
370,1102
370,1103
370,1105
370,1109
370,1110
370,1123
370,1125
370,1127
370,1130
370,1137
370,1191
370,1206
370,1213
370,1215
370,1222
370,1224
370,1226
370,1229
370,1232
370,1234
370,1254
370,1274
370,1278
370,1280
370,1281
370,1304
370,1316
370,1317
370,1322
370,1339
370,1345
370,1358
370,1379
370,1424
370,1527
370,1531
370,1543
370,1549
370,1551
370,1554
370,1555
370,1557
370,1561
370,1591
370,1600
370,1631
370,1633
370,1672
370,1702
370,1723
370,1794
370,1921
370,1953
370,1989
370,2014
370,2057
370,2058
370,2059
370,2060
370,2061
370,2062
370,2063
370,2064
371,45
371,195
371,218
371,222
371,339
371,1667
371,2065
372,1
372,9
372,10
372,11
372,14
372,16
372,17
372,19
372,20
372,23
372,25
372,32
372,40
372,45
372,46
372,57
372,60
372,62
372,63
372,65
372,68
372,72
372,91
372,104
372,120
372,133
372,150
372,156
372,160
372,168
372,187
372,188
372,194
372,195
372,196
372,198
372,200
372,203
372,206
372,209
372,218
372,220
372,224
372,226
372,232
372,243
372,253
372,254
372,255
372,264
372,290
372,295
372,312
372,313
372,315
372,316
372,319
372,322
372,327
372,366
372,367
372,395
372,410
372,434
372,451
372,459
372,466
372,475
372,476
372,497
372,503
372,523
372,524
372,526
372,557
372,595
372,628
372,709
372,727
372,733
372,829
372,894
372,1154
372,1606
372,1687
372,1775
373,51
373,106
373,202
373,376
373,405
373,2047
374,6
374,21
374,38
374,52
374,58
374,62
374,115
374,172
374,186
374,212
374,226
374,232
374,250
374,255
374,260
374,274
374,300
374,303
374,310
374,342
374,361
374,369
374,383
374,406
374,414
374,439
374,441
374,444
374,448
374,468
374,485
374,487
374,497
374,505
374,596
374,613
374,642
374,660
374,723
374,729
374,732
374,753
374,921
374,1137
374,1254
374,1660
374,1662
374,2066
375,152
375,543
375,554
375,790
375,863
376,373
376,2067
377,52
377,68
377,153
377,185
377,206
377,230
377,233
377,235
377,296
377,313
377,319
377,340
377,349
377,382
377,411
377,414
377,436
377,491
377,521
377,714
377,1033
377,1088
377,1758
378,223
378,714
379,557
380,230
380,297
380,299
380,339
380,349
380,377
380,382
380,404
380,438
380,477
380,493
380,503
380,560
380,826
380,847
380,1108
380,1665
380,1719
381,22
381,140
381,152
381,161
381,192
381,242
381,275
381,298
381,309
381,311
381,339
381,361
381,382
381,406
381,418
381,419
381,420
381,425
381,438
381,521
381,535
381,836
381,847
381,882
381,1188
381,1254
382,48
382,56
382,227
382,311
382,338
382,339
382,340
382,380
382,381
382,399
382,404
382,406
382,412
382,414
382,418
382,421
382,428
382,439
382,501
382,503
382,882
382,1181
382,1918
382,2068
382,2069
383,110
383,200
383,348
383,374
383,414
383,470
383,557
383,560
383,859
383,908
383,2070
384,60
384,175
384,178
384,209
384,210
384,219
384,289
384,309
384,351
384,370
384,644
384,674
384,804
384,836
384,838
384,959
384,1206
384,1332
384,1338
384,1375
384,1392
384,1407
384,1429
384,1702
384,1806
384,1829
384,1834
384,1938
384,1989
384,2071
384,2072
384,2073
384,2074
385,20
385,26
385,66
385,97
385,109
385,139
385,143
385,188
385,192
385,209
385,212
385,216
385,219
385,236
385,283
385,309
385,317
385,338
385,353
385,356
385,367
385,368
385,388
385,397
385,404
385,417
385,458
385,496
385,538
385,541
385,555
385,602
385,608
385,612
385,630
385,647
385,733
385,744
385,748
385,781
385,837
385,889
385,931
385,937
385,1015
385,1031
385,1106
385,1131
385,1247
385,1382
385,1496
385,1609
385,2075
385,2076
386,26
386,40
386,248
386,272
387,229
387,238
387,300
387,412
387,420
387,501
387,505
387,535
387,560
387,605
387,1069
388,33
388,61
388,62
388,65
388,68
388,81
388,219
388,229
388,249
388,265
388,275
388,277
388,283
388,309
388,327
388,333
388,342
388,344
388,385
388,404
388,419
388,424
388,432
388,447
388,466
388,470
388,483
388,489
388,490
388,505
388,510
388,518
388,534
388,535
388,547
388,555
388,573
388,605
388,609
388,616
388,654
388,660
388,710
388,716
388,758
388,760
388,781
388,820
388,840
388,845
388,905
388,906
388,921
388,945
388,948
388,980
388,992
388,1035
388,1106
388,1138
388,1152
388,1184
388,1198
388,1228
388,1247
388,1254
388,1255
388,1491
388,1686
388,1918
388,2051
388,2077
389,44
390,95
390,139
390,146
390,176
390,346
390,364
390,516
390,548
390,562
390,564
390,569
390,576
390,638
390,639
390,668
390,701
390,726
390,781
390,785
390,820
390,874
390,925
390,935
390,953
390,967
390,1059
390,1066
390,1094
390,1102
390,1109
390,1130
390,1210
390,1229
390,1373
390,1385
390,1386
390,1391
390,1438
390,1555
390,1682
390,1778
390,1845
390,1949
390,1954
390,1964
390,2061
390,2078
390,2079
390,2080
391,87
391,169
391,176
391,303
391,809
391,1282
391,1294
391,1300
391,1799
391,2081
392,109
392,157
392,864
393,11
393,25
393,48
393,108
393,154
393,180
393,274
393,283
393,304
393,443
393,509
393,605
393,628
393,847
393,1041
393,1187
393,2082
394,102
394,151
394,180
394,217
394,289
394,482
394,547
394,779
394,1003
394,1048
394,1074
394,1141
394,1254
394,1274
394,1308
394,1317
394,1333
394,1340
394,1346
394,1353
394,1358
394,1639
394,1640
394,1641
394,1673
394,1753
394,1837
395,9
395,45
395,210
395,245
395,260
395,315
396,217
396,273
396,425
396,550
396,552
396,556
396,748
396,799
396,981
396,1215
396,1517
396,1529
396,1626
397,168
397,219
397,727
398,274
399,20
399,61
399,188
399,242
399,250
399,382
399,412
399,415
399,466
399,499
399,502
399,617
400,0
400,39
400,59
400,79
400,99
400,161
400,195
400,231
400,309
400,404
400,425
400,432
400,472
400,507
400,538
400,547
400,559
400,564
400,566
400,578
400,583
400,588
400,616
400,636
400,639
400,645
400,650
400,698
400,726
400,733
400,746
400,778
400,794
400,795
400,798
400,801
400,806
400,811
400,820
400,847
400,848
400,872
400,917
400,931
400,936
400,948
400,953
400,954
400,969
400,976
400,1013
400,1019
400,1039
400,1040
400,1088
400,1108
400,1200
400,1228
400,1229
400,1693
400,1787
400,2083
400,2084
401,73
401,102
401,386
401,457
402,35
402,105
402,218
402,312
402,359
402,451
402,466
403,0
403,48
403,53
403,60
403,186
403,222
403,268
403,275
403,316
403,339
403,342
403,402
403,404
403,412
403,414
403,415
403,417
403,418
403,444
403,448
403,466
403,491
403,493
403,495
403,500
403,501
403,557
403,593
403,631
403,743
403,994
403,1045
403,1154
403,1744
404,27
404,48
404,72
404,98
404,110
404,143
404,159
404,186
404,188
404,202
404,217
404,221
404,232
404,250
404,299
404,300
404,313
404,338
404,339
404,340
404,382
404,385
404,400
404,403
404,412
404,425
404,428
404,439
404,489
404,491
404,492
404,497
404,498
404,501
404,502
404,503
404,505
404,538
404,608
404,634
404,712
404,869
404,1106
404,1939
404,1994
405,249
405,333
405,346
405,347
405,372
405,373
405,675
405,740
405,848
405,872
405,885
405,1041
405,1194
405,1199
405,1712
405,1764
406,22
406,27
406,180
406,229
406,260
406,268
406,273
406,298
406,303
406,311
406,342
406,382
406,439
406,491
406,523
406,710
406,1176
406,1251
407,55
407,106
407,183
407,218
407,237
407,708
408,162
408,202
408,222
408,252
408,365
408,733
408,835
409,0
409,40
409,76
409,100
409,120
409,133
409,134
409,139
409,146
409,150
409,157
409,159
409,160
409,170
409,175
409,177
409,184
409,225
409,229
409,231
409,239
409,265
409,268
409,283
409,323
409,324
409,330
409,347
409,364
409,367
409,424
409,432
409,434
409,446
409,518
409,522
409,527
409,537
409,540
409,543
409,544
409,547
409,549
409,598
409,621
409,636
409,645
409,647
409,648
409,657
409,659
409,663
409,666
409,673
409,678
409,680
409,691
409,696
409,699
409,710
409,720
409,731
409,733
409,742
409,744
409,747
409,749
409,755
409,758
409,759
409,764
409,766
409,827
409,880
409,907
409,908
409,915
409,925
409,928
409,934
409,936
409,939
409,948
409,960
409,992
409,997
409,1003
409,1013
409,1015
409,1019
409,1038
409,1090
409,1193
409,1240
409,1254
409,1493
409,1529
409,1568
409,1627
409,1693
409,1732
409,1733
409,1776
409,1781
409,1812
409,1820
409,1915
409,2009
409,2048
409,2089
409,2090
409,2091
410,50
410,133
410,156
410,237
410,372
411,22
411,160
411,186
411,220
411,224
411,309
411,377
411,412
411,415
411,428
411,488
411,491
411,558
411,593
411,631
411,634
411,1033
411,1758
411,2093
412,22
412,25
412,48
412,110
412,145
412,159
412,161
412,177
412,192
412,199
412,203
412,205
412,209
412,226
412,235
412,242
412,270
412,275
412,299
412,301
412,309
412,311
412,313
412,319
412,333
412,344
412,347
412,351
412,361
412,382
412,387
412,399
412,404
412,411
412,415
412,418
412,436
412,439
412,440
412,444
412,501
412,502
412,560
412,598
412,602
412,606
412,729
412,836
412,842
412,843
412,858
412,1249
412,1484
413,9
413,16
413,19
413,22
413,25
413,26
413,33
413,35
413,36
413,47
413,58
413,63
413,65
413,67
413,68
413,70
413,78
413,80
413,91
413,98
413,102
413,110
413,120
413,125
413,155
413,156
413,157
413,158
413,168
413,172
413,173
413,177
413,184
413,188
413,193
413,201
413,208
413,212
413,216
413,222
413,226
413,228
413,229
413,230
413,231
413,232
413,233
413,234
413,237
413,241
413,251
413,252
413,253
413,257
413,260
413,261
413,262
413,263
413,265
413,268
413,270
413,275
413,279
413,289
413,290
413,295
413,297
413,299
413,300
413,301
413,304
413,316
413,318
413,319
413,322
413,323
413,324
413,331
413,333
413,342
413,343
413,345
413,349
413,351
413,363
413,364
413,365
413,367
413,378
413,380
413,381
413,390
413,393
413,399
413,407
413,420
413,424
413,425
413,426
413,427
413,433
413,436
413,437
413,439
413,442
413,443
413,444
413,446
413,447
413,448
413,452
413,456
413,458
413,463
413,464
413,470
413,472
413,473
413,478
413,480
413,481
413,485
413,490
413,491
413,492
413,495
413,497
413,498
413,499
413,502
413,516
413,517
413,522
413,525
413,529
413,531
413,534
413,538
413,539
413,542
413,543
413,544
413,546
413,547
413,551
413,554
413,558
413,560
413,563
413,566
413,572
413,575
413,581
413,585
413,586
413,588
413,592
413,601
413,602
413,604
413,607
413,608
413,614
413,621
413,623
413,627
413,628
413,637
413,639
413,642
413,646
413,647
413,648
413,650
413,651
413,653
413,655
413,657
413,660
413,661
413,663
413,666
413,670
413,671
413,673
413,676
413,678
413,680
413,681
413,684
413,685
413,687
413,695
413,697
413,698
413,699
413,701
413,703
413,723
413,726
413,729
413,732
413,742
413,744
413,751
413,765
413,767
413,771
413,772
413,774
413,778
413,781
413,782
413,785
413,790
413,795
413,802
413,809
413,818
413,830
413,833
413,836
413,839
413,840
413,844
413,846
413,872
413,887
413,888
413,889
413,891
413,892
413,899
413,917
413,918
413,922
413,927
413,928
413,932
413,936
413,941
413,942
413,953
413,960
413,968
413,969
413,972
413,978
413,980
413,981
413,982
413,984
413,986
413,997
413,999
413,1003
413,1007
413,1014
413,1019
413,1031
413,1034
413,1038
413,1041
413,1046
413,1047
413,1050
413,1052
413,1055
413,1056
413,1058
413,1059
413,1060
413,1061
413,1067
413,1069
413,1077
413,1079
413,1080
413,1091
413,1094
413,1096
413,1097
413,1098
413,1099
413,1101
413,1102
413,1108
413,1109
413,1110
413,1111
413,1114
413,1117
413,1121
413,1143
413,1144
413,1148
413,1165
413,1177
413,1178
413,1182
413,1188
413,1189
413,1193
413,1195
413,1196
413,1215
413,1220
413,1221
413,1222
413,1223
413,1226
413,1227
413,1228
413,1229
413,1230
413,1232
413,1234
413,1236
413,1237
413,1244
413,1250
413,1255
413,1256
413,1269
413,1273
413,1274
413,1279
413,1289
413,1290
413,1300
413,1301
413,1302
413,1304
413,1310
413,1312
413,1313
413,1314
413,1316
413,1318
413,1320
413,1327
413,1328
413,1336
413,1341
413,1345
413,1346
413,1349
413,1352
413,1353
413,1354
413,1356
413,1359
413,1360
413,1361
413,1363
413,1365
413,1366
413,1367
413,1368
413,1370
413,1372
413,1376
413,1378
413,1381
413,1382
413,1385
413,1406
413,1407
413,1408
413,1410
413,1415
413,1416
413,1443
413,1449
413,1483
413,1484
413,1487
413,1491
413,1492
413,1506
413,1519
413,1520
413,1521
413,1522
413,1526
413,1527
413,1550
413,1551
413,1555
413,1556
413,1558
413,1559
413,1561
413,1563
413,1567
413,1569
413,1578
413,1588
413,1590
413,1597
413,1601
413,1617
413,1623
413,1626
413,1633
413,1636
413,1643
413,1658
413,1666
413,1673
413,1675
413,1677
413,1682
413,1689
413,1691
413,1697
413,1705
413,1731
413,1737
413,1751
413,1756
413,1764
413,1785
413,1792
413,1796
413,1797
413,1802
413,1807
413,1808
413,1823
413,1826
413,1828
413,1832
413,1847
413,1876
413,1904
413,1906
413,1908
413,1912
413,1923
413,1938
413,1943
413,1945
413,1961
413,1977
413,1987
413,1990
413,2000
413,2001
413,2003
413,2004
413,2020
413,2023
413,2036
413,2047
413,2053
413,2056
413,2072
413,2074
413,2085
413,2086
413,2089
413,2095
413,2096
413,2097
413,2098
413,2099
413,2100
413,2101
413,2102
413,2103
413,2104
413,2105
413,2106
413,2107
413,2108
413,2109
413,2110
413,2111
413,2112
413,2113
413,2114
413,2115
413,2116
413,2117
413,2118
413,2119
413,2120
413,2121
413,2122
413,2123
413,2124
413,2125
413,2126
413,2127
413,2128
414,22
414,152
414,298
414,322
414,382
414,383
414,403
414,423
414,488
414,557
414,726
414,1035
414,1748
415,22
415,48
415,200
415,273
415,309
415,319
415,339
415,351
415,399
415,411
415,439
415,446
415,498
415,501
415,503
415,557
415,841
415,847
415,868
415,869
415,1154
415,1758
415,1939
415,2129
416,22
416,420
416,605
416,633
417,22
417,300
417,420
417,425
417,737
417,842
418,0
418,22
418,25
418,48
418,61
418,110
418,130
418,187
418,188
418,228
418,232
418,233
418,313
418,322
418,339
418,340
418,352
418,356
418,361
418,381
418,382
418,403
418,404
418,412
418,419
418,421
418,428
418,438
418,491
418,497
418,498
418,500
418,560
418,598
418,605
418,608
418,615
418,628
418,715
418,840
418,843
418,847
418,864
418,1184
418,1187
418,1196
418,1247
418,1744
419,22
419,281
419,311
419,356
419,381
419,388
419,418
419,421
419,431
419,535
419,555
419,605
419,838
419,845
420,22
420,119
420,152
420,238
420,298
420,339
420,351
420,381
420,387
420,416
420,438
420,497
420,505
420,535
420,600
420,869
420,882
420,917
420,1088
420,1188
420,1609
420,1737
421,17
421,22
421,48
421,62
421,188
421,218
421,229
421,268
421,275
421,285
421,338
421,380
421,382
421,388
421,404
421,416
421,417
421,418
421,419
421,420
421,429
421,482
421,489
421,490
421,535
421,560
421,604
421,605
421,608
421,633
421,639
421,790
421,842
421,886
421,980
421,1108
421,1196
421,1609
421,1672
421,2069
422,22
422,299
422,311
422,429
422,715
423,22
423,133
423,322
423,338
423,414
423,420
423,424
423,509
423,598
423,614
423,616
423,743
423,911
423,1185
423,1248
423,1536
423,1643
423,1740
423,2130
424,6
424,9
424,22
424,25
424,28
424,33
424,42
424,49
424,50
424,51
424,54
424,57
424,58
424,66
424,67
424,68
424,70
424,72
424,77
424,85
424,90
424,104
424,108
424,133
424,146
424,158
424,160
424,161
424,173
424,177
424,184
424,190
424,196
424,201
424,205
424,210
424,218
424,223
424,226
424,229
424,230
424,234
424,236
424,249
424,252
424,253
424,254
424,256
424,257
424,261
424,264
424,265
424,267
424,268
424,272
424,275
424,283
424,286
424,298
424,301
424,304
424,311
424,313
424,316
424,318
424,322
424,323
424,324
424,328
424,333
424,334
424,339
424,345
424,347
424,350
424,352
424,354
424,358
424,359
424,361
424,364
424,365
424,370
424,376
424,378
424,381
424,384
424,388
424,390
424,393
424,409
424,414
424,415
424,423
424,425
424,433
424,437
424,444
424,446
424,456
424,459
424,467
424,479
424,489
424,522
424,529
424,535
424,537
424,540
424,542
424,543
424,544
424,547
424,548
424,549
424,550
424,551
424,552
424,579
424,585
424,592
424,607
424,608
424,620
424,628
424,632
424,636
424,638
424,639
424,651
424,653
424,657
424,659
424,660
424,661
424,666
424,668
424,669
424,670
424,671
424,672
424,673
424,676
424,680
424,685
424,687
424,688
424,698
424,701
424,702
424,710
424,713
424,731
424,735
424,741
424,742
424,744
424,754
424,759
424,764
424,767
424,781
424,788
424,796
424,826
424,827
424,833
424,836
424,837
424,852
424,853
424,857
424,858
424,865
424,869
424,885
424,888
424,893
424,901
424,903
424,904
424,905
424,909
424,917
424,921
424,924
424,925
424,936
424,939
424,940
424,948
424,960
424,978
424,980
424,990
424,994
424,1004
424,1006
424,1010
424,1013
424,1015
424,1016
424,1019
424,1041
424,1043
424,1048
424,1052
424,1088
424,1089
424,1091
424,1092
424,1102
424,1134
424,1198
424,1232
424,1255
424,1258
424,1259
424,1313
424,1425
424,1486
424,1519
424,1520
424,1521
424,1527
424,1536
424,1538
424,1540
424,1543
424,1568
424,1575
424,1577
424,1627
424,1666
424,1715
424,1735
424,1739
424,1742
424,1744
424,1756
424,1774
424,1781
424,1914
424,1918
424,1922
424,1923
424,1945
424,1954
424,1955
424,1970
424,1981
424,1991
424,2000
424,2007
424,2012
424,2048
424,2083
424,2111
424,2112
424,2113
424,2131
424,2132
424,2133
424,2134
424,2135
424,2136
424,2137
424,2138
424,2139
424,2140
424,2141
424,2142
424,2143
425,22
425,61
425,108
425,188
425,192
425,229
425,231
425,238
425,242
425,273
425,275
425,309
425,311
425,313
425,318
425,339
425,346
425,347
425,352
425,356
425,381
425,396
425,404
425,413
425,417
425,436
425,490
425,492
425,503
425,535
425,612
425,617
425,834
425,836
425,843
425,845
425,1184
425,1190
425,1247
425,1643
426,22
426,39
426,183
426,198
426,203
426,239
426,242
426,268
426,339
426,420
426,425
426,438
426,444
426,448
426,449
426,836
426,1492
426,1715
427,45
427,108
427,190
427,359
427,869
428,8
428,18
428,20
428,21
428,22
428,25
428,27
428,37
428,38
428,42
428,45
428,52
428,67
428,91
428,92
428,108
428,110
428,130
428,133
428,145
428,150
428,154
428,157
428,160
428,177
428,184
428,186
428,189
428,205
428,212
428,216
428,217
428,221
428,226
428,229
428,230
428,231
428,232
428,234
428,260
428,272
428,275
428,279
428,302
428,311
428,313
428,316
428,319
428,333
428,338
428,342
428,360
428,361
428,368
428,370
428,382
428,390
428,404
428,406
428,411
428,415
428,418
428,425
428,441
428,444
428,446
428,448
428,449
428,458
428,461
428,484
428,498
428,503
428,505
428,535
428,599
428,602
428,609
428,610
428,620
428,628
428,629
428,634
428,744
428,833
428,852
428,858
428,871
428,896
428,920
428,921
428,925
428,1092
428,1201
428,1244
428,1254
428,1536
428,1643
428,1773
428,1911
428,2037
429,22
429,60
429,152
429,422
429,650
429,1672
429,1919
430,428
430,432
430,615
430,802
430,1006
430,1346
430,1655
431,260
431,509
431,740
431,746
431,799
431,988
431,1019
431,1949
432,9
432,37
432,72
432,211
432,222
432,273
432,280
432,319
432,322
432,338
432,353
432,361
432,393
432,425
432,430
432,444
432,481
432,532
432,546
432,602
432,608
432,610
432,642
432,709
432,746
432,847
432,860
432,884
432,899
432,1016
432,1186
432,1188
433,23
433,241
433,297
433,435
433,542
433,549
433,551
433,745
433,1006
433,1756
433,2145
434,24
434,26
434,65
434,109
434,133
434,151
434,158
434,172
434,219
434,241
434,252
434,283
434,301
434,343
434,345
434,396
434,401
434,437
434,470
434,482
434,489
434,510
434,522
434,541
434,546
434,547
434,549
434,550
434,556
434,570
434,598
434,607
434,618
434,619
434,645
434,649
434,650
434,660
434,680
434,720
434,742
434,749
434,756
434,802
434,875
434,888
434,889
434,907
434,912
434,923
434,924
434,928
434,997
434,1000
434,1004
434,1039
434,1095
434,1187
434,1202
434,1254
434,1440
434,1518
434,1526
434,2048
434,2146
435,24
435,433
435,563
435,1013
435,1015
435,1176
435,2145
436,0
436,9
436,27
436,28
436,52
436,60
436,62
436,69
436,160
436,188
436,196
436,199
436,203
436,205
436,209
436,219
436,223
436,224
436,225
436,230
436,232
436,252
436,264
436,268
436,270
436,298
436,299
436,313
436,319
436,337
436,342
436,344
436,377
436,384
436,395
436,425
436,439
436,444
436,446
436,448
436,483
436,491
436,498
436,502
436,631
436,726
436,896
436,980
436,1177
436,1744
436,1749
436,2019
436,2066
437,9
437,25
437,36
437,59
437,65
437,102
437,109
437,113
437,120
437,146
437,188
437,222
437,230
437,236
437,251
437,252
437,278
437,323
437,324
437,328
437,333
437,342
437,345
437,368
437,370
437,372
437,384
437,406
437,413
437,414
437,424
437,425
437,434
437,442
437,452
437,463
437,464
437,470
437,473
437,495
437,499
437,522
437,529
437,537
437,540
437,548
437,561
437,575
437,577
437,578
437,579
437,585
437,602
437,612
437,616
437,631
437,634
437,636
437,638
437,639
437,642
437,647
437,648
437,655
437,657
437,659
437,660
437,669
437,670
437,674
437,676
437,683
437,684
437,698
437,700
437,701
437,703
437,716
437,744
437,755
437,772
437,773
437,781
437,809
437,820
437,833
437,840
437,867
437,906
437,917
437,921
437,925
437,927
437,932
437,941
437,948
437,951
437,953
437,960
437,967
437,969
437,972
437,980
437,1010
437,1015
437,1031
437,1043
437,1047
437,1058
437,1062
437,1065
437,1091
437,1096
437,1102
437,1111
437,1130
437,1140
437,1143
437,1146
437,1149
437,1153
437,1182
437,1195
437,1201
437,1203
437,1215
437,1224
437,1228
437,1233
437,1235
437,1259
437,1296
437,1308
437,1316
437,1327
437,1333
437,1334
437,1344
437,1359
437,1360
437,1361
437,1362
437,1365
437,1368
437,1372
437,1373
437,1376
437,1378
437,1382
437,1385
437,1392
437,1406
437,1408
437,1411
437,1415
437,1416
437,1449
437,1454
437,1462
437,1483
437,1506
437,1509
437,1561
437,1583
437,1603
437,1615
437,1647
437,1683
437,1684
437,1701
437,1764
437,1768
437,1822
437,1828
437,1830
437,1832
437,1833
437,1841
437,1923
437,1929
437,1956
437,1978
437,2074
437,2080
437,2093
437,2147
437,2148
437,2149
437,2150
437,2151
437,2152
437,2153
437,2154
437,2155
437,2156
437,2157
438,25
438,48
438,61
438,108
438,130
438,138
438,226
438,229
438,230
438,313
438,339
438,342
438,380
438,381
438,416
438,418
438,420
438,426
438,448
438,450
438,458
438,470
438,487
438,490
438,491
438,509
438,535
438,558
438,605
438,609
438,640
438,715
438,742
438,899
438,1088
438,1183
438,1254
438,1514
438,1716
439,25
439,55
439,151
439,152
439,205
439,209
439,211
439,249
439,260
439,275
439,297
439,319
439,342
439,348
439,352
439,363
439,368
439,369
439,374
439,382
439,404
439,406
439,412
439,415
439,433
439,436
439,441
439,444
439,450
439,463
439,481
439,485
439,598
439,628
439,629
439,714
439,757
439,836
439,847
439,860
439,868
439,884
439,1715
439,1993
439,2099
440,25
440,45
440,51
440,70
440,195
440,200
440,232
440,233
440,296
440,297
440,300
440,412
440,592
440,885
441,25
441,51
441,61
441,63
441,104
441,304
441,439
441,444
441,865
441,1016
441,1241
441,2158
442,25
442,67
442,108
442,130
442,160
442,184
442,199
442,209
442,226
442,234
442,251
442,268
442,309
442,311
442,333
442,370
442,378
442,448
442,450
442,452
442,464
442,613
442,628
442,733
442,790
442,942
442,969
442,1023
442,1028
442,1047
442,1137
442,1143
442,1150
442,1157
442,1160
442,1161
442,1162
442,1165
442,1168
442,1171
442,1316
442,1357
442,1359
442,1361
442,1362
442,1365
442,1370
442,1372
442,1381
442,1385
442,1386
442,1388
442,1400
442,1406
442,1408
442,1411
442,1422
442,1426
442,1428
442,1430
442,1431
442,1437
442,1442
442,1443
442,1444
442,1448
442,1460
442,1461
442,1464
442,1470
442,1471
442,1475
442,1478
442,1551
442,1574
442,1684
442,1715
442,1819
442,1828
442,1845
442,1847
442,1851
442,1865
442,1870
442,1872
442,1878
442,1929
442,1960
442,2035
442,2155
442,2159
442,2160
442,2161
442,2162
442,2163
442,2164
442,2165
442,2166
442,2167
443,25
443,233
443,445
443,450
444,25
444,52
444,199
444,211
444,217
444,233
444,260
444,319
444,342
444,361
444,412
444,426
444,432
444,439
444,441
444,443
444,448
444,449
444,458
444,485
444,502
444,610
444,729
444,733
444,868
444,904
444,1137
445,443
446,25
446,32
446,45
446,98
446,120
446,158
446,194
446,201
446,211
446,233
446,236
446,270
446,281
446,322
446,323
446,334
446,346
446,364
446,409
446,424
446,448
446,463
446,470
446,473
446,489
446,490
446,522
446,537
446,544
446,546
446,573
446,602
446,645
446,657
446,665
446,680
446,688
446,747
446,751
446,769
446,848
446,891
446,918
446,928
446,940
446,976
446,980
446,997
446,1034
446,1177
446,1197
446,1546
446,1712
446,1720
446,1732
446,2046
446,2136
447,130
447,268
447,340
447,665
447,868
447,1134
448,25
448,42
448,45
448,51
448,52
448,68
448,98
448,105
448,133
448,186
448,199
448,205
448,209
448,211
448,216
448,221
448,226
448,230
448,231
448,232
448,233
448,235
448,245
448,268
448,272
448,297
448,304
448,309
448,311
448,313
448,319
448,333
448,342
448,372
448,403
448,436
448,442
448,444
448,446
448,449
448,450
448,458
448,473
448,483
448,498
448,502
448,523
448,531
448,592
448,628
448,629
448,723
448,733
448,868
448,997
448,1016
448,1241
448,1251
448,1660
448,1715
448,1744
448,1749
448,2066
448,2168
448,2169
449,108
449,190
449,205
449,217
449,220
449,230
449,233
449,235
449,268
449,270
449,298
449,300
449,304
449,342
449,396
449,426
449,444
449,447
449,448
449,450
449,458
449,482
449,509
449,523
449,642
449,729
449,733
449,1135
449,1137
449,1254
449,1744
449,1749
449,2168
450,206
450,233
450,442
450,443
450,448
450,449
450,495
450,598
450,606
450,629
450,733
450,868
450,1744
450,1758
451,155
451,176
451,202
451,359
451,402
451,434
451,575
451,590
451,941
451,1687
452,54
452,136
452,171
452,230
452,278
452,359
452,390
452,413
452,437
452,442
452,464
452,499
452,516
452,549
452,556
452,567
452,639
452,675
452,683
452,693
452,701
452,703
452,754
452,761
452,809
452,833
452,942
452,969
452,980
452,984
452,998
452,1047
452,1051
452,1065
452,1080
452,1094
452,1119
452,1148
452,1150
452,1151
452,1157
452,1160
452,1161
452,1163
452,1165
452,1168
452,1171
452,1203
452,1206
452,1228
452,1229
452,1230
452,1234
452,1280
452,1284
452,1291
452,1293
452,1316
452,1320
452,1328
452,1344
452,1362
452,1363
452,1366
452,1369
452,1371
452,1373
452,1378
452,1381
452,1382
452,1384
452,1385
452,1388
452,1389
452,1391
452,1398
452,1400
452,1401
452,1402
452,1404
452,1406
452,1407
452,1408
452,1410
452,1411
452,1415
452,1416
452,1426
452,1427
452,1428
452,1429
452,1430
452,1431
452,1435
452,1437
452,1438
452,1439
452,1441
452,1442
452,1443
452,1444
452,1449
452,1452
452,1453
452,1455
452,1458
452,1461
452,1462
452,1468
452,1470
452,1477
452,1481
452,1483
452,1498
452,1506
452,1511
452,1543
452,1562
452,1590
452,1601
452,1620
452,1624
452,1625
452,1682
452,1683
452,1684
452,1710
452,1797
452,1832
452,1833
452,1834
452,1835
452,1843
452,1845
452,1849
452,1851
452,1859
452,1864
452,1865
452,1882
452,1888
452,1901
452,1929
452,2001
452,2035
452,2151
452,2155
452,2162
452,2163
452,2164
452,2171
452,2172
452,2173
452,2174
452,2175
452,2176
452,2177
452,2178
452,2179
452,2180
452,2181
452,2182
452,2183
452,2184
452,2185
452,2186
452,2187
452,2188
453,176
453,180
454,103
454,176
454,187
454,254
454,260
454,721
454,1650
455,363
456,158
456,272
456,333
456,384
456,424
456,446
456,498
456,543
456,663
456,681
456,702
456,830
456,917
456,2189
456,2190
457,237
457,343
457,401
457,466
458,68
458,133
458,199
458,211
458,226
458,260
458,268
458,283
458,342
458,344
458,385
458,428
458,438
458,444
458,448
458,449
458,450
458,466
458,483
458,491
458,502
458,523
458,847
458,976
458,1034
458,1154
458,1253
458,1492
458,2098
459,104
459,156
459,195
459,1486
460,26
460,38
460,45
460,125
460,127
460,170
460,173
461,14
461,32
461,45
461,60
461,83
461,94
461,97
461,105
461,115
461,139
461,153
461,202
461,211
461,216
461,297
461,303
461,520
461,629
461,994
461,1667
462,30
462,32
462,41
462,43
462,44
462,46
462,79
462,81
462,92
462,101
462,103
462,112
462,151
462,201
462,240
462,266
462,290
462,512
462,624
463,61
463,66
463,152
463,158
463,289
463,364
463,437
463,439
463,446
463,537
463,680
463,983
463,1010
463,1012
463,1195
463,1240
463,1916
463,2025
464,47
464,48
464,57
464,109
464,183
464,187
464,230
464,251
464,356
464,437
464,442
464,452
464,653
464,699
464,744
464,772
464,820
464,842
464,941
464,969
464,972
464,1031
464,1047
464,1053
464,1079
464,1097
464,1103
464,1123
464,1130
464,1145
464,1146
464,1148
464,1151
464,1163
464,1165
464,1167
464,1170
464,1176
464,1220
464,1228
464,1233
464,1234
464,1308
464,1316
464,1323
464,1324
464,1333
464,1339
464,1344
464,1346
464,1347
464,1357
464,1363
464,1365
464,1369
464,1375
464,1390
464,1392
464,1412
464,1417
464,1434
464,1438
464,1444
464,1455
464,1458
464,1508
464,1565
464,1584
464,1587
464,1602
464,1622
464,1623
464,1677
464,1682
464,1778
464,1803
464,1804
464,1830
464,1834
464,1857
464,1863
464,1865
464,1872
464,1873
464,1928
464,1978
464,2152
464,2155
464,2159
464,2191
464,2192
464,2193
464,2194
464,2195
464,2196
464,2197
464,2198
464,2199
464,2200
464,2201
464,2202
465,50
465,2068
466,0
466,10
466,20
466,22
466,48
466,60
466,61
466,62
466,72
466,110
466,113
466,156
466,168
466,183
466,189
466,203
466,218
466,221
466,222
466,223
466,225
466,229
466,230
466,245
466,257
466,264
466,267
466,272
466,274
466,281
466,295
466,298
466,301
466,304
466,315
466,319
466,322
466,332
466,358
466,388
466,399
466,401
466,402
466,403
466,404
466,412
466,419
466,457
466,465
466,476
466,526
466,554
466,555
466,605
466,628
466,640
466,676
466,725
466,727
466,738
466,836
466,900
466,1132
466,1486
466,1716
467,1
467,7
467,26
467,40
467,44
467,46
467,57
467,88
467,93
467,100
467,114
467,116
467,127
467,137
467,147
467,164
467,181
467,199
467,216
467,297
467,461
467,531
467,536
467,1660
468,300
468,342
468,449
468,671
468,847
468,868
469,26
469,32
469,73
469,87
469,129
469,267
469,303
470,0
470,1
470,6
470,11
470,20
470,22
470,26
470,36
470,37
470,45
470,50
470,56
470,59
470,61
470,63
470,67
470,72
470,91
470,98
470,104
470,105
470,110
470,113
470,120
470,130
470,133
470,154
470,158
470,159
470,161
470,168
470,182
470,188
470,193
470,201
470,202
470,203
470,206
470,207
470,208
470,210
470,212
470,218
470,222
470,224
470,225
470,226
470,228
470,229
470,230
470,234
470,237
470,242
470,245
470,248
470,249
470,251
470,273
470,275
470,281
470,296
470,297
470,298
470,299
470,300
470,301
470,318
470,321
470,322
470,326
470,329
470,333
470,334
470,338
470,340
470,342
470,343
470,344
470,347
470,350
470,352
470,354
470,361
470,364
470,365
470,367
470,378
470,383
470,384
470,388
470,406
470,412
470,413
470,415
470,416
470,417
470,419
470,420
470,422
470,429
470,432
470,434
470,436
470,437
470,438
470,441
470,446
470,447
470,450
470,458
470,459
470,463
470,464
470,482
470,487
470,488
470,489
470,490
470,491
470,493
470,495
470,496
470,497
470,498
470,500
470,518
470,521
470,522
470,535
470,536
470,537
470,543
470,553
470,557
470,558
470,574
470,585
470,591
470,593
470,598
470,602
470,604
470,606
470,607
470,608
470,617
470,627
470,628
470,629
470,649
470,651
470,660
470,676
470,678
470,714
470,715
470,720
470,723
470,733
470,745
470,746
470,758
470,771
470,790
470,799
470,826
470,830
470,835
470,839
470,847
470,855
470,865
470,880
470,888
470,892
470,896
470,903
470,917
470,936
470,980
470,981
470,983
470,989
470,994
470,999
470,1004
470,1008
470,1034
470,1038
470,1059
470,1090
470,1135
470,1187
470,1188
470,1195
470,1245
470,1486
470,1493
470,1498
470,1517
470,1525
470,1538
470,1650
470,1663
470,1666
470,1667
470,1715
470,1740
470,1773
470,1920
470,1945
470,2022
470,2036
470,2091
470,2108
470,2169
471,640
471,2102
472,564
472,574
472,576
472,584
472,588
472,623
472,795
472,803
472,824
472,917
472,925
472,953
472,962
472,963
472,1066
472,1075
472,1108
472,1112
472,1221
472,1229
472,1293
472,1304
472,1801
472,1961
472,1964
472,2055
472,2086
472,2147
472,2204
472,2205
473,1
473,43
473,61
473,65
473,66
473,76
473,94
473,98
473,129
473,159
473,177
473,189
473,203
473,231
473,233
473,242
473,251
473,256
473,268
473,313
473,318
473,323
473,324
473,361
473,370
473,381
473,390
473,413
473,425
473,437
473,442
473,446
473,448
473,452
473,459
473,464
473,466
473,522
473,547
473,553
473,560
473,567
473,573
473,574
473,575
473,581
473,585
473,586
473,588
473,612
473,623
473,639
473,655
473,657
473,676
473,681
473,683
473,687
473,702
473,711
473,715
473,716
473,717
473,762
473,774
473,790
473,809
473,828
473,830
473,838
473,870
473,880
473,904
473,906
473,927
473,932
473,941
473,945
473,953
473,955
473,956
473,960
473,966
473,968
473,969
473,972
473,977
473,1023
473,1031
473,1055
473,1061
473,1065
473,1080
473,1094
473,1096
473,1097
473,1102
473,1104
473,1105
473,1109
473,1110
473,1114
473,1116
473,1127
473,1129
473,1141
473,1142
473,1146
473,1148
473,1149
473,1150
473,1151
473,1157
473,1160
473,1163
473,1179
473,1203
473,1217
473,1221
473,1226
473,1228
473,1229
473,1232
473,1234
473,1249
473,1264
473,1278
473,1286
473,1291
473,1299
473,1300
473,1301
473,1302
473,1308
473,1314
473,1322
473,1326
473,1328
473,1333
473,1338
473,1342
473,1345
473,1347
473,1349
473,1355
473,1359
473,1362
473,1363
473,1367
473,1368
473,1369
473,1370
473,1372
473,1378
473,1381
473,1383
473,1384
473,1385
473,1389
473,1397
473,1403
473,1406
473,1408
473,1410
473,1415
473,1416
473,1443
473,1449
473,1483
473,1503
473,1506
473,1511
473,1528
473,1538
473,1545
473,1559
473,1562
473,1567
473,1568
473,1571
473,1590
473,1596
473,1624
473,1625
473,1647
473,1676
473,1677
473,1696
473,1705
473,1723
473,1797
473,1800
473,1803
473,1808
473,1817
473,1822
473,1826
473,1830
473,1841
473,1845
473,1853
473,1855
473,1864
473,1889
473,1923
473,1927
473,1946
473,1947
473,1948
473,1985
473,1987
473,1989
473,2061
473,2085
473,2089
473,2117
473,2126
473,2127
473,2139
473,2152
473,2172
473,2177
473,2182
473,2206
473,2207
473,2208
473,2209
473,2210
473,2211
473,2212
473,2213
473,2214
474,145
474,180
474,259
474,408
474,733
475,70
475,72
475,156
475,183
475,263
475,272
475,315
475,406
475,526
475,733
475,1087
476,9
476,35
476,39
476,145
476,177
476,186
476,200
476,203
476,252
476,254
476,274
476,275
476,290
476,309
476,372
476,466
476,475
476,477
476,502
476,505
476,710
476,727
476,728
477,311
477,380
478,152
478,223
478,763
478,1010
478,1121
478,2215
479,27
479,37
479,211
479,301
479,304
479,519
479,539
479,601
479,853
479,908
479,980
479,1039
479,1254
480,27
481,27
481,439
481,608
481,868
482,27
482,68
482,159
482,200
482,206
482,209
482,211
482,230
482,260
482,303
482,394
482,441
482,449
482,498
482,510
482,533
482,589
482,606
482,628
482,671
482,695
482,733
482,895
482,909
482,928
482,999
482,1035
482,1522
482,1731
482,2066
483,27
483,274
483,304
483,319
483,342
483,448
483,458
483,485
483,676
483,733
483,1137
483,1492
483,2056
483,2066
484,27
484,448
484,2216
485,25
485,27
485,54
485,61
485,190
485,192
485,203
485,233
485,250
485,260
485,274
485,301
485,337
485,343
485,350
485,364
485,374
485,439
485,443
485,444
485,449
485,483
485,497
485,502
485,523
485,636
485,642
485,729
485,807
485,836
485,1017
485,1134
485,1137
485,1744
485,2056
486,27
486,1250
487,27
487,197
487,337
487,414
487,415
487,436
487,498
487,503
487,723
487,859
487,895
487,2129
488,27
488,39
488,339
488,342
488,411
488,414
488,557
488,631
489,17
489,25
489,27
489,36
489,48
489,49
489,61
489,69
489,78
489,102
489,105
489,113
489,133
489,143
489,160
489,168
489,173
489,184
489,186
489,188
489,193
489,198
489,218
489,228
489,229
489,230
489,242
489,249
489,250
489,252
489,260
489,268
489,270
489,273
489,275
489,281
489,289
489,290
489,300
489,304
489,309
489,313
489,314
489,318
489,322
489,323
489,324
489,338
489,342
489,353
489,361
489,363
489,379
489,381
489,388
489,399
489,404
489,406
489,414
489,415
489,420
489,421
489,424
489,425
489,434
489,436
489,444
489,446
489,449
489,459
489,465
489,470
489,472
489,485
489,491
489,492
489,497
489,502
489,517
489,527
489,537
489,540
489,543
489,548
489,549
489,551
489,557
489,561
489,562
489,564
489,566
489,568
489,572
489,574
489,575
489,579
489,580
489,581
489,583
489,584
489,586
489,588
489,589
489,596
489,598
489,602
489,606
489,607
489,608
489,617
489,620
489,633
489,634
489,636
489,637
489,639
489,642
489,650
489,659
489,666
489,668
489,670
489,671
489,673
489,678
489,687
489,690
489,691
489,698
489,701
489,710
489,714
489,731
489,733
489,736
489,742
489,756
489,764
489,766
489,767
489,769
489,780
489,782
489,789
489,796
489,798
489,805
489,807
489,812
489,816
489,830
489,836
489,838
489,845
489,851
489,855
489,857
489,869
489,871
489,875
489,876
489,891
489,895
489,909
489,925
489,928
489,931
489,932
489,935
489,936
489,939
489,943
489,945
489,948
489,954
489,955
489,960
489,972
489,997
489,1006
489,1007
489,1010
489,1013
489,1014
489,1045
489,1048
489,1055
489,1091
489,1108
489,1132
489,1138
489,1187
489,1190
489,1251
489,1254
489,1493
489,1525
489,1637
489,1663
489,1693
489,1720
489,1721
489,1731
489,1733
489,1741
489,1743
489,1750
489,1768
489,1773
489,1909
489,1943
489,1953
489,2005
489,2014
489,2020
489,2098
489,2217
489,2218
489,2219
489,2220
489,2221
489,2222
489,2223
489,2224
489,2225
490,27
490,59
490,61
490,184
490,283
490,298
490,302
490,388
490,396
490,421
490,423
490,425
490,438
490,446
490,505
490,546
490,596
490,601
490,603
490,604
490,605
490,608
490,610
490,617
490,642
490,650
490,1246
490,1485
490,1646
490,1648
490,1931
491,27
491,186
491,190
491,224
491,226
491,232
491,238
491,273
491,299
491,342
491,367
491,404
491,406
491,411
491,414
491,415
491,418
491,436
491,438
491,441
491,449
491,458
491,470
491,498
491,500
491,557
491,558
491,593
491,608
491,631
491,790
491,840
491,847
491,859
491,1108
491,1517
491,1765
492,27
492,177
492,200
492,232
492,298
492,421
492,425
492,594
492,634
492,636
492,844
493,27
493,1154
493,1665
494,27
494,143
494,152
494,323
494,404
494,429
494,531
494,607
494,648
494,744
494,767
494,844
494,861
494,871
494,907
494,908
494,981
494,1012
494,1292
494,1813
494,2226
495,27
495,59
495,200
495,272
495,299
495,302
495,340
495,343
495,348
495,420
495,437
495,450
495,498
495,610
495,642
495,751
495,848
495,872
495,1039
495,2227
495,2228
496,27
496,203
496,238
496,242
496,250
496,340
496,347
496,349
496,351
496,368
496,385
496,470
496,497
496,502
496,595
496,608
496,617
496,642
496,1108
496,1136
497,27
497,110
497,143
497,242
497,319
497,339
497,340
497,374
497,404
497,412
497,413
497,418
497,420
497,496
497,500
497,606
497,729
497,1137
497,1252
498,168
498,186
498,188
498,226
498,228
498,238
498,239
498,272
498,275
498,337
498,349
498,352
498,415
498,418
498,428
498,432
498,436
498,448
498,456
498,482
498,491
498,495
498,593
498,608
498,617
498,642
498,903
498,1196
498,1664
498,1765
499,155
499,193
499,229
499,275
499,296
499,302
499,352
499,399
499,413
499,522
499,547
499,552
499,572
499,579
499,617
499,618
499,622
499,636
499,649
499,661
499,668
499,669
499,672
499,698
499,733
499,744
499,757
499,761
499,767
499,810
499,845
499,909
499,917
499,925
499,939
499,945
499,948
499,960
499,978
499,983
499,1002
499,1007
499,1037
499,1048
499,1131
499,1195
499,1520
499,1521
499,1526
499,1742
499,1764
499,1782
499,1950
499,1981
499,2230
499,2231
499,2232
500,273
500,348
500,418
500,491
500,497
500,757
500,859
500,1663
501,37
501,110
501,186
501,228
501,238
501,242
501,273
501,299
501,338
501,339
501,350
501,352
501,382
501,387
501,404
501,412
501,415
501,491
501,503
501,593
501,608
501,630
501,729
501,843
501,857
501,1045
501,1181
501,1183
501,1653
501,1665
501,1940
502,27
502,61
502,188
502,201
502,218
502,225
502,226
502,228
502,230
502,232
502,233
502,234
502,235
502,242
502,251
502,264
502,274
502,275
502,297
502,298
502,309
502,311
502,315
502,347
502,351
502,356
502,372
502,378
502,399
502,412
502,414
502,417
502,436
502,443
502,444
502,448
502,458
502,476
502,485
502,489
502,491
502,496
502,504
502,516
502,523
502,593
502,628
502,629
502,729
502,736
502,785
502,843
502,847
502,868
502,934
502,944
502,1010
502,1154
502,1184
502,1492
503,68
503,183
503,242
503,300
503,309
503,338
503,361
503,372
503,380
503,382
503,404
503,415
503,425
503,432
503,487
503,593
503,899
503,1918
504,173
504,202
505,9
505,69
505,97
505,108
505,139
505,152
505,194
505,219
505,236
505,252
505,275
505,298
505,322
505,325
505,385
505,387
505,388
505,428
505,451
505,592
505,610
505,628
505,711
505,746
505,852
505,853
505,908
505,921
505,1067
505,1108
505,1187
505,1196
505,1609
505,1756
505,1942
505,2233
506,568
506,940
506,1097
506,1266
506,2234
506,2235
507,22
507,28
507,35
507,48
507,62
507,90
507,238
507,299
507,354
507,400
507,538
507,605
507,853
507,1058
507,1179
507,1649
507,1672
508,74
509,28
509,41
509,48
509,61
509,75
509,85
509,119
509,188
509,229
509,230
509,300
509,339
509,387
509,393
509,423
509,431
509,438
509,449
509,605
509,608
509,737
509,871
509,882
509,899
509,1514
510,406
510,470
510,482
510,540
510,550
510,660
510,696
510,758
510,896
510,921
510,924
510,928
510,943
510,994
510,1001
510,1004
510,1005
510,1019
510,1048
510,1056
510,1626
510,1725
510,1833
510,1955
510,1969
510,1996
510,2091
510,2136
510,2236
511,28
511,78
511,189
511,353
511,384
511,388
511,510
511,540
511,555
511,573
511,583
511,648
511,650
511,698
511,701
511,744
511,760
511,762
511,763
511,764
511,767
511,779
511,784
511,796
511,827
511,934
511,937
511,943
511,965
511,1048
511,1058
511,1062
511,1231
511,1262
511,1733
511,1784
511,1803
511,1945
511,2142
511,2143
511,2237
511,2238
511,2239
511,2240
512,35
512,81
513,31
513,88
513,99
513,100
513,101
514,5
514,32
514,44
514,147
514,311
514,329
514,341
514,356
514,531
514,725
515,32
515,34
515,44
515,135
515,213
515,236
515,528
515,1155
516,50
516,62
516,113
516,210
516,343
516,390
516,442
516,452
516,464
516,502
516,583
516,614
516,655
516,674
516,716
516,738
516,744
516,791
516,823
516,969
516,984
516,1031
516,1094
516,1110
516,1142
516,1149
516,1153
516,1160
516,1274
516,1300
516,1316
516,1327
516,1345
516,1352
516,1359
516,1360
516,1365
516,1370
516,1374
516,1385
516,1388
516,1406
516,1408
516,1411
516,1416
516,1498
516,1506
516,1511
516,1554
516,1567
516,1588
516,1616
516,1620
516,1624
516,1679
516,1682
516,1684
516,1705
516,1785
516,1803
516,1828
516,1829
516,1833
516,1845
516,1899
516,1928
516,1937
516,1976
516,2053
516,2155
516,2241
516,2242
516,2243
516,2244
516,2245
517,3
517,6
517,7
517,46
517,54
517,61
517,81
517,82
517,85
517,86
517,95
517,107
517,115
517,126
517,127
517,128
517,139
517,146
517,159
517,170
517,299
517,318
517,323
517,361
517,421
517,428
517,489
517,585
517,593
517,602
517,608
517,642
517,698
517,762
517,796
517,807
517,809
517,848
517,940
517,1023
517,1027
517,1097
517,1108
517,1110
517,1115
517,1182
517,1220
517,1359
517,1365
517,1373
517,1400
517,1408
517,1674
517,1725
517,1731
517,1813
517,1844
517,1847
517,1854
517,1855
517,1929
517,1945
517,2235
517,2246
518,12
518,48
518,62
518,77
518,98
518,99
518,129
518,133
518,146
518,175
518,177
518,188
518,229
518,236
518,242
518,250
518,273
518,280
518,322
518,324
518,361
518,367
518,405
518,409
518,424
518,444
518,470
518,521
518,529
518,539
518,543
518,554
518,598
518,599
518,602
518,606
518,607
518,616
518,617
518,633
518,636
518,642
518,648
518,657
518,676
518,731
518,740
518,745
518,844
518,847
518,853
518,880
518,891
518,908
518,981
518,986
518,1035
518,1038
518,1040
518,1195
518,1254
518,1489
518,1712
518,2091
518,2247
519,19
519,103
519,310
519,329
519,479
519,1155
520,145
520,159
521,5
521,7
521,36
521,46
521,88
521,98
521,128
521,139
521,146
521,160
521,201
521,224
521,252
521,299
521,324
521,370
521,377
521,381
521,436
521,470
521,510
521,655
521,731
521,788
521,802
521,881
521,980
521,983
521,1359
521,1360
521,1365
521,1369
521,1415
521,1637
521,2152
521,2193
521,2248
522,12
522,20
522,36
522,38
522,42
522,47
522,48
522,50
522,59
522,65
522,66
522,77
522,81
522,82
522,86
522,88
522,92
522,94
522,97
522,102
522,108
522,112
522,113
522,120
522,133
522,139
522,146
522,157
522,158
522,160
522,164
522,172
522,173
522,177
522,188
522,189
522,192
522,193
522,212
522,222
522,228
522,236
522,237
522,251
522,272
522,273
522,274
522,275
522,283
522,299
522,303
522,318
522,322
522,323
522,333
522,334
522,343
522,345
522,356
522,359
522,364
522,370
522,375
522,390
522,409
522,424
522,433
522,434
522,446
522,463
522,470
522,472
522,473
522,485
522,499
522,537
522,551
522,585
522,606
522,612
522,618
522,621
522,636
522,639
522,647
522,650
522,652
522,657
522,660
522,675
522,676
522,680
522,723
522,731
522,740
522,748
522,749
522,755
522,756
522,758
522,781
522,799
522,817
522,830
522,848
522,849
522,861
522,880
522,901
522,907
522,908
522,917
522,918
522,921
522,925
522,936
522,947
522,989
522,992
522,996
522,999
522,1003
522,1007
522,1019
522,1039
522,1102
522,1177
522,1191
522,1195
522,1198
522,1199
522,1200
522,1254
522,1292
522,1517
522,1529
522,1663
522,1731
522,1736
522,1756
522,1997
522,2089
522,2228
523,39
523,52
523,202
523,205
523,209
523,297
523,333
523,343
523,364
523,372
523,406
523,409
523,433
523,448
523,449
523,458
523,485
523,502
523,527
523,595
523,661
523,691
523,739
523,749
523,868
523,985
523,986
523,999
523,1085
523,1135
523,1185
523,1607
523,1744
523,1754
524,223
524,363
524,2216
525,1311
525,1908
525,1921
526,64
526,264
526,466
527,34
527,37
527,44
527,127
527,193
527,219
527,220
527,221
527,228
527,292
527,367
527,409
527,489
527,523
527,546
527,598
527,607
527,636
527,642
527,688
527,742
527,888
527,923
527,981
527,999
527,1085
527,1667
527,2132
528,515
529,33
529,35
529,39
529,60
529,66
529,79
529,97
529,98
529,113
529,114
529,133
529,145
529,161
529,175
529,193
529,216
529,272
529,317
529,323
529,324
529,356
529,368
529,404
529,413
529,456
529,511
529,539
529,543
529,573
529,581
529,589
529,607
529,612
529,670
529,672
529,755
529,790
529,853
529,893
529,906
529,1102
529,1138
529,1139
529,1491
529,1521
529,1652
529,2066
529,2250
530,21
530,32
530,73
530,79
530,81
530,93
530,95
530,102
530,107
530,122
530,128
530,130
530,170
530,213
530,355
530,366
530,856
531,44
531,145
531,147
531,384
531,514
531,1145
531,1148
531,1316
531,1397
531,1446
531,1928
531,1929
531,2073
531,2126
531,2251
532,33
532,56
532,83
532,210
532,224
532,257
532,264
532,363
532,642
533,6
533,28
533,30
533,74
533,102
533,153
533,155
533,298
533,723
534,78
534,102
534,356
534,388
534,726
534,743
534,774
534,809
534,1056
534,1060
534,1061
534,1062
534,1064
534,1066
534,1125
534,1367
534,1552
534,1635
534,1691
534,1795
534,1812
534,1965
534,2205
534,2219
534,2252
534,2253
534,2254
534,2255
535,33
535,48
535,61
535,65
535,133
535,161
535,209
535,242
535,275
535,313
535,352
535,381
535,387
535,388
535,419
535,420
535,421
535,424
535,425
535,428
535,438
535,591
535,602
535,670
535,712
535,1088
535,1196
535,1910
536,52
536,67
536,211
536,275
536,296
536,344
536,533
536,557
536,628
537,33
537,274
537,333
537,338
537,356
537,364
537,409
537,424
537,446
537,463
537,470
537,522
537,541
537,561
537,570
537,585
537,589
537,598
537,606
537,639
537,666
537,703
537,716
537,755
537,853
537,880
537,936
537,937
537,1015
537,1040
537,1064
537,1094
537,1096
537,1200
537,1233
537,1256
537,1552
537,1733
537,1776
537,1916
537,2012
537,2092
537,2096
537,2134
537,2139
537,2256
538,28
538,33
538,69
538,143
538,145
538,210
538,229
538,236
538,299
538,301
538,385
538,396
538,400
538,404
538,548
538,555
538,564
538,572
538,608
538,650
538,668
538,726
538,762
538,826
538,827
538,867
538,875
538,918
538,980
538,1104
538,1637
538,1959
538,2020
538,2084
538,2203
539,33
539,60
539,152
539,217
539,382
539,432
539,454
539,479
539,518
539,554
539,562
539,607
539,647
539,648
539,716
539,746
539,781
539,847
539,921
539,983
539,985
539,1106
539,1131
539,1191
539,1255
539,1478
539,1493
539,1612
539,2249
539,2257
540,54
540,158
540,241
540,249
540,375
540,396
540,400
540,428
540,433
540,434
540,437
540,489
540,510
540,541
540,544
540,547
540,549
540,551
540,552
540,554
540,555
540,564
540,606
540,621
540,650
540,659
540,660
540,666
540,670
540,676
540,680
540,684
540,687
540,691
540,693
540,695
540,698
540,756
540,760
540,764
540,766
540,768
540,781
540,782
540,816
540,827
540,875
540,903
540,907
540,931
540,933
540,934
540,938
540,943
540,949
540,960
540,978
540,983
540,999
540,1001
540,1004
540,1010
540,1015
540,1048
540,1052
540,1101
540,1195
540,1204
540,1489
540,1496
540,1519
540,1547
540,1720
540,1732
540,1733
540,1776
540,1957
540,1970
540,2012
540,2013
540,2133
540,2136
540,2143
540,2258
540,2259
540,2260
540,2261
540,2262
540,2263
541,151
541,158
541,244
541,340
541,345
541,364
541,434
541,537
541,544
541,548
541,551
541,552
541,570
541,618
541,640
541,650
541,655
541,664
541,671
541,720
541,731
541,735
541,740
541,761
541,781
541,807
541,850
541,907
541,927
541,934
541,936
541,946
541,948
541,997
541,1003
541,1115
541,1258
541,1523
541,1575
541,1733
541,1741
541,1754
541,1956
541,1997
541,2007
541,2034
541,2091
541,2220
542,37
542,202
542,230
542,241
542,433
542,449
542,533
542,545
542,550
542,593
542,596
542,604
542,610
542,664
542,671
542,999
542,1522
542,1714
542,1750
542,2145
542,2236
543,193
543,236
543,272
543,289
543,296
543,318
543,323
543,359
543,409
543,424
543,456
543,489
543,499
543,518
543,529
543,561
543,566
543,573
543,574
543,577
543,581
543,588
543,651
543,663
543,669
543,670
543,676
543,680
543,689
543,695
543,698
543,701
543,702
543,731
543,744
543,748
543,804
543,810
543,830
543,849
543,905
543,932
543,939
543,1040
543,1091
543,1095
543,1191
543,1195
543,1210
543,1255
543,1520
543,1581
543,1663
543,1732
543,1742
543,1776
543,2064
543,2106
543,2143
543,2264
544,33
544,424
544,446
544,541
544,543
544,559
544,592
544,606
544,653
544,654
544,661
544,747
544,830
544,855
544,892
544,940
544,999
544,1040
544,1200
544,1496
544,1997
545,28
545,286
545,367
545,542
545,566
545,651
545,675
545,799
545,888
545,908
545,920
545,990
545,1088
545,1496
546,37
546,158
546,193
546,218
546,219
546,239
546,338
546,432
546,434
546,446
546,510
546,547
546,664
546,668
546,733
546,749
546,756
546,758
546,894
546,909
546,934
546,936
546,967
546,1000
546,1254
546,1526
546,1652
546,1667
546,1721
546,1767
546,2009
547,136
547,192
547,193
547,236
547,249
547,301
547,333
547,347
547,356
547,364
547,394
547,400
547,434
547,437
547,463
547,482
547,494
547,499
547,534
547,540
547,541
547,546
547,550
547,551
547,552
547,555
547,561
547,572
547,632
547,636
547,656
547,660
547,662
547,665
547,666
547,668
547,670
547,671
547,676
547,678
547,679
547,698
547,701
547,733
547,749
547,754
547,758
547,759
547,781
547,811
547,820
547,827
547,838
547,849
547,856
547,863
547,924
547,925
547,931
547,934
547,936
547,942
547,943
547,948
547,952
547,960
547,978
547,980
547,997
547,998
547,999
547,1001
547,1003
547,1004
547,1008
547,1012
547,1015
547,1048
547,1049
547,1091
547,1094
547,1131
547,1156
547,1195
547,1196
547,1494
547,1498
547,1520
547,1521
547,1526
547,1538
547,1614
547,1627
547,1650
547,1686
547,1692
547,1731
547,1794
547,1969
547,1981
547,2005
547,2010
547,2013
547,2032
547,2048
547,2058
547,2090
547,2228
547,2265
548,343
548,489
548,538
548,564
548,575
548,580
548,583
548,585
548,623
548,650
548,661
548,681
548,684
548,687
548,731
548,758
548,765
548,773
548,781
548,782
548,783
548,803
548,816
548,820
548,824
548,830
548,874
548,903
548,948
548,949
548,957
548,983
548,999
548,1096
548,1125
548,1229
548,1231
548,1494
548,1575
548,1690
548,1741
548,1792
548,2027
548,2087
548,2225
548,2238
548,2254
548,2266
549,193
549,433
549,663
549,680
549,698
549,903
549,936
549,1145
549,2012
550,239
550,299
550,654
550,745
550,924
550,1013
550,2145
551,158
551,189
551,239
551,433
551,550
551,552
551,601
551,665
551,667
551,670
551,691
551,924
551,1004
551,1005
551,1006
551,1009
551,1011
551,1013
551,1015
551,1039
551,1048
551,1713
551,1743
552,364
552,396
552,499
552,541
552,547
552,551
552,618
552,654
552,659
552,667
552,671
552,733
552,746
552,759
552,807
552,921
552,924
552,948
552,999
552,1006
552,1012
552,1013
552,1721
552,2034
552,2269
553,39
553,98
553,323
553,368
553,473
553,1138
554,35
554,39
554,193
554,202
554,217
554,241
554,286
554,301
554,347
554,375
554,460
554,518
554,539
554,540
554,651
554,661
554,735
554,742
554,746
554,861
554,881
554,908
554,922
554,983
554,985
554,1004
554,1078
554,1224
554,1227
554,1230
554,1232
554,1233
554,1306
554,1518
554,1570
554,1589
554,1681
554,1691
554,2106
554,2270
555,28
555,35
555,46
555,57
555,63
555,92
555,139
555,162
555,175
555,193
555,197
555,251
555,260
555,268
555,275
555,283
555,293
555,301
555,308
555,310
555,318
555,342
555,344
555,364
555,388
555,406
555,415
555,419
555,437
555,466
555,482
555,487
555,510
555,511
555,522
555,538
555,540
555,605
555,642
555,671
555,680
555,686
555,691
555,743
555,765
555,785
555,792
555,819
555,837
555,839
555,845
555,849
555,877
555,878
555,897
555,934
555,938
555,940
555,943
555,979
555,994
555,1039
555,1046
555,1048
555,1056
555,1091
555,1106
555,1131
555,1184
555,1205
555,1382
555,1610
555,1628
555,1733
555,2013
555,2021
555,2060
555,2203
555,2239
555,2271
556,54
556,177
556,217
556,219
556,242
556,282
556,301
556,337
556,396
556,434
556,601
556,688
556,907
556,915
556,983
556,991
556,1669
556,1719
556,1764
556,1991
556,2272
557,186
557,200
557,230
557,232
557,295
557,372
557,379
557,383
557,414
557,415
557,488
557,536
557,859
557,868
558,300
558,351
558,411
558,491
558,859
559,322
559,563
559,569
559,578
559,628
559,639
559,672
559,836
559,863
559,1007
559,1521
559,1635
559,1689
559,1742
559,1773
559,1970
560,48
560,110
560,192
560,228
560,380
560,383
560,387
560,412
560,418
560,421
560,473
560,681
560,969
560,1088
560,1104
560,1108
560,1254
560,1552
560,2027
560,2086
561,12
561,48
561,66
561,120
561,158
561,236
561,289
561,323
561,348
561,359
561,448
561,463
561,472
561,489
561,499
561,537
561,543
561,547
561,551
561,574
561,581
561,609
561,622
561,639
561,657
561,659
561,660
561,661
561,668
561,669
561,670
561,672
561,674
561,680
561,684
561,687
561,688
561,697
561,698
561,700
561,701
561,720
561,723
561,731
561,735
561,748
561,755
561,767
561,769
561,805
561,838
561,880
561,909
561,917
561,925
561,936
561,948
561,949
561,954
561,956
561,980
561,1014
561,1091
561,1156
561,1195
561,1204
561,1271
561,1527
561,1539
561,1569
561,1657
561,1663
561,1734
561,1741
561,1768
561,1781
561,2038
561,2046
561,2058
561,2060
561,2068
561,2106
561,2222
561,2224
561,2225
561,2232
561,2265
561,2273
561,2274
562,490
562,539
562,647
562,674
562,716
562,1647
562,2275
563,272
563,435
563,559
563,580
563,807
563,1190
563,1786
564,130
564,293
564,400
564,472
564,485
564,489
564,538
564,540
564,548
564,568
564,576
564,579
564,637
564,650
564,668
564,669
564,670
564,681
564,697
564,698
564,701
564,726
564,761
564,766
564,772
564,778
564,780
564,783
564,785
564,816
564,820
564,825
564,892
564,906
564,925
564,934
564,936
564,948
564,968
564,1048
564,1049
564,1056
564,1091
564,1104
564,1108
564,1195
564,1216
564,1228
564,1267
564,1283
564,1520
564,1547
564,1693
564,1733
564,1936
564,1955
564,1959
564,2011
564,2046
564,2086
564,2136
564,2251
564,2263
564,2276
565,805
565,951
565,1265
565,1943
565,2274
566,39
566,212
566,228
566,244
566,273
566,298
566,400
566,543
566,545
566,577
566,651
566,676
566,678
566,687
566,689
566,695
566,878
566,922
566,934
566,936
566,945
566,1010
566,1195
566,1492
566,1520
566,1565
566,1633
566,1751
566,2013
566,2064
566,2081
566,2096
567,953
567,1080
567,1118
567,1125
567,1127
567,1216
567,1277
567,1322
567,1578
567,2278
568,506
568,549
568,564
568,569
568,572
568,574
568,668
568,688
568,693
568,698
568,772
568,955
568,1527
568,2279
568,2280
568,2281
568,2282
568,2283
569,572
569,577
569,581
569,583
569,585
569,681
569,766
569,772
569,775
569,913
569,954
569,1098
569,1101
569,1541
569,1647
569,1916
569,2275
569,2283
569,2284
569,2285
570,11
570,16
570,18
570,65
570,146
570,151
570,356
570,390
570,434
570,479
570,537
570,541
570,563
570,575
570,576
570,578
570,584
570,585
570,636
570,679
570,680
570,683
570,698
570,701
570,703
570,726
570,731
570,754
570,762
570,778
570,780
570,783
570,790
570,810
570,819
570,825
570,876
570,891
570,916
570,923
570,937
570,953
570,967
570,972
570,980
570,983
570,1061
570,1094
570,1096
570,1101
570,1108
570,1109
570,1127
570,1130
570,1138
570,1226
570,1229
570,1290
570,1544
570,1646
570,1688
570,1735
570,1741
570,1953
570,2086
570,2113
570,2115
570,2205
570,2240
570,2254
570,2286
570,2287
571,2288
572,28
572,39
572,83
572,244
572,367
572,390
572,489
572,538
572,566
572,568
572,569
572,575
572,577
572,581
572,585
572,586
572,614
572,674
572,685
572,686
572,691
572,696
572,698
572,701
572,720
572,766
572,767
572,785
572,796
572,805
572,807
572,809
572,851
572,875
572,927
572,941
572,944
572,946
572,952
572,954
572,955
572,969
572,978
572,979
572,1008
572,1052
572,1053
572,1097
572,1190
572,1195
572,1504
572,1519
572,1527
572,1568
572,1594
572,1637
572,1647
572,1732
572,1777
572,2060
572,2220
572,2221
572,2225
572,2289
572,2290
573,28
573,43
573,54
573,78
573,96
573,133
573,136
573,189
573,236
573,278
573,289
573,320
573,384
573,388
573,390
573,391
573,397
573,400
573,446
573,464
573,472
573,473
573,482
573,506
573,511
573,516
573,529
573,537
573,538
573,539
573,540
573,541
573,543
573,548
573,549
573,555
573,561
573,562
573,563
573,568
573,569
573,570
573,572
573,574
573,575
573,577
573,578
573,581
573,583
573,585
573,586
573,587
573,588
573,589
573,608
573,612
573,620
573,622
573,623
573,628
573,632
573,650
573,652
573,653
573,654
573,668
573,669
573,674
573,678
573,679
573,681
573,683
573,687
573,689
573,690
573,691
573,692
573,694
573,698
573,699
573,701
573,702
573,703
573,717
573,731
573,744
573,761
573,762
573,764
573,765
573,767
573,779
573,780
573,781
573,783
573,785
573,786
573,787
573,796
573,800
573,801
573,802
573,805
573,806
573,807
573,809
573,810
573,812
573,816
573,818
573,819
573,821
573,822
573,824
573,828
573,833
573,842
573,852
573,863
573,870
573,898
573,904
573,906
573,916
573,926
573,928
573,932
573,934
573,935
573,937
573,939
573,940
573,941
573,942
573,943
573,945
573,946
573,948
573,950
573,951
573,953
573,957
573,960
573,961
573,962
573,965
573,972
573,974
573,975
573,977
573,978
573,984
573,1027
573,1031
573,1048
573,1050
573,1053
573,1054
573,1055
573,1058
573,1059
573,1060
573,1062
573,1063
573,1065
573,1074
573,1078
573,1080
573,1091
573,1094
573,1096
573,1097
573,1098
573,1101
573,1102
573,1103
573,1104
573,1105
573,1107
573,1108
573,1109
573,1110
573,1113
573,1114
573,1115
573,1117
573,1121
573,1123
573,1124
573,1127
573,1129
573,1131
573,1138
573,1139
573,1141
573,1143
573,1145
573,1146
573,1147
573,1148
573,1149
573,1152
573,1153
573,1156
573,1179
573,1203
573,1204
573,1206
573,1209
573,1211
573,1214
573,1215
573,1218
573,1221
573,1222
573,1226
573,1227
573,1228
573,1229
573,1230
573,1232
573,1234
573,1236
573,1238
573,1264
573,1269
573,1270
573,1272
573,1273
573,1275
573,1276
573,1277
573,1282
573,1288
573,1290
573,1291
573,1292
573,1294
573,1295
573,1296
573,1298
573,1300
573,1302
573,1304
573,1307
573,1308
573,1309
573,1316
573,1317
573,1318
573,1319
573,1323
573,1324
573,1325
573,1326
573,1328
573,1331
573,1332
573,1336
573,1338
573,1340
573,1341
573,1343
573,1344
573,1345
573,1346
573,1347
573,1348
573,1349
573,1352
573,1353
573,1354
573,1355
573,1356
573,1358
573,1359
573,1360
573,1361
573,1362
573,1364
573,1366
573,1368
573,1374
573,1379
573,1382
573,1384
573,1385
573,1390
573,1403
573,1406
573,1407
573,1411
573,1415
573,1425
573,1443
573,1449
573,1461
573,1477
573,1505
573,1506
573,1519
573,1520
573,1527
573,1534
573,1539
573,1542
573,1558
573,1561
573,1562
573,1567
573,1568
573,1571
573,1575
573,1579
573,1580
573,1583
573,1585
573,1586
573,1588
573,1590
573,1591
573,1598
573,1599
573,1604
573,1610
573,1615
573,1617
573,1619
573,1621
573,1622
573,1623
573,1624
573,1625
573,1628
573,1636
573,1647
573,1672
573,1677
573,1689
573,1690
573,1692
573,1696
573,1698
573,1699
573,1701
573,1705
573,1723
573,1724
573,1727
573,1733
573,1734
573,1742
573,1743
573,1768
573,1776
573,1781
573,1782
573,1783
573,1784
573,1786
573,1788
573,1791
573,1792
573,1794
573,1796
573,1797
573,1798
573,1803
573,1805
573,1806
573,1807
573,1808
573,1809
573,1810
573,1813
573,1815
573,1819
573,1820
573,1823
573,1824
573,1826
573,1831
573,1837
573,1841
573,1847
573,1889
573,1927
573,1928
573,1936
573,1938
573,1945
573,1947
573,1954
573,1956
573,1957
573,1959
573,1963
573,1964
573,1969
573,1971
573,1974
573,1976
573,1979
573,1982
573,1986
573,1988
573,1989
573,2015
573,2038
573,2039
573,2040
573,2050
573,2052
573,2054
573,2060
573,2061
573,2063
573,2073
573,2074
573,2076
573,2083
573,2084
573,2086
573,2110
573,2127
573,2139
573,2154
573,2160
573,2171
573,2190
573,2212
573,2239
573,2240
573,2242
573,2243
573,2254
573,2264
573,2281
573,2288
573,2291
573,2292
573,2293
573,2294
573,2295
573,2296
573,2297
573,2298
573,2299
573,2300
573,2301
573,2302
573,2303
573,2304
573,2305
573,2306
573,2307
573,2308
573,2309
573,2310
573,2311
573,2312
573,2313
573,2314
573,2315
573,2316
573,2317
573,2318
573,2319
573,2320
574,39
574,52
574,189
574,225
574,270
574,390
574,446
574,472
574,473
574,489
574,537
574,543
574,561
574,565
574,568
574,576
574,581
574,585
574,664
574,670
574,684
574,697
574,698
574,728
574,733
574,769
574,780
574,795
574,798
574,805
574,838
574,917
574,928
574,953
574,957
574,960
574,972
574,1049
574,1096
574,1101
574,1258
574,1497
574,1538
574,1542
574,1626
574,1689
574,1943
574,2095
574,2232
575,506
575,548
575,566
575,570
575,572
575,573
575,576
575,583
575,585
575,586
575,678
575,684
575,691
575,692
575,697
575,698
575,701
575,744
575,775
575,795
575,803
575,804
575,805
575,807
575,820
575,943
575,947
575,968
575,1055
575,1228
575,1271
575,1272
575,1542
575,1614
575,1637
575,1647
575,1693
575,1982
575,1983
575,2018
575,2046
575,2084
575,2225
575,2275
575,2289
575,2321
575,2322
575,2323
576,229
576,472
576,564
576,570
576,575
576,634
576,664
576,763
576,825
576,865
576,983
576,1229
576,1642
576,1783
576,1801
576,2190
576,2324
577,543
577,566
577,569
577,655
577,674
577,787
577,1637
577,1659
578,143
578,400
578,570
578,573
578,586
578,663
578,678
578,686
578,692
578,698
578,699
578,774
578,796
578,823
578,876
578,950
578,960
578,1066
578,1080
578,1110
578,1121
578,1211
578,1223
578,1227
578,1296
578,1304
578,1367
578,1558
578,1697
578,1699
578,1964
578,1974
578,2084
578,2140
578,2149
578,2221
578,2278
578,2281
579,113
579,437
579,499
579,564
579,569
579,575
579,693
579,782
579,807
579,842
579,935
579,947
579,1096
579,1101
579,1210
579,1497
579,2086
580,548
580,563
580,575
580,583
580,586
580,590
580,796
580,906
580,2084
580,2297
581,569
581,572
581,575
581,690
581,720
581,764
581,769
581,785
581,805
581,816
581,944
581,1146
581,1541
581,1784
581,1962
581,1979
581,1988
581,2055
581,2083
581,2278
581,2288
581,2293
582,1651
582,1907
583,16
583,277
583,400
583,516
583,548
583,563
583,564
583,569
583,575
583,580
583,584
583,585
583,586
583,620
583,678
583,699
583,780
583,787
583,795
583,796
583,798
583,807
583,811
583,819
583,838
583,906
583,925
583,939
583,953
583,965
583,968
583,1050
583,1190
583,1206
583,1228
583,1531
583,1647
583,1690
583,1741
583,1913
583,1936
583,1983
583,2027
583,2232
583,2297
583,2299
583,2325
584,45
584,151
584,152
584,244
584,472
584,570
584,583
584,585
584,807
584,809
584,810
584,811
584,940
584,1060
584,1066
584,1103
584,1104
584,1551
584,1552
584,1637
584,1691
584,1983
584,2147
584,2225
584,2283
585,39
585,133
585,143
585,158
585,188
585,367
585,404
585,412
585,414
585,424
585,470
585,473
585,496
585,522
585,537
585,548
585,569
585,570
585,572
585,583
585,606
585,608
585,637
585,669
585,681
585,687
585,720
585,746
585,758
585,805
585,825
585,830
585,853
585,855
585,872
585,925
585,948
585,953
585,960
585,978
585,1040
585,1048
585,1049
585,1055
585,1066
585,1072
585,1101
585,1102
585,1116
585,1272
585,1293
585,1353
585,1547
585,1742
585,1784
585,1916
585,2014
585,2113
585,2286
586,459
586,562
586,568
586,572
586,575
586,580
586,583
586,767
586,772
586,794
586,807
586,927
586,968
586,1050
586,1066
586,1077
586,1105
586,1124
586,1229
586,1300
586,1504
586,1582
586,2225
586,2307
586,2326
587,563
587,783
587,784
587,805
587,1104
587,1130
587,1777
587,2232
587,2327
587,2328
587,2329
588,171
588,400
588,472
588,632
588,681
588,697
588,703
588,717
588,744
588,783
588,798
588,805
588,830
588,927
588,1031
588,1094
588,1111
588,1116
588,1117
588,1130
588,1212
588,1232
588,1290
588,1300
588,1301
588,1315
588,1319
588,1321
588,1325
588,1328
588,1332
588,1369
588,1370
588,1580
588,1593
588,1637
588,1678
588,1704
588,1959
588,1967
588,1989
588,2309
588,2310
588,2330
588,2331
589,136
589,289
589,324
589,356
589,364
589,537
589,573
589,612
589,653
589,655
589,674
589,781
589,817
589,819
589,932
589,934
589,1010
589,1031
589,1062
589,1080
589,1109
589,1113
589,1119
589,1190
589,1226
589,1280
589,1288
589,1545
589,1561
589,1568
589,1580
589,1610
589,1699
589,1720
589,1826
589,2038
589,2139
589,2278
589,2332
590,580
590,720
590,1224
590,1804
590,2074
590,2333
591,67
591,173
591,1666
591,2085
592,52
592,186
592,206
592,211
592,226
592,233
592,297
592,340
592,440
592,544
592,628
592,885
593,168
593,348
593,411
593,439
593,487
593,491
593,492
593,501
593,640
593,672
593,737
593,855
593,869
593,1931
594,168
594,340
594,492
594,859
594,1254
594,1758
595,160
595,220
595,238
595,300
595,347
595,353
595,371
595,496
595,523
595,610
595,617
595,642
595,845
595,1040
595,1108
595,1184
595,1254
596,56
596,190
596,268
596,374
596,490
596,542
596,642
596,701
596,737
596,743
596,882
596,979
596,1046
596,1131
596,1931
596,2001
597,415
597,652
597,843
598,37
598,48
598,59
598,158
598,161
598,209
598,211
598,220
598,228
598,229
598,242
598,258
598,271
598,281
598,283
598,299
598,300
598,304
598,309
598,315
598,318
598,322
598,338
598,339
598,343
598,356
598,361
598,370
598,393
598,409
598,412
598,414
598,423
598,439
598,441
598,450
598,489
598,503
598,518
598,527
598,537
598,602
598,606
598,607
598,609
598,615
598,616
598,617
598,634
598,636
598,642
598,649
598,729
598,736
598,742
598,847
598,848
598,891
598,1041
598,1156
598,1188
598,1190
598,1240
598,1254
598,1718
598,1732
598,1990
598,2334
599,37
599,361
599,428
599,1190
600,347
600,420
600,1944
601,301
601,479
601,490
601,556
601,642
601,663
601,687
601,903
601,960
601,981
601,1035
601,1039
601,1041
601,1194
601,1537
601,1693
601,1732
601,1764
602,37
602,98
602,119
602,159
602,188
602,192
602,219
602,228
602,236
602,238
602,242
602,272
602,273
602,275
602,292
602,322
602,338
602,352
602,361
602,412
602,428
602,432
602,446
602,470
602,490
602,518
602,535
602,598
602,606
602,609
602,610
602,611
602,617
602,633
602,642
602,676
602,710
602,847
602,853
602,870
602,902
602,1187
602,1197
602,1198
602,1247
602,1254
602,1517
602,1643
602,1663
602,1672
602,1731
602,1944
602,1993
602,2036
602,2098
603,490
603,915
603,934
604,229
604,298
604,300
604,301
604,421
604,490
604,1067
604,1672
604,2102
605,110
605,192
605,229
605,238
605,253
605,296
605,300
605,338
605,344
605,387
605,416
605,418
605,419
605,438
605,459
605,490
605,555
605,608
605,872
605,920
605,1088
605,1107
605,1184
605,1517
605,1716
605,1939
605,2102
605,2144
606,0
606,9
606,10
606,11
606,19
606,37
606,48
606,49
606,50
606,54
606,56
606,58
606,59
606,61
606,63
606,65
606,77
606,102
606,130
606,152
606,158
606,159
606,172
606,173
606,177
606,178
606,184
606,188
606,189
606,192
606,194
606,205
606,207
606,217
606,218
606,220
606,222
606,228
606,229
606,230
606,238
606,239
606,243
606,252
606,258
606,264
606,265
606,274
606,275
606,281
606,286
606,296
606,297
606,298
606,304
606,306
606,312
606,313
606,315
606,316
606,322
606,323
606,334
606,338
606,339
606,343
606,346
606,347
606,350
606,353
606,354
606,358
606,361
606,365
606,367
606,370
606,373
606,390
606,395
606,396
606,402
606,412
606,414
606,415
606,417
606,420
606,424
606,432
606,434
606,443
606,448
606,449
606,450
606,451
606,452
606,467
606,470
606,477
606,480
606,482
606,485
606,489
606,497
606,499
606,505
606,521
606,522
606,534
606,535
606,537
606,540
606,542
606,544
606,550
606,551
606,552
606,560
606,585
606,599
606,602
606,604
606,607
606,608
606,618
606,621
606,628
606,635
606,636
606,638
606,639
606,647
606,648
606,654
606,659
606,660
606,661
606,676
606,678
606,680
606,691
606,709
606,722
606,731
606,735
606,742
606,745
606,747
606,749
606,755
606,758
606,799
606,826
606,861
606,865
606,880
606,894
606,897
606,899
606,900
606,903
606,916
606,917
606,919
606,925
606,936
606,980
606,981
606,982
606,986
606,997
606,1005
606,1007
606,1011
606,1013
606,1015
606,1033
606,1068
606,1097
606,1108
606,1154
606,1184
606,1188
606,1191
606,1254
606,1486
606,1529
606,1644
606,1646
606,1713
606,1739
606,1742
606,1754
606,1769
606,1918
606,2000
606,2001
606,2106
606,2228
606,2291
607,1
607,50
607,51
607,59
607,105
607,145
607,173
607,177
607,188
607,210
607,217
607,219
607,241
607,283
607,285
607,296
607,300
607,301
607,304
607,315
607,319
607,322
607,337
607,338
607,367
607,372
607,393
607,414
607,424
607,425
607,434
607,470
607,490
607,499
607,527
607,539
607,598
607,603
607,606
607,628
607,647
607,662
607,688
607,698
607,723
607,742
607,745
607,746
607,748
607,751
607,844
607,847
607,848
607,857
607,888
607,889
607,890
607,907
607,908
607,924
607,980
607,985
607,986
607,999
607,1003
607,1037
607,1041
607,1042
607,1065
607,1094
607,1177
607,1194
607,1254
607,1496
607,1529
607,1990
607,2107
607,2335
608,10
608,37
608,48
608,61
608,119
608,143
608,211
608,229
608,230
608,232
608,273
608,275
608,282
608,313
608,319
608,322
608,328
608,342
608,361
608,368
608,370
608,385
608,404
608,413
608,421
608,424
608,436
608,444
608,449
608,452
608,466
608,470
608,481
608,490
608,491
608,496
608,498
608,501
608,509
608,538
608,572
608,585
608,605
608,617
608,631
608,634
608,642
608,684
608,686
608,689
608,710
608,712
608,744
608,826
608,847
608,858
608,1031
608,1067
608,1097
608,1138
608,1195
608,1196
608,1247
608,1254
608,1495
608,1637
608,1716
608,1918
608,1957
608,1959
608,2060
608,2290
609,37
609,168
609,348
609,428
609,438
609,598
609,602
609,610
609,736
609,844
609,870
609,1182
609,1185
609,1643
609,2037
609,2129
610,37
610,48
610,51
610,63
610,110
610,119
610,229
610,250
610,273
610,275
610,279
610,282
610,313
610,322
610,361
610,428
610,432
610,444
610,490
610,602
610,609
610,617
610,642
610,644
610,657
610,729
610,742
610,845
610,855
610,902
610,1034
610,1253
610,1536
610,1756
610,1931
611,37
611,152
611,338
611,602
611,670
611,826
611,1035
611,1672
612,9
612,37
612,43
612,62
612,90
612,133
612,136
612,145
612,168
612,231
612,276
612,289
612,293
612,296
612,299
612,304
612,313
612,323
612,324
612,328
612,333
612,343
612,356
612,362
612,364
612,385
612,390
612,417
612,425
612,432
612,437
612,446
612,464
612,472
612,473
612,482
612,516
612,522
612,529
612,537
612,551
612,552
612,554
612,567
612,573
612,575
612,579
612,585
612,586
612,587
612,588
612,589
612,616
612,617
612,621
612,623
612,639
612,647
612,652
612,653
612,655
612,657
612,680
612,681
612,683
612,702
612,703
612,717
612,718
612,726
612,731
612,733
612,755
612,774
612,781
612,786
612,790
612,793
612,794
612,802
612,808
612,809
612,811
612,819
612,821
612,853
612,904
612,906
612,916
612,925
612,927
612,942
612,951
612,953
612,956
612,959
612,960
612,962
612,969
612,972
612,973
612,974
612,976
612,984
612,1006
612,1012
612,1031
612,1049
612,1052
612,1055
612,1058
612,1059
612,1060
612,1064
612,1080
612,1088
612,1094
612,1095
612,1096
612,1101
612,1102
612,1104
612,1107
612,1109
612,1110
612,1111
612,1117
612,1121
612,1127
612,1129
612,1130
612,1131
612,1136
612,1138
612,1139
612,1143
612,1148
612,1150
612,1179
612,1182
612,1190
612,1198
612,1200
612,1203
612,1206
612,1211
612,1215
612,1224
612,1227
612,1228
612,1229
612,1230
612,1231
612,1233
612,1234
612,1236
612,1258
612,1264
612,1269
612,1270
612,1273
612,1275
612,1278
612,1285
612,1293
612,1294
612,1296
612,1298
612,1299
612,1302
612,1304
612,1306
612,1310
612,1316
612,1317
612,1319
612,1320
612,1322
612,1323
612,1324
612,1326
612,1328
612,1331
612,1332
612,1334
612,1336
612,1345
612,1353
612,1355
612,1356
612,1360
612,1361
612,1367
612,1370
612,1372
612,1373
612,1374
612,1381
612,1392
612,1408
612,1425
612,1449
612,1461
612,1480
612,1483
612,1499
612,1516
612,1531
612,1534
612,1539
612,1545
612,1547
612,1555
612,1559
612,1561
612,1563
612,1566
612,1567
612,1568
612,1571
612,1580
612,1582
612,1584
612,1585
612,1586
612,1587
612,1588
612,1591
612,1593
612,1594
612,1600
612,1603
612,1610
612,1618
612,1619
612,1622
612,1624
612,1625
612,1631
612,1632
612,1633
612,1643
612,1671
612,1677
612,1684
612,1690
612,1696
612,1697
612,1698
612,1699
612,1700
612,1705
612,1712
612,1766
612,1768
612,1783
612,1789
612,1790
612,1791
612,1792
612,1794
612,1797
612,1804
612,1805
612,1806
612,1807
612,1820
612,1826
612,1834
612,1854
612,1916
612,1917
612,1937
612,1938
612,1946
612,1947
612,1974
612,1979
612,2036
612,2039
612,2041
612,2061
612,2085
612,2118
612,2122
612,2126
612,2127
612,2149
612,2160
612,2170
612,2190
612,2204
612,2212
612,2223
612,2242
612,2255
612,2286
612,2306
612,2307
612,2309
612,2310
612,2312
612,2315
612,2337
612,2338
612,2339
612,2340
612,2341
612,2342
612,2343
612,2344
612,2345
612,2346
612,2347
612,2348
612,2349
612,2350
612,2351
612,2352
612,2353
612,2354
612,2355
612,2356
612,2357
613,228
613,319
613,854
613,1182
614,160
614,257
614,423
614,1612
614,2336
615,37
615,68
615,228
615,338
615,414
615,418
615,430
615,535
615,598
615,613
615,710
615,743
615,845
615,853
615,854
615,890
615,911
615,1185
615,1248
615,1655
615,1910
615,2002
615,2336
616,242
616,423
616,851
616,852
616,912
616,1240
616,1254
617,37
617,39
617,48
617,56
617,61
617,158
617,188
617,192
617,219
617,227
617,238
617,242
617,275
617,281
617,282
617,283
617,322
617,323
617,338
617,347
617,352
617,361
617,364
617,367
617,399
617,405
617,423
617,425
617,470
617,489
617,490
617,496
617,498
617,499
617,518
617,559
617,595
617,598
617,602
617,608
617,610
617,612
617,618
617,639
617,848
617,853
617,906
617,920
617,1037
617,1180
617,1187
617,1247
617,1254
617,1491
617,1773
618,239
618,370
618,541
618,552
618,601
618,617
618,757
618,903
618,1000
618,1043
618,1526
618,1998
618,2358
618,2359
619,0
619,8
619,9
619,16
619,20
619,21
619,25
619,27
619,28
619,40
619,46
619,76
619,77
619,91
619,93
619,99
619,101
619,102
619,103
619,107
619,111
619,113
619,115
619,127
619,138
619,140
619,145
619,150
619,157
619,170
619,180
619,187
619,202
619,215
619,216
619,217
619,243
619,265
619,270
619,290
619,316
619,329
619,333
619,335
619,366
619,392
619,434
619,457
619,515
619,788
620,396
620,563
620,583
620,669
620,698
620,726
620,787
620,948
620,960
620,961
620,962
620,1101
620,1216
620,1693
621,2
621,3
621,5
621,6
621,30
621,31
621,61
621,62
621,85
621,88
621,92
621,93
621,133
621,139
621,146
621,158
621,193
621,274
621,275
621,286
621,292
621,304
621,318
621,334
621,343
621,345
621,409
621,499
621,515
621,522
621,539
621,547
621,552
621,612
621,639
621,647
621,654
621,660
621,664
621,691
621,720
621,735
621,747
621,758
621,781
621,788
621,807
621,838
621,907
621,909
621,917
621,918
621,921
621,924
621,925
621,936
621,948
621,976
621,980
621,984
621,999
621,1004
621,1011
621,1015
621,1019
621,1059
621,1088
621,1131
621,1517
621,1521
621,1522
621,1523
621,1531
621,1538
621,1627
621,1668
621,1721
621,1754
621,2089
622,54
622,168
622,173
622,176
622,193
622,236
622,499
622,561
622,573
622,657
622,671
622,673
622,678
622,695
622,702
622,766
622,830
622,928
622,939
622,1091
622,1195
622,1255
622,1259
622,1521
622,1526
622,1743
622,2046
623,32
623,40
623,136
623,236
623,343
623,472
623,548
623,784
623,819
623,825
623,893
623,940
623,957
623,962
623,1059
623,1102
623,1104
623,1105
623,1130
623,1190
623,1545
623,1692
623,1699
623,1792
623,1826
623,1959
623,2360
624,103
624,355
625,87
626,245
626,326
627,264
628,43
628,104
628,160
628,199
628,202
628,203
628,205
628,206
628,209
628,211
628,225
628,226
628,252
628,311
628,318
628,319
628,353
628,439
628,442
628,502
628,536
628,559
628,592
628,607
628,676
628,728
628,733
628,1039
628,1249
628,1528
628,1750
629,199
629,206
629,298
629,439
629,450
629,502
630,60
630,186
630,202
630,264
630,372
630,385
630,493
630,501
630,629
630,736
631,61
631,186
631,309
631,339
631,342
631,376
631,488
631,491
631,498
631,608
631,848
631,1088
632,68
632,72
632,404
632,424
632,540
632,588
632,676
632,687
632,710
632,733
632,847
632,940
632,1813
633,356
633,416
633,421
633,550
633,593
633,602
633,670
633,678
633,854
633,906
633,1693
634,83
634,152
634,200
634,390
634,411
634,437
634,493
634,569
634,598
634,608
634,655
634,691
634,787
634,789
634,805
634,809
634,810
634,825
634,840
634,940
634,941
634,950
634,951
634,954
634,955
634,969
634,972
634,995
634,1055
634,1061
634,1064
634,1096
634,1101
634,1103
634,1104
634,1107
634,1112
634,1114
634,1124
634,1126
634,1211
634,1213
634,1214
634,1218
634,1224
634,1226
634,1233
634,1283
634,1289
634,1293
634,1294
634,1302
634,1304
634,1322
634,1324
634,1332
634,1341
634,1353
634,1358
634,1369
634,1516
634,1542
634,1564
634,1571
634,1580
634,1633
634,1637
634,1700
634,1822
634,2081
634,2088
634,2224
634,2286
634,2345
634,2361
634,2362
634,2363
635,13
635,302
635,490
635,2364
636,9
636,39
636,54
636,59
636,78
636,110
636,152
636,158
636,171
636,172
636,188
636,192
636,193
636,203
636,220
636,231
636,236
636,242
636,251
636,268
636,274
636,275
636,277
636,299
636,319
636,323
636,324
636,333
636,345
636,347
636,361
636,364
636,367
636,393
636,400
636,409
636,424
636,437
636,459
636,463
636,485
636,489
636,492
636,499
636,518
636,522
636,527
636,547
636,552
636,564
636,570
636,598
636,622
636,628
636,639
636,649
636,650
636,654
636,659
636,660
636,661
636,665
636,666
636,667
636,669
636,672
636,676
636,678
636,680
636,698
636,701
636,703
636,723
636,731
636,733
636,742
636,757
636,759
636,796
636,807
636,846
636,849
636,853
636,878
636,880
636,889
636,903
636,909
636,917
636,924
636,925
636,934
636,944
636,948
636,980
636,988
636,1001
636,1008
636,1010
636,1012
636,1013
636,1015
636,1048
636,1052
636,1088
636,1091
636,1092
636,1094
636,1102
636,1156
636,1190
636,1192
636,1195
636,1199
636,1245
636,1254
636,1257
636,1258
636,1259
636,1494
636,1519
636,1520
636,1521
636,1525
636,1575
636,1644
636,1652
636,1657
636,1731
636,1732
636,1733
636,1768
636,1783
636,1914
636,2141
636,2169
636,2260
636,2283
636,2285
636,2365
636,2366
637,226
637,228
637,289
637,352
637,359
637,390
637,585
637,593
637,642
637,650
637,668
637,672
637,680
637,682
637,698
637,733
637,782
637,802
637,807
637,913
637,934
637,1187
637,1632
637,2086
637,2283
638,333
638,744
638,999
639,39
639,220
639,286
639,301
639,322
639,324
639,364
639,382
639,390
639,394
639,400
639,409
639,424
639,452
639,463
639,464
639,473
639,490
639,499
639,506
639,522
639,534
639,537
639,549
639,559
639,563
639,575
639,579
639,585
639,587
639,598
639,608
639,612
639,617
639,623
639,636
639,655
639,681
639,687
639,688
639,698
639,701
639,703
639,720
639,723
639,731
639,744
639,761
639,767
639,772
639,781
639,783
639,786
639,787
639,790
639,799
639,809
639,818
639,840
639,850
639,853
639,863
639,874
639,876
639,880
639,918
639,920
639,921
639,925
639,928
639,948
639,953
639,957
639,969
639,972
639,986
639,1010
639,1015
639,1047
639,1051
639,1055
639,1060
639,1094
639,1108
639,1143
639,1179
639,1195
639,1211
639,1221
639,1228
639,1229
639,1233
639,1273
639,1274
639,1306
639,1310
639,1316
639,1326
639,1333
639,1338
639,1340
639,1394
639,1426
639,1439
639,1483
639,1511
639,1527
639,1531
639,1568
639,1572
639,1573
639,1584
639,1589
639,1637
639,1689
639,1705
639,1724
639,1740
639,1741
639,1793
639,1834
639,1853
639,1862
639,1876
639,1921
639,1929
639,1964
639,2106
639,2127
639,2181
639,2314
639,2328
639,2337
639,2367
639,2368
639,2369
639,2370
639,2371
639,2372
639,2373
639,2374
639,2375
640,13
640,39
640,61
640,143
640,159
640,168
640,194
640,236
640,238
640,255
640,284
640,293
640,299
640,301
640,438
640,593
640,836
640,859
640,984
640,1003
640,1194
640,1645
640,1658
640,1925
640,2376
641,338
642,57
642,59
642,61
642,159
642,160
642,177
642,193
642,203
642,209
642,211
642,229
642,260
642,283
642,299
642,300
642,322
642,338
642,350
642,364
642,367
642,374
642,432
642,437
642,448
642,449
642,459
642,485
642,490
642,495
642,496
642,498
642,503
642,518
642,527
642,555
642,595
642,596
642,598
642,601
642,602
642,605
642,608
642,610
642,637
642,712
642,836
642,890
642,906
642,999
642,1175
642,1185
642,1247
642,1254
642,2132
643,272
644,384
644,610
644,871
644,908
645,152
645,228
645,283
645,446
645,751
645,848
645,853
645,897
645,911
645,912
645,1038
645,1041
645,1646
646,193
646,231
646,559
646,663
646,872
646,1094
646,2268
647,62
647,145
647,219
647,345
647,364
647,433
647,607
647,680
647,756
647,925
647,960
647,983
647,997
647,1517
647,1522
648,364
648,680
648,751
648,908
648,983
648,2377
649,39
649,62
649,285
649,367
649,470
649,499
649,598
649,636
649,849
649,1195
649,1657
649,1769
649,2089
650,158
650,241
650,367
650,429
650,434
650,541
650,548
650,636
650,637
650,703
650,731
650,742
650,756
650,848
650,853
650,1194
650,1199
650,1202
650,1254
650,1614
650,1904
650,2012
651,39
651,347
651,543
651,545
651,551
651,554
651,566
651,616
651,660
651,680
651,830
651,852
651,907
651,999
651,1003
651,1006
651,1522
652,7
652,36
652,54
652,92
652,97
652,125
652,133
652,136
652,146
652,159
652,175
652,212
652,216
652,226
652,241
652,251
652,252
652,298
652,301
652,304
652,311
652,317
652,318
652,323
652,324
652,328
652,333
652,349
652,356
652,433
652,436
652,452
652,499
652,507
652,516
652,522
652,537
652,548
652,573
652,589
652,597
652,612
652,647
652,655
652,657
652,661
652,668
652,669
652,671
652,698
652,703
652,712
652,726
652,744
652,761
652,767
652,781
652,802
652,842
652,847
652,926
652,937
652,941
652,951
652,972
652,973
652,977
652,980
652,999
652,1004
652,1031
652,1058
652,1065
652,1094
652,1138
652,1139
652,1152
652,1153
652,1195
652,1198
652,1219
652,1234
652,1236
652,1282
652,1294
652,1332
652,1353
652,1404
652,1425
652,1555
652,1585
652,1591
652,1616
652,1622
652,1804
652,1826
652,1909
652,2013
652,2081
652,2084
652,2096
652,2251
653,133
653,136
653,146
653,161
653,251
653,311
653,315
653,323
653,324
653,402
653,424
653,464
653,544
653,573
653,578
653,581
653,589
653,612
653,717
653,726
653,731
653,744
653,745
653,817
653,840
653,1031
653,1061
653,1062
653,1080
653,1094
653,1101
653,1102
653,1110
653,1121
653,1123
653,1215
653,1219
653,1222
653,1229
653,1255
653,1269
653,1282
653,1286
653,1294
653,1298
653,1302
653,1304
653,1318
653,1519
653,1571
653,1580
653,1603
653,1610
653,1693
653,1916
653,1946
653,2309
653,2310
654,347
654,542
654,550
654,552
654,660
654,671
654,672
654,875
654,925
654,1006
654,1667
655,39
655,54
655,133
655,136
655,229
655,272
655,324
655,333
655,347
655,356
655,372
655,390
655,406
655,413
655,451
655,506
655,516
655,521
655,541
655,554
655,576
655,577
655,582
655,588
655,618
655,634
655,663
655,673
655,681
655,684
655,699
655,786
655,801
655,819
655,822
655,840
655,942
655,951
655,956
655,969
655,972
655,1060
655,1079
655,1095
655,1101
655,1110
655,1112
655,1113
655,1121
655,1130
655,1209
655,1210
655,1215
655,1216
655,1220
655,1223
655,1229
655,1230
655,1232
655,1233
655,1278
655,1298
655,1300
655,1306
655,1308
655,1309
655,1312
655,1317
655,1318
655,1319
655,1321
655,1324
655,1327
655,1334
655,1353
655,1355
655,1367
655,1369
655,1483
655,1527
655,1528
655,1543
655,1561
655,1567
655,1568
655,1572
655,1573
655,1584
655,1588
655,1592
655,1636
655,1672
655,1732
655,1854
655,1929
655,1946
655,1956
655,2106
655,2117
655,2256
655,2313
655,2378
655,2379
655,2380
655,2381
655,2382
655,2383
655,2384
656,547
656,733
656,735
656,1003
656,1526
657,39
657,61
657,68
657,105
657,133
657,159
657,188
657,193
657,209
657,218
657,228
657,229
657,275
657,298
657,304
657,313
657,318
657,324
657,334
657,352
657,356
657,361
657,364
657,375
657,409
657,413
657,414
657,424
657,425
657,437
657,446
657,449
657,463
657,473
657,489
657,499
657,518
657,522
657,537
657,543
657,547
657,549
657,551
657,554
657,561
657,598
657,607
657,610
657,612
657,615
657,617
657,622
657,636
657,639
657,650
657,652
657,659
657,661
657,666
657,668
657,671
657,672
657,673
657,675
657,676
657,695
657,731
657,733
657,744
657,840
657,848
657,872
657,917
657,921
657,925
657,936
657,945
657,980
657,981
657,997
657,1038
657,1048
657,1059
657,1091
657,1190
657,1195
657,1199
657,1254
657,1489
657,1646
657,1693
657,1721
657,1732
657,2385
658,434
658,547
658,551
658,552
658,650
658,671
658,672
658,754
658,758
658,759
658,876
658,889
658,945
658,985
658,1004
658,1007
658,1259
658,1518
658,1575
658,1732
658,2006
658,2007
658,2134
659,39
659,552
659,561
659,654
659,669
659,670
659,757
659,903
659,1013
659,1015
659,1721
659,1742
659,2386
660,69
660,158
660,192
660,345
660,347
660,364
660,424
660,434
660,510
660,540
660,621
660,651
660,654
660,659
660,666
660,671
660,728
660,733
660,756
660,758
660,767
660,799
660,827
660,830
660,875
660,903
660,909
660,936
660,989
660,999
660,1000
660,1004
660,1007
660,1013
660,1015
660,1043
660,1132
660,1525
660,1742
660,1781
660,1934
660,1991
660,2001
660,2077
660,2291
660,2321
660,2335
661,39
661,62
661,158
661,159
661,177
661,241
661,242
661,281
661,304
661,319
661,324
661,347
661,352
661,364
661,413
661,424
661,470
661,481
661,522
661,523
661,541
661,544
661,548
661,554
661,561
661,606
661,607
661,612
661,617
661,628
661,633
661,636
661,649
661,652
661,657
661,663
661,703
661,720
661,735
661,747
661,755
661,799
661,838
661,847
661,848
661,907
661,920
661,956
661,986
661,1031
661,1038
661,1040
661,1184
661,1191
661,1200
661,1247
661,1254
661,1668
661,2134
662,433
662,758
662,1001
662,1668
663,177
663,193
663,212
663,230
663,236
663,270
663,286
663,333
663,409
663,443
663,518
663,543
663,549
663,578
663,601
663,646
663,661
663,666
663,670
663,673
663,676
663,684
663,688
663,695
663,733
663,754
663,759
663,852
663,872
663,917
663,938
663,943
663,945
663,980
663,1091
663,1263
663,1494
663,1538
663,1615
663,1686
663,1732
663,1764
663,1940
663,2004
663,2010
663,2040
663,2089
663,2387
664,239
664,263
664,546
664,666
664,936
664,1195
664,1526
665,446
665,447
665,551
665,668
665,670
665,934
665,1074
665,1091
665,1459
665,1731
665,1854
666,54
666,143
666,239
666,244
666,424
666,489
666,537
666,547
666,660
666,663
666,670
666,671
666,672
666,673
666,676
666,678
666,731
666,756
666,758
666,759
666,796
666,816
666,893
666,927
666,934
666,936
666,945
666,1001
666,1013
666,1015
666,1091
666,1148
666,1195
666,1520
666,1526
666,1721
666,1732
666,1734
666,1743
666,1767
666,2007
666,2014
666,2388
667,551
667,552
667,744
667,875
667,903
667,924
667,1781
667,2145
668,273
668,459
668,541
668,933
668,2007
669,61
669,193
669,273
669,286
669,364
669,424
669,437
669,561
669,564
669,566
669,575
669,585
669,636
669,639
669,652
669,653
669,654
669,659
669,670
669,680
669,698
669,701
669,720
669,731
669,744
669,765
669,767
669,782
669,790
669,795
669,805
669,863
669,917
669,946
669,947
669,948
669,954
669,997
669,1001
669,1010
669,1138
669,1195
669,1322
669,1491
669,1568
669,1693
669,1733
669,1742
669,1782
669,2007
669,2012
669,2064
669,2113
669,2389
670,105
670,535
670,551
670,574
670,593
670,611
670,633
670,659
670,663
670,665
670,666
670,669
670,673
670,678
670,757
670,761
670,826
670,830
670,838
670,938
670,1009
670,1013
670,1048
670,1091
670,1731
670,2007
671,193
671,239
671,468
671,541
671,547
671,552
671,658
671,660
671,666
671,684
671,706
671,733
671,768
671,936
671,980
671,1008
671,1043
671,1048
671,1256
671,1526
671,1668
671,1716
671,1781
671,2007
672,110
672,193
672,273
672,359
672,414
672,499
672,559
672,593
672,637
672,657
672,666
672,675
672,677
672,678
672,735
672,754
672,757
672,758
672,759
672,934
672,1001
672,1015
672,1091
672,1092
672,1258
672,1259
672,1526
672,1615
672,1934
672,2007
672,2033
672,2091
672,2231
672,2392
672,2393
673,54
673,193
673,622
673,663
673,666
673,670
673,674
673,679
673,767
673,931
673,934
673,943
673,1013
673,1091
673,1195
673,1742
674,562
674,563
674,572
674,577
674,673
674,812
674,955
674,1228
675,405
675,452
675,545
675,672
675,745
675,758
675,797
675,848
675,920
675,923
675,924
675,930
675,1013
675,1043
675,1088
675,1092
675,1731
675,1732
675,1743
675,1998
675,2011
675,2086
675,2256
676,39
676,65
676,119
676,159
676,193
676,264
676,275
676,299
676,323
676,359
676,364
676,413
676,424
676,437
676,470
676,473
676,499
676,518
676,522
676,540
676,547
676,566
676,585
676,602
676,606
676,632
676,657
676,660
676,663
676,666
676,673
676,674
676,678
676,680
676,685
676,696
676,701
676,731
676,740
676,757
676,767
676,790
676,830
676,848
676,864
676,872
676,909
676,917
676,927
676,943
676,960
676,985
676,1002
676,1007
676,1008
676,1106
676,1131
676,1180
676,1195
676,1364
676,1520
676,1538
676,1731
676,1732
676,1768
676,1782
676,1915
676,1956
676,2009
676,2011
676,2025
676,2092
676,2218
676,2228
676,2231
676,2236
676,2265
677,39
677,1668
678,39
678,250
678,333
678,547
678,633
678,666
678,670
678,672
678,676
678,703
678,749
678,888
678,927
678,1108
678,1274
678,1742
679,39
679,143
679,289
679,463
679,673
679,940
680,9
680,28
680,54
680,143
680,158
680,189
680,192
680,193
680,241
680,286
680,359
680,364
680,382
680,424
680,433
680,446
680,463
680,510
680,518
680,522
680,539
680,540
680,549
680,552
680,555
680,561
680,570
680,636
680,647
680,648
680,651
680,654
680,660
680,667
680,669
680,688
680,698
680,733
680,758
680,781
680,827
680,875
680,880
680,891
680,908
680,917
680,921
680,922
680,925
680,934
680,936
680,948
680,980
680,983
680,994
680,997
680,1008
680,1014
680,1131
680,1516
680,1520
680,1577
680,1631
680,1781
680,1969
680,2017
680,2025
680,2387
681,39
681,456
681,548
681,560
681,569
681,585
681,588
681,693
681,906
681,965
681,1268
681,1959
681,2011
681,2086
682,39
682,402
682,540
682,637
682,668
682,687
682,768
682,771
682,773
682,786
682,949
682,963
682,1085
682,1565
682,1741
682,1771
683,136
683,151
683,189
683,299
683,390
683,437
683,442
683,463
683,472
683,511
683,567
683,569
683,570
683,575
683,581
683,583
683,585
683,650
683,665
683,690
683,698
683,701
683,702
683,703
683,762
683,781
683,783
683,785
683,787
683,796
683,800
683,806
683,810
683,821
683,833
683,904
683,927
683,940
683,941
683,942
683,943
683,957
683,968
683,993
683,1021
683,1027
683,1031
683,1064
683,1065
683,1066
683,1095
683,1096
683,1097
683,1101
683,1102
683,1109
683,1122
683,1127
683,1130
683,1139
683,1144
683,1150
683,1151
683,1157
683,1160
683,1165
683,1168
683,1209
683,1211
683,1216
683,1226
683,1229
683,1285
683,1310
683,1325
683,1328
683,1332
683,1336
683,1343
683,1353
683,1358
683,1362
683,1375
683,1376
683,1383
683,1385
683,1386
683,1388
683,1389
683,1395
683,1397
683,1398
683,1402
683,1403
683,1406
683,1407
683,1408
683,1409
683,1418
683,1421
683,1426
683,1429
683,1437
683,1439
683,1443
683,1449
683,1461
683,1483
683,1511
683,1528
683,1562
683,1579
683,1580
683,1581
683,1593
683,1603
683,1625
683,1676
683,1680
683,1683
683,1734
683,1784
683,1803
683,1828
683,1841
683,1843
683,1844
683,1848
683,1851
683,1854
683,1859
683,1864
683,1929
683,2035
683,2054
683,2122
683,2157
683,2160
683,2174
683,2177
683,2178
683,2283
683,2397
683,2398
683,2399
683,2400
683,2401
684,148
684,278
684,333
684,367
684,400
684,414
684,415
684,540
684,561
684,608
684,660
684,663
684,671
684,680
684,685
684,687
684,701
684,726
684,733
684,764
684,863
684,980
684,1007
684,1010
684,1982
684,2012
684,2403
685,39
685,359
685,506
685,566
685,572
685,676
685,684
685,687
685,689
685,690
685,691
685,692
685,700
685,701
685,763
685,764
685,765
685,767
685,769
685,782
685,909
685,913
685,947
685,972
685,1228
685,1254
685,1261
685,1520
685,1637
685,1693
685,1700
685,1781
685,1782
685,1956
685,2017
685,2060
685,2114
685,2136
685,2232
685,2285
685,2404
686,572
686,578
686,875
687,54
687,540
687,566
687,601
687,682
687,684
687,701
687,720
687,764
687,765
687,875
687,942
687,1097
687,1212
687,1262
687,1982
687,2059
687,2114
687,2367
688,217
688,239
688,446
688,527
688,556
688,607
688,663
688,844
688,889
688,908
688,1038
688,1048
688,1177
688,1199
688,2017
688,2113
688,2257
689,566
689,685
689,764
689,2014
689,2405
690,581
690,940
690,2017
690,2046
691,39
691,409
691,489
691,523
691,540
691,542
691,550
691,551
691,555
691,572
691,575
691,583
691,606
691,607
691,608
691,621
691,680
691,685
691,720
691,731
691,755
691,766
691,782
691,785
691,805
691,810
691,870
691,880
691,917
691,943
691,979
691,1048
691,1177
691,1191
691,1195
691,1197
691,1215
691,1520
691,1761
691,2144
691,2239
691,2273
691,2277
691,2321
692,54
692,289
692,446
692,459
692,499
692,572
692,578
692,684
692,768
692,769
692,906
692,909
692,978
692,1615
692,1820
692,2046
693,568
693,681
693,947
693,2279
694,39
694,573
694,672
694,695
694,824
694,941
694,1520
694,1784
694,1813
695,39
695,482
695,566
695,657
695,700
695,1014
695,2009
695,2064
695,2259
695,2406
696,39
696,510
696,541
696,572
696,676
696,1013
696,1097
696,2007
696,2078
697,39
697,359
697,575
697,588
697,769
697,783
697,816
697,1097
697,1204
697,1210
697,2263
698,13
698,28
698,39
698,193
698,218
698,229
698,231
698,236
698,274
698,281
698,286
698,299
698,333
698,347
698,364
698,390
698,396
698,400
698,424
698,431
698,434
698,437
698,446
698,463
698,489
698,510
698,540
698,542
698,543
698,544
698,547
698,549
698,550
698,561
698,568
698,570
698,572
698,607
698,612
698,620
698,636
698,637
698,639
698,652
698,654
698,665
698,666
698,668
698,669
698,671
698,672
698,675
698,676
698,680
698,699
698,701
698,731
698,741
698,746
698,749
698,758
698,761
698,764
698,767
698,769
698,773
698,781
698,896
698,905
698,917
698,925
698,927
698,928
698,933
698,936
698,944
698,948
698,956
698,967
698,972
698,980
698,983
698,990
698,994
698,995
698,997
698,999
698,1001
698,1003
698,1006
698,1010
698,1014
698,1091
698,1094
698,1097
698,1110
698,1131
698,1195
698,1196
698,1242
698,1245
698,1257
698,1258
698,1377
698,1504
698,1517
698,1520
698,1526
698,1527
698,1529
698,1530
698,1539
698,1565
698,1568
698,1626
698,1643
698,1668
698,1669
698,1693
698,1741
698,1742
698,1768
698,1781
698,1904
698,1907
698,1922
698,1942
698,1970
698,2016
698,2086
698,2113
698,2260
698,2402
698,2407
698,2408
699,171
699,320
699,464
699,578
699,581
699,583
699,586
699,698
699,822
699,940
699,942
699,1060
699,1066
699,1109
699,1121
699,1227
699,1274
699,1292
699,1338
699,1563
699,1573
699,1593
699,1599
699,1694
699,1794
699,2332
700,289
700,348
700,558
700,561
700,593
700,685
700,726
700,769
700,772
700,948
700,1108
700,1131
700,1527
700,1693
700,1732
700,2058
700,2114
701,39
701,65
701,289
701,390
701,452
701,463
701,489
701,499
701,506
701,511
701,559
701,561
701,562
701,570
701,572
701,575
701,581
701,668
701,669
701,676
701,680
701,683
701,687
701,697
701,720
701,731
701,764
701,767
701,769
701,770
701,772
701,781
701,782
701,785
701,790
701,810
701,824
701,830
701,870
701,874
701,942
701,945
701,947
701,948
701,983
701,993
701,1031
701,1053
701,1062
701,1097
701,1156
701,1263
701,1266
701,1520
701,1527
701,1542
701,1581
701,1651
701,1782
701,1784
701,1796
701,2001
701,2020
701,2038
701,2058
701,2409
701,2410
702,39
702,90
702,107
702,225
702,289
702,356
702,390
702,424
702,456
702,543
702,548
702,553
702,570
702,586
702,622
702,639
702,657
702,669
702,683
702,684
702,703
702,731
702,744
702,768
702,779
702,792
702,817
702,819
702,820
702,822
702,863
702,906
702,920
702,948
702,962
702,1050
702,1062
702,1101
702,1109
702,1111
702,1139
702,1156
702,1179
702,1209
702,1226
702,1232
702,1234
702,1276
702,1278
702,1288
702,1296
702,1298
702,1349
702,1381
702,1585
702,1588
702,1603
702,1610
702,1734
702,1768
702,1820
702,1823
702,2049
702,2175
702,2208
702,2353
702,2360
702,2393
703,39
703,143
703,145
703,151
703,278
703,289
703,324
703,356
703,364
703,390
703,394
703,437
703,464
703,537
703,548
703,551
703,554
703,570
703,573
703,588
703,589
703,612
703,636
703,650
703,652
703,661
703,671
703,674
703,678
703,683
703,702
703,717
703,744
703,762
703,809
703,813
703,817
703,820
703,822
703,906
703,932
703,936
703,937
703,950
703,959
703,960
703,961
703,972
703,1031
703,1058
703,1074
703,1080
703,1101
703,1102
703,1109
703,1110
703,1113
703,1122
703,1129
703,1130
703,1139
703,1143
703,1145
703,1179
703,1209
703,1211
703,1213
703,1215
703,1217
703,1226
703,1228
703,1230
703,1234
703,1269
703,1274
703,1278
703,1282
703,1285
703,1286
703,1289
703,1293
703,1294
703,1295
703,1296
703,1300
703,1302
703,1312
703,1316
703,1318
703,1325
703,1331
703,1332
703,1333
703,1339
703,1342
703,1343
703,1345
703,1347
703,1352
703,1353
703,1358
703,1370
703,1372
703,1381
703,1498
703,1505
703,1508
703,1534
703,1567
703,1580
703,1583
703,1589
703,1596
703,1600
703,1610
703,1635
703,1636
703,1641
703,1678
703,1689
703,1781
703,1797
703,1925
703,1958
703,1967
703,1976
703,1977
703,2031
703,2087
703,2251
703,2308
703,2396
703,2403
703,2411
703,2412
703,2413
703,2414
703,2415
703,2416
704,38
705,115
705,341
706,118
706,183
707,43
708,0
708,407
709,223
710,0
710,85
710,196
710,200
710,203
710,273
710,283
710,406
710,420
710,424
710,505
710,602
710,608
710,615
710,726
710,733
710,742
710,1272
710,1643
710,1756
711,200
711,301
711,505
711,746
711,934
711,1076
711,1118
711,1212
711,1216
711,1226
711,1256
711,1302
711,1766
712,40
712,49
712,52
712,130
712,143
712,152
712,157
712,161
712,189
712,198
712,202
712,210
712,221
712,223
712,252
712,259
712,287
712,299
712,309
712,319
712,368
712,372
712,396
712,404
712,428
712,535
712,610
712,642
712,654
712,1001
712,1766
713,296
713,628
714,51
714,202
714,203
714,378
714,439
714,729
715,277
715,418
715,422
715,438
715,470
715,843
715,1918
715,2003
716,43
716,537
716,539
716,745
716,753
716,921
716,999
717,43
717,136
717,324
717,473
717,569
717,570
717,573
717,588
717,653
717,790
717,820
717,904
717,906
717,944
717,951
717,953
717,972
717,1031
717,1062
717,1081
717,1109
717,1129
717,1138
717,1206
717,1227
717,1269
717,1302
717,1325
717,1326
717,1390
717,1407
717,1528
717,1545
717,1610
717,1672
717,1702
717,2018
717,2154
717,2189
717,2353
718,39
718,43
718,352
718,817
718,1134
718,2126
718,2196
718,2351
719,181
719,303
719,2271
720,65
720,66
720,143
720,152
720,190
720,192
720,229
720,231
720,239
720,268
720,272
720,273
720,282
720,292
720,299
720,409
720,433
720,434
720,458
720,463
720,470
720,481
720,483
720,510
720,522
720,541
720,552
720,572
720,581
720,585
720,621
720,639
720,654
720,661
720,669
720,671
720,687
720,691
720,695
720,701
720,755
720,766
720,808
720,809
720,811
720,870
720,889
720,922
720,946
720,948
720,983
720,997
720,1106
720,1194
720,1263
720,1279
720,1561
720,1637
720,1801
720,1982
720,2054
720,2078
720,2223
720,2417
721,168
721,173
721,367
721,454
721,746
722,104
722,894
723,59
723,65
723,105
723,201
723,222
723,232
723,233
723,273
723,300
723,304
723,350
723,372
723,374
723,416
723,487
723,533
723,607
723,736
723,743
723,853
723,979
723,1034
723,1194
723,1990
724,0
724,459
724,879
725,301
725,353
726,67
726,145
726,343
726,373
726,400
726,436
726,442
726,472
726,538
726,548
726,550
726,564
726,583
726,593
726,608
726,613
726,645
726,647
726,670
726,680
726,684
726,700
726,723
726,746
726,772
726,778
726,781
726,785
726,791
726,796
726,821
726,840
726,891
726,917
726,953
726,962
726,976
726,996
726,997
726,1094
726,1106
726,1130
726,1204
726,1206
726,1546
726,1555
726,1622
726,1778
726,1964
726,2039
726,2055
726,2253
726,2283
726,2298
726,2404
726,2418
727,187
727,251
727,264
727,372
727,397
727,476
727,1150
727,1160
727,1168
727,1430
727,1562
727,1606
727,1889
727,2157
727,2161
728,274
728,1521
729,52
729,69
729,137
729,159
729,184
729,192
729,193
729,199
729,200
729,203
729,209
729,222
729,228
729,250
729,260
729,264
729,274
729,317
729,319
729,323
729,339
729,342
729,343
729,350
729,361
729,363
729,369
729,370
729,374
729,407
729,412
729,418
729,444
729,449
729,483
729,485
729,497
729,501
729,502
729,598
729,610
729,642
729,709
729,714
729,838
729,868
729,1017
729,1132
729,1137
729,1254
729,1483
729,1746
730,1521
731,39
731,54
731,65
731,66
731,120
731,133
731,146
731,158
731,188
731,193
731,228
731,236
731,242
731,251
731,304
731,324
731,328
731,333
731,343
731,361
731,364
731,367
731,409
731,424
731,446
731,456
731,463
731,470
731,489
731,518
731,521
731,522
731,541
731,543
731,548
731,561
731,570
731,573
731,575
731,597
731,606
731,612
731,639
731,650
731,653
731,654
731,657
731,659
731,660
731,666
731,669
731,676
731,691
731,698
731,701
731,702
731,703
731,723
731,729
731,761
731,781
731,782
731,785
731,811
731,847
731,848
731,849
731,850
731,852
731,863
731,872
731,889
731,917
731,920
731,925
731,928
731,936
731,939
731,942
731,948
731,957
731,974
731,980
731,990
731,997
731,999
731,1004
731,1007
731,1031
731,1049
731,1061
731,1066
731,1089
731,1091
731,1094
731,1096
731,1107
731,1108
731,1110
731,1123
731,1198
731,1211
731,1212
731,1222
731,1226
731,1227
731,1229
731,1232
731,1255
731,1274
731,1289
731,1293
731,1298
731,1302
731,1367
731,1516
731,1517
731,1518
731,1529
731,1535
731,1568
731,1582
731,1610
731,1622
731,1633
731,1642
731,1646
731,1691
731,1693
731,1727
731,1743
731,1764
731,1768
731,1801
731,1922
731,2060
731,2143
731,2149
731,2254
731,2270
731,2283
731,2339
731,2352
731,2404
731,2419
732,349
733,52
733,54
733,91
733,110
733,112
733,151
733,185
733,202
733,211
733,225
733,230
733,315
733,364
733,372
733,400
733,408
733,409
733,442
733,444
733,448
733,449
733,450
733,474
733,475
733,482
733,483
733,489
733,499
733,546
733,552
733,628
733,637
733,656
733,658
733,660
733,663
733,680
733,684
733,728
733,756
733,806
733,884
733,889
733,936
733,980
733,987
733,1002
733,1007
733,1015
733,1048
733,1145
733,1516
733,1569
733,1731
733,1950
733,2007
734,232
734,834
735,204
735,278
735,299
735,315
735,364
735,654
735,656
735,661
735,672
735,826
735,875
735,924
735,980
735,997
735,999
735,1007
735,1015
735,1088
735,1496
735,2014
736,67
736,136
736,205
736,242
736,299
736,309
736,311
736,315
736,343
736,425
736,493
736,501
736,502
736,598
736,609
736,630
736,723
736,1184
736,1247
736,1732
736,1782
737,417
737,509
737,596
737,2230
738,140
738,516
739,523
739,850
739,908
739,2025
740,301
740,405
740,414
740,431
740,518
740,541
740,601
740,911
740,2089
741,60
741,345
741,459
741,510
741,672
741,698
741,827
741,934
741,943
741,1733
741,1950
741,2012
741,2083
741,2353
741,2420
742,110
742,133
742,158
742,231
742,338
742,343
742,347
742,409
742,424
742,438
742,489
742,527
742,598
742,607
742,610
742,628
742,650
742,710
742,751
742,758
742,902
742,980
742,1003
742,1019
742,1041
742,1194
742,1198
742,1199
742,1240
742,1248
742,1488
742,1655
742,1717
742,1754
742,1764
743,37
743,152
743,228
743,270
743,277
743,423
743,510
743,534
743,555
743,596
743,615
743,723
743,758
743,1039
743,1495
743,1642
743,1645
743,1913
743,2422
744,43
744,113
744,130
744,136
744,146
744,184
744,218
744,289
744,320
744,324
744,333
744,342
744,345
744,385
744,388
744,409
744,413
744,414
744,424
744,428
744,437
744,464
744,499
744,516
744,551
744,554
744,557
744,567
744,573
744,575
744,586
744,588
744,589
744,590
744,614
744,621
744,638
744,639
744,652
744,653
744,659
744,667
744,669
744,670
744,686
744,687
744,695
744,701
744,702
744,703
744,710
744,711
744,717
744,762
744,763
744,772
744,774
744,779
744,781
744,809
744,819
744,823
744,827
744,840
744,853
744,916
744,925
744,926
744,927
744,948
744,953
744,960
744,961
744,969
744,972
744,973
744,980
744,983
744,1004
744,1009
744,1013
744,1031
744,1039
744,1048
744,1061
744,1065
744,1078
744,1088
744,1091
744,1101
744,1106
744,1109
744,1110
744,1114
744,1115
744,1116
744,1122
744,1123
744,1126
744,1127
744,1130
744,1148
744,1213
744,1214
744,1215
744,1217
744,1221
744,1229
744,1230
744,1233
744,1234
744,1255
744,1274
744,1292
744,1293
744,1294
744,1296
744,1298
744,1300
744,1318
744,1334
744,1519
744,1542
744,1561
744,1567
744,1592
744,1603
744,1610
744,1615
744,1657
744,1720
744,1740
744,1791
744,1983
744,2020
744,2061
744,2117
744,2145
744,2264
744,2306
744,2308
744,2321
744,2330
744,2423
744,2424
744,2425
744,2426
745,364
745,433
745,470
745,518
745,521
745,550
745,556
745,598
745,607
745,653
745,654
745,675
745,716
745,844
745,848
745,880
745,923
745,948
745,988
745,1015
745,1038
745,1177
745,1200
745,1731
745,1742
745,1755
745,1934
746,59
746,236
746,241
746,284
746,285
746,286
746,345
746,367
746,400
746,418
746,431
746,432
746,505
746,539
746,540
746,552
746,607
746,711
746,726
746,751
746,850
746,908
746,915
746,921
746,922
746,924
746,981
746,985
746,1764
746,1904
746,1997
746,2156
747,286
747,446
747,544
747,967
747,986
747,996
748,282
748,346
748,396
748,857
748,999
748,1003
748,1190
749,219
749,345
749,523
749,546
749,547
749,757
749,758
749,922
749,967
749,987
749,1013
749,1525
749,2256
750,983
751,446
751,495
751,645
751,648
751,742
751,746
751,921
751,985
751,987
751,1039
752,1614
752,1627
752,1669
752,2428
753,247
753,340
753,374
753,565
753,716
753,758
753,838
753,870
753,938
753,1031
753,1089
753,1212
753,1286
753,1296
753,1304
753,1449
753,1588
753,1693
753,1698
753,1753
753,1835
754,364
754,547
754,570
754,658
754,663
754,672
754,758
754,917
754,1069
754,1092
754,1245
754,1256
755,409
755,415
755,433
755,446
755,470
755,537
755,551
755,606
755,659
755,661
755,691
755,720
755,744
755,960
755,1090
755,1091
755,1195
755,1258
755,1282
755,1386
755,1530
755,1538
755,1720
755,2429
756,236
756,434
756,489
756,540
756,546
756,647
756,650
756,660
756,662
756,666
756,668
756,733
756,758
756,760
756,838
756,880
756,924
756,936
756,960
756,995
756,1013
756,1078
756,1187
756,1522
756,1713
756,1720
756,2250
756,2430
757,168
757,193
757,348
757,439
757,500
757,618
757,659
757,670
757,672
757,749
757,859
757,909
757,933
757,936
757,1015
757,1043
757,1045
757,1091
757,1195
757,1526
757,1652
757,1731
757,1747
757,1914
757,1915
757,2220
757,2231
757,2256
757,2291
758,158
758,193
758,273
758,286
758,303
758,364
758,367
758,390
758,414
758,470
758,503
758,510
758,540
758,546
758,547
758,548
758,550
758,551
758,552
758,565
758,648
758,650
758,660
758,662
758,666
758,672
758,673
758,675
758,680
758,742
758,743
758,749
758,754
758,756
758,757
758,762
758,844
758,849
758,899
758,903
758,909
758,915
758,918
758,924
758,927
758,948
758,967
758,980
758,983
758,994
758,1000
758,1004
758,1006
758,1011
758,1013
758,1015
758,1043
758,1067
758,1090
758,1131
758,1132
758,1247
758,1526
758,1530
758,1576
758,1681
758,1713
758,1731
758,1732
758,1753
758,1767
758,1781
758,2025
758,2050
758,2077
758,2106
758,2134
758,2256
758,2420
759,552
759,658
759,663
759,666
759,672
759,754
759,923
759,934
759,936
759,1011
759,1013
759,1091
759,1259
759,1721
759,1732
759,2007
759,2256
759,2291
760,510
760,511
760,540
760,555
760,756
760,816
760,934
760,1048
761,541
761,670
762,260
762,367
762,384
762,473
762,511
762,517
762,531
762,534
762,538
762,564
762,566
762,570
762,572
762,573
762,585
762,623
762,639
762,665
762,681
762,683
762,694
762,698
762,701
762,703
762,744
762,758
762,771
762,774
762,783
762,785
762,802
762,808
762,819
762,820
762,842
762,916
762,928
762,937
762,941
762,1031
762,1061
762,1094
762,1096
762,1102
762,1145
762,1149
762,1192
762,1203
762,1206
762,1228
762,1230
762,1233
762,1260
762,1282
762,1285
762,1296
762,1318
762,1332
762,1341
762,1342
762,1344
762,1352
762,1355
762,1360
762,1362
762,1364
762,1372
762,1383
762,1385
762,1406
762,1407
762,1412
762,1449
762,1509
762,1583
762,1588
762,1592
762,1610
762,1613
762,1615
762,1616
762,1617
762,1635
762,1689
762,1726
762,1814
762,1815
762,1816
762,1841
762,1953
762,1960
762,1979
762,1989
762,2050
762,2074
762,2240
762,2301
762,2308
762,2356
762,2426
762,2431
762,2432
763,576
763,685
763,774
763,803
763,809
763,827
763,876
763,925
763,938
763,1056
763,1066
763,1101
763,1111
763,1122
763,1125
763,1127
763,1207
763,1304
763,1633
763,1735
763,1801
763,1907
763,1964
763,2064
763,2221
763,2402
764,285
764,364
764,489
764,540
764,581
764,684
764,687
764,689
764,698
764,701
764,765
764,766
764,768
764,782
764,800
764,816
764,863
764,938
764,943
764,945
764,947
764,983
764,1003
764,1048
764,1742
764,1782
764,2013
764,2016
764,2114
764,2148
764,2238
764,2389
764,2403
764,2433
765,193
765,540
765,687
765,764
765,940
765,1742
765,1981
765,1982
765,2038
765,2345
765,2434
766,540
766,572
766,720
766,1195
766,1958
767,193
767,499
767,549
767,561
767,572
767,573
767,654
767,660
767,669
767,673
767,676
767,698
767,701
767,761
767,772
767,790
767,842
767,934
767,936
767,961
767,1007
767,1059
767,1195
767,1291
767,1520
767,1642
767,1691
767,1782
767,1911
767,2018
767,2159
768,54
768,143
768,540
768,552
768,650
768,668
768,671
768,682
768,702
768,764
768,863
768,978
768,1526
768,1572
768,1670
768,1686
768,1731
768,1733
768,1747
768,1955
768,1969
769,581
769,685
769,697
769,877
769,913
769,944
769,945
769,1098
769,1527
769,1542
769,1939
769,2083
769,2263
769,2264
769,2280
769,2435
770,687
770,701
770,782
771,146
771,682
771,762
771,776
771,916
771,1527
771,1982
771,2249
772,238
772,339
772,354
772,464
772,490
772,564
772,568
772,569
772,685
772,700
772,701
772,726
772,949
772,963
772,1111
772,1112
772,1121
772,1124
772,1126
772,1175
772,1213
772,1516
772,1542
772,1564
772,1578
772,1636
772,1963
772,1976
772,2017
772,2232
772,2235
772,2330
772,2367
772,2436
772,2437
773,813
773,830
773,954
773,1540
774,473
774,534
774,572
774,575
774,578
774,585
774,763
774,781
774,838
774,906
774,927
774,942
774,951
774,960
774,1056
774,1058
774,1060
774,1066
774,1096
774,1101
774,1105
774,1108
774,1109
774,1139
774,1206
774,1229
774,1232
774,1274
774,1278
774,1281
774,1285
774,1286
774,1355
774,1552
774,1555
774,1635
774,1792
774,1936
774,2254
774,2325
774,2438
775,569
775,575
775,1777
775,2275
776,771
776,1062
776,1610
777,795
777,2223
778,340
778,400
778,570
778,726
778,783
778,820
778,825
778,928
778,931
778,934
778,942
778,953
778,1233
778,1268
778,1692
778,1969
778,2053
778,2223
778,2439
779,394
779,463
779,511
779,573
779,691
779,694
779,819
779,840
779,876
779,941
779,1031
779,1062
779,1094
779,1109
779,1130
779,1139
779,1219
779,1270
779,1282
779,1308
779,1309
779,1318
779,1323
779,1332
779,1369
779,1565
779,1572
779,1573
779,1621
779,1705
779,1791
779,1804
779,1805
779,1936
779,1967
779,2076
779,2239
779,2417
780,564
780,570
780,574
780,583
780,674
780,781
780,811
780,876
780,1603
780,2027
781,3
781,143
781,384
781,437
781,510
781,541
781,547
781,548
781,561
781,573
781,585
781,586
781,618
781,647
781,651
781,670
781,671
781,680
781,681
781,683
781,701
781,743
781,744
781,779
781,780
781,817
781,821
781,838
781,907
781,922
781,925
781,983
781,991
781,1050
781,1101
781,1152
781,1275
781,1282
781,1520
781,1522
781,1527
781,1614
781,1681
781,1691
781,1833
781,1969
781,2001
781,2060
781,2083
781,2183
781,2238
781,2251
781,2440
782,54
782,236
782,390
782,464
782,489
782,540
782,548
782,569
782,575
782,579
782,581
782,620
782,637
782,666
782,668
782,669
782,671
782,672
782,682
782,684
782,685
782,688
782,690
782,691
782,698
782,699
782,701
782,733
782,761
782,764
782,767
782,770
782,772
782,773
782,800
782,805
782,810
782,816
782,874
782,913
782,928
782,936
782,940
782,942
782,949
782,961
782,1008
782,1095
782,1242
782,1527
782,1542
782,1581
782,1637
782,1681
782,1686
782,1693
782,1733
782,1741
782,1743
782,1777
782,1786
782,1915
782,1950
782,2061
782,2086
782,2113
782,2275
782,2285
782,2298
782,2441
782,2442
783,66
783,102
783,343
783,368
783,463
783,541
783,548
783,561
783,562
783,563
783,564
783,569
783,575
783,579
783,581
783,587
783,588
783,639
783,674
783,683
783,697
783,701
783,762
783,767
783,778
783,781
783,787
783,791
783,795
783,805
783,810
783,816
783,824
783,934
783,936
783,945
783,946
783,948
783,949
783,1008
783,1053
783,1056
783,1065
783,1094
783,1095
783,1096
783,1101
783,1130
783,1204
783,1233
783,1266
783,1271
783,1272
783,1275
783,1353
783,1521
783,1635
783,1787
783,1797
783,1907
783,1954
783,2038
783,2271
783,2296
783,2322
783,2443
783,2444
784,193
784,347
784,587
784,623
784,1190
784,1652
784,1668
784,1731
785,78
785,146
785,244
785,363
785,390
785,406
785,502
785,534
785,555
785,572
785,581
785,584
785,596
785,683
785,691
785,701
785,726
785,731
785,812
785,820
785,838
785,957
785,1084
785,1203
785,1493
785,1520
785,1633
785,1681
785,1723
785,1813
785,2446
785,2447
786,299
786,583
786,639
786,655
786,942
786,962
786,965
786,1055
786,1066
786,1116
786,1209
786,1227
786,1233
786,1272
786,1504
786,1549
786,1630
786,1693
786,1792
786,2384
786,2439
786,2448
786,2449
787,577
787,583
787,789
787,795
787,798
787,811
787,1372
787,2366
788,46
788,102
788,146
788,521
788,578
788,639
788,817
788,932
788,948
788,954
788,962
788,963
788,1054
788,1055
788,1057
788,1213
788,1216
788,1223
788,1228
788,1272
788,1319
788,1333
788,1403
788,1424
788,1579
788,1741
788,1747
788,1975
788,2150
788,2225
788,2413
789,811
789,1581
790,45
790,98
790,102
790,105
790,108
790,133
790,136
790,143
790,160
790,161
790,168
790,173
790,188
790,192
790,195
790,216
790,229
790,236
790,249
790,251
790,252
790,279
790,289
790,304
790,315
790,318
790,323
790,324
790,328
790,333
790,342
790,345
790,368
790,370
790,375
790,379
790,404
790,413
790,414
790,415
790,442
790,448
790,449
790,452
790,464
790,473
790,491
790,498
790,499
790,529
790,547
790,550
790,551
790,552
790,567
790,570
790,581
790,586
790,589
790,592
790,593
790,607
790,612
790,613
790,614
790,616
790,628
790,634
790,636
790,639
790,650
790,653
790,659
790,661
790,665
790,669
790,671
790,678
790,683
790,691
790,695
790,698
790,701
790,703
790,717
790,733
790,740
790,759
790,767
790,781
790,804
790,819
790,828
790,838
790,840
790,849
790,872
790,904
790,918
790,925
790,928
790,937
790,941
790,942
790,946
790,948
790,952
790,953
790,959
790,960
790,972
790,980
790,997
790,1004
790,1047
790,1055
790,1058
790,1059
790,1063
790,1080
790,1094
790,1095
790,1100
790,1102
790,1116
790,1130
790,1143
790,1146
790,1157
790,1160
790,1165
790,1211
790,1221
790,1227
790,1288
790,1292
790,1293
790,1298
790,1310
790,1311
790,1316
790,1318
790,1324
790,1328
790,1336
790,1353
790,1354
790,1355
790,1356
790,1359
790,1360
790,1364
790,1365
790,1366
790,1372
790,1375
790,1376
790,1378
790,1382
790,1385
790,1386
790,1389
790,1398
790,1403
790,1404
790,1406
790,1407
790,1411
790,1415
790,1477
790,1506
790,1511
790,1520
790,1546
790,1549
790,1567
790,1568
790,1587
790,1608
790,1616
790,1624
790,1625
790,1677
790,1684
790,1689
790,1696
790,1697
790,1741
790,1744
790,1783
790,1804
790,1828
790,1829
790,1917
790,1922
790,1979
790,1983
790,2001
790,2004
790,2103
790,2155
790,2163
790,2223
790,2288
790,2313
790,2425
790,2450
790,2451
791,801
791,1078
791,1080
791,1236
791,1316
791,1326
791,1334
791,1352
791,1847
791,1960
791,2179
791,2183
791,2452
791,2453
791,2454
791,2455
792,199
792,211
792,356
792,444
792,555
792,573
792,702
792,937
792,1058
792,1206
792,1290
792,1610
792,2074
793,1548
793,2205
793,2418
794,2283
795,225
795,343
795,400
795,472
795,563
795,574
795,575
795,578
795,580
795,583
795,585
795,781
795,783
795,786
795,787
795,793
795,794
795,801
795,804
795,805
795,811
795,816
795,830
795,842
795,874
795,954
795,962
795,1055
795,1099
795,1206
795,1517
795,1531
795,1543
795,1549
795,1550
795,1792
795,1983
795,2027
795,2086
795,2224
795,2297
795,2456
796,572
796,580
796,583
796,636
796,666
796,726
796,820
796,916
796,941
796,957
796,1616
796,1735
796,1983
796,2060
797,549
797,583
797,668
797,675
797,733
797,811
797,934
797,1543
797,1731
797,1743
797,1776
797,2012
797,2138
798,583
798,588
798,811
799,54
799,105
799,183
799,396
799,433
799,545
799,606
799,654
799,660
799,661
799,813
799,843
799,880
799,988
799,989
799,1125
799,1240
799,1981
799,2001
800,63
800,682
800,764
800,823
800,876
800,940
800,1066
800,1077
800,1275
800,1279
800,1580
800,1637
800,1753
800,1961
801,400
801,583
801,655
801,791
801,795
801,811
801,1053
801,2298
801,2457
802,1
802,39
802,59
802,136
802,151
802,205
802,226
802,251
802,297
802,324
802,342
802,343
802,374
802,388
802,430
802,446
802,452
802,490
802,510
802,534
802,551
802,573
802,577
802,583
802,586
802,589
802,593
802,601
802,607
802,612
802,616
802,634
802,637
802,639
802,650
802,653
802,655
802,665
802,674
802,687
802,691
802,698
802,701
802,702
802,743
802,744
802,762
802,774
802,779
802,781
802,790
802,798
802,825
802,838
802,870
802,889
802,922
802,925
802,926
802,934
802,959
802,962
802,972
802,999
802,1010
802,1047
802,1052
802,1053
802,1055
802,1056
802,1061
802,1065
802,1068
802,1080
802,1101
802,1102
802,1130
802,1137
802,1141
802,1145
802,1146
802,1147
802,1154
802,1204
802,1215
802,1228
802,1235
802,1278
802,1285
802,1297
802,1313
802,1323
802,1328
802,1332
802,1346
802,1353
802,1354
802,1355
802,1360
802,1365
802,1367
802,1382
802,1383
802,1390
802,1392
802,1410
802,1425
802,1493
802,1506
802,1511
802,1522
802,1528
802,1545
802,1567
802,1586
802,1592
802,1603
802,1613
802,1643
802,1657
802,1668
802,1671
802,1697
802,1699
802,1702
802,1740
802,1806
802,1809
802,1834
802,1964
802,1966
802,1968
802,1979
802,1986
802,1987
802,1989
802,2066
802,2084
802,2086
802,2211
802,2242
802,2251
802,2301
802,2309
802,2396
802,2458
802,2459
803,78
803,289
803,472
803,548
803,562
803,575
803,763
803,780
803,812
803,927
803,953
803,1055
803,1056
803,1059
803,1094
803,1099
803,1107
803,1112
803,1122
803,1175
803,1226
803,1229
803,1274
803,1282
803,1302
803,1504
803,1552
803,1555
803,1580
803,1619
803,1691
803,1777
803,1907
803,1983
803,2053
803,2054
803,2061
803,2085
803,2254
803,2343
803,2460
803,2461
804,225
804,543
804,562
804,569
804,575
804,795
804,2064
804,2263
804,2275
804,2330
804,2428
805,565
805,572
805,573
805,574
805,575
805,581
805,587
805,588
805,691
805,795
805,816
805,969
805,1095
805,1130
805,1175
805,2462
806,262
806,400
806,733
806,965
806,968
806,970
806,1101
806,1797
806,2136
806,2254
807,39
807,59
807,66
807,104
807,152
807,158
807,175
807,274
807,346
807,485
807,489
807,499
807,541
807,552
807,563
807,565
807,569
807,572
807,575
807,579
807,583
807,586
807,587
807,621
807,636
807,637
807,654
807,659
807,660
807,672
807,691
807,716
807,731
807,745
807,767
807,789
807,798
807,913
807,920
807,925
807,1018
807,1190
807,1257
807,1522
807,1542
807,1777
807,1983
807,1991
807,2089
807,2275
808,720
808,810
808,811
808,1549
808,1630
808,1787
808,2078
808,2418
809,218
809,572
809,763
809,957
809,1101
809,1110
809,1213
809,1228
809,1232
809,1299
809,1567
809,1588
809,1698
809,2463
810,289
810,343
810,390
810,463
810,570
810,681
810,683
810,691
810,701
810,726
810,778
810,783
810,840
810,949
810,962
810,968
810,1062
810,1207
810,1215
810,1224
810,1278
810,1520
810,1555
810,1635
810,1637
810,1689
810,1820
810,2054
810,2055
810,2074
810,2205
810,2460
811,400
811,583
811,584
811,720
811,780
811,787
811,789
811,794
811,795
811,797
811,798
811,801
811,808
811,812
811,876
811,968
811,1053
811,1066
811,1531
811,1548
811,1551
811,1559
811,1777
811,1787
811,1792
811,1839
811,1936
811,1937
811,1971
811,2015
811,2053
811,2073
811,2078
811,2283
811,2296
811,2327
811,2440
811,2450
811,2456
811,2464
812,674
812,803
812,811
812,1094
812,1190
812,1637
812,2409
813,1907
813,2027
813,2465
814,874
814,2027
815,1111
815,1572
816,540
816,548
816,564
816,581
816,666
816,697
816,760
816,764
816,805
816,813
816,842
816,934
816,1005
816,1048
816,1190
816,2018
816,2322
817,32
817,45
817,102
817,136
817,139
817,171
817,260
817,278
817,299
817,324
817,343
817,385
817,390
817,437
817,442
817,452
817,464
817,522
817,578
817,589
817,590
817,608
817,653
817,665
817,683
817,701
817,703
817,717
817,744
817,767
817,786
817,802
817,822
817,833
817,886
817,916
817,918
817,932
817,941
817,951
817,958
817,959
817,962
817,972
817,1021
817,1023
817,1024
817,1025
817,1027
817,1031
817,1047
817,1060
817,1062
817,1080
817,1093
817,1097
817,1102
817,1139
817,1143
817,1144
817,1151
817,1161
817,1167
817,1170
817,1194
817,1213
817,1223
817,1224
817,1226
817,1234
817,1269
817,1282
817,1286
817,1288
817,1291
817,1293
817,1300
817,1303
817,1306
817,1316
817,1318
817,1321
817,1322
817,1323
817,1332
817,1333
817,1334
817,1335
817,1336
817,1340
817,1341
817,1344
817,1346
817,1347
817,1348
817,1349
817,1352
817,1353
817,1355
817,1358
817,1360
817,1365
817,1368
817,1369
817,1381
817,1398
817,1399
817,1400
817,1403
817,1407
817,1408
817,1415
817,1416
817,1421
817,1427
817,1437
817,1442
817,1446
817,1449
817,1458
817,1470
817,1500
817,1501
817,1508
817,1525
817,1551
817,1559
817,1561
817,1565
817,1578
817,1579
817,1583
817,1584
817,1588
817,1589
817,1590
817,1593
817,1594
817,1596
817,1597
817,1600
817,1604
817,1619
817,1621
817,1623
817,1632
817,1636
817,1677
817,1696
817,1705
817,1735
817,1753
817,1803
817,1815
817,1826
817,1834
817,1835
817,1862
817,1886
817,1889
817,1897
817,1912
817,1928
817,1963
817,1964
817,1976
817,1988
817,2035
817,2161
817,2165
817,2185
817,2196
817,2197
817,2208
817,2309
817,2313
817,2353
817,2371
817,2374
817,2397
817,2425
817,2446
817,2466
817,2467
817,2468
817,2469
817,2470
817,2471
817,2472
817,2473
817,2474
817,2475
817,2476
817,2477
818,590
818,1116
818,1117
818,1142
818,1286
818,1329
818,1333
818,1335
818,1338
818,1339
818,1342
818,1459
818,1573
818,1637
818,1678
818,2086
818,2313
818,2396
818,2413
818,2478
818,2479
819,356
819,555
819,570
819,573
819,574
819,589
819,612
819,623
819,655
819,674
819,691
819,702
819,753
819,762
819,779
819,805
819,818
819,821
819,917
819,956
819,975
819,1058
819,1061
819,1091
819,1101
819,1109
819,1115
819,1130
819,1208
819,1214
819,1231
819,1276
819,1282
819,1289
819,1296
819,1334
819,1534
819,1547
819,1571
819,1610
819,1947
819,2074
819,2309
820,54
820,145
820,236
820,293
820,356
820,388
820,390
820,400
820,437
820,463
820,547
820,548
820,562
820,564
820,565
820,573
820,575
820,583
820,585
820,587
820,588
820,632
820,653
820,670
820,674
820,702
820,703
820,717
820,778
820,785
820,796
820,798
820,804
820,817
820,821
820,824
820,840
820,873
820,940
820,941
820,953
820,956
820,957
820,961
820,962
820,965
820,1043
820,1057
820,1104
820,1109
820,1229
820,1260
820,1274
820,1293
820,1336
820,1551
820,1611
820,1628
820,1637
820,1716
820,1733
820,1768
820,1913
820,1964
820,2060
820,2061
820,2062
820,2253
820,2278
820,2286
820,2321
820,2360
820,2480
820,2481
821,289
821,585
821,683
821,726
821,819
821,820
821,1348
821,1387
822,320
822,586
822,655
822,699
822,702
822,817
822,870
822,927
822,942
822,958
822,960
822,963
822,969
822,1121
822,1130
822,1139
822,1226
822,1229
822,1232
822,1234
822,1282
822,1293
822,1298
822,1304
822,1314
822,1332
822,1567
822,1588
822,1589
822,1594
822,1622
822,1699
822,1938
822,2117
822,2149
822,2255
822,2310
822,2330
822,2362
822,2471
822,2482
822,2483
823,578
823,1049
823,1689
823,2439
824,472
824,506
824,548
824,561
824,572
824,579
824,581
824,588
824,683
824,694
824,697
824,701
824,741
824,783
824,811
824,820
824,954
824,1125
824,1215
824,1224
824,1230
824,1266
824,1782
824,1981
824,2106
824,2267
824,2299
824,2409
825,548
825,564
825,570
825,576
825,585
825,586
825,623
825,874
825,927
825,950
825,954
825,957
825,1055
825,1104
825,1209
825,1540
825,1552
825,1637
825,1752
825,1792
825,1913
825,1964
825,2054
825,2055
825,2326
825,2418
825,2484
826,181
826,380
826,608
826,611
826,1940
827,540
827,660
827,680
827,1048
827,1969
827,2386
828,1143
828,1220
828,1237
828,1286
828,1326
828,1329
828,1338
828,1510
828,1623
828,1624
828,1625
828,1805
828,2186
828,2479
828,2485
828,2486
829,20
829,225
829,228
829,372
830,158
830,272
830,289
830,400
830,456
830,470
830,473
830,489
830,522
830,544
830,547
830,548
830,561
830,572
830,578
830,585
830,588
830,622
830,649
830,651
830,660
830,670
830,674
830,676
830,747
830,773
830,805
830,810
830,872
830,903
830,917
830,936
830,953
830,965
830,1090
830,1106
830,1131
830,1195
830,1273
830,1372
830,1531
830,1652
830,1692
830,1833
830,1996
830,2055
830,2131
830,2228
830,2327
831,191
832,42
833,1023
833,1027
833,1057
833,1149
833,1316
833,1370
833,1374
833,1386
833,1415
833,1438
833,1451
833,1468
833,1711
833,2429
833,2487
833,2488
833,2489
833,2490
833,2491
833,2492
834,48
834,113
834,228
834,233
835,49
835,183
836,48
836,61
836,63
836,110
836,161
836,187
836,203
836,225
836,226
836,268
836,298
836,309
836,339
836,353
836,384
836,412
836,426
836,439
836,485
836,610
836,642
836,868
836,2229
837,158
837,265
837,385
837,417
837,424
837,510
837,511
837,522
837,555
837,593
837,716
837,764
837,781
837,845
837,1004
837,1046
837,1132
837,1496
837,1652
837,2239
838,62
838,65
838,102
838,188
838,189
838,190
838,193
838,229
838,230
838,238
838,289
838,343
838,370
838,384
838,419
838,433
838,434
838,473
838,489
838,541
838,561
838,574
838,583
838,608
838,621
838,660
838,661
838,670
838,729
838,753
838,756
838,774
838,785
838,790
838,802
838,961
838,980
838,986
838,997
838,1007
838,1015
838,1132
838,1203
838,1206
838,1742
838,1989
838,2333
839,415
840,36
840,48
840,108
840,276
840,311
840,324
840,333
840,388
840,418
840,437
840,491
840,498
840,612
840,634
840,653
840,655
840,717
840,779
840,790
840,810
840,820
840,959
840,1057
840,1062
840,1094
840,1209
840,1215
840,1228
840,1229
840,1236
840,1274
840,1296
840,1309
840,1319
840,1341
840,1355
840,1555
840,1559
840,1565
840,1566
840,1572
840,1573
840,1589
840,1610
840,1622
840,1623
840,1909
840,1937
840,2308
841,203
841,361
841,415
841,1181
842,412
842,417
842,421
842,464
842,579
842,767
842,940
842,1066
842,1095
842,1101
842,1270
842,1386
842,1638
843,238
843,304
843,333
843,344
843,352
843,361
843,412
843,425
843,501
843,502
843,598
843,715
843,799
843,1292
844,61
844,229
844,238
844,242
844,353
844,361
844,364
844,381
844,425
844,492
844,499
844,518
844,609
844,688
844,725
844,745
844,746
844,758
844,848
844,921
844,1177
844,1648
844,1991
844,2024
844,2203
845,48
845,388
845,419
845,421
845,425
845,499
845,555
845,616
845,849
845,853
845,911
845,1664
845,1919
846,158
846,302
846,558
846,902
846,908
846,1039
847,25
847,48
847,52
847,53
847,57
847,160
847,188
847,192
847,209
847,218
847,222
847,224
847,242
847,263
847,270
847,275
847,283
847,292
847,304
847,322
847,324
847,342
847,352
847,359
847,363
847,364
847,367
847,370
847,377
847,380
847,381
847,393
847,412
847,415
847,418
847,420
847,432
847,436
847,438
847,439
847,443
847,444
847,458
847,468
847,491
847,493
847,499
847,500
847,502
847,518
847,539
847,598
847,602
847,607
847,608
847,616
847,632
847,661
847,711
847,731
847,735
847,740
847,848
847,853
847,871
847,924
847,1041
847,1072
847,1108
847,1199
847,1240
847,1254
847,1517
847,1656
847,1665
847,1672
847,1715
847,1756
848,54
848,80
848,119
848,159
848,177
848,188
848,231
848,238
848,241
848,242
848,281
848,292
848,302
848,304
848,318
848,322
848,333
848,339
848,345
848,361
848,364
848,367
848,400
848,405
848,411
848,415
848,446
848,495
848,598
848,607
848,608
848,617
848,631
848,639
848,645
848,661
848,675
848,676
848,729
848,731
848,745
848,844
848,871
848,872
848,881
848,887
848,888
848,897
848,907
848,985
848,1038
848,1041
848,1088
848,1185
848,1193
848,1196
848,1197
848,1199
848,1240
848,1247
848,1483
848,1655
848,1666
848,1761
848,1920
848,1995
849,145
849,158
849,277
849,343
849,543
849,636
849,649
849,731
849,758
849,830
849,909
849,997
849,1195
849,1712
850,236
850,283
850,616
850,639
850,642
850,731
850,739
850,746
850,852
850,908
850,945
850,1039
850,1193
850,1253
850,2146
851,273
851,292
851,431
851,598
851,616
851,852
851,854
851,979
851,1911
852,347
852,428
852,505
852,616
852,663
852,684
852,1187
852,1188
852,1240
852,1522
853,37
853,62
853,158
853,236
853,283
853,302
853,322
853,345
853,346
853,367
853,423
853,479
853,505
853,518
853,537
853,585
853,598
853,607
853,612
853,615
853,617
853,639
853,645
853,650
853,723
853,848
853,911
853,997
853,1035
853,1198
853,1489
853,1493
853,1655
853,1909
853,1910
853,2021
854,110
854,280
854,283
854,292
854,299
854,300
854,322
854,338
854,613
854,615
854,633
854,851
854,891
854,1035
854,1191
854,1198
855,188
855,242
855,339
855,544
855,585
855,610
855,870
855,911
855,1095
855,1117
855,1127
855,1213
855,1224
855,1232
855,1233
855,1504
855,1543
855,1596
855,1623
855,1637
855,2190
855,2381
855,2493
855,2494
856,530
857,501
857,1930
858,211
858,228
858,333
858,378
858,412
859,57
859,168
859,224
859,311
859,342
859,348
859,349
859,367
859,383
859,414
859,487
859,500
859,557
859,558
859,593
859,594
859,640
859,757
859,1108
859,1254
859,1664
859,1772
859,2099
859,2495
860,51
860,304
861,158
861,177
861,217
861,220
861,233
861,347
861,494
861,554
861,980
861,997
861,1019
861,1034
861,1137
861,1529
861,1930
861,1990
861,2407
862,339
863,50
863,51
863,211
863,449
863,547
863,668
863,764
863,767
863,1095
863,1139
863,1732
864,52
864,418
864,1254
865,72
865,195
865,441
866,296
867,67
867,211
868,52
868,145
868,177
868,218
868,233
868,304
868,340
868,369
868,415
868,439
868,444
868,447
868,448
868,450
868,468
868,481
868,502
868,523
868,557
868,629
868,729
868,836
868,869
868,1492
869,54
869,195
869,211
869,239
869,351
869,352
869,404
869,415
869,420
869,427
869,593
869,634
869,868
870,356
870,432
870,473
870,566
870,575
870,602
870,609
870,720
870,753
870,765
870,822
870,950
870,954
870,967
870,1060
870,1101
870,1106
870,1209
870,1212
870,1223
870,1224
870,1227
870,1232
870,1233
870,1282
870,1297
870,1298
870,1319
870,1320
870,1334
870,1504
870,1527
870,1534
870,1572
870,1573
870,1588
870,1637
870,1638
870,1705
870,1802
870,1966
870,1982
870,2037
870,2225
870,2251
870,2313
870,2362
870,2479
870,2496
871,75
871,250
871,272
871,428
871,509
871,609
871,1187
871,1754
872,51
872,54
872,188
872,193
872,209
872,272
872,333
872,364
872,367
872,400
872,405
872,495
872,549
872,561
872,585
872,605
872,639
872,646
872,648
872,657
872,663
872,676
872,695
872,716
872,723
872,731
872,758
872,830
872,848
872,891
872,907
872,921
872,925
872,948
872,980
872,981
872,1007
872,1008
872,1019
872,1040
872,1043
872,1081
872,1196
872,1197
872,1254
872,1950
872,2089
872,2407
872,2497
873,1468
873,1928
874,54
874,814
874,825
874,1012
874,1066
874,1104
874,1503
874,1547
874,1630
874,1637
874,1790
874,1792
874,2027
875,78
875,205
875,286
875,463
875,478
875,503
875,534
875,538
875,540
875,572
875,654
875,659
875,660
875,667
875,678
875,680
875,686
875,687
875,943
875,949
875,997
875,999
875,1002
875,1003
875,1004
875,1013
875,1015
875,1039
875,1047
875,1048
875,1053
875,1097
875,1263
875,1489
875,1626
875,1643
875,1668
875,1945
875,2001
875,2207
875,2267
876,54
876,151
876,343
876,538
876,560
876,565
876,570
876,578
876,639
876,720
876,779
876,780
876,789
876,795
876,800
876,808
876,811
876,813
876,923
876,942
876,949
876,1265
876,1543
876,1549
876,1551
876,1552
876,1630
876,1741
876,1797
876,1958
876,1961
876,2011
876,2027
876,2053
876,2274
876,2456
877,54
877,555
877,769
877,2458
878,54
878,555
878,566
878,673
878,733
878,874
878,934
878,940
878,1048
878,2112
879,9
879,183
879,191
879,196
880,37
880,65
880,145
880,152
880,192
880,217
880,236
880,241
880,274
880,275
880,282
880,324
880,345
880,364
880,396
880,409
880,420
880,470
880,518
880,537
880,547
880,552
880,561
880,601
880,636
880,639
880,647
880,654
880,656
880,680
880,691
880,740
880,745
880,756
880,799
880,903
880,936
880,960
880,981
880,983
880,986
880,990
880,1003
880,1007
880,1038
880,1102
880,1177
880,1195
880,1196
880,1199
880,1254
880,1282
880,1615
880,1742
881,152
881,217
881,239
881,301
881,304
881,367
881,521
881,554
881,672
881,848
881,908
881,921
881,922
881,980
881,1038
881,1717
881,2106
882,56
882,339
882,381
882,382
882,420
882,509
882,596
882,1976
883,300
884,202
884,432
884,439
884,733
885,25
885,233
885,296
885,333
885,405
885,440
885,592
885,908
886,238
886,282
886,301
886,350
886,412
886,415
886,418
886,421
886,535
886,598
886,693
886,826
886,851
886,898
886,1067
886,1719
887,59
887,446
887,742
887,754
887,848
888,59
888,217
888,220
888,273
888,545
888,817
888,848
888,1240
888,1920
888,2021
889,59
889,143
889,347
889,385
889,542
889,688
889,1753
890,59
890,158
890,283
890,346
890,607
890,615
890,642
890,1041
890,1185
891,59
891,228
891,338
891,346
891,446
891,489
891,518
891,570
891,598
891,613
891,680
891,854
891,903
891,908
891,1199
891,1240
891,1663
892,59
892,470
892,544
892,986
893,1175
893,1552
893,2231
894,45
894,59
894,158
894,367
894,546
894,606
894,651
894,722
894,983
894,988
894,991
894,994
894,999
895,60
895,194
895,487
895,628
895,1675
895,2217
896,61
896,428
896,1495
897,61
897,272
897,376
897,645
897,848
897,990
897,1195
897,1197
897,1240
897,1930
897,2146
897,2345
897,2498
898,61
898,136
898,300
898,415
898,439
898,715
898,809
898,886
898,899
898,1223
898,1247
898,1320
898,1643
898,1936
898,1969
899,300
900,65
900,402
901,918
902,218
902,432
902,602
902,610
902,742
902,846
902,911
902,1187
902,1719
903,62
903,192
903,272
903,347
903,367
903,424
903,470
903,498
903,540
903,548
903,549
903,601
903,606
903,618
903,636
903,659
903,660
903,667
903,758
903,830
903,880
903,891
903,1007
903,1090
903,1181
903,1250
903,1256
903,1521
903,1613
903,1764
903,2108
904,69
904,96
904,136
904,251
904,278
904,352
904,356
904,424
904,437
904,442
904,444
904,464
904,473
904,516
904,569
904,575
904,585
904,612
904,639
904,683
904,717
904,726
904,727
904,790
904,911
904,918
904,929
904,972
904,973
904,993
904,1015
904,1047
904,1051
904,1058
904,1062
904,1065
904,1094
904,1145
904,1153
904,1157
904,1159
904,1160
904,1161
904,1165
904,1166
904,1168
904,1170
904,1171
904,1179
904,1203
904,1209
904,1225
904,1228
904,1310
904,1313
904,1316
904,1321
904,1323
904,1324
904,1344
904,1345
904,1348
904,1383
904,1384
904,1386
904,1389
904,1391
904,1395
904,1398
904,1404
904,1406
904,1407
904,1408
904,1414
904,1416
904,1418
904,1422
904,1423
904,1428
904,1429
904,1435
904,1437
904,1441
904,1443
904,1454
904,1455
904,1458
904,1461
904,1462
904,1471
904,1473
904,1475
904,1479
904,1528
904,1555
904,1561
904,1562
904,1574
904,1600
904,1601
904,1616
904,1625
904,1676
904,1680
904,1683
904,1701
904,1803
904,1816
904,1817
904,1822
904,1826
904,1828
904,1834
904,1837
904,1845
904,1846
904,1851
904,1859
904,1862
904,1864
904,1866
904,1877
904,1878
904,1891
904,1899
904,1902
904,1903
904,2035
904,2073
904,2163
904,2165
904,2183
904,2185
904,2201
904,2499
904,2500
904,2501
904,2502
904,2503
904,2504
904,2505
904,2506
904,2507
904,2508
905,62
905,463
905,888
905,1195
905,1260
906,62
906,159
906,228
906,236
906,289
906,338
906,351
906,356
906,367
906,388
906,390
906,473
906,529
906,534
906,537
906,564
906,573
906,583
906,612
906,617
906,633
906,642
906,649
906,661
906,670
906,681
906,683
906,694
906,698
906,702
906,703
906,717
906,774
906,944
906,1061
906,1062
906,1099
906,1106
906,1109
906,1115
906,1138
906,1139
906,1192
906,1247
906,1267
906,1282
906,1286
906,1332
906,1345
906,1381
906,1538
906,1584
906,1635
906,1742
906,1813
906,1820
906,2208
906,2279
906,2409
907,62
907,158
907,241
907,302
907,333
907,364
907,494
907,518
907,521
907,539
907,540
907,541
907,545
907,556
907,607
907,644
907,648
907,650
907,651
907,726
907,848
907,908
907,981
907,983
907,985
907,986
907,1191
907,1194
907,1198
907,1769
907,2258
908,65
908,273
908,301
908,302
908,383
908,505
908,518
908,545
908,607
908,648
908,680
908,688
908,739
908,746
908,885
908,921
908,924
908,1037
908,1919
908,1997
908,2037
908,2257
909,50
909,364
909,482
909,489
909,499
909,546
909,561
909,621
909,636
909,654
909,660
909,676
909,692
909,757
909,758
909,849
909,936
909,967
909,1000
909,1013
909,1015
909,1044
909,1195
909,1520
909,1526
909,1668
909,1732
910,3
910,227
911,423
911,645
911,1035
912,273
912,434
912,616
912,645
912,1199
913,569
913,637
913,685
913,769
913,807
913,812
913,954
913,1175
913,2038
913,2060
913,2322
913,2509
914,159
914,209
914,274
914,297
914,361
914,363
914,370
914,374
914,433
914,449
914,458
914,485
914,642
914,2019
914,2386
915,186
915,556
915,603
915,746
915,934
915,1008
916,136
916,158
916,278
916,299
916,541
916,543
916,570
916,573
916,583
916,606
916,609
916,653
916,675
916,694
916,762
916,771
916,796
916,820
916,917
916,948
916,953
916,959
916,965
916,1094
916,1138
916,1310
916,1318
916,1336
916,1382
916,1982
917,177
917,193
917,364
917,400
917,420
917,424
917,472
917,483
917,499
917,522
917,541
917,543
917,546
917,552
917,561
917,574
917,578
917,588
917,589
917,621
917,639
917,649
917,654
917,657
917,668
917,669
917,670
917,674
917,676
917,680
917,683
917,694
917,698
917,702
917,726
917,731
917,749
917,754
917,778
917,781
917,783
917,784
917,795
917,804
917,805
917,819
917,830
917,906
917,916
917,942
917,948
917,1040
917,1041
917,1095
917,1098
917,1104
917,1106
917,1116
917,1148
917,1177
917,1228
917,1256
917,1260
917,1267
917,1274
917,1531
917,1547
917,1681
917,1741
917,2205
917,2232
917,2405
917,2510
917,2511
918,901
918,2445
918,2512
919,1202
920,110
920,343
920,428
920,463
920,545
920,583
920,605
920,617
920,650
920,659
920,661
920,666
920,675
920,698
920,702
920,731
920,764
920,822
920,923
920,925
920,927
920,953
920,960
920,1061
920,1096
920,1099
920,1101
920,1104
920,1108
920,1119
920,1228
920,1282
920,1283
920,1286
920,1293
920,1381
920,1552
920,1588
920,1741
920,2063
920,2073
920,2085
920,2086
920,2481
921,301
921,302
921,428
921,746
921,751
921,908
921,1292
922,282
922,554
922,746
922,749
922,802
922,983
922,991
922,1042
922,1195
922,1496
923,158
923,301
923,345
923,402
923,434
923,521
923,527
923,541
923,545
923,546
923,550
923,551
923,570
923,640
923,647
923,650
923,675
923,726
923,739
923,745
923,759
923,781
923,920
923,946
923,983
923,1000
923,1007
923,1014
923,1015
923,1019
923,1094
923,1192
923,1496
923,1659
923,1669
923,1692
923,1743
923,1755
923,1769
923,2089
923,2133
923,2257
923,2513
924,470
924,550
924,551
924,552
924,607
924,654
924,667
924,675
924,735
924,746
924,756
924,758
924,847
924,908
924,934
924,1006
924,1526
924,1743
924,1833
924,1999
924,2090
925,83
925,152
925,173
925,177
925,230
925,253
925,275
925,322
925,325
925,333
925,340
925,364
925,370
925,382
925,409
925,424
925,428
925,432
925,437
925,472
925,522
925,547
925,548
925,561
925,564
925,583
925,585
925,586
925,606
925,621
925,636
925,654
925,657
925,680
925,698
925,731
925,763
925,795
925,805
925,920
925,936
925,939
925,945
925,948
925,980
925,983
925,997
925,1013
925,1015
925,1075
925,1100
925,1127
925,1130
925,1194
925,1229
925,1254
925,1568
925,1697
925,1723
925,1783
925,1983
925,2055
925,2283
925,2326
925,2403
926,324
926,464
926,554
926,678
926,717
926,744
926,779
926,793
926,817
926,840
926,870
926,959
926,960
926,969
926,972
926,1004
926,1010
926,1048
926,1056
926,1059
926,1110
926,1227
926,1228
926,1230
926,1235
926,1301
926,1306
926,1316
926,1317
926,1319
926,1321
926,1322
926,1333
926,1345
926,1356
926,1449
926,1451
926,1572
926,1637
926,1804
926,1814
926,1854
926,2353
926,2382
927,61
927,102
927,151
927,437
927,463
927,473
927,541
927,570
927,572
927,576
927,586
927,588
927,639
927,659
927,666
927,676
927,678
927,698
927,774
927,803
927,817
927,822
927,825
927,920
927,923
927,936
927,940
927,960
927,1065
927,1066
927,1094
927,1095
927,1100
927,1101
927,1102
927,1104
927,1105
927,1108
927,1112
927,1115
927,1121
927,1122
927,1125
927,1127
927,1129
927,1195
927,1207
927,1211
927,1213
927,1226
927,1229
927,1232
927,1238
927,1284
927,1293
927,1302
927,1336
927,1449
927,1531
927,1582
927,1625
927,1635
927,1670
927,1696
927,1732
927,1913
927,1938
927,2011
927,2061
927,2117
927,2136
927,2148
927,2208
927,2276
927,2323
927,2394
927,2444
928,446
928,482
928,849
928,1013
929,1145
929,1352
929,1362
929,2173
930,675
930,2514
931,400
931,673
931,945
931,1005
931,1013
931,2260
932,489
932,543
932,564
932,573
932,574
932,589
932,671
932,681
932,695
932,699
932,703
932,767
932,810
932,817
932,928
932,961
932,972
932,1091
932,1095
932,1096
932,1232
932,1449
932,1547
932,1633
932,2390
933,236
933,668
933,757
933,1915
934,289
934,299
934,415
934,510
934,540
934,541
934,546
934,547
934,566
934,603
934,665
934,666
934,672
934,673
934,680
934,695
934,711
934,759
934,760
934,797
934,816
934,915
934,923
934,924
934,936
934,945
934,1013
934,1048
934,1091
934,1520
934,1575
934,1731
934,1732
934,1733
934,1914
934,1915
934,1965
934,2012
934,2033
934,2141
934,2231
934,2393
935,1048
936,193
936,239
936,273
936,347
936,375
936,400
936,414
936,424
936,489
936,537
936,541
936,546
936,547
936,549
936,550
936,561
936,564
936,566
936,650
936,654
936,660
936,664
936,665
936,666
936,668
936,670
936,671
936,672
936,673
936,674
936,675
936,676
936,677
936,680
936,698
936,703
936,731
936,733
936,756
936,757
936,759
936,761
936,767
936,830
936,880
936,909
936,924
936,925
936,927
936,934
936,943
936,945
936,948
936,960
936,961
936,978
936,983
936,1002
936,1011
936,1013
936,1015
936,1048
936,1049
936,1088
936,1092
936,1195
936,1497
936,1526
936,1538
936,1668
936,1721
936,1731
936,1732
936,1742
936,1743
936,1767
936,1768
936,1782
936,1943
936,2005
936,2007
936,2008
936,2011
936,2136
936,2138
936,2231
936,2256
936,2291
936,2387
936,2430
937,324
937,385
937,459
937,472
937,473
937,511
937,537
937,541
937,565
937,567
937,569
937,570
937,575
937,652
937,670
937,681
937,683
937,698
937,699
937,703
937,744
937,760
937,762
937,763
937,774
937,779
937,783
937,787
937,790
937,792
937,802
937,808
937,818
937,819
937,821
937,870
937,904
937,906
937,916
937,941
937,953
937,965
937,972
937,975
937,1053
937,1094
937,1096
937,1102
937,1104
937,1109
937,1110
937,1122
937,1130
937,1139
937,1179
937,1213
937,1231
937,1234
937,1278
937,1290
937,1292
937,1296
937,1303
937,1329
937,1330
937,1332
937,1333
937,1335
937,1344
937,1348
937,1349
937,1379
937,1382
937,1387
937,1545
937,1579
937,1580
937,1628
937,1633
937,1689
937,1804
937,1937
937,1953
937,1986
937,2074
937,2076
937,2301
937,2440
938,540
938,663
938,670
938,753
938,763
938,764
938,1002
938,1031
938,1048
938,1577
938,2403
939,549
939,940
939,1982
939,2515
940,262
940,679
940,690
941,136
941,146
941,324
941,356
941,437
941,464
941,473
941,572
941,573
941,575
941,652
941,674
941,683
941,694
941,762
941,779
941,796
941,809
941,817
941,820
941,937
941,949
941,959
941,972
941,1023
941,1031
941,1055
941,1102
941,1149
941,1179
941,1215
941,1228
941,1231
941,1298
941,1308
941,1318
941,1328
941,1332
941,1333
941,1344
941,1353
941,1359
941,1360
941,1368
941,1370
941,1372
941,1376
941,1378
941,1379
941,1382
941,1384
941,1399
941,1407
941,1416
941,1449
941,1461
941,1477
941,1498
941,1528
941,1578
941,1591
941,1597
941,1616
941,1625
941,1636
941,1684
941,1707
941,1803
941,1814
941,1815
941,1819
941,1823
941,1831
941,1833
941,1836
941,1846
941,1953
941,1989
941,2046
941,2074
941,2109
941,2173
941,2195
941,2321
941,2451
941,2466
942,171
942,359
942,375
942,560
942,637
942,682
942,687
942,699
942,731
942,875
942,953
942,978
942,1002
942,1059
942,1127
942,1160
942,1211
942,1531
942,1543
942,1631
942,1705
942,1741
942,2276
942,2283
942,2481
942,2516
942,2517
943,193
943,510
943,511
943,540
943,550
943,555
943,575
943,578
943,663
943,673
943,676
943,691
943,741
943,764
943,769
943,772
943,863
943,978
943,1048
943,1195
943,1379
943,1496
943,1733
943,2012
943,2037
943,2059
943,2221
943,2239
944,242
944,569
944,572
944,581
944,636
944,698
944,726
944,769
944,825
944,906
944,953
944,961
944,999
944,1637
944,1723
944,1943
944,2016
944,2027
944,2046
945,566
945,658
945,663
945,666
945,764
945,769
945,1175
945,1731
945,1732
945,1781
945,2007
945,2032
946,273
946,541
946,572
946,575
946,720
946,781
946,783
946,790
946,923
946,1190
946,2089
947,549
947,579
947,693
947,701
947,764
947,1014
947,1497
947,1539
947,1615
947,2018
947,2038
947,2058
947,2232
948,120
948,146
948,193
948,286
948,323
948,333
948,334
948,359
948,364
948,424
948,489
948,499
948,506
948,540
948,547
948,548
948,552
948,561
948,564
948,568
948,573
948,575
948,585
948,586
948,620
948,636
948,669
948,670
948,674
948,680
948,698
948,700
948,701
948,731
948,744
948,745
948,758
948,769
948,772
948,781
948,782
948,783
948,788
948,870
948,905
948,925
948,928
948,936
948,949
948,955
948,957
948,988
948,1002
948,1101
948,1138
948,1195
948,1200
948,1224
948,1542
948,1568
948,1647
948,1741
948,1782
948,2215
948,2387
948,2389
949,540
949,548
949,682
949,810
949,941
950,394
950,573
950,655
950,703
950,825
950,863
950,870
950,925
950,939
950,951
950,959
950,972
950,1065
950,1130
950,1209
950,1210
950,1211
950,1213
950,1214
950,1223
950,1226
950,1232
950,1233
950,1236
950,1296
950,1304
950,1353
950,1367
950,1572
950,1622
950,1698
950,1801
950,1961
950,1965
950,2307
950,2314
950,2421
950,2484
951,102
951,151
951,301
951,324
951,356
951,554
951,586
951,589
951,652
951,717
951,767
951,774
951,779
951,791
951,801
951,809
951,816
951,822
951,840
951,874
951,906
951,950
951,957
951,965
951,1031
951,1049
951,1050
951,1062
951,1066
951,1074
951,1102
951,1103
951,1115
951,1121
951,1130
951,1139
951,1209
951,1211
951,1212
951,1214
951,1218
951,1224
951,1226
951,1227
951,1233
951,1274
951,1297
951,1304
951,1306
951,1307
951,1313
951,1385
951,1425
951,1552
951,1568
951,1584
951,1589
951,1637
951,1696
951,1697
951,1702
951,1742
951,1790
951,1962
951,1963
951,1989
951,2094
951,2208
951,2278
951,2307
951,2329
951,2332
951,2467
951,2470
951,2518
952,572
952,1149
952,1341
952,1375
952,1385
952,1829
952,2128
953,220
953,390
953,400
953,437
953,459
953,472
953,516
953,538
953,564
953,567
953,568
953,570
953,574
953,575
953,579
953,581
953,583
953,585
953,586
953,608
953,620
953,681
953,726
953,778
953,781
953,790
953,793
953,794
953,795
953,803
953,805
953,811
953,818
953,820
953,825
953,830
953,876
953,916
953,925
953,942
953,944
953,961
953,962
953,965
953,1052
953,1054
953,1056
953,1059
953,1061
953,1077
953,1094
953,1095
953,1096
953,1097
953,1099
953,1101
953,1104
953,1105
953,1116
953,1130
953,1222
953,1229
953,1233
953,1267
953,1268
953,1272
953,1328
953,1332
953,1379
953,1531
953,1542
953,1549
953,1551
953,1555
953,1571
953,1578
953,1622
953,1631
953,1693
953,1741
953,1751
953,1790
953,1812
953,1911
953,1913
953,1964
953,1983
953,2014
953,2017
953,2027
953,2053
953,2054
953,2055
953,2061
953,2086
953,2087
953,2106
953,2115
953,2232
953,2253
953,2283
953,2286
953,2345
953,2389
953,2403
953,2418
953,2481
954,262
954,572
954,825
954,1023
954,2225
954,2283
955,568
955,572
955,674
956,323
956,573
956,612
956,655
956,661
956,698
956,779
956,786
956,805
956,819
956,932
956,957
956,1119
956,1200
956,1206
956,1299
956,1635
956,1716
956,2062
957,548
957,574
957,583
957,585
957,586
957,623
957,683
957,772
957,785
957,791
957,795
957,796
957,798
957,800
957,809
957,812
957,825
957,870
957,965
957,1095
957,1099
957,1190
957,1265
957,1271
957,1693
957,1787
957,2281
958,809
958,822
958,1078
958,1211
958,1212
958,1223
958,1224
958,1226
958,1233
958,1543
958,1964
959,384
959,593
959,703
959,817
959,840
959,916
959,941
959,972
959,1031
959,1065
959,1066
959,1102
959,1110
959,1129
959,1148
959,1223
959,1274
959,1288
959,1289
959,1304
959,1308
959,1314
959,1318
959,1319
959,1321
959,1323
959,1330
959,1332
959,1333
959,1339
959,1341
959,1361
959,1504
959,1565
959,1589
959,1591
959,1592
959,1596
959,1704
959,1804
959,2190
959,2310
959,2312
959,2426
959,2465
959,2519
960,78
960,102
960,315
960,370
960,432
960,437
960,516
960,540
960,547
960,575
960,578
960,581
960,585
960,586
960,601
960,612
960,647
960,660
960,703
960,744
960,756
960,774
960,822
960,825
960,880
960,920
960,926
960,927
960,936
960,953
960,954
960,968
960,969
960,1062
960,1066
960,1076
960,1088
960,1094
960,1101
960,1103
960,1109
960,1118
960,1126
960,1127
960,1130
960,1195
960,1211
960,1217
960,1229
960,1232
960,1233
960,1336
960,1367
960,1555
960,1568
960,1689
960,2346
961,146
961,343
961,359
961,437
961,472
961,561
961,573
961,578
961,583
961,620
961,634
961,639
961,669
961,691
961,698
961,735
961,744
961,767
961,781
961,782
961,794
961,795
961,798
961,810
961,838
961,924
961,932
961,936
961,942
961,953
961,969
961,974
961,1059
961,1088
961,1092
961,1093
961,1096
961,1100
961,1101
961,1104
961,1109
961,1116
961,1126
961,1129
961,1138
961,1213
961,1216
961,1229
961,1245
961,1258
961,1289
961,1302
961,1332
961,1382
961,1520
961,1527
961,1551
961,1558
961,1571
961,1577
961,1635
961,1636
961,1950
961,2012
961,2031
961,2034
961,2117
961,2148
961,2223
961,2310
961,2481
961,2484
962,151
962,262
962,472
962,589
962,702
962,717
962,726
962,786
962,810
962,817
962,820
962,1275
962,1407
962,1449
962,1544
962,1610
962,2283
963,472
963,551
963,772
963,1013
963,1127
963,1565
963,1635
963,1689
963,1691
963,1752
963,1831
963,1938
963,2305
963,2330
963,2520
964,965
964,968
964,1281
964,2478
964,2521
965,343
965,569
965,570
965,583
965,681
965,783
965,795
965,806
965,807
965,916
965,953
965,964
965,968
965,1054
965,1101
965,1212
965,1215
965,1231
965,1281
965,1503
965,1551
965,1555
965,1792
965,1796
965,1797
965,1921
965,2030
965,2053
965,2062
965,2064
965,2086
965,2283
965,2361
965,2368
965,2458
965,2478
965,2521
966,2382
967,1293
967,2277
968,575
968,586
968,811
968,964
968,965
968,1064
968,1118
968,1215
968,1281
968,1797
968,2064
969,43
969,390
969,400
969,437
969,442
969,464
969,516
969,548
969,560
969,572
969,726
969,744
969,746
969,805
969,809
969,818
969,822
969,828
969,840
969,842
969,918
969,960
969,966
969,1027
969,1059
969,1060
969,1066
969,1080
969,1093
969,1096
969,1102
969,1104
969,1110
969,1116
969,1123
969,1127
969,1129
969,1130
969,1142
969,1145
969,1149
969,1165
969,1221
969,1223
969,1227
969,1228
969,1229
969,1232
969,1234
969,1274
969,1282
969,1293
969,1298
969,1300
969,1306
969,1313
969,1314
969,1316
969,1323
969,1324
969,1327
969,1328
969,1333
969,1335
969,1338
969,1340
969,1342
969,1349
969,1352
969,1353
969,1356
969,1359
969,1360
969,1361
969,1365
969,1368
969,1372
969,1378
969,1381
969,1382
969,1385
969,1388
969,1406
969,1410
969,1411
969,1412
969,1415
969,1461
969,1498
969,1506
969,1509
969,1531
969,1558
969,1592
969,1594
969,1600
969,1602
969,1621
969,1623
969,1624
969,1679
969,1693
969,1705
969,1726
969,1798
969,1816
969,1826
969,1828
969,1834
969,1847
969,1854
969,1923
969,1925
969,1927
969,1928
969,1964
969,1976
969,1978
969,2127
969,2142
969,2155
969,2172
969,2173
969,2248
969,2312
969,2512
969,2522
969,2523
970,584
970,806
970,1270
970,2254
970,2266
971,1112
971,1116
971,1274
971,1341
971,1503
971,1801
971,1947
972,193
972,394
972,464
972,489
972,563
972,583
972,655
972,685
972,693
972,703
972,744
972,783
972,786
972,805
972,807
972,939
972,959
972,960
972,966
972,968
972,1031
972,1049
972,1060
972,1061
972,1074
972,1093
972,1110
972,1117
972,1123
972,1130
972,1139
972,1141
972,1179
972,1216
972,1228
972,1232
972,1233
972,1236
972,1266
972,1274
972,1282
972,1285
972,1293
972,1294
972,1319
972,1324
972,1326
972,1328
972,1331
972,1346
972,1353
972,1367
972,1369
972,1408
972,1527
972,1552
972,1563
972,1565
972,1589
972,1590
972,1591
972,1593
972,1600
972,1672
972,1677
972,1705
972,1723
972,1782
972,1806
972,1810
972,1943
972,1979
972,2039
972,2150
972,2225
972,2316
972,2410
972,2412
972,2468
972,2524
972,2525
973,744
973,1057
973,1230
973,1234
973,1274
973,1302
973,1306
973,1322
973,1336
973,1543
973,1574
973,1637
973,1672
973,1704
973,1967
973,2194
973,2469
974,1076
974,1103
974,1211
974,1216
974,1582
974,1963
975,819
975,1211
975,1881
975,1892
975,2371
976,446
976,458
976,663
976,2462
977,391
977,446
977,473
977,652
977,1552
977,1616
977,1799
977,2061
977,2081
977,2096
978,499
978,572
978,585
978,687
978,768
978,942
978,943
978,1195
978,1820
978,2046
978,2058
978,2262
979,596
979,691
979,723
979,851
979,1034
979,2239
980,133
980,233
980,301
980,446
980,606
980,607
980,636
980,733
980,742
980,861
980,908
980,925
980,1908
981,217
981,396
981,470
981,518
981,527
981,601
981,907
981,1038
981,1199
981,1240
982,219
982,236
982,283
982,464
982,550
982,853
982,1039
982,2420
983,78
983,192
983,241
983,324
983,390
983,463
983,499
983,510
983,539
983,540
983,548
983,554
983,556
983,570
983,576
983,647
983,648
983,680
983,698
983,701
983,720
983,733
983,746
983,750
983,758
983,764
983,781
983,827
983,875
983,880
983,894
983,907
983,922
983,925
983,940
983,1003
983,1048
983,1056
983,1094
983,1522
983,1693
983,1723
983,2055
983,2105
983,2240
984,516
984,640
984,1161
984,1203
984,1342
984,1362
984,1385
984,1392
984,1406
984,1410
984,1416
984,1461
984,1701
984,1788
984,1847
984,1925
984,1937
984,2045
984,2163
984,2450
984,2528
985,62
985,66
985,189
985,217
985,273
985,274
985,282
985,304
985,345
985,367
985,396
985,434
985,505
985,518
985,523
985,539
985,554
985,607
985,650
985,676
985,746
985,751
985,848
985,888
985,889
985,891
985,907
985,908
985,915
985,921
985,948
985,967
985,980
985,981
985,1199
985,1254
985,1490
985,1644
985,1933
986,177
986,417
986,518
986,521
986,523
986,554
986,747
986,880
986,892
986,907
986,921
986,924
986,999
986,1199
986,2089
987,552
987,733
987,749
987,751
987,1259
987,1531
987,2025
987,2132
988,285
988,431
988,745
988,746
988,799
988,894
988,1019
988,1769
989,660
989,799
989,2146
990,897
990,992
990,1668
991,282
991,556
991,922
991,994
991,1669
991,2407
992,286
992,990
992,1668
993,301
993,442
993,701
993,994
993,1144
993,1362
993,1375
993,1383
993,1386
993,1389
993,1414
993,1461
993,1464
993,1471
993,1482
993,1680
993,1683
993,1839
993,1848
993,1851
993,1875
993,1876
993,2133
993,2164
993,2373
993,2499
993,2523
993,2529
993,2530
993,2531
994,403
994,680
994,991
994,1522
994,1650
994,1996
995,302
995,756
995,996
995,1522
995,1523
996,554
996,726
996,747
996,995
996,2000
996,2228
997,446
997,541
997,546
997,606
997,654
997,735
997,861
997,999
997,1007
998,1461
998,2401
999,523
999,527
999,544
999,548
999,552
999,607
999,642
999,651
999,660
999,894
999,921
999,997
999,1006
999,1088
999,1627
999,2036
999,2133
999,2407
999,2464
1000,143
1000,434
1000,510
1000,546
1000,551
1000,660
1000,671
1000,758
1000,1001
1000,1526
1001,143
1001,510
1001,660
1001,662
1001,666
1001,669
1001,672
1001,1091
1001,1092
1001,1095
1001,1259
1001,1538
1001,1569
1001,1723
1001,2012
1001,2231
1001,2391
1002,499
1002,663
1002,676
1002,685
1002,733
1002,875
1002,936
1002,938
1002,942
1002,948
1002,1195
1002,1263
1002,1565
1002,1839
1002,1915
1002,2011
1002,2013
1002,2402
1003,394
1003,541
1003,640
1003,651
1003,742
1003,748
1003,764
1003,875
1003,880
1003,1015
1003,1523
1003,1934
1003,2091
1003,2107
1003,2407
1003,2532
1004,211
1004,324
1004,470
1004,490
1004,510
1004,541
1004,551
1004,554
1004,660
1004,837
1004,853
1004,875
1004,921
1004,1013
1004,1039
1004,1044
1004,1048
1004,1154
1004,2291
1005,551
1005,931
1005,2291
1006,433
1006,550
1006,551
1006,651
1006,654
1006,924
1006,999
1006,2140
1007,343
1007,549
1007,660
1007,676
1007,684
1007,733
1007,880
1007,903
1007,999
1007,1003
1007,1015
1007,1154
1007,1257
1007,1934
1008,547
1008,572
1008,671
1008,676
1008,782
1008,875
1008,1015
1008,2433
1009,551
1009,661
1009,670
1009,1010
1009,1015
1009,1019
1009,1089
1009,1215
1009,2419
1010,298
1010,463
1010,684
1010,1009
1010,1015
1010,1731
1010,1742
1010,2048
1011,273
1011,551
1011,621
1011,758
1011,759
1011,1015
1011,1190
1011,1258
1011,1767
1011,1768
1011,2145
1011,2256
1011,2269
1012,344
1012,396
1012,463
1012,494
1012,552
1012,654
1012,849
1012,874
1012,1015
1012,1721
1013,364
1013,400
1013,424
1013,435
1013,489
1013,550
1013,551
1013,552
1013,659
1013,660
1013,666
1013,670
1013,673
1013,675
1013,696
1013,744
1013,749
1013,756
1013,758
1013,759
1013,875
1013,909
1013,925
1013,928
1013,931
1013,934
1013,936
1013,963
1013,1014
1013,1015
1013,1048
1013,1160
1013,1258
1013,1668
1013,1692
1013,1732
1013,1733
1013,1742
1013,1743
1013,1767
1013,2007
1013,2138
1013,2231
1013,2256
1013,2267
1013,2402
1013,2510
1014,947
1014,997
1014,1013
1014,1015
1014,1713
1014,2533
1015,435
1015,537
1015,540
1015,551
1015,659
1015,660
1015,666
1015,672
1015,716
1015,733
1015,735
1015,745
1015,757
1015,758
1015,807
1015,838
1015,875
1015,909
1015,924
1015,925
1015,1003
1015,1007
1015,1008
1015,1009
1015,1010
1015,1012
1015,1013
1015,1043
1015,1245
1015,1257
1015,1521
1015,1575
1015,1650
1015,2215
1015,2231
1015,2365
1015,2534
1016,1
1016,187
1016,194
1016,203
1016,346
1016,441
1016,448
1016,450
1017,69
1017,194
1017,203
1017,222
1017,228
1017,260
1017,274
1017,361
1017,374
1017,485
1017,729
1017,1132
1017,1137
1017,1746
1017,2093
1018,217
1018,921
1019,219
1019,431
1019,742
1019,889
1019,988
1019,1529
1019,2025
1020,1624
1020,2153
1020,2320
1021,1510
1022,2531
1023,833
1023,954
1023,1683
1023,1709
1023,1899
1023,2164
1023,2183
1023,2371
1023,2374
1023,2535
1023,2536
1023,2537
1024,1386
1024,1917
1025,1383
1025,1857
1025,2161
1025,2319
1026,801
1026,2538
1027,655
1027,1051
1027,1145
1027,1146
1027,1316
1027,1344
1027,1369
1027,1376
1027,1398
1027,1416
1027,1420
1027,1680
1027,1852
1027,1865
1027,1979
1027,2109
1027,2195
1027,2539
1028,1162
1028,1437
1028,1441
1028,1849
1028,1865
1028,2035
1028,2372
1028,2490
1029,1465
1029,1474
1029,1677
1030,72
1031,5
1031,11
1031,92
1031,97
1031,102
1031,126
1031,136
1031,139
1031,143
1031,146
1031,152
1031,159
1031,161
1031,216
1031,270
1031,289
1031,323
1031,324
1031,328
1031,385
1031,390
1031,404
1031,413
1031,420
1031,437
1031,464
1031,473
1031,516
1031,539
1031,554
1031,588
1031,589
1031,608
1031,612
1031,621
1031,623
1031,639
1031,653
1031,655
1031,661
1031,681
1031,683
1031,699
1031,701
1031,702
1031,710
1031,717
1031,744
1031,753
1031,762
1031,779
1031,781
1031,790
1031,817
1031,819
1031,840
1031,886
1031,938
1031,941
1031,954
1031,956
1031,959
1031,969
1031,971
1031,972
1031,977
1031,1010
1031,1035
1031,1058
1031,1080
1031,1094
1031,1102
1031,1129
1031,1131
1031,1138
1031,1139
1031,1141
1031,1143
1031,1151
1031,1179
1031,1191
1031,1198
1031,1210
1031,1214
1031,1222
1031,1228
1031,1230
1031,1234
1031,1269
1031,1282
1031,1286
1031,1295
1031,1296
1031,1300
1031,1304
1031,1306
1031,1308
1031,1309
1031,1316
1031,1318
1031,1319
1031,1323
1031,1324
1031,1328
1031,1330
1031,1332
1031,1333
1031,1345
1031,1353
1031,1361
1031,1371
1031,1407
1031,1415
1031,1449
1031,1502
1031,1507
1031,1520
1031,1567
1031,1571
1031,1586
1031,1588
1031,1589
1031,1593
1031,1599
1031,1616
1031,1625
1031,1633
1031,1677
1031,1701
1031,1778
1031,1799
1031,1803
1031,1815
1031,1826
1031,1835
1031,1858
1031,1985
1031,2119
1031,2126
1031,2212
1031,2362
1032,106
1032,290
1033,273
1033,342
1033,411
1033,415
1034,228
1034,309
1034,446
1034,458
1034,505
1034,610
1034,723
1034,979
1034,2129
1035,152
1035,227
1035,292
1035,322
1035,382
1035,414
1035,482
1035,507
1035,601
1035,611
1035,854
1035,911
1035,1069
1035,1191
1035,1247
1035,1672
1036,1040
1036,1197
1037,617
1037,2542
1038,158
1038,217
1038,236
1038,241
1038,242
1038,270
1038,301
1038,364
1038,367
1038,399
1038,409
1038,414
1038,470
1038,518
1038,645
1038,661
1038,688
1038,745
1038,848
1038,880
1038,881
1038,981
1038,1037
1038,1040
1038,1904
1038,1990
1039,186
1039,236
1039,293
1039,400
1039,427
1039,432
1039,551
1039,601
1039,628
1039,751
1039,1193
1039,1195
1039,1490
1039,1950
1039,2226
1040,219
1040,367
1040,400
1040,518
1040,537
1040,543
1040,544
1040,585
1040,1038
1040,1193
1040,1194
1040,1240
1040,2075
1040,2131
1041,105
1041,217
1041,301
1041,302
1041,405
1041,598
1041,601
1041,645
1041,742
1041,848
1041,890
1041,1196
1041,1199
1041,1607
1042,282
1042,915
1042,922
1042,923
1042,991
1043,296
1043,364
1043,618
1043,660
1043,671
1043,675
1043,757
1043,758
1043,820
1043,872
1043,1015
1043,1721
1044,433
1044,909
1044,1520
1045,168
1045,351
1045,404
1045,421
1045,481
1045,501
1045,757
1045,1247
1045,1292
1046,9
1046,67
1046,78
1046,173
1046,190
1046,199
1046,233
1046,290
1046,353
1046,403
1046,480
1046,555
1046,593
1046,1243
1047,236
1047,442
1047,464
1047,643
1047,806
1047,875
1047,918
1047,993
1047,1035
1047,1079
1047,1143
1047,1145
1047,1146
1047,1148
1047,1151
1047,1157
1047,1179
1047,1225
1047,1278
1047,1285
1047,1316
1047,1319
1047,1326
1047,1334
1047,1352
1047,1360
1047,1361
1047,1362
1047,1367
1047,1368
1047,1375
1047,1376
1047,1381
1047,1388
1047,1395
1047,1403
1047,1406
1047,1429
1047,1443
1047,1461
1047,1477
1047,1506
1047,1579
1047,1594
1047,1600
1047,1601
1047,1602
1047,1624
1047,1656
1047,1679
1047,1680
1047,1682
1047,1803
1047,1828
1047,1846
1047,1847
1047,1866
1047,1870
1047,1887
1047,1960
1047,1976
1047,1979
1047,1987
1047,1989
1047,2001
1047,2059
1047,2065
1047,2128
1047,2159
1047,2171
1047,2172
1047,2193
1047,2198
1047,2372
1047,2373
1047,2474
1047,2543
1047,2544
1047,2545
1048,510
1048,540
1048,555
1048,654
1048,670
1048,671
1048,688
1048,733
1048,760
1048,764
1048,827
1048,934
1048,935
1048,938
1048,943
1048,1013
1048,1526
1048,1969
1048,2013
1048,2113
1048,2138
1048,2239
1049,78
1049,585
1049,823
1049,936
1049,1100
1049,1112
1049,1116
1049,1519
1049,1567
1049,2028
1049,2148
1049,2254
1049,2546
1050,586
1050,702
1050,781
1050,951
1050,1504
1050,1642
1051,78
1051,452
1051,510
1051,534
1051,554
1051,639
1051,668
1051,743
1051,791
1051,818
1051,837
1051,918
1051,1027
1051,1053
1051,1057
1051,1062
1051,1080
1051,1144
1051,1151
1051,1162
1051,1203
1051,1333
1051,1386
1051,1389
1051,1400
1051,1403
1051,1416
1051,1418
1051,1421
1051,1443
1051,1477
1051,1479
1051,1506
1051,1555
1051,1583
1051,1602
1051,1639
1051,1680
1051,1819
1051,1834
1051,1846
1051,1864
1051,1866
1051,1899
1051,2160
1051,2518
1052,78
1052,1056
1052,2029
1053,783
1053,801
1053,811
1054,965
1054,1281
1054,2086
1055,566
1055,573
1055,575
1055,795
1055,1272
1055,1293
1055,2084
1055,2360
1056,78
1056,510
1056,534
1056,564
1056,763
1056,774
1056,783
1056,803
1056,1052
1056,1064
1056,1066
1056,1137
1056,1752
1056,1777
1056,1797
1056,2064
1056,2255
1056,2439
1056,2460
1057,78
1057,343
1057,564
1057,793
1057,840
1057,918
1057,973
1057,1051
1057,1062
1057,1227
1057,1464
1057,1482
1057,1594
1057,1625
1057,1638
1057,1672
1057,1804
1057,1813
1057,2165
1057,2502
1058,5
1058,78
1058,84
1058,102
1058,136
1058,146
1058,151
1058,251
1058,283
1058,301
1058,342
1058,352
1058,356
1058,370
1058,413
1058,437
1058,442
1058,452
1058,507
1058,511
1058,516
1058,536
1058,550
1058,555
1058,573
1058,574
1058,576
1058,578
1058,583
1058,612
1058,652
1058,703
1058,726
1058,774
1058,781
1058,788
1058,790
1058,819
1058,822
1058,837
1058,853
1058,904
1058,926
1058,959
1058,960
1058,961
1058,969
1058,972
1058,1031
1058,1094
1058,1096
1058,1102
1058,1141
1058,1148
1058,1153
1058,1157
1058,1162
1058,1207
1058,1211
1058,1234
1058,1276
1058,1296
1058,1309
1058,1316
1058,1319
1058,1324
1058,1326
1058,1328
1058,1332
1058,1346
1058,1360
1058,1365
1058,1370
1058,1382
1058,1392
1058,1406
1058,1411
1058,1415
1058,1416
1058,1498
1058,1506
1058,1592
1058,1598
1058,1617
1058,1623
1058,1624
1058,1705
1058,1723
1058,1823
1058,1986
1058,2125
1058,2535
1059,767
1059,803
1059,1095
1059,1109
1059,1110
1059,1122
1059,1229
1059,1267
1059,1546
1059,1547
1059,1552
1059,1630
1059,1789
1059,1907
1059,2055
1059,2085
1059,2547
1060,78
1060,260
1060,534
1060,581
1060,584
1060,655
1060,699
1060,774
1060,870
1060,947
1060,1062
1060,1080
1060,1116
1060,1148
1060,1216
1060,1222
1060,1231
1060,1233
1060,1274
1060,1287
1060,1298
1060,1304
1060,1326
1060,1543
1060,1565
1060,1572
1060,1573
1060,1582
1060,1619
1060,1638
1060,1672
1060,1705
1060,1725
1060,1854
1060,1962
1060,1965
1060,2063
1060,2205
1060,2211
1060,2286
1060,2314
1060,2403
1060,2441
1060,2467
1060,2548
1060,2549
1060,2550
1061,78
1061,534
1061,570
1061,582
1061,681
1061,731
1061,762
1061,813
1061,819
1061,906
1061,944
1061,953
1061,966
1061,968
1061,972
1061,1054
1061,1056
1061,1059
1061,1075
1061,1096
1061,1099
1061,1118
1061,1206
1061,1208
1061,1215
1061,1221
1061,1229
1061,1268
1061,1278
1061,1279
1061,1286
1061,1551
1061,1635
1061,1637
1061,1651
1061,1691
1061,1777
1061,1957
1061,1960
1061,2028
1061,2064
1061,2085
1061,2115
1061,2205
1061,2252
1061,2253
1061,2254
1061,2300
1061,2361
1061,2424
1061,2548
1062,78
1062,96
1062,289
1062,589
1062,683
1062,701
1062,717
1062,779
1062,783
1062,810
1062,817
1062,906
1062,1055
1062,1099
1062,1101
1062,1109
1062,1110
1062,1139
1062,1152
1062,1179
1062,1231
1062,1233
1062,1304
1062,1332
1062,1369
1062,1534
1062,1545
1062,1555
1062,1567
1062,1580
1062,1584
1062,1603
1062,1690
1062,2295
1062,2329
1063,1074
1063,2190
1064,78
1064,218
1064,537
1064,806
1064,823
1064,968
1064,1056
1064,1260
1064,1777
1064,1959
1064,2266
1065,78
1065,136
1065,279
1065,390
1065,396
1065,437
1065,472
1065,473
1065,670
1065,681
1065,683
1065,716
1065,744
1065,756
1065,783
1065,802
1065,840
1065,853
1065,875
1065,927
1065,950
1065,959
1065,974
1065,1098
1065,1102
1065,1145
1065,1223
1065,1235
1065,1281
1065,1293
1065,1314
1065,1316
1065,1326
1065,1329
1065,1332
1065,1346
1065,1353
1065,1360
1065,1370
1065,1382
1065,1393
1065,1406
1065,1434
1065,1438
1065,1561
1065,1571
1065,1592
1065,1602
1065,1619
1065,1622
1065,1625
1065,1637
1065,1733
1065,1753
1065,1804
1065,1807
1065,1854
1065,1954
1065,1989
1065,2127
1065,2160
1066,78
1066,262
1066,390
1066,472
1066,548
1066,585
1066,586
1066,683
1066,699
1066,731
1066,772
1066,774
1066,800
1066,811
1066,842
1066,874
1066,876
1066,927
1066,960
1066,969
1066,1056
1066,1061
1066,1075
1066,1095
1066,1111
1066,1114
1066,1118
1066,1122
1066,1125
1066,1127
1066,1128
1066,1212
1066,1213
1066,1215
1066,1216
1066,1238
1066,1289
1066,1293
1066,1582
1066,1618
1066,1619
1066,1642
1066,1752
1066,1961
1066,2054
1066,2254
1066,2255
1066,2278
1066,2302
1066,2305
1066,2330
1066,2379
1066,2404
1067,268
1067,313
1067,338
1067,346
1067,418
1067,420
1067,531
1067,538
1067,601
1067,602
1067,604
1067,785
1067,993
1067,1065
1067,1145
1067,1220
1067,1247
1067,1344
1067,1363
1067,1373
1067,1376
1067,1389
1067,1602
1067,1686
1067,1728
1067,1773
1067,1801
1067,1848
1067,1909
1067,2370
1067,2488
1067,2551
1068,606
1068,1643
1069,387
1069,1756
1070,397
1071,1756
1072,339
1072,847
1073,310
1074,463
1074,1063
1074,1165
1074,1313
1074,1426
1074,1466
1074,1474
1074,1849
1074,1929
1074,2057
1074,2139
1074,2252
1074,2395
1074,2404
1074,2425
1074,2504
1074,2545
1075,136
1075,472
1075,975
1075,1066
1075,1127
1075,1212
1075,1232
1075,1349
1075,1635
1075,1642
1075,1946
1075,2253
1075,2302
1075,2461
1076,711
1076,974
1076,1216
1076,1233
1076,1293
1076,1321
1076,1752
1076,2552
1077,83
1077,586
1077,726
1077,800
1077,953
1077,963
1077,1049
1077,1103
1077,1121
1077,1122
1077,1127
1077,1216
1077,1219
1077,1222
1077,1293
1077,1302
1077,1320
1077,1552
1077,1558
1077,1634
1077,1696
1077,1907
1077,2255
1077,2298
1078,756
1078,791
1078,958
1078,1080
1078,1081
1078,1103
1078,1212
1078,1215
1078,1226
1078,1230
1078,1231
1078,1232
1078,1233
1078,1235
1078,1282
1078,1294
1078,1302
1078,1315
1078,1321
1078,1561
1078,1588
1078,1699
1078,1700
1078,1703
1078,1908
1078,1947
1078,1975
1078,2081
1078,2493
1078,2553
1078,2554
1079,293
1079,367
1079,464
1079,472
1079,572
1079,655
1079,718
1079,799
1079,1047
1079,1110
1079,1129
1079,1146
1079,1209
1079,1233
1079,1272
1079,1334
1079,1375
1079,1399
1079,1402
1079,1509
1079,1565
1079,1570
1079,1680
1079,1681
1079,1729
1079,1828
1079,2151
1079,2192
1079,2241
1079,2255
1079,2527
1079,2538
1079,2543
1079,2555
1079,2556
1080,78
1080,340
1080,567
1080,653
1080,726
1080,925
1080,969
1080,1094
1080,1121
1080,1127
1080,1130
1080,1212
1080,1215
1080,1216
1080,1226
1080,1229
1080,1231
1080,1293
1080,1298
1080,1299
1080,1563
1080,1564
1080,1567
1080,1594
1080,1752
1080,1766
1080,1946
1080,1975
1080,2552
1081,130
1081,1078
1081,1224
1081,1588
1081,2483
1081,2557
1081,2558
1082,1926
1083,28
1083,87
1083,104
1083,187
1084,87
1085,35
1085,81
1085,241
1085,523
1085,527
1085,746
1085,987
1085,1770
1085,1771
1085,1812
1085,2559
1086,92
1086,111
1086,131
1087,475
1088,198
1088,217
1088,299
1088,346
1088,400
1088,420
1088,424
1088,438
1088,535
1088,545
1088,560
1088,605
1088,612
1088,631
1088,636
1088,665
1088,675
1088,706
1088,715
1088,744
1088,848
1088,936
1088,960
1088,961
1088,982
1088,999
1088,1018
1088,1042
1088,1092
1088,1095
1088,1102
1088,1185
1088,1246
1088,1743
1088,2090
1089,286
1089,654
1089,753
1089,945
1089,1009
1089,1731
1090,193
1090,347
1090,400
1090,409
1090,470
1090,541
1090,549
1090,574
1090,660
1090,672
1090,755
1090,758
1090,830
1090,903
1090,1092
1090,1122
1090,2006
1090,2086
1090,2268
1090,2291
1091,193
1091,437
1091,543
1091,622
1091,663
1091,665
1091,666
1091,670
1091,672
1091,673
1091,757
1091,819
1091,893
1091,932
1091,934
1091,1001
1091,1245
1091,1716
1091,1742
1091,1915
1091,1956
1091,2219
1091,2417
1092,283
1092,424
1092,428
1092,654
1092,665
1092,671
1092,672
1092,674
1092,675
1092,754
1092,928
1092,936
1092,961
1092,1001
1092,1088
1092,1090
1092,1256
1092,1259
1092,1743
1092,2256
1093,54
1093,534
1093,639
1093,676
1093,969
1093,972
1093,1116
1093,1274
1093,1294
1093,1335
1093,1360
1093,1378
1093,1834
1093,1987
1093,2121
1093,2212
1094,247
1094,289
1094,356
1094,384
1094,390
1094,442
1094,452
1094,464
1094,473
1094,516
1094,537
1094,548
1094,588
1094,589
1094,612
1094,623
1094,646
1094,653
1094,681
1094,698
1094,731
1094,762
1094,779
1094,783
1094,803
1094,810
1094,812
1094,916
1094,918
1094,927
1094,953
1094,968
1094,1023
1094,1031
1094,1047
1094,1064
1094,1079
1094,1080
1094,1096
1094,1101
1094,1102
1094,1105
1094,1109
1094,1114
1094,1123
1094,1130
1094,1142
1094,1143
1094,1145
1094,1146
1094,1148
1094,1149
1094,1160
1094,1179
1094,1208
1094,1222
1094,1233
1094,1234
1094,1273
1094,1274
1094,1294
1094,1302
1094,1319
1094,1323
1094,1344
1094,1347
1094,1352
1094,1359
1094,1360
1094,1365
1094,1366
1094,1367
1094,1375
1094,1384
1094,1385
1094,1386
1094,1390
1094,1406
1094,1415
1094,1425
1094,1444
1094,1511
1094,1528
1094,1554
1094,1558
1094,1565
1094,1592
1094,1600
1094,1625
1094,1642
1094,1671
1094,1677
1094,1697
1094,1698
1094,1705
1094,1725
1094,1804
1094,1829
1094,1976
1094,1988
1094,2020
1094,2062
1094,2109
1094,2126
1094,2171
1094,2172
1094,2190
1094,2345
1094,2390
1094,2451
1094,2474
1094,2500
1094,2538
1094,2555
1095,130
1095,136
1095,320
1095,543
1095,547
1095,612
1095,655
1095,683
1095,689
1095,774
1095,782
1095,783
1095,790
1095,805
1095,809
1095,842
1095,863
1095,917
1095,927
1095,932
1095,947
1095,948
1095,962
1095,1001
1095,1014
1095,1059
1095,1078
1095,1082
1095,1088
1095,1101
1095,1102
1095,1103
1095,1104
1095,1108
1095,1109
1095,1115
1095,1121
1095,1130
1095,1190
1095,1209
1095,1232
1095,1282
1095,1293
1095,1298
1095,1300
1095,1302
1095,1318
1095,1367
1095,1520
1095,1550
1095,1584
1095,1633
1095,1642
1095,1733
1095,1801
1095,1966
1095,2086
1095,2118
1095,2307
1095,2337
1095,2350
1095,2361
1095,2478
1096,152
1096,537
1096,548
1096,570
1096,579
1096,774
1096,783
1096,784
1096,953
1096,961
1096,1108
1096,1110
1096,1229
1096,1274
1096,1555
1096,1580
1096,1795
1096,1964
1096,2027
1096,2054
1096,2205
1096,2560
1097,464
1097,572
1097,687
1097,696
1097,698
1097,940
1097,1982
1097,2049
1097,2114
1098,569
1098,769
1098,1647
1099,906
1099,1109
1099,1110
1099,1210
1099,1330
1099,2287
1100,432
1100,572
1100,927
1100,1049
1100,1059
1100,1104
1100,1108
1100,1635
1100,1693
1101,130
1101,320
1101,554
1101,566
1101,569
1101,570
1101,573
1101,577
1101,579
1101,584
1101,585
1101,620
1101,653
1101,655
1101,674
1101,684
1101,702
1101,744
1101,763
1101,774
1101,783
1101,802
1101,806
1101,809
1101,819
1101,842
1101,870
1101,920
1101,927
1101,947
1101,953
1101,954
1101,960
1101,961
1101,1062
1101,1078
1101,1094
1101,1095
1101,1103
1101,1115
1101,1117
1101,1125
1101,1130
1101,1152
1101,1190
1101,1206
1101,1209
1101,1210
1101,1215
1101,1226
1101,1227
1101,1232
1101,1233
1101,1234
1101,1292
1101,1293
1101,1300
1101,1302
1101,1339
1101,1367
1101,1504
1101,1520
1101,1527
1101,1586
1101,1592
1101,1615
1101,1633
1101,1635
1101,1642
1101,1647
1101,1734
1101,1784
1101,1801
1101,1974
1101,2061
1101,2063
1101,2223
1101,2361
1101,2553
1102,146
1102,289
1102,324
1102,356
1102,364
1102,424
1102,432
1102,437
1102,464
1102,473
1102,521
1102,573
1102,585
1102,587
1102,612
1102,623
1102,636
1102,653
1102,655
1102,683
1102,703
1102,717
1102,735
1102,762
1102,790
1102,926
1102,927
1102,941
1102,956
1102,961
1102,962
1102,969
1102,972
1102,1031
1102,1054
1102,1058
1102,1061
1102,1088
1102,1094
1102,1101
1102,1109
1102,1110
1102,1138
1102,1143
1102,1145
1102,1149
1102,1161
1102,1179
1102,1211
1102,1228
1102,1233
1102,1284
1102,1313
1102,1318
1102,1327
1102,1328
1102,1332
1102,1333
1102,1336
1102,1341
1102,1344
1102,1345
1102,1352
1102,1353
1102,1360
1102,1365
1102,1370
1102,1372
1102,1381
1102,1382
1102,1392
1102,1406
1102,1415
1102,1449
1102,1498
1102,1509
1102,1510
1102,1539
1102,1567
1102,1579
1102,1580
1102,1589
1102,1590
1102,1602
1102,1603
1102,1623
1102,1677
1102,1686
1102,1701
1102,1724
1102,1753
1102,1794
1102,1805
1102,2125
1102,2320
1102,2562
1103,464
1103,570
1103,584
1103,774
1103,925
1103,951
1103,974
1103,1066
1103,1077
1103,1078
1103,1095
1103,1101
1103,1124
1103,1126
1103,1127
1103,1130
1103,1211
1103,1215
1103,1220
1103,1223
1103,1226
1103,1293
1103,1315
1103,1504
1103,1571
1103,1572
1103,1588
1103,1696
1103,2147
1103,2278
1103,2350
1103,2362
1104,538
1104,560
1104,576
1104,584
1104,587
1104,623
1104,795
1104,820
1104,825
1104,874
1104,920
1104,927
1104,957
1104,961
1104,962
1104,969
1104,1066
1104,1095
1104,1100
1104,1105
1104,1109
1104,1130
1104,1551
1104,1630
1104,1637
1104,1741
1104,1790
1104,2061
1104,2439
1104,2481
1105,586
1105,623
1105,795
1105,811
1105,927
1105,1104
1105,1229
1105,1545
1105,1936
1105,2053
1105,2286
1106,404
1106,470
1106,676
1106,678
1106,720
1106,726
1106,830
1106,870
1106,906
1106,1138
1106,1267
1106,1410
1106,1693
1106,1953
1106,2208
1107,605
1107,803
1107,1112
1107,1126
1107,1633
1107,2254
1107,2361
1108,228
1108,232
1108,275
1108,343
1108,361
1108,400
1108,472
1108,491
1108,496
1108,560
1108,570
1108,593
1108,678
1108,774
1108,783
1108,820
1108,847
1108,859
1108,874
1108,927
1108,953
1108,960
1108,965
1108,969
1108,1061
1108,1096
1108,1099
1108,1100
1108,1101
1108,1129
1108,1222
1108,1229
1108,1233
1108,1247
1108,1270
1108,1278
1108,1281
1108,1550
1108,1559
1108,1571
1108,1635
1108,1637
1108,2054
1108,2085
1108,2302
1108,2478
1109,272
1109,314
1109,324
1109,343
1109,356
1109,390
1109,538
1109,559
1109,560
1109,569
1109,570
1109,573
1109,574
1109,575
1109,576
1109,589
1109,612
1109,647
1109,653
1109,670
1109,674
1109,683
1109,699
1109,720
1109,726
1109,744
1109,774
1109,779
1109,781
1109,793
1109,803
1109,819
1109,820
1109,821
1109,825
1109,876
1109,905
1109,906
1109,953
1109,959
1109,960
1109,962
1109,1056
1109,1058
1109,1059
1109,1062
1109,1094
1109,1095
1109,1096
1109,1099
1109,1101
1109,1102
1109,1104
1109,1105
1109,1110
1109,1130
1109,1206
1109,1207
1109,1216
1109,1233
1109,1234
1109,1250
1109,1270
1109,1292
1109,1318
1109,1328
1109,1345
1109,1551
1109,1555
1109,1571
1109,1610
1109,1634
1109,1647
1109,1690
1109,1917
1109,1980
1109,2054
1109,2300
1109,2424
1109,2431
1109,2440
1110,414
1110,473
1110,516
1110,578
1110,653
1110,655
1110,809
1110,959
1110,966
1110,969
1110,1054
1110,1059
1110,1062
1110,1074
1110,1096
1110,1099
1110,1117
1110,1121
1110,1123
1110,1127
1110,1145
1110,1179
1110,1211
1110,1229
1110,1234
1110,1269
1110,1311
1110,1319
1110,1326
1110,1328
1110,1338
1110,1345
1110,1354
1110,1356
1110,1359
1110,1552
1110,1561
1110,1579
1110,1593
1110,1594
1110,1603
1110,1623
1110,1635
1110,1677
1110,1797
1110,1804
1110,1812
1110,1978
1110,2037
1110,2119
1110,2462
1111,588
1111,702
1111,763
1111,772
1111,815
1111,1066
1111,1116
1111,1127
1111,1216
1111,1281
1111,1531
1111,1567
1111,1572
1111,1618
1111,1696
1111,1961
1111,2031
1111,2305
1111,2341
1112,772
1112,803
1112,927
1112,971
1112,1049
1112,1107
1112,1118
1112,1126
1112,1289
1112,1516
1112,2340
1112,2345
1112,2361
1112,2461
1113,136
1113,573
1113,589
1113,655
1113,703
1113,1118
1113,1130
1113,1173
1113,1215
1113,1221
1113,1229
1113,1636
1113,2330
1114,1121
1114,1217
1114,1916
1115,383
1115,541
1115,669
1115,699
1115,720
1115,735
1115,744
1115,791
1115,819
1115,822
1115,927
1115,951
1115,1060
1115,1066
1115,1095
1115,1101
1115,1103
1115,1108
1115,1118
1115,1122
1115,1127
1115,1130
1115,1212
1115,1213
1115,1216
1115,1218
1115,1219
1115,1221
1115,1226
1115,1229
1115,1282
1115,1304
1115,1346
1115,1381
1115,1505
1115,1507
1115,1516
1115,1531
1115,1565
1115,1568
1115,1571
1115,1578
1115,1584
1115,1594
1115,1618
1115,1622
1115,1639
1115,1676
1115,1804
1115,1946
1115,1960
1115,1961
1115,1964
1115,1969
1115,2055
1115,2112
1115,2137
1115,2332
1115,2563
1116,343
1116,655
1116,786
1116,790
1116,818
1116,870
1116,953
1116,971
1116,1023
1116,1060
1116,1093
1116,1099
1116,1111
1116,1121
1116,1130
1116,1149
1116,1214
1116,1215
1116,1223
1116,1229
1116,1274
1116,1300
1116,1304
1116,1319
1116,1321
1116,1330
1116,1338
1116,1501
1116,1516
1116,1519
1116,1543
1116,1552
1116,1565
1116,1571
1116,1572
1116,1573
1116,1588
1116,1593
1116,1596
1116,1638
1116,1642
1116,1700
1116,1704
1116,1705
1116,1801
1116,1963
1116,1967
1116,2027
1116,2028
1116,2030
1116,2053
1116,2062
1116,2111
1116,2208
1116,2252
1116,2316
1116,2330
1116,2340
1116,2352
1116,2436
1116,2461
1116,2479
1116,2481
1116,2564
1116,2565
1117,576
1117,588
1117,772
1117,818
1117,1110
1117,1118
1117,1121
1117,1229
1117,1289
1117,1298
1117,1571
1117,1573
1117,1801
1117,2412
1117,2444
1117,2479
1118,567
1118,711
1118,968
1118,1066
1118,1112
1118,1113
1118,1117
1118,1215
1118,1220
1118,1289
1118,1752
1118,1916
1118,2055
1118,2255
1118,2307
1119,589
1119,1124
1119,1127
1119,1293
1119,2254
1120,1121
1120,2305
1120,2340
1121,578
1121,818
1121,822
1121,927
1121,942
1121,950
1121,1066
1121,1077
1121,1110
1121,1114
1121,1116
1121,1117
1121,1120
1121,1124
1121,1127
1121,1209
1121,1211
1121,1216
1121,1219
1121,1238
1121,1289
1121,1293
1121,1338
1121,1367
1121,1622
1121,1642
1121,1699
1121,2344
1121,2566
1122,257
1122,289
1122,763
1122,927
1122,1059
1122,1061
1122,1077
1122,1123
1122,1124
1122,1127
1122,1211
1122,1213
1122,1272
1122,1559
1122,1580
1122,1582
1122,1696
1122,1960
1123,464
1123,653
1123,809
1123,969
1123,975
1123,1094
1123,1110
1123,1122
1123,1127
1123,1153
1123,1210
1123,1211
1123,1289
1123,1552
1123,1689
1124,586
1124,772
1124,1119
1124,1121
1124,1122
1124,1288
1124,1642
1125,567
1125,927
1125,968
1125,1066
1125,1207
1125,1211
1125,1214
1125,1229
1125,1289
1125,1582
1125,1635
1125,1797
1125,1801
1125,1946
1125,2252
1125,2266
1125,2438
1126,289
1126,772
1126,1107
1126,1112
1126,1123
1127,567
1127,570
1127,763
1127,927
1127,940
1127,942
1127,960
1127,963
1127,969
1127,1066
1127,1075
1127,1077
1127,1110
1127,1111
1127,1119
1127,1121
1127,1122
1127,1123
1127,1130
1127,1211
1127,1213
1127,1214
1127,1233
1127,1234
1127,1278
1127,1298
1127,1304
1127,1565
1127,1618
1127,1962
1127,2254
1127,2255
1127,2278
1127,2444
1128,1589
1129,717
1129,927
1129,969
1129,1215
1129,1231
1129,1233
1129,1280
1129,1282
1129,1304
1129,1318
1129,1449
1129,1558
1129,1580
1129,1801
1130,152
1130,218
1130,464
1130,472
1130,516
1130,538
1130,548
1130,564
1130,569
1130,576
1130,583
1130,584
1130,586
1130,588
1130,620
1130,653
1130,686
1130,699
1130,717
1130,744
1130,772
1130,774
1130,779
1130,783
1130,794
1130,795
1130,804
1130,805
1130,818
1130,819
1130,822
1130,825
1130,870
1130,906
1130,925
1130,950
1130,951
1130,953
1130,968
1130,970
1130,972
1130,974
1130,976
1130,1049
1130,1054
1130,1055
1130,1059
1130,1061
1130,1066
1130,1080
1130,1093
1130,1094
1130,1095
1130,1101
1130,1103
1130,1107
1130,1110
1130,1112
1130,1113
1130,1116
1130,1121
1130,1122
1130,1126
1130,1127
1130,1206
1130,1207
1130,1209
1130,1210
1130,1211
1130,1213
1130,1214
1130,1215
1130,1216
1130,1221
1130,1227
1130,1229
1130,1233
1130,1234
1130,1235
1130,1270
1130,1274
1130,1282
1130,1299
1130,1304
1130,1338
1130,1339
1130,1367
1130,1480
1130,1516
1130,1531
1130,1543
1130,1551
1130,1552
1130,1559
1130,1563
1130,1580
1130,1582
1130,1584
1130,1594
1130,1603
1130,1618
1130,1635
1130,1691
1130,1697
1130,1725
1130,1801
1130,1831
1130,1936
1130,1946
1130,1964
1130,2028
1130,2054
1130,2063
1130,2087
1130,2117
1130,2190
1130,2212
1130,2251
1130,2254
1130,2261
1130,2302
1130,2306
1130,2307
1130,2329
1130,2330
1130,2332
1130,2361
1130,2362
1130,2363
1130,2395
1130,2404
1130,2414
1130,2436
1130,2438
1130,2444
1130,2453
1130,2461
1130,2462
1130,2567
1131,42
1131,102
1131,186
1131,193
1131,368
1131,415
1131,499
1131,539
1131,555
1131,596
1131,612
1131,621
1131,676
1131,680
1131,698
1131,921
1131,985
1131,1031
1131,1497
1131,1520
1131,1527
1131,1663
1131,1732
1132,1
1132,8
1132,20
1132,59
1132,67
1132,69
1132,89
1132,98
1132,102
1132,143
1132,153
1132,158
1132,160
1132,188
1132,211
1132,216
1132,229
1132,234
1132,250
1132,260
1132,268
1132,283
1132,297
1132,301
1132,319
1132,327
1132,328
1132,329
1132,338
1132,342
1132,343
1132,345
1132,353
1132,361
1132,367
1132,372
1132,374
1132,404
1132,418
1132,421
1132,425
1132,450
1132,485
1132,489
1132,490
1132,492
1132,494
1132,496
1132,497
1132,502
1132,510
1132,539
1132,544
1132,554
1132,555
1132,598
1132,607
1132,609
1132,628
1132,642
1132,647
1132,659
1132,660
1132,670
1132,729
1132,731
1132,742
1132,753
1132,758
1132,760
1132,799
1132,807
1132,819
1132,837
1132,838
1132,845
1132,867
1132,880
1132,907
1132,909
1132,921
1132,925
1132,948
1132,956
1132,960
1132,989
1132,994
1132,1004
1132,1006
1132,1013
1132,1017
1132,1102
1132,1108
1132,1137
1132,1197
1132,1253
1132,1254
1132,1489
1132,1496
1132,1525
1132,1652
1132,1681
1132,1746
1132,1754
1132,1909
1132,2077
1132,2291
1132,2335
1133,205
1134,268
1134,274
1134,298
1134,338
1134,447
1135,523
1136,226
1136,273
1136,309
1136,340
1136,496
1137,211
1137,220
1137,233
1137,242
1137,270
1137,374
1137,442
1137,444
1137,483
1137,485
1137,497
1137,729
1137,861
1137,1017
1137,1056
1138,90
1138,145
1138,216
1138,356
1138,368
1138,489
1138,537
1138,553
1138,573
1138,612
1138,637
1138,652
1138,669
1138,671
1138,690
1138,701
1138,716
1138,717
1138,809
1138,906
1138,913
1138,945
1138,961
1138,1062
1138,1102
1138,1106
1138,1139
1138,1610
1138,1690
1138,1909
1138,1983
1138,2366
1139,136
1139,192
1139,212
1139,251
1139,324
1139,343
1139,452
1139,555
1139,573
1139,612
1139,652
1139,676
1139,683
1139,702
1139,703
1139,717
1139,726
1139,774
1139,779
1139,817
1139,822
1139,845
1139,863
1139,906
1139,956
1139,972
1139,1031
1139,1056
1139,1057
1139,1062
1139,1076
1139,1094
1139,1109
1139,1138
1139,1148
1139,1195
1139,1211
1139,1247
1139,1261
1139,1286
1139,1288
1139,1296
1139,1298
1139,1332
1139,1336
1139,1339
1139,1379
1139,1410
1139,1591
1139,1617
1139,1635
1139,1689
1139,1812
1139,1936
1139,1989
1139,2076
1140,1152
1140,1900
1140,1976
1141,394
1141,972
1141,1148
1141,1235
1141,1340
1141,1382
1141,1598
1141,1622
1141,1809
1141,2421
1142,1725
1142,2067
1142,2353
1143,590
1143,791
1143,828
1143,974
1143,1031
1143,1116
1143,1148
1143,1179
1143,1274
1143,1294
1143,1308
1143,1326
1143,1344
1143,1351
1143,1352
1143,1353
1143,1567
1143,1590
1143,1592
1143,1677
1143,1724
1143,1802
1143,1805
1143,1812
1143,1974
1143,2127
1143,2310
1143,2353
1143,2410
1143,2413
1143,2415
1144,1145
1144,1344
1144,1379
1144,1383
1144,1389
1144,1394
1144,1409
1144,1412
1144,1437
1144,1701
1144,1709
1144,1834
1144,1836
1144,1846
1144,1854
1144,1859
1144,2197
1144,2538
1144,2568
1145,45
1145,136
1145,151
1145,464
1145,516
1145,531
1145,549
1145,703
1145,733
1145,762
1145,802
1145,929
1145,950
1145,1027
1145,1043
1145,1047
1145,1065
1145,1093
1145,1110
1145,1142
1145,1144
1145,1147
1145,1209
1145,1284
1145,1308
1145,1316
1145,1317
1145,1328
1145,1333
1145,1340
1145,1341
1145,1344
1145,1345
1145,1348
1145,1351
1145,1353
1145,1354
1145,1355
1145,1359
1145,1360
1145,1361
1145,1365
1145,1369
1145,1375
1145,1381
1145,1385
1145,1397
1145,1416
1145,1510
1145,1603
1145,1623
1145,1624
1145,1625
1145,1641
1145,1725
1145,1726
1145,1728
1145,1803
1145,1810
1145,1814
1145,1827
1145,1831
1145,1832
1145,2125
1145,2126
1145,2128
1145,2154
1145,2243
1145,2382
1145,2470
1145,2472
1145,2497
1145,2569
1145,2570
1145,2571
1146,464
1146,581
1146,1027
1146,1047
1146,1150
1146,1160
1146,1203
1146,1316
1146,1341
1146,1355
1146,1359
1146,1364
1146,1365
1146,1402
1146,1406
1146,1414
1146,1417
1146,1422
1146,1451
1146,1596
1146,1682
1146,1825
1146,1828
1146,1858
1146,1875
1146,1902
1146,1989
1146,2227
1146,2244
1147,521
1147,1145
1147,1179
1147,1231
1147,1288
1147,1341
1147,1354
1147,1392
1147,1397
1147,1405
1147,1410
1147,1415
1147,1579
1147,1624
1147,1677
1147,1814
1147,1832
1147,2126
1147,2127
1147,2243
1147,2469
1147,2470
1148,90
1148,273
1148,384
1148,464
1148,531
1148,666
1148,959
1148,972
1148,1027
1148,1047
1148,1139
1148,1141
1148,1145
1148,1149
1148,1157
1148,1224
1148,1228
1148,1237
1148,1261
1148,1310
1148,1316
1148,1322
1148,1326
1148,1333
1148,1346
1148,1349
1148,1352
1148,1353
1148,1354
1148,1355
1148,1359
1148,1361
1148,1365
1148,1367
1148,1372
1148,1373
1148,1375
1148,1376
1148,1378
1148,1385
1148,1404
1148,1408
1148,1431
1148,1506
1148,1511
1148,1589
1148,1591
1148,1600
1148,1621
1148,1622
1148,1623
1148,1625
1148,1673
1148,1677
1148,1682
1148,1826
1148,1830
1148,1832
1148,1833
1148,1838
1148,1845
1148,1926
1148,1989
1148,2126
1148,2415
1148,2488
1149,382
1149,473
1149,941
1149,969
1149,1116
1149,1148
1149,1274
1149,1359
1149,1365
1149,1367
1149,1369
1149,1378
1149,1385
1149,1461
1149,1802
1149,2128
1149,2248
1149,2572
1150,352
1150,442
1150,640
1150,727
1150,791
1150,918
1150,993
1150,1028
1150,1114
1150,1146
1150,1151
1150,1152
1150,1160
1150,1161
1150,1162
1150,1166
1150,1168
1150,1256
1150,1316
1150,1376
1150,1384
1150,1389
1150,1400
1150,1402
1150,1408
1150,1420
1150,1422
1150,1426
1150,1428
1150,1429
1150,1430
1150,1437
1150,1442
1150,1443
1150,1453
1150,1461
1150,1477
1150,1512
1150,1562
1150,1603
1150,1710
1150,1828
1150,1845
1150,1856
1150,1861
1150,1862
1150,1863
1150,1864
1150,1865
1150,1870
1150,1874
1150,1877
1150,1878
1150,1899
1150,1902
1150,1929
1150,2035
1150,2161
1150,2164
1150,2177
1150,2180
1150,2194
1150,2197
1150,2200
1150,2375
1150,2501
1150,2545
1150,2573
1150,2574
1151,1023
1151,1028
1151,1150
1151,1152
1151,1153
1151,1165
1151,1168
1151,1170
1151,1225
1151,1316
1151,1381
1151,1385
1151,1389
1151,1394
1151,1408
1151,1414
1151,1415
1151,1418
1151,1422
1151,1426
1151,1430
1151,1443
1151,1447
1151,1448
1151,1461
1151,1477
1151,1604
1151,1625
1151,1834
1151,1835
1151,1870
1151,1882
1151,1978
1151,2356
1151,2489
1151,2537
1151,2575
1151,2576
1151,2577
1151,2578
1151,2579
1152,62
1152,388
1152,459
1152,683
1152,781
1152,954
1152,1062
1152,1101
1152,1140
1152,1203
1152,1360
1152,1416
1152,1426
1152,1463
1152,1620
1152,1833
1152,1870
1152,1874
1152,2163
1152,2185
1152,2580
1153,16
1153,136
1153,145
1153,162
1153,182
1153,437
1153,516
1153,652
1153,904
1153,1058
1153,1074
1153,1123
1153,1151
1153,1172
1153,1316
1153,1365
1153,1374
1153,1392
1153,1804
1153,2417
1153,2581
1154,143
1154,220
1154,342
1154,415
1154,458
1154,1547
1155,519
1156,14
1156,97
1156,127
1156,129
1156,159
1156,162
1156,166
1156,193
1156,287
1156,289
1156,329
1156,334
1156,338
1156,356
1156,361
1156,372
1156,374
1156,519
1156,547
1156,561
1156,598
1156,602
1156,617
1156,636
1156,657
1156,674
1156,701
1156,702
1156,948
1156,1131
1156,1184
1156,1190
1156,1195
1156,1247
1156,1633
1156,1690
1157,531
1157,1148
1157,1316
1157,1363
1157,1375
1157,1376
1157,1382
1157,1386
1157,1429
1157,1477
1157,1511
1157,1680
1157,1828
1157,1840
1157,2163
1157,2501
1157,2573
1158,1359
1158,1365
1158,1923
1159,1023
1159,1169
1159,1432
1159,1433
1159,1438
1159,1446
1159,1471
1159,1474
1159,1475
1159,1683
1159,1709
1159,1883
1159,1889
1159,1900
1159,1903
1159,2161
1159,2167
1159,2185
1159,2445
1159,2583
1159,2584
1160,442
1160,516
1160,727
1160,828
1160,942
1160,1013
1160,1021
1160,1023
1160,1094
1160,1146
1160,1150
1160,1157
1160,1161
1160,1162
1160,1163
1160,1167
1160,1179
1160,1316
1160,1365
1160,1369
1160,1381
1160,1406
1160,1408
1160,1411
1160,1416
1160,1422
1160,1428
1160,1430
1160,1437
1160,1440
1160,1442
1160,1443
1160,1454
1160,1456
1160,1477
1160,1480
1160,1482
1160,1506
1160,1528
1160,1579
1160,1620
1160,1683
1160,1834
1160,1845
1160,1846
1160,1849
1160,1864
1160,1866
1160,1872
1160,1874
1160,1878
1160,1881
1160,1882
1160,1898
1160,1900
1160,1901
1160,1929
1160,2042
1160,2163
1160,2164
1160,2165
1160,2179
1160,2227
1160,2375
1160,2429
1160,2490
1160,2499
1160,2502
1160,2573
1160,2585
1160,2586
1160,2587
1160,2588
1160,2589
1160,2590
1161,352
1161,1160
1161,1165
1161,1400
1161,1406
1161,1426
1161,1439
1161,1443
1161,1455
1161,1463
1161,1471
1161,1480
1161,1481
1161,1562
1161,1679
1161,1849
1161,1894
1161,1898
1161,1899
1161,1929
1161,2371
1161,2591
1162,833
1162,1028
1162,1157
1162,1172
1162,1388
1162,1393
1162,1414
1162,1427
1162,1442
1162,1451
1162,1458
1162,1512
1162,1709
1162,1834
1162,1843
1162,1849
1162,1862
1162,1870
1162,2167
1162,2187
1162,2374
1162,2490
1162,2512
1162,2541
1162,2551
1162,2580
1162,2592
1162,2593
1163,1404
1163,2150
1163,2207
1164,2183
1164,2425
1164,2452
1165,693
1165,786
1165,998
1165,1097
1165,1161
1165,1162
1165,1167
1165,1168
1165,1169
1165,1171
1165,1172
1165,1173
1165,1256
1165,1313
1165,1316
1165,1341
1165,1381
1165,1389
1165,1402
1165,1404
1165,1406
1165,1407
1165,1414
1165,1417
1165,1427
1165,1433
1165,1435
1165,1440
1165,1442
1165,1443
1165,1444
1165,1446
1165,1448
1165,1452
1165,1454
1165,1455
1165,1456
1165,1458
1165,1459
1165,1461
1165,1463
1165,1464
1165,1468
1165,1471
1165,1474
1165,1475
1165,1476
1165,1478
1165,1480
1165,1528
1165,1562
1165,1624
1165,1625
1165,1711
1165,1820
1165,1848
1165,1862
1165,1868
1165,1873
1165,1878
1165,1879
1165,1881
1165,1889
1165,1891
1165,1892
1165,1896
1165,1897
1165,1898
1165,1899
1165,1900
1165,1902
1165,1903
1165,1927
1165,2057
1165,2161
1165,2179
1165,2184
1165,2185
1165,2202
1165,2445
1165,2476
1165,2503
1165,2504
1165,2584
1165,2585
1165,2587
1165,2594
1165,2595
1165,2596
1165,2597
1165,2598
1165,2599
1165,2600
1165,2601
1165,2602
1165,2603
1165,2604
1165,2605
1166,1150
1166,1471
1166,2454
1166,2574
1167,1162
1167,1709
1167,1882
1167,2162
1167,2181
1167,2183
1167,2375
1167,2607
1168,823
1168,1161
1168,1164
1168,1169
1168,1171
1168,1172
1168,1385
1168,1427
1168,1443
1168,1448
1168,1451
1168,1456
1168,1469
1168,1475
1168,1684
1168,1711
1168,1842
1168,1870
1168,1878
1168,1917
1168,1929
1168,2183
1168,2375
1168,2401
1168,2608
1168,2609
1169,693
1169,833
1169,998
1169,1021
1169,1023
1169,1162
1169,1168
1169,1170
1169,1171
1169,1172
1169,1428
1169,1429
1169,1431
1169,1435
1169,1439
1169,1442
1169,1443
1169,1444
1169,1450
1169,1451
1169,1456
1169,1460
1169,1461
1169,1471
1169,1475
1169,1679
1169,1708
1169,1862
1169,1870
1169,1871
1169,1878
1169,1884
1169,1929
1169,2154
1169,2181
1169,2200
1169,2583
1169,2610
1169,2611
1170,823
1170,993
1170,1151
1170,1169
1170,1373
1170,1381
1170,1402
1170,1440
1170,1446
1170,1451
1170,1457
1170,1473
1170,1878
1170,2181
1170,2183
1170,2372
1170,2374
1170,2375
1170,2400
1170,2540
1170,2587
1170,2599
1171,452
1171,1168
1171,1427
1171,1437
1171,1463
1171,1482
1171,1603
1171,1623
1171,1711
1171,1877
1171,1917
1171,2508
1172,1153
1172,1168
1172,1428
1172,1437
1172,1465
1172,1917
1172,2199
1172,2372
1172,2613
1172,2614
1173,1113
1173,1215
1173,1443
1173,1895
1173,1899
1173,1901
1173,1903
1173,2185
1173,2401
1173,2507
1173,2591
1173,2595
1173,2604
1173,2615
1173,2616
1173,2617
1174,39
1175,156
1175,192
1175,236
1175,322
1175,642
1175,772
1175,803
1175,893
1175,913
1175,2016
1175,2296
1176,168
1176,218
1176,259
1176,406
1176,459
1176,464
1177,158
1177,302
1177,337
1177,340
1177,433
1177,446
1177,522
1177,607
1177,688
1177,691
1177,745
1177,844
1177,880
1177,967
1177,1043
1177,2233
1178,218
1178,232
1178,711
1179,39
1179,45
1179,68
1179,98
1179,109
1179,133
1179,139
1179,157
1179,159
1179,161
1179,162
1179,175
1179,182
1179,205
1179,211
1179,278
1179,315
1179,324
1179,329
1179,356
1179,390
1179,473
1179,507
1179,516
1179,534
1179,581
1179,589
1179,607
1179,612
1179,639
1179,702
1179,703
1179,717
1179,735
1179,779
1179,793
1179,904
1179,906
1179,941
1179,952
1179,959
1179,972
1179,1031
1179,1047
1179,1062
1179,1094
1179,1101
1179,1102
1179,1106
1179,1108
1179,1110
1179,1139
1179,1143
1179,1160
1179,1190
1179,1206
1179,1213
1179,1231
1179,1278
1179,1288
1179,1310
1179,1316
1179,1323
1179,1334
1179,1355
1179,1360
1179,1367
1179,1372
1179,1385
1179,1406
1179,1407
1179,1416
1179,1439
1179,1453
1179,1461
1179,1498
1179,1545
1179,1583
1179,1602
1179,1624
1179,1625
1179,1705
1179,1787
1179,1803
1179,1814
1179,1878
1179,1917
1179,2167
1179,2177
1179,2185
1179,2212
1179,2571
1179,2598
1179,2618
1179,2619
1180,227
1180,339
1180,1665
1181,382
1181,501
1181,841
1181,903
1182,250
1182,270
1182,415
1182,432
1182,437
1182,609
1182,612
1182,613
1182,1188
1182,1610
1183,501
1184,54
1184,98
1184,161
1184,173
1184,209
1184,229
1184,231
1184,299
1184,315
1184,319
1184,356
1184,361
1184,372
1184,418
1184,425
1184,448
1184,450
1184,555
1184,595
1184,605
1184,736
1184,1033
1184,1190
1184,1247
1185,152
1185,273
1185,281
1185,338
1185,423
1185,523
1185,609
1185,613
1185,615
1185,642
1185,744
1185,848
1185,890
1185,921
1185,1088
1185,1655
1185,1910
1186,432
1187,602
1187,617
1187,637
1187,852
1187,871
1187,902
1187,1188
1187,1643
1187,2130
1188,298
1188,420
1188,432
1188,598
1188,852
1188,1187
1188,1247
1188,1655
1188,1740
1188,2082
1189,1609
1190,98
1190,133
1190,159
1190,177
1190,229
1190,238
1190,260
1190,304
1190,311
1190,313
1190,323
1190,356
1190,361
1190,374
1190,425
1190,489
1190,529
1190,561
1190,563
1190,572
1190,583
1190,598
1190,599
1190,612
1190,623
1190,636
1190,647
1190,657
1190,729
1190,746
1190,784
1190,807
1190,809
1190,812
1190,816
1190,848
1190,853
1190,863
1190,897
1190,946
1190,957
1190,992
1190,1011
1190,1095
1190,1101
1190,1148
1190,1156
1190,1184
1190,1200
1190,1247
1190,1547
1190,1690
1190,1731
1190,1784
1190,1826
1190,2283
1191,241
1191,281
1191,292
1191,301
1191,343
1191,367
1191,433
1191,470
1191,499
1191,598
1191,647
1191,661
1191,846
1191,854
1191,907
1191,908
1191,1088
1191,1517
1192,758
1192,762
1192,906
1193,236
1193,848
1193,1039
1193,1040
1193,1493
1194,152
1194,236
1194,241
1194,301
1194,405
1194,601
1194,640
1194,723
1194,742
1194,907
1194,908
1194,925
1194,1019
1194,1040
1194,1195
1194,1240
1194,1518
1194,1764
1194,2003
1194,2021
1195,158
1195,177
1195,193
1195,302
1195,322
1195,323
1195,324
1195,333
1195,347
1195,364
1195,367
1195,390
1195,409
1195,437
1195,446
1195,463
1195,489
1195,499
1195,518
1195,522
1195,523
1195,540
1195,543
1195,547
1195,555
1195,561
1195,564
1195,566
1195,572
1195,621
1195,622
1195,636
1195,639
1195,649
1195,654
1195,660
1195,663
1195,664
1195,666
1195,668
1195,669
1195,672
1195,673
1195,674
1195,676
1195,685
1195,691
1195,695
1195,698
1195,726
1195,731
1195,756
1195,757
1195,758
1195,766
1195,767
1195,830
1195,849
1195,863
1195,880
1195,897
1195,905
1195,909
1195,922
1195,927
1195,936
1195,943
1195,948
1195,960
1195,978
1195,995
1195,1002
1195,1004
1195,1039
1195,1091
1195,1092
1195,1139
1195,1156
1195,1194
1195,1201
1195,1520
1195,1539
1195,1633
1195,1732
1195,1733
1195,1734
1195,1907
1195,2011
1195,2060
1195,2133
1195,2276
1195,2345
1196,338
1196,415
1196,418
1196,420
1196,498
1196,505
1196,549
1196,608
1196,848
1196,880
1196,899
1196,1019
1196,1040
1196,1041
1197,299
1197,344
1197,417
1197,446
1197,602
1197,848
1197,853
1197,872
1197,897
1197,1036
1198,59
1198,110
1198,145
1198,236
1198,292
1198,304
1198,338
1198,367
1198,385
1198,388
1198,612
1198,652
1198,710
1198,731
1198,742
1198,845
1198,853
1198,854
1198,907
1198,1247
1198,1646
1199,217
1199,241
1199,286
1199,302
1199,636
1199,646
1199,650
1199,688
1199,723
1199,742
1199,848
1199,880
1199,912
1199,981
1199,985
1199,986
1199,1041
1199,1254
1199,1517
1199,1627
1199,1669
1199,1933
1200,537
1200,544
1200,561
1200,563
1200,683
1200,745
1200,948
1200,956
1200,1190
1200,1517
1200,1527
1200,1690
1200,2016
1200,2038
1200,2048
1200,2081
1201,299
1201,428
1201,499
1201,1040
1201,1197
1202,650
1202,919
1203,9
1203,96
1203,212
1203,249
1203,324
1203,390
1203,442
1203,452
1203,464
1203,473
1203,516
1203,551
1203,569
1203,575
1203,665
1203,683
1203,699
1203,717
1203,727
1203,762
1203,785
1203,809
1203,818
1203,838
1203,940
1203,942
1203,966
1203,980
1203,984
1203,1023
1203,1027
1203,1031
1203,1048
1203,1051
1203,1058
1203,1094
1203,1102
1203,1110
1203,1144
1203,1146
1203,1149
1203,1150
1203,1151
1203,1152
1203,1157
1203,1159
1203,1160
1203,1161
1203,1162
1203,1165
1203,1166
1203,1168
1203,1169
1203,1225
1203,1228
1203,1256
1203,1269
1203,1280
1203,1291
1203,1295
1203,1300
1203,1301
1203,1304
1203,1312
1203,1313
1203,1318
1203,1322
1203,1323
1203,1325
1203,1328
1203,1333
1203,1341
1203,1343
1203,1344
1203,1346
1203,1347
1203,1348
1203,1350
1203,1351
1203,1352
1203,1355
1203,1356
1203,1359
1203,1361
1203,1362
1203,1368
1203,1370
1203,1372
1203,1374
1203,1376
1203,1378
1203,1381
1203,1382
1203,1383
1203,1384
1203,1388
1203,1389
1203,1396
1203,1397
1203,1402
1203,1403
1203,1404
1203,1406
1203,1407
1203,1408
1203,1411
1203,1412
1203,1415
1203,1416
1203,1418
1203,1422
1203,1423
1203,1424
1203,1425
1203,1426
1203,1427
1203,1428
1203,1429
1203,1430
1203,1431
1203,1433
1203,1434
1203,1435
1203,1436
1203,1437
1203,1438
1203,1439
1203,1442
1203,1444
1203,1448
1203,1449
1203,1450
1203,1451
1203,1452
1203,1453
1203,1454
1203,1455
1203,1456
1203,1458
1203,1461
1203,1462
1203,1465
1203,1468
1203,1469
1203,1470
1203,1471
1203,1475
1203,1477
1203,1479
1203,1480
1203,1481
1203,1498
1203,1503
1203,1506
1203,1511
1203,1520
1203,1528
1203,1561
1203,1562
1203,1581
1203,1592
1203,1594
1203,1602
1203,1620
1203,1622
1203,1625
1203,1633
1203,1676
1203,1682
1203,1684
1203,1701
1203,1704
1203,1705
1203,1724
1203,1728
1203,1730
1203,1732
1203,1733
1203,1800
1203,1805
1203,1812
1203,1813
1203,1814
1203,1815
1203,1817
1203,1825
1203,1826
1203,1828
1203,1832
1203,1835
1203,1837
1203,1838
1203,1843
1203,1847
1203,1849
1203,1851
1203,1854
1203,1855
1203,1858
1203,1859
1203,1862
1203,1871
1203,1876
1203,1877
1203,1878
1203,1886
1203,1888
1203,1889
1203,1890
1203,1891
1203,1894
1203,1895
1203,1896
1203,1898
1203,1899
1203,1900
1203,1901
1203,1902
1203,1903
1203,1917
1203,1929
1203,1937
1203,1964
1203,1989
1203,2035
1203,2045
1203,2059
1203,2072
1203,2084
1203,2123
1203,2125
1203,2142
1203,2152
1203,2153
1203,2161
1203,2163
1203,2165
1203,2173
1203,2185
1203,2244
1203,2248
1203,2316
1203,2318
1203,2374
1203,2397
1203,2471
1203,2487
1203,2499
1203,2501
1203,2502
1203,2506
1203,2528
1203,2544
1203,2571
1203,2576
1203,2584
1203,2590
1203,2591
1203,2593
1203,2596
1203,2597
1203,2603
1203,2615
1203,2617
1203,2620
1203,2621
1203,2622
1203,2623
1203,2624
1203,2625
1203,2626
1204,671
1204,733
1204,1994
1205,555
1205,569
1205,573
1205,583
1205,585
1205,587
1205,590
1205,690
1205,692
1205,703
1205,726
1205,780
1205,804
1205,1010
1205,1647
1205,1784
1205,2014
1205,2232
1206,102
1206,251
1206,384
1206,583
1206,588
1206,717
1206,726
1206,762
1206,774
1206,796
1206,830
1206,838
1206,954
1206,956
1206,972
1206,975
1206,978
1206,1061
1206,1099
1206,1101
1206,1130
1206,1179
1206,1211
1206,1213
1206,1236
1206,1270
1206,1285
1206,1302
1206,1316
1206,1332
1206,1333
1206,1451
1206,1528
1206,1619
1206,1691
1206,1697
1206,1705
1206,1791
1206,1801
1206,1806
1206,1810
1206,1820
1206,1841
1206,1986
1206,1989
1206,2027
1206,2046
1206,2071
1206,2301
1207,151
1207,534
1207,583
1207,763
1207,810
1207,818
1207,825
1207,927
1207,971
1207,972
1207,1056
1207,1077
1207,1109
1207,1121
1207,1122
1207,1125
1207,1127
1207,1130
1207,1209
1207,1214
1207,1216
1207,1226
1207,1233
1207,1234
1207,1238
1207,1323
1207,1341
1207,1367
1207,1385
1207,1552
1207,1723
1207,1753
1207,1804
1207,1983
1207,2061
1207,2252
1207,2462
1207,2627
1208,793
1208,819
1208,1061
1208,1064
1208,1094
1208,1635
1208,1867
1209,136
1209,655
1209,786
1209,825
1209,840
1209,870
1209,950
1209,972
1209,1103
1209,1121
1209,1130
1209,1145
1209,1211
1209,1223
1209,1226
1209,1227
1209,1235
1209,1269
1209,1270
1209,1274
1209,1294
1209,1304
1209,1306
1209,1315
1209,1319
1209,1321
1209,1333
1209,1353
1209,1367
1209,1498
1209,1504
1209,1543
1209,1565
1209,1572
1209,1573
1209,1590
1209,1592
1209,1594
1209,1617
1209,1622
1209,1637
1209,1704
1209,1705
1209,1801
1209,2125
1209,2312
1209,2421
1209,2484
1210,189
1210,390
1210,543
1210,564
1210,578
1210,586
1210,588
1210,608
1210,655
1210,681
1210,685
1210,690
1210,693
1210,697
1210,769
1210,795
1210,943
1210,945
1210,950
1210,970
1210,971
1210,1059
1210,1074
1210,1077
1210,1081
1210,1095
1210,1096
1210,1101
1210,1114
1210,1121
1210,1123
1210,1130
1210,1214
1210,1215
1210,1222
1210,1223
1210,1226
1210,1227
1210,1233
1210,1235
1210,1282
1210,1294
1210,1298
1210,1300
1210,1302
1210,1306
1210,1321
1210,1516
1210,1527
1210,1558
1210,1588
1210,1589
1210,1697
1210,1699
1210,1786
1210,1792
1210,1804
1210,1929
1210,2016
1210,2017
1210,2060
1210,2087
1210,2118
1210,2224
1210,2310
1210,2362
1210,2421
1210,2439
1211,151
1211,390
1211,548
1211,569
1211,570
1211,578
1211,589
1211,683
1211,731
1211,774
1211,825
1211,927
1211,942
1211,950
1211,960
1211,961
1211,965
1211,974
1211,976
1211,1059
1211,1066
1211,1074
1211,1102
1211,1109
1211,1110
1211,1114
1211,1122
1211,1123
1211,1124
1211,1125
1211,1126
1211,1127
1211,1130
1211,1139
1211,1206
1211,1213
1211,1216
1211,1226
1211,1278
1211,1282
1211,1288
1211,1292
1211,1332
1211,1353
1211,1355
1211,1531
1211,1534
1211,1552
1211,1563
1211,1564
1211,1580
1211,1603
1211,1622
1211,1642
1211,1689
1211,1733
1211,1801
1211,1962
1211,1964
1211,1967
1211,2031
1211,2087
1211,2278
1211,2307
1211,2309
1211,2343
1211,2363
1211,2461
1212,588
1212,687
1212,711
1212,753
1212,825
1212,965
1212,1066
1212,1075
1212,1080
1212,1216
1212,1223
1212,1226
1212,1299
1212,1594
1212,1752
1212,1814
1212,1908
1212,1946
1212,2055
1212,2349
1212,2628
1213,151
1213,289
1213,570
1213,576
1213,772
1213,809
1213,815
1213,927
1213,950
1213,1066
1213,1075
1213,1100
1213,1122
1213,1127
1213,1130
1213,1206
1213,1211
1213,1214
1213,1216
1213,1217
1213,1226
1213,1227
1213,1282
1213,1283
1213,1293
1213,1298
1213,1335
1213,1338
1213,1358
1213,1557
1213,1558
1213,1582
1213,1584
1213,1619
1213,1633
1213,1636
1213,2055
1213,2117
1213,2329
1213,2362
1213,2363
1214,578
1214,819
1214,1031
1214,1116
1214,1121
1214,1125
1214,1127
1214,1207
1214,1210
1214,1213
1214,1238
1214,1274
1214,1289
1214,1298
1214,1332
1214,1367
1214,1635
1214,1636
1214,1642
1214,1789
1214,2307
1214,2629
1214,2630
1214,2631
1215,136
1215,396
1215,655
1215,731
1215,744
1215,810
1215,876
1215,965
1215,968
1215,1009
1215,1061
1215,1066
1215,1078
1215,1099
1215,1113
1215,1116
1215,1118
1215,1130
1215,1173
1215,1216
1215,1221
1215,1226
1215,1227
1215,1304
1215,1367
1215,1534
1215,1560
1215,1563
1215,1588
1215,1752
1215,2027
1215,2113
1215,2419
1216,320
1216,567
1216,711
1216,1060
1216,1066
1216,1076
1216,1111
1216,1121
1216,1130
1216,1211
1216,1212
1216,1215
1216,1223
1216,1226
1216,1232
1216,1238
1216,1278
1216,1293
1216,1299
1216,1300
1216,1302
1216,1333
1216,1335
1216,1531
1216,1540
1216,1568
1216,1572
1216,1573
1216,1752
1216,1984
1216,2330
1216,2383
1217,320
1217,1080
1217,1114
1217,1213
1217,1218
1217,1228
1217,1233
1217,1294
1217,1375
1217,1564
1217,1636
1217,1984
1217,2305
1217,2330
1217,2362
1217,2570
1217,2632
1218,1217
1218,1642
1219,652
1219,940
1219,1115
1219,1127
1219,1232
1219,1278
1219,1282
1219,1294
1219,1566
1219,1578
1219,1725
1219,1916
1220,1752
1220,2493
1221,442
1221,472
1221,744
1221,828
1221,969
1221,970
1221,1047
1221,1061
1221,1066
1221,1080
1221,1113
1221,1126
1221,1130
1221,1145
1221,1160
1221,1215
1221,1228
1221,1278
1221,1293
1221,1316
1221,1327
1221,1342
1221,1346
1221,1355
1221,1363
1221,1367
1221,1369
1221,1385
1221,1406
1221,1461
1221,1564
1221,1593
1221,1601
1221,1623
1221,1625
1221,1678
1221,1803
1221,1847
1221,1925
1221,1962
1221,2157
1222,136
1222,731
1222,1060
1222,1077
1222,1094
1222,1232
1222,1561
1222,1989
1222,2270
1222,2350
1222,2493
1223,898
1223,950
1223,958
1223,1103
1223,1209
1223,1212
1223,1216
1223,1226
1223,1233
1223,1294
1223,1300
1223,1543
1223,1566
1223,1588
1223,1752
1223,1984
1223,2362
1223,2633
1224,136
1224,303
1224,810
1224,958
1224,1049
1224,1081
1224,1148
1224,1211
1224,1218
1224,1233
1224,1289
1224,1296
1224,1306
1224,1309
1224,1504
1224,1587
1224,1589
1224,1636
1224,1637
1224,2178
1224,2270
1224,2351
1224,2633
1225,1227
1225,1308
1225,1309
1225,1413
1225,1438
1225,1596
1225,1637
1225,1678
1225,1705
1225,1710
1225,1887
1225,2045
1225,2453
1225,2472
1225,2477
1225,2489
1225,2525
1225,2551
1225,2634
1225,2635
1226,151
1226,570
1226,589
1226,683
1226,702
1226,711
1226,731
1226,772
1226,800
1226,803
1226,822
1226,927
1226,950
1226,951
1226,958
1226,959
1226,969
1226,974
1226,1066
1226,1103
1226,1115
1226,1118
1226,1127
1226,1207
1226,1209
1226,1210
1226,1211
1226,1212
1226,1213
1226,1215
1226,1216
1226,1223
1226,1224
1226,1227
1226,1229
1226,1232
1226,1274
1226,1282
1226,1294
1226,1296
1226,1298
1226,1299
1226,1302
1226,1321
1226,1332
1226,1353
1226,1369
1226,1381
1226,1531
1226,1552
1226,1563
1226,1580
1226,1582
1226,1622
1226,1633
1226,1636
1226,1698
1226,1699
1226,1946
1226,2063
1227,0
1227,113
1227,168
1227,247
1227,320
1227,496
1227,554
1227,589
1227,699
1227,717
1227,786
1227,870
1227,951
1227,969
1227,1062
1227,1130
1227,1209
1227,1210
1227,1213
1227,1215
1227,1216
1227,1226
1227,1232
1227,1233
1227,1298
1227,1299
1227,1301
1227,1306
1227,1369
1227,1543
1227,1561
1227,1567
1227,1588
1228,171
1228,278
1228,324
1228,352
1228,384
1228,390
1228,400
1228,437
1228,442
1228,464
1228,516
1228,564
1228,575
1228,581
1228,583
1228,612
1228,639
1228,674
1228,683
1228,701
1228,703
1228,744
1228,762
1228,781
1228,791
1228,809
1228,828
1228,833
1228,870
1228,904
1228,920
1228,926
1228,948
1228,952
1228,953
1228,960
1228,969
1228,972
1228,984
1228,1021
1228,1027
1228,1031
1228,1074
1228,1076
1228,1094
1228,1109
1228,1141
1228,1143
1228,1146
1228,1148
1228,1149
1228,1150
1228,1151
1228,1165
1228,1221
1228,1229
1228,1230
1228,1232
1228,1233
1228,1236
1228,1274
1228,1291
1228,1298
1228,1300
1228,1304
1228,1316
1228,1319
1228,1324
1228,1326
1228,1328
1228,1331
1228,1333
1228,1338
1228,1340
1228,1341
1228,1343
1228,1347
1228,1351
1228,1352
1228,1353
1228,1358
1228,1363
1228,1365
1228,1367
1228,1368
1228,1370
1228,1374
1228,1376
1228,1378
1228,1381
1228,1382
1228,1385
1228,1386
1228,1388
1228,1391
1228,1395
1228,1398
1228,1400
1228,1406
1228,1407
1228,1408
1228,1410
1228,1411
1228,1415
1228,1416
1228,1420
1228,1422
1228,1425
1228,1428
1228,1431
1228,1435
1228,1437
1228,1438
1228,1439
1228,1443
1228,1444
1228,1448
1228,1449
1228,1450
1228,1453
1228,1460
1228,1461
1228,1468
1228,1477
1228,1498
1228,1506
1228,1507
1228,1511
1228,1528
1228,1543
1228,1562
1228,1581
1228,1590
1228,1593
1228,1603
1228,1620
1228,1623
1228,1625
1228,1680
1228,1684
1228,1705
1228,1711
1228,1728
1228,1753
1228,1798
1228,1805
1228,1806
1228,1812
1228,1813
1228,1819
1228,1820
1228,1828
1228,1830
1228,1831
1228,1840
1228,1845
1228,1847
1228,1849
1228,1854
1228,1857
1228,1859
1228,1860
1228,1864
1228,1867
1228,1870
1228,1873
1228,1878
1228,1924
1228,1989
1228,2054
1228,2084
1228,2106
1228,2123
1228,2126
1228,2139
1228,2150
1228,2154
1228,2162
1228,2163
1228,2164
1228,2172
1228,2179
1228,2182
1228,2183
1228,2195
1228,2197
1228,2214
1228,2223
1228,2227
1228,2244
1228,2288
1228,2316
1228,2400
1228,2422
1228,2470
1228,2504
1228,2523
1228,2528
1228,2535
1228,2575
1228,2636
1228,2637
1229,225
1229,343
1229,390
1229,391
1229,400
1229,437
1229,472
1229,548
1229,570
1229,575
1229,576
1229,585
1229,586
1229,588
1229,653
1229,655
1229,681
1229,726
1229,744
1229,772
1229,774
1229,803
1229,818
1229,820
1229,822
1229,830
1229,840
1229,870
1229,874
1229,925
1229,927
1229,953
1229,961
1229,969
1229,1059
1229,1061
1229,1074
1229,1080
1229,1096
1229,1104
1229,1105
1229,1108
1229,1110
1229,1113
1229,1115
1229,1116
1229,1117
1229,1123
1229,1125
1229,1130
1229,1149
1229,1226
1229,1232
1229,1233
1229,1236
1229,1293
1229,1299
1229,1301
1229,1302
1229,1304
1229,1306
1229,1327
1229,1534
1229,1543
1229,1544
1229,1552
1229,1555
1229,1557
1229,1561
1229,1565
1229,1588
1229,1630
1229,1637
1229,1642
1229,1702
1229,1790
1229,1793
1229,1801
1229,1975
1229,2027
1229,2085
1229,2310
1229,2312
1229,2361
1229,2390
1229,2424
1229,2481
1230,554
1230,655
1230,973
1230,1078
1230,1233
1230,1234
1230,1300
1230,1306
1230,1588
1230,2362
1231,965
1231,1060
1231,1078
1231,1080
1231,1129
1231,1147
1231,1151
1231,1179
1231,1234
1231,1317
1231,1318
1231,1572
1231,1573
1231,1724
1231,1967
1231,2430
1232,289
1232,320
1232,472
1232,473
1232,554
1232,570
1232,573
1232,588
1232,702
1232,731
1232,774
1232,804
1232,809
1232,818
1232,820
1232,822
1232,870
1232,927
1232,932
1232,950
1232,960
1232,969
1232,972
1232,1075
1232,1078
1232,1095
1232,1096
1232,1101
1232,1104
1232,1110
1232,1209
1232,1215
1232,1216
1232,1219
1232,1222
1232,1226
1232,1227
1232,1228
1232,1229
1232,1233
1232,1234
1232,1236
1232,1279
1232,1282
1232,1285
1232,1293
1232,1294
1232,1297
1232,1298
1232,1300
1232,1321
1232,1367
1232,1504
1232,1531
1232,1558
1232,1570
1232,1572
1232,1573
1232,1588
1232,1589
1232,1592
1232,1637
1232,1696
1232,1697
1232,2270
1232,2313
1232,2343
1232,2441
1232,2493
1232,2560
1233,537
1233,586
1233,590
1233,655
1233,778
1233,783
1233,791
1233,809
1233,870
1233,942
1233,951
1233,953
1233,958
1233,1076
1233,1078
1233,1129
1233,1130
1233,1210
1233,1223
1233,1224
1233,1227
1233,1230
1233,1232
1233,1298
1233,1300
1233,1301
1233,1306
1233,1313
1233,1504
1233,1534
1233,1543
1233,1561
1233,1565
1233,1572
1233,1573
1233,1589
1233,1637
1233,1948
1233,2053
1233,2086
1233,2126
1233,2286
1233,2331
1233,2404
1234,464
1234,652
1234,679
1234,702
1234,822
1234,969
1234,973
1234,1031
1234,1110
1234,1127
1234,1130
1234,1207
1234,1230
1234,1231
1234,1232
1234,1233
1234,1269
1234,1282
1234,1298
1234,1308
1234,1332
1234,1345
1234,1366
1234,1449
1234,1561
1234,1567
1234,1617
1234,1635
1234,1804
1234,1964
1234,1974
1234,2353
1234,2638
1235,1078
1235,1209
1235,1231
1235,1305
1235,1504
1235,1543
1235,1573
1235,1633
1235,1637
1235,1704
1236,289
1236,567
1236,791
1236,1232
1236,1300
1236,1319
1236,1623
1236,1640
1236,2412
1236,2459
1237,828
1237,1338
1237,1410
1237,1625
1238,927
1238,1066
1238,1121
1238,1214
1238,1216
1238,1289
1238,1298
1238,1335
1238,1507
1238,1622
1238,1641
1238,1642
1239,104
1240,104
1240,301
1240,409
1240,463
1240,598
1240,616
1240,742
1240,799
1240,847
1240,848
1240,888
1240,891
1240,897
1240,921
1240,981
1240,1040
1240,1194
1240,1764
1240,1904
1240,1990
1240,2513
1241,63
1241,105
1241,218
1241,441
1241,2158
1242,192
1243,1536
1244,211
1244,339
1244,428
1245,552
1245,664
1245,754
1245,1005
1245,1010
1245,1015
1245,1091
1245,1767
1246,273
1246,300
1246,1088
1247,152
1247,159
1247,219
1247,228
1247,250
1247,274
1247,351
1247,356
1247,361
1247,385
1247,388
1247,418
1247,425
1247,498
1247,602
1247,608
1247,617
1247,642
1247,661
1247,736
1247,758
1247,1045
1247,1108
1247,1184
1247,1188
1247,1190
1247,1657
1247,1672
1247,1693
1247,1718
1248,423
1248,742
1248,1250
1249,412
1249,473
1249,628
1250,349
1250,483
1250,903
1251,298
1251,448
1252,60
1252,152
1252,229
1252,298
1252,415
1252,492
1252,497
1252,593
1253,290
1253,342
1253,458
1253,610
1253,850
1254,59
1254,151
1254,158
1254,192
1254,217
1254,219
1254,220
1254,231
1254,241
1254,273
1254,275
1254,281
1254,284
1254,291
1254,292
1254,299
1254,322
1254,323
1254,338
1254,339
1254,347
1254,352
1254,364
1254,381
1254,390
1254,394
1254,399
1254,409
1254,428
1254,434
1254,438
1254,449
1254,479
1254,489
1254,497
1254,546
1254,554
1254,560
1254,594
1254,595
1254,598
1254,602
1254,605
1254,606
1254,607
1254,608
1254,616
1254,617
1254,636
1254,642
1254,645
1254,650
1254,657
1254,661
1254,685
1254,729
1254,742
1254,784
1254,847
1254,851
1254,854
1254,859
1254,862
1254,864
1254,869
1254,880
1254,889
1254,923
1254,925
1254,1041
1254,1137
1254,1154
1254,1188
1254,1199
1254,1490
1254,1493
1254,1518
1254,1529
1254,1653
1254,1754
1254,1755
1254,1764
1254,1911
1254,2407
1255,424
1255,539
1255,622
1255,653
1255,690
1255,744
1255,781
1255,901
1255,1652
1256,120
1256,193
1256,200
1256,323
1256,499
1256,537
1256,671
1256,711
1256,754
1256,816
1256,820
1256,903
1256,917
1256,1092
1256,1121
1256,1150
1256,1165
1256,1316
1256,1372
1256,1404
1256,1407
1256,1416
1256,1432
1256,2487
1257,656
1257,662
1257,671
1257,742
1257,807
1257,909
1257,980
1257,999
1257,1007
1257,1015
1257,1521
1258,1013
1258,1722
1258,2064
1259,665
1259,672
1259,759
1259,934
1260,446
1260,541
1260,566
1260,569
1260,820
1260,870
1260,957
1260,1064
1260,1647
1261,54
1261,272
1261,417
1261,685
1261,687
1261,824
1261,1139
1261,1148
1261,1199
1261,2136
1262,662
1262,687
1263,663
1264,136
1264,733
1264,1478
1264,1753
1264,1865
1264,1896
1264,2588
1265,1328
1266,506
1266,575
1266,583
1266,701
1266,783
1266,824
1266,954
1266,1557
1266,2267
1267,906
1267,2439
1268,681
1269,699
1269,717
1269,870
1269,1031
1269,1110
1269,1209
1269,1222
1269,1224
1269,1231
1269,1234
1269,1274
1269,1278
1269,1305
1269,1313
1269,1346
1269,1349
1269,1543
1269,1561
1269,1580
1269,1672
1269,1690
1269,1989
1270,78
1270,683
1270,783
1270,842
1270,970
1270,1209
1270,1580
1270,2462
1271,581
1271,1789
1272,585
1272,1055
1272,1293
1272,1561
1272,1635
1272,1693
1273,136
1273,272
1273,588
1273,639
1273,674
1273,830
1273,904
1273,951
1273,1047
1273,1101
1273,1109
1273,1142
1273,1149
1273,1228
1273,1308
1273,1309
1273,1313
1273,1328
1273,1344
1273,1355
1273,1357
1273,1359
1273,1360
1273,1369
1273,1372
1273,1374
1273,1375
1273,1376
1273,1451
1273,1682
1273,1684
1273,1703
1273,1706
1273,1708
1273,1801
1273,1814
1273,1828
1273,1832
1273,2046
1273,2127
1273,2545
1273,2637
1273,2639
1274,113
1274,146
1274,253
1274,343
1274,364
1274,394
1274,428
1274,516
1274,538
1274,548
1274,574
1274,575
1274,576
1274,585
1274,586
1274,588
1274,655
1274,678
1274,681
1274,699
1274,703
1274,726
1274,744
1274,774
1274,786
1274,803
1274,805
1274,809
1274,818
1274,822
1274,830
1274,840
1274,870
1274,874
1274,920
1274,925
1274,951
1274,959
1274,963
1274,967
1274,968
1274,969
1274,971
1274,972
1274,973
1274,974
1274,1060
1274,1061
1274,1093
1274,1094
1274,1096
1274,1099
1274,1100
1274,1109
1274,1111
1274,1116
1274,1118
1274,1123
1274,1127
1274,1130
1274,1143
1274,1149
1274,1209
1274,1214
1274,1219
1274,1220
1274,1221
1274,1222
1274,1223
1274,1226
1274,1227
1274,1228
1274,1229
1274,1230
1274,1231
1274,1232
1274,1233
1274,1234
1274,1235
1274,1237
1274,1269
1274,1279
1274,1285
1274,1286
1274,1289
1274,1290
1274,1293
1274,1297
1274,1299
1274,1300
1274,1301
1274,1302
1274,1306
1274,1315
1274,1317
1274,1318
1274,1319
1274,1320
1274,1321
1274,1322
1274,1325
1274,1326
1274,1327
1274,1333
1274,1338
1274,1390
1274,1415
1274,1432
1274,1500
1274,1501
1274,1503
1274,1516
1274,1519
1274,1531
1274,1543
1274,1545
1274,1552
1274,1553
1274,1555
1274,1556
1274,1557
1274,1558
1274,1559
1274,1561
1274,1563
1274,1564
1274,1565
1274,1566
1274,1567
1274,1570
1274,1571
1274,1572
1274,1573
1274,1584
1274,1588
1274,1589
1274,1592
1274,1621
1274,1631
1274,1635
1274,1642
1274,1670
1274,1672
1274,1673
1274,1689
1274,1700
1274,1702
1274,1704
1274,1705
1274,1729
1274,1792
1274,1797
1274,1801
1274,1804
1274,1805
1274,1908
1274,1916
1274,1963
1274,1965
1274,1966
1274,1967
1274,1968
1274,1969
1274,1973
1274,2031
1274,2054
1274,2055
1274,2062
1274,2118
1274,2121
1274,2171
1274,2204
1274,2210
1274,2211
1274,2252
1274,2254
1274,2270
1274,2305
1274,2307
1274,2312
1274,2313
1274,2314
1274,2316
1274,2330
1274,2331
1274,2339
1274,2340
1274,2341
1274,2345
1274,2351
1274,2352
1274,2353
1274,2361
1274,2362
1274,2384
1274,2404
1274,2412
1274,2414
1274,2424
1274,2436
1274,2458
1274,2466
1274,2479
1274,2519
1274,2520
1274,2553
1274,2564
1274,2565
1274,2629
1274,2640
1274,2641
1274,2642
1274,2643
1274,2644
1275,650
1275,781
1275,800
1275,962
1275,1519
1276,463
1276,653
1276,702
1276,819
1276,1094
1276,1169
1276,1172
1276,1451
1276,1571
1276,1603
1276,1683
1276,1900
1276,2425
1276,2645
1277,567
1277,941
1277,1795
1277,2205
1277,2267
1278,1552
1278,2641
1279,720
1279,800
1279,1232
1279,1274
1279,1635
1279,1637
1279,1797
1279,1961
1280,272
1280,581
1280,589
1280,1129
1280,1345
1280,1346
1280,1407
1280,1449
1280,1550
1280,1600
1280,1624
1280,1676
1280,1677
1280,1705
1280,1803
1280,2202
1281,964
1281,965
1281,968
1281,1555
1281,2054
1281,2086
1281,2478
1281,2521
1282,289
1282,391
1282,552
1282,628
1282,652
1282,653
1282,703
1282,779
1282,781
1282,803
1282,809
1282,817
1282,819
1282,822
1282,870
1282,880
1282,906
1282,920
1282,971
1282,972
1282,1031
1282,1057
1282,1062
1282,1066
1282,1095
1282,1129
1282,1213
1282,1219
1282,1226
1282,1232
1282,1234
1282,1236
1282,1293
1282,1299
1282,1302
1282,1304
1282,1315
1282,1332
1282,1369
1282,1480
1282,1567
1282,1588
1282,1594
1282,1603
1282,1618
1282,1619
1282,1633
1282,1635
1282,1699
1282,1946
1282,1964
1282,2308
1282,2362
1283,289
1283,1207
1283,1213
1283,1214
1283,2254
1284,927
1284,972
1284,1102
1284,1145
1284,1214
1284,1343
1284,1344
1284,1345
1284,1449
1284,1597
1284,1625
1284,1812
1284,1988
1284,2061
1284,2533
1285,703
1285,774
1285,972
1285,1215
1285,1220
1285,1223
1285,1228
1285,1232
1285,1274
1285,1286
1285,1317
1285,1320
1285,1326
1285,1449
1285,1565
1285,1567
1285,1588
1285,1635
1285,1672
1285,1702
1285,1835
1285,1947
1285,1966
1285,2139
1285,2210
1285,2404
1285,2441
1285,2483
1286,703
1286,753
1286,774
1286,828
1286,906
1286,1274
1286,1285
1286,1329
1286,1592
1286,1676
1287,965
1287,968
1287,1060
1287,1332
1287,1341
1287,2305
1288,567
1288,653
1288,702
1288,1121
1288,1123
1288,1124
1288,1127
1288,1179
1288,1211
1288,1278
1288,1293
1288,1302
1288,1332
1288,1352
1288,1580
1288,1623
1288,1677
1288,1801
1288,2278
1289,1066
1289,1112
1289,1117
1289,1118
1289,1121
1289,1125
1289,1214
1289,1238
1289,1582
1289,1801
1289,2088
1289,2254
1289,2340
1289,2646
1290,390
1290,400
1290,472
1290,538
1290,566
1290,570
1290,573
1290,575
1290,583
1290,585
1290,586
1290,588
1290,620
1290,651
1290,653
1290,674
1290,678
1290,774
1290,791
1290,795
1290,805
1290,819
1290,821
1290,822
1290,893
1290,916
1290,920
1290,942
1290,943
1290,950
1290,951
1290,953
1290,962
1290,968
1290,974
1290,1055
1290,1058
1290,1060
1290,1063
1290,1080
1290,1103
1290,1105
1290,1110
1290,1116
1290,1117
1290,1121
1290,1127
1290,1129
1290,1130
1290,1204
1290,1207
1290,1209
1290,1211
1290,1212
1290,1215
1290,1220
1290,1271
1290,1274
1290,1275
1290,1286
1290,1293
1290,1302
1290,1320
1290,1325
1290,1332
1290,1360
1290,1480
1290,1555
1290,1559
1290,1567
1290,1588
1290,1592
1290,1689
1290,1693
1290,1696
1290,1796
1290,1947
1290,1963
1290,1964
1290,1984
1290,2039
1290,2059
1290,2088
1290,2116
1290,2309
1290,2344
1290,2362
1290,2395
1290,2483
1290,2627
1290,2646
1290,2647
1291,96
1291,352
1291,437
1291,442
1291,473
1291,516
1291,655
1291,665
1291,699
1291,727
1291,767
1291,787
1291,833
1291,941
1291,969
1291,984
1291,1027
1291,1142
1291,1146
1291,1148
1291,1150
1291,1151
1291,1157
1291,1160
1291,1161
1291,1165
1291,1166
1291,1168
1291,1171
1291,1203
1291,1219
1291,1225
1291,1228
1291,1310
1291,1327
1291,1328
1291,1341
1291,1344
1291,1347
1291,1355
1291,1359
1291,1362
1291,1365
1291,1367
1291,1370
1291,1372
1291,1375
1291,1383
1291,1385
1291,1388
1291,1389
1291,1397
1291,1404
1291,1406
1291,1407
1291,1408
1291,1410
1291,1411
1291,1412
1291,1415
1291,1416
1291,1422
1291,1426
1291,1428
1291,1431
1291,1437
1291,1438
1291,1439
1291,1440
1291,1442
1291,1443
1291,1444
1291,1448
1291,1449
1291,1450
1291,1451
1291,1453
1291,1454
1291,1455
1291,1456
1291,1458
1291,1461
1291,1468
1291,1469
1291,1470
1291,1477
1291,1478
1291,1479
1291,1480
1291,1481
1291,1511
1291,1625
1291,1706
1291,1709
1291,1728
1291,1815
1291,1819
1291,1826
1291,1827
1291,1828
1291,1831
1291,1833
1291,1834
1291,1835
1291,1841
1291,1845
1291,1846
1291,1847
1291,1849
1291,1853
1291,1854
1291,1855
1291,1858
1291,1864
1291,1867
1291,1870
1291,1875
1291,1878
1291,1882
1291,1889
1291,1892
1291,1898
1291,1899
1291,1902
1291,1917
1291,1923
1291,2035
1291,2123
1291,2152
1291,2155
1291,2161
1291,2162
1291,2163
1291,2164
1291,2167
1291,2172
1291,2179
1291,2185
1291,2195
1291,2312
1291,2370
1291,2372
1291,2375
1291,2401
1291,2528
1291,2573
1291,2575
1291,2589
1291,2595
1291,2614
1291,2648
1291,2649
1292,152
1292,314
1292,356
1292,390
1292,494
1292,551
1292,698
1292,699
1292,843
1292,905
1292,921
1292,1045
1292,1101
1292,1109
1292,1121
1292,1129
1292,1379
1292,1580
1292,1689
1292,2001
1292,2435
1292,2650
1293,262
1293,472
1293,585
1293,820
1293,822
1293,870
1293,1055
1293,1076
1293,1077
1293,1095
1293,1101
1293,1119
1293,1121
1293,1216
1293,1221
1293,1232
1293,1272
1293,1415
1293,1564
1293,1642
1293,1689
1294,320
1294,652
1294,1093
1294,1219
1294,1223
1294,1226
1294,1232
1294,1318
1294,1543
1294,1560
1294,1588
1294,1622
1294,2309
1295,1369
1296,340
1296,356
1296,394
1296,540
1296,561
1296,564
1296,648
1296,703
1296,753
1296,762
1296,779
1296,781
1296,783
1296,819
1296,822
1296,937
1296,950
1296,951
1296,978
1296,1080
1296,1094
1296,1102
1296,1208
1296,1209
1296,1212
1296,1213
1296,1224
1296,1226
1296,1228
1296,1233
1296,1283
1296,1286
1296,1288
1296,1298
1296,1302
1296,1332
1296,1339
1296,1345
1296,1610
1296,1633
1296,1635
1296,1693
1296,1784
1296,1936
1296,1986
1296,2041
1296,2145
1296,2175
1297,45
1297,1232
1297,1306
1297,1588
1298,554
1298,655
1298,702
1298,809
1298,822
1298,870
1298,941
1298,958
1298,969
1298,1054
1298,1078
1298,1080
1298,1103
1298,1109
1298,1117
1298,1127
1298,1213
1298,1214
1298,1223
1298,1226
1298,1227
1298,1228
1298,1230
1298,1232
1298,1233
1298,1234
1298,1238
1298,1294
1298,1299
1298,1336
1298,1348
1298,1353
1298,1369
1298,1449
1298,1534
1298,1561
1298,1567
1298,1588
1298,1592
1298,1752
1298,1801
1298,2053
1298,2061
1298,2270
1298,2307
1298,2493
1299,809
1299,1080
1299,1212
1299,1216
1299,1220
1299,1227
1299,1300
1299,1567
1299,1696
1299,1752
1299,1946
1300,320
1300,588
1300,1116
1300,1210
1300,1212
1300,1216
1300,1223
1300,1230
1300,1232
1300,1299
1300,1369
1300,1386
1300,1561
1300,1567
1300,1588
1300,1820
1300,1916
1300,2307
1300,2313
1301,588
1301,1227
1301,1306
1301,1320
1301,1534
1301,1588
1301,1752
1302,653
1302,711
1302,717
1302,803
1302,927
1302,940
1302,973
1302,1077
1302,1078
1302,1094
1302,1206
1302,1210
1302,1216
1302,1282
1302,1288
1302,1304
1302,1356
1302,1543
1302,1567
1302,1588
1302,2329
1303,1215
1303,1306
1303,1329
1303,1335
1303,1339
1303,1353
1303,1600
1303,1637
1303,1795
1303,2154
1304,356
1304,464
1304,472
1304,726
1304,763
1304,783
1304,810
1304,822
1304,950
1304,951
1304,959
1304,968
1304,1057
1304,1060
1304,1066
1304,1080
1304,1116
1304,1121
1304,1127
1304,1130
1304,1160
1304,1173
1304,1209
1304,1215
1304,1229
1304,1282
1304,1289
1304,1302
1304,1360
1304,1534
1304,1565
1304,1567
1304,1572
1304,1573
1304,1622
1304,1635
1304,1696
1304,1727
1304,1752
1305,1438
1306,655
1306,973
1306,1209
1306,1210
1306,1224
1306,1227
1306,1230
1306,1297
1306,1301
1306,1320
1306,1543
1306,1572
1306,1573
1306,1989
1307,1332
1308,136
1308,394
1308,779
1308,941
1308,1031
1308,1057
1308,1224
1308,1225
1308,1227
1308,1234
1308,1285
1308,1314
1308,1317
1308,1341
1308,1361
1308,1369
1308,1593
1308,1596
1308,1621
1308,1637
1308,2154
1308,2355
1308,2369
1308,2411
1308,2414
1309,655
1309,720
1309,779
1309,822
1309,1066
1309,1224
1309,1233
1309,1298
1309,1306
1309,1321
1309,1329
1309,1369
1309,1637
1309,1974
1310,136
1310,172
1310,236
1310,278
1310,279
1310,324
1310,437
1310,452
1310,464
1310,473
1310,548
1310,549
1310,569
1310,585
1310,612
1310,647
1310,660
1310,672
1310,683
1310,702
1310,717
1310,790
1310,833
1310,904
1310,942
1310,959
1310,997
1310,1021
1310,1023
1310,1047
1310,1095
1310,1109
1310,1111
1310,1139
1310,1148
1310,1160
1310,1179
1310,1278
1310,1291
1310,1293
1310,1336
1310,1342
1310,1349
1310,1355
1310,1365
1310,1367
1310,1373
1310,1374
1310,1378
1310,1381
1310,1384
1310,1385
1310,1392
1310,1400
1310,1402
1310,1404
1310,1406
1310,1407
1310,1412
1310,1415
1310,1416
1310,1426
1310,1429
1310,1438
1310,1443
1310,1449
1310,1451
1310,1461
1310,1477
1310,1483
1310,1528
1310,1531
1310,1543
1310,1591
1310,1601
1310,1602
1310,1603
1310,1620
1310,1623
1310,1684
1310,1705
1310,1728
1310,1807
1310,1822
1310,1826
1310,1854
1310,1859
1310,1889
1310,1925
1310,1977
1310,1993
1310,2059
1310,2177
1310,2196
1310,2309
1310,2345
1310,2376
1310,2534
1310,2563
1310,2609
1311,525
1311,1678
1312,1306
1312,1322
1312,1338
1312,1968
1312,2122
1312,2314
1312,2348
1312,2356
1312,2384
1312,2413
1313,590
1313,1173
1313,1461
1313,1470
1313,1478
1313,1572
1313,1573
1313,1683
1313,1892
1313,2167
1313,2651
1313,2652
1314,815
1314,840
1314,959
1314,1065
1314,1308
1314,1364
1314,1625
1314,1965
1314,2309
1314,2541
1315,588
1315,1078
1315,1103
1315,1209
1315,1282
1315,1318
1315,1588
1315,1589
1315,1637
1315,2381
1315,2404
1316,442
1316,464
1316,483
1316,516
1316,590
1316,791
1316,828
1316,833
1316,969
1316,1027
1316,1031
1316,1047
1316,1065
1316,1146
1316,1148
1316,1149
1316,1150
1316,1151
1316,1153
1316,1157
1316,1160
1316,1165
1316,1206
1316,1288
1316,1320
1316,1324
1316,1327
1316,1333
1316,1352
1316,1359
1316,1365
1316,1372
1316,1373
1316,1374
1316,1375
1316,1376
1316,1383
1316,1385
1316,1386
1316,1388
1316,1404
1316,1406
1316,1407
1316,1411
1316,1415
1316,1416
1316,1461
1316,1477
1316,1506
1316,1579
1316,1587
1316,1592
1316,1623
1316,1625
1316,1677
1316,1682
1316,1725
1316,1728
1316,1833
1316,1834
1316,1843
1316,1845
1316,1846
1316,1854
1316,1858
1316,1923
1316,2035
1316,2043
1316,2151
1316,2320
1316,2399
1317,151
1317,384
1317,394
1317,588
1317,640
1317,655
1317,818
1317,840
1317,1060
1317,1145
1317,1231
1317,1274
1317,1285
1317,1308
1317,1313
1317,1319
1317,1321
1317,1326
1317,1334
1317,1356
1317,1367
1317,1385
1317,1390
1317,1500
1317,1573
1317,1637
1317,1806
1317,2312
1317,2383
1317,2479
1318,289
1318,653
1318,655
1318,744
1318,779
1318,817
1318,906
1318,916
1318,941
1318,959
1318,973
1318,1031
1318,1095
1318,1102
1318,1109
1318,1129
1318,1145
1318,1215
1318,1231
1318,1274
1318,1294
1318,1298
1318,1315
1318,1321
1318,1332
1318,1449
1318,1565
1318,1567
1318,1579
1318,1592
1318,1597
1318,1598
1318,1603
1318,1705
1318,1804
1318,1967
1318,1968
1318,2421
1319,394
1319,588
1319,655
1319,786
1319,840
1319,954
1319,959
1319,1031
1319,1047
1319,1053
1319,1110
1319,1116
1319,1121
1319,1142
1319,1209
1319,1228
1319,1236
1319,1274
1319,1308
1319,1311
1319,1317
1319,1321
1319,1323
1319,1325
1319,1326
1319,1335
1319,1341
1319,1369
1319,1504
1319,1543
1319,1590
1319,1592
1319,1625
1319,1672
1319,1673
1319,1821
1319,1985
1319,2353
1320,898
1320,1077
1320,1117
1320,1274
1320,1285
1320,1301
1320,1306
1320,1366
1320,1502
1320,1504
1320,1534
1320,1572
1320,1705
1320,1974
1320,2353
1321,567
1321,588
1321,655
1321,1076
1321,1078
1321,1116
1321,1210
1321,1226
1321,1232
1321,1500
1321,1502
1321,1543
1321,1556
1321,1565
1321,1572
1321,1573
1321,1637
1321,1705
1321,1798
1321,2345
1321,2353
1321,2653
1322,473
1322,567
1322,926
1322,973
1322,1148
1322,1312
1322,1562
1322,1592
1322,1600
1322,1705
1322,1968
1322,1985
1323,464
1323,779
1323,959
1323,1031
1323,1102
1323,1125
1323,1145
1323,1179
1323,1236
1323,1238
1323,1300
1323,1317
1323,1318
1323,1319
1323,1324
1323,1329
1323,1335
1323,1354
1323,1600
1323,1676
1323,2062
1323,2382
1323,2459
1324,437
1324,464
1324,516
1324,870
1324,966
1324,971
1324,972
1324,1031
1324,1115
1324,1142
1324,1213
1324,1223
1324,1309
1324,1320
1324,1323
1324,1330
1324,1335
1324,1338
1324,1339
1324,1340
1324,1345
1324,1346
1324,1353
1324,1359
1324,1365
1324,1505
1324,1509
1324,1571
1324,1592
1324,1593
1324,1639
1324,1673
1324,1677
1324,1807
1324,2117
1324,2150
1324,2411
1324,2412
1324,2413
1325,1274
1325,1366
1325,2644
1326,1500
1326,1504
1326,2354
1326,2403
1326,2642
1326,2654
1327,516
1327,655
1327,809
1327,918
1327,969
1327,1142
1327,1145
1327,1227
1327,1274
1327,1299
1327,1300
1327,1311
1327,1313
1327,1316
1327,1326
1327,1333
1327,1359
1327,1365
1327,1367
1327,1369
1327,1372
1327,1378
1327,1382
1327,1390
1327,1406
1327,1594
1327,1624
1327,1705
1327,1783
1327,1816
1327,1826
1327,2152
1328,324
1328,352
1328,442
1328,473
1328,527
1328,531
1328,568
1328,585
1328,588
1328,655
1328,665
1328,683
1328,790
1328,802
1328,842
1328,953
1328,957
1328,969
1328,972
1328,984
1328,1027
1328,1047
1328,1065
1328,1101
1328,1102
1328,1110
1328,1144
1328,1145
1328,1146
1328,1148
1328,1150
1328,1151
1328,1161
1328,1162
1328,1165
1328,1203
1328,1221
1328,1256
1328,1265
1328,1273
1328,1291
1328,1316
1328,1319
1328,1326
1328,1336
1328,1339
1328,1340
1328,1343
1328,1344
1328,1345
1328,1346
1328,1350
1328,1353
1328,1354
1328,1355
1328,1356
1328,1360
1328,1364
1328,1365
1328,1366
1328,1368
1328,1372
1328,1373
1328,1374
1328,1375
1328,1378
1328,1381
1328,1383
1328,1385
1328,1389
1328,1391
1328,1397
1328,1398
1328,1404
1328,1406
1328,1407
1328,1408
1328,1410
1328,1411
1328,1412
1328,1415
1328,1416
1328,1418
1328,1424
1328,1425
1328,1428
1328,1430
1328,1437
1328,1443
1328,1444
1328,1449
1328,1451
1328,1461
1328,1479
1328,1506
1328,1511
1328,1527
1328,1579
1328,1597
1328,1602
1328,1624
1328,1679
1328,1684
1328,1701
1328,1787
1328,1803
1328,1804
1328,1832
1328,1841
1328,1845
1328,1846
1328,1853
1328,1854
1328,1859
1328,1937
1328,1979
1328,2035
1328,2125
1328,2128
1328,2151
1328,2196
1328,2270
1328,2372
1328,2422
1328,2501
1328,2523
1328,2545
1328,2608
1328,2655
1328,2656
1329,828
1329,1065
1329,1286
1329,1303
1329,1323
1329,1326
1329,1330
1329,1332
1329,1333
1329,1334
1329,1335
1329,1340
1329,1361
1329,1594
1329,1642
1329,1837
1329,2152
1329,2564
1329,2571
1329,2573
1330,584
1330,670
1330,699
1330,779
1330,1116
1330,1329
1330,1335
1330,1621
1330,1678
1330,1950
1330,1965
1330,2058
1330,2408
1330,2479
1331,966
1331,1143
1331,1145
1331,1146
1331,1318
1331,1324
1331,1333
1331,1347
1331,1354
1331,1369
1331,1406
1331,1408
1331,1415
1331,1596
1331,1599
1331,1600
1331,1839
1331,2192
1331,2642
1332,136
1332,570
1332,588
1332,683
1332,717
1332,726
1332,760
1332,762
1332,779
1332,809
1332,818
1332,822
1332,870
1332,906
1332,941
1332,953
1332,959
1332,965
1332,971
1332,1031
1332,1062
1332,1065
1332,1080
1332,1102
1332,1130
1332,1139
1332,1147
1332,1206
1332,1211
1332,1214
1332,1226
1332,1234
1332,1271
1332,1282
1332,1287
1332,1288
1332,1293
1332,1304
1332,1307
1332,1308
1332,1318
1332,1323
1332,1329
1332,1333
1332,1335
1332,1336
1332,1338
1332,1361
1332,1408
1332,1449
1332,1580
1332,1584
1332,1588
1332,1600
1332,1603
1332,1622
1332,1636
1332,1642
1332,1689
1332,1727
1332,1783
1332,1798
1332,1823
1332,1962
1332,2061
1332,2213
1332,2242
1332,2404
1333,1216
1333,1274
1333,1335
1333,1591
1333,1600
1333,1621
1333,1642
1333,1967
1333,2062
1333,2317
1333,2642
1334,390
1334,567
1334,576
1334,581
1334,655
1334,674
1334,744
1334,791
1334,817
1334,819
1334,870
1334,1047
1334,1220
1334,1224
1334,1299
1334,1300
1334,1317
1334,1320
1334,1504
1334,1561
1334,1565
1334,1572
1334,1573
1334,1680
1334,1697
1334,1705
1334,1797
1334,1804
1334,1977
1334,2329
1334,2479
1335,779
1335,1093
1335,1213
1335,1216
1335,1319
1335,1321
1335,1323
1335,1333
1335,1338
1335,1565
1335,1589
1335,1596
1335,1621
1335,1678
1335,1964
1335,1965
1335,1967
1335,2355
1335,2469
1336,136
1336,451
1336,554
1336,581
1336,820
1336,825
1336,916
1336,927
1336,973
1336,1061
1336,1062
1336,1080
1336,1213
1336,1215
1336,1226
1336,1227
1336,1285
1336,1286
1336,1298
1336,1303
1336,1307
1336,1332
1336,1339
1336,1353
1336,1354
1336,1583
1336,1619
1336,1622
1336,1636
1336,2027
1336,2057
1336,2251
1337,1335
1337,1837
1337,2564
1338,699
1338,818
1338,966
1338,1116
1338,1121
1338,1213
1338,1237
1338,1274
1338,1286
1338,1312
1338,1326
1338,1329
1338,1335
1338,1342
1338,1596
1338,1678
1338,2115
1338,2150
1338,2313
1338,2326
1338,2394
1338,2413
1338,2479
1339,136
1339,171
1339,394
1339,464
1339,703
1339,818
1339,967
1339,1057
1339,1094
1339,1139
1339,1237
1339,1293
1339,1303
1339,1306
1339,1308
1339,1309
1339,1328
1339,1333
1339,1335
1339,1353
1339,1358
1339,1369
1339,1589
1339,1596
1339,1600
1339,1621
1339,1636
1339,1676
1339,1677
1339,1805
1339,2154
1340,394
1340,1141
1340,1145
1340,1147
1340,1236
1340,1238
1340,1303
1340,1329
1340,1349
1340,1352
1340,1354
1340,1382
1340,1406
1340,1636
1340,1639
1340,1804
1340,1811
1340,1846
1340,1988
1340,2126
1340,2150
1340,2356
1340,2416
1340,2564
1340,2658
1341,762
1341,774
1341,840
1341,952
1341,959
1341,971
1341,1102
1341,1121
1341,1143
1341,1146
1341,1147
1341,1148
1341,1165
1341,1207
1341,1209
1341,1217
1341,1228
1341,1280
1341,1286
1341,1287
1341,1304
1341,1308
1341,1311
1341,1319
1341,1328
1341,1342
1341,1344
1341,1345
1341,1348
1341,1351
1341,1354
1341,1355
1341,1356
1341,1357
1341,1361
1341,1375
1341,1382
1341,1385
1341,1398
1341,1404
1341,1407
1341,1410
1341,1415
1341,1504
1341,1562
1341,1600
1341,1624
1341,1726
1341,1753
1341,1800
1341,1801
1341,1813
1341,1826
1341,1923
1341,1927
1341,1937
1341,2152
1341,2317
1341,2470
1341,2657
1341,2659
1342,984
1342,1027
1342,1338
1342,1356
1342,1359
1342,1364
1342,1365
1342,1369
1342,1375
1342,1378
1342,1602
1342,1925
1342,1961
1342,2109
1342,2193
1343,993
1343,1023
1343,1157
1343,1344
1343,1375
1343,1382
1343,1398
1343,1596
1343,1701
1343,1833
1343,1866
1343,1988
1343,2074
1343,2202
1344,324
1344,437
1344,442
1344,464
1344,762
1344,941
1344,993
1344,1027
1344,1062
1344,1102
1344,1143
1344,1145
1344,1209
1344,1273
1344,1282
1344,1284
1344,1326
1344,1328
1344,1341
1344,1343
1344,1345
1344,1372
1344,1374
1344,1376
1344,1382
1344,1392
1344,1403
1344,1406
1344,1415
1344,1416
1344,1449
1344,1498
1344,1506
1344,1562
1344,1597
1344,1636
1344,1682
1344,1684
1344,1803
1344,1810
1344,1814
1344,1815
1344,1917
1344,2160
1344,2208
1344,2562
1344,2657
1345,437
1345,464
1345,473
1345,516
1345,655
1345,774
1345,828
1345,842
1345,904
1345,906
1345,1031
1345,1053
1345,1055
1345,1061
1345,1102
1345,1110
1345,1114
1345,1117
1345,1130
1345,1139
1345,1141
1345,1143
1345,1145
1345,1148
1345,1149
1345,1216
1345,1228
1345,1229
1345,1234
1345,1273
1345,1280
1345,1284
1345,1286
1345,1306
1345,1308
1345,1309
1345,1313
1345,1320
1345,1328
1345,1330
1345,1334
1345,1341
1345,1344
1345,1346
1345,1347
1345,1354
1345,1355
1345,1356
1345,1359
1345,1360
1345,1365
1345,1368
1345,1370
1345,1381
1345,1406
1345,1407
1345,1410
1345,1415
1345,1416
1345,1449
1345,1505
1345,1506
1345,1548
1345,1587
1345,1588
1345,1589
1345,1590
1345,1598
1345,1600
1345,1604
1345,1624
1345,1625
1345,1638
1345,1677
1345,1700
1345,1705
1345,1813
1345,1826
1345,1846
1345,1928
1345,1968
1345,1974
1345,1979
1345,1989
1345,2173
1345,2213
1346,394
1346,572
1346,779
1346,959
1346,972
1346,1228
1346,1231
1346,1269
1346,1280
1346,1308
1346,1328
1346,1329
1346,1330
1346,1347
1346,1355
1346,1367
1346,1372
1346,1384
1346,1385
1346,1434
1346,1507
1346,1590
1346,1593
1346,1594
1346,1600
1346,1622
1346,1625
1346,1673
1346,1724
1346,1803
1346,1804
1346,1805
1346,1928
1346,1977
1346,1978
1346,2122
1346,2315
1346,2353
1346,2384
1346,2414
1346,2470
1346,2642
1347,464
1347,1023
1347,1060
1347,1326
1347,1338
1347,1340
1347,1346
1347,1352
1347,1354
1347,1600
1347,1624
1347,1678
1347,1725
1347,1812
1347,1988
1347,2122
1347,2128
1347,2660
1347,2661
1347,2662
1348,113
1348,277
1348,570
1348,726
1348,817
1348,821
1348,937
1348,940
1348,967
1348,1057
1348,1145
1348,1147
1348,1203
1348,1298
1348,1341
1348,1354
1348,1382
1348,1387
1348,1389
1348,1410
1348,1625
1348,1680
1348,1690
1348,1693
1348,1726
1348,1753
1348,1803
1348,1953
1348,2074
1348,2152
1348,2569
1348,2657
1349,1075
1349,1340
1349,1635
1349,1636
1349,1642
1349,1689
1349,1925
1349,2208
1349,2300
1349,2471
1349,2497
1350,1151
1350,1340
1350,1347
1350,1352
1350,1359
1350,1411
1350,1623
1350,1677
1350,1678
1350,1928
1350,2171
1350,2663
1351,1143
1351,1834
1352,516
1352,791
1352,1143
1352,1340
1352,1347
1352,1350
1352,1354
1352,1365
1352,1411
1352,1677
1352,1678
1352,1724
1352,1725
1352,1821
1352,1928
1352,1976
1352,1988
1352,2171
1352,2192
1353,171
1353,394
1353,464
1353,585
1353,655
1353,683
1353,703
1353,809
1353,950
1353,969
1353,972
1353,1031
1353,1065
1353,1102
1353,1143
1353,1145
1353,1209
1353,1211
1353,1215
1353,1226
1353,1228
1353,1298
1353,1303
1353,1331
1353,1333
1353,1336
1353,1339
1353,1340
1353,1347
1353,1354
1353,1356
1353,1369
1353,1370
1353,1382
1353,1411
1353,1415
1353,1498
1353,1567
1353,1583
1353,1593
1353,1624
1353,1625
1353,1674
1353,1676
1353,1705
1353,1753
1353,1804
1353,1927
1353,1967
1353,1979
1353,2346
1353,2563
1354,136
1354,1110
1354,1143
1354,1145
1354,1323
1354,1340
1354,1341
1354,1344
1354,1351
1354,1352
1354,1353
1354,1355
1354,1356
1354,1357
1354,1385
1354,1639
1354,1989
1354,2208
1355,247
1355,655
1355,762
1355,774
1355,802
1355,840
1355,1040
1355,1102
1355,1117
1355,1145
1355,1146
1355,1148
1355,1149
1355,1179
1355,1203
1355,1211
1355,1273
1355,1317
1355,1333
1355,1336
1355,1341
1355,1345
1355,1352
1355,1353
1355,1354
1355,1378
1355,1381
1355,1384
1355,1404
1355,1405
1355,1406
1355,1407
1355,1416
1355,1449
1355,1462
1355,1501
1355,1508
1355,1561
1355,1594
1355,1624
1355,1636
1355,1638
1355,1677
1355,1705
1355,1811
1355,1831
1355,1846
1355,1858
1355,1938
1355,1968
1355,2382
1355,2466
1355,2474
1355,2543
1355,2623
1356,390
1356,637
1356,800
1356,972
1356,1055
1356,1094
1356,1107
1356,1110
1356,1143
1356,1179
1356,1206
1356,1228
1356,1231
1356,1233
1356,1302
1356,1308
1356,1309
1356,1312
1356,1317
1356,1319
1356,1320
1356,1326
1356,1328
1356,1333
1356,1336
1356,1340
1356,1341
1356,1342
1356,1345
1356,1349
1356,1353
1356,1354
1356,1367
1356,1385
1356,1406
1356,1407
1356,1408
1356,1415
1356,1449
1356,1543
1356,1579
1356,1600
1356,1622
1356,1623
1356,1677
1356,1678
1356,1802
1356,1925
1356,1928
1356,1961
1356,1979
1356,2355
1356,2413
1356,2547
1356,2570
1357,828
1357,940
1357,1143
1357,1341
1357,1351
1357,1354
1357,1359
1357,1387
1357,1805
1357,1923
1357,1966
1357,2664
1358,61
1358,394
1358,683
1358,703
1358,800
1358,817
1358,927
1358,1101
1358,1143
1358,1213
1358,1228
1358,1308
1358,1331
1358,1339
1358,1340
1358,1344
1358,1348
1358,1353
1358,1505
1358,1567
1358,1598
1358,1637
1358,1964
1358,1965
1358,2396
1358,2469
1359,521
1359,828
1359,1143
1359,1146
1359,1148
1359,1149
1359,1158
1359,1316
1359,1342
1359,1357
1359,1361
1359,1365
1359,1373
1359,1381
1359,1411
1359,1593
1359,1602
1359,1640
1359,1679
1359,1817
1359,1838
1359,1841
1359,1927
1359,2193
1359,2242
1360,464
1360,511
1360,531
1360,581
1360,762
1360,809
1360,941
1360,959
1360,1047
1360,1065
1360,1080
1360,1093
1360,1097
1360,1102
1360,1146
1360,1147
1360,1149
1360,1151
1360,1179
1360,1216
1360,1225
1360,1273
1360,1275
1360,1288
1360,1308
1360,1316
1360,1326
1360,1327
1360,1346
1360,1367
1360,1375
1360,1381
1360,1385
1360,1389
1360,1392
1360,1404
1360,1415
1360,1477
1360,1506
1360,1508
1360,1590
1360,1677
1360,1682
1360,1706
1360,1787
1360,1803
1360,1815
1360,1820
1360,1847
1360,1854
1360,1923
1360,2178
1360,2202
1360,2320
1360,2468
1360,2561
1360,2562
1360,2665
1360,2666
1361,959
1361,1031
1361,1149
1361,1308
1361,1317
1361,1329
1361,1341
1361,1359
1361,1365
1361,1367
1361,1967
1362,918
1362,929
1362,940
1362,1027
1362,1143
1362,1352
1362,1381
1362,1385
1362,1395
1362,1404
1362,1411
1362,1494
1362,1707
1362,1708
1362,1854
1362,2667
1363,929
1363,941
1363,1157
1363,1369
1363,1372
1363,1375
1363,1378
1363,1385
1363,1389
1363,1461
1363,1509
1363,1623
1363,1637
1363,1728
1363,1834
1363,2128
1363,2416
1363,2426
1363,2474
1363,2487
1363,2488
1364,452
1364,531
1364,762
1364,1146
1364,1148
1364,1314
1364,1342
1364,1360
1364,1378
1364,1404
1364,1431
1364,1511
1364,1622
1364,1673
1364,1705
1364,1783
1364,1841
1364,1923
1364,2155
1365,442
1365,1145
1365,1146
1365,1148
1365,1149
1365,1153
1365,1158
1365,1288
1365,1342
1365,1349
1365,1350
1365,1352
1365,1357
1365,1359
1365,1361
1365,1370
1365,1373
1365,1381
1365,1383
1365,1404
1365,1411
1365,1508
1365,1509
1365,1602
1365,1624
1365,1677
1365,1679
1365,1726
1365,1838
1365,1841
1365,1928
1365,1978
1365,2127
1365,2242
1366,1320
1366,1325
1366,1624
1366,1636
1366,1802
1366,2128
1367,43
1367,136
1367,171
1367,390
1367,437
1367,578
1367,639
1367,653
1367,655
1367,683
1367,686
1367,699
1367,717
1367,726
1367,731
1367,809
1367,818
1367,822
1367,870
1367,927
1367,929
1367,942
1367,950
1367,961
1367,966
1367,969
1367,972
1367,973
1367,1027
1367,1031
1367,1047
1367,1052
1367,1054
1367,1056
1367,1059
1367,1080
1367,1081
1367,1082
1367,1094
1367,1095
1367,1101
1367,1118
1367,1121
1367,1125
1367,1126
1367,1127
1367,1128
1367,1145
1367,1148
1367,1149
1367,1207
1367,1209
1367,1211
1367,1214
1367,1215
1367,1221
1367,1222
1367,1223
1367,1224
1367,1226
1367,1228
1367,1230
1367,1232
1367,1236
1367,1270
1367,1293
1367,1294
1367,1298
1367,1300
1367,1301
1367,1304
1367,1310
1367,1317
1367,1327
1367,1329
1367,1334
1367,1336
1367,1340
1367,1342
1367,1344
1367,1346
1367,1356
1367,1360
1367,1361
1367,1369
1367,1371
1367,1375
1367,1378
1367,1381
1367,1385
1367,1410
1367,1415
1367,1416
1367,1423
1367,1483
1367,1498
1367,1504
1367,1531
1367,1534
1367,1555
1367,1563
1367,1566
1367,1567
1367,1568
1367,1570
1367,1582
1367,1587
1367,1588
1367,1590
1367,1602
1367,1618
1367,1621
1367,1624
1367,1631
1367,1633
1367,1671
1367,1693
1367,1724
1367,1797
1367,1817
1367,1819
1367,1828
1367,1833
1367,1925
1367,1964
1367,1978
1367,2059
1367,2085
1367,2112
1367,2116
1367,2119
1367,2310
1367,2332
1367,2339
1367,2340
1367,2346
1367,2350
1367,2352
1367,2361
1367,2404
1367,2487
1367,2571
1367,2662
1367,2668
1368,463
1368,473
1368,516
1368,918
1368,969
1368,1047
1368,1148
1368,1162
1368,1203
1368,1350
1368,1360
1368,1365
1368,1367
1368,1369
1368,1372
1368,1376
1368,1378
1368,1382
1368,1383
1368,1406
1368,1407
1368,1410
1368,1411
1368,1415
1368,1416
1368,1579
1368,1677
1368,1684
1368,1798
1368,1803
1368,1829
1368,1832
1368,1917
1368,2074
1368,2155
1368,2523
1368,2571
1369,136
1369,391
1369,473
1369,583
1369,588
1369,655
1369,779
1369,809
1369,817
1369,870
1369,940
1369,1027
1369,1117
1369,1129
1369,1143
1369,1145
1369,1149
1369,1160
1369,1221
1369,1226
1369,1227
1369,1233
1369,1273
1369,1282
1369,1292
1369,1298
1369,1300
1369,1307
1369,1308
1369,1326
1369,1331
1369,1333
1369,1339
1369,1342
1369,1353
1369,1359
1369,1367
1369,1368
1369,1370
1369,1378
1369,1387
1369,1415
1369,1508
1369,1509
1369,1561
1369,1565
1369,1567
1369,1568
1369,1592
1369,1593
1369,1596
1369,1625
1369,1672
1369,1705
1369,1724
1369,1725
1369,1787
1369,1822
1369,1825
1369,1832
1369,1925
1369,1926
1369,1978
1369,1979
1369,2128
1369,2248
1369,2459
1369,2662
1370,490
1370,588
1370,1507
1370,2109
1370,2330
1370,2487
1370,2669
1371,1031
1371,1149
1371,1161
1371,1398
1371,1616
1371,1625
1371,1825
1371,2127
1372,442
1372,473
1372,516
1372,567
1372,762
1372,787
1372,791
1372,818
1372,830
1372,847
1372,941
1372,969
1372,971
1372,1027
1372,1080
1372,1115
1372,1148
1372,1149
1372,1179
1372,1203
1372,1222
1372,1256
1372,1273
1372,1285
1372,1286
1372,1316
1372,1319
1372,1321
1372,1326
1372,1327
1372,1328
1372,1330
1372,1340
1372,1344
1372,1346
1372,1359
1372,1360
1372,1363
1372,1365
1372,1368
1372,1370
1372,1375
1372,1378
1372,1381
1372,1386
1372,1392
1372,1398
1372,1406
1372,1410
1372,1411
1372,1415
1372,1416
1372,1429
1372,1431
1372,1483
1372,1506
1372,1511
1372,1528
1372,1571
1372,1590
1372,1601
1372,1625
1372,1635
1372,1682
1372,1705
1372,1706
1372,1783
1372,1807
1372,1826
1372,1829
1372,1831
1372,1834
1372,1841
1372,1858
1372,1937
1372,1979
1372,1985
1372,2001
1372,2127
1372,2241
1372,2453
1372,2500
1372,2564
1373,1316
1373,1365
1373,1375
1373,1412
1373,1413
1373,1425
1373,1438
1373,1451
1373,1469
1373,1511
1373,1623
1373,1684
1373,1845
1373,1854
1373,1924
1373,1929
1373,2043
1373,2227
1373,2246
1373,2568
1373,2670
1373,2671
1374,959
1374,1235
1374,1273
1374,1316
1374,1344
1374,1349
1374,1375
1374,1438
1374,1469
1374,1855
1374,1917
1374,1986
1374,2041
1375,384
1375,952
1375,993
1375,1047
1375,1145
1375,1148
1375,1273
1375,1341
1375,1342
1375,1343
1375,1349
1375,1360
1375,1363
1375,1373
1375,1374
1375,1406
1375,1506
1375,1509
1375,1623
1375,1678
1375,1680
1375,1729
1375,1803
1375,1834
1375,1836
1375,1925
1375,2109
1375,2128
1375,2245
1375,2451
1375,2501
1375,2535
1376,442
1376,1027
1376,1157
1376,1381
1376,1402
1376,1410
1376,1679
1376,1828
1376,1834
1376,1836
1376,2153
1376,2172
1376,2202
1377,2072
1378,818
1378,969
1378,1093
1378,1121
1378,1148
1378,1149
1378,1327
1378,1342
1378,1350
1378,1355
1378,1359
1378,1360
1378,1363
1378,1365
1378,1367
1378,1369
1378,1370
1378,1375
1378,1385
1378,1404
1378,1410
1378,1803
1378,1828
1378,1924
1378,1925
1378,2155
1378,2195
1379,593
1379,943
1379,953
1379,1074
1379,1151
1379,1269
1379,1270
1379,1275
1379,1326
1379,1333
1379,1360
1379,1377
1379,1407
1379,1550
1379,1592
1379,1603
1379,1604
1379,1858
1379,1902
1379,1978
1379,2122
1379,2185
1379,2368
1379,2400
1379,2429
1379,2665
1379,2672
1380,1881
1380,1889
1380,1898
1380,2608
1380,2673
1381,452
1381,683
1381,699
1381,700
1381,702
1381,906
1381,942
1381,1060
1381,1077
1381,1099
1381,1151
1381,1160
1381,1165
1381,1170
1381,1171
1381,1173
1381,1223
1381,1228
1381,1233
1381,1278
1381,1293
1381,1333
1381,1349
1381,1355
1381,1359
1381,1360
1381,1362
1381,1365
1381,1385
1381,1404
1381,1406
1381,1408
1381,1428
1381,1429
1381,1437
1381,1443
1381,1458
1381,1469
1381,1511
1381,1562
1381,1567
1381,1602
1381,1622
1381,1623
1381,1624
1381,1676
1381,1677
1381,1706
1381,1822
1381,1834
1381,1845
1381,1861
1381,1864
1381,1966
1381,2375
1381,2425
1381,2499
1381,2504
1381,2621
1382,16
1382,113
1382,139
1382,146
1382,175
1382,225
1382,304
1382,324
1382,328
1382,370
1382,384
1382,385
1382,390
1382,437
1382,441
1382,442
1382,452
1382,516
1382,555
1382,630
1382,683
1382,761
1382,790
1382,802
1382,809
1382,810
1382,837
1382,916
1382,929
1382,941
1382,960
1382,961
1382,969
1382,997
1382,1058
1382,1059
1382,1062
1382,1065
1382,1067
1382,1102
1382,1105
1382,1141
1382,1149
1382,1157
1382,1203
1382,1227
1382,1316
1382,1318
1382,1327
1382,1328
1382,1333
1382,1337
1382,1340
1382,1341
1382,1343
1382,1348
1382,1353
1382,1359
1382,1360
1382,1365
1382,1368
1382,1376
1382,1378
1382,1383
1382,1392
1382,1406
1382,1416
1382,1429
1382,1449
1382,1506
1382,1528
1382,1567
1382,1579
1382,1596
1382,1597
1382,1624
1382,1667
1382,1679
1382,1701
1382,1728
1382,1753
1382,1787
1382,1809
1382,1816
1382,1828
1382,1831
1382,1832
1382,1846
1382,1902
1382,1917
1382,1924
1382,1976
1382,1977
1382,1987
1382,2059
1382,2155
1382,2244
1382,2329
1382,2356
1382,2372
1382,2404
1382,2608
1382,2632
1382,2674
1383,1025
1383,1027
1383,1144
1383,1151
1383,1362
1383,1365
1383,1368
1383,1373
1383,1385
1383,1389
1383,1392
1383,1437
1383,1443
1383,1462
1383,1683
1383,1803
1383,1829
1383,1841
1383,1845
1383,1854
1383,1902
1383,1917
1383,1924
1383,2074
1383,2125
1383,2152
1383,2157
1383,2245
1383,2568
1383,2588
1383,2608
1383,2675
1383,2676
1383,2677
1384,473
1384,941
1384,1150
1384,1168
1384,1346
1384,1355
1384,1398
1384,1416
1384,1429
1384,1462
1384,1562
1384,1591
1384,1625
1384,1803
1384,1821
1384,1858
1384,2152
1384,2163
1384,2173
1385,43
1385,130
1385,152
1385,218
1385,278
1385,279
1385,324
1385,364
1385,390
1385,391
1385,414
1385,428
1385,437
1385,442
1385,452
1385,459
1385,472
1385,473
1385,516
1385,521
1385,537
1385,547
1385,548
1385,554
1385,559
1385,563
1385,567
1385,571
1385,572
1385,578
1385,585
1385,586
1385,588
1385,653
1385,655
1385,670
1385,671
1385,678
1385,681
1385,683
1385,687
1385,696
1385,699
1385,702
1385,718
1385,731
1385,744
1385,762
1385,774
1385,786
1385,791
1385,806
1385,809
1385,818
1385,819
1385,822
1385,823
1385,825
1385,828
1385,842
1385,863
1385,925
1385,927
1385,929
1385,934
1385,942
1385,951
1385,952
1385,969
1385,971
1385,976
1385,984
1385,1024
1385,1048
1385,1049
1385,1052
1385,1053
1385,1059
1385,1060
1385,1061
1385,1064
1385,1065
1385,1074
1385,1076
1385,1077
1385,1080
1385,1091
1385,1094
1385,1096
1385,1110
1385,1111
1385,1114
1385,1116
1385,1125
1385,1127
1385,1128
1385,1130
1385,1143
1385,1145
1385,1148
1385,1149
1385,1151
1385,1158
1385,1168
1385,1179
1385,1207
1385,1209
1385,1211
1385,1212
1385,1214
1385,1217
1385,1219
1385,1221
1385,1222
1385,1223
1385,1226
1385,1228
1385,1229
1385,1230
1385,1231
1385,1233
1385,1234
1385,1237
1385,1238
1385,1269
1385,1273
1385,1280
1385,1282
1385,1289
1385,1293
1385,1294
1385,1297
1385,1300
1385,1301
1385,1302
1385,1305
1385,1306
1385,1310
1385,1312
1385,1313
1385,1314
1385,1316
1385,1317
1385,1318
1385,1321
1385,1322
1385,1324
1385,1325
1385,1326
1385,1327
1385,1328
1385,1333
1385,1334
1385,1338
1385,1341
1385,1346
1385,1347
1385,1349
1385,1350
1385,1352
1385,1354
1385,1355
1385,1356
1385,1357
1385,1359
1385,1360
1385,1361
1385,1362
1385,1363
1385,1364
1385,1365
1385,1367
1385,1369
1385,1370
1385,1372
1385,1376
1385,1378
1385,1381
1385,1383
1385,1393
1385,1395
1385,1397
1385,1404
1385,1406
1385,1407
1385,1408
1385,1410
1385,1411
1385,1412
1385,1415
1385,1416
1385,1439
1385,1449
1385,1501
1385,1504
1385,1506
1385,1509
1385,1519
1385,1528
1385,1531
1385,1551
1385,1552
1385,1556
1385,1558
1385,1561
1385,1563
1385,1566
1385,1567
1385,1571
1385,1574
1385,1581
1385,1582
1385,1587
1385,1588
1385,1589
1385,1592
1385,1593
1385,1594
1385,1596
1385,1600
1385,1602
1385,1603
1385,1621
1385,1623
1385,1624
1385,1625
1385,1631
1385,1633
1385,1636
1385,1637
1385,1641
1385,1673
1385,1674
1385,1679
1385,1680
1385,1682
1385,1684
1385,1691
1385,1697
1385,1699
1385,1705
1385,1725
1385,1728
1385,1766
1385,1781
1385,1783
1385,1789
1385,1793
1385,1798
1385,1804
1385,1805
1385,1821
1385,1822
1385,1824
1385,1828
1385,1831
1385,1832
1385,1834
1385,1835
1385,1841
1385,1843
1385,1845
1385,1847
1385,1924
1385,1925
1385,1928
1385,1938
1385,1946
1385,1947
1385,1961
1385,1962
1385,1963
1385,1966
1385,1976
1385,1978
1385,1987
1385,2012
1385,2013
1385,2031
1385,2053
1385,2054
1385,2059
1385,2085
1385,2087
1385,2117
1385,2121
1385,2125
1385,2126
1385,2127
1385,2143
1385,2147
1385,2148
1385,2174
1385,2187
1385,2208
1385,2248
1385,2254
1385,2267
1385,2270
1385,2286
1385,2288
1385,2305
1385,2306
1385,2309
1385,2310
1385,2312
1385,2313
1385,2314
1385,2316
1385,2329
1385,2341
1385,2344
1385,2345
1385,2351
1385,2361
1385,2362
1385,2363
1385,2383
1385,2396
1385,2414
1385,2453
1385,2462
1385,2472
1385,2482
1385,2522
1385,2523
1385,2550
1385,2552
1385,2641
1385,2662
1385,2669
1385,2678
1385,2679
1385,2680
1386,247
1386,1157
1386,1300
1386,1375
1386,1388
1386,1410
1386,1638
1386,1682
1386,2245
1387,821
1387,937
1387,1236
1387,1348
1387,1579
1387,1689
1387,1803
1387,1823
1388,1386
1388,1391
1388,1395
1388,1706
1388,1834
1388,1855
1388,1917
1389,993
1389,1144
1389,1149
1389,1151
1389,1165
1389,1363
1389,1392
1389,1418
1389,1461
1389,1579
1389,1603
1389,1684
1389,1843
1389,1845
1389,1854
1389,1859
1389,1865
1389,1870
1390,1444
1390,1677
1390,1680
1390,1804
1390,1859
1390,1978
1391,1386
1391,1388
1391,1395
1391,1509
1391,1511
1391,1834
1391,1842
1391,2488
1392,1143
1392,1147
1392,1162
1392,1344
1392,1359
1392,1370
1392,1372
1392,1373
1392,1382
1392,1383
1392,1389
1392,1574
1392,1579
1392,1803
1392,1827
1392,1876
1392,2059
1392,2074
1392,2128
1392,2155
1392,2320
1393,1162
1393,1385
1393,1395
1393,1813
1394,1144
1394,1151
1395,1511
1395,2408
1395,2582
1396,1876
1396,2508
1396,2621
1397,1144
1397,1145
1397,1203
1397,1354
1397,1375
1397,1385
1397,1389
1397,1403
1397,1406
1397,1458
1397,1479
1397,1602
1397,1832
1397,1841
1397,1845
1397,2270
1397,2575
1397,2648
1398,1027
1398,1144
1398,1157
1398,1341
1398,1343
1398,1347
1398,1374
1398,1386
1398,1393
1398,1417
1398,1422
1398,1682
1398,1684
1398,1819
1398,1842
1398,1847
1398,1855
1398,2372
1398,2401
1398,2488
1398,2529
1399,941
1399,1858
1400,1023
1400,1151
1400,1374
1400,1408
1400,1414
1400,1417
1400,1438
1400,1450
1400,1469
1400,1593
1400,1929
1400,1966
1400,2164
1400,2201
1400,2541
1401,452
1401,1395
1401,1624
1402,143
1402,1023
1402,1146
1402,1150
1402,1325
1402,1376
1402,1380
1402,1405
1402,1406
1402,1426
1402,1431
1402,1438
1402,1439
1402,1451
1402,1458
1402,1481
1402,1579
1402,1827
1402,1847
1402,1858
1402,1898
1402,1917
1402,2035
1402,2195
1402,2197
1402,2397
1402,2621
1402,2664
1402,2683
1403,842
1403,962
1403,1027
1403,1047
1403,1145
1403,1147
1403,1150
1403,1151
1403,1153
1403,1225
1403,1301
1403,1344
1403,1368
1403,1374
1403,1375
1403,1380
1403,1389
1403,1392
1403,1398
1403,1402
1403,1404
1403,1411
1403,1416
1403,1418
1403,1429
1403,1437
1403,1506
1403,1528
1403,1562
1403,1579
1403,1603
1403,1682
1403,1684
1403,1819
1403,1832
1403,1851
1403,1854
1403,1858
1403,1864
1403,1867
1403,1902
1403,1988
1403,2319
1403,2348
1403,2472
1403,2477
1403,2572
1403,2676
1403,2684
1403,2685
1403,2686
1403,2687
1404,64
1404,1047
1404,1163
1404,1165
1404,1256
1404,1316
1404,1341
1404,1343
1404,1355
1404,1362
1404,1365
1404,1378
1404,1381
1404,1385
1404,1406
1404,1407
1404,1416
1404,1458
1404,1601
1404,1603
1404,1624
1404,1640
1404,1830
1404,1834
1404,1848
1404,1917
1404,1923
1404,1927
1404,1989
1404,2128
1404,2163
1404,2413
1405,1047
1405,1163
1405,1354
1405,1355
1405,1357
1405,1359
1405,1373
1405,1381
1405,1427
1405,1470
1405,1511
1405,1624
1405,1820
1405,1882
1405,2127
1406,96
1406,247
1406,384
1406,390
1406,442
1406,473
1406,516
1406,727
1406,762
1406,828
1406,833
1406,969
1406,984
1406,1021
1406,1047
1406,1065
1406,1094
1406,1102
1406,1146
1406,1149
1406,1150
1406,1151
1406,1157
1406,1160
1406,1161
1406,1162
1406,1163
1406,1165
1406,1168
1406,1171
1406,1179
1406,1203
1406,1225
1406,1233
1406,1316
1406,1327
1406,1333
1406,1338
1406,1340
1406,1344
1406,1345
1406,1355
1406,1356
1406,1360
1406,1361
1406,1363
1406,1365
1406,1368
1406,1372
1406,1373
1406,1374
1406,1375
1406,1378
1406,1381
1406,1385
1406,1386
1406,1388
1406,1389
1406,1393
1406,1397
1406,1400
1406,1402
1406,1404
1406,1407
1406,1408
1406,1411
1406,1415
1406,1416
1406,1418
1406,1419
1406,1428
1406,1429
1406,1437
1406,1439
1406,1443
1406,1444
1406,1450
1406,1451
1406,1454
1406,1458
1406,1461
1406,1462
1406,1477
1406,1479
1406,1506
1406,1511
1406,1562
1406,1602
1406,1603
1406,1622
1406,1625
1406,1638
1406,1679
1406,1684
1406,1803
1406,1804
1406,1813
1406,1826
1406,1828
1406,1834
1406,1835
1406,1841
1406,1845
1406,1846
1406,1848
1406,1853
1406,1854
1406,1864
1406,1866
1406,1889
1406,1902
1406,1912
1406,1917
1406,1923
1406,1924
1406,1929
1406,2035
1406,2152
1406,2177
1406,2312
1406,2397
1406,2504
1406,2523
1406,2648
1407,442
1407,473
1407,683
1407,762
1407,828
1407,833
1407,941
1407,962
1407,1027
1407,1094
1407,1146
1407,1148
1407,1165
1407,1179
1407,1203
1407,1227
1407,1278
1407,1280
1407,1316
1407,1328
1407,1336
1407,1341
1407,1343
1407,1344
1407,1345
1407,1354
1407,1355
1407,1356
1407,1362
1407,1368
1407,1370
1407,1372
1407,1376
1407,1383
1407,1385
1407,1394
1407,1395
1407,1398
1407,1402
1407,1403
1407,1404
1407,1406
1407,1408
1407,1410
1407,1415
1407,1416
1407,1422
1407,1425
1407,1427
1407,1437
1407,1449
1407,1451
1407,1458
1407,1506
1407,1510
1407,1511
1407,1528
1407,1579
1407,1596
1407,1603
1407,1624
1407,1625
1407,1635
1407,1638
1407,1674
1407,1679
1407,1689
1407,1701
1407,1729
1407,1753
1407,1813
1407,1819
1407,1826
1407,1830
1407,1832
1407,1833
1407,1835
1407,1841
1407,1849
1407,1851
1407,1875
1407,1917
1407,1924
1407,1989
1407,2043
1407,2126
1407,2161
1407,2163
1407,2172
1407,2178
1407,2194
1407,2197
1407,2370
1407,2470
1407,2504
1407,2568
1407,2683
1407,2688
1408,384
1408,452
1408,464
1408,473
1408,516
1408,683
1408,833
1408,972
1408,1027
1408,1102
1408,1129
1408,1143
1408,1151
1408,1160
1408,1162
1408,1228
1408,1237
1408,1309
1408,1316
1408,1318
1408,1319
1408,1326
1408,1328
1408,1332
1408,1337
1408,1340
1408,1351
1408,1356
1408,1374
1408,1381
1408,1383
1408,1385
1408,1388
1408,1400
1408,1404
1408,1405
1408,1406
1408,1411
1408,1415
1408,1418
1408,1429
1408,1449
1408,1504
1408,1511
1408,1528
1408,1561
1408,1567
1408,1581
1408,1603
1408,1677
1408,1805
1408,1829
1408,1841
1408,1844
1408,1845
1408,1846
1408,1864
1408,2044
1408,2179
1408,2227
1408,2374
1408,2489
1408,2538
1408,2551
1408,2603
1408,2642
1408,2689
1409,1144
1409,1151
1409,1362
1409,1439
1409,1506
1409,1814
1409,1854
1409,1874
1409,1887
1409,1924
1409,2197
1409,2370
1409,2588
1409,2686
1409,2690
1410,1106
1410,1147
1410,1161
1410,1341
1410,1342
1410,1439
1410,1726
1410,1925
1411,352
1411,516
1411,833
1411,1027
1411,1047
1411,1144
1411,1150
1411,1151
1411,1157
1411,1160
1411,1172
1411,1293
1411,1316
1411,1347
1411,1350
1411,1352
1411,1359
1411,1362
1411,1365
1411,1375
1411,1381
1411,1385
1411,1406
1411,1408
1411,1416
1411,1418
1411,1420
1411,1429
1411,1437
1411,1438
1411,1451
1411,1511
1411,1623
1411,1677
1411,1679
1411,1682
1411,1684
1411,1701
1411,1845
1411,1854
1411,1880
1411,1976
1411,2044
1411,2160
1411,2171
1411,2197
1411,2242
1411,2475
1411,2487
1411,2586
1411,2621
1412,1065
1412,1074
1412,1144
1412,1151
1412,1162
1412,1373
1412,1400
1412,1438
1412,1477
1412,1479
1412,1624
1412,1683
1412,1843
1412,1848
1412,1854
1412,1864
1412,1876
1412,2042
1412,2568
1412,2691
1413,2680
1413,2692
1414,1146
1414,1866
1414,1899
1414,2693
1415,521
1415,833
1415,974
1415,1125
1415,1211
1415,1215
1415,1230
1415,1274
1415,1293
1415,1318
1415,1331
1415,1342
1415,1349
1415,1350
1415,1353
1415,1354
1415,1363
1415,1365
1415,1368
1415,1369
1415,1373
1415,1381
1415,1385
1415,1393
1415,1402
1415,1408
1415,1439
1415,1458
1415,1508
1415,1564
1415,1641
1415,1804
1415,1925
1415,1928
1415,1929
1415,1979
1415,1984
1415,2175
1415,2189
1415,2196
1415,2489
1415,2608
1416,352
1416,442
1416,516
1416,665
1416,683
1416,941
1416,952
1416,984
1416,993
1416,998
1416,1021
1416,1024
1416,1027
1416,1140
1416,1144
1416,1146
1416,1148
1416,1149
1416,1150
1416,1151
1416,1152
1416,1157
1416,1158
1416,1159
1416,1160
1416,1161
1416,1165
1416,1166
1416,1167
1416,1179
1416,1203
1416,1217
1416,1256
1416,1278
1416,1291
1416,1316
1416,1325
1416,1344
1416,1346
1416,1355
1416,1359
1416,1361
1416,1363
1416,1367
1416,1368
1416,1370
1416,1372
1416,1375
1416,1376
1416,1379
1416,1381
1416,1383
1416,1384
1416,1385
1416,1386
1416,1388
1416,1393
1416,1397
1416,1400
1416,1403
1416,1404
1416,1406
1416,1411
1416,1415
1416,1418
1416,1422
1416,1428
1416,1429
1416,1433
1416,1435
1416,1437
1416,1438
1416,1439
1416,1443
1416,1444
1416,1454
1416,1455
1416,1458
1416,1461
1416,1468
1416,1471
1416,1475
1416,1477
1416,1478
1416,1480
1416,1506
1416,1601
1416,1603
1416,1620
1416,1624
1416,1679
1416,1724
1416,1798
1416,1803
1416,1817
1416,1826
1416,1828
1416,1833
1416,1834
1416,1839
1416,1843
1416,1845
1416,1846
1416,1849
1416,1851
1416,1863
1416,1864
1416,1870
1416,1876
1416,1882
1416,1885
1416,1889
1416,1890
1416,1891
1416,1896
1416,1902
1416,1903
1416,1912
1416,1923
1416,1927
1416,1929
1416,2035
1416,2059
1416,2080
1416,2151
1416,2152
1416,2163
1416,2165
1416,2167
1416,2171
1416,2179
1416,2195
1416,2227
1416,2370
1416,2371
1416,2401
1416,2425
1416,2471
1416,2477
1416,2487
1416,2499
1416,2501
1416,2508
1416,2523
1416,2544
1416,2568
1416,2576
1416,2591
1416,2623
1416,2632
1416,2634
1416,2667
1416,2671
1416,2672
1416,2686
1416,2688
1416,2696
1416,2697
1416,2698
1416,2699
1416,2700
1417,1146
1417,1362
1417,1978
1418,1151
1418,1161
1418,1297
1418,1305
1418,1388
1418,1392
1418,1395
1418,1417
1418,1420
1418,1428
1418,1429
1418,1437
1418,1443
1418,1461
1418,1603
1418,1683
1418,1707
1418,1819
1418,1834
1418,1844
1418,1854
1418,1855
1418,1864
1418,1929
1418,1960
1418,2035
1418,2043
1418,2125
1418,2178
1418,2399
1418,2477
1418,2499
1418,2529
1418,2637
1419,1400
1419,1422
1419,1430
1419,1433
1419,1448
1419,1451
1419,1468
1419,1819
1419,1870
1419,1900
1419,2602
1420,901
1420,1027
1420,1418
1420,1859
1420,1880
1420,2703
1421,352
1421,1163
1421,1427
1421,2043
1421,2704
1422,1023
1422,1027
1422,1146
1422,1398
1422,1402
1422,1414
1422,1420
1422,1426
1422,1428
1422,1453
1422,1706
1422,1709
1422,1834
1422,1929
1422,2195
1422,2476
1422,2603
1423,2598
1423,2705
1424,442
1424,531
1424,873
1424,918
1424,942
1424,975
1424,1021
1424,1028
1424,1074
1424,1117
1424,1151
1424,1152
1424,1159
1424,1165
1424,1168
1424,1169
1424,1170
1424,1171
1424,1172
1424,1173
1424,1225
1424,1363
1424,1396
1424,1402
1424,1418
1424,1426
1424,1435
1424,1440
1424,1442
1424,1443
1424,1444
1424,1448
1424,1451
1424,1452
1424,1453
1424,1454
1424,1455
1424,1456
1424,1457
1424,1459
1424,1461
1424,1462
1424,1464
1424,1466
1424,1467
1424,1468
1424,1469
1424,1471
1424,1474
1424,1475
1424,1476
1424,1478
1424,1480
1424,1482
1424,1528
1424,1562
1424,1624
1424,1681
1424,1711
1424,1730
1424,1848
1424,1849
1424,1853
1424,1854
1424,1855
1424,1861
1424,1862
1424,1863
1424,1864
1424,1868
1424,1871
1424,1873
1424,1874
1424,1876
1424,1877
1424,1879
1424,1881
1424,1882
1424,1888
1424,1889
1424,1890
1424,1891
1424,1892
1424,1896
1424,1899
1424,1901
1424,1903
1424,1926
1424,1929
1424,1937
1424,2035
1424,2161
1424,2164
1424,2167
1424,2179
1424,2185
1424,2201
1424,2202
1424,2374
1424,2477
1424,2485
1424,2501
1424,2502
1424,2503
1424,2505
1424,2523
1424,2537
1424,2573
1424,2576
1424,2577
1424,2584
1424,2591
1424,2595
1424,2597
1424,2598
1424,2600
1424,2621
1424,2676
1424,2683
1424,2688
1424,2694
1424,2695
1424,2706
1424,2707
1424,2708
1425,802
1425,951
1425,1407
1425,1988
1425,2248
1426,1074
1426,1161
1426,1400
1426,1438
1426,1817
1426,1865
1426,2164
1426,2180
1426,2371
1426,2375
1426,2606
1427,390
1427,683
1427,1023
1427,1161
1427,1162
1427,1168
1427,1171
1427,1228
1427,1278
1427,1407
1427,1439
1427,1451
1427,1458
1427,1479
1427,1496
1427,1593
1427,1683
1427,1708
1427,1724
1427,1929
1427,2035
1427,2043
1427,2143
1427,2179
1427,2182
1427,2398
1427,2589
1427,2623
1427,2645
1428,352
1428,442
1428,1150
1428,1160
1428,1396
1428,1422
1428,1433
1428,1435
1428,1441
1428,1459
1428,1817
1428,1857
1428,1858
1428,1864
1428,1929
1428,2180
1428,2371
1428,2375
1428,2453
1428,2476
1428,2504
1428,2545
1428,2573
1428,2637
1428,2709
1429,384
1429,442
1429,648
1429,1021
1429,1150
1429,1151
1429,1153
1429,1157
1429,1169
1429,1381
1429,1384
1429,1393
1429,1395
1429,1408
1429,1418
1429,1436
1429,1437
1429,1443
1429,1847
1429,1853
1429,1864
1429,1870
1429,2095
1429,2162
1429,2164
1429,2202
1429,2544
1430,352
1430,727
1430,1150
1430,1160
1430,1161
1430,1442
1430,1448
1430,1859
1430,1870
1430,2161
1430,2197
1430,2489
1431,1148
1431,1372
1431,1684
1432,1563
1432,1592
1432,2372
1433,1428
1433,1478
1433,1480
1433,1862
1434,464
1434,791
1434,840
1434,941
1434,972
1434,1027
1434,1143
1434,1149
1434,1220
1434,1225
1434,1228
1434,1233
1434,1237
1434,1311
1434,1326
1434,1339
1434,1343
1434,1346
1434,1362
1434,1413
1434,1451
1434,1454
1434,1579
1434,1587
1434,1617
1434,1622
1434,1676
1434,1803
1434,1804
1434,1835
1434,1848
1434,1851
1434,1854
1434,1858
1434,1891
1434,1899
1434,1900
1434,2329
1434,2500
1434,2573
1434,2598
1435,975
1435,993
1435,998
1435,1140
1435,1159
1435,1165
1435,1169
1435,1171
1435,1172
1435,1379
1435,1393
1435,1421
1435,1428
1435,1442
1435,1448
1435,1450
1435,1453
1435,1454
1435,1455
1435,1461
1435,1462
1435,1465
1435,1467
1435,1470
1435,1471
1435,1475
1435,1849
1435,1862
1435,1882
1435,1884
1435,1886
1435,1892
1435,1900
1435,1917
1435,1960
1435,2057
1435,2074
1435,2154
1435,2165
1435,2167
1435,2179
1435,2185
1435,2202
1435,2477
1435,2490
1435,2501
1435,2573
1435,2585
1435,2588
1435,2621
1435,2645
1436,1437
1437,590
1437,918
1437,984
1437,1023
1437,1024
1437,1028
1437,1144
1437,1153
1437,1157
1437,1160
1437,1161
1437,1163
1437,1165
1437,1168
1437,1171
1437,1172
1437,1362
1437,1409
1437,1418
1437,1422
1437,1426
1437,1427
1437,1429
1437,1431
1437,1432
1437,1433
1437,1436
1437,1439
1437,1440
1437,1442
1437,1450
1437,1453
1437,1454
1437,1461
1437,1849
1437,1851
1437,1854
1437,1856
1437,1859
1437,1864
1437,1865
1437,1867
1437,1870
1437,1878
1437,1976
1437,2035
1437,2161
1437,2179
1437,2181
1437,2185
1437,2489
1437,2530
1437,2573
1437,2576
1437,2577
1437,2586
1437,2596
1437,2645
1437,2701
1438,833
1438,1074
1438,1402
1438,1426
1438,1452
1438,1623
1438,1851
1438,1878
1438,2375
1438,2530
1438,2606
1438,2611
1439,1157
1439,1161
1439,1179
1439,1385
1439,1402
1439,1410
1439,1414
1439,1437
1439,1438
1439,1454
1439,1468
1439,1684
1439,1834
1439,1847
1439,1854
1439,1870
1439,1929
1439,2035
1439,2397
1439,2488
1439,2677
1440,531
1440,1004
1440,1446
1440,1873
1440,2164
1440,2167
1440,2181
1440,2183
1440,2184
1440,2445
1440,2577
1440,2606
1440,2710
1440,2711
1441,1877
1441,2165
1441,2712
1442,1160
1442,1161
1442,1162
1442,1169
1442,1349
1442,1414
1442,1427
1442,1428
1442,1431
1442,1435
1442,1441
1442,1450
1442,1451
1442,1453
1442,1872
1442,1878
1442,2071
1442,2164
1442,2185
1442,2187
1442,2489
1442,2596
1442,2611
1442,2637
1443,442
1443,464
1443,516
1443,727
1443,783
1443,942
1443,952
1443,984
1443,993
1443,1027
1443,1028
1443,1047
1443,1074
1443,1144
1443,1150
1443,1151
1443,1153
1443,1157
1443,1160
1443,1161
1443,1162
1443,1163
1443,1165
1443,1166
1443,1168
1443,1170
1443,1171
1443,1173
1443,1179
1443,1225
1443,1316
1443,1343
1443,1357
1443,1368
1443,1374
1443,1376
1443,1380
1443,1381
1443,1383
1443,1384
1443,1386
1443,1388
1443,1391
1443,1398
1443,1400
1443,1402
1443,1406
1443,1408
1443,1409
1443,1411
1443,1414
1443,1416
1443,1419
1443,1426
1443,1428
1443,1430
1443,1435
1443,1438
1443,1439
1443,1440
1443,1442
1443,1444
1443,1446
1443,1448
1443,1450
1443,1451
1443,1453
1443,1458
1443,1460
1443,1461
1443,1462
1443,1475
1443,1477
1443,1480
1443,1506
1443,1511
1443,1562
1443,1603
1443,1620
1443,1625
1443,1682
1443,1683
1443,1709
1443,1803
1443,1841
1443,1843
1443,1845
1443,1849
1443,1851
1443,1858
1443,1859
1443,1861
1443,1864
1443,1870
1443,1872
1443,1874
1443,1877
1443,1882
1443,1886
1443,1889
1443,1894
1443,1897
1443,1900
1443,1902
1443,1923
1443,2072
1443,2124
1443,2153
1443,2155
1443,2164
1443,2165
1443,2173
1443,2181
1443,2197
1443,2227
1443,2318
1443,2382
1443,2425
1443,2453
1443,2489
1443,2504
1443,2508
1443,2523
1443,2544
1443,2562
1443,2573
1443,2610
1443,2611
1443,2623
1443,2637
1443,2685
1443,2714
1443,2715
1444,791
1444,1023
1444,1391
1444,1451
1444,1453
1444,1468
1444,1684
1444,1834
1444,1841
1444,1854
1444,1865
1444,2445
1444,2523
1444,2618
1444,2639
1445,1402
1445,1451
1445,2374
1445,2621
1446,1170
1446,1459
1446,1873
1446,2164
1446,2445
1446,2716
1447,2304
1447,2499
1448,1168
1448,1171
1448,1400
1448,1414
1448,1437
1448,1443
1448,1451
1448,1452
1448,1455
1448,1465
1448,1470
1448,1628
1448,1709
1448,1843
1448,1849
1448,1851
1448,1870
1448,2165
1448,2181
1448,2186
1448,2197
1448,2318
1448,2540
1448,2573
1448,2574
1448,2717
1449,189
1449,324
1449,390
1449,442
1449,452
1449,456
1449,473
1449,575
1449,578
1449,683
1449,701
1449,717
1449,744
1449,762
1449,774
1449,791
1449,809
1449,927
1449,932
1449,941
1449,962
1449,972
1449,973
1449,984
1449,1031
1449,1057
1449,1060
1449,1102
1449,1108
1449,1129
1449,1142
1449,1143
1449,1146
1449,1148
1449,1150
1449,1161
1449,1165
1449,1168
1449,1169
1449,1203
1449,1215
1449,1217
1449,1234
1449,1278
1449,1280
1449,1283
1449,1286
1449,1288
1449,1291
1449,1293
1449,1298
1449,1301
1449,1304
1449,1308
1449,1313
1449,1318
1449,1321
1449,1326
1449,1328
1449,1333
1449,1340
1449,1344
1449,1345
1449,1349
1449,1350
1449,1352
1449,1355
1449,1356
1449,1359
1449,1360
1449,1372
1449,1375
1449,1380
1449,1382
1449,1385
1449,1392
1449,1401
1449,1402
1449,1403
1449,1404
1449,1406
1449,1407
1449,1408
1449,1410
1449,1411
1449,1415
1449,1416
1449,1426
1449,1427
1449,1439
1449,1446
1449,1451
1449,1528
1449,1556
1449,1562
1449,1567
1449,1569
1449,1578
1449,1579
1449,1598
1449,1601
1449,1620
1449,1621
1449,1622
1449,1623
1449,1625
1449,1638
1449,1671
1449,1684
1449,1689
1449,1701
1449,1705
1449,1734
1449,1753
1449,1803
1449,1804
1449,1805
1449,1807
1449,1810
1449,1826
1449,1828
1449,1830
1449,1831
1449,1832
1449,1834
1449,1835
1449,1841
1449,1846
1449,1855
1449,1882
1449,1889
1449,1902
1449,1927
1449,1975
1449,2035
1449,2073
1449,2117
1449,2127
1449,2128
1449,2151
1449,2161
1449,2208
1449,2313
1449,2375
1449,2382
1449,2475
1450,1023
1450,1063
1450,1074
1450,1157
1450,1169
1450,1203
1450,1400
1450,1428
1450,1435
1450,1453
1450,1481
1450,1528
1450,1604
1450,1854
1450,2044
1450,2164
1450,2185
1450,2319
1450,2577
1450,2584
1450,2594
1450,2626
1450,2686
1450,2704
1450,2718
1450,2719
1451,833
1451,1023
1451,1146
1451,1162
1451,1170
1451,1373
1451,1444
1451,1445
1451,1448
1451,1450
1451,1453
1451,1475
1451,1511
1451,1729
1451,1834
1451,1843
1451,1844
1451,1851
1451,1876
1451,2185
1451,2373
1451,2621
1452,1172
1452,1400
1452,1448
1452,1469
1452,2202
1452,2375
1452,2490
1453,918
1453,1023
1453,1027
1453,1414
1453,1442
1453,1445
1453,1450
1453,1451
1453,1474
1453,1849
1453,1976
1453,2180
1453,2372
1453,2375
1453,2397
1453,2429
1453,2720
1454,9
1454,510
1454,1028
1454,1160
1454,1171
1454,1172
1454,1428
1454,1437
1454,1438
1454,1442
1454,1443
1454,1453
1454,1458
1454,1464
1454,1468
1454,1469
1454,1471
1454,1475
1454,1624
1454,1709
1454,1878
1454,1884
1454,1885
1454,1889
1454,1899
1454,1917
1454,2035
1454,2165
1454,2503
1454,2504
1454,2562
1454,2576
1454,2688
1454,2710
1454,2713
1455,1893
1455,2162
1455,2617
1456,1172
1456,1400
1456,1417
1456,1440
1456,1475
1456,1709
1456,2517
1456,2531
1456,2596
1456,2622
1457,1170
1457,1445
1457,2375
1458,1161
1458,1162
1458,1165
1458,1402
1458,1451
1458,1709
1458,1854
1458,1976
1458,2183
1458,2593
1458,2645
1458,2675
1459,1338
1459,1441
1459,1446
1459,1851
1459,2589
1459,2597
1460,1683
1460,2610
1460,2721
1461,130
1461,464
1461,941
1461,966
1461,969
1461,993
1461,998
1461,1142
1461,1149
1461,1150
1461,1151
1461,1165
1461,1179
1461,1221
1461,1228
1461,1294
1461,1310
1461,1316
1461,1333
1461,1334
1461,1357
1461,1363
1461,1365
1461,1366
1461,1370
1461,1372
1461,1381
1461,1388
1461,1389
1461,1402
1461,1405
1461,1406
1461,1407
1461,1411
1461,1412
1461,1416
1461,1422
1461,1437
1461,1448
1461,1477
1461,1506
1461,1507
1461,1623
1461,1625
1461,1683
1461,1696
1461,1705
1461,1822
1461,1831
1461,1834
1461,1843
1461,1846
1461,1854
1461,1864
1461,1865
1461,1870
1461,1881
1461,1884
1461,1893
1461,1903
1461,1923
1461,2161
1461,2162
1461,2182
1461,2208
1461,2375
1461,2474
1461,2501
1461,2503
1461,2570
1461,2655
1462,442
1462,1020
1462,1162
1462,1165
1462,1172
1462,1313
1462,1343
1462,1344
1462,1355
1462,1383
1462,1384
1462,1406
1462,1435
1462,1443
1462,1447
1462,1448
1462,1455
1462,1459
1462,1460
1462,1461
1462,1463
1462,1467
1462,1469
1462,1470
1462,1471
1462,1473
1462,1475
1462,1478
1462,1481
1462,1485
1462,1674
1462,1678
1462,1709
1462,1725
1462,1832
1462,1849
1462,1863
1462,1879
1462,1889
1462,1898
1462,1928
1462,2128
1462,2153
1462,2161
1462,2167
1462,2183
1462,2185
1462,2186
1462,2202
1462,2243
1462,2375
1462,2531
1462,2536
1462,2562
1462,2583
1462,2585
1462,2595
1462,2603
1462,2615
1462,2669
1462,2713
1463,1481
1463,1685
1463,1903
1464,1405
1464,1869
1464,2197
1464,2373
1465,1029
1465,1170
1465,1450
1465,1459
1465,2167
1465,2537
1465,2722
1465,2723
1466,2503
1467,510
1467,1886
1468,1077
1468,1474
1468,1683
1468,1924
1468,2590
1468,2724
1469,1683
1469,1866
1469,1882
1469,2589
1470,1448
1470,1474
1470,1683
1470,1709
1470,1871
1470,1877
1470,1879
1470,1899
1470,2202
1470,2577
1470,2590
1470,2593
1471,823
1471,1161
1471,1166
1471,1169
1471,1171
1471,1446
1471,1478
1471,1892
1471,1917
1471,2183
1471,2184
1471,2425
1471,2584
1471,2705
1472,2201
1473,2187
1473,2601
1474,1074
1474,1162
1474,1170
1474,1461
1474,1464
1474,1468
1474,1473
1474,1868
1474,2503
1474,2602
1474,2613
1474,2705
1475,1074
1475,1167
1475,1169
1475,1428
1475,1451
1475,1453
1475,1456
1475,1711
1475,1891
1475,2161
1475,2165
1475,2187
1475,2375
1475,2694
1476,1478
1477,390
1477,550
1477,568
1477,578
1477,683
1477,793
1477,802
1477,842
1477,941
1477,942
1477,984
1477,1023
1477,1047
1477,1051
1477,1074
1477,1097
1477,1150
1477,1151
1477,1157
1477,1160
1477,1162
1477,1165
1477,1179
1477,1228
1477,1272
1477,1316
1477,1360
1477,1363
1477,1373
1477,1375
1477,1376
1477,1381
1477,1386
1477,1388
1477,1391
1477,1395
1477,1398
1477,1400
1477,1402
1477,1406
1477,1407
1477,1415
1477,1416
1477,1417
1477,1418
1477,1427
1477,1435
1477,1450
1477,1506
1477,1511
1477,1562
1477,1579
1477,1601
1477,1603
1477,1604
1477,1620
1477,1623
1477,1625
1477,1728
1477,1809
1477,1813
1477,1831
1477,1834
1477,1835
1477,1842
1477,1843
1477,1845
1477,1846
1477,1847
1477,1856
1477,1857
1477,1859
1477,1860
1477,1865
1477,1881
1477,1889
1477,1917
1477,2155
1477,2164
1477,2177
1477,2196
1477,2198
1477,2227
1477,2320
1477,2372
1477,2429
1477,2476
1477,2488
1478,1471
1478,1476
1478,1683
1478,2401
1479,791
1479,993
1479,1023
1479,1027
1479,1051
1479,1151
1479,1161
1479,1165
1479,1168
1479,1225
1479,1388
1479,1391
1479,1392
1479,1397
1479,1403
1479,1405
1479,1406
1479,1415
1479,1422
1479,1428
1479,1429
1479,1435
1479,1448
1479,1451
1479,1455
1479,1458
1479,1462
1479,1463
1479,1475
1479,1478
1479,1683
1479,1849
1479,1889
1479,1917
1479,2161
1479,2162
1479,2167
1479,2174
1479,2243
1479,2372
1479,2397
1479,2489
1479,2490
1479,2575
1479,2617
1479,2645
1479,2648
1479,2655
1479,2702
1479,2710
1479,2711
1479,2725
1479,2726
1480,825
1480,1482
1480,1901
1480,2506
1480,2591
1480,2598
1480,2616
1481,1170
1481,1388
1481,1422
1481,1461
1481,1463
1481,1466
1481,1474
1481,1476
1481,1478
1481,1865
1481,1875
1481,1881
1481,1892
1481,1896
1481,1901
1481,2167
1481,2476
1481,2504
1481,2544
1481,2551
1481,2583
1481,2727
1482,1160
1482,1480
1482,2508
1482,2591
1482,2615
1483,299
1483,320
1483,433
1483,452
1483,470
1483,473
1483,729
1483,746
1483,848
1483,950
1483,972
1483,973
1483,1102
1483,1127
1483,1130
1483,1209
1483,1216
1483,1226
1483,1238
1483,1285
1483,1298
1483,1308
1483,1316
1483,1321
1483,1330
1483,1333
1483,1341
1483,1362
1483,1372
1483,1377
1483,1378
1483,1408
1483,1501
1483,1555
1483,1561
1483,1565
1483,1589
1483,1593
1483,1597
1483,1623
1483,1625
1483,1637
1483,1841
1483,2106
1483,2150
1483,2535
1483,2561
1484,211
1485,237
1485,1601
1485,1827
1485,1830
1485,2072
1486,1
1486,459
1487,2145
1487,2402
1488,110
1488,742
1489,367
1489,518
1489,853
1489,875
1490,110
1490,338
1490,367
1490,816
1490,918
1490,985
1490,1039
1490,2016
1491,388
1491,617
1491,847
1491,1990
1492,133
1492,168
1492,193
1492,228
1492,426
1492,458
1492,483
1492,486
1492,502
1492,868
1493,219
1493,301
1493,322
1493,853
1493,2021
1494,663
1495,896
1496,433
1496,540
1496,781
1496,922
1496,2728
1497,574
1497,579
1497,668
1497,947
1497,1131
1497,2015
1498,113
1498,442
1498,452
1498,499
1498,516
1498,547
1498,681
1498,703
1498,822
1498,941
1498,969
1498,1058
1498,1102
1498,1151
1498,1158
1498,1162
1498,1165
1498,1179
1498,1203
1498,1209
1498,1217
1498,1221
1498,1228
1498,1324
1498,1343
1498,1344
1498,1353
1498,1355
1498,1360
1498,1365
1498,1367
1498,1368
1498,1370
1498,1382
1498,1384
1498,1386
1498,1390
1498,1406
1498,1415
1498,1416
1498,1444
1498,1506
1498,1567
1498,1579
1498,1583
1498,1601
1498,1676
1498,1677
1498,1803
1498,1828
1498,1867
1498,2072
1498,2074
1498,2109
1498,2157
1498,2173
1498,2202
1498,2523
1498,2639
1499,1752
1500,1317
1500,1326
1500,1349
1501,588
1501,1116
1501,1274
1501,1319
1501,1333
1501,1543
1501,1975
1501,2314
1501,2644
1502,113
1502,1320
1502,1321
1502,1891
1503,874
1503,971
1503,1792
1503,2122
1503,2643
1504,561
1504,572
1504,586
1504,698
1504,870
1504,1080
1504,1224
1504,1232
1504,1233
1504,1319
1504,1320
1504,1326
1504,1543
1504,1565
1504,1572
1504,1740
1504,1801
1504,1966
1504,2225
1504,2234
1504,2295
1504,2362
1504,2628
1505,1115
1505,1315
1505,1358
1506,384
1506,516
1506,531
1506,828
1506,918
1506,969
1506,1047
1506,1143
1506,1149
1506,1151
1506,1160
1506,1316
1506,1327
1506,1341
1506,1344
1506,1351
1506,1354
1506,1370
1506,1372
1506,1375
1506,1381
1506,1382
1506,1386
1506,1403
1506,1406
1506,1409
1506,1416
1506,1461
1506,1477
1506,1590
1506,1623
1506,1834
1506,1845
1506,1846
1506,1854
1506,1927
1506,1988
1506,1989
1506,2151
1506,2243
1506,2244
1506,2686
1507,1238
1507,1346
1507,1370
1507,1565
1507,1572
1507,1573
1507,2662
1508,1365
1508,1369
1508,1677
1508,1988
1508,2122
1508,2193
1508,2471
1508,2729
1509,1375
1509,1507
1510,1021
1510,1359
1510,1365
1510,1726
1510,2125
1510,2730
1511,952
1511,971
1511,1148
1511,1157
1511,1373
1511,1375
1511,1376
1511,1395
1511,1683
1511,1684
1511,1834
1511,1843
1511,1917
1511,1929
1511,2195
1511,2412
1511,2731
1512,113
1512,1162
1512,2429
1513,115
1514,438
1514,509
1515,533
1516,211
1516,731
1516,733
1516,772
1516,1112
1516,1116
1516,2436
1517,72
1517,177
1517,206
1517,298
1517,347
1517,396
1517,406
1517,449
1517,488
1517,491
1517,522
1517,539
1517,605
1517,607
1517,617
1517,621
1517,639
1517,647
1517,651
1517,731
1517,740
1517,840
1517,847
1517,999
1517,1035
1517,1199
1517,1200
1517,2103
1518,434
1518,1037
1518,1194
1518,1650
1519,744
1519,1049
1519,1116
1519,1274
1519,1275
1519,2254
1520,54
1520,434
1520,489
1520,490
1520,499
1520,543
1520,547
1520,550
1520,554
1520,564
1520,566
1520,581
1520,607
1520,612
1520,618
1520,620
1520,654
1520,660
1520,666
1520,673
1520,676
1520,679
1520,685
1520,691
1520,694
1520,698
1520,701
1520,726
1520,744
1520,747
1520,754
1520,758
1520,759
1520,763
1520,767
1520,781
1520,790
1520,799
1520,839
1520,909
1520,926
1520,934
1520,948
1520,961
1520,1003
1520,1004
1520,1015
1520,1031
1520,1044
1520,1048
1520,1078
1520,1091
1520,1095
1520,1131
1520,1382
1520,1519
1520,1522
1520,1526
1520,1527
1520,1576
1520,1614
1520,1723
1520,1741
1520,1813
1520,1833
1520,2058
1520,2085
1520,2090
1520,2113
1520,2134
1520,2145
1520,2232
1520,2388
1520,2402
1520,2430
1520,2732
1521,4
1521,30
1521,31
1521,33
1521,36
1521,46
1521,67
1521,88
1521,92
1521,126
1521,129
1521,160
1521,221
1521,225
1521,236
1521,335
1521,363
1521,370
1521,393
1521,396
1521,446
1521,499
1521,505
1521,550
1521,552
1521,559
1521,607
1521,621
1521,647
1521,654
1521,669
1521,671
1521,675
1521,680
1521,684
1521,728
1521,730
1521,745
1521,783
1521,903
1521,997
1521,1004
1521,1015
1521,1200
1521,1261
1521,1520
1521,1627
1521,1646
1521,1652
1522,542
1522,593
1522,651
1522,756
1522,852
1522,983
1522,2257
1523,995
1523,2407
1524,217
1524,382
1524,654
1524,1039
1525,274
1525,470
1525,489
1525,660
1525,749
1525,817
1525,2006
1526,434
1526,499
1526,546
1526,618
1526,656
1526,664
1526,666
1526,668
1526,671
1526,672
1526,757
1526,909
1526,924
1526,936
1526,945
1526,1000
1526,1048
1526,1686
1526,2009
1526,2048
1527,424
1527,561
1527,568
1527,572
1527,651
1527,655
1527,680
1527,698
1527,769
1527,771
1527,772
1527,870
1527,1131
1527,1200
1527,1210
1527,1542
1527,2016
1527,2090
1527,2132
1527,2279
1527,2409
1527,2435
1528,69
1528,113
1528,152
1528,194
1528,247
1528,251
1528,272
1528,274
1528,278
1528,324
1528,390
1528,421
1528,437
1528,442
1528,464
1528,473
1528,482
1528,516
1528,568
1528,570
1528,575
1528,623
1528,628
1528,639
1528,647
1528,650
1528,653
1528,655
1528,665
1528,683
1528,702
1528,717
1528,727
1528,753
1528,781
1528,787
1528,790
1528,793
1528,802
1528,809
1528,810
1528,904
1528,916
1528,918
1528,927
1528,929
1528,941
1528,942
1528,954
1528,956
1528,972
1528,974
1528,975
1528,984
1528,993
1528,998
1528,1021
1528,1023
1528,1024
1528,1025
1528,1027
1528,1029
1528,1031
1528,1051
1528,1061
1528,1074
1528,1075
1528,1080
1528,1093
1528,1094
1528,1096
1528,1097
1528,1113
1528,1142
1528,1143
1528,1144
1528,1146
1528,1152
1528,1157
1528,1159
1528,1160
1528,1161
1528,1165
1528,1166
1528,1168
1528,1171
1528,1172
1528,1173
1528,1203
1528,1206
1528,1225
1528,1226
1528,1228
1528,1276
1528,1280
1528,1285
1528,1295
1528,1304
1528,1309
1528,1310
1528,1313
1528,1320
1528,1323
1528,1325
1528,1328
1528,1347
1528,1349
1528,1354
1528,1359
1528,1362
1528,1365
1528,1368
1528,1372
1528,1375
1528,1376
1528,1380
1528,1381
1528,1383
1528,1384
1528,1385
1528,1386
1528,1388
1528,1391
1528,1393
1528,1394
1528,1397
1528,1398
1528,1403
1528,1404
1528,1407
1528,1408
1528,1411
1528,1412
1528,1414
1528,1415
1528,1416
1528,1418
1528,1423
1528,1424
1528,1425
1528,1428
1528,1429
1528,1430
1528,1431
1528,1434
1528,1435
1528,1438
1528,1440
1528,1441
1528,1442
1528,1444
1528,1446
1528,1447
1528,1448
1528,1449
1528,1450
1528,1451
1528,1453
1528,1454
1528,1461
1528,1462
1528,1463
1528,1468
1528,1470
1528,1471
1528,1475
1528,1477
1528,1478
1528,1479
1528,1480
1528,1482
1528,1520
1528,1553
1528,1558
1528,1562
1528,1567
1528,1571
1528,1574
1528,1579
1528,1583
1528,1584
1528,1587
1528,1603
1528,1616
1528,1620
1528,1624
1528,1625
1528,1672
1528,1677
1528,1680
1528,1689
1528,1698
1528,1701
1528,1705
1528,1742
1528,1791
1528,1797
1528,1803
1528,1804
1528,1807
1528,1812
1528,1815
1528,1816
1528,1817
1528,1819
1528,1823
1528,1828
1528,1832
1528,1835
1528,1837
1528,1841
1528,1843
1528,1844
1528,1845
1528,1847
1528,1849
1528,1850
1528,1851
1528,1854
1528,1855
1528,1858
1528,1859
1528,1862
1528,1864
1528,1866
1528,1868
1528,1871
1528,1878
1528,1881
1528,1882
1528,1885
1528,1889
1528,1891
1528,1894
1528,1895
1528,1896
1528,1897
1528,1898
1528,1899
1528,1900
1528,1902
1528,1903
1528,1912
1528,1917
1528,1924
1528,1927
1528,1929
1528,1976
1528,1977
1528,2017
1528,2035
1528,2043
1528,2045
1528,2057
1528,2073
1528,2074
1528,2085
1528,2118
1528,2151
1528,2152
1528,2153
1528,2154
1528,2155
1528,2160
1528,2161
1528,2165
1528,2167
1528,2172
1528,2173
1528,2179
1528,2181
1528,2185
1528,2212
1528,2223
1528,2251
1528,2309
1528,2311
1528,2313
1528,2329
1528,2344
1528,2370
1528,2382
1528,2397
1528,2399
1528,2401
1528,2404
1528,2425
1528,2429
1528,2466
1528,2477
1528,2487
1528,2490
1528,2497
1528,2499
1528,2500
1528,2507
1528,2523
1528,2529
1528,2534
1528,2562
1528,2571
1528,2573
1528,2575
1528,2583
1528,2587
1528,2588
1528,2590
1528,2595
1528,2598
1528,2612
1528,2620
1528,2643
1528,2671
1528,2677
1528,2684
1528,2698
1528,2713
1528,2718
1528,2733
1528,2734
1528,2735
1528,2736
1528,2737
1528,2738
1528,2739
1529,285
1529,396
1529,1769
1529,2025
1529,2250
1530,277
1530,540
1530,561
1530,698
1530,726
1530,733
1530,755
1530,758
1530,922
1530,925
1530,944
1530,948
1530,1245
1530,1517
1530,1732
1530,1991
1530,2231
1531,343
1531,583
1531,639
1531,798
1531,811
1531,927
1531,1111
1531,1115
1531,1130
1531,1211
1531,1216
1531,1568
1531,1637
1531,1768
1531,1777
1531,2453
1531,2631
1531,2740
1532,217
1533,876
1533,1689
1534,130
1534,289
1534,570
1534,702
1534,819
1534,974
1534,1059
1534,1062
1534,1126
1534,1211
1534,1215
1534,1216
1534,1229
1534,1230
1534,1233
1534,1301
1534,1304
1534,1592
1534,1689
1534,1766
1534,1929
1535,9
1535,219
1535,372
1535,424
1535,668
1535,731
1535,921
1535,1611
1535,1720
1536,160
1536,296
1536,297
1536,319
1536,322
1536,423
1536,536
1536,710
1536,1253
1536,1654
1537,601
1537,610
1538,192
1538,228
1538,272
1538,323
1538,424
1538,470
1538,473
1538,540
1538,541
1538,547
1538,574
1538,650
1538,663
1538,676
1538,906
1538,936
1538,1001
1538,1048
1538,1139
1538,1313
1538,1578
1538,2004
1539,364
1539,698
1539,947
1539,1195
1539,2433
1540,562
1540,733
1540,825
1540,942
1540,1543
1540,1668
1540,2437
1541,581
1541,775
1541,1100
1541,2294
1541,2442
1542,575
1542,674
1542,769
1542,772
1542,1527
1542,2046
1543,795
1543,876
1543,942
1543,958
1543,973
1543,1060
1543,1061
1543,1094
1543,1116
1543,1130
1543,1223
1543,1227
1543,1229
1543,1233
1543,1235
1543,1274
1543,1294
1543,1302
1543,1320
1543,1321
1543,1501
1543,1504
1543,1540
1543,1565
1543,1572
1543,1573
1543,1584
1543,1966
1543,2085
1543,2437
1544,962
1545,589
1545,623
1545,717
1545,1062
1545,1105
1545,1179
1545,1274
1545,1610
1545,1690
1546,446
1546,726
1546,965
1546,1059
1547,472
1547,540
1547,564
1547,585
1547,774
1547,811
1547,819
1547,820
1547,874
1547,932
1547,961
1547,1055
1547,1059
1547,1066
1547,1104
1547,1108
1547,1154
1547,1229
1547,1693
1547,1790
1548,793
1548,811
1548,1777
1549,1693
1549,1792
1550,795
1550,1095
1550,1630
1550,2481
1551,795
1551,811
1551,874
1551,953
1551,964
1552,289
1552,537
1552,560
1552,774
1552,803
1552,825
1552,1059
1552,1066
1552,1110
1552,1114
1552,1116
1552,1123
1552,1226
1552,1229
1552,1278
1552,1557
1552,1629
1552,2189
1552,2267
1553,1563
1554,968
1554,1447
1554,1799
1554,2501
1555,343
1555,774
1555,803
1555,840
1555,953
1555,965
1555,1055
1555,1061
1555,1094
1555,1095
1555,1096
1555,1273
1555,1281
1555,1630
1555,1778
1555,1795
1555,1797
1555,1907
1555,1964
1555,2053
1555,2300
1555,2478
1556,1593
1556,1624
1556,1988
1556,2404
1556,2488
1557,951
1557,1213
1557,1552
1557,1567
1558,578
1558,699
1558,961
1558,1077
1558,1129
1558,1642
1558,2031
1559,811
1559,1777
1560,446
1560,1215
1561,463
1561,572
1561,589
1561,720
1561,744
1561,904
1561,1078
1561,1082
1561,1110
1561,1173
1561,1211
1561,1215
1561,1222
1561,1227
1561,1229
1561,1233
1561,1234
1561,1272
1561,1274
1561,1300
1561,1334
1561,1355
1561,1568
1561,1962
1561,1989
1561,2254
1562,274
1562,727
1562,1021
1562,1023
1562,1150
1562,1151
1562,1152
1562,1157
1562,1161
1562,1165
1562,1168
1562,1169
1562,1225
1562,1300
1562,1313
1562,1322
1562,1343
1562,1344
1562,1380
1562,1381
1562,1384
1562,1400
1562,1407
1562,1412
1562,1414
1562,1417
1562,1422
1562,1428
1562,1429
1562,1430
1562,1431
1562,1435
1562,1439
1562,1443
1562,1448
1562,1450
1562,1453
1562,1458
1562,1464
1562,1470
1562,1481
1562,1511
1562,1559
1562,1604
1562,1625
1562,1849
1562,1851
1562,1856
1562,1864
1562,1870
1562,1878
1562,1881
1562,1888
1562,1889
1562,1892
1562,1896
1562,1917
1562,1924
1562,1929
1562,2035
1562,2044
1562,2161
1562,2164
1562,2185
1562,2373
1562,2475
1562,2584
1562,2585
1562,2591
1562,2603
1562,2611
1562,2645
1562,2685
1562,2704
1562,2735
1562,2741
1562,2742
1563,699
1563,1211
1563,1215
1563,1432
1563,1553
1563,1571
1563,1766
1563,2254
1564,472
1564,772
1564,1049
1564,1076
1564,1080
1564,1211
1564,1217
1564,1289
1564,1293
1564,1642
1564,2084
1564,2148
1564,2149
1564,2209
1564,2305
1565,54
1565,463
1565,566
1565,687
1565,698
1565,779
1565,840
1565,963
1565,972
1565,1060
1565,1079
1565,1116
1565,1127
1565,1209
1565,1229
1565,1231
1565,1233
1565,1285
1565,1304
1565,1318
1565,1321
1565,1334
1565,1335
1565,1369
1565,1507
1565,1543
1565,1557
1565,1571
1565,1572
1565,1573
1565,1586
1565,1594
1565,1636
1565,1638
1565,1672
1565,1705
1565,1804
1565,1854
1565,1965
1565,2255
1565,2314
1565,2383
1565,2404
1565,2467
1565,2653
1566,1223
1566,2330
1566,2402
1567,655
1567,809
1567,1049
1567,1062
1567,1080
1567,1111
1567,1234
1567,1278
1567,1282
1567,1285
1567,1299
1567,1300
1567,1302
1567,1304
1567,1367
1567,1557
1567,1588
1567,1622
1567,1635
1567,1689
1567,1699
1567,1916
1567,1938
1567,1989
1567,2204
1567,2270
1568,136
1568,364
1568,572
1568,653
1568,669
1568,731
1568,772
1568,786
1568,822
1568,825
1568,925
1568,1062
1568,1066
1568,1077
1568,1080
1568,1115
1568,1119
1568,1211
1568,1229
1568,1234
1568,1302
1568,1531
1568,1561
1568,1563
1568,2117
1569,333
1569,364
1569,733
1569,948
1569,1001
1569,2106
1570,1232
1571,136
1571,653
1571,819
1571,953
1571,961
1571,1103
1571,1116
1571,1117
1571,1229
1571,1274
1571,1563
1571,1565
1571,1572
1571,1573
1571,1783
1571,1801
1571,1967
1571,1968
1571,2147
1571,2313
1571,2444
1572,655
1572,681
1572,768
1572,779
1572,815
1572,840
1572,870
1572,950
1572,1060
1572,1103
1572,1111
1572,1116
1572,1209
1572,1216
1572,1231
1572,1232
1572,1233
1572,1274
1572,1301
1572,1304
1572,1306
1572,1313
1572,1320
1572,1321
1572,1334
1572,1504
1572,1507
1572,1543
1572,1565
1572,1571
1572,1573
1572,1586
1572,1637
1572,1638
1572,1673
1572,1854
1572,1946
1572,1962
1572,1965
1572,1966
1572,2286
1572,2314
1572,2353
1572,2383
1572,2404
1572,2467
1572,2628
1572,2644
1573,655
1573,699
1573,840
1573,870
1573,1060
1573,1116
1573,1117
1573,1209
1573,1216
1573,1231
1573,1232
1573,1233
1573,1235
1573,1274
1573,1301
1573,1304
1573,1306
1573,1313
1573,1317
1573,1321
1573,1334
1573,1507
1573,1565
1573,1571
1573,1572
1573,1586
1573,1637
1573,1638
1573,1672
1573,1673
1573,1705
1573,1854
1573,1962
1573,1965
1573,1966
1573,1989
1573,2211
1573,2286
1573,2314
1573,2353
1573,2381
1573,2383
1573,2403
1573,2467
1573,2549
1574,733
1574,968
1575,239
1576,893
1576,1732
1577,827
1577,938
1577,1686
1578,218
1578,364
1578,406
1578,567
1578,575
1578,590
1578,717
1578,772
1578,875
1578,951
1578,953
1578,959
1578,1114
1578,1115
1578,1211
1578,1216
1578,1219
1578,1288
1578,1293
1578,1587
1578,1619
1578,1720
1578,1916
1578,2189
1578,2190
1578,2278
1578,2409
1579,516
1579,1027
1579,1110
1579,1160
1579,1318
1579,1398
1579,1402
1579,1406
1579,1477
1579,1528
1579,1684
1579,1701
1579,1705
1579,1823
1579,1846
1579,1853
1579,1889
1579,1917
1579,1924
1579,2488
1579,2588
1580,472
1580,588
1580,589
1580,653
1580,683
1580,800
1580,803
1580,1062
1580,1077
1580,1096
1580,1102
1580,1122
1580,1129
1580,1130
1580,1211
1580,1226
1580,1269
1580,1278
1580,1288
1580,1292
1580,1332
1580,1336
1580,1584
1580,1619
1580,1633
1580,1671
1580,2462
1581,543
1581,564
1581,583
1581,586
1581,701
1581,782
1581,789
1581,794
1581,801
1581,904
1581,916
1581,951
1581,954
1581,1913
1581,1943
1581,2045
1581,2054
1581,2157
1581,2224
1581,2251
1581,2283
1581,2567
1582,586
1582,927
1582,974
1582,1060
1582,1066
1582,1122
1582,1125
1582,1126
1582,1213
1582,1214
1582,1289
1582,1689
1582,2063
1583,236
1583,352
1583,640
1583,683
1583,762
1583,819
1583,942
1583,993
1583,1047
1583,1074
1583,1152
1583,1157
1583,1161
1583,1224
1583,1288
1583,1353
1583,1358
1583,1360
1583,1383
1583,1406
1583,1415
1583,1428
1583,1429
1583,1443
1583,1447
1583,1450
1583,1479
1583,1506
1583,1528
1583,1591
1583,1603
1583,1677
1583,1684
1583,1698
1583,1813
1583,1878
1583,1889
1583,1986
1583,2076
1583,2084
1583,2154
1583,2162
1583,2164
1583,2185
1583,2341
1583,2499
1583,2508
1583,2538
1583,2562
1583,2742
1584,906
1584,940
1584,1213
1584,1278
1584,1543
1584,1580
1584,1636
1584,1967
1584,2326
1584,2332
1585,136
1585,817
1585,1344
1585,1389
1585,1704
1585,2173
1585,2195
1585,2399
1586,136
1586,1306
1586,1572
1586,1573
1586,2381
1587,2493
1588,289
1588,320
1588,516
1588,655
1588,702
1588,753
1588,762
1588,809
1588,870
1588,1078
1588,1081
1588,1103
1588,1116
1588,1215
1588,1223
1588,1227
1588,1230
1588,1232
1588,1274
1588,1285
1588,1294
1588,1297
1588,1298
1588,1300
1588,1301
1588,1302
1588,1315
1588,1316
1588,1367
1588,1567
1588,1570
1588,1624
1588,1636
1588,1766
1588,1947
1588,1967
1588,2441
1588,2483
1588,2557
1588,2743
1589,343
1589,1128
1589,1210
1589,1224
1589,1232
1589,1233
1589,1315
1589,1335
1589,2351
1590,1209
1590,1227
1590,1338
1590,1367
1590,1568
1590,1593
1590,1805
1590,2447
1591,136
1591,356
1591,397
1591,652
1591,941
1591,959
1591,972
1591,1060
1591,1139
1591,1148
1591,1311
1591,1313
1591,1333
1591,1583
1591,1672
1591,2127
1592,136
1592,590
1592,655
1592,762
1592,870
1592,950
1592,1143
1592,1211
1592,1216
1592,1223
1592,1232
1592,1274
1592,1286
1592,1319
1592,1322
1592,1324
1592,1338
1592,1369
1592,1432
1592,1534
1592,1589
1592,1621
1592,1638
1592,1704
1592,1774
1592,1804
1592,2119
1592,2314
1592,2353
1592,2403
1592,2421
1593,1621
1593,2353
1594,570
1594,572
1594,608
1594,786
1594,801
1594,822
1594,825
1594,1053
1594,1080
1594,1130
1594,1209
1594,1212
1594,1313
1594,1565
1594,1672
1594,1948
1594,1966
1594,1967
1594,2330
1594,2471
1595,1333
1595,1676
1596,1335
1596,1432
1596,2062
1596,2313
1597,452
1597,941
1597,1047
1597,1143
1597,1284
1597,1318
1597,1328
1597,1332
1597,1334
1597,1341
1597,1344
1597,1346
1597,1369
1597,1383
1597,1404
1597,1407
1597,1410
1597,1461
1597,1483
1597,1596
1597,1677
1597,1682
1597,1753
1597,1979
1597,2128
1597,2320
1597,2470
1598,818
1598,1141
1598,1312
1598,1318
1598,1704
1598,1967
1598,2478
1599,136
1599,699
1599,1596
1599,2120
1600,136
1600,548
1600,818
1600,969
1600,970
1600,1047
1600,1060
1600,1094
1600,1148
1600,1236
1600,1280
1600,1303
1600,1309
1600,1318
1600,1322
1600,1326
1600,1329
1600,1332
1600,1333
1600,1338
1600,1339
1600,1341
1600,1345
1600,1356
1600,1366
1600,1571
1600,1589
1600,1672
1600,1676
1600,1705
1600,1800
1600,1803
1600,1965
1600,1967
1600,1985
1600,2087
1600,2120
1600,2413
1601,442
1601,640
1601,952
1601,1148
1601,1165
1601,1344
1601,1359
1601,1361
1601,1363
1601,1368
1601,1372
1601,1376
1601,1402
1601,1404
1601,1425
1601,1443
1601,1462
1601,1477
1601,1485
1601,1507
1601,1602
1601,1624
1601,1726
1601,1828
1601,1830
1601,1833
1601,1834
1601,1841
1601,1989
1601,2059
1601,2072
1601,2187
1601,2195
1601,2243
1601,2312
1601,2470
1601,2528
1601,2632
1601,2667
1601,2737
1602,1342
1602,1359
1602,1724
1602,1925
1602,2128
1603,653
1603,683
1603,780
1603,1110
1603,1130
1603,1211
1603,1276
1603,1318
1603,1379
1603,1407
1603,1635
1603,1684
1603,1819
1603,2202
1604,665
1604,1145
1604,1359
1604,1362
1604,1398
1604,1450
1604,1507
1604,1815
1604,1833
1604,1835
1604,1855
1604,2429
1604,2562
1604,2570
1605,157
1605,303
1606,0
1606,191
1606,332
1606,459
1606,727
1606,2092
1607,108
1607,195
1607,339
1607,377
1607,483
1607,500
1607,523
1607,1041
1607,2169
1608,140
1608,211
1608,242
1608,250
1608,852
1609,145
1609,385
1609,420
1609,421
1609,492
1609,505
1609,1189
1609,1775
1609,1940
1610,145
1610,151
1610,356
1610,456
1610,555
1610,570
1610,573
1610,575
1610,589
1610,653
1610,683
1610,702
1610,703
1610,717
1610,731
1610,744
1610,762
1610,776
1610,792
1610,819
1610,840
1610,845
1610,954
1610,962
1610,1078
1610,1080
1610,1109
1610,1138
1610,1182
1610,1296
1610,1545
1610,1698
1610,1953
1610,2074
1610,2084
1610,2240
1610,2249
1610,2308
1610,2404
1611,1088
1611,1535
1612,614
1613,302
1613,903
1614,299
1614,337
1614,541
1614,547
1614,650
1614,752
1614,908
1615,364
1615,654
1615,672
1615,744
1615,880
1615,939
1615,945
1615,947
1615,1006
1615,1742
1615,2013
1616,251
1616,363
1616,516
1616,652
1616,762
1616,893
1616,904
1616,934
1616,941
1616,1150
1616,1371
1616,1375
1616,1395
1616,1510
1616,1676
1616,1679
1616,1843
1616,2081
1617,146
1617,726
1617,818
1617,1139
1617,1209
1617,1215
1617,1234
1617,1810
1617,1837
1617,1986
1618,1066
1618,1111
1618,1127
1618,1282
1619,803
1619,1066
1619,1206
1619,1213
1619,1580
1619,1961
1620,516
1620,918
1620,1099
1620,1149
1620,1150
1620,1151
1620,1160
1620,1162
1620,1325
1620,1362
1620,1383
1620,1386
1620,1389
1620,1398
1620,1410
1620,1416
1620,1528
1620,1603
1620,1814
1620,1826
1620,1845
1620,1855
1620,1870
1620,1902
1620,2176
1620,2453
1620,2462
1620,2672
1621,779
1621,1216
1621,1308
1621,1333
1621,1335
1621,1592
1621,1593
1621,1802
1621,2744
1622,390
1622,464
1622,472
1622,786
1622,822
1622,840
1622,842
1622,925
1622,942
1622,950
1622,953
1622,966
1622,1027
1622,1065
1622,1080
1622,1107
1622,1121
1622,1127
1622,1141
1622,1163
1622,1203
1622,1209
1622,1211
1622,1226
1622,1238
1622,1287
1622,1293
1622,1294
1622,1304
1622,1305
1622,1308
1622,1326
1622,1332
1622,1333
1622,1334
1622,1346
1622,1354
1622,1356
1622,1364
1622,1381
1622,1406
1622,1412
1622,1416
1622,1434
1622,1567
1622,1584
1622,1590
1622,1592
1622,1803
1622,1804
1622,1806
1622,1876
1622,1987
1622,2073
1622,2119
1622,2154
1622,2160
1622,2208
1622,2314
1622,2329
1622,2412
1622,2642
1623,1236
1623,1375
1623,1640
1623,1807
1623,2192
1623,2318
1624,516
1624,828
1624,969
1624,1165
1624,1280
1624,1341
1624,1346
1624,1347
1624,1353
1624,1355
1624,1366
1624,1404
1624,1588
1624,1636
1624,1694
1624,1807
1624,1927
1624,1988
1624,2122
1624,2471
1624,2569
1624,2655
1625,171
1625,442
1625,473
1625,828
1625,927
1625,942
1625,1031
1625,1057
1625,1094
1625,1121
1625,1150
1625,1160
1625,1221
1625,1237
1625,1288
1625,1304
1625,1314
1625,1326
1625,1383
1625,1384
1625,1385
1625,1388
1625,1389
1625,1406
1625,1430
1625,1435
1625,1449
1625,1456
1625,1461
1625,1474
1625,1478
1625,1528
1625,1676
1625,1697
1625,1801
1625,1804
1625,1821
1625,1822
1625,1845
1625,1846
1625,1848
1625,1854
1625,1864
1625,1881
1625,1887
1625,1888
1625,1891
1625,1892
1625,1898
1625,1899
1625,1923
1625,1928
1625,1929
1625,1988
1625,2121
1625,2126
1625,2160
1625,2161
1625,2171
1625,2183
1625,2184
1625,2192
1625,2199
1625,2288
1625,2355
1625,2375
1625,2401
1625,2429
1625,2503
1625,2538
1625,2590
1625,2625
1625,2745
1626,396
1627,249
1627,923
1627,999
1627,2532
1628,1474
1629,1552
1629,1789
1630,795
1630,808
1630,874
1630,1104
1630,1550
1631,680
1632,1064
1632,1552
1632,1637
1633,333
1633,521
1633,731
1633,763
1633,800
1633,1095
1633,1101
1633,1107
1633,1213
1633,1235
1633,1282
1633,1284
1633,1580
1633,1637
1633,1642
1633,1699
1633,2061
1634,1077
1634,1907
1634,2460
1635,963
1635,965
1635,1075
1635,1214
1635,1272
1635,1285
1636,717
1636,772
1636,927
1636,941
1636,1094
1636,1113
1636,1129
1636,1148
1636,1213
1636,1214
1636,1216
1636,1219
1636,1223
1636,1224
1636,1226
1636,1230
1636,1233
1636,1235
1636,1293
1636,1313
1636,1318
1636,1319
1636,1332
1636,1339
1636,1355
1636,1366
1636,1557
1636,1565
1636,1582
1636,1584
1636,1588
1636,1624
1636,1673
1636,1801
1636,1804
1636,1902
1636,1927
1636,1929
1636,2117
1636,2202
1636,2312
1636,2343
1637,320
1637,538
1637,566
1637,572
1637,588
1637,634
1637,685
1637,720
1637,810
1637,811
1637,812
1637,818
1637,825
1637,870
1637,874
1637,973
1637,1061
1637,1104
1637,1209
1637,1224
1637,1232
1637,1233
1637,1235
1637,1279
1637,1303
1637,1308
1637,1315
1637,1321
1637,1531
1637,1552
1637,1572
1637,1573
1637,1632
1637,1633
1637,1634
1637,1702
1637,1968
1637,2027
1637,2053
1637,2061
1637,2234
1637,2369
1637,2560
1637,2633
1637,2746
1638,1060
1638,1386
1638,1572
1638,1573
1639,394
1639,1115
1640,1404
1640,1623
1641,394
1641,1010
1641,1145
1641,1238
1641,1311
1641,1507
1641,1624
1641,1681
1641,2122
1642,563
1642,576
1642,579
1642,743
1642,870
1642,954
1642,1066
1642,1075
1642,1101
1642,1116
1642,1121
1642,1124
1642,1204
1642,1211
1642,1214
1642,1218
1642,1238
1642,1274
1642,1293
1642,1329
1642,1332
1642,1333
1642,1349
1642,1558
1642,1564
1642,1633
1642,1638
1642,1647
1642,1678
1642,1801
1642,2222
1642,2317
1642,2395
1642,2543
1642,2667
1642,2668
1643,152
1643,219
1643,276
1643,277
1643,322
1643,340
1643,423
1643,425
1643,602
1643,609
1643,610
1643,710
1643,802
1643,898
1643,1068
1643,1187
1643,1942
1644,1911
1645,152
1645,640
1645,743
1646,228
1646,236
1646,345
1646,570
1646,593
1646,645
1646,731
1646,1521
1647,375
1647,437
1647,562
1647,569
1647,572
1647,575
1647,583
1647,1098
1647,1101
1647,1642
1647,1681
1647,1777
1647,1788
1647,2275
1647,2329
1647,2423
1648,490
1649,309
1649,432
1649,1233
1649,2747
1650,158
1650,274
1650,345
1650,454
1650,547
1650,554
1650,725
1650,758
1650,781
1650,921
1650,994
1650,1003
1650,1015
1650,1518
1650,1753
1651,582
1651,584
1651,701
1651,1040
1651,2084
1651,2313
1652,158
1652,546
1652,757
1652,758
1652,784
1652,830
1653,501
1653,2748
1654,206
1655,159
1655,281
1655,430
1655,615
1655,742
1655,848
1655,853
1655,1185
1655,1188
1655,1910
1656,847
1657,151
1657,159
1657,260
1657,300
1657,356
1657,501
1657,561
1657,636
1657,649
1657,802
1657,1247
1657,1718
1658,640
1659,923
1659,1526
1659,2097
1660,239
1660,448
1660,467
1661,10
1661,161
1661,205
1661,236
1661,242
1661,339
1661,342
1661,382
1661,412
1661,482
1661,503
1661,518
1661,609
1661,745
1661,849
1661,908
1661,917
1661,1191
1662,153
1662,211
1662,233
1663,143
1663,168
1663,188
1663,228
1663,348
1663,500
1663,522
1663,558
1663,561
1663,610
1663,1131
1664,161
1664,349
1664,350
1664,498
1664,859
1665,352
1665,380
1665,382
1665,421
1665,493
1665,501
1665,1180
1666,420
1667,299
1667,309
1667,371
1667,382
1667,527
1667,654
1667,738
1667,1136
1668,990
1668,992
1669,217
1669,556
1669,907
1669,908
1669,991
1669,1199
1670,768
1670,1213
1670,1217
1670,1504
1670,2239
1671,674
1671,1057
1671,2026
1672,192
1672,268
1672,275
1672,313
1672,417
1672,420
1672,429
1672,516
1672,604
1672,650
1672,655
1672,847
1672,857
1672,973
1672,1057
1672,1060
1672,1235
1672,1247
1672,1285
1672,1293
1672,1319
1672,1565
1672,1573
1672,1591
1672,1594
1672,1600
1672,1704
1672,1805
1672,1967
1672,1968
1672,2120
1672,2122
1672,2146
1672,2638
1672,2644
1673,1274
1673,1321
1673,1572
1673,1573
1673,2286
1673,2353
1674,136
1674,923
1674,927
1674,1028
1674,1157
1674,1162
1674,1390
1674,1400
1674,1437
1674,1459
1674,1462
1674,1676
1674,1683
1674,1709
1674,1817
1674,2043
1674,2374
1674,2568
1674,2615
1674,2721
1674,2749
1675,211
1675,895
1676,464
1676,1062
1676,1231
1676,1285
1676,1286
1676,1300
1676,1317
1676,1323
1676,1338
1676,1346
1676,1347
1676,1349
1676,1353
1676,1596
1676,1600
1676,1625
1676,1678
1676,1705
1676,1908
1676,2122
1676,2459
1676,2493
1676,2525
1677,464
1677,818
1677,971
1677,1029
1677,1110
1677,1142
1677,1143
1677,1280
1677,1316
1677,1350
1677,1352
1677,1381
1677,1390
1677,1408
1677,1508
1677,1556
1677,1579
1677,1598
1677,1623
1677,1633
1677,1804
1677,1812
1677,1832
1677,1847
1677,2119
1677,2126
1677,2241
1677,2320
1677,2413
1677,2500
1677,2750
1678,247
1678,588
1678,1093
1678,1311
1678,1335
1678,1338
1678,1350
1678,1352
1678,1375
1678,1462
1678,1638
1678,1642
1678,1676
1678,2067
1678,2459
1678,2527
1678,2669
1679,516
1679,1365
1679,1376
1679,1385
1679,1411
1679,1416
1679,1616
1679,1689
1679,1826
1679,1827
1679,2152
1679,2172
1679,2195
1679,2202
1680,589
1680,1334
1680,1347
1680,1370
1680,1375
1680,1528
1680,1543
1680,1676
1680,1804
1680,2109
1680,2128
1680,2153
1680,2212
1680,2671
1681,152
1681,554
1681,758
1681,781
1681,785
1681,789
1681,1321
1681,1424
1681,1638
1681,1647
1681,1724
1681,2109
1681,2128
1681,2141
1681,2151
1681,2286
1681,2746
1682,1146
1682,1316
1682,1386
1682,1684
1682,2487
1682,2659
1683,993
1683,1023
1683,1160
1683,1383
1683,1393
1683,1412
1683,1433
1683,1443
1683,1460
1683,1461
1683,1468
1683,1469
1683,1470
1683,1478
1683,1511
1683,1813
1683,1840
1683,1861
1683,1864
1683,1887
1683,1888
1683,2167
1683,2491
1683,2530
1683,2589
1683,2700
1683,2751
1684,1376
1684,1385
1684,1511
1684,1752
1684,1834
1684,1835
1685,1463
1686,663
1686,1577
1686,2284
1687,0
1688,2013
1689,274
1689,559
1689,575
1689,805
1689,823
1689,1061
1689,1123
1689,1293
1689,2390
1689,2439
1689,2462
1690,548
1690,573
1690,583
1690,1062
1690,1109
1690,1138
1690,1190
1690,1200
1690,1269
1690,1348
1690,1545
1690,2299
1691,584
1691,767
1691,963
1691,1053
1691,1056
1691,1061
1691,1206
1691,1233
1691,1819
1691,2306
1692,551
1692,623
1692,647
1692,678
1692,778
1692,830
1692,908
1692,923
1692,1013
1692,1043
1692,1496
1692,2189
1693,414
1693,463
1693,601
1693,620
1693,633
1693,684
1693,698
1693,700
1693,731
1693,939
1693,983
1693,1100
1693,1247
1693,1272
1693,1293
1693,1549
1693,1907
1693,1956
1693,1973
1693,1982
1693,2027
1693,2054
1693,2060
1693,2306
1693,2327
1694,1624
1695,825
1696,620
1696,927
1696,951
1696,1111
1696,1112
1696,1122
1696,1299
1696,1555
1696,1801
1696,2085
1696,2482
1696,2548
1697,1054
1697,1299
1697,1696
1697,1752
1698,572
1698,753
1698,809
1698,1797
1699,623
1699,809
1699,1210
1699,1693
1699,1964
1699,1967
1699,1984
1699,2086
1699,2460
1700,1752
1701,442
1701,487
1701,984
1701,993
1701,1027
1701,1144
1701,1211
1701,1343
1701,1353
1701,1368
1701,1373
1701,1376
1701,1382
1701,1389
1701,1392
1701,1407
1701,1415
1701,1416
1701,1449
1701,1528
1701,1579
1701,1603
1701,1625
1701,1636
1701,1803
1701,1833
1701,1841
1701,2072
1701,2125
1701,2128
1701,2197
1701,2245
1702,384
1702,951
1702,963
1702,1229
1702,1274
1702,1285
1702,1332
1702,1637
1702,1989
1703,1078
1704,588
1704,959
1704,973
1704,1116
1704,1121
1704,1235
1704,1274
1704,1539
1704,1592
1704,1598
1704,1638
1704,1672
1704,2051
1704,2278
1705,779
1705,1060
1705,1116
1705,1179
1705,1206
1705,1225
1705,1228
1705,1274
1705,1318
1705,1320
1705,1321
1705,1322
1705,1355
1705,1369
1705,1372
1705,1461
1705,1565
1705,1573
1705,1600
1705,1676
1705,2076
1705,2208
1705,2652
1706,1388
1706,2529
1706,2684
1707,1418
1707,2698
1708,1023
1708,1362
1708,1798
1708,2043
1708,2698
1708,2702
1709,1167
1709,1422
1709,1817
1709,1851
1709,1882
1709,2057
1709,2162
1709,2286
1709,2600
1710,2227
1711,1448
1711,1476
1711,1478
1711,1481
1711,1865
1711,1896
1711,1898
1711,2167
1711,2503
1711,2584
1711,2590
1711,2612
1711,2625
1711,2723
1712,283
1712,405
1712,446
1712,518
1712,2206
1713,551
1713,756
1713,758
1713,1014
1714,183
1714,190
1715,184
1715,208
1715,268
1715,426
1715,448
1716,438
1716,580
1716,605
1716,608
1716,668
1716,671
1716,795
1716,820
1716,954
1716,956
1716,974
1716,1226
1717,420
1717,741
1717,742
1717,2748
1718,103
1718,159
1718,217
1718,219
1718,260
1718,299
1718,356
1718,374
1718,449
1718,504
1718,598
1718,634
1718,898
1718,1060
1718,1247
1718,1261
1718,1657
1719,0
1719,340
1719,380
1719,556
1719,902
1719,1188
1720,540
1720,574
1720,654
1720,661
1720,675
1720,756
1720,875
1720,925
1721,239
1721,546
1721,550
1721,552
1721,654
1721,659
1721,666
1721,759
1721,1043
1721,1768
1722,192
1722,1258
1723,192
1723,364
1723,437
1723,446
1723,572
1723,668
1723,680
1723,685
1723,692
1723,767
1723,785
1723,908
1723,925
1723,935
1723,983
1723,1058
1723,1148
1723,1195
1723,1520
1723,1809
1723,1991
1723,2337
1724,1061
1724,1143
1724,1231
1724,1312
1724,1346
1724,1352
1724,1369
1724,1427
1724,1602
1724,1623
1724,1681
1724,1866
1724,1988
1724,2128
1724,2668
1725,61
1725,68
1725,415
1725,450
1725,510
1725,541
1725,1094
1725,1123
1725,1142
1725,1143
1725,1145
1725,1219
1725,1316
1725,1347
1725,1352
1725,1369
1725,1765
1725,1810
1725,1976
1725,1982
1725,2122
1725,2193
1725,2231
1725,2309
1725,2570
1726,1341
1726,1365
1726,1410
1726,1510
1726,1728
1727,192
1727,763
1727,1304
1727,1332
1727,1509
1727,2113
1728,791
1728,1359
1728,1363
1728,1509
1728,1726
1728,1925
1728,1928
1728,2172
1728,2370
1729,1451
1729,2659
1730,1960
1731,61
1731,193
1731,347
1731,361
1731,364
1731,400
1731,482
1731,489
1731,547
1731,636
1731,662
1731,665
1731,670
1731,675
1731,676
1731,715
1731,733
1731,744
1731,745
1731,752
1731,757
1731,758
1731,768
1731,784
1731,934
1731,936
1731,945
1731,982
1731,1004
1731,1010
1731,1089
1731,1190
1731,1364
1731,1732
1731,1741
1731,1742
1731,1743
1731,1776
1731,1781
1731,2005
1731,2057
1731,2082
1731,2136
1732,193
1732,446
1732,540
1732,543
1732,549
1732,564
1732,572
1732,601
1732,618
1732,655
1732,658
1732,663
1732,666
1732,675
1732,676
1732,736
1732,758
1732,759
1732,863
1732,909
1732,927
1732,933
1732,934
1732,936
1732,945
1732,1013
1732,1131
1732,1195
1732,1526
1732,1530
1732,1576
1732,1731
1732,1782
1732,1915
1732,1943
1732,2033
1732,2138
1732,2276
1732,2387
1733,193
1733,489
1733,537
1733,666
1733,669
1733,733
1733,741
1733,761
1733,768
1733,863
1733,931
1733,943
1733,978
1733,1013
1733,1065
1733,1195
1733,1950
1733,2011
1733,2237
1733,2353
1734,193
1734,561
1734,666
1734,683
1734,702
1734,764
1734,1195
1734,1449
1734,1820
1734,2046
1734,2232
1735,193
1735,236
1735,570
1735,698
1735,763
1735,796
1735,817
1735,939
1735,1591
1735,2111
1736,378
1737,195
1737,420
1737,495
1738,195
1738,1607
1739,72
1740,262
1740,423
1740,586
1740,1066
1740,1095
1740,1113
1740,1124
1740,1188
1740,1211
1740,1215
1740,1236
1740,1238
1740,1584
1740,1702
1740,1801
1740,2306
1740,2340
1740,2342
1740,2520
1741,54
1741,343
1741,463
1741,489
1741,541
1741,548
1741,552
1741,560
1741,561
1741,565
1741,570
1741,583
1741,584
1741,586
1741,639
1741,669
1741,682
1741,691
1741,697
1741,698
1741,733
1741,747
1741,770
1741,772
1741,773
1741,782
1741,787
1741,790
1741,814
1741,874
1741,876
1741,917
1741,925
1741,942
1741,953
1741,957
1741,961
1741,1055
1741,1059
1741,1104
1741,1216
1741,1265
1741,1271
1741,1272
1741,1278
1741,1527
1741,1552
1741,1630
1741,1632
1741,1691
1741,1733
1741,1913
1741,1964
1741,2027
1741,2394
1741,2478
1742,470
1742,499
1742,543
1742,606
1742,659
1742,660
1742,666
1742,669
1742,670
1742,673
1742,678
1742,733
1742,745
1742,764
1742,765
1742,838
1742,880
1742,906
1742,928
1742,1008
1742,1010
1742,1013
1742,1091
1742,1615
1742,1731
1742,2335
1743,551
1743,675
1743,687
1743,731
1743,797
1743,923
1743,924
1743,936
1743,1013
1743,1088
1743,1731
1743,2012
1744,199
1744,418
1744,448
1744,450
1744,523
1745,155
1746,203
1746,222
1746,250
1746,361
1746,729
1746,1017
1746,1132
1747,757
1748,51
1748,118
1748,211
1748,467
1749,211
1749,313
1749,344
1749,444
1749,533
1750,63
1750,211
1750,628
1750,1715
1751,566
1752,825
1752,963
1752,1056
1752,1066
1752,1076
1752,1080
1752,1118
1752,1212
1752,1215
1752,1216
1752,1220
1752,1223
1752,1299
1752,1301
1752,1499
1752,1684
1752,1697
1752,1700
1752,1777
1752,1908
1752,1946
1752,1964
1752,2330
1752,2402
1752,2493
1752,2550
1752,2628
1752,2753
1753,217
1753,219
1753,340
1753,390
1753,394
1753,452
1753,758
1753,802
1753,889
1753,1065
1753,1102
1753,1141
1753,1151
1753,1152
1753,1162
1753,1206
1753,1264
1753,1314
1753,1324
1753,1329
1753,1333
1753,1340
1753,1341
1753,1343
1753,1344
1753,1348
1753,1353
1753,1354
1753,1372
1753,1382
1753,1383
1753,1392
1753,1406
1753,1414
1753,1415
1753,1425
1753,1450
1753,1453
1753,1483
1753,1583
1753,1590
1753,1592
1753,1620
1753,1623
1753,1705
1753,1723
1753,1814
1753,1841
1753,1902
1753,1912
1753,1924
1753,1965
1753,1986
1753,1989
1753,2035
1753,2071
1753,2173
1753,2179
1753,2400
1753,2470
1753,2564
1753,2570
1753,2657
1754,217
1754,523
1754,541
1754,742
1754,871
1754,1254
1754,2060
1755,217
1755,745
1755,827
1755,848
1755,923
1755,1764
1756,610
1756,710
1756,1069
1756,1071
1757,220
1758,220
1758,411
1758,415
1758,450
1758,594
1759,224
1760,273
1761,299
1761,605
1761,691
1761,848
1762,232
1763,908
1764,299
1764,367
1764,556
1764,601
1764,663
1764,731
1764,742
1764,903
1764,1194
1764,1240
1765,230
1765,232
1765,491
1765,498
1765,557
1765,1033
1765,1725
1766,711
1766,1062
1766,1080
1766,1222
1766,1293
1766,1531
1766,1534
1766,1563
1766,1588
1767,239
1767,546
1767,552
1767,654
1767,664
1767,666
1767,758
1767,1011
1767,1013
1767,1245
1767,1781
1768,239
1769,345
1769,431
1769,540
1769,649
1769,907
1769,988
1769,1529
1769,2089
1769,2258
1770,241
1770,1085
1771,241
1771,1085
1772,859
1773,281
1773,428
1773,1919
1773,1930
1774,242
1775,1609
1776,244
1776,537
1776,543
1776,1731
1776,1922
1776,1950
1776,2012
1777,459
1777,510
1777,572
1777,587
1777,775
1777,803
1777,811
1777,1056
1777,1064
1777,1531
1777,1548
1777,1647
1777,1752
1777,2017
1777,2275
1777,2492
1778,583
1778,726
1778,1555
1778,2396
1778,2541
1779,247
1779,1386
1780,250
1780,346
1781,654
1781,667
1781,671
1781,680
1781,698
1781,945
1781,1258
1781,1731
1781,1767
1781,1956
1781,2009
1781,2086
1781,2365
1782,499
1782,540
1782,561
1782,654
1782,664
1782,669
1782,676
1782,677
1782,678
1782,680
1782,685
1782,698
1782,701
1782,736
1782,764
1782,767
1782,936
1782,939
1782,948
1782,1048
1782,1732
1782,1733
1782,2011
1782,2283
1783,654
1783,1304
1783,1308
1783,1372
1783,1571
1783,1635
1784,581
1784,585
1784,694
1784,701
1784,1190
1785,516
1785,525
1785,1080
1785,1221
1785,1308
1785,1338
1785,1359
1785,1562
1785,1846
1785,1908
1785,1979
1785,2150
1785,2172
1786,563
1786,2279
1787,811
1787,1360
1788,284
1788,791
1788,811
1788,1688
1788,1937
1788,2450
1789,1629
1789,2323
1790,681
1790,874
1790,951
1790,2054
1791,1293
1792,623
1792,811
1792,825
1792,874
1792,965
1792,1503
1792,1549
1793,781
1794,699
1794,825
1794,1777
1794,2440
1795,1049
1795,1096
1795,1277
1795,1555
1795,2027
1795,2115
1795,2300
1795,2567
1796,701
1796,965
1796,2027
1797,965
1797,1056
1797,1125
1797,1279
1797,1555
1797,1907
1798,516
1798,1321
1798,1362
1798,1375
1798,1385
1798,1603
1798,1683
1798,2157
1799,391
1799,1554
1799,2081
1800,473
1800,1600
1800,1621
1800,2061
1801,262
1801,576
1801,720
1801,763
1801,950
1801,971
1801,1125
1801,1129
1801,1209
1801,1289
1801,1571
1801,1642
1801,1696
1801,1964
1801,2270
1802,1149
1802,1366
1802,1968
1803,941
1803,1057
1803,1145
1803,1165
1803,1179
1803,1221
1803,1228
1803,1280
1803,1316
1803,1323
1803,1330
1803,1341
1803,1344
1803,1360
1803,1383
1803,1387
1803,1416
1803,1443
1803,1449
1803,1508
1803,1528
1803,1600
1803,1622
1803,1676
1803,1807
1803,1827
1803,1831
1803,1899
1803,1924
1803,1965
1803,1988
1803,2074
1803,2109
1803,2120
1803,2197
1803,2242
1803,2382
1803,2518
1803,2571
1803,2623
1804,590
1804,779
1804,959
1804,966
1804,1110
1804,1210
1804,1215
1804,1234
1804,1274
1804,1318
1804,1326
1804,1334
1804,1390
1804,1415
1804,1565
1804,1570
1804,1592
1804,1623
1804,1697
1804,1805
1804,2122
1804,2353
1804,2493
1805,1143
1805,1274
1805,1672
1806,384
1806,559
1806,1206
1806,1326
1806,1338
1806,1820
1806,1989
1807,1623
1808,2122
1808,2668
1809,779
1809,1141
1809,1144
1809,1354
1809,1496
1809,1579
1809,1814
1809,2185
1809,2408
1809,2573
1810,394
1810,1143
1810,1145
1810,1344
1810,1625
1810,1725
1811,1349
1811,2208
1812,5
1812,409
1812,534
1812,953
1812,1031
1812,1040
1812,1110
1812,1143
1812,1333
1812,1352
1812,1625
1812,1640
1812,1705
1812,2258
1812,2559
1812,2754
1813,494
1813,694
1813,785
1813,1020
1813,1057
1813,1097
1813,1143
1813,1393
1813,1520
1813,1623
1813,1624
1813,1683
1813,2078
1813,2153
1813,2396
1814,941
1814,1179
1814,1212
1814,1306
1814,1359
1814,1834
1815,327
1815,384
1815,394
1815,464
1815,516
1815,531
1815,762
1815,870
1815,941
1815,952
1815,1027
1815,1031
1815,1148
1815,1149
1815,1150
1815,1153
1815,1157
1815,1161
1815,1203
1815,1278
1815,1341
1815,1343
1815,1344
1815,1363
1815,1366
1815,1368
1815,1370
1815,1372
1815,1374
1815,1376
1815,1379
1815,1382
1815,1383
1815,1384
1815,1388
1815,1391
1815,1392
1815,1398
1815,1406
1815,1407
1815,1411
1815,1416
1815,1418
1815,1439
1815,1443
1815,1450
1815,1462
1815,1506
1815,1511
1815,1528
1815,1583
1815,1604
1815,1625
1815,1636
1815,1676
1815,1682
1815,1683
1815,1684
1815,1701
1815,1803
1815,1821
1815,1822
1815,1826
1815,1827
1815,1828
1815,1835
1815,1841
1815,1845
1815,1855
1815,1856
1815,1988
1815,1989
1815,2059
1815,2072
1815,2073
1815,2074
1815,2152
1815,2153
1815,2155
1815,2195
1815,2346
1815,2372
1815,2429
1815,2523
1815,2529
1815,2681
1815,2714
1815,2731
1816,1280
1816,1327
1816,1415
1816,1676
1817,1359
1817,1426
1817,1709
1817,1857
1817,2560
1818,1976
1819,1023
1819,1393
1819,1418
1819,1603
1819,1691
1819,1803
1819,2525
1819,2531
1819,2551
1819,2556
1819,2755
1820,409
1820,702
1820,733
1820,810
1820,906
1820,972
1820,978
1820,1031
1820,1062
1820,1146
1820,1165
1820,1206
1820,1228
1820,1300
1820,1359
1820,1360
1820,1364
1820,1403
1820,1567
1820,1734
1820,1806
1820,1841
1820,2046
1820,2301
1820,2320
1820,2570
1821,1352
1821,1625
1821,1832
1821,1988
1821,2439
1822,583
1822,592
1822,828
1822,1370
1822,1516
1822,1625
1822,1808
1822,1828
1822,1977
1822,2572
1823,136
1823,702
1823,941
1823,1031
1823,1145
1823,1157
1823,1332
1823,1348
1823,1365
1823,1370
1823,1387
1823,1579
1823,1619
1824,1679
1824,2094
1824,2245
1824,2304
1824,2497
1824,2499
1824,2674
1825,1146
1825,1369
1825,1371
1825,2125
1826,473
1826,537
1826,548
1826,555
1826,567
1826,585
1826,623
1826,676
1826,904
1826,969
1826,1031
1826,1059
1826,1121
1826,1148
1826,1190
1826,1269
1826,1292
1826,1327
1826,1341
1826,1345
1826,1372
1826,1406
1826,1407
1826,1416
1826,1449
1826,1497
1826,1620
1826,1635
1826,1679
1826,1797
1826,1815
1826,1889
1826,2152
1826,2154
1826,2302
1826,2356
1827,1349
1827,1370
1827,1602
1827,1712
1827,1803
1827,2125
1827,2528
1828,442
1828,516
1828,1146
1828,1376
1828,1601
1828,1834
1828,1845
1828,1917
1828,2195
1829,384
1829,2245
1830,442
1830,531
1830,1027
1830,1148
1830,1368
1830,1376
1830,1399
1830,1404
1830,1485
1830,1601
1830,1833
1830,2072
1830,2195
1830,2432
1830,2655
1831,963
1831,1145
1831,1635
1831,1803
1831,2126
1832,442
1832,516
1832,873
1832,941
1832,1145
1832,1146
1832,1148
1832,1344
1832,1350
1832,1366
1832,1368
1832,1369
1832,1375
1832,1376
1832,1383
1832,1385
1832,1399
1832,1485
1832,1528
1832,1579
1832,1677
1832,1679
1832,1814
1832,1821
1832,1825
1832,1828
1832,1841
1832,1917
1832,1928
1832,1989
1832,2059
1832,2125
1832,2155
1832,2244
1832,2496
1832,2756
1833,432
1833,437
1833,510
1833,516
1833,781
1833,830
1833,924
1833,1152
1833,1316
1833,1520
1833,1604
1833,1827
1833,2659
1834,253
1834,286
1834,384
1834,464
1834,661
1834,674
1834,687
1834,742
1834,918
1834,1019
1834,1051
1834,1056
1834,1351
1834,1363
1834,1372
1834,1375
1834,1385
1834,1391
1834,1506
1834,1814
1834,1828
1834,1997
1834,2105
1834,2134
1834,2429
1834,2487
1834,2681
1835,247
1835,766
1835,840
1835,1151
1835,1233
1835,1285
1835,1325
1835,1365
1835,1407
1835,1449
1835,1604
1835,1684
1835,1705
1835,1823
1835,2074
1835,2124
1835,2362
1835,2429
1835,2545
1836,1300
1836,1375
1836,1854
1836,2072
1836,2127
1837,940
1837,1337
1838,1148
1838,1359
1838,1365
1838,1375
1838,1511
1838,1623
1839,811
1840,1157
1840,1917
1840,2655
1841,762
1841,1147
1841,1351
1841,1359
1841,1364
1841,1365
1841,1385
1841,1406
1841,1408
1841,1443
1841,1444
1841,1596
1841,1617
1841,1806
1841,1820
1841,1832
1841,1855
1841,1912
1841,1989
1841,2603
1842,1168
1843,1162
1843,1385
1844,833
1844,1408
1844,1451
1844,1854
1844,2200
1844,2371
1845,442
1845,516
1845,1024
1845,1027
1845,1150
1845,1160
1845,1163
1845,1316
1845,1373
1845,1376
1845,1381
1845,1383
1845,1385
1845,1388
1845,1389
1845,1391
1845,1400
1845,1408
1845,1443
1845,1444
1845,1477
1845,1511
1845,1579
1845,1684
1845,1828
1845,1834
1845,1841
1845,2035
1845,2153
1845,2429
1845,2523
1846,390
1846,1051
1846,1144
1846,1150
1846,1151
1846,1157
1846,1161
1846,1203
1846,1278
1846,1297
1846,1340
1846,1345
1846,1355
1846,1376
1846,1388
1846,1391
1846,1400
1846,1402
1846,1406
1846,1418
1846,1422
1846,1426
1846,1439
1846,1444
1846,1449
1846,1450
1846,1453
1846,1477
1846,1505
1846,1506
1846,1511
1846,1677
1846,1710
1846,1730
1846,1778
1846,1804
1846,1833
1846,1834
1846,1841
1846,1844
1846,1849
1846,1851
1846,1854
1846,1859
1846,1870
1846,1899
1846,1917
1846,2035
1846,2042
1846,2043
1846,2164
1846,2165
1846,2176
1846,2177
1846,2196
1846,2371
1846,2412
1846,2445
1846,2577
1846,2589
1846,2600
1847,791
1847,984
1847,1047
1847,1385
1847,1677
1847,2157
1848,1027
1848,1065
1848,1157
1848,1165
1848,1373
1848,1412
1848,1683
1848,1847
1848,1854
1848,2125
1848,2157
1848,2541
1848,2573
1849,1074
1849,1160
1849,1161
1849,1437
1849,1442
1849,1453
1849,1683
1849,2375
1849,2594
1849,2757
1850,1225
1850,1451
1850,1819
1850,1867
1850,1885
1850,2574
1851,442
1851,993
1851,1225
1851,1388
1851,1395
1851,1400
1851,1422
1851,1438
1851,1451
1851,1459
1851,1709
1851,1834
1851,1846
1851,2179
1851,2477
1851,2502
1851,2606
1852,1027
1853,1428
1853,1929
1853,2177
1853,2181
1853,2375
1853,2512
1854,683
1854,1020
1854,1060
1854,1065
1854,1080
1854,1316
1854,1362
1854,1373
1854,1383
1854,1412
1854,1418
1854,1439
1854,1444
1854,1458
1854,1506
1854,1565
1854,1572
1854,1573
1854,1836
1854,1848
1854,1989
1854,2045
1854,2214
1854,2670
1854,2690
1854,2758
1855,918
1855,1007
1855,1169
1855,1173
1855,1383
1855,1388
1855,1402
1855,1413
1855,1433
1855,1435
1855,1452
1855,1468
1855,1481
1855,1511
1855,1633
1855,1636
1855,1680
1855,1683
1855,1709
1855,1849
1855,1862
1855,1887
1855,1889
1855,1896
1855,1917
1855,2035
1855,2125
1855,2161
1855,2162
1855,2165
1855,2185
1855,2502
1855,2625
1856,1021
1856,1074
1856,1142
1856,1150
1856,1157
1856,1173
1856,1344
1856,1374
1856,1386
1856,1391
1856,1418
1856,1428
1856,1435
1856,1446
1856,1458
1856,1579
1856,1730
1856,1778
1856,1803
1856,1814
1856,1815
1856,1865
1856,1872
1856,1878
1856,1886
1856,1900
1856,1924
1856,2062
1856,2181
1856,2185
1856,2397
1856,2408
1856,2489
1856,2562
1856,2609
1856,2686
1856,2704
1856,2729
1857,672
1857,1386
1857,1477
1857,1817
1857,1917
1858,918
1858,1027
1858,1146
1858,1399
1858,1428
1858,1429
1858,1511
1858,1875
1858,2453
1858,2499
1858,2759
1859,1021
1859,1027
1859,1144
1859,1150
1859,1162
1859,1373
1859,1381
1859,1383
1859,1412
1859,1420
1859,1864
1859,1881
1859,2035
1859,2177
1859,2196
1859,2499
1859,2539
1859,2637
1860,1021
1860,1023
1860,1206
1860,1235
1860,1412
1860,1437
1860,1460
1860,1798
1860,1877
1860,1976
1860,2161
1860,2181
1860,2183
1860,2227
1860,2622
1860,2698
1861,823
1861,1683
1861,2689
1862,1460
1862,1481
1862,1860
1862,2045
1862,2508
1862,2615
1863,1899
1864,96
1864,352
1864,825
1864,833
1864,1021
1864,1023
1864,1024
1864,1150
1864,1159
1864,1160
1864,1162
1864,1170
1864,1381
1864,1402
1864,1412
1864,1413
1864,1414
1864,1418
1864,1435
1864,1439
1864,1444
1864,1453
1864,1454
1864,1459
1864,1461
1864,1478
1864,1509
1864,1562
1864,1579
1864,1683
1864,1833
1864,1844
1864,1848
1864,1851
1864,1854
1864,1859
1864,1863
1864,1876
1864,1881
1864,1884
1864,1885
1864,1889
1864,1890
1864,1892
1864,1901
1864,2035
1864,2057
1864,2154
1864,2162
1864,2164
1864,2201
1864,2214
1864,2477
1864,2485
1864,2501
1864,2577
1864,2578
1864,2590
1864,2615
1864,2637
1864,2735
1865,1027
1865,1711
1865,1856
1865,2057
1865,2760
1866,1412
1866,1441
1866,1469
1866,2517
1866,2761
1867,1149
1867,1363
1867,1386
1867,1684
1868,1420
1868,1422
1868,1473
1868,1511
1868,1877
1868,1889
1868,2502
1869,1163
1869,1421
1869,2445
1869,2703
1870,1150
1870,1151
1870,1162
1870,1168
1870,1422
1870,1426
1870,1430
1870,1431
1870,1435
1870,1448
1870,1453
1870,1833
1870,1836
1870,1843
1870,1865
1870,1869
1870,1929
1870,2180
1870,2183
1870,2375
1870,2540
1870,2545
1870,2718
1871,2162
1872,1028
1872,2722
1873,1289
1873,1440
1873,1446
1873,2181
1873,2711
1874,352
1874,1150
1874,1152
1874,1160
1874,1164
1874,1169
1874,1409
1874,1417
1874,1859
1874,1870
1874,1878
1874,2752
1875,1146
1875,1400
1875,1858
1875,1929
1876,1396
1876,2472
1876,2670
1877,1028
1877,1441
1877,2578
1877,2588
1877,2762
1878,352
1878,1074
1878,1160
1878,1161
1878,1170
1878,1442
1878,1448
1878,1450
1878,1453
1878,1456
1878,1458
1878,1470
1878,1562
1878,1882
1878,2375
1878,2425
1878,2487
1878,2562
1878,2574
1878,2649
1878,2666
1878,2675
1878,2761
1879,1470
1879,1882
1879,1884
1879,2610
1880,2185
1880,2576
1881,975
1881,2167
1881,2590
1882,998
1882,1023
1882,1074
1882,1162
1882,1167
1882,1405
1882,1428
1882,1435
1882,1440
1882,1441
1882,1455
1882,1469
1882,1496
1882,1683
1882,1709
1882,1847
1882,1849
1882,1871
1882,1877
1882,1879
1882,1899
1882,1901
1882,2073
1882,2162
1882,2183
1882,2186
1882,2375
1882,2471
1882,2485
1882,2530
1882,2574
1882,2587
1882,2607
1882,2622
1882,2683
1883,1892
1884,2197
1885,998
1885,1023
1885,1152
1885,1172
1885,1459
1885,1464
1885,1468
1885,1474
1885,1850
1885,1873
1885,2045
1885,2167
1885,2502
1885,2675
1885,2689
1886,584
1886,873
1886,1145
1886,1170
1886,1380
1886,1447
1886,1464
1886,1467
1886,1468
1886,1866
1886,1897
1886,2167
1886,2490
1886,2682
1887,1683
1888,1027
1888,1683
1888,1886
1888,2161
1888,2600
1888,2608
1889,473
1889,727
1889,1159
1889,1381
1889,1406
1889,1416
1889,1437
1889,1443
1889,1454
1889,1459
1889,1477
1889,1528
1889,1562
1889,1620
1889,1625
1889,1826
1889,1845
1889,1857
1889,1864
1889,1880
1889,1900
1889,2502
1890,1898
1890,2057
1891,1473
1891,1476
1891,1684
1892,1471
1892,1883
1892,2503
1892,2651
1892,2737
1893,1469
1893,1478
1893,1481
1893,1888
1893,2591
1893,2618
1894,1886
1895,693
1895,998
1895,1173
1895,1446
1895,1450
1895,1528
1895,2185
1896,1481
1896,1892
1896,2604
1896,2618
1897,1446
1897,1481
1897,1898
1897,1900
1898,1455
1898,1459
1898,1469
1898,1474
1898,1478
1898,1896
1898,1897
1898,2624
1898,2745
1899,516
1899,1023
1899,1151
1899,1161
1899,1361
1899,1414
1899,1440
1899,1454
1899,1625
1899,1803
1899,1863
1899,2161
1899,2196
1899,2373
1899,2397
1899,2576
1899,2589
1899,2598
1899,2652
1899,2672
1900,998
1900,1140
1900,1160
1900,1165
1900,1172
1900,1380
1900,1419
1900,1435
1900,1450
1900,1452
1900,1453
1900,1461
1900,1466
1900,1469
1900,1478
1900,1862
1900,1882
1900,1889
1900,1897
1900,1898
1900,1901
1900,2165
1900,2167
1900,2184
1900,2489
1900,2537
1900,2590
1900,2596
1901,1480
1901,1481
1901,1881
1901,1882
1901,1896
1901,1898
1901,2503
1902,1146
1902,1161
1902,1165
1902,1166
1902,1357
1902,1379
1902,1383
1902,1402
1902,1417
1902,1435
1902,1440
1902,1450
1902,1451
1902,1454
1902,1458
1902,1471
1902,1480
1902,1482
1902,1562
1902,1620
1902,1636
1902,1689
1902,1828
1902,1858
1902,1898
1902,1917
1902,2185
1902,2401
1902,2506
1902,2599
1902,2608
1902,2649
1903,1172
1903,1313
1903,1452
1903,1455
1903,1463
1903,1471
1903,1473
1903,1474
1903,1478
1903,1480
1903,1709
1903,1893
1903,1899
1903,2615
1904,301
1904,746
1904,1038
1904,1187
1904,1240
1904,2378
1905,259
1906,259
1907,262
1907,396
1907,582
1907,763
1907,783
1907,803
1907,813
1907,1059
1907,1077
1907,1555
1907,1634
1907,1797
1907,1921
1908,262
1908,525
1908,980
1908,1078
1908,1212
1908,1274
1908,1676
1908,1752
1909,25
1909,145
1909,190
1909,245
1909,289
1909,341
1909,356
1909,489
1909,529
1909,648
1909,781
1909,853
1909,908
1909,1138
1910,281
1910,615
1910,853
1910,1185
1910,1655
1911,283
1911,292
1911,338
1911,428
1911,767
1911,851
1911,940
1911,1644
1912,273
1912,442
1912,516
1912,563
1912,817
1912,1225
1912,1373
1912,1383
1912,1388
1912,1406
1912,1416
1912,1443
1912,1528
1912,1680
1912,1841
1912,1847
1912,2073
1912,2126
1913,273
1913,743
1913,825
1913,927
1913,2054
1914,273
1914,650
1914,757
1914,934
1914,1670
1914,1915
1914,2004
1915,273
1915,757
1915,934
1915,1002
1915,1048
1915,1091
1915,1914
1915,2763
1916,274
1916,463
1916,537
1916,569
1916,585
1916,1114
1916,1118
1916,1219
1916,1300
1916,1567
1916,1577
1916,1578
1917,96
1917,352
1917,442
1917,473
1917,640
1917,683
1917,833
1917,873
1917,918
1917,941
1917,1021
1917,1027
1917,1150
1917,1157
1917,1163
1917,1165
1917,1166
1917,1168
1917,1171
1917,1172
1917,1179
1917,1225
1917,1313
1917,1362
1917,1365
1917,1374
1917,1381
1917,1383
1917,1388
1917,1389
1917,1393
1917,1402
1917,1404
1917,1406
1917,1429
1917,1433
1917,1435
1917,1442
1917,1448
1917,1454
1917,1455
1917,1458
1917,1461
1917,1462
1917,1464
1917,1465
1917,1470
1917,1471
1917,1473
1917,1475
1917,1477
1917,1479
1917,1480
1917,1481
1917,1511
1917,1528
1917,1562
1917,1579
1917,1603
1917,1623
1917,1684
1917,1701
1917,1798
1917,1828
1917,1840
1917,1852
1917,1863
1917,1865
1917,1871
1917,1880
1917,1882
1917,1883
1917,1887
1917,1889
1917,1894
1917,1895
1917,1896
1917,1897
1917,1899
1917,1902
1917,1903
1917,1929
1917,1960
1917,2092
1917,2162
1917,2183
1917,2257
1917,2300
1917,2401
1917,2503
1917,2504
1917,2540
1917,2556
1917,2584
1917,2585
1917,2600
1917,2609
1917,2610
1917,2637
1917,2692
1917,2764
1918,300
1918,382
1918,608
1919,429
1919,845
1919,908
1919,1773
1920,352
1920,848
1921,525
1921,965
1921,1689
1921,1907
1921,2026
1922,1776
1923,442
1923,473
1923,971
1923,1143
1923,1149
1923,1151
1923,1158
1923,1165
1923,1285
1923,1316
1923,1341
1923,1357
1923,1364
1923,1372
1923,1373
1923,1384
1923,1394
1923,1404
1923,1406
1923,1416
1923,1443
1923,1461
1923,1562
1923,1623
1923,1624
1923,1625
1923,1677
1923,1844
1923,1848
1923,1875
1923,1887
1923,1928
1923,2246
1923,2586
1923,2655
1924,1143
1924,1363
1924,1369
1924,1373
1924,1376
1924,1383
1924,1385
1924,1638
1924,1676
1924,1803
1925,640
1925,984
1925,1342
1925,1349
1925,1369
1925,1375
1925,1378
1925,1385
1925,1410
1925,1602
1925,1728
1925,2128
1925,2193
1925,2696
1926,1143
1926,1145
1926,1369
1926,1927
1927,1165
1927,1341
1927,1359
1927,1404
1927,1624
1928,464
1928,531
1928,873
1928,1333
1928,1346
1928,1350
1928,1352
1928,1415
1928,1505
1928,1625
1928,1858
1928,1923
1928,2128
1928,2472
1928,2570
1929,531
1929,655
1929,998
1929,1150
1929,1161
1929,1168
1929,1169
1929,1400
1929,1406
1929,1427
1929,1428
1929,1435
1929,1511
1929,1562
1929,1623
1929,1711
1929,1843
1929,1853
1929,1875
1929,1917
1929,2155
1929,2162
1929,2164
1929,2202
1929,2375
1929,2545
1929,2585
1930,282
1930,747
1930,857
1930,861
1930,897
1930,1773
1931,47
1931,283
1931,490
1931,592
1931,593
1931,596
1931,604
1931,610
1931,1056
1931,2082
1931,2765
1932,283
1932,911
1933,283
1933,367
1933,550
1933,1199
1933,2105
1934,286
1934,660
1934,672
1934,745
1934,1003
1934,1007
1935,287
1936,583
1936,774
1936,779
1936,811
1936,898
1937,811
1937,984
1937,1788
1937,2448
1937,2766
1938,963
1938,1567
1938,1989
1939,299
1939,415
1939,605
1939,769
1939,1088
1939,1993
1940,299
1940,501
1940,663
1940,826
1941,300
1942,300
1942,505
1943,61
1943,301
1943,414
1943,489
1943,543
1943,552
1943,565
1943,913
1943,945
1943,1001
1943,1581
1943,1669
1943,1732
1943,1751
1944,600
1944,602
1945,352
1945,424
1946,320
1946,653
1946,925
1946,1075
1946,1080
1946,1125
1946,1212
1946,1226
1946,1299
1946,1572
1946,1752
1946,2346
1946,2382
1947,971
1947,1078
1947,1285
1948,794
1948,1125
1949,322
1949,431
1949,1039
1950,733
1950,1776
1950,2012
1951,2250
1952,733
1953,289
1953,570
1953,575
1953,726
1953,762
1953,783
1953,810
1953,821
1953,941
1953,1075
1953,1228
1953,1281
1953,1348
1953,1555
1953,1610
1953,1619
1953,1637
1953,1671
1953,1913
1953,2074
1953,2115
1953,2205
1954,286
1954,364
1954,544
1954,959
1954,2090
1954,2283
1954,2439
1955,768
1955,2220
1956,463
1956,541
1956,618
1956,671
1956,676
1956,1091
1956,1693
1956,1781
1957,671
1957,1059
1957,1061
1957,1783
1957,2567
1958,766
1959,538
1959,623
1959,681
1959,1635
1959,2439
1960,688
1960,1552
1960,1730
1961,800
1961,950
1961,1111
1961,1279
1961,1619
1961,1795
1961,2147
1961,2191
1961,2254
1961,2286
1962,581
1962,1060
1962,1066
1962,1127
1962,1211
1962,1221
1962,1561
1962,1572
1962,1573
1963,772
1963,940
1963,1116
1963,1967
1964,472
1964,763
1964,820
1964,825
1964,940
1964,953
1964,958
1964,1234
1964,1335
1964,1555
1964,1699
1964,1752
1964,1801
1964,1976
1964,2054
1964,2117
1965,934
1965,945
1965,1330
1965,1335
1965,1565
1965,1572
1965,1573
1965,1600
1965,1803
1965,1967
1965,2316
1965,2469
1965,2479
1965,2560
1966,1504
1966,1543
1966,1572
1966,1573
1966,1594
1966,2119
1967,588
1967,593
1967,779
1967,973
1967,1116
1967,1211
1967,1231
1967,1274
1967,1318
1967,1333
1967,1335
1967,1353
1967,1361
1967,1571
1967,1584
1967,1588
1967,1594
1967,1598
1967,1600
1967,1672
1967,1699
1967,1963
1967,1965
1967,1968
1967,1985
1967,2412
1967,2479
1968,1274
1968,1318
1968,1322
1968,1637
1968,1672
1968,1802
1968,1967
1969,510
1969,547
1969,659
1969,680
1969,827
1969,898
1969,1048
1969,2012
1970,11
1971,463
1971,811
1971,1647
1971,2222
1972,1983
1973,1693
1974,578
1974,971
1974,1101
1974,1227
1974,1234
1974,1300
1974,1309
1974,1320
1974,1534
1974,1592
1974,1598
1974,1678
1975,1080
1976,352
1976,882
1976,1140
1976,1352
1976,1676
1976,1725
1976,2084
1976,2122
1976,2164
1977,2122
1977,2150
1978,464
1978,1365
1978,1369
1978,2126
1979,762
1979,842
1979,1027
1979,1047
1979,1141
1979,1326
1979,1340
1979,1352
1979,1353
1979,1365
1979,1369
1979,1372
1979,1415
1979,1556
1979,1562
1979,1623
1979,1725
1979,1927
1979,2572
1980,418
1980,845
1981,499
1981,765
1981,799
1981,2145
1982,684
1982,687
1982,720
1982,765
1982,771
1982,870
1982,939
1982,1097
1982,1693
1982,1725
1982,2402
1983,575
1983,583
1983,584
1983,795
1983,796
1983,803
1983,1138
1983,1972
1983,2296
1984,1216
1984,1223
1985,840
1985,973
1985,1297
1985,1318
1985,1319
1985,1322
1985,1500
1985,1503
1985,1600
1985,1625
1985,1800
1985,1967
1985,2171
1985,2528
1986,511
1986,555
1986,573
1986,652
1986,761
1986,802
1986,819
1986,937
1986,1058
1986,1061
1986,1206
1986,1288
1986,1296
1986,1307
1986,1374
1986,1434
1986,1583
1986,1617
1986,1636
1986,1653
1986,1753
1986,2657
1987,1676
1988,581
1988,818
1988,1352
1988,1508
1988,1556
1988,1593
1988,1623
1988,1624
1988,1676
1988,1821
1988,2413
1989,588
1989,802
1989,838
1989,941
1989,951
1989,1031
1989,1047
1989,1139
1989,1146
1989,1148
1989,1206
1989,1269
1989,1306
1989,1313
1989,1345
1989,1404
1989,1506
1989,1561
1989,1567
1989,1573
1989,1702
1989,1806
1989,1835
1989,1854
1989,1938
1990,110
1990,723
1990,1491
1990,2257
1991,556
1991,660
1991,716
1991,807
1991,1723
1992,2289
1993,439
1993,2068
1994,299
1994,404
1994,1204
1995,848
1996,347
1996,994
1997,541
1997,746
1997,915
1998,593
1998,618
1998,675
1998,2498
1999,924
2000,996
2001,596
2001,875
2002,615
2003,110
2003,640
2003,715
2003,756
2003,999
2003,1194
2004,236
2004,663
2004,1914
2005,931
2005,936
2005,1731
2006,1009
2006,1090
2006,1525
2006,1713
2007,666
2007,667
2007,668
2007,670
2007,671
2007,672
2007,696
2007,733
2007,759
2007,945
2007,1013
2007,1781
2007,2009
2007,2256
2008,2392
2009,463
2009,546
2009,676
2009,695
2009,1526
2009,1781
2009,2007
2009,2086
2010,663
2011,671
2011,675
2011,681
2011,936
2011,1782
2012,499
2012,510
2012,537
2012,540
2012,549
2012,551
2012,650
2012,741
2012,934
2012,943
2012,1088
2012,1776
2012,1950
2012,2052
2012,2136
2013,566
2013,764
2013,1002
2013,1048
2013,1688
2013,2402
2014,666
2014,689
2014,735
2015,811
2015,1497
2015,2232
2016,682
2016,698
2016,764
2016,940
2016,944
2016,1175
2016,1200
2016,1490
2016,1527
2016,1542
2016,2046
2016,2058
2017,680
2017,685
2017,688
2017,690
2017,1048
2017,2113
2018,575
2018,674
2018,767
2018,772
2018,816
2018,913
2018,947
2018,1175
2019,337
2019,436
2020,2082
2021,888
2021,1194
2021,1493
2022,106
2022,296
2023,218
2024,889
2025,343
2025,463
2025,647
2025,676
2025,680
2025,739
2025,758
2025,987
2025,1019
2025,1529
2025,2250
2026,1052
2026,1921
2027,548
2027,560
2027,562
2027,583
2027,780
2027,795
2027,813
2027,814
2027,816
2027,874
2027,876
2027,944
2027,953
2027,1096
2027,1206
2027,1215
2027,1229
2027,1336
2027,1551
2027,1637
2027,1693
2027,1795
2027,1796
2027,2054
2028,1049
2028,1061
2028,1116
2028,2461
2029,1052
2029,2254
2029,2418
2029,2768
2030,1116
2031,961
2031,1111
2031,1558
2031,2462
2032,945
2033,347
2033,672
2033,934
2033,1732
2033,2231
2034,347
2034,541
2034,552
2035,833
2035,1021
2035,1023
2035,1027
2035,1149
2035,1150
2035,1157
2035,1316
2035,1399
2035,1418
2035,1439
2035,1510
2035,1589
2035,1603
2035,1845
2035,1875
2035,1899
2035,1929
2035,2043
2035,2125
2035,2177
2035,2196
2035,2637
2035,2677
2036,229
2036,356
2036,602
2036,612
2036,999
2036,1744
2036,2769
2037,356
2037,428
2037,609
2037,870
2037,908
2038,581
2038,589
2038,665
2038,701
2038,765
2038,913
2038,947
2038,1200
2038,1734
2039,356
2039,623
2039,726
2039,1650
2040,356
2040,663
2041,1374
2042,2670
2042,2770
2043,1708
2044,2551
2045,1140
2045,1854
2045,1862
2045,1885
2046,291
2046,446
2046,464
2046,544
2046,564
2046,585
2046,620
2046,622
2046,687
2046,690
2046,692
2046,698
2046,703
2046,814
2046,828
2046,878
2046,913
2046,941
2046,978
2046,1101
2046,1109
2046,1165
2046,1206
2046,1273
2046,1341
2046,1352
2046,1357
2046,1359
2046,1361
2046,1365
2046,1404
2046,1542
2046,1568
2046,1604
2046,1623
2046,1676
2046,1734
2046,1806
2046,1820
2046,1841
2046,1982
2046,2016
2046,2204
2046,2264
2047,373
2048,434
2048,547
2048,1010
2048,1200
2048,1526
2048,2012
2049,702
2049,1097
2050,130
2050,200
2050,364
2050,573
2050,758
2050,762
2050,1606
2051,342
2051,406
2052,2012
2053,472
2053,516
2053,803
2053,811
2053,942
2053,965
2053,1105
2053,1116
2053,1298
2053,1637
2053,2062
2053,2064
2053,2439
2053,2567
2054,560
2054,683
2054,720
2054,803
2054,810
2054,825
2054,942
2054,953
2054,1066
2054,1096
2054,1109
2054,1130
2054,1228
2054,1281
2054,1293
2054,1581
2054,1693
2054,1790
2054,1791
2054,1913
2054,1964
2054,2027
2054,2287
2054,2418
2054,2460
2055,242
2055,290
2055,432
2055,472
2055,581
2055,726
2055,825
2055,830
2055,925
2055,1059
2055,1115
2055,1118
2055,1212
2055,1213
2055,2205
2055,2254
2055,2261
2056,483
2057,1074
2057,1709
2057,1731
2057,1865
2057,2125
2057,2372
2057,2771
2058,561
2058,671
2058,701
2058,769
2058,947
2058,978
2058,1520
2058,1526
2058,2016
2058,2138
2058,2232
2059,572
2059,687
2059,1326
2059,1392
2059,1556
2059,1624
2059,2696
2060,510
2060,542
2060,561
2060,572
2060,581
2060,608
2060,679
2060,680
2060,685
2060,731
2060,763
2060,781
2060,796
2060,820
2060,913
2060,1195
2060,1693
2060,1754
2060,2084
2060,2353
2060,2514
2061,803
2061,927
2061,953
2061,977
2061,1101
2061,1284
2061,1298
2061,1633
2061,1637
2061,1800
2061,2084
2062,965
2062,1116
2062,1333
2062,1551
2062,1596
2062,2053
2063,940
2063,1226
2063,1582
2063,1635
2064,566
2064,695
2064,763
2064,968
2064,1056
2064,1258
2064,2053
2064,2132
2064,2460
2064,2478
2065,371
2066,436
2066,448
2066,482
2066,483
2067,106
2067,1142
2067,1678
2068,382
2068,465
2068,1993
2069,382
2070,383
2071,807
2072,384
2072,1377
2072,1485
2072,1601
2072,1830
2072,1836
2073,384
2073,531
2073,567
2073,811
2073,1359
2073,1365
2073,1415
2073,1622
2073,2071
2074,384
2074,762
2074,792
2074,810
2074,819
2074,941
2074,1027
2074,1054
2074,1059
2074,1206
2074,1228
2074,1293
2074,1311
2074,1343
2074,1348
2074,1383
2074,1387
2074,1394
2074,1464
2074,1477
2074,1498
2074,1610
2074,1679
2074,1699
2074,1706
2074,1711
2074,1803
2074,1818
2074,1831
2074,1858
2074,1917
2074,1953
2074,2152
2074,2246
2075,1040
2076,385
2076,505
2076,561
2076,2291
2076,2320
2077,660
2077,758
2078,674
2078,696
2078,720
2078,808
2078,811
2078,1813
2079,2179
2079,2534
2079,2772
2080,1842
2081,1078
2081,1616
2082,1188
2082,2220
2083,573
2083,581
2083,741
2083,769
2083,781
2083,896
2084,575
2084,2275
2085,591
2085,803
2085,889
2085,1059
2085,1061
2085,1275
2085,1520
2085,1540
2085,1543
2085,1696
2085,2053
2085,2232
2085,2254
2085,2278
2085,2295
2085,2439
2085,2548
2086,472
2086,560
2086,564
2086,570
2086,579
2086,637
2086,666
2086,671
2086,675
2086,681
2086,687
2086,782
2086,802
2086,805
2086,818
2086,920
2086,928
2086,936
2086,953
2086,965
2086,1054
2086,1090
2086,1094
2086,1095
2086,1233
2086,1281
2086,1781
2086,2009
2086,2113
2086,2147
2086,2773
2087,567
2087,1289
2087,1600
2087,2305
2088,963
2088,1289
2088,1293
2088,1370
2089,607
2089,649
2089,663
2089,740
2089,756
2089,807
2089,872
2089,923
2089,946
2089,986
2089,1769
2089,2133
2090,547
2090,662
2090,924
2091,518
2091,672
2091,1003
2092,433
2092,463
2092,537
2092,676
2092,1917
2092,2257
2093,411
2093,1017
2094,864
2094,1824
2094,2499
2095,67
2096,537
2096,658
2096,1799
2096,2081
2096,2774
2097,1659
2098,450
2099,859
2100,723
2101,605
2102,471
2102,604
2102,605
2103,1517
2104,1039
2105,1933
2106,539
2106,554
2106,2497
2107,1003
2108,470
2108,903
2109,791
2109,1027
2109,1342
2109,1370
2109,1374
2109,1375
2109,1395
2109,1680
2109,1681
2109,1819
2109,1892
2109,2501
2109,2523
2109,2534
2109,2535
2109,2623
2110,506
2111,1735
2112,878
2113,688
2113,1048
2113,1215
2113,2017
2114,687
2114,764
2114,1097
2115,570
2115,953
2115,1338
2115,2394
2116,1566
2117,927
2117,1049
2117,1114
2117,1127
2117,1213
2117,1964
2118,1210
2119,1966
2119,2561
2120,1672
2120,2122
2120,2479
2121,1093
2121,1625
2121,2459
2121,2679
2122,1312
2122,1503
2122,1672
2122,1725
2122,1808
2122,1976
2122,1977
2122,2120
2122,2348
2122,2479
2122,2668
2123,828
2124,2586
2125,640
2125,1359
2125,1375
2125,1410
2125,1510
2125,1831
2125,2248
2126,301
2126,1145
2126,1148
2126,1340
2126,1677
2126,1831
2126,1866
2126,1928
2126,2496
2127,962
2127,1065
2127,1143
2127,1147
2127,1273
2127,1365
2127,1371
2127,1372
2127,1375
2127,1405
2127,1591
2127,1680
2127,1728
2127,1834
2127,1836
2127,1839
2127,2072
2127,2128
2128,1149
2128,1347
2128,1369
2128,1375
2128,1404
2128,1602
2128,1680
2128,1681
2128,1724
2128,1928
2128,2059
2129,406
2129,415
2129,487
2129,609
2129,610
2129,1034
2130,423
2130,1187
2131,559
2131,830
2131,1040
2132,527
2132,550
2132,642
2132,712
2132,987
2132,2064
2133,286
2133,861
2133,999
2133,2089
2133,2420
2134,537
2134,661
2134,758
2135,2510
2136,446
2136,1731
2136,2012
2136,2236
2137,1783
2138,1013
2138,1048
2138,1732
2138,2058
2138,2387
2139,537
2139,589
2139,1074
2140,433
2140,1006
2141,510
2142,459
2143,940
2143,1427
2144,605
2145,433
2145,435
2145,459
2145,542
2145,550
2145,667
2145,744
2145,1487
2145,2268
2145,2390
2146,277
2146,897
2146,989
2146,1672
2147,1961
2148,510
2148,764
2148,1049
2148,1056
2149,2424
2150,1977
2150,2396
2150,2561
2151,1681
2151,1960
2152,521
2152,1149
2152,1327
2152,1346
2152,1370
2152,1384
2152,1679
2152,2382
2153,1020
2153,1680
2153,1813
2154,1140
2154,1362
2154,1461
2154,1473
2154,1475
2154,1476
2154,1478
2154,2353
2154,2401
2154,2425
2154,2476
2155,1150
2155,1511
2155,1855
2155,1924
2156,345
2156,746
2156,1062
2156,1693
2156,2054
2156,2286
2156,2372
2156,2547
2157,1383
2157,1388
2157,1454
2157,1798
2157,1847
2157,2429
2158,441
2158,1241
2159,301
2159,767
2159,825
2159,1333
2159,1340
2159,1623
2159,1925
2159,2335
2160,249
2160,1293
2160,1987
2160,2094
2161,727
2161,1025
2161,1165
2161,1447
2161,1849
2161,1862
2161,1888
2161,1892
2161,1893
2161,1899
2161,2165
2161,2373
2161,2401
2161,2597
2161,2688
2161,2735
2162,1056
2162,1709
2162,1871
2162,1882
2163,1431
2163,1478
2163,1480
2164,1023
2164,1440
2164,1446
2164,1929
2164,2183
2164,2454
2164,2551
2165,693
2165,1057
2165,1448
2165,1459
2165,1709
2165,2161
2165,2179
2165,2181
2165,2183
2165,2371
2166,2775
2167,1028
2167,1152
2167,1162
2167,1169
2167,1383
2167,1432
2167,1440
2167,1464
2167,1683
2167,1878
2167,1881
2167,1886
2167,2160
2167,2201
2167,2503
2167,2573
2167,2580
2167,2590
2167,2612
2167,2683
2168,449
2169,448
2169,450
2169,483
2169,636
2170,1623
2171,1350
2171,1352
2171,1411
2171,1625
2172,1728
2173,390
2173,464
2173,918
2173,941
2173,952
2173,969
2173,1027
2173,1151
2173,1330
2173,1333
2173,1343
2173,1344
2173,1357
2173,1377
2173,1384
2173,1386
2173,1403
2173,1406
2173,1415
2173,1458
2173,1498
2173,1625
2173,1641
2173,1828
2173,1834
2173,1841
2173,2059
2173,2184
2173,2195
2173,2246
2173,2445
2173,2545
2173,2618
2173,2637
2174,1023
2174,2372
2174,2453
2175,702
2175,1458
2175,2526
2176,588
2176,2752
2177,1391
2177,2180
2178,1224
2178,2227
2179,2079
2179,2375
2179,2489
2179,2648
2180,833
2180,1150
2180,1428
2180,1603
2180,1870
2180,2177
2180,2534
2181,791
2181,1167
2181,1853
2181,1873
2181,2373
2181,2711
2181,2722
2182,2545
2183,1023
2183,2164
2183,2492
2183,2703
2184,1446
2185,353
2185,531
2185,833
2185,1028
2185,1063
2185,1074
2185,1140
2185,1152
2185,1159
2185,1161
2185,1165
2185,1168
2185,1170
2185,1171
2185,1173
2185,1264
2185,1380
2185,1396
2185,1402
2185,1435
2185,1440
2185,1441
2185,1442
2185,1446
2185,1448
2185,1450
2185,1452
2185,1453
2185,1455
2185,1458
2185,1459
2185,1461
2185,1464
2185,1466
2185,1467
2185,1468
2185,1469
2185,1470
2185,1471
2185,1474
2185,1475
2185,1476
2185,1478
2185,1480
2185,1481
2185,1482
2185,1528
2185,1683
2185,1847
2185,1849
2185,1862
2185,1863
2185,1871
2185,1873
2185,1876
2185,1878
2185,1880
2185,1881
2185,1882
2185,1884
2185,1885
2185,1886
2185,1888
2185,1889
2185,1890
2185,1891
2185,1892
2185,1893
2185,1894
2185,1895
2185,1897
2185,1898
2185,1899
2185,1900
2185,1901
2185,1903
2185,2161
2185,2164
2185,2165
2185,2167
2185,2181
2185,2186
2185,2202
2185,2316
2185,2401
2185,2477
2185,2490
2185,2503
2185,2504
2185,2506
2185,2508
2185,2537
2185,2583
2185,2584
2185,2587
2185,2589
2185,2591
2185,2593
2185,2595
2185,2600
2185,2603
2185,2611
2185,2615
2185,2617
2185,2623
2185,2626
2185,2645
2185,2649
2185,2701
2185,2707
2185,2708
2185,2713
2185,2723
2185,2735
2185,2757
2185,2771
2186,1882
2187,1473
2187,2671
2188,1898
2189,1415
2189,1552
2189,1578
2190,576
2191,463
2191,968
2191,1961
2192,1027
2192,1352
2192,1397
2192,1623
2192,1839
2192,2125
2193,521
2193,1342
2193,1359
2193,1925
2194,973
2194,1127
2194,1313
2194,1362
2194,1395
2194,1410
2194,1834
2194,2208
2194,2488
2194,2664
2195,1107
2195,1148
2195,1511
2195,1596
2195,1679
2196,870
2196,918
2196,1237
2196,1326
2196,1362
2196,1414
2196,1592
2196,1680
2196,1709
2196,1859
2196,1887
2196,2177
2196,2178
2196,2227
2196,2671
2196,2776
2197,433
2197,1144
2197,1362
2197,1407
2197,1409
2197,1412
2197,1468
2197,1472
2197,1623
2197,1855
2197,2243
2197,2529
2197,2588
2197,2684
2197,2742
2198,1023
2198,1680
2198,2199
2199,1170
2199,1172
2199,1468
2199,2198
2199,2777
2200,2523
2201,1472
2201,2167
2201,2579
2202,1603
2202,1929
2202,2199
2202,2397
2202,2611
2202,2777
2203,555
2204,472
2204,940
2204,1552
2204,2379
2205,472
2205,534
2205,564
2205,720
2205,809
2205,810
2205,826
2205,965
2205,1060
2205,1096
2205,1277
2205,1496
2205,1635
2205,1795
2205,2055
2206,446
2206,1712
2206,2336
2207,2460
2207,2779
2208,414
2208,473
2208,650
2208,653
2208,655
2208,681
2208,702
2208,703
2208,906
2208,927
2208,951
2208,1061
2208,1106
2208,1116
2208,1349
2208,1635
2208,1689
2208,1693
2208,1705
2208,1811
2208,2309
2209,1564
2210,1285
2211,1060
2211,1573
2212,957
2212,972
2212,1031
2212,1093
2212,1179
2212,1623
2212,1680
2212,1803
2212,1809
2212,2340
2213,952
2213,1333
2213,1338
2213,1621
2213,2288
2213,2316
2213,2500
2214,1854
2214,1864
2214,2574
2215,616
2215,1015
2215,2231
2216,484
2217,296
2217,408
2217,561
2217,652
2217,895
2218,676
2219,670
2219,1091
2220,757
2220,1955
2221,539
2221,578
2221,943
2221,1048
2222,1971
2223,506
2223,777
2224,561
2224,1581
2225,548
2225,572
2225,575
2225,586
2225,870
2225,954
2225,1504
2225,2275
2226,1039
2227,495
2227,1146
2227,1420
2227,1710
2227,2178
2228,495
2228,830
2228,996
2228,2427
2229,836
2230,737
2231,499
2231,672
2231,757
2231,893
2231,934
2231,1001
2231,1007
2231,1013
2231,1015
2231,1258
2231,1259
2231,2033
2231,2215
2232,583
2232,587
2232,772
2232,947
2232,1734
2232,2015
2232,2058
2232,2085
2232,2290
2232,2780
2232,2781
2233,350
2233,505
2233,1177
2234,506
2235,772
2236,2136
2236,2778
2237,1733
2238,573
2238,581
2238,764
2238,769
2238,1195
2238,1982
2239,510
2239,511
2239,555
2239,572
2239,691
2239,760
2239,779
2239,837
2239,943
2239,979
2239,1048
2239,1670
2240,289
2240,343
2240,511
2240,570
2240,573
2240,907
2240,983
2240,1108
2240,1179
2240,1610
2241,516
2241,990
2241,1238
2241,1326
2241,1338
2241,1344
2241,1359
2241,1372
2241,1623
2241,1677
2241,1803
2241,1804
2241,1988
2241,1989
2241,2150
2241,2173
2241,2243
2241,2353
2241,2474
2241,2660
2242,516
2242,802
2242,1332
2242,1346
2242,1359
2242,1365
2242,1803
2243,2197
2244,1146
2245,516
2245,1375
2245,1386
2245,1447
2245,2429
2245,2497
2245,2499
2245,2674
2246,1373
2246,2670
2247,518
2248,1149
2249,771
2250,1951
2250,2025
2251,531
2251,564
2251,573
2251,581
2251,703
2251,781
2251,870
2251,925
2251,954
2251,1014
2251,1150
2251,1151
2251,1325
2251,1408
2251,1468
2251,1474
2251,1528
2251,1581
2251,1623
2251,1709
2251,1819
2251,1848
2251,1861
2251,2128
2251,2138
2251,2162
2251,2164
2251,2180
2251,2197
2251,2304
2251,2445
2251,2454
2251,2538
2251,2594
2251,2698
2251,2723
2252,1116
2252,1125
2253,726
2253,820
2253,1056
2254,548
2254,731
2254,774
2254,803
2254,806
2254,970
2254,1049
2254,1061
2254,1099
2254,1107
2254,1119
2254,1127
2254,1283
2254,1289
2254,1519
2254,1561
2254,1563
2254,1961
2254,2029
2254,2055
2254,2064
2254,2085
2254,2339
2254,2352
2254,2361
2254,2418
2255,822
2255,934
2255,1056
2255,1066
2255,1077
2255,1118
2255,1127
2255,1565
2255,1752
2255,2396
2256,537
2256,675
2256,749
2256,757
2256,759
2256,1011
2256,1013
2256,1092
2256,1222
2256,2007
2257,640
2257,799
2257,908
2257,1522
2257,1917
2257,1990
2257,2065
2257,2092
2258,540
2258,907
2258,1769
2258,2559
2259,695
2260,931
2261,2055
2262,540
2262,668
2262,733
2262,934
2262,978
2262,1568
2263,564
2263,697
2263,769
2263,804
2264,28
2264,581
2264,769
2264,939
2265,676
2266,970
2266,1064
2266,1125
2266,1631
2266,1689
2266,2254
2266,2300
2266,2303
2267,1013
2267,1277
2267,1552
2268,1306
2268,2145
2269,552
2270,1222
2270,1232
2270,1635
2270,1801
2271,1930
2272,556
2273,795
2274,876
2275,562
2275,569
2275,575
2275,775
2275,804
2275,807
2275,1647
2275,1777
2275,2084
2275,2225
2275,2277
2276,564
2276,654
2276,927
2276,1195
2276,1732
2277,2275
2277,2290
2278,567
2278,581
2278,586
2278,590
2278,726
2278,783
2278,923
2278,965
2278,1066
2278,1127
2278,1211
2278,1270
2278,1288
2278,1338
2278,1531
2278,1552
2278,1704
2278,1766
2278,1961
2278,2145
2278,2326
2278,2395
2279,566
2279,568
2279,693
2279,906
2279,1527
2279,1786
2279,2038
2279,2767
2280,568
2280,769
2281,568
2281,578
2282,568
2283,406
2283,568
2283,569
2283,584
2283,637
2283,683
2283,726
2283,794
2283,811
2283,925
2283,942
2283,954
2283,962
2283,965
2283,1190
2284,569
2285,569
2285,782
2286,570
2286,585
2286,820
2286,1233
2286,1961
2287,570
2287,2054
2288,571
2288,581
2288,2073
2288,2415
2288,2782
2289,575
2289,803
2289,1992
2290,572
2290,2232
2290,2277
2291,654
2291,757
2291,759
2291,1005
2291,2076
2292,2150
2292,2396
2293,581
2294,1541
2295,569
2295,954
2295,1062
2296,811
2296,1175
2296,1983
2297,568
2297,575
2297,580
2297,583
2297,587
2297,795
2298,583
2298,726
2298,801
2298,924
2298,1015
2298,1983
2298,2409
2299,583
2299,1222
2299,1690
2300,1795
2301,1206
2301,1324
2302,1066
2302,2630
2303,2266
2303,2462
2304,2499
2305,567
2305,963
2305,1061
2305,1066
2305,1111
2305,1120
2305,1564
2305,2087
2305,2361
2306,1293
2306,1691
2306,1693
2307,950
2307,1211
2307,1214
2307,1300
2307,2331
2308,1610
2309,472
2309,588
2309,653
2309,809
2309,819
2309,1127
2309,1211
2309,1320
2309,1567
2309,1725
2309,2208
2309,2313
2310,588
2310,1226
2310,1588
2310,2352
2311,590
2311,838
2311,1169
2311,2401
2312,1209
2312,1229
2312,1317
2312,1338
2312,1385
2312,1469
2312,2396
2313,655
2313,1060
2313,1232
2313,1274
2313,1300
2313,1335
2313,1338
2313,1571
2313,1596
2313,1651
2313,2783
2314,1312
2314,1501
2314,2313
2314,2494
2315,588
2315,1224
2315,1309
2315,1326
2315,1329
2315,1346
2315,1407
2315,1504
2315,1590
2315,1593
2315,1594
2315,1858
2315,2314
2316,1503
2317,516
2317,818
2317,1325
2317,1333
2317,1338
2317,1341
2317,1398
2317,1642
2317,1677
2317,1976
2318,1448
2318,1623
2318,2609
2319,432
2319,908
2319,1025
2319,1039
2319,1149
2319,1200
2319,1398
2319,1512
2319,2318
2319,2423
2320,1392
2320,1820
2320,2076
2320,2411
2320,2500
2320,2659
2321,668
2321,1507
2322,816
2323,575
2324,576
2325,583
2326,825
2326,1584
2326,2278
2326,2402
2327,561
2327,664
2327,811
2327,1693
2328,563
2329,951
2329,1053
2329,1062
2329,1080
2329,1130
2329,1213
2329,1302
2329,1647
2329,1697
2329,1704
2330,588
2330,772
2330,804
2330,963
2330,1066
2330,1116
2330,1127
2330,1130
2330,1216
2330,1370
2330,1566
2330,1752
2331,588
2331,825
2331,1209
2331,1230
2331,1233
2331,1297
2331,1315
2331,2307
2332,699
2332,1584
2333,590
2334,598
2335,2159
2336,614
2336,615
2336,743
2336,911
2336,918
2336,2206
2337,1014
2337,1743
2337,2091
2338,939
2338,1272
2339,2254
2340,1112
2340,1116
2340,1120
2340,1289
2340,1367
2340,1801
2341,1111
2342,1699
2343,1211
2344,1121
2344,1209
2344,2566
2345,897
2345,1112
2346,1297
2346,1946
2346,2496
2347,965
2348,1312
2348,1950
2348,2122
2349,1212
2350,1222
2350,2557
2351,1224
2351,1589
2352,9
2352,1066
2352,1274
2352,2254
2353,702
2353,1142
2353,1143
2353,1234
2353,1320
2353,1321
2353,1346
2353,1572
2353,1573
2353,1592
2353,1593
2353,1673
2353,1733
2353,1804
2353,2154
2353,2286
2353,2383
2353,2421
2354,588
2354,1326
2354,1593
2354,2254
2355,1335
2355,1543
2355,1625
2356,1151
2356,1312
2356,1338
2356,1804
2356,1826
2357,998
2357,1157
2357,1682
2357,2761
2358,618
2359,618
2360,702
2360,820
2360,1055
2361,472
2361,575
2361,965
2361,1061
2361,1095
2361,1107
2361,1112
2361,1229
2361,1274
2361,2030
2361,2254
2361,2305
2361,2461
2362,822
2362,1103
2362,1130
2362,1213
2362,1217
2362,1223
2362,1504
2363,1211
2363,1213
2363,1689
2364,13
2364,635
2365,1015
2365,1781
2366,1138
2367,687
2368,965
2369,965
2369,1637
2370,2487
2371,1023
2371,1173
2371,1220
2371,1386
2371,1463
2371,2372
2372,918
2372,1170
2372,1172
2372,1395
2372,1431
2372,1432
2372,1453
2372,1459
2372,2057
2372,2125
2372,2174
2372,2371
2372,2512
2372,2578
2373,2181
2374,1023
2374,1162
2375,1074
2375,1167
2375,1170
2375,1171
2375,1173
2375,1278
2375,1426
2375,1428
2375,1438
2375,1442
2375,1452
2375,1453
2375,1457
2375,1469
2375,1475
2375,1709
2375,1847
2375,1849
2375,1853
2375,1871
2375,1876
2375,1878
2375,1882
2375,1929
2375,2043
2375,2045
2375,2161
2375,2164
2375,2179
2375,2182
2375,2183
2375,2184
2375,2201
2375,2371
2375,2503
2375,2576
2375,2587
2375,2597
2375,2611
2375,2649
2375,2710
2375,2784
2376,640
2376,1429
2376,2155
2376,2429
2377,648
2377,781
2378,1904
2378,2257
2379,2330
2380,446
2381,1315
2381,1573
2381,1586
2382,655
2382,791
2382,809
2382,966
2382,1236
2382,1326
2382,1355
2382,1449
2382,1528
2382,1797
2382,1803
2382,1946
2382,2152
2382,2623
2383,1572
2383,2314
2383,2353
2384,786
2384,1312
2385,581
2385,1777
2386,299
2386,353
2386,449
2386,659
2386,827
2386,914
2386,2330
2387,663
2387,680
2387,2138
2388,930
2389,668
2389,764
2390,2145
2391,1001
2392,672
2392,1768
2392,2008
2393,672
2394,927
2394,1338
2394,2115
2395,1074
2395,1216
2395,1642
2396,1778
2396,2150
2396,2255
2397,1048
2397,1179
2397,1393
2397,1402
2397,1453
2397,1511
2397,1680
2397,1706
2397,2020
2397,2202
2397,2538
2397,2545
2397,2608
2398,2623
2399,1157
2399,1316
2399,1362
2399,1400
2399,1439
2399,1680
2399,1706
2399,1728
2399,1816
2399,1925
2399,2072
2399,2157
2400,1216
2400,1335
2400,1379
2400,1451
2400,1511
2401,998
2401,1168
2401,1173
2401,1478
2401,2161
2402,698
2402,763
2402,1002
2402,1013
2402,1566
2402,1752
2402,1982
2402,2013
2402,2326
2403,684
2403,764
2403,925
2403,938
2403,1326
2403,1573
2404,1074
2404,1233
2404,1274
2404,1315
2404,1572
2405,689
2406,435
2406,695
2406,706
2406,1015
2406,1954
2406,2743
2407,991
2407,999
2407,1003
2407,1523
2408,547
2408,980
2408,1395
2408,1668
2408,2582
2409,650
2409,906
2409,940
2410,693
2411,1308
2411,2413
2411,2522
2412,1117
2412,1236
2412,1967
2413,1312
2413,2411
2413,2564
2413,2642
2414,703
2414,1274
2414,1987
2414,2479
2415,1143
2415,1148
2415,2288
2416,1027
2416,1363
2417,779
2417,1039
2418,808
2418,825
2418,2029
2418,2054
2418,2786
2419,1009
2419,1215
2420,982
2421,950
2421,1066
2421,1141
2421,1209
2421,1210
2421,1220
2421,1308
2421,2353
2422,552
2422,743
2423,581
2423,1647
2424,1229
2424,2149
2425,1164
2425,1917
2425,2545
2425,2547
2425,2706
2426,1314
2426,1965
2427,2228
2428,752
2429,2245
2429,2497
2430,654
2430,756
2430,1713
2431,2426
2432,2431
2433,764
2433,1008
2433,1539
2434,765
2435,769
2436,772
2436,1116
2436,1274
2436,1516
2437,772
2437,1540
2438,774
2438,1125
2438,1635
2439,823
2439,1056
2439,1959
2439,2085
2440,781
2440,1109
2440,1794
2441,1588
2442,569
2442,1541
2443,239
2444,650
2444,783
2444,927
2444,965
2444,1117
2444,1127
2444,1531
2445,918
2445,1165
2445,1440
2445,1446
2445,1869
2445,2162
2446,548
2447,1590
2447,1987
2448,786
2449,2567
2450,593
2450,811
2450,984
2450,1788
2450,1937
2451,941
2451,1373
2451,1375
2451,1616
2451,2195
2452,1164
2453,69
2453,833
2453,1140
2453,1395
2453,1428
2453,1439
2453,1531
2453,1709
2453,2400
2453,2757
2454,791
2454,1166
2454,2634
2455,791
2455,825
2455,2181
2455,2373
2456,795
2456,811
2457,1776
2458,940
2458,965
2459,1678
2459,2121
2460,1056
2460,1699
2460,2054
2460,2064
2460,2207
2461,1056
2461,1075
2461,1112
2461,2028
2462,976
2462,2031
2462,2787
2463,809
2463,1216
2464,654
2464,999
2465,813
2465,959
2466,1593
2466,2316
2467,973
2467,1060
2467,1572
2467,1573
2468,1592
2468,2469
2468,2644
2469,973
2469,1335
2469,1358
2469,1965
2469,2468
2470,1145
2470,1341
2470,1407
2470,1556
2470,1753
2471,1349
2471,2119
2471,2494
2471,2654
2472,1801
2472,1876
2473,817
2473,1323
2473,2470
2474,1143
2474,1349
2474,1355
2474,1593
2474,2623
2475,1418
2475,1851
2476,1422
2476,1455
2476,2197
2477,918
2477,1225
2477,1418
2477,2615
2478,964
2478,965
2478,1056
2478,1281
2478,1555
2478,2064
2478,2254
2478,2521
2479,239
2479,828
2479,1116
2479,1117
2479,1317
2479,1338
2479,1965
2479,1967
2479,2120
2479,2122
2479,2414
2479,2565
2479,2782
2480,939
2481,678
2481,820
2481,942
2481,1104
2481,1116
2481,1229
2481,1550
2482,1696
2483,1081
2483,1285
2483,1588
2484,825
2484,950
2484,961
2484,1209
2484,1635
2485,662
2485,2777
2486,1458
2487,1363
2487,1367
2487,1370
2487,1623
2487,1682
2487,1878
2487,2370
2488,1363
2488,1556
2489,2179
2489,2492
2490,1435
2490,1886
2491,1683
2492,1777
2492,2183
2492,2489
2492,2788
2493,1078
2493,1220
2493,1222
2493,1232
2493,1587
2493,1752
2494,2471
2495,859
2496,2126
2496,2346
2496,2640
2497,1349
2497,1635
2497,1824
2497,2106
2497,2245
2497,2429
2498,345
2498,897
2498,1998
2499,1337
2499,1447
2499,1824
2499,2245
2499,2304
2499,2545
2499,2674
2500,1308
2500,1925
2500,2320
2501,1149
2501,1157
2501,1375
2501,2529
2502,2637
2502,2726
2503,1164
2503,1455
2503,1464
2503,1469
2504,918
2504,1023
2504,1143
2504,1165
2504,1428
2504,1452
2504,1455
2504,1478
2504,1929
2504,2371
2504,2429
2504,2508
2504,2540
2504,2585
2504,2615
2504,2637
2504,2676
2505,2723
2506,1480
2507,2608
2507,2624
2508,1171
2508,1396
2508,1482
2508,1893
2508,2186
2508,2201
2508,2599
2508,2652
2509,569
2509,913
2510,1013
2510,1048
2510,2135
2511,2789
2512,918
2512,1853
2513,1240
2514,930
2515,873
2515,939
2516,2373
2517,2675
2517,2715
2518,1333
2519,971
2520,963
2521,965
2521,1281
2521,2478
2522,1308
2522,1333
2522,1551
2522,1593
2522,2411
2523,1157
2523,1385
2523,1393
2523,2200
2524,1410
2525,1225
2525,1676
2526,69
2526,533
2527,1678
2528,1827
2529,1706
2530,1437
2530,1438
2530,1683
2530,1709
2530,2790
2531,1022
2531,1819
2531,2591
2531,2764
2532,1627
2533,1014
2533,1284
2534,1015
2534,2079
2534,2655
2534,2791
2535,1023
2535,1375
2536,1023
2537,1900
2537,2489
2538,1026
2539,1027
2540,1170
2540,1448
2540,1709
2540,1730
2540,1870
2540,1917
2540,2062
2541,384
2541,590
2541,1163
2541,1314
2541,1965
2541,1989
2542,1037
2543,1642
2543,2623
2544,1623
2544,1831
2545,1870
2545,1929
2545,2182
2546,1049
2547,758
2547,1059
2547,2156
2548,2085
2549,1573
2549,2747
2550,1752
2551,1225
2551,2792
2552,1076
2553,1078
2554,908
2554,1078
2555,1359
2556,1511
2556,1819
2556,2714
2556,2755
2557,1081
2557,1377
2557,1588
2557,2350
2558,1081
2559,1812
2559,2258
2560,1232
2560,1817
2560,1965
2561,2119
2561,2150
2561,2658
2561,2661
2562,1143
2562,2604
2563,2368
2564,1329
2564,1337
2564,2413
2565,2479
2566,825
2566,1121
2566,2344
2567,1581
2567,1637
2567,1795
2567,2053
2567,2449
2568,1144
2568,1383
2568,2770
2569,1147
2569,1387
2569,1410
2569,1624
2570,1145
2570,1604
2570,1820
2570,1928
2570,2655
2571,1363
2571,1978
2572,1149
2573,1157
2573,1160
2573,1432
2573,1623
2573,1854
2573,1893
2573,2167
2573,2197
2573,2597
2573,2607
2573,2717
2574,1166
2574,1878
2574,1882
2575,390
2575,1021
2575,1023
2575,1150
2575,1151
2575,1160
2575,1161
2575,1412
2575,1418
2575,1468
2575,1478
2575,1479
2575,1528
2575,1834
2575,1843
2575,1849
2575,1850
2575,1859
2575,1864
2575,1876
2575,2045
2575,2161
2575,2162
2575,2372
2575,2429
2575,2501
2575,2512
2575,2573
2575,2622
2575,2648
2575,2655
2576,2375
2577,1440
2577,1446
2577,1450
2577,1470
2578,1877
2579,2201
2580,1162
2581,1153
2581,2652
2582,1395
2583,2167
2584,1450
2584,1471
2585,1883
2585,1898
2585,1899
2585,2167
2586,1708
2586,2124
2586,2758
2587,1166
2587,1170
2587,1440
2587,1446
2587,2181
2587,2710
2587,2711
2588,1160
2588,1383
2588,1877
2588,1898
2588,1929
2588,2042
2588,2583
2588,2604
2588,2623
2589,1459
2589,1469
2590,1464
2590,1468
2590,1881
2590,2167
2591,1480
2591,1893
2592,1162
2592,2733
2593,1162
2593,1470
2594,2727
2595,1167
2595,1847
2595,2161
2595,2602
2595,2607
2596,2578
2596,2794
2597,1459
2598,1481
2598,1892
2598,1899
2598,2602
2598,2613
2598,2795
2598,2796
2599,1170
2599,2508
2599,2727
2600,1455
2600,1468
2600,1709
2600,1888
2600,2707
2601,1473
2602,2598
2603,823
2603,1381
2603,1420
2603,1444
2603,1482
2603,1834
2603,1877
2603,2162
2603,2196
2603,2684
2603,2718
2604,1896
2605,2797
2606,1426
2606,1446
2606,2717
2607,1167
2607,2373
2608,218
2608,2585
2608,2609
2609,1344
2609,2202
2609,2608
2610,1460
2611,1170
2611,1428
2611,1438
2611,2202
2612,2167
2612,2201
2613,1474
2614,1172
2614,2508
2614,2797
2615,1482
2615,1903
2615,2477
2616,1173
2616,1480
2616,1481
2616,1711
2616,2705
2616,2723
2617,1455
2618,1173
2618,1463
2618,1464
2618,1481
2618,1888
2618,1892
2618,1893
2618,1896
2618,1898
2618,1917
2618,2188
2618,2723
2618,2745
2618,2798
2619,2683
2620,1456
2621,1381
2621,1396
2621,1445
2621,2689
2621,2799
2622,1882
2623,1056
2623,1427
2623,2109
2623,2382
2624,1898
2624,2507
2625,1469
2625,1711
2625,1896
2625,2371
2626,1898
2626,2615
2626,2745
2627,1207
2628,1212
2628,1504
2628,1572
2628,1752
2629,1214
2630,1214
2630,2302
2631,1214
2631,1480
2632,1055
2632,1217
2632,1978
2633,1216
2633,1223
2633,1226
2633,1366
2634,2454
2635,1706
2636,1039
2637,1623
2637,2502
2638,1234
2639,1074
2639,1150
2639,1373
2639,1409
2639,1418
2639,1444
2639,2295
2640,2496
2641,1278
2642,1326
2642,1333
2642,1407
2642,1408
2642,1623
2642,1705
2642,2384
2642,2413
2643,1503
2644,655
2644,1501
2644,1572
2644,1672
2644,2441
2645,918
2645,1161
2645,1168
2645,1427
2645,1428
2645,1435
2645,1451
2645,1458
2645,1929
2645,2185
2645,2425
2645,2656
2646,1289
2647,825
2647,1563
2648,2179
2649,1421
2649,1878
2649,2375
2650,283
2650,2105
2651,1892
2651,2551
2651,2800
2652,1480
2652,1481
2652,1705
2652,1899
2652,2502
2652,2581
2652,2764
2653,499
2653,671
2653,918
2653,1321
2654,1326
2654,2471
2654,2494
2655,1149
2655,1351
2655,1361
2655,1370
2655,1485
2655,1840
2655,2072
2655,2570
2655,2571
2656,374
2656,1388
2656,1679
2656,1684
2656,2214
2656,2488
2656,2538
2656,2624
2656,2645
2657,951
2657,1117
2657,1160
2657,1396
2657,1418
2657,1428
2657,1435
2657,1437
2657,1445
2657,1471
2657,1844
2657,1863
2657,1878
2657,1898
2657,2180
2657,2185
2657,2371
2657,2613
2658,2561
2659,531
2659,1375
2659,1386
2659,1388
2659,1511
2659,1623
2659,1682
2659,1729
2659,1833
2659,2172
2659,2320
2659,2655
2660,2353
2661,2561
2662,1347
2662,1507
2663,1350
2664,1150
2664,1357
2664,1359
2664,1623
2665,327
2665,1638
2666,1333
2666,1359
2666,1410
2666,1623
2666,1897
2666,1917
2666,2618
2666,2677
2667,1642
2668,1642
2668,1808
2668,2122
2669,1678
2670,1854
2670,1876
2670,2042
2670,2246
2671,1373
2671,1680
2671,2187
2671,2196
2672,1899
2673,1776
2674,2245
2675,1885
2675,2517
2676,1383
2676,1593
2676,2504
2677,1966
2678,1206
2678,1297
2678,1854
2678,2459
2679,2121
2680,1504
2680,1623
2680,2793
2681,1374
2681,1834
2681,2687
2682,1709
2682,1886
2683,2425
2684,918
2684,1706
2684,2197
2685,1150
2685,1325
2685,1708
2685,1844
2685,2371
2685,2534
2686,1151
2686,1409
2686,2045
2686,2576
2687,2681
2688,908
2689,2621
2690,1278
2690,1854
2691,1173
2692,1413
2692,1917
2693,1414
2694,229
2694,324
2694,390
2694,404
2694,510
2694,578
2694,596
2694,621
2694,781
2694,837
2694,840
2694,963
2694,1039
2694,1209
2694,1233
2694,1343
2694,1438
2694,1635
2694,1684
2694,1723
2694,1831
2694,1866
2694,2610
2695,1381
2696,2059
2697,247
2697,918
2697,952
2697,1025
2697,1386
2697,1388
2697,1511
2697,1679
2698,1150
2698,1151
2698,1388
2698,1454
2698,1707
2698,1708
2698,1854
2698,2702
2699,918
2699,1170
2699,1440
2699,1447
2699,1453
2699,1454
2699,1456
2699,1469
2699,1476
2699,1709
2699,1834
2699,1878
2699,2167
2699,2425
2699,2502
2699,2544
2699,2545
2699,2649
2699,2710
2700,1683
2701,1476
2701,2165
2702,1708
2702,2698
2703,2183
2704,2043
2705,1471
2706,1152
2706,2425
2706,2539
2707,2600
2707,2777
2708,1231
2709,2373
2710,1440
2710,2181
2710,2373
2711,1440
2711,2181
2712,1892
2712,2197
2712,2801
2713,1892
2714,1157
2714,1388
2714,1511
2714,2556
2715,2373
2715,2517
2716,1446
2717,1448
2717,2606
2718,1710
2719,1152
2719,1395
2719,1809
2719,1878
2719,2319
2719,2408
2719,2429
2720,1898
2720,2227
2720,2429
2721,1460
2722,1465
2722,1872
2722,2181
2723,2505
2723,2531
2723,2602
2724,1468
2724,1482
2725,2623
2726,2502
2727,2599
2728,459
2728,1496
2729,1508
2730,1510
2731,1511
2732,1069
2733,2592
2734,2501
2735,1459
2735,1461
2735,1891
2735,1893
2736,2618
2737,1474
2737,1623
2737,1892
2738,1480
2738,1887
2739,1898
2739,2502
2739,2705
2740,1531
2741,1799
2741,2145
2742,1460
2742,1684
2742,2197
2743,1588
2743,1796
2744,1621
2745,1898
2745,2184
2745,2626
2746,1637
2747,1212
2747,1649
2747,2549
2748,1653
2749,1674
2749,2771
2750,1677
2751,2164
2752,1854
2752,2176
2752,2693
2753,1752
2754,1812
2755,1819
2755,2556
2756,1359
2757,1849
2758,1854
2759,1684
2760,1865
2761,1866
2762,1877
2762,1893
2763,1915
2764,2508
2764,2531
2765,448
2765,1911
2766,1937
2767,2279
2767,2785
2768,2029
2769,715
2769,2036
2769,2389
2770,2568
2771,2057
2771,2183
2772,2079
2773,1233
2773,1689
2773,2086
2774,2096
2775,2162
2775,2166
2776,904
2777,2198
2777,2199
2778,2236
2779,2207
2780,769
2780,2232
2781,2232
2782,2479
2783,2313
2784,2375
2785,2767
2786,2418
2787,2462
2788,2489
2788,2492
2789,1496
2789,2511
2790,1898
2790,2531
2791,2534
2792,2551
2793,2591
2794,2596
2795,2401
2795,2598
2796,2598
2797,2614
2798,2618
2799,2621
2800,2651
2801,1882
2801,2604
2801,2712
